#! 
:ivl_version "14.0 (devel)" "(s20251012-140-gf5a178d47-dirty)";
:ivl_delay_selection "TYPICAL";
:vpi_time_precision - 12;
:vpi_module "C:\Users\beade\APIO~1\packages\OSS-CA~1\lib\ivl\system.vpi";
:vpi_module "C:\Users\beade\APIO~1\packages\OSS-CA~1\lib\ivl\vhdl_sys.vpi";
:vpi_module "C:\Users\beade\APIO~1\packages\OSS-CA~1\lib\ivl\vhdl_textio.vpi";
:vpi_module "C:\Users\beade\APIO~1\packages\OSS-CA~1\lib\ivl\v2005_math.vpi";
:vpi_module "C:\Users\beade\APIO~1\packages\OSS-CA~1\lib\ivl\va_math.vpi";
:vpi_module "C:\Users\beade\APIO~1\packages\OSS-CA~1\lib\ivl\v2009.vpi";
S_000002475ad91690 .scope package, "$unit" "$unit" 2 1;
 .timescale 0 0;
S_000002475ad8b220 .scope module, "ICESTORM_LC" "ICESTORM_LC" 3 2136;
 .timescale -12 -12;
    .port_info 0 /INPUT 1 "I0";
    .port_info 1 /INPUT 1 "I1";
    .port_info 2 /INPUT 1 "I2";
    .port_info 3 /INPUT 1 "I3";
    .port_info 4 /INPUT 1 "CIN";
    .port_info 5 /INPUT 1 "CLK";
    .port_info 6 /INPUT 1 "CEN";
    .port_info 7 /INPUT 1 "SR";
    .port_info 8 /OUTPUT 1 "LO";
    .port_info 9 /OUTPUT 1 "O";
    .port_info 10 /OUTPUT 1 "COUT";
P_000002475ae05c40 .param/l "ASYNC_SR" 0 3 2148, C4<0>;
P_000002475ae05c78 .param/l "CARRY_ENABLE" 0 3 2145, C4<0>;
P_000002475ae05cb0 .param/l "CIN_CONST" 0 3 2150, C4<0>;
P_000002475ae05ce8 .param/l "CIN_SET" 0 3 2151, C4<0>;
P_000002475ae05d20 .param/l "DFF_ENABLE" 0 3 2146, C4<0>;
P_000002475ae05d58 .param/l "LUT_INIT" 0 3 2142, C4<0000000000000000>;
P_000002475ae05d90 .param/l "NEG_CLK" 0 3 2144, C4<0>;
P_000002475ae05dc8 .param/l "SET_NORESET" 0 3 2147, C4<0>;
o000002475af700e8 .functor BUFZ 1, c4<z>; HiZ drive
L_000002475af4db70 .functor BUFZ 1, o000002475af700e8, C4<0>, C4<0>, C4<0>;
L_000002475af4e510 .functor BUFZ 1, L_000002475afe34d0, C4<0>, C4<0>, C4<0>;
o000002475af70118 .functor BUFZ 1, c4<z>; HiZ drive
L_000002475afe6580 .functor BUFT 1, C4<0>, C4<0>, C4<0>, C4<0>;
L_000002475af4d390 .functor XOR 1, o000002475af70118, L_000002475afe6580, C4<0>, C4<0>;
L_000002475af4cec0 .functor BUFZ 1, L_000002475afe34d0, C4<0>, C4<0>, C4<0>;
o000002475af70088 .functor BUFZ 1, c4<z>; HiZ drive
v000002475af17990_0 .net "CEN", 0 0, o000002475af70088;  0 drivers
v000002475af15cd0_0 .net "CEN_pu", 0 0, L_000002475afe2a30;  1 drivers
v000002475af173f0_0 .net "CIN", 0 0, o000002475af700e8;  0 drivers
v000002475af16db0_0 .net "CLK", 0 0, o000002475af70118;  0 drivers
L_000002475afe64a8 .functor BUFT 1, C4<x>, C4<0>, C4<0>, C4<0>;
v000002475af16a90_0 .net "COUT", 0 0, L_000002475afe64a8;  1 drivers
o000002475af70178 .functor BUFZ 1, c4<z>; HiZ drive
v000002475af16bd0_0 .net "I0", 0 0, o000002475af70178;  0 drivers
v000002475af15d70_0 .net "I0_pd", 0 0, L_000002475afe1f90;  1 drivers
o000002475af701d8 .functor BUFZ 1, c4<z>; HiZ drive
v000002475af16e50_0 .net "I1", 0 0, o000002475af701d8;  0 drivers
v000002475af170d0_0 .net "I1_pd", 0 0, L_000002475afe2fd0;  1 drivers
o000002475af70238 .functor BUFZ 1, c4<z>; HiZ drive
v000002475af15f50_0 .net "I2", 0 0, o000002475af70238;  0 drivers
v000002475af15ff0_0 .net "I2_pd", 0 0, L_000002475afe23f0;  1 drivers
o000002475af70298 .functor BUFZ 1, c4<z>; HiZ drive
v000002475af17490_0 .net "I3", 0 0, o000002475af70298;  0 drivers
v000002475af01460_0 .net "I3_pd", 0 0, L_000002475afe14f0;  1 drivers
v000002475af016e0_0 .net "LO", 0 0, L_000002475af4e510;  1 drivers
v000002475af00060_0 .net "O", 0 0, L_000002475af4cec0;  1 drivers
o000002475af70358 .functor BUFZ 1, c4<z>; HiZ drive
v000002475af01820_0 .net "SR", 0 0, o000002475af70358;  0 drivers
v000002475af004c0_0 .net "SR_pd", 0 0, L_000002475afe1e50;  1 drivers
o000002475af703b8 .functor BUFZ 1, c4<z>; HiZ drive
; Elide local net with no drivers, v000002475aeffac0_0 name=_ivl_0
v000002475af00420_0 .net *"_ivl_10", 0 0, L_000002475afe27b0;  1 drivers
L_000002475afe6340 .functor BUFT 1, C4<0>, C4<0>, C4<0>, C4<0>;
v000002475af006a0_0 .net/2u *"_ivl_12", 0 0, L_000002475afe6340;  1 drivers
o000002475af70448 .functor BUFZ 1, c4<z>; HiZ drive
; Elide local net with no drivers, v000002475aecc930_0 name=_ivl_16
v000002475aecd150_0 .net *"_ivl_18", 0 0, L_000002475afe3750;  1 drivers
v000002475aecb7b0_0 .net *"_ivl_2", 0 0, L_000002475afdfb50;  1 drivers
L_000002475afe6388 .functor BUFT 1, C4<0>, C4<0>, C4<0>, C4<0>;
v000002475aecd290_0 .net/2u *"_ivl_20", 0 0, L_000002475afe6388;  1 drivers
o000002475af70508 .functor BUFZ 1, c4<z>; HiZ drive
; Elide local net with no drivers, v000002475aeccc50_0 name=_ivl_24
v000002475aeccd90_0 .net *"_ivl_26", 0 0, L_000002475afe2c10;  1 drivers
L_000002475afe63d0 .functor BUFT 1, C4<0>, C4<0>, C4<0>, C4<0>;
v000002475aea7a80_0 .net/2u *"_ivl_28", 0 0, L_000002475afe63d0;  1 drivers
o000002475af70598 .functor BUFZ 1, c4<z>; HiZ drive
; Elide local net with no drivers, v000002475af6adb0_0 name=_ivl_32
v000002475af6b850_0 .net *"_ivl_34", 0 0, L_000002475afe1c70;  1 drivers
L_000002475afe6418 .functor BUFT 1, C4<0>, C4<0>, C4<0>, C4<0>;
v000002475af6a950_0 .net/2u *"_ivl_36", 0 0, L_000002475afe6418;  1 drivers
L_000002475afe62f8 .functor BUFT 1, C4<0>, C4<0>, C4<0>, C4<0>;
v000002475af6aa90_0 .net/2u *"_ivl_4", 0 0, L_000002475afe62f8;  1 drivers
o000002475af70658 .functor BUFZ 1, c4<z>; HiZ drive
; Elide local net with no drivers, v000002475af6a630_0 name=_ivl_40
v000002475af6a770_0 .net *"_ivl_42", 0 0, L_000002475afe1b30;  1 drivers
L_000002475afe6460 .functor BUFT 1, C4<1>, C4<0>, C4<0>, C4<0>;
v000002475af6b3f0_0 .net/2u *"_ivl_44", 0 0, L_000002475afe6460;  1 drivers
L_000002475afe64f0 .functor BUFT 1, C4<00000000>, C4<0>, C4<0>, C4<0>;
v000002475af6bdf0_0 .net/2u *"_ivl_52", 7 0, L_000002475afe64f0;  1 drivers
L_000002475afe6538 .functor BUFT 1, C4<00000000>, C4<0>, C4<0>, C4<0>;
v000002475af6b490_0 .net/2u *"_ivl_54", 7 0, L_000002475afe6538;  1 drivers
v000002475af6b170_0 .net *"_ivl_59", 3 0, L_000002475afe3250;  1 drivers
v000002475af6b0d0_0 .net *"_ivl_61", 3 0, L_000002475afe18b0;  1 drivers
v000002475af6b530_0 .net *"_ivl_65", 1 0, L_000002475afe2ad0;  1 drivers
v000002475af6b2b0_0 .net *"_ivl_67", 1 0, L_000002475afe1450;  1 drivers
v000002475af6b210_0 .net *"_ivl_71", 0 0, L_000002475afe3110;  1 drivers
v000002475af6b8f0_0 .net *"_ivl_73", 0 0, L_000002475afe2f30;  1 drivers
v000002475af6a9f0_0 .net/2u *"_ivl_78", 0 0, L_000002475afe6580;  1 drivers
o000002475af70898 .functor BUFZ 1, c4<z>; HiZ drive
; Elide local net with no drivers, v000002475af6bad0_0 name=_ivl_8
v000002475af6bcb0_0 .net "lut_o", 0 0, L_000002475afe34d0;  1 drivers
v000002475af6ab30_0 .net "lut_s1", 1 0, L_000002475afe1ef0;  1 drivers
v000002475af6a810_0 .net "lut_s2", 3 0, L_000002475afe2b70;  1 drivers
v000002475af6b5d0_0 .net "lut_s3", 7 0, L_000002475afe13b0;  1 drivers
v000002475af6ba30_0 .net "mux_cin", 0 0, L_000002475af4db70;  1 drivers
v000002475af6ac70_0 .var "o_reg", 0 0;
v000002475af6bb70_0 .var "o_reg_async", 0 0;
v000002475af6bf30_0 .net "polarized_clk", 0 0, L_000002475af4d390;  1 drivers
E_000002475af40b40 .event posedge, v000002475af004c0_0, v000002475af6bf30_0;
E_000002475af40cc0 .event posedge, v000002475af6bf30_0;
L_000002475afdfb50 .cmp/eeq 1, o000002475af70178, o000002475af703b8;
L_000002475afe1f90 .functor MUXZ 1, o000002475af70178, L_000002475afe62f8, L_000002475afdfb50, C4<>;
L_000002475afe27b0 .cmp/eeq 1, o000002475af701d8, o000002475af70898;
L_000002475afe2fd0 .functor MUXZ 1, o000002475af701d8, L_000002475afe6340, L_000002475afe27b0, C4<>;
L_000002475afe3750 .cmp/eeq 1, o000002475af70238, o000002475af70448;
L_000002475afe23f0 .functor MUXZ 1, o000002475af70238, L_000002475afe6388, L_000002475afe3750, C4<>;
L_000002475afe2c10 .cmp/eeq 1, o000002475af70298, o000002475af70508;
L_000002475afe14f0 .functor MUXZ 1, o000002475af70298, L_000002475afe63d0, L_000002475afe2c10, C4<>;
L_000002475afe1c70 .cmp/eeq 1, o000002475af70358, o000002475af70598;
L_000002475afe1e50 .functor MUXZ 1, o000002475af70358, L_000002475afe6418, L_000002475afe1c70, C4<>;
L_000002475afe1b30 .cmp/eeq 1, o000002475af70088, o000002475af70658;
L_000002475afe2a30 .functor MUXZ 1, o000002475af70088, L_000002475afe6460, L_000002475afe1b30, C4<>;
L_000002475afe13b0 .functor MUXZ 8, L_000002475afe6538, L_000002475afe64f0, L_000002475afe14f0, C4<>;
L_000002475afe3250 .part L_000002475afe13b0, 4, 4;
L_000002475afe18b0 .part L_000002475afe13b0, 0, 4;
L_000002475afe2b70 .functor MUXZ 4, L_000002475afe18b0, L_000002475afe3250, L_000002475afe23f0, C4<>;
L_000002475afe2ad0 .part L_000002475afe2b70, 2, 2;
L_000002475afe1450 .part L_000002475afe2b70, 0, 2;
L_000002475afe1ef0 .functor MUXZ 2, L_000002475afe1450, L_000002475afe2ad0, L_000002475afe2fd0, C4<>;
L_000002475afe3110 .part L_000002475afe1ef0, 1, 1;
L_000002475afe2f30 .part L_000002475afe1ef0, 0, 1;
L_000002475afe34d0 .functor MUXZ 1, L_000002475afe2f30, L_000002475afe3110, L_000002475afe1f90, C4<>;
S_000002475accb5a0 .scope module, "ICESTORM_RAM" "ICESTORM_RAM" 3 3167;
 .timescale -12 -12;
    .port_info 0 /OUTPUT 1 "RDATA_15";
    .port_info 1 /OUTPUT 1 "RDATA_14";
    .port_info 2 /OUTPUT 1 "RDATA_13";
    .port_info 3 /OUTPUT 1 "RDATA_12";
    .port_info 4 /OUTPUT 1 "RDATA_11";
    .port_info 5 /OUTPUT 1 "RDATA_10";
    .port_info 6 /OUTPUT 1 "RDATA_9";
    .port_info 7 /OUTPUT 1 "RDATA_8";
    .port_info 8 /OUTPUT 1 "RDATA_7";
    .port_info 9 /OUTPUT 1 "RDATA_6";
    .port_info 10 /OUTPUT 1 "RDATA_5";
    .port_info 11 /OUTPUT 1 "RDATA_4";
    .port_info 12 /OUTPUT 1 "RDATA_3";
    .port_info 13 /OUTPUT 1 "RDATA_2";
    .port_info 14 /OUTPUT 1 "RDATA_1";
    .port_info 15 /OUTPUT 1 "RDATA_0";
    .port_info 16 /INPUT 1 "RCLK";
    .port_info 17 /INPUT 1 "RCLKE";
    .port_info 18 /INPUT 1 "RE";
    .port_info 19 /INPUT 1 "RADDR_10";
    .port_info 20 /INPUT 1 "RADDR_9";
    .port_info 21 /INPUT 1 "RADDR_8";
    .port_info 22 /INPUT 1 "RADDR_7";
    .port_info 23 /INPUT 1 "RADDR_6";
    .port_info 24 /INPUT 1 "RADDR_5";
    .port_info 25 /INPUT 1 "RADDR_4";
    .port_info 26 /INPUT 1 "RADDR_3";
    .port_info 27 /INPUT 1 "RADDR_2";
    .port_info 28 /INPUT 1 "RADDR_1";
    .port_info 29 /INPUT 1 "RADDR_0";
    .port_info 30 /INPUT 1 "WCLK";
    .port_info 31 /INPUT 1 "WCLKE";
    .port_info 32 /INPUT 1 "WE";
    .port_info 33 /INPUT 1 "WADDR_10";
    .port_info 34 /INPUT 1 "WADDR_9";
    .port_info 35 /INPUT 1 "WADDR_8";
    .port_info 36 /INPUT 1 "WADDR_7";
    .port_info 37 /INPUT 1 "WADDR_6";
    .port_info 38 /INPUT 1 "WADDR_5";
    .port_info 39 /INPUT 1 "WADDR_4";
    .port_info 40 /INPUT 1 "WADDR_3";
    .port_info 41 /INPUT 1 "WADDR_2";
    .port_info 42 /INPUT 1 "WADDR_1";
    .port_info 43 /INPUT 1 "WADDR_0";
    .port_info 44 /INPUT 1 "MASK_15";
    .port_info 45 /INPUT 1 "MASK_14";
    .port_info 46 /INPUT 1 "MASK_13";
    .port_info 47 /INPUT 1 "MASK_12";
    .port_info 48 /INPUT 1 "MASK_11";
    .port_info 49 /INPUT 1 "MASK_10";
    .port_info 50 /INPUT 1 "MASK_9";
    .port_info 51 /INPUT 1 "MASK_8";
    .port_info 52 /INPUT 1 "MASK_7";
    .port_info 53 /INPUT 1 "MASK_6";
    .port_info 54 /INPUT 1 "MASK_5";
    .port_info 55 /INPUT 1 "MASK_4";
    .port_info 56 /INPUT 1 "MASK_3";
    .port_info 57 /INPUT 1 "MASK_2";
    .port_info 58 /INPUT 1 "MASK_1";
    .port_info 59 /INPUT 1 "MASK_0";
    .port_info 60 /INPUT 1 "WDATA_15";
    .port_info 61 /INPUT 1 "WDATA_14";
    .port_info 62 /INPUT 1 "WDATA_13";
    .port_info 63 /INPUT 1 "WDATA_12";
    .port_info 64 /INPUT 1 "WDATA_11";
    .port_info 65 /INPUT 1 "WDATA_10";
    .port_info 66 /INPUT 1 "WDATA_9";
    .port_info 67 /INPUT 1 "WDATA_8";
    .port_info 68 /INPUT 1 "WDATA_7";
    .port_info 69 /INPUT 1 "WDATA_6";
    .port_info 70 /INPUT 1 "WDATA_5";
    .port_info 71 /INPUT 1 "WDATA_4";
    .port_info 72 /INPUT 1 "WDATA_3";
    .port_info 73 /INPUT 1 "WDATA_2";
    .port_info 74 /INPUT 1 "WDATA_1";
    .port_info 75 /INPUT 1 "WDATA_0";
P_000002475acc6010 .param/l "INIT_0" 0 3 3182, C4<0000000000000000000000000000000000000000000000000000000000000000000000000000000000000000000000000000000000000000000000000000000000000000000000000000000000000000000000000000000000000000000000000000000000000000000000000000000000000000000000000000000000000000>;
P_000002475acc6048 .param/l "INIT_1" 0 3 3183, C4<0000000000000000000000000000000000000000000000000000000000000000000000000000000000000000000000000000000000000000000000000000000000000000000000000000000000000000000000000000000000000000000000000000000000000000000000000000000000000000000000000000000000000000>;
P_000002475acc6080 .param/l "INIT_2" 0 3 3184, C4<0000000000000000000000000000000000000000000000000000000000000000000000000000000000000000000000000000000000000000000000000000000000000000000000000000000000000000000000000000000000000000000000000000000000000000000000000000000000000000000000000000000000000000>;
P_000002475acc60b8 .param/l "INIT_3" 0 3 3185, C4<0000000000000000000000000000000000000000000000000000000000000000000000000000000000000000000000000000000000000000000000000000000000000000000000000000000000000000000000000000000000000000000000000000000000000000000000000000000000000000000000000000000000000000>;
P_000002475acc60f0 .param/l "INIT_4" 0 3 3186, C4<0000000000000000000000000000000000000000000000000000000000000000000000000000000000000000000000000000000000000000000000000000000000000000000000000000000000000000000000000000000000000000000000000000000000000000000000000000000000000000000000000000000000000000>;
P_000002475acc6128 .param/l "INIT_5" 0 3 3187, C4<0000000000000000000000000000000000000000000000000000000000000000000000000000000000000000000000000000000000000000000000000000000000000000000000000000000000000000000000000000000000000000000000000000000000000000000000000000000000000000000000000000000000000000>;
P_000002475acc6160 .param/l "INIT_6" 0 3 3188, C4<0000000000000000000000000000000000000000000000000000000000000000000000000000000000000000000000000000000000000000000000000000000000000000000000000000000000000000000000000000000000000000000000000000000000000000000000000000000000000000000000000000000000000000>;
P_000002475acc6198 .param/l "INIT_7" 0 3 3189, C4<0000000000000000000000000000000000000000000000000000000000000000000000000000000000000000000000000000000000000000000000000000000000000000000000000000000000000000000000000000000000000000000000000000000000000000000000000000000000000000000000000000000000000000>;
P_000002475acc61d0 .param/l "INIT_8" 0 3 3190, C4<0000000000000000000000000000000000000000000000000000000000000000000000000000000000000000000000000000000000000000000000000000000000000000000000000000000000000000000000000000000000000000000000000000000000000000000000000000000000000000000000000000000000000000>;
P_000002475acc6208 .param/l "INIT_9" 0 3 3191, C4<0000000000000000000000000000000000000000000000000000000000000000000000000000000000000000000000000000000000000000000000000000000000000000000000000000000000000000000000000000000000000000000000000000000000000000000000000000000000000000000000000000000000000000>;
P_000002475acc6240 .param/l "INIT_A" 0 3 3192, C4<0000000000000000000000000000000000000000000000000000000000000000000000000000000000000000000000000000000000000000000000000000000000000000000000000000000000000000000000000000000000000000000000000000000000000000000000000000000000000000000000000000000000000000>;
P_000002475acc6278 .param/l "INIT_B" 0 3 3193, C4<0000000000000000000000000000000000000000000000000000000000000000000000000000000000000000000000000000000000000000000000000000000000000000000000000000000000000000000000000000000000000000000000000000000000000000000000000000000000000000000000000000000000000000>;
P_000002475acc62b0 .param/l "INIT_C" 0 3 3194, C4<0000000000000000000000000000000000000000000000000000000000000000000000000000000000000000000000000000000000000000000000000000000000000000000000000000000000000000000000000000000000000000000000000000000000000000000000000000000000000000000000000000000000000000>;
P_000002475acc62e8 .param/l "INIT_D" 0 3 3195, C4<0000000000000000000000000000000000000000000000000000000000000000000000000000000000000000000000000000000000000000000000000000000000000000000000000000000000000000000000000000000000000000000000000000000000000000000000000000000000000000000000000000000000000000>;
P_000002475acc6320 .param/l "INIT_E" 0 3 3196, C4<0000000000000000000000000000000000000000000000000000000000000000000000000000000000000000000000000000000000000000000000000000000000000000000000000000000000000000000000000000000000000000000000000000000000000000000000000000000000000000000000000000000000000000>;
P_000002475acc6358 .param/l "INIT_F" 0 3 3197, C4<0000000000000000000000000000000000000000000000000000000000000000000000000000000000000000000000000000000000000000000000000000000000000000000000000000000000000000000000000000000000000000000000000000000000000000000000000000000000000000000000000000000000000000>;
P_000002475acc6390 .param/l "NEG_CLK_R" 0 3 3179, C4<0>;
P_000002475acc63c8 .param/l "NEG_CLK_W" 0 3 3180, C4<0>;
P_000002475acc6400 .param/l "READ_MODE" 0 3 3177, +C4<00000000000000000000000000000000>;
P_000002475acc6438 .param/l "WRITE_MODE" 0 3 3176, +C4<00000000000000000000000000000000>;
L_000002475afe6610 .functor BUFT 1, C4<0>, C4<0>, C4<0>, C4<0>;
L_000002475af4e350 .functor XOR 1, L_000002475afe3610, L_000002475afe6610, C4<0>, C4<0>;
L_000002475afe6658 .functor BUFT 1, C4<0>, C4<0>, C4<0>, C4<0>;
L_000002475af4e2e0 .functor XOR 1, L_000002475afe2530, L_000002475afe6658, C4<0>, C4<0>;
o000002475af71228 .functor BUFZ 1, c4<z>; HiZ drive
v000002475af6a450_0 .net "MASK_0", 0 0, o000002475af71228;  0 drivers
o000002475af71258 .functor BUFZ 1, c4<z>; HiZ drive
v000002475af6a4f0_0 .net "MASK_1", 0 0, o000002475af71258;  0 drivers
o000002475af71288 .functor BUFZ 1, c4<z>; HiZ drive
v000002475af6a590_0 .net "MASK_10", 0 0, o000002475af71288;  0 drivers
o000002475af712b8 .functor BUFZ 1, c4<z>; HiZ drive
v000002475af6b030_0 .net "MASK_11", 0 0, o000002475af712b8;  0 drivers
o000002475af712e8 .functor BUFZ 1, c4<z>; HiZ drive
v000002475af6e300_0 .net "MASK_12", 0 0, o000002475af712e8;  0 drivers
o000002475af71318 .functor BUFZ 1, c4<z>; HiZ drive
v000002475af6d220_0 .net "MASK_13", 0 0, o000002475af71318;  0 drivers
o000002475af71348 .functor BUFZ 1, c4<z>; HiZ drive
v000002475af6ce60_0 .net "MASK_14", 0 0, o000002475af71348;  0 drivers
o000002475af71378 .functor BUFZ 1, c4<z>; HiZ drive
v000002475af6d2c0_0 .net "MASK_15", 0 0, o000002475af71378;  0 drivers
o000002475af713a8 .functor BUFZ 1, c4<z>; HiZ drive
v000002475af6d900_0 .net "MASK_2", 0 0, o000002475af713a8;  0 drivers
o000002475af713d8 .functor BUFZ 1, c4<z>; HiZ drive
v000002475af6d9a0_0 .net "MASK_3", 0 0, o000002475af713d8;  0 drivers
o000002475af71408 .functor BUFZ 1, c4<z>; HiZ drive
v000002475af6d040_0 .net "MASK_4", 0 0, o000002475af71408;  0 drivers
o000002475af71438 .functor BUFZ 1, c4<z>; HiZ drive
v000002475af6cf00_0 .net "MASK_5", 0 0, o000002475af71438;  0 drivers
o000002475af71468 .functor BUFZ 1, c4<z>; HiZ drive
v000002475af6c6e0_0 .net "MASK_6", 0 0, o000002475af71468;  0 drivers
o000002475af71498 .functor BUFZ 1, c4<z>; HiZ drive
v000002475af6df40_0 .net "MASK_7", 0 0, o000002475af71498;  0 drivers
o000002475af714c8 .functor BUFZ 1, c4<z>; HiZ drive
v000002475af6e080_0 .net "MASK_8", 0 0, o000002475af714c8;  0 drivers
o000002475af714f8 .functor BUFZ 1, c4<z>; HiZ drive
v000002475af6cb40_0 .net "MASK_9", 0 0, o000002475af714f8;  0 drivers
o000002475af71528 .functor BUFZ 1, c4<z>; HiZ drive
v000002475af6dae0_0 .net "RADDR_0", 0 0, o000002475af71528;  0 drivers
o000002475af71558 .functor BUFZ 1, c4<z>; HiZ drive
v000002475af6dd60_0 .net "RADDR_1", 0 0, o000002475af71558;  0 drivers
o000002475af71588 .functor BUFZ 1, c4<z>; HiZ drive
v000002475af6c960_0 .net "RADDR_10", 0 0, o000002475af71588;  0 drivers
o000002475af715b8 .functor BUFZ 1, c4<z>; HiZ drive
v000002475af6c8c0_0 .net "RADDR_2", 0 0, o000002475af715b8;  0 drivers
o000002475af715e8 .functor BUFZ 1, c4<z>; HiZ drive
v000002475af6dcc0_0 .net "RADDR_3", 0 0, o000002475af715e8;  0 drivers
o000002475af71618 .functor BUFZ 1, c4<z>; HiZ drive
v000002475af6db80_0 .net "RADDR_4", 0 0, o000002475af71618;  0 drivers
o000002475af71648 .functor BUFZ 1, c4<z>; HiZ drive
v000002475af6d7c0_0 .net "RADDR_5", 0 0, o000002475af71648;  0 drivers
o000002475af71678 .functor BUFZ 1, c4<z>; HiZ drive
v000002475af6c500_0 .net "RADDR_6", 0 0, o000002475af71678;  0 drivers
o000002475af716a8 .functor BUFZ 1, c4<z>; HiZ drive
v000002475af6d5e0_0 .net "RADDR_7", 0 0, o000002475af716a8;  0 drivers
o000002475af716d8 .functor BUFZ 1, c4<z>; HiZ drive
v000002475af6c780_0 .net "RADDR_8", 0 0, o000002475af716d8;  0 drivers
o000002475af71708 .functor BUFZ 1, c4<z>; HiZ drive
v000002475af6cfa0_0 .net "RADDR_9", 0 0, o000002475af71708;  0 drivers
o000002475af71738 .functor BUFZ 1, c4<z>; HiZ drive
v000002475af6da40_0 .net "RCLK", 0 0, o000002475af71738;  0 drivers
o000002475af71768 .functor BUFZ 1, c4<z>; HiZ drive
v000002475af6d540_0 .net "RCLKE", 0 0, o000002475af71768;  0 drivers
v000002475af6ca00_0 .net "RDATA_0", 0 0, L_000002475afe2030;  1 drivers
v000002475af6c5a0_0 .net "RDATA_1", 0 0, L_000002475afe2df0;  1 drivers
v000002475af6d360_0 .net "RDATA_10", 0 0, L_000002475afe32f0;  1 drivers
v000002475af6dfe0_0 .net "RDATA_11", 0 0, L_000002475afe2e90;  1 drivers
v000002475af6c460_0 .net "RDATA_12", 0 0, L_000002475afe1950;  1 drivers
v000002475af6c640_0 .net "RDATA_13", 0 0, L_000002475afe31b0;  1 drivers
v000002475af6cc80_0 .net "RDATA_14", 0 0, L_000002475afe1d10;  1 drivers
v000002475af6dc20_0 .net "RDATA_15", 0 0, L_000002475afe1bd0;  1 drivers
v000002475af6cd20_0 .net "RDATA_2", 0 0, L_000002475afe20d0;  1 drivers
v000002475af6e120_0 .net "RDATA_3", 0 0, L_000002475afe1a90;  1 drivers
v000002475af6cdc0_0 .net "RDATA_4", 0 0, L_000002475afe19f0;  1 drivers
v000002475af6e260_0 .net "RDATA_5", 0 0, L_000002475afe2990;  1 drivers
v000002475af6d400_0 .net "RDATA_6", 0 0, L_000002475afe1db0;  1 drivers
v000002475af6de00_0 .net "RDATA_7", 0 0, L_000002475afe2850;  1 drivers
v000002475af6d180_0 .net "RDATA_8", 0 0, L_000002475afe37f0;  1 drivers
v000002475af6d4a0_0 .net "RDATA_9", 0 0, L_000002475afe16d0;  1 drivers
o000002475af71a98 .functor BUFZ 1, c4<z>; HiZ drive
v000002475af6d680_0 .net "RE", 0 0, o000002475af71a98;  0 drivers
o000002475af71ac8 .functor BUFZ 1, c4<z>; HiZ drive
v000002475af6dea0_0 .net "WADDR_0", 0 0, o000002475af71ac8;  0 drivers
o000002475af71af8 .functor BUFZ 1, c4<z>; HiZ drive
v000002475af6d0e0_0 .net "WADDR_1", 0 0, o000002475af71af8;  0 drivers
o000002475af71b28 .functor BUFZ 1, c4<z>; HiZ drive
v000002475af6e1c0_0 .net "WADDR_10", 0 0, o000002475af71b28;  0 drivers
o000002475af71b58 .functor BUFZ 1, c4<z>; HiZ drive
v000002475af6c820_0 .net "WADDR_2", 0 0, o000002475af71b58;  0 drivers
o000002475af71b88 .functor BUFZ 1, c4<z>; HiZ drive
v000002475af6caa0_0 .net "WADDR_3", 0 0, o000002475af71b88;  0 drivers
o000002475af71bb8 .functor BUFZ 1, c4<z>; HiZ drive
v000002475af6cbe0_0 .net "WADDR_4", 0 0, o000002475af71bb8;  0 drivers
o000002475af71be8 .functor BUFZ 1, c4<z>; HiZ drive
v000002475af6d720_0 .net "WADDR_5", 0 0, o000002475af71be8;  0 drivers
o000002475af71c18 .functor BUFZ 1, c4<z>; HiZ drive
v000002475af6d860_0 .net "WADDR_6", 0 0, o000002475af71c18;  0 drivers
o000002475af71c48 .functor BUFZ 1, c4<z>; HiZ drive
v000002475afb34f0_0 .net "WADDR_7", 0 0, o000002475af71c48;  0 drivers
o000002475af71c78 .functor BUFZ 1, c4<z>; HiZ drive
v000002475afb2ff0_0 .net "WADDR_8", 0 0, o000002475af71c78;  0 drivers
o000002475af71ca8 .functor BUFZ 1, c4<z>; HiZ drive
v000002475afb3310_0 .net "WADDR_9", 0 0, o000002475af71ca8;  0 drivers
o000002475af71cd8 .functor BUFZ 1, c4<z>; HiZ drive
v000002475afb3590_0 .net "WCLK", 0 0, o000002475af71cd8;  0 drivers
o000002475af71d08 .functor BUFZ 1, c4<z>; HiZ drive
v000002475afb2d70_0 .net "WCLKE", 0 0, o000002475af71d08;  0 drivers
o000002475af71d38 .functor BUFZ 1, c4<z>; HiZ drive
v000002475afb2550_0 .net "WDATA_0", 0 0, o000002475af71d38;  0 drivers
o000002475af71d68 .functor BUFZ 1, c4<z>; HiZ drive
v000002475afb4a30_0 .net "WDATA_1", 0 0, o000002475af71d68;  0 drivers
o000002475af71d98 .functor BUFZ 1, c4<z>; HiZ drive
v000002475afb29b0_0 .net "WDATA_10", 0 0, o000002475af71d98;  0 drivers
o000002475af71dc8 .functor BUFZ 1, c4<z>; HiZ drive
v000002475afb39f0_0 .net "WDATA_11", 0 0, o000002475af71dc8;  0 drivers
o000002475af71df8 .functor BUFZ 1, c4<z>; HiZ drive
v000002475afb4490_0 .net "WDATA_12", 0 0, o000002475af71df8;  0 drivers
o000002475af71e28 .functor BUFZ 1, c4<z>; HiZ drive
v000002475afb2a50_0 .net "WDATA_13", 0 0, o000002475af71e28;  0 drivers
o000002475af71e58 .functor BUFZ 1, c4<z>; HiZ drive
v000002475afb3090_0 .net "WDATA_14", 0 0, o000002475af71e58;  0 drivers
o000002475af71e88 .functor BUFZ 1, c4<z>; HiZ drive
v000002475afb3630_0 .net "WDATA_15", 0 0, o000002475af71e88;  0 drivers
o000002475af71eb8 .functor BUFZ 1, c4<z>; HiZ drive
v000002475afb3a90_0 .net "WDATA_2", 0 0, o000002475af71eb8;  0 drivers
o000002475af71ee8 .functor BUFZ 1, c4<z>; HiZ drive
v000002475afb3b30_0 .net "WDATA_3", 0 0, o000002475af71ee8;  0 drivers
o000002475af71f18 .functor BUFZ 1, c4<z>; HiZ drive
v000002475afb3bd0_0 .net "WDATA_4", 0 0, o000002475af71f18;  0 drivers
o000002475af71f48 .functor BUFZ 1, c4<z>; HiZ drive
v000002475afb3130_0 .net "WDATA_5", 0 0, o000002475af71f48;  0 drivers
o000002475af71f78 .functor BUFZ 1, c4<z>; HiZ drive
v000002475afb42b0_0 .net "WDATA_6", 0 0, o000002475af71f78;  0 drivers
o000002475af71fa8 .functor BUFZ 1, c4<z>; HiZ drive
v000002475afb36d0_0 .net "WDATA_7", 0 0, o000002475af71fa8;  0 drivers
o000002475af71fd8 .functor BUFZ 1, c4<z>; HiZ drive
v000002475afb4530_0 .net "WDATA_8", 0 0, o000002475af71fd8;  0 drivers
o000002475af72008 .functor BUFZ 1, c4<z>; HiZ drive
v000002475afb4ad0_0 .net "WDATA_9", 0 0, o000002475af72008;  0 drivers
o000002475af72038 .functor BUFZ 1, c4<z>; HiZ drive
v000002475afb2cd0_0 .net "WE", 0 0, o000002475af72038;  0 drivers
v000002475afb3770_0 .net *"_ivl_100", 0 0, L_000002475afe3ed0;  1 drivers
v000002475afb3c70_0 .net *"_ivl_102", 0 0, L_000002475afe3d90;  1 drivers
v000002475afb2b90_0 .net *"_ivl_104", 0 0, L_000002475b045cd0;  1 drivers
v000002475afb2af0_0 .net *"_ivl_106", 0 0, L_000002475b045eb0;  1 drivers
v000002475afb3d10_0 .net *"_ivl_108", 0 0, L_000002475b045050;  1 drivers
v000002475afb4170_0 .net *"_ivl_110", 0 0, L_000002475b045690;  1 drivers
v000002475afb3f90_0 .net *"_ivl_112", 0 0, L_000002475b043a70;  1 drivers
v000002475afb47b0_0 .net *"_ivl_114", 0 0, L_000002475b044dd0;  1 drivers
v000002475afb4030_0 .net *"_ivl_116", 0 0, L_000002475b044510;  1 drivers
v000002475afb2870_0 .net *"_ivl_120", 0 0, L_000002475b044e70;  1 drivers
v000002475afb43f0_0 .net *"_ivl_122", 0 0, L_000002475b045e10;  1 drivers
v000002475afb3db0_0 .net *"_ivl_124", 0 0, L_000002475b045910;  1 drivers
v000002475afb45d0_0 .net *"_ivl_126", 0 0, L_000002475b043750;  1 drivers
v000002475afb4c10_0 .net *"_ivl_128", 0 0, L_000002475b0437f0;  1 drivers
v000002475afb4b70_0 .net *"_ivl_130", 0 0, L_000002475b044fb0;  1 drivers
v000002475afb2e10_0 .net *"_ivl_132", 0 0, L_000002475b0454b0;  1 drivers
v000002475afb4670_0 .net *"_ivl_134", 0 0, L_000002475b044d30;  1 drivers
v000002475afb4cb0_0 .net *"_ivl_136", 0 0, L_000002475b0459b0;  1 drivers
v000002475afb2730_0 .net *"_ivl_138", 0 0, L_000002475b045a50;  1 drivers
v000002475afb3e50_0 .net *"_ivl_140", 0 0, L_000002475b044830;  1 drivers
v000002475afb3810_0 .net *"_ivl_142", 0 0, L_000002475b043ed0;  1 drivers
v000002475afb25f0_0 .net *"_ivl_144", 0 0, L_000002475b045370;  1 drivers
v000002475afb31d0_0 .net *"_ivl_146", 0 0, L_000002475b044f10;  1 drivers
v000002475afb4710_0 .net *"_ivl_148", 0 0, L_000002475b043d90;  1 drivers
v000002475afb2690_0 .net *"_ivl_150", 0 0, L_000002475b0441f0;  1 drivers
v000002475afb3ef0_0 .net *"_ivl_18", 0 0, L_000002475afe3610;  1 drivers
v000002475afb33b0_0 .net/2u *"_ivl_19", 0 0, L_000002475afe6610;  1 drivers
v000002475afb4350_0 .net *"_ivl_28", 0 0, L_000002475afe2cb0;  1 drivers
v000002475afb3450_0 .net *"_ivl_30", 0 0, L_000002475afe2170;  1 drivers
v000002475afb38b0_0 .net *"_ivl_32", 0 0, L_000002475afe3070;  1 drivers
v000002475afb40d0_0 .net *"_ivl_34", 0 0, L_000002475afe3390;  1 drivers
v000002475afb2c30_0 .net *"_ivl_36", 0 0, L_000002475afe1590;  1 drivers
v000002475afb4210_0 .net *"_ivl_38", 0 0, L_000002475afe2d50;  1 drivers
v000002475afb2910_0 .net *"_ivl_40", 0 0, L_000002475afe2210;  1 drivers
v000002475afb4850_0 .net *"_ivl_42", 0 0, L_000002475afe22b0;  1 drivers
v000002475afb48f0_0 .net *"_ivl_44", 0 0, L_000002475afe2350;  1 drivers
v000002475afb3270_0 .net *"_ivl_46", 0 0, L_000002475afe36b0;  1 drivers
v000002475afb4990_0 .net *"_ivl_48", 0 0, L_000002475afe2670;  1 drivers
v000002475afb27d0_0 .net *"_ivl_52", 0 0, L_000002475afe2530;  1 drivers
v000002475afb2eb0_0 .net/2u *"_ivl_53", 0 0, L_000002475afe6658;  1 drivers
v000002475afb2f50_0 .net *"_ivl_62", 0 0, L_000002475afe3570;  1 drivers
v000002475afb3950_0 .net *"_ivl_64", 0 0, L_000002475afe3930;  1 drivers
v000002475afb5930_0 .net *"_ivl_66", 0 0, L_000002475afe2710;  1 drivers
v000002475afb4d50_0 .net *"_ivl_68", 0 0, L_000002475afe11d0;  1 drivers
v000002475afb4fd0_0 .net *"_ivl_70", 0 0, L_000002475afe1270;  1 drivers
v000002475afb51b0_0 .net *"_ivl_72", 0 0, L_000002475afe28f0;  1 drivers
v000002475afb6330_0 .net *"_ivl_74", 0 0, L_000002475afe1310;  1 drivers
v000002475afb6150_0 .net *"_ivl_76", 0 0, L_000002475afe1770;  1 drivers
v000002475afb5bb0_0 .net *"_ivl_78", 0 0, L_000002475afe1810;  1 drivers
v000002475afb54d0_0 .net *"_ivl_80", 0 0, L_000002475afe4010;  1 drivers
v000002475afb5250_0 .net *"_ivl_82", 0 0, L_000002475afe3f70;  1 drivers
v000002475afb5e30_0 .net *"_ivl_86", 0 0, L_000002475afe3bb0;  1 drivers
v000002475afb6010_0 .net *"_ivl_88", 0 0, L_000002475afe39d0;  1 drivers
v000002475afb5cf0_0 .net *"_ivl_90", 0 0, L_000002475afe3e30;  1 drivers
v000002475afb4f30_0 .net *"_ivl_92", 0 0, L_000002475afe3cf0;  1 drivers
v000002475afb4df0_0 .net *"_ivl_94", 0 0, L_000002475afe3b10;  1 drivers
v000002475afb5570_0 .net *"_ivl_96", 0 0, L_000002475afe3c50;  1 drivers
v000002475afb4e90_0 .net *"_ivl_98", 0 0, L_000002475afe3a70;  1 drivers
L_000002475afe1bd0 .part v000002475af6abd0_0, 15, 1;
L_000002475afe1d10 .part v000002475af6abd0_0, 14, 1;
L_000002475afe31b0 .part v000002475af6abd0_0, 13, 1;
L_000002475afe1950 .part v000002475af6abd0_0, 12, 1;
L_000002475afe2e90 .part v000002475af6abd0_0, 11, 1;
L_000002475afe32f0 .part v000002475af6abd0_0, 10, 1;
L_000002475afe16d0 .part v000002475af6abd0_0, 9, 1;
L_000002475afe37f0 .part v000002475af6abd0_0, 8, 1;
L_000002475afe2850 .part v000002475af6abd0_0, 7, 1;
L_000002475afe1db0 .part v000002475af6abd0_0, 6, 1;
L_000002475afe2990 .part v000002475af6abd0_0, 5, 1;
L_000002475afe19f0 .part v000002475af6abd0_0, 4, 1;
L_000002475afe1a90 .part v000002475af6abd0_0, 3, 1;
L_000002475afe20d0 .part v000002475af6abd0_0, 2, 1;
L_000002475afe2df0 .part v000002475af6abd0_0, 1, 1;
L_000002475afe2030 .part v000002475af6abd0_0, 0, 1;
L_000002475afe3610 .ufunc/vec4 TD_ICESTORM_RAM.pd, 1, o000002475af71738 (v000002475af6c2f0_0) S_000002475af57420;
L_000002475afe3890 .ufunc/vec4 TD_ICESTORM_RAM.pu, 1, o000002475af71768 (v000002475af6af90_0) S_000002475af58870;
L_000002475afe2490 .ufunc/vec4 TD_ICESTORM_RAM.pd, 1, o000002475af71a98 (v000002475af6c2f0_0) S_000002475af57420;
L_000002475afe2cb0 .ufunc/vec4 TD_ICESTORM_RAM.pd, 1, o000002475af71588 (v000002475af6c2f0_0) S_000002475af57420;
L_000002475afe2170 .ufunc/vec4 TD_ICESTORM_RAM.pd, 1, o000002475af71708 (v000002475af6c2f0_0) S_000002475af57420;
L_000002475afe3070 .ufunc/vec4 TD_ICESTORM_RAM.pd, 1, o000002475af716d8 (v000002475af6c2f0_0) S_000002475af57420;
L_000002475afe3390 .ufunc/vec4 TD_ICESTORM_RAM.pd, 1, o000002475af716a8 (v000002475af6c2f0_0) S_000002475af57420;
L_000002475afe1590 .ufunc/vec4 TD_ICESTORM_RAM.pd, 1, o000002475af71678 (v000002475af6c2f0_0) S_000002475af57420;
L_000002475afe2d50 .ufunc/vec4 TD_ICESTORM_RAM.pd, 1, o000002475af71648 (v000002475af6c2f0_0) S_000002475af57420;
L_000002475afe2210 .ufunc/vec4 TD_ICESTORM_RAM.pd, 1, o000002475af71618 (v000002475af6c2f0_0) S_000002475af57420;
L_000002475afe22b0 .ufunc/vec4 TD_ICESTORM_RAM.pd, 1, o000002475af715e8 (v000002475af6c2f0_0) S_000002475af57420;
L_000002475afe2350 .ufunc/vec4 TD_ICESTORM_RAM.pd, 1, o000002475af715b8 (v000002475af6c2f0_0) S_000002475af57420;
L_000002475afe36b0 .ufunc/vec4 TD_ICESTORM_RAM.pd, 1, o000002475af71558 (v000002475af6c2f0_0) S_000002475af57420;
L_000002475afe2670 .ufunc/vec4 TD_ICESTORM_RAM.pd, 1, o000002475af71528 (v000002475af6c2f0_0) S_000002475af57420;
LS_000002475afe1630_0_0 .concat [ 1 1 1 1], L_000002475afe2670, L_000002475afe36b0, L_000002475afe2350, L_000002475afe22b0;
LS_000002475afe1630_0_4 .concat [ 1 1 1 1], L_000002475afe2210, L_000002475afe2d50, L_000002475afe1590, L_000002475afe3390;
LS_000002475afe1630_0_8 .concat [ 1 1 1 0], L_000002475afe3070, L_000002475afe2170, L_000002475afe2cb0;
L_000002475afe1630 .concat [ 4 4 3 0], LS_000002475afe1630_0_0, LS_000002475afe1630_0_4, LS_000002475afe1630_0_8;
L_000002475afe2530 .ufunc/vec4 TD_ICESTORM_RAM.pd, 1, o000002475af71cd8 (v000002475af6c2f0_0) S_000002475af57420;
L_000002475afe25d0 .ufunc/vec4 TD_ICESTORM_RAM.pu, 1, o000002475af71d08 (v000002475af6af90_0) S_000002475af58870;
L_000002475afe3430 .ufunc/vec4 TD_ICESTORM_RAM.pd, 1, o000002475af72038 (v000002475af6c2f0_0) S_000002475af57420;
L_000002475afe3570 .ufunc/vec4 TD_ICESTORM_RAM.pd, 1, o000002475af71b28 (v000002475af6c2f0_0) S_000002475af57420;
L_000002475afe3930 .ufunc/vec4 TD_ICESTORM_RAM.pd, 1, o000002475af71ca8 (v000002475af6c2f0_0) S_000002475af57420;
L_000002475afe2710 .ufunc/vec4 TD_ICESTORM_RAM.pd, 1, o000002475af71c78 (v000002475af6c2f0_0) S_000002475af57420;
L_000002475afe11d0 .ufunc/vec4 TD_ICESTORM_RAM.pd, 1, o000002475af71c48 (v000002475af6c2f0_0) S_000002475af57420;
L_000002475afe1270 .ufunc/vec4 TD_ICESTORM_RAM.pd, 1, o000002475af71c18 (v000002475af6c2f0_0) S_000002475af57420;
L_000002475afe28f0 .ufunc/vec4 TD_ICESTORM_RAM.pd, 1, o000002475af71be8 (v000002475af6c2f0_0) S_000002475af57420;
L_000002475afe1310 .ufunc/vec4 TD_ICESTORM_RAM.pd, 1, o000002475af71bb8 (v000002475af6c2f0_0) S_000002475af57420;
L_000002475afe1770 .ufunc/vec4 TD_ICESTORM_RAM.pd, 1, o000002475af71b88 (v000002475af6c2f0_0) S_000002475af57420;
L_000002475afe1810 .ufunc/vec4 TD_ICESTORM_RAM.pd, 1, o000002475af71b58 (v000002475af6c2f0_0) S_000002475af57420;
L_000002475afe4010 .ufunc/vec4 TD_ICESTORM_RAM.pd, 1, o000002475af71af8 (v000002475af6c2f0_0) S_000002475af57420;
L_000002475afe3f70 .ufunc/vec4 TD_ICESTORM_RAM.pd, 1, o000002475af71ac8 (v000002475af6c2f0_0) S_000002475af57420;
LS_000002475afe40b0_0_0 .concat [ 1 1 1 1], L_000002475afe3f70, L_000002475afe4010, L_000002475afe1810, L_000002475afe1770;
LS_000002475afe40b0_0_4 .concat [ 1 1 1 1], L_000002475afe1310, L_000002475afe28f0, L_000002475afe1270, L_000002475afe11d0;
LS_000002475afe40b0_0_8 .concat [ 1 1 1 0], L_000002475afe2710, L_000002475afe3930, L_000002475afe3570;
L_000002475afe40b0 .concat [ 4 4 3 0], LS_000002475afe40b0_0_0, LS_000002475afe40b0_0_4, LS_000002475afe40b0_0_8;
L_000002475afe3bb0 .ufunc/vec4 TD_ICESTORM_RAM.pd, 1, o000002475af71378 (v000002475af6c2f0_0) S_000002475af57420;
L_000002475afe39d0 .ufunc/vec4 TD_ICESTORM_RAM.pd, 1, o000002475af71348 (v000002475af6c2f0_0) S_000002475af57420;
L_000002475afe3e30 .ufunc/vec4 TD_ICESTORM_RAM.pd, 1, o000002475af71318 (v000002475af6c2f0_0) S_000002475af57420;
L_000002475afe3cf0 .ufunc/vec4 TD_ICESTORM_RAM.pd, 1, o000002475af712e8 (v000002475af6c2f0_0) S_000002475af57420;
L_000002475afe3b10 .ufunc/vec4 TD_ICESTORM_RAM.pd, 1, o000002475af712b8 (v000002475af6c2f0_0) S_000002475af57420;
L_000002475afe3c50 .ufunc/vec4 TD_ICESTORM_RAM.pd, 1, o000002475af71288 (v000002475af6c2f0_0) S_000002475af57420;
L_000002475afe3a70 .ufunc/vec4 TD_ICESTORM_RAM.pd, 1, o000002475af714f8 (v000002475af6c2f0_0) S_000002475af57420;
L_000002475afe3ed0 .ufunc/vec4 TD_ICESTORM_RAM.pd, 1, o000002475af714c8 (v000002475af6c2f0_0) S_000002475af57420;
L_000002475afe3d90 .ufunc/vec4 TD_ICESTORM_RAM.pd, 1, o000002475af71498 (v000002475af6c2f0_0) S_000002475af57420;
L_000002475b045cd0 .ufunc/vec4 TD_ICESTORM_RAM.pd, 1, o000002475af71468 (v000002475af6c2f0_0) S_000002475af57420;
L_000002475b045eb0 .ufunc/vec4 TD_ICESTORM_RAM.pd, 1, o000002475af71438 (v000002475af6c2f0_0) S_000002475af57420;
L_000002475b045050 .ufunc/vec4 TD_ICESTORM_RAM.pd, 1, o000002475af71408 (v000002475af6c2f0_0) S_000002475af57420;
L_000002475b045690 .ufunc/vec4 TD_ICESTORM_RAM.pd, 1, o000002475af713d8 (v000002475af6c2f0_0) S_000002475af57420;
L_000002475b043a70 .ufunc/vec4 TD_ICESTORM_RAM.pd, 1, o000002475af713a8 (v000002475af6c2f0_0) S_000002475af57420;
L_000002475b044dd0 .ufunc/vec4 TD_ICESTORM_RAM.pd, 1, o000002475af71258 (v000002475af6c2f0_0) S_000002475af57420;
L_000002475b044510 .ufunc/vec4 TD_ICESTORM_RAM.pd, 1, o000002475af71228 (v000002475af6c2f0_0) S_000002475af57420;
LS_000002475b045d70_0_0 .concat [ 1 1 1 1], L_000002475b044510, L_000002475b044dd0, L_000002475b043a70, L_000002475b045690;
LS_000002475b045d70_0_4 .concat [ 1 1 1 1], L_000002475b045050, L_000002475b045eb0, L_000002475b045cd0, L_000002475afe3d90;
LS_000002475b045d70_0_8 .concat [ 1 1 1 1], L_000002475afe3ed0, L_000002475afe3a70, L_000002475afe3c50, L_000002475afe3b10;
LS_000002475b045d70_0_12 .concat [ 1 1 1 1], L_000002475afe3cf0, L_000002475afe3e30, L_000002475afe39d0, L_000002475afe3bb0;
L_000002475b045d70 .concat [ 4 4 4 4], LS_000002475b045d70_0_0, LS_000002475b045d70_0_4, LS_000002475b045d70_0_8, LS_000002475b045d70_0_12;
L_000002475b044e70 .ufunc/vec4 TD_ICESTORM_RAM.pd, 1, o000002475af71e88 (v000002475af6c2f0_0) S_000002475af57420;
L_000002475b045e10 .ufunc/vec4 TD_ICESTORM_RAM.pd, 1, o000002475af71e58 (v000002475af6c2f0_0) S_000002475af57420;
L_000002475b045910 .ufunc/vec4 TD_ICESTORM_RAM.pd, 1, o000002475af71e28 (v000002475af6c2f0_0) S_000002475af57420;
L_000002475b043750 .ufunc/vec4 TD_ICESTORM_RAM.pd, 1, o000002475af71df8 (v000002475af6c2f0_0) S_000002475af57420;
L_000002475b0437f0 .ufunc/vec4 TD_ICESTORM_RAM.pd, 1, o000002475af71dc8 (v000002475af6c2f0_0) S_000002475af57420;
L_000002475b044fb0 .ufunc/vec4 TD_ICESTORM_RAM.pd, 1, o000002475af71d98 (v000002475af6c2f0_0) S_000002475af57420;
L_000002475b0454b0 .ufunc/vec4 TD_ICESTORM_RAM.pd, 1, o000002475af72008 (v000002475af6c2f0_0) S_000002475af57420;
L_000002475b044d30 .ufunc/vec4 TD_ICESTORM_RAM.pd, 1, o000002475af71fd8 (v000002475af6c2f0_0) S_000002475af57420;
L_000002475b0459b0 .ufunc/vec4 TD_ICESTORM_RAM.pd, 1, o000002475af71fa8 (v000002475af6c2f0_0) S_000002475af57420;
L_000002475b045a50 .ufunc/vec4 TD_ICESTORM_RAM.pd, 1, o000002475af71f78 (v000002475af6c2f0_0) S_000002475af57420;
L_000002475b044830 .ufunc/vec4 TD_ICESTORM_RAM.pd, 1, o000002475af71f48 (v000002475af6c2f0_0) S_000002475af57420;
L_000002475b043ed0 .ufunc/vec4 TD_ICESTORM_RAM.pd, 1, o000002475af71f18 (v000002475af6c2f0_0) S_000002475af57420;
L_000002475b045370 .ufunc/vec4 TD_ICESTORM_RAM.pd, 1, o000002475af71ee8 (v000002475af6c2f0_0) S_000002475af57420;
L_000002475b044f10 .ufunc/vec4 TD_ICESTORM_RAM.pd, 1, o000002475af71eb8 (v000002475af6c2f0_0) S_000002475af57420;
L_000002475b043d90 .ufunc/vec4 TD_ICESTORM_RAM.pd, 1, o000002475af71d68 (v000002475af6c2f0_0) S_000002475af57420;
L_000002475b0441f0 .ufunc/vec4 TD_ICESTORM_RAM.pd, 1, o000002475af71d38 (v000002475af6c2f0_0) S_000002475af57420;
LS_000002475b0452d0_0_0 .concat [ 1 1 1 1], L_000002475b0441f0, L_000002475b043d90, L_000002475b044f10, L_000002475b045370;
LS_000002475b0452d0_0_4 .concat [ 1 1 1 1], L_000002475b043ed0, L_000002475b044830, L_000002475b045a50, L_000002475b0459b0;
LS_000002475b0452d0_0_8 .concat [ 1 1 1 1], L_000002475b044d30, L_000002475b0454b0, L_000002475b044fb0, L_000002475b0437f0;
LS_000002475b0452d0_0_12 .concat [ 1 1 1 1], L_000002475b043750, L_000002475b045910, L_000002475b045e10, L_000002475b044e70;
L_000002475b0452d0 .concat [ 4 4 4 4], LS_000002475b0452d0_0_0, LS_000002475b0452d0_0_4, LS_000002475b0452d0_0_8, LS_000002475b0452d0_0_12;
S_000002475af58550 .scope module, "RAM" "SB_RAM40_4K" 3 3233, 3 1487 0, S_000002475accb5a0;
 .timescale -12 -12;
    .port_info 0 /OUTPUT 16 "RDATA";
    .port_info 1 /INPUT 1 "RCLK";
    .port_info 2 /INPUT 1 "RCLKE";
    .port_info 3 /INPUT 1 "RE";
    .port_info 4 /INPUT 11 "RADDR";
    .port_info 5 /INPUT 1 "WCLK";
    .port_info 6 /INPUT 1 "WCLKE";
    .port_info 7 /INPUT 1 "WE";
    .port_info 8 /INPUT 11 "WADDR";
    .port_info 9 /INPUT 16 "MASK";
    .port_info 10 /INPUT 16 "WDATA";
P_000002475afb20c0 .param/l "INIT_0" 0 3 1507, C4<0000000000000000000000000000000000000000000000000000000000000000000000000000000000000000000000000000000000000000000000000000000000000000000000000000000000000000000000000000000000000000000000000000000000000000000000000000000000000000000000000000000000000000>;
P_000002475afb20f8 .param/l "INIT_1" 0 3 1508, C4<0000000000000000000000000000000000000000000000000000000000000000000000000000000000000000000000000000000000000000000000000000000000000000000000000000000000000000000000000000000000000000000000000000000000000000000000000000000000000000000000000000000000000000>;
P_000002475afb2130 .param/l "INIT_2" 0 3 1509, C4<0000000000000000000000000000000000000000000000000000000000000000000000000000000000000000000000000000000000000000000000000000000000000000000000000000000000000000000000000000000000000000000000000000000000000000000000000000000000000000000000000000000000000000>;
P_000002475afb2168 .param/l "INIT_3" 0 3 1510, C4<0000000000000000000000000000000000000000000000000000000000000000000000000000000000000000000000000000000000000000000000000000000000000000000000000000000000000000000000000000000000000000000000000000000000000000000000000000000000000000000000000000000000000000>;
P_000002475afb21a0 .param/l "INIT_4" 0 3 1511, C4<0000000000000000000000000000000000000000000000000000000000000000000000000000000000000000000000000000000000000000000000000000000000000000000000000000000000000000000000000000000000000000000000000000000000000000000000000000000000000000000000000000000000000000>;
P_000002475afb21d8 .param/l "INIT_5" 0 3 1512, C4<0000000000000000000000000000000000000000000000000000000000000000000000000000000000000000000000000000000000000000000000000000000000000000000000000000000000000000000000000000000000000000000000000000000000000000000000000000000000000000000000000000000000000000>;
P_000002475afb2210 .param/l "INIT_6" 0 3 1513, C4<0000000000000000000000000000000000000000000000000000000000000000000000000000000000000000000000000000000000000000000000000000000000000000000000000000000000000000000000000000000000000000000000000000000000000000000000000000000000000000000000000000000000000000>;
P_000002475afb2248 .param/l "INIT_7" 0 3 1514, C4<0000000000000000000000000000000000000000000000000000000000000000000000000000000000000000000000000000000000000000000000000000000000000000000000000000000000000000000000000000000000000000000000000000000000000000000000000000000000000000000000000000000000000000>;
P_000002475afb2280 .param/l "INIT_8" 0 3 1515, C4<0000000000000000000000000000000000000000000000000000000000000000000000000000000000000000000000000000000000000000000000000000000000000000000000000000000000000000000000000000000000000000000000000000000000000000000000000000000000000000000000000000000000000000>;
P_000002475afb22b8 .param/l "INIT_9" 0 3 1516, C4<0000000000000000000000000000000000000000000000000000000000000000000000000000000000000000000000000000000000000000000000000000000000000000000000000000000000000000000000000000000000000000000000000000000000000000000000000000000000000000000000000000000000000000>;
P_000002475afb22f0 .param/l "INIT_A" 0 3 1517, C4<0000000000000000000000000000000000000000000000000000000000000000000000000000000000000000000000000000000000000000000000000000000000000000000000000000000000000000000000000000000000000000000000000000000000000000000000000000000000000000000000000000000000000000>;
P_000002475afb2328 .param/l "INIT_B" 0 3 1518, C4<0000000000000000000000000000000000000000000000000000000000000000000000000000000000000000000000000000000000000000000000000000000000000000000000000000000000000000000000000000000000000000000000000000000000000000000000000000000000000000000000000000000000000000>;
P_000002475afb2360 .param/l "INIT_C" 0 3 1519, C4<0000000000000000000000000000000000000000000000000000000000000000000000000000000000000000000000000000000000000000000000000000000000000000000000000000000000000000000000000000000000000000000000000000000000000000000000000000000000000000000000000000000000000000>;
P_000002475afb2398 .param/l "INIT_D" 0 3 1520, C4<0000000000000000000000000000000000000000000000000000000000000000000000000000000000000000000000000000000000000000000000000000000000000000000000000000000000000000000000000000000000000000000000000000000000000000000000000000000000000000000000000000000000000000>;
P_000002475afb23d0 .param/l "INIT_E" 0 3 1521, C4<0000000000000000000000000000000000000000000000000000000000000000000000000000000000000000000000000000000000000000000000000000000000000000000000000000000000000000000000000000000000000000000000000000000000000000000000000000000000000000000000000000000000000000>;
P_000002475afb2408 .param/l "INIT_F" 0 3 1522, C4<0000000000000000000000000000000000000000000000000000000000000000000000000000000000000000000000000000000000000000000000000000000000000000000000000000000000000000000000000000000000000000000000000000000000000000000000000000000000000000000000000000000000000000>;
P_000002475afb2440 .param/str "INIT_FILE" 0 3 1524, "\000";
P_000002475afb2478 .param/l "READ_MODE" 0 3 1505, +C4<00000000000000000000000000000000>;
P_000002475afb24b0 .param/l "WRITE_MODE" 0 3 1504, +C4<00000000000000000000000000000000>;
v000002475af6b350_0 .net "MASK", 15 0, L_000002475b045d70;  1 drivers
v000002475af6b670_0 .net "RADDR", 10 0, L_000002475afe1630;  1 drivers
v000002475af6a6d0_0 .net "RCLK", 0 0, L_000002475af4e350;  1 drivers
v000002475af6a8b0_0 .net "RCLKE", 0 0, L_000002475afe3890;  1 drivers
v000002475af6bfd0_0 .net "RDATA", 15 0, v000002475af6abd0_0;  1 drivers
v000002475af6abd0_0 .var "RDATA_I", 15 0;
v000002475af6ad10_0 .net "RE", 0 0, L_000002475afe2490;  1 drivers
L_000002475afe65c8 .functor BUFT 1, C4<0000000000000000>, C4<0>, C4<0>, C4<0>;
v000002475af6bd50_0 .net "RMASK_I", 15 0, L_000002475afe65c8;  1 drivers
v000002475af6b990_0 .net "WADDR", 10 0, L_000002475afe40b0;  1 drivers
v000002475af6b710_0 .net "WCLK", 0 0, L_000002475af4e2e0;  1 drivers
v000002475af6c1b0_0 .net "WCLKE", 0 0, L_000002475afe25d0;  1 drivers
v000002475af6ae50_0 .net "WDATA", 15 0, L_000002475b0452d0;  1 drivers
v000002475af6b7b0_0 .net "WDATA_I", 15 0, L_000002475af4db00;  1 drivers
v000002475af6bc10_0 .net "WE", 0 0, L_000002475afe3430;  1 drivers
v000002475af6be90_0 .net "WMASK_I", 15 0, L_000002475af4ce50;  1 drivers
v000002475af6c070_0 .var/i "i", 31 0;
v000002475af6c110 .array "memory", 255 0, 15 0;
E_000002475af3ff00 .event posedge, v000002475af6a6d0_0;
E_000002475af3ff40 .event posedge, v000002475af6b710_0;
S_000002475af57290 .scope generate, "genblk1" "genblk1" 3 1534, 3 1534 0, S_000002475af58550;
 .timescale -12 -12;
L_000002475af4ce50 .functor BUFZ 16, L_000002475b045d70, C4<0000000000000000>, C4<0000000000000000>, C4<0000000000000000>;
S_000002475af57f10 .scope generate, "genblk2" "genblk2" 3 1555, 3 1555 0, S_000002475af58550;
 .timescale -12 -12;
S_000002475af57740 .scope generate, "genblk3" "genblk3" 3 1576, 3 1576 0, S_000002475af58550;
 .timescale -12 -12;
L_000002475af4db00 .functor BUFZ 16, L_000002475b0452d0, C4<0000000000000000>, C4<0000000000000000>, C4<0000000000000000>;
S_000002475af586e0 .scope generate, "genblk4" "genblk4" 3 1595, 3 1595 0, S_000002475af58550;
 .timescale -12 -12;
S_000002475af57420 .scope function.vec4.s1, "pd" "pd" 3 3200, 3 3200 0, S_000002475accb5a0;
 .timescale -12 -12;
; Variable pd is vec4 return value of scope S_000002475af57420
v000002475af6c2f0_0 .var "x", 0 0;
TD_ICESTORM_RAM.pd ;
    %load/vec4 v000002475af6c2f0_0;
    %cmpi/e 0, 1, 1;
    %flag_mov 8, 6;
    %jmp/0 T_0.0, 8;
    %pushi/vec4 0, 0, 1;
    %jmp/1 T_0.1, 8;
T_0.0 ; End of true expr.
    %load/vec4 v000002475af6c2f0_0;
    %jmp/0 T_0.1, 8;
 ; End of false expr.
    %blend;
T_0.1;
    %ret/vec4 0, 0, 1;  Assign to pd (store_vec4_to_lval)
    %end;
S_000002475af58870 .scope function.vec4.s1, "pu" "pu" 3 3207, 3 3207 0, S_000002475accb5a0;
 .timescale -12 -12;
; Variable pu is vec4 return value of scope S_000002475af58870
v000002475af6af90_0 .var "x", 0 0;
TD_ICESTORM_RAM.pu ;
    %load/vec4 v000002475af6af90_0;
    %cmpi/e 0, 1, 1;
    %flag_mov 8, 6;
    %jmp/0 T_1.2, 8;
    %pushi/vec4 1, 0, 1;
    %jmp/1 T_1.3, 8;
T_1.2 ; End of true expr.
    %load/vec4 v000002475af6af90_0;
    %jmp/0 T_1.3, 8;
 ; End of false expr.
    %blend;
T_1.3;
    %ret/vec4 0, 0, 1;  Assign to pu (store_vec4_to_lval)
    %end;
S_000002475ace2d20 .scope module, "SB_CARRY" "SB_CARRY" 3 228;
 .timescale -12 -12;
    .port_info 0 /OUTPUT 1 "CO";
    .port_info 1 /INPUT 1 "I0";
    .port_info 2 /INPUT 1 "I1";
    .port_info 3 /INPUT 1 "CI";
o000002475af739e8 .functor BUFZ 1, c4<z>; HiZ drive
o000002475af73a18 .functor BUFZ 1, c4<z>; HiZ drive
L_000002475af4e6d0 .functor AND 1, o000002475af739e8, o000002475af73a18, C4<1>, C4<1>;
L_000002475af4e0b0 .functor OR 1, o000002475af739e8, o000002475af73a18, C4<0>, C4<0>;
o000002475af73988 .functor BUFZ 1, c4<z>; HiZ drive
L_000002475af4dfd0 .functor AND 1, L_000002475af4e0b0, o000002475af73988, C4<1>, C4<1>;
L_000002475af4cd00 .functor OR 1, L_000002475af4e6d0, L_000002475af4dfd0, C4<0>, C4<0>;
v000002475afb5ed0_0 .net "CI", 0 0, o000002475af73988;  0 drivers
v000002475afb5d90_0 .net "CO", 0 0, L_000002475af4cd00;  1 drivers
v000002475afb5070_0 .net "I0", 0 0, o000002475af739e8;  0 drivers
v000002475afb5610_0 .net "I1", 0 0, o000002475af73a18;  0 drivers
v000002475afb5110_0 .net *"_ivl_1", 0 0, L_000002475af4e6d0;  1 drivers
v000002475afb56b0_0 .net *"_ivl_3", 0 0, L_000002475af4e0b0;  1 drivers
v000002475afb52f0_0 .net *"_ivl_5", 0 0, L_000002475af4dfd0;  1 drivers
S_000002475accb020 .scope module, "SB_DFF" "SB_DFF" 3 265;
 .timescale -12 -12;
    .port_info 0 /OUTPUT 1 "Q";
    .port_info 1 /INPUT 1 "C";
    .port_info 2 /INPUT 1 "D";
o000002475af73b98 .functor BUFZ 1, c4<z>; HiZ drive
v000002475afb59d0_0 .net "C", 0 0, o000002475af73b98;  0 drivers
o000002475af73bc8 .functor BUFZ 1, c4<z>; HiZ drive
v000002475afb5390_0 .net "D", 0 0, o000002475af73bc8;  0 drivers
v000002475afb61f0_0 .var "Q", 0 0;
E_000002475af41240 .event posedge, v000002475afb59d0_0;
S_000002475accb1b0 .scope module, "SB_DFFE" "SB_DFFE" 3 303;
 .timescale -12 -12;
    .port_info 0 /OUTPUT 1 "Q";
    .port_info 1 /INPUT 1 "C";
    .port_info 2 /INPUT 1 "E";
    .port_info 3 /INPUT 1 "D";
o000002475af73cb8 .functor BUFZ 1, c4<z>; HiZ drive
v000002475afb60b0_0 .net "C", 0 0, o000002475af73cb8;  0 drivers
o000002475af73ce8 .functor BUFZ 1, c4<z>; HiZ drive
v000002475afb5750_0 .net "D", 0 0, o000002475af73ce8;  0 drivers
o000002475af73d18 .functor BUFZ 1, c4<z>; HiZ drive
v000002475afb5430_0 .net "E", 0 0, o000002475af73d18;  0 drivers
v000002475afb5f70_0 .var "Q", 0 0;
E_000002475af415c0 .event posedge, v000002475afb60b0_0;
S_000002475accb340 .scope module, "SB_DFFER" "SB_DFFER" 3 653;
 .timescale -12 -12;
    .port_info 0 /OUTPUT 1 "Q";
    .port_info 1 /INPUT 1 "C";
    .port_info 2 /INPUT 1 "E";
    .port_info 3 /INPUT 1 "R";
    .port_info 4 /INPUT 1 "D";
o000002475af73e38 .functor BUFZ 1, c4<z>; HiZ drive
v000002475afb57f0_0 .net "C", 0 0, o000002475af73e38;  0 drivers
o000002475af73e68 .functor BUFZ 1, c4<z>; HiZ drive
v000002475afb5a70_0 .net "D", 0 0, o000002475af73e68;  0 drivers
o000002475af73e98 .functor BUFZ 1, c4<z>; HiZ drive
v000002475afb5890_0 .net "E", 0 0, o000002475af73e98;  0 drivers
v000002475afb5b10_0 .var "Q", 0 0;
o000002475af73ef8 .functor BUFZ 1, c4<z>; HiZ drive
v000002475afb5c50_0 .net "R", 0 0, o000002475af73ef8;  0 drivers
E_000002475af40fc0 .event posedge, v000002475afb5c50_0, v000002475afb57f0_0;
S_000002475acd6e90 .scope module, "SB_DFFES" "SB_DFFES" 3 794;
 .timescale -12 -12;
    .port_info 0 /OUTPUT 1 "Q";
    .port_info 1 /INPUT 1 "C";
    .port_info 2 /INPUT 1 "E";
    .port_info 3 /INPUT 1 "S";
    .port_info 4 /INPUT 1 "D";
o000002475af74018 .functor BUFZ 1, c4<z>; HiZ drive
v000002475afb6290_0 .net "C", 0 0, o000002475af74018;  0 drivers
o000002475af74048 .functor BUFZ 1, c4<z>; HiZ drive
v000002475afb63d0_0 .net "D", 0 0, o000002475af74048;  0 drivers
o000002475af74078 .functor BUFZ 1, c4<z>; HiZ drive
v000002475afb7320_0 .net "E", 0 0, o000002475af74078;  0 drivers
v000002475afb89a0_0 .var "Q", 0 0;
o000002475af740d8 .functor BUFZ 1, c4<z>; HiZ drive
v000002475afb6e20_0 .net "S", 0 0, o000002475af740d8;  0 drivers
E_000002475af41780 .event posedge, v000002475afb6e20_0, v000002475afb6290_0;
S_000002475acd7020 .scope module, "SB_DFFESR" "SB_DFFESR" 3 592;
 .timescale -12 -12;
    .port_info 0 /OUTPUT 1 "Q";
    .port_info 1 /INPUT 1 "C";
    .port_info 2 /INPUT 1 "E";
    .port_info 3 /INPUT 1 "R";
    .port_info 4 /INPUT 1 "D";
o000002475af741f8 .functor BUFZ 1, c4<z>; HiZ drive
v000002475afb7aa0_0 .net "C", 0 0, o000002475af741f8;  0 drivers
o000002475af74228 .functor BUFZ 1, c4<z>; HiZ drive
v000002475afb7dc0_0 .net "D", 0 0, o000002475af74228;  0 drivers
o000002475af74258 .functor BUFZ 1, c4<z>; HiZ drive
v000002475afb6600_0 .net "E", 0 0, o000002475af74258;  0 drivers
v000002475afb69c0_0 .var "Q", 0 0;
o000002475af742b8 .functor BUFZ 1, c4<z>; HiZ drive
v000002475afb7c80_0 .net "R", 0 0, o000002475af742b8;  0 drivers
E_000002475af40f40 .event posedge, v000002475afb7aa0_0;
S_000002475acd71b0 .scope module, "SB_DFFESS" "SB_DFFESS" 3 733;
 .timescale -12 -12;
    .port_info 0 /OUTPUT 1 "Q";
    .port_info 1 /INPUT 1 "C";
    .port_info 2 /INPUT 1 "E";
    .port_info 3 /INPUT 1 "S";
    .port_info 4 /INPUT 1 "D";
o000002475af743d8 .functor BUFZ 1, c4<z>; HiZ drive
v000002475afb78c0_0 .net "C", 0 0, o000002475af743d8;  0 drivers
o000002475af74408 .functor BUFZ 1, c4<z>; HiZ drive
v000002475afb6b00_0 .net "D", 0 0, o000002475af74408;  0 drivers
o000002475af74438 .functor BUFZ 1, c4<z>; HiZ drive
v000002475afb7b40_0 .net "E", 0 0, o000002475af74438;  0 drivers
v000002475afb66a0_0 .var "Q", 0 0;
o000002475af74498 .functor BUFZ 1, c4<z>; HiZ drive
v000002475afb6f60_0 .net "S", 0 0, o000002475af74498;  0 drivers
E_000002475af41980 .event posedge, v000002475afb78c0_0;
S_000002475acd24c0 .scope module, "SB_DFFN" "SB_DFFN" 3 876;
 .timescale -12 -12;
    .port_info 0 /OUTPUT 1 "Q";
    .port_info 1 /INPUT 1 "C";
    .port_info 2 /INPUT 1 "D";
o000002475af745b8 .functor BUFZ 1, c4<z>; HiZ drive
v000002475afb6c40_0 .net "C", 0 0, o000002475af745b8;  0 drivers
o000002475af745e8 .functor BUFZ 1, c4<z>; HiZ drive
v000002475afb6ec0_0 .net "D", 0 0, o000002475af745e8;  0 drivers
v000002475afb7be0_0 .var "Q", 0 0;
E_000002475af41c00 .event negedge, v000002475afb6c40_0;
S_000002475acd2650 .scope module, "SB_DFFNE" "SB_DFFNE" 3 914;
 .timescale -12 -12;
    .port_info 0 /OUTPUT 1 "Q";
    .port_info 1 /INPUT 1 "C";
    .port_info 2 /INPUT 1 "E";
    .port_info 3 /INPUT 1 "D";
o000002475af746d8 .functor BUFZ 1, c4<z>; HiZ drive
v000002475afb8180_0 .net "C", 0 0, o000002475af746d8;  0 drivers
o000002475af74708 .functor BUFZ 1, c4<z>; HiZ drive
v000002475afb7fa0_0 .net "D", 0 0, o000002475af74708;  0 drivers
o000002475af74738 .functor BUFZ 1, c4<z>; HiZ drive
v000002475afb87c0_0 .net "E", 0 0, o000002475af74738;  0 drivers
v000002475afb8040_0 .var "Q", 0 0;
E_000002475af41540 .event negedge, v000002475afb8180_0;
S_000002475acd27e0 .scope module, "SB_DFFNER" "SB_DFFNER" 3 1264;
 .timescale -12 -12;
    .port_info 0 /OUTPUT 1 "Q";
    .port_info 1 /INPUT 1 "C";
    .port_info 2 /INPUT 1 "E";
    .port_info 3 /INPUT 1 "R";
    .port_info 4 /INPUT 1 "D";
o000002475af74858 .functor BUFZ 1, c4<z>; HiZ drive
v000002475afb6880_0 .net "C", 0 0, o000002475af74858;  0 drivers
o000002475af74888 .functor BUFZ 1, c4<z>; HiZ drive
v000002475afb8860_0 .net "D", 0 0, o000002475af74888;  0 drivers
o000002475af748b8 .functor BUFZ 1, c4<z>; HiZ drive
v000002475afb8c20_0 .net "E", 0 0, o000002475af748b8;  0 drivers
v000002475afb6ce0_0 .var "Q", 0 0;
o000002475af74918 .functor BUFZ 1, c4<z>; HiZ drive
v000002475afb6d80_0 .net "R", 0 0, o000002475af74918;  0 drivers
E_000002475af41bc0/0 .event negedge, v000002475afb6880_0;
E_000002475af41bc0/1 .event posedge, v000002475afb6d80_0;
E_000002475af41bc0 .event/or E_000002475af41bc0/0, E_000002475af41bc0/1;
S_000002475acd8370 .scope module, "SB_DFFNES" "SB_DFFNES" 3 1405;
 .timescale -12 -12;
    .port_info 0 /OUTPUT 1 "Q";
    .port_info 1 /INPUT 1 "C";
    .port_info 2 /INPUT 1 "E";
    .port_info 3 /INPUT 1 "S";
    .port_info 4 /INPUT 1 "D";
o000002475af74a38 .functor BUFZ 1, c4<z>; HiZ drive
v000002475afb7d20_0 .net "C", 0 0, o000002475af74a38;  0 drivers
o000002475af74a68 .functor BUFZ 1, c4<z>; HiZ drive
v000002475afb7780_0 .net "D", 0 0, o000002475af74a68;  0 drivers
o000002475af74a98 .functor BUFZ 1, c4<z>; HiZ drive
v000002475afb6740_0 .net "E", 0 0, o000002475af74a98;  0 drivers
v000002475afb70a0_0 .var "Q", 0 0;
o000002475af74af8 .functor BUFZ 1, c4<z>; HiZ drive
v000002475afb8220_0 .net "S", 0 0, o000002475af74af8;  0 drivers
E_000002475af40dc0/0 .event negedge, v000002475afb7d20_0;
E_000002475af40dc0/1 .event posedge, v000002475afb8220_0;
E_000002475af40dc0 .event/or E_000002475af40dc0/0, E_000002475af40dc0/1;
S_000002475af51480 .scope module, "SB_DFFNESR" "SB_DFFNESR" 3 1203;
 .timescale -12 -12;
    .port_info 0 /OUTPUT 1 "Q";
    .port_info 1 /INPUT 1 "C";
    .port_info 2 /INPUT 1 "E";
    .port_info 3 /INPUT 1 "R";
    .port_info 4 /INPUT 1 "D";
o000002475af74c18 .functor BUFZ 1, c4<z>; HiZ drive
v000002475afb6ba0_0 .net "C", 0 0, o000002475af74c18;  0 drivers
o000002475af74c48 .functor BUFZ 1, c4<z>; HiZ drive
v000002475afb8720_0 .net "D", 0 0, o000002475af74c48;  0 drivers
o000002475af74c78 .functor BUFZ 1, c4<z>; HiZ drive
v000002475afb7280_0 .net "E", 0 0, o000002475af74c78;  0 drivers
v000002475afb7000_0 .var "Q", 0 0;
o000002475af74cd8 .functor BUFZ 1, c4<z>; HiZ drive
v000002475afb7140_0 .net "R", 0 0, o000002475af74cd8;  0 drivers
E_000002475af41600 .event negedge, v000002475afb6ba0_0;
S_000002475af51160 .scope module, "SB_DFFNESS" "SB_DFFNESS" 3 1344;
 .timescale -12 -12;
    .port_info 0 /OUTPUT 1 "Q";
    .port_info 1 /INPUT 1 "C";
    .port_info 2 /INPUT 1 "E";
    .port_info 3 /INPUT 1 "S";
    .port_info 4 /INPUT 1 "D";
o000002475af74df8 .functor BUFZ 1, c4<z>; HiZ drive
v000002475afb6a60_0 .net "C", 0 0, o000002475af74df8;  0 drivers
o000002475af74e28 .functor BUFZ 1, c4<z>; HiZ drive
v000002475afb7820_0 .net "D", 0 0, o000002475af74e28;  0 drivers
o000002475af74e58 .functor BUFZ 1, c4<z>; HiZ drive
v000002475afb71e0_0 .net "E", 0 0, o000002475af74e58;  0 drivers
v000002475afb73c0_0 .var "Q", 0 0;
o000002475af74eb8 .functor BUFZ 1, c4<z>; HiZ drive
v000002475afb7960_0 .net "S", 0 0, o000002475af74eb8;  0 drivers
E_000002475af413c0 .event negedge, v000002475afb6a60_0;
S_000002475af512f0 .scope module, "SB_DFFNR" "SB_DFFNR" 3 1011;
 .timescale -12 -12;
    .port_info 0 /OUTPUT 1 "Q";
    .port_info 1 /INPUT 1 "C";
    .port_info 2 /INPUT 1 "R";
    .port_info 3 /INPUT 1 "D";
o000002475af74fd8 .functor BUFZ 1, c4<z>; HiZ drive
v000002475afb7460_0 .net "C", 0 0, o000002475af74fd8;  0 drivers
o000002475af75008 .functor BUFZ 1, c4<z>; HiZ drive
v000002475afb8a40_0 .net "D", 0 0, o000002475af75008;  0 drivers
v000002475afb7500_0 .var "Q", 0 0;
o000002475af75068 .functor BUFZ 1, c4<z>; HiZ drive
v000002475afb75a0_0 .net "R", 0 0, o000002475af75068;  0 drivers
E_000002475af41a80/0 .event negedge, v000002475afb7460_0;
E_000002475af41a80/1 .event posedge, v000002475afb75a0_0;
E_000002475af41a80 .event/or E_000002475af41a80/0, E_000002475af41a80/1;
S_000002475af51930 .scope module, "SB_DFFNS" "SB_DFFNS" 3 1132;
 .timescale -12 -12;
    .port_info 0 /OUTPUT 1 "Q";
    .port_info 1 /INPUT 1 "C";
    .port_info 2 /INPUT 1 "S";
    .port_info 3 /INPUT 1 "D";
o000002475af75158 .functor BUFZ 1, c4<z>; HiZ drive
v000002475afb8ae0_0 .net "C", 0 0, o000002475af75158;  0 drivers
o000002475af75188 .functor BUFZ 1, c4<z>; HiZ drive
v000002475afb67e0_0 .net "D", 0 0, o000002475af75188;  0 drivers
v000002475afb7e60_0 .var "Q", 0 0;
o000002475af751e8 .functor BUFZ 1, c4<z>; HiZ drive
v000002475afb7640_0 .net "S", 0 0, o000002475af751e8;  0 drivers
E_000002475af419c0/0 .event negedge, v000002475afb8ae0_0;
E_000002475af419c0/1 .event posedge, v000002475afb7640_0;
E_000002475af419c0 .event/or E_000002475af419c0/0, E_000002475af419c0/1;
S_000002475af51610 .scope module, "SB_DFFNSR" "SB_DFFNSR" 3 961;
 .timescale -12 -12;
    .port_info 0 /OUTPUT 1 "Q";
    .port_info 1 /INPUT 1 "C";
    .port_info 2 /INPUT 1 "R";
    .port_info 3 /INPUT 1 "D";
o000002475af752d8 .functor BUFZ 1, c4<z>; HiZ drive
v000002475afb7a00_0 .net "C", 0 0, o000002475af752d8;  0 drivers
o000002475af75308 .functor BUFZ 1, c4<z>; HiZ drive
v000002475afb7f00_0 .net "D", 0 0, o000002475af75308;  0 drivers
v000002475afb6920_0 .var "Q", 0 0;
o000002475af75368 .functor BUFZ 1, c4<z>; HiZ drive
v000002475afb76e0_0 .net "R", 0 0, o000002475af75368;  0 drivers
E_000002475af41800 .event negedge, v000002475afb7a00_0;
S_000002475af51ac0 .scope module, "SB_DFFNSS" "SB_DFFNSS" 3 1082;
 .timescale -12 -12;
    .port_info 0 /OUTPUT 1 "Q";
    .port_info 1 /INPUT 1 "C";
    .port_info 2 /INPUT 1 "S";
    .port_info 3 /INPUT 1 "D";
o000002475af75458 .functor BUFZ 1, c4<z>; HiZ drive
v000002475afb80e0_0 .net "C", 0 0, o000002475af75458;  0 drivers
o000002475af75488 .functor BUFZ 1, c4<z>; HiZ drive
v000002475afb82c0_0 .net "D", 0 0, o000002475af75488;  0 drivers
v000002475afb8360_0 .var "Q", 0 0;
o000002475af754e8 .functor BUFZ 1, c4<z>; HiZ drive
v000002475afb8400_0 .net "S", 0 0, o000002475af754e8;  0 drivers
E_000002475af40f80 .event negedge, v000002475afb80e0_0;
S_000002475af517a0 .scope module, "SB_DFFR" "SB_DFFR" 3 400;
 .timescale -12 -12;
    .port_info 0 /OUTPUT 1 "Q";
    .port_info 1 /INPUT 1 "C";
    .port_info 2 /INPUT 1 "R";
    .port_info 3 /INPUT 1 "D";
o000002475af755d8 .functor BUFZ 1, c4<z>; HiZ drive
v000002475afb8900_0 .net "C", 0 0, o000002475af755d8;  0 drivers
o000002475af75608 .functor BUFZ 1, c4<z>; HiZ drive
v000002475afb84a0_0 .net "D", 0 0, o000002475af75608;  0 drivers
v000002475afb8540_0 .var "Q", 0 0;
o000002475af75668 .functor BUFZ 1, c4<z>; HiZ drive
v000002475afb85e0_0 .net "R", 0 0, o000002475af75668;  0 drivers
E_000002475af41880 .event posedge, v000002475afb85e0_0, v000002475afb8900_0;
S_000002475af50cb0 .scope module, "SB_DFFS" "SB_DFFS" 3 521;
 .timescale -12 -12;
    .port_info 0 /OUTPUT 1 "Q";
    .port_info 1 /INPUT 1 "C";
    .port_info 2 /INPUT 1 "S";
    .port_info 3 /INPUT 1 "D";
o000002475af75758 .functor BUFZ 1, c4<z>; HiZ drive
v000002475afb8680_0 .net "C", 0 0, o000002475af75758;  0 drivers
o000002475af75788 .functor BUFZ 1, c4<z>; HiZ drive
v000002475afb8b80_0 .net "D", 0 0, o000002475af75788;  0 drivers
v000002475afb8cc0_0 .var "Q", 0 0;
o000002475af757e8 .functor BUFZ 1, c4<z>; HiZ drive
v000002475afb6560_0 .net "S", 0 0, o000002475af757e8;  0 drivers
E_000002475af41080 .event posedge, v000002475afb6560_0, v000002475afb8680_0;
S_000002475af50e40 .scope module, "SB_DFFSR" "SB_DFFSR" 3 350;
 .timescale -12 -12;
    .port_info 0 /OUTPUT 1 "Q";
    .port_info 1 /INPUT 1 "C";
    .port_info 2 /INPUT 1 "R";
    .port_info 3 /INPUT 1 "D";
o000002475af758d8 .functor BUFZ 1, c4<z>; HiZ drive
v000002475afba160_0 .net "C", 0 0, o000002475af758d8;  0 drivers
o000002475af75908 .functor BUFZ 1, c4<z>; HiZ drive
v000002475afb9bc0_0 .net "D", 0 0, o000002475af75908;  0 drivers
v000002475afba0c0_0 .var "Q", 0 0;
o000002475af75968 .functor BUFZ 1, c4<z>; HiZ drive
v000002475afb9300_0 .net "R", 0 0, o000002475af75968;  0 drivers
E_000002475af418c0 .event posedge, v000002475afba160_0;
S_000002475af50fd0 .scope module, "SB_DFFSS" "SB_DFFSS" 3 471;
 .timescale -12 -12;
    .port_info 0 /OUTPUT 1 "Q";
    .port_info 1 /INPUT 1 "C";
    .port_info 2 /INPUT 1 "S";
    .port_info 3 /INPUT 1 "D";
o000002475af75a58 .functor BUFZ 1, c4<z>; HiZ drive
v000002475afba2a0_0 .net "C", 0 0, o000002475af75a58;  0 drivers
o000002475af75a88 .functor BUFZ 1, c4<z>; HiZ drive
v000002475afb8ea0_0 .net "D", 0 0, o000002475af75a88;  0 drivers
v000002475afb9f80_0 .var "Q", 0 0;
o000002475af75ae8 .functor BUFZ 1, c4<z>; HiZ drive
v000002475afb98a0_0 .net "S", 0 0, o000002475af75ae8;  0 drivers
E_000002475af41640 .event posedge, v000002475afba2a0_0;
S_000002475af52170 .scope module, "SB_FILTER_50NS" "SB_FILTER_50NS" 3 2856;
 .timescale -12 -12;
    .port_info 0 /INPUT 1 "FILTERIN";
    .port_info 1 /OUTPUT 1 "FILTEROUT";
o000002475af75bd8 .functor BUFZ 1, c4<z>; HiZ drive
v000002475afb9620_0 .net "FILTERIN", 0 0, o000002475af75bd8;  0 drivers
o000002475af75c08 .functor BUFZ 1, c4<z>; HiZ drive
v000002475afb9940_0 .net "FILTEROUT", 0 0, o000002475af75c08;  0 drivers
S_000002475af52f80 .scope module, "SB_GB" "SB_GB" 3 162;
 .timescale -12 -12;
    .port_info 0 /INPUT 1 "USER_SIGNAL_TO_GLOBAL_BUFFER";
    .port_info 1 /OUTPUT 1 "GLOBAL_BUFFER_OUTPUT";
o000002475af75cc8 .functor BUFZ 1, c4<z>; HiZ drive
L_000002475af4e040 .functor BUFZ 1, o000002475af75cc8, C4<0>, C4<0>, C4<0>;
v000002475afb96c0_0 .net "GLOBAL_BUFFER_OUTPUT", 0 0, L_000002475af4e040;  1 drivers
v000002475afb9c60_0 .net "USER_SIGNAL_TO_GLOBAL_BUFFER", 0 0, o000002475af75cc8;  0 drivers
S_000002475af52620 .scope module, "SB_GB_IO" "SB_GB_IO" 3 123;
 .timescale -12 -12;
    .port_info 0 /INOUT 1 "PACKAGE_PIN";
    .port_info 1 /OUTPUT 1 "GLOBAL_BUFFER_OUTPUT";
    .port_info 2 /INPUT 1 "LATCH_INPUT_VALUE";
    .port_info 3 /INPUT 1 "CLOCK_ENABLE";
    .port_info 4 /INPUT 1 "INPUT_CLK";
    .port_info 5 /INPUT 1 "OUTPUT_CLK";
    .port_info 6 /INPUT 1 "OUTPUT_ENABLE";
    .port_info 7 /INPUT 1 "D_OUT_0";
    .port_info 8 /INPUT 1 "D_OUT_1";
    .port_info 9 /OUTPUT 1 "D_IN_0";
    .port_info 10 /OUTPUT 1 "D_IN_1";
P_000002475ad8b540 .param/str "IO_STANDARD" 0 3 139, "SB_LVCMOS";
P_000002475ad8b578 .param/l "NEG_TRIGGER" 0 3 138, C4<0>;
P_000002475ad8b5b0 .param/l "PIN_TYPE" 0 3 136, C4<000000>;
P_000002475ad8b5e8 .param/l "PULLUP" 0 3 137, C4<0>;
o000002475af75f08 .functor BUFZ 1, c4<z>; HiZ drive
L_000002475af4d400 .functor BUFZ 1, o000002475af75f08, C4<0>, C4<0>, C4<0>;
o000002475af75d58 .functor BUFZ 1, c4<z>; HiZ drive
v000002475afbc4f0_0 .net "CLOCK_ENABLE", 0 0, o000002475af75d58;  0 drivers
v000002475afbc8b0_0 .net "D_IN_0", 0 0, L_000002475af4e740;  1 drivers
v000002475afbc590_0 .net "D_IN_1", 0 0, L_000002475af4d9b0;  1 drivers
o000002475af75de8 .functor BUFZ 1, c4<z>; HiZ drive
v000002475afbc950_0 .net "D_OUT_0", 0 0, o000002475af75de8;  0 drivers
o000002475af75e18 .functor BUFZ 1, c4<z>; HiZ drive
v000002475afbcb30_0 .net "D_OUT_1", 0 0, o000002475af75e18;  0 drivers
v000002475afbb730_0 .net "GLOBAL_BUFFER_OUTPUT", 0 0, L_000002475af4d400;  1 drivers
o000002475af75e48 .functor BUFZ 1, c4<z>; HiZ drive
v000002475afbb5f0_0 .net "INPUT_CLK", 0 0, o000002475af75e48;  0 drivers
o000002475af75e78 .functor BUFZ 1, c4<z>; HiZ drive
v000002475afbb7d0_0 .net "LATCH_INPUT_VALUE", 0 0, o000002475af75e78;  0 drivers
o000002475af75ea8 .functor BUFZ 1, c4<z>; HiZ drive
v000002475afbb550_0 .net "OUTPUT_CLK", 0 0, o000002475af75ea8;  0 drivers
o000002475af75ed8 .functor BUFZ 1, c4<z>; HiZ drive
v000002475afbb190_0 .net "OUTPUT_ENABLE", 0 0, o000002475af75ed8;  0 drivers
v000002475afbcef0_0 .net "PACKAGE_PIN", 0 0, o000002475af75f08;  0 drivers
S_000002475af58b90 .scope module, "IO" "SB_IO" 3 148, 3 17 0, S_000002475af52620;
 .timescale -12 -12;
    .port_info 0 /INOUT 1 "PACKAGE_PIN";
    .port_info 1 /INPUT 1 "LATCH_INPUT_VALUE";
    .port_info 2 /INPUT 1 "CLOCK_ENABLE";
    .port_info 3 /INPUT 1 "INPUT_CLK";
    .port_info 4 /INPUT 1 "OUTPUT_CLK";
    .port_info 5 /INPUT 1 "OUTPUT_ENABLE";
    .port_info 6 /INPUT 1 "D_OUT_0";
    .port_info 7 /INPUT 1 "D_OUT_1";
    .port_info 8 /OUTPUT 1 "D_IN_0";
    .port_info 9 /OUTPUT 1 "D_IN_1";
P_000002475acdbbf0 .param/str "IO_STANDARD" 0 3 32, "SB_LVCMOS";
P_000002475acdbc28 .param/l "NEG_TRIGGER" 0 3 31, C4<0>;
P_000002475acdbc60 .param/l "PIN_TYPE" 0 3 29, C4<000000>;
P_000002475acdbc98 .param/l "PULLUP" 0 3 30, C4<0>;
L_000002475af4e5f0 .functor OR 1, o000002475af75d58, L_000002475b044470, C4<0>, C4<0>;
L_000002475af4e740 .functor BUFZ 1, v000002475afb8e00_0, C4<0>, C4<0>, C4<0>;
L_000002475af4d9b0 .functor BUFZ 1, v000002475afb8fe0_0, C4<0>, C4<0>, C4<0>;
v000002475afb91c0_0 .net "CLOCK_ENABLE", 0 0, o000002475af75d58;  alias, 0 drivers
v000002475afba200_0 .net "D_IN_0", 0 0, L_000002475af4e740;  alias, 1 drivers
v000002475afb9080_0 .net "D_IN_1", 0 0, L_000002475af4d9b0;  alias, 1 drivers
v000002475afba340_0 .net "D_OUT_0", 0 0, o000002475af75de8;  alias, 0 drivers
v000002475afb8f40_0 .net "D_OUT_1", 0 0, o000002475af75e18;  alias, 0 drivers
v000002475afb99e0_0 .net "INPUT_CLK", 0 0, o000002475af75e48;  alias, 0 drivers
v000002475afba3e0_0 .net "LATCH_INPUT_VALUE", 0 0, o000002475af75e78;  alias, 0 drivers
v000002475afb93a0_0 .net "OUTPUT_CLK", 0 0, o000002475af75ea8;  alias, 0 drivers
v000002475afb8d60_0 .net "OUTPUT_ENABLE", 0 0, o000002475af75ed8;  alias, 0 drivers
v000002475afb9440_0 .net "PACKAGE_PIN", 0 0, o000002475af75f08;  alias, 0 drivers
o000002475af75f38 .functor BUFZ 1, c4<z>; HiZ drive
; Elide local net with no drivers, v000002475afb9e40_0 name=_ivl_0
v000002475afb9ee0_0 .net *"_ivl_2", 0 0, L_000002475b044470;  1 drivers
v000002475afb9b20_0 .net "clken_pulled", 0 0, L_000002475af4e5f0;  1 drivers
v000002475afb9a80_0 .var "clken_pulled_ri", 0 0;
v000002475afb9d00_0 .var "clken_pulled_ro", 0 0;
v000002475afb8e00_0 .var "din_0", 0 0;
v000002475afb8fe0_0 .var "din_1", 0 0;
v000002475afb9da0_0 .var "din_q_0", 0 0;
v000002475afba020_0 .var "din_q_1", 0 0;
v000002475afb9120_0 .var "dout", 0 0;
v000002475afb9260_0 .var "dout_q_0", 0 0;
v000002475afb94e0_0 .var "dout_q_1", 0 0;
v000002475afb9760_0 .var "outclk_delayed_1", 0 0;
v000002475afb9580_0 .var "outclk_delayed_2", 0 0;
v000002475afb9800_0 .var "outena_q", 0 0;
E_000002475af41280 .event anyedge, v000002475afb9580_0, v000002475afb9260_0, v000002475afb94e0_0;
E_000002475af41900 .event anyedge, v000002475afb9760_0;
E_000002475af40e00 .event anyedge, v000002475afb93a0_0;
E_000002475af41580 .event anyedge, v000002475afb9da0_0, v000002475afba020_0;
L_000002475b044470 .cmp/eeq 1, o000002475af75d58, o000002475af75f38;
S_000002475af58d20 .scope generate, "genblk1" "genblk1" 3 45, 3 45 0, S_000002475af58b90;
 .timescale -12 -12;
E_000002475af41c40 .event posedge, v000002475afb93a0_0;
E_000002475af40e40 .event negedge, v000002475afb93a0_0;
E_000002475af41ac0 .event negedge, v000002475afb99e0_0;
E_000002475af41c80 .event posedge, v000002475afb99e0_0;
S_000002475af53110 .scope module, "SB_HFOSC" "SB_HFOSC" 3 2664;
 .timescale -12 -12;
    .port_info 0 /INPUT 1 "TRIM0";
    .port_info 1 /INPUT 1 "TRIM1";
    .port_info 2 /INPUT 1 "TRIM2";
    .port_info 3 /INPUT 1 "TRIM3";
    .port_info 4 /INPUT 1 "TRIM4";
    .port_info 5 /INPUT 1 "TRIM5";
    .port_info 6 /INPUT 1 "TRIM6";
    .port_info 7 /INPUT 1 "TRIM7";
    .port_info 8 /INPUT 1 "TRIM8";
    .port_info 9 /INPUT 1 "TRIM9";
    .port_info 10 /INPUT 1 "CLKHFPU";
    .port_info 11 /INPUT 1 "CLKHFEN";
    .port_info 12 /OUTPUT 1 "CLKHF";
P_000002475ad76b00 .param/str "CLKHF_DIV" 0 3 2680, "0b00";
P_000002475ad76b38 .param/str "TRIM_EN" 0 3 2679, "0b0";
o000002475af76628 .functor BUFZ 1, c4<z>; HiZ drive
v000002475afbc130_0 .net "CLKHF", 0 0, o000002475af76628;  0 drivers
o000002475af76658 .functor BUFZ 1, c4<z>; HiZ drive
v000002475afbb870_0 .net "CLKHFEN", 0 0, o000002475af76658;  0 drivers
o000002475af76688 .functor BUFZ 1, c4<z>; HiZ drive
v000002475afbc630_0 .net "CLKHFPU", 0 0, o000002475af76688;  0 drivers
o000002475af766b8 .functor BUFZ 1, c4<z>; HiZ drive
v000002475afbb050_0 .net "TRIM0", 0 0, o000002475af766b8;  0 drivers
o000002475af766e8 .functor BUFZ 1, c4<z>; HiZ drive
v000002475afbab50_0 .net "TRIM1", 0 0, o000002475af766e8;  0 drivers
o000002475af76718 .functor BUFZ 1, c4<z>; HiZ drive
v000002475afbb690_0 .net "TRIM2", 0 0, o000002475af76718;  0 drivers
o000002475af76748 .functor BUFZ 1, c4<z>; HiZ drive
v000002475afbbe10_0 .net "TRIM3", 0 0, o000002475af76748;  0 drivers
o000002475af76778 .functor BUFZ 1, c4<z>; HiZ drive
v000002475afbb910_0 .net "TRIM4", 0 0, o000002475af76778;  0 drivers
o000002475af767a8 .functor BUFZ 1, c4<z>; HiZ drive
v000002475afbc6d0_0 .net "TRIM5", 0 0, o000002475af767a8;  0 drivers
o000002475af767d8 .functor BUFZ 1, c4<z>; HiZ drive
v000002475afbc310_0 .net "TRIM6", 0 0, o000002475af767d8;  0 drivers
o000002475af76808 .functor BUFZ 1, c4<z>; HiZ drive
v000002475afbb0f0_0 .net "TRIM7", 0 0, o000002475af76808;  0 drivers
o000002475af76838 .functor BUFZ 1, c4<z>; HiZ drive
v000002475afbc770_0 .net "TRIM8", 0 0, o000002475af76838;  0 drivers
o000002475af76868 .functor BUFZ 1, c4<z>; HiZ drive
v000002475afbafb0_0 .net "TRIM9", 0 0, o000002475af76868;  0 drivers
S_000002475af52ad0 .scope module, "SB_I2C" "SB_I2C" 3 2733;
 .timescale -12 -12;
    .port_info 0 /INPUT 1 "SBCLKI";
    .port_info 1 /INPUT 1 "SBRWI";
    .port_info 2 /INPUT 1 "SBSTBI";
    .port_info 3 /INPUT 1 "SBADRI7";
    .port_info 4 /INPUT 1 "SBADRI6";
    .port_info 5 /INPUT 1 "SBADRI5";
    .port_info 6 /INPUT 1 "SBADRI4";
    .port_info 7 /INPUT 1 "SBADRI3";
    .port_info 8 /INPUT 1 "SBADRI2";
    .port_info 9 /INPUT 1 "SBADRI1";
    .port_info 10 /INPUT 1 "SBADRI0";
    .port_info 11 /INPUT 1 "SBDATI7";
    .port_info 12 /INPUT 1 "SBDATI6";
    .port_info 13 /INPUT 1 "SBDATI5";
    .port_info 14 /INPUT 1 "SBDATI4";
    .port_info 15 /INPUT 1 "SBDATI3";
    .port_info 16 /INPUT 1 "SBDATI2";
    .port_info 17 /INPUT 1 "SBDATI1";
    .port_info 18 /INPUT 1 "SBDATI0";
    .port_info 19 /INPUT 1 "SCLI";
    .port_info 20 /INPUT 1 "SDAI";
    .port_info 21 /OUTPUT 1 "SBDATO7";
    .port_info 22 /OUTPUT 1 "SBDATO6";
    .port_info 23 /OUTPUT 1 "SBDATO5";
    .port_info 24 /OUTPUT 1 "SBDATO4";
    .port_info 25 /OUTPUT 1 "SBDATO3";
    .port_info 26 /OUTPUT 1 "SBDATO2";
    .port_info 27 /OUTPUT 1 "SBDATO1";
    .port_info 28 /OUTPUT 1 "SBDATO0";
    .port_info 29 /OUTPUT 1 "SBACKO";
    .port_info 30 /OUTPUT 1 "I2CIRQ";
    .port_info 31 /OUTPUT 1 "I2CWKUP";
    .port_info 32 /OUTPUT 1 "SCLO";
    .port_info 33 /OUTPUT 1 "SCLOE";
    .port_info 34 /OUTPUT 1 "SDAO";
    .port_info 35 /OUTPUT 1 "SDAOE";
P_000002475ad76b80 .param/str "BUS_ADDR74" 0 3 2772, "0b0001";
P_000002475ad76bb8 .param/str "I2C_SLAVE_INIT_ADDR" 0 3 2771, "0b1111100001";
o000002475af76b08 .functor BUFZ 1, c4<z>; HiZ drive
v000002475afbb230_0 .net "I2CIRQ", 0 0, o000002475af76b08;  0 drivers
o000002475af76b38 .functor BUFZ 1, c4<z>; HiZ drive
v000002475afbb9b0_0 .net "I2CWKUP", 0 0, o000002475af76b38;  0 drivers
o000002475af76b68 .functor BUFZ 1, c4<z>; HiZ drive
v000002475afbc810_0 .net "SBACKO", 0 0, o000002475af76b68;  0 drivers
o000002475af76b98 .functor BUFZ 1, c4<z>; HiZ drive
v000002475afbba50_0 .net "SBADRI0", 0 0, o000002475af76b98;  0 drivers
o000002475af76bc8 .functor BUFZ 1, c4<z>; HiZ drive
v000002475afbb2d0_0 .net "SBADRI1", 0 0, o000002475af76bc8;  0 drivers
o000002475af76bf8 .functor BUFZ 1, c4<z>; HiZ drive
v000002475afbc9f0_0 .net "SBADRI2", 0 0, o000002475af76bf8;  0 drivers
o000002475af76c28 .functor BUFZ 1, c4<z>; HiZ drive
v000002475afbb370_0 .net "SBADRI3", 0 0, o000002475af76c28;  0 drivers
o000002475af76c58 .functor BUFZ 1, c4<z>; HiZ drive
v000002475afbca90_0 .net "SBADRI4", 0 0, o000002475af76c58;  0 drivers
o000002475af76c88 .functor BUFZ 1, c4<z>; HiZ drive
v000002475afbc3b0_0 .net "SBADRI5", 0 0, o000002475af76c88;  0 drivers
o000002475af76cb8 .functor BUFZ 1, c4<z>; HiZ drive
v000002475afbac90_0 .net "SBADRI6", 0 0, o000002475af76cb8;  0 drivers
o000002475af76ce8 .functor BUFZ 1, c4<z>; HiZ drive
v000002475afbadd0_0 .net "SBADRI7", 0 0, o000002475af76ce8;  0 drivers
o000002475af76d18 .functor BUFZ 1, c4<z>; HiZ drive
v000002475afbc270_0 .net "SBCLKI", 0 0, o000002475af76d18;  0 drivers
o000002475af76d48 .functor BUFZ 1, c4<z>; HiZ drive
v000002475afbbaf0_0 .net "SBDATI0", 0 0, o000002475af76d48;  0 drivers
o000002475af76d78 .functor BUFZ 1, c4<z>; HiZ drive
v000002475afbbb90_0 .net "SBDATI1", 0 0, o000002475af76d78;  0 drivers
o000002475af76da8 .functor BUFZ 1, c4<z>; HiZ drive
v000002475afbb410_0 .net "SBDATI2", 0 0, o000002475af76da8;  0 drivers
o000002475af76dd8 .functor BUFZ 1, c4<z>; HiZ drive
v000002475afbbc30_0 .net "SBDATI3", 0 0, o000002475af76dd8;  0 drivers
o000002475af76e08 .functor BUFZ 1, c4<z>; HiZ drive
v000002475afbbcd0_0 .net "SBDATI4", 0 0, o000002475af76e08;  0 drivers
o000002475af76e38 .functor BUFZ 1, c4<z>; HiZ drive
v000002475afbc090_0 .net "SBDATI5", 0 0, o000002475af76e38;  0 drivers
o000002475af76e68 .functor BUFZ 1, c4<z>; HiZ drive
v000002475afbad30_0 .net "SBDATI6", 0 0, o000002475af76e68;  0 drivers
o000002475af76e98 .functor BUFZ 1, c4<z>; HiZ drive
v000002475afbcd10_0 .net "SBDATI7", 0 0, o000002475af76e98;  0 drivers
o000002475af76ec8 .functor BUFZ 1, c4<z>; HiZ drive
v000002475afbabf0_0 .net "SBDATO0", 0 0, o000002475af76ec8;  0 drivers
o000002475af76ef8 .functor BUFZ 1, c4<z>; HiZ drive
v000002475afbc450_0 .net "SBDATO1", 0 0, o000002475af76ef8;  0 drivers
o000002475af76f28 .functor BUFZ 1, c4<z>; HiZ drive
v000002475afbcbd0_0 .net "SBDATO2", 0 0, o000002475af76f28;  0 drivers
o000002475af76f58 .functor BUFZ 1, c4<z>; HiZ drive
v000002475afbbd70_0 .net "SBDATO3", 0 0, o000002475af76f58;  0 drivers
o000002475af76f88 .functor BUFZ 1, c4<z>; HiZ drive
v000002475afbb4b0_0 .net "SBDATO4", 0 0, o000002475af76f88;  0 drivers
o000002475af76fb8 .functor BUFZ 1, c4<z>; HiZ drive
v000002475afbbeb0_0 .net "SBDATO5", 0 0, o000002475af76fb8;  0 drivers
o000002475af76fe8 .functor BUFZ 1, c4<z>; HiZ drive
v000002475afbbf50_0 .net "SBDATO6", 0 0, o000002475af76fe8;  0 drivers
o000002475af77018 .functor BUFZ 1, c4<z>; HiZ drive
v000002475afbbff0_0 .net "SBDATO7", 0 0, o000002475af77018;  0 drivers
o000002475af77048 .functor BUFZ 1, c4<z>; HiZ drive
v000002475afbc1d0_0 .net "SBRWI", 0 0, o000002475af77048;  0 drivers
o000002475af77078 .functor BUFZ 1, c4<z>; HiZ drive
v000002475afbcc70_0 .net "SBSTBI", 0 0, o000002475af77078;  0 drivers
o000002475af770a8 .functor BUFZ 1, c4<z>; HiZ drive
v000002475afbcdb0_0 .net "SCLI", 0 0, o000002475af770a8;  0 drivers
o000002475af770d8 .functor BUFZ 1, c4<z>; HiZ drive
v000002475afbce50_0 .net "SCLO", 0 0, o000002475af770d8;  0 drivers
o000002475af77108 .functor BUFZ 1, c4<z>; HiZ drive
v000002475afbcf90_0 .net "SCLOE", 0 0, o000002475af77108;  0 drivers
o000002475af77138 .functor BUFZ 1, c4<z>; HiZ drive
v000002475afbd030_0 .net "SDAI", 0 0, o000002475af77138;  0 drivers
o000002475af77168 .functor BUFZ 1, c4<z>; HiZ drive
v000002475afbd0d0_0 .net "SDAO", 0 0, o000002475af77168;  0 drivers
o000002475af77198 .functor BUFZ 1, c4<z>; HiZ drive
v000002475afba970_0 .net "SDAOE", 0 0, o000002475af77198;  0 drivers
S_000002475af52df0 .scope module, "SB_IO_I3C" "SB_IO_I3C" 3 2862;
 .timescale -12 -12;
    .port_info 0 /INOUT 1 "PACKAGE_PIN";
    .port_info 1 /INPUT 1 "LATCH_INPUT_VALUE";
    .port_info 2 /INPUT 1 "CLOCK_ENABLE";
    .port_info 3 /INPUT 1 "INPUT_CLK";
    .port_info 4 /INPUT 1 "OUTPUT_CLK";
    .port_info 5 /INPUT 1 "OUTPUT_ENABLE";
    .port_info 6 /INPUT 1 "D_OUT_0";
    .port_info 7 /INPUT 1 "D_OUT_1";
    .port_info 8 /OUTPUT 1 "D_IN_0";
    .port_info 9 /OUTPUT 1 "D_IN_1";
    .port_info 10 /INPUT 1 "PU_ENB";
    .port_info 11 /INPUT 1 "WEAK_PU_ENB";
P_000002475acd3d10 .param/str "IO_STANDARD" 0 3 2880, "SB_LVCMOS";
P_000002475acd3d48 .param/l "NEG_TRIGGER" 0 3 2879, C4<0>;
P_000002475acd3d80 .param/l "PIN_TYPE" 0 3 2876, C4<000000>;
P_000002475acd3db8 .param/l "PULLUP" 0 3 2877, C4<0>;
P_000002475acd3df0 .param/l "WEAK_PULLUP" 0 3 2878, C4<0>;
L_000002475af4de10 .functor BUFZ 1, v000002475afbd350_0, C4<0>, C4<0>, C4<0>;
L_000002475af4d5c0 .functor BUFZ 1, v000002475afbdfd0_0, C4<0>, C4<0>, C4<0>;
o000002475af77888 .functor BUFZ 1, c4<z>; HiZ drive
v000002475afbaa10_0 .net "CLOCK_ENABLE", 0 0, o000002475af77888;  0 drivers
v000002475afbaab0_0 .net "D_IN_0", 0 0, L_000002475af4de10;  1 drivers
v000002475afbae70_0 .net "D_IN_1", 0 0, L_000002475af4d5c0;  1 drivers
o000002475af77918 .functor BUFZ 1, c4<z>; HiZ drive
v000002475afbaf10_0 .net "D_OUT_0", 0 0, o000002475af77918;  0 drivers
o000002475af77948 .functor BUFZ 1, c4<z>; HiZ drive
v000002475afbd5d0_0 .net "D_OUT_1", 0 0, o000002475af77948;  0 drivers
o000002475af77978 .functor BUFZ 1, c4<z>; HiZ drive
v000002475afbe4d0_0 .net "INPUT_CLK", 0 0, o000002475af77978;  0 drivers
o000002475af779a8 .functor BUFZ 1, c4<z>; HiZ drive
v000002475afbe250_0 .net "LATCH_INPUT_VALUE", 0 0, o000002475af779a8;  0 drivers
o000002475af779d8 .functor BUFZ 1, c4<z>; HiZ drive
v000002475afbe570_0 .net "OUTPUT_CLK", 0 0, o000002475af779d8;  0 drivers
o000002475af77a08 .functor BUFZ 1, c4<z>; HiZ drive
v000002475afbddf0_0 .net "OUTPUT_ENABLE", 0 0, o000002475af77a08;  0 drivers
o000002475af77a38 .functor BUFZ 1, c4<z>; HiZ drive
v000002475afbe610_0 .net "PACKAGE_PIN", 0 0, o000002475af77a38;  0 drivers
o000002475af77a68 .functor BUFZ 1, c4<z>; HiZ drive
v000002475afbe110_0 .net "PU_ENB", 0 0, o000002475af77a68;  0 drivers
o000002475af77a98 .functor BUFZ 1, c4<z>; HiZ drive
v000002475afbe2f0_0 .net "WEAK_PU_ENB", 0 0, o000002475af77a98;  0 drivers
v000002475afbd350_0 .var "din_0", 0 0;
v000002475afbdfd0_0 .var "din_1", 0 0;
v000002475afbe070_0 .var "din_q_0", 0 0;
v000002475afbdad0_0 .var "din_q_1", 0 0;
v000002475afbe390_0 .var "dout", 0 0;
v000002475afbe1b0_0 .var "dout_q_0", 0 0;
v000002475afbe7f0_0 .var "dout_q_1", 0 0;
v000002475afbd7b0_0 .var "outclk_delayed_1", 0 0;
v000002475afbe430_0 .var "outclk_delayed_2", 0 0;
v000002475afbe6b0_0 .var "outena_q", 0 0;
E_000002475af41680 .event anyedge, v000002475afbe430_0, v000002475afbe1b0_0, v000002475afbe7f0_0;
E_000002475af40d00 .event anyedge, v000002475afbd7b0_0;
E_000002475af41000 .event anyedge, v000002475afbe570_0;
E_000002475af40f00 .event anyedge, v000002475afbe070_0, v000002475afbdad0_0;
S_000002475af56f70 .scope generate, "genblk1" "genblk1" 3 2888, 3 2888 0, S_000002475af52df0;
 .timescale -12 -12;
E_000002475af41740 .event posedge, v000002475afbe570_0;
E_000002475af41180 .event negedge, v000002475afbe570_0;
E_000002475af41cc0 .event negedge, v000002475afbe4d0_0;
E_000002475af416c0 .event posedge, v000002475afbe4d0_0;
S_000002475af532a0 .scope module, "SB_IO_OD" "SB_IO_OD" 3 2931;
 .timescale -12 -12;
    .port_info 0 /INOUT 1 "PACKAGEPIN";
    .port_info 1 /INPUT 1 "LATCHINPUTVALUE";
    .port_info 2 /INPUT 1 "CLOCKENABLE";
    .port_info 3 /INPUT 1 "INPUTCLK";
    .port_info 4 /INPUT 1 "OUTPUTCLK";
    .port_info 5 /INPUT 1 "OUTPUTENABLE";
    .port_info 6 /INPUT 1 "DOUT1";
    .port_info 7 /INPUT 1 "DOUT0";
    .port_info 8 /OUTPUT 1 "DIN1";
    .port_info 9 /OUTPUT 1 "DIN0";
P_000002475ad76c00 .param/l "NEG_TRIGGER" 0 3 2944, C4<0>;
P_000002475ad76c38 .param/l "PIN_TYPE" 0 3 2943, C4<000000>;
L_000002475af4e120 .functor BUFZ 1, v000002475afbd490_0, C4<0>, C4<0>, C4<0>;
L_000002475af4e190 .functor BUFZ 1, v000002475afbd530_0, C4<0>, C4<0>, C4<0>;
o000002475af77ee8 .functor BUFZ 1, c4<z>; HiZ drive
v000002475afbe750_0 .net "CLOCKENABLE", 0 0, o000002475af77ee8;  0 drivers
v000002475afbde90_0 .net "DIN0", 0 0, L_000002475af4e120;  1 drivers
v000002475afbd170_0 .net "DIN1", 0 0, L_000002475af4e190;  1 drivers
o000002475af77f78 .functor BUFZ 1, c4<z>; HiZ drive
v000002475afbdcb0_0 .net "DOUT0", 0 0, o000002475af77f78;  0 drivers
o000002475af77fa8 .functor BUFZ 1, c4<z>; HiZ drive
v000002475afbd210_0 .net "DOUT1", 0 0, o000002475af77fa8;  0 drivers
o000002475af77fd8 .functor BUFZ 1, c4<z>; HiZ drive
v000002475afbd2b0_0 .net "INPUTCLK", 0 0, o000002475af77fd8;  0 drivers
o000002475af78008 .functor BUFZ 1, c4<z>; HiZ drive
v000002475afbd850_0 .net "LATCHINPUTVALUE", 0 0, o000002475af78008;  0 drivers
o000002475af78038 .functor BUFZ 1, c4<z>; HiZ drive
v000002475afbdf30_0 .net "OUTPUTCLK", 0 0, o000002475af78038;  0 drivers
o000002475af78068 .functor BUFZ 1, c4<z>; HiZ drive
v000002475afbd990_0 .net "OUTPUTENABLE", 0 0, o000002475af78068;  0 drivers
o000002475af78098 .functor BUFZ 1, c4<z>; HiZ drive
v000002475afbd3f0_0 .net "PACKAGEPIN", 0 0, o000002475af78098;  0 drivers
v000002475afbd490_0 .var "din_0", 0 0;
v000002475afbd530_0 .var "din_1", 0 0;
v000002475afbd670_0 .var "din_q_0", 0 0;
v000002475afbd8f0_0 .var "din_q_1", 0 0;
v000002475afbd710_0 .var "dout", 0 0;
v000002475afbda30_0 .var "dout_q_0", 0 0;
v000002475afbdb70_0 .var "dout_q_1", 0 0;
v000002475afbdc10_0 .var "outclk_delayed_1", 0 0;
v000002475afbdd50_0 .var "outclk_delayed_2", 0 0;
v000002475afc13f0_0 .var "outena_q", 0 0;
E_000002475af41200 .event anyedge, v000002475afbdd50_0, v000002475afbda30_0, v000002475afbdb70_0;
E_000002475af410c0 .event anyedge, v000002475afbdc10_0;
E_000002475af411c0 .event anyedge, v000002475afbdf30_0;
E_000002475af40d40 .event anyedge, v000002475afbd670_0, v000002475afbd8f0_0;
S_000002475af575b0 .scope generate, "genblk1" "genblk1" 3 2952, 3 2952 0, S_000002475af532a0;
 .timescale -12 -12;
E_000002475af41700 .event posedge, v000002475afbdf30_0;
E_000002475af417c0 .event negedge, v000002475afbdf30_0;
E_000002475af40d80 .event negedge, v000002475afbd2b0_0;
E_000002475af40ec0 .event posedge, v000002475afbd2b0_0;
S_000002475af52300 .scope module, "SB_LEDDA_IP" "SB_LEDDA_IP" 3 2830;
 .timescale -12 -12;
    .port_info 0 /INPUT 1 "LEDDCS";
    .port_info 1 /INPUT 1 "LEDDCLK";
    .port_info 2 /INPUT 1 "LEDDDAT7";
    .port_info 3 /INPUT 1 "LEDDDAT6";
    .port_info 4 /INPUT 1 "LEDDDAT5";
    .port_info 5 /INPUT 1 "LEDDDAT4";
    .port_info 6 /INPUT 1 "LEDDDAT3";
    .port_info 7 /INPUT 1 "LEDDDAT2";
    .port_info 8 /INPUT 1 "LEDDDAT1";
    .port_info 9 /INPUT 1 "LEDDDAT0";
    .port_info 10 /INPUT 1 "LEDDADDR3";
    .port_info 11 /INPUT 1 "LEDDADDR2";
    .port_info 12 /INPUT 1 "LEDDADDR1";
    .port_info 13 /INPUT 1 "LEDDADDR0";
    .port_info 14 /INPUT 1 "LEDDDEN";
    .port_info 15 /INPUT 1 "LEDDEXE";
    .port_info 16 /INPUT 1 "LEDDRST";
    .port_info 17 /OUTPUT 1 "PWMOUT0";
    .port_info 18 /OUTPUT 1 "PWMOUT1";
    .port_info 19 /OUTPUT 1 "PWMOUT2";
    .port_info 20 /OUTPUT 1 "LEDDON";
o000002475af78488 .functor BUFZ 1, c4<z>; HiZ drive
v000002475afc2070_0 .net "LEDDADDR0", 0 0, o000002475af78488;  0 drivers
o000002475af784b8 .functor BUFZ 1, c4<z>; HiZ drive
v000002475afc12b0_0 .net "LEDDADDR1", 0 0, o000002475af784b8;  0 drivers
o000002475af784e8 .functor BUFZ 1, c4<z>; HiZ drive
v000002475afc15d0_0 .net "LEDDADDR2", 0 0, o000002475af784e8;  0 drivers
o000002475af78518 .functor BUFZ 1, c4<z>; HiZ drive
v000002475afc22f0_0 .net "LEDDADDR3", 0 0, o000002475af78518;  0 drivers
o000002475af78548 .functor BUFZ 1, c4<z>; HiZ drive
v000002475afc2390_0 .net "LEDDCLK", 0 0, o000002475af78548;  0 drivers
o000002475af78578 .functor BUFZ 1, c4<z>; HiZ drive
v000002475afc1710_0 .net "LEDDCS", 0 0, o000002475af78578;  0 drivers
o000002475af785a8 .functor BUFZ 1, c4<z>; HiZ drive
v000002475afc1490_0 .net "LEDDDAT0", 0 0, o000002475af785a8;  0 drivers
o000002475af785d8 .functor BUFZ 1, c4<z>; HiZ drive
v000002475afc1df0_0 .net "LEDDDAT1", 0 0, o000002475af785d8;  0 drivers
o000002475af78608 .functor BUFZ 1, c4<z>; HiZ drive
v000002475afc2750_0 .net "LEDDDAT2", 0 0, o000002475af78608;  0 drivers
o000002475af78638 .functor BUFZ 1, c4<z>; HiZ drive
v000002475afc1990_0 .net "LEDDDAT3", 0 0, o000002475af78638;  0 drivers
o000002475af78668 .functor BUFZ 1, c4<z>; HiZ drive
v000002475afc2430_0 .net "LEDDDAT4", 0 0, o000002475af78668;  0 drivers
o000002475af78698 .functor BUFZ 1, c4<z>; HiZ drive
v000002475afc1530_0 .net "LEDDDAT5", 0 0, o000002475af78698;  0 drivers
o000002475af786c8 .functor BUFZ 1, c4<z>; HiZ drive
v000002475afc2610_0 .net "LEDDDAT6", 0 0, o000002475af786c8;  0 drivers
o000002475af786f8 .functor BUFZ 1, c4<z>; HiZ drive
v000002475afc1a30_0 .net "LEDDDAT7", 0 0, o000002475af786f8;  0 drivers
o000002475af78728 .functor BUFZ 1, c4<z>; HiZ drive
v000002475afc2890_0 .net "LEDDDEN", 0 0, o000002475af78728;  0 drivers
o000002475af78758 .functor BUFZ 1, c4<z>; HiZ drive
v000002475afc24d0_0 .net "LEDDEXE", 0 0, o000002475af78758;  0 drivers
o000002475af78788 .functor BUFZ 1, c4<z>; HiZ drive
v000002475afc1b70_0 .net "LEDDON", 0 0, o000002475af78788;  0 drivers
o000002475af787b8 .functor BUFZ 1, c4<z>; HiZ drive
v000002475afc2570_0 .net "LEDDRST", 0 0, o000002475af787b8;  0 drivers
o000002475af787e8 .functor BUFZ 1, c4<z>; HiZ drive
v000002475afc1ad0_0 .net "PWMOUT0", 0 0, o000002475af787e8;  0 drivers
o000002475af78818 .functor BUFZ 1, c4<z>; HiZ drive
v000002475afc1c10_0 .net "PWMOUT1", 0 0, o000002475af78818;  0 drivers
o000002475af78848 .functor BUFZ 1, c4<z>; HiZ drive
v000002475afc1cb0_0 .net "PWMOUT2", 0 0, o000002475af78848;  0 drivers
S_000002475af52490 .scope module, "SB_LED_DRV_CUR" "SB_LED_DRV_CUR" 3 2709;
 .timescale -12 -12;
    .port_info 0 /INPUT 1 "EN";
    .port_info 1 /OUTPUT 1 "LEDPU";
o000002475af78c68 .functor BUFZ 1, c4<z>; HiZ drive
v000002475afc17b0_0 .net "EN", 0 0, o000002475af78c68;  0 drivers
o000002475af78c98 .functor BUFZ 1, c4<z>; HiZ drive
v000002475afc1850_0 .net "LEDPU", 0 0, o000002475af78c98;  0 drivers
S_000002475af51cc0 .scope module, "SB_LFOSC" "SB_LFOSC" 3 2684;
 .timescale -12 -12;
    .port_info 0 /INPUT 1 "CLKLFPU";
    .port_info 1 /INPUT 1 "CLKLFEN";
    .port_info 2 /OUTPUT 1 "CLKLF";
o000002475af78d28 .functor BUFZ 1, c4<z>; HiZ drive
v000002475afc1670_0 .net "CLKLF", 0 0, o000002475af78d28;  0 drivers
o000002475af78d58 .functor BUFZ 1, c4<z>; HiZ drive
v000002475afc21b0_0 .net "CLKLFEN", 0 0, o000002475af78d58;  0 drivers
o000002475af78d88 .functor BUFZ 1, c4<z>; HiZ drive
v000002475afc18f0_0 .net "CLKLFPU", 0 0, o000002475af78d88;  0 drivers
S_000002475af53430 .scope module, "SB_LUT4" "SB_LUT4" 3 177;
 .timescale -12 -12;
    .port_info 0 /OUTPUT 1 "O";
    .port_info 1 /INPUT 1 "I0";
    .port_info 2 /INPUT 1 "I1";
    .port_info 3 /INPUT 1 "I2";
    .port_info 4 /INPUT 1 "I3";
P_000002475af40a40 .param/l "LUT_INIT" 0 3 184, C4<0000000000000000>;
o000002475af78e48 .functor BUFZ 1, c4<z>; HiZ drive
v000002475afc1f30_0 .net "I0", 0 0, o000002475af78e48;  0 drivers
o000002475af78e78 .functor BUFZ 1, c4<z>; HiZ drive
v000002475afc1d50_0 .net "I1", 0 0, o000002475af78e78;  0 drivers
o000002475af78ea8 .functor BUFZ 1, c4<z>; HiZ drive
v000002475afc1e90_0 .net "I2", 0 0, o000002475af78ea8;  0 drivers
o000002475af78ed8 .functor BUFZ 1, c4<z>; HiZ drive
v000002475afc1fd0_0 .net "I3", 0 0, o000002475af78ed8;  0 drivers
v000002475afc2110_0 .net "O", 0 0, L_000002475b0439d0;  1 drivers
L_000002475afe66a0 .functor BUFT 1, C4<00000000>, C4<0>, C4<0>, C4<0>;
v000002475afc2930_0 .net/2u *"_ivl_0", 7 0, L_000002475afe66a0;  1 drivers
v000002475afc2250_0 .net *"_ivl_13", 1 0, L_000002475b045230;  1 drivers
v000002475afc26b0_0 .net *"_ivl_15", 1 0, L_000002475b044ab0;  1 drivers
v000002475afc27f0_0 .net *"_ivl_19", 0 0, L_000002475b044bf0;  1 drivers
L_000002475afe66e8 .functor BUFT 1, C4<00000000>, C4<0>, C4<0>, C4<0>;
v000002475afc1350_0 .net/2u *"_ivl_2", 7 0, L_000002475afe66e8;  1 drivers
v000002475afbff50_0 .net *"_ivl_21", 0 0, L_000002475b045550;  1 drivers
v000002475afc06d0_0 .net *"_ivl_7", 3 0, L_000002475b045190;  1 drivers
v000002475afc04f0_0 .net *"_ivl_9", 3 0, L_000002475b044010;  1 drivers
v000002475afc0d10_0 .net "s1", 1 0, L_000002475b043cf0;  1 drivers
v000002475afc0590_0 .net "s2", 3 0, L_000002475b043890;  1 drivers
v000002475afbedd0_0 .net "s3", 7 0, L_000002475b0450f0;  1 drivers
L_000002475b0450f0 .functor MUXZ 8, L_000002475afe66e8, L_000002475afe66a0, o000002475af78ed8, C4<>;
L_000002475b045190 .part L_000002475b0450f0, 4, 4;
L_000002475b044010 .part L_000002475b0450f0, 0, 4;
L_000002475b043890 .functor MUXZ 4, L_000002475b044010, L_000002475b045190, o000002475af78ea8, C4<>;
L_000002475b045230 .part L_000002475b043890, 2, 2;
L_000002475b044ab0 .part L_000002475b043890, 0, 2;
L_000002475b043cf0 .functor MUXZ 2, L_000002475b044ab0, L_000002475b045230, o000002475af78e78, C4<>;
L_000002475b044bf0 .part L_000002475b043cf0, 1, 1;
L_000002475b045550 .part L_000002475b043cf0, 0, 1;
L_000002475b0439d0 .functor MUXZ 1, L_000002475b045550, L_000002475b044bf0, o000002475af78e48, C4<>;
S_000002475af53a70 .scope module, "SB_MAC16" "SB_MAC16" 3 2996;
 .timescale -12 -12;
    .port_info 0 /INPUT 1 "CLK";
    .port_info 1 /INPUT 1 "CE";
    .port_info 2 /INPUT 16 "C";
    .port_info 3 /INPUT 16 "A";
    .port_info 4 /INPUT 16 "B";
    .port_info 5 /INPUT 16 "D";
    .port_info 6 /INPUT 1 "AHOLD";
    .port_info 7 /INPUT 1 "BHOLD";
    .port_info 8 /INPUT 1 "CHOLD";
    .port_info 9 /INPUT 1 "DHOLD";
    .port_info 10 /INPUT 1 "IRSTTOP";
    .port_info 11 /INPUT 1 "IRSTBOT";
    .port_info 12 /INPUT 1 "ORSTTOP";
    .port_info 13 /INPUT 1 "ORSTBOT";
    .port_info 14 /INPUT 1 "OLOADTOP";
    .port_info 15 /INPUT 1 "OLOADBOT";
    .port_info 16 /INPUT 1 "ADDSUBTOP";
    .port_info 17 /INPUT 1 "ADDSUBBOT";
    .port_info 18 /INPUT 1 "OHOLDTOP";
    .port_info 19 /INPUT 1 "OHOLDBOT";
    .port_info 20 /INPUT 1 "CI";
    .port_info 21 /INPUT 1 "ACCUMCI";
    .port_info 22 /INPUT 1 "SIGNEXTIN";
    .port_info 23 /OUTPUT 32 "O";
    .port_info 24 /OUTPUT 1 "CO";
    .port_info 25 /OUTPUT 1 "ACCUMCO";
    .port_info 26 /OUTPUT 1 "SIGNEXTOUT";
P_000002475acda850 .param/l "A_REG" 0 3 3011, C4<0>;
P_000002475acda888 .param/l "A_SIGNED" 0 3 3027, C4<0>;
P_000002475acda8c0 .param/l "BOTADDSUB_CARRYSELECT" 0 3 3025, C4<00>;
P_000002475acda8f8 .param/l "BOTADDSUB_LOWERINPUT" 0 3 3023, C4<00>;
P_000002475acda930 .param/l "BOTADDSUB_UPPERINPUT" 0 3 3024, C4<0>;
P_000002475acda968 .param/l "BOTOUTPUT_SELECT" 0 3 3022, C4<00>;
P_000002475acda9a0 .param/l "BOT_8x8_MULT_REG" 0 3 3015, C4<0>;
P_000002475acda9d8 .param/l "B_REG" 0 3 3012, C4<0>;
P_000002475acdaa10 .param/l "B_SIGNED" 0 3 3028, C4<0>;
P_000002475acdaa48 .param/l "C_REG" 0 3 3010, C4<0>;
P_000002475acdaa80 .param/l "D_REG" 0 3 3013, C4<0>;
P_000002475acdaab8 .param/l "MODE_8x8" 0 3 3026, C4<0>;
P_000002475acdaaf0 .param/l "NEG_TRIGGER" 0 3 3009, C4<0>;
P_000002475acdab28 .param/l "PIPELINE_16x16_MULT_REG1" 0 3 3016, C4<0>;
P_000002475acdab60 .param/l "PIPELINE_16x16_MULT_REG2" 0 3 3017, C4<0>;
P_000002475acdab98 .param/l "TOPADDSUB_CARRYSELECT" 0 3 3021, C4<00>;
P_000002475acdabd0 .param/l "TOPADDSUB_LOWERINPUT" 0 3 3019, C4<00>;
P_000002475acdac08 .param/l "TOPADDSUB_UPPERINPUT" 0 3 3020, C4<0>;
P_000002475acdac40 .param/l "TOPOUTPUT_SELECT" 0 3 3018, C4<00>;
P_000002475acdac78 .param/l "TOP_8x8_MULT_REG" 0 3 3014, C4<0>;
o000002475af79538 .functor BUFZ 1, c4<z>; HiZ drive
L_000002475afe6730 .functor BUFT 1, C4<0>, C4<0>, C4<0>, C4<0>;
L_000002475af4e200 .functor XOR 1, o000002475af79538, L_000002475afe6730, C4<0>, C4<0>;
o000002475af79478 .functor BUFZ 16, c4<zzzzzzzzzzzzzzzz>; HiZ drive
L_000002475af4d0f0 .functor BUFZ 16, o000002475af79478, C4<0000000000000000>, C4<0000000000000000>, C4<0000000000000000>;
o000002475af79238 .functor BUFZ 16, c4<zzzzzzzzzzzzzzzz>; HiZ drive
L_000002475af4e3c0 .functor BUFZ 16, o000002475af79238, C4<0000000000000000>, C4<0000000000000000>, C4<0000000000000000>;
o000002475af793b8 .functor BUFZ 16, c4<zzzzzzzzzzzzzzzz>; HiZ drive
L_000002475af4d470 .functor BUFZ 16, o000002475af793b8, C4<0000000000000000>, C4<0000000000000000>, C4<0000000000000000>;
o000002475af79598 .functor BUFZ 16, c4<zzzzzzzzzzzzzzzz>; HiZ drive
L_000002475af4cf30 .functor BUFZ 16, o000002475af79598, C4<0000000000000000>, C4<0000000000000000>, C4<0000000000000000>;
L_000002475af4e660 .functor BUFZ 16, L_000002475b043b10, C4<0000000000000000>, C4<0000000000000000>, C4<0000000000000000>;
L_000002475af4e7b0 .functor BUFZ 16, L_000002475b043bb0, C4<0000000000000000>, C4<0000000000000000>, C4<0000000000000000>;
L_000002475af4d4e0 .functor BUFZ 16, L_000002475b043c50, C4<0000000000000000>, C4<0000000000000000>, C4<0000000000000000>;
L_000002475af4e820 .functor BUFZ 16, L_000002475b0440b0, C4<0000000000000000>, C4<0000000000000000>, C4<0000000000000000>;
L_000002475af4d6a0 .functor BUFZ 32, L_000002475b0461d0, C4<00000000000000000000000000000000>, C4<00000000000000000000000000000000>, C4<00000000000000000000000000000000>;
L_000002475af4d780 .functor BUFZ 16, v000002475afc7050_0, C4<0000000000000000>, C4<0000000000000000>, C4<0000000000000000>;
L_000002475af4cc90 .functor BUFZ 16, L_000002475af4e3c0, C4<0000000000000000>, C4<0000000000000000>, C4<0000000000000000>;
L_000002475af4d7f0 .functor XOR 17, L_000002475b0463b0, L_000002475b045ff0, C4<00000000000000000>, C4<00000000000000000>;
o000002475af792f8 .functor BUFZ 1, c4<z>; HiZ drive
L_000002475af4dcc0 .functor XOR 1, L_000002475b0464f0, o000002475af792f8, C4<0>, C4<0>;
L_000002475af4d8d0 .functor XOR 16, L_000002475b046090, L_000002475b046310, C4<0000000000000000>, C4<0000000000000000>;
L_000002475af4cd70 .functor BUFZ 16, L_000002475b03fa10, C4<0000000000000000>, C4<0000000000000000>, C4<0000000000000000>;
L_000002475af4cde0 .functor BUFZ 16, v000002475afc5bb0_0, C4<0000000000000000>, C4<0000000000000000>, C4<0000000000000000>;
L_000002475af4da90 .functor BUFZ 16, L_000002475af4d470, C4<0000000000000000>, C4<0000000000000000>, C4<0000000000000000>;
L_000002475af4ea50 .functor XOR 17, L_000002475b040910, L_000002475b03f290, C4<00000000000000000>, C4<00000000000000000>;
L_000002475af4e970 .functor XOR 16, L_000002475b03fd30, L_000002475b040190, C4<0000000000000000>, C4<0000000000000000>;
L_000002475af4eac0 .functor BUFZ 16, L_000002475b040cd0, C4<0000000000000000>, C4<0000000000000000>, C4<0000000000000000>;
v000002475afc0950_0 .net "A", 15 0, o000002475af79238;  0 drivers
o000002475af79268 .functor BUFZ 1, c4<z>; HiZ drive
v000002475afc0e50_0 .net "ACCUMCI", 0 0, o000002475af79268;  0 drivers
v000002475afc0c70_0 .net "ACCUMCO", 0 0, L_000002475b0464f0;  1 drivers
o000002475af792c8 .functor BUFZ 1, c4<z>; HiZ drive
v000002475afbf7d0_0 .net "ADDSUBBOT", 0 0, o000002475af792c8;  0 drivers
v000002475afbfcd0_0 .net "ADDSUBTOP", 0 0, o000002475af792f8;  0 drivers
o000002475af79328 .functor BUFZ 1, c4<z>; HiZ drive
v000002475afbeb50_0 .net "AHOLD", 0 0, o000002475af79328;  0 drivers
v000002475afc0630_0 .net "Ah", 15 0, L_000002475b045410;  1 drivers
v000002475afc0770_0 .net "Al", 15 0, L_000002475b045730;  1 drivers
v000002475afc0810_0 .net "B", 15 0, o000002475af793b8;  0 drivers
o000002475af793e8 .functor BUFZ 1, c4<z>; HiZ drive
v000002475afc0090_0 .net "BHOLD", 0 0, o000002475af793e8;  0 drivers
v000002475afc0130_0 .net "Bh", 15 0, L_000002475b044330;  1 drivers
v000002475afbf050_0 .net "Bl", 15 0, L_000002475b0443d0;  1 drivers
v000002475afc0db0_0 .net "C", 15 0, o000002475af79478;  0 drivers
o000002475af794a8 .functor BUFZ 1, c4<z>; HiZ drive
v000002475afbf870_0 .net "CE", 0 0, o000002475af794a8;  0 drivers
o000002475af794d8 .functor BUFZ 1, c4<z>; HiZ drive
v000002475afc0ef0_0 .net "CHOLD", 0 0, o000002475af794d8;  0 drivers
o000002475af79508 .functor BUFZ 1, c4<z>; HiZ drive
v000002475afc08b0_0 .net "CI", 0 0, o000002475af79508;  0 drivers
v000002475afc09f0_0 .net "CLK", 0 0, o000002475af79538;  0 drivers
v000002475afc0a90_0 .net "CO", 0 0, L_000002475af4dcc0;  1 drivers
v000002475afbef10_0 .net "D", 15 0, o000002475af79598;  0 drivers
o000002475af795c8 .functor BUFZ 1, c4<z>; HiZ drive
v000002475afc0b30_0 .net "DHOLD", 0 0, o000002475af795c8;  0 drivers
L_000002475afe6c88 .functor BUFT 1, C4<0>, C4<0>, C4<0>, C4<0>;
v000002475afc1030_0 .net "HCI", 0 0, L_000002475afe6c88;  1 drivers
o000002475af79628 .functor BUFZ 1, c4<z>; HiZ drive
v000002475afbf230_0 .net "IRSTBOT", 0 0, o000002475af79628;  0 drivers
o000002475af79658 .functor BUFZ 1, c4<z>; HiZ drive
v000002475afbfd70_0 .net "IRSTTOP", 0 0, o000002475af79658;  0 drivers
L_000002475afe6da8 .functor BUFT 1, C4<0>, C4<0>, C4<0>, C4<0>;
v000002475afbf410_0 .net "LCI", 0 0, L_000002475afe6da8;  1 drivers
v000002475afc0bd0_0 .net "LCO", 0 0, L_000002475b0404b0;  1 drivers
v000002475afbf0f0_0 .net "O", 31 0, L_000002475b040730;  1 drivers
o000002475af79718 .functor BUFZ 1, c4<z>; HiZ drive
v000002475afbefb0_0 .net "OHOLDBOT", 0 0, o000002475af79718;  0 drivers
o000002475af79748 .functor BUFZ 1, c4<z>; HiZ drive
v000002475afbebf0_0 .net "OHOLDTOP", 0 0, o000002475af79748;  0 drivers
o000002475af79778 .functor BUFZ 1, c4<z>; HiZ drive
v000002475afc10d0_0 .net "OLOADBOT", 0 0, o000002475af79778;  0 drivers
o000002475af797a8 .functor BUFZ 1, c4<z>; HiZ drive
v000002475afc0f90_0 .net "OLOADTOP", 0 0, o000002475af797a8;  0 drivers
o000002475af797d8 .functor BUFZ 1, c4<z>; HiZ drive
v000002475afbf550_0 .net "ORSTBOT", 0 0, o000002475af797d8;  0 drivers
o000002475af79808 .functor BUFZ 1, c4<z>; HiZ drive
v000002475afc1170_0 .net "ORSTTOP", 0 0, o000002475af79808;  0 drivers
v000002475afc1210_0 .net "Oh", 15 0, L_000002475af4cd70;  1 drivers
v000002475afbeab0_0 .net "Ol", 15 0, L_000002475af4eac0;  1 drivers
o000002475af79898 .functor BUFZ 1, c4<z>; HiZ drive
v000002475afbee70_0 .net "SIGNEXTIN", 0 0, o000002475af79898;  0 drivers
v000002475afbec90_0 .net "SIGNEXTOUT", 0 0, L_000002475b03ef70;  1 drivers
v000002475afbed30_0 .net "XW", 15 0, L_000002475b046090;  1 drivers
v000002475afbf190_0 .net "YZ", 15 0, L_000002475b03fd30;  1 drivers
v000002475afbf2d0_0 .net/2u *"_ivl_0", 0 0, L_000002475afe6730;  1 drivers
v000002475afbf370_0 .net *"_ivl_100", 31 0, L_000002475b044c90;  1 drivers
L_000002475afe6b20 .functor BUFT 1, C4<0000000000000000>, C4<0>, C4<0>, C4<0>;
v000002475afbf4b0_0 .net *"_ivl_103", 15 0, L_000002475afe6b20;  1 drivers
v000002475afbf5f0_0 .net *"_ivl_104", 31 0, L_000002475b045f50;  1 drivers
v000002475afbf690_0 .net *"_ivl_106", 15 0, L_000002475b046450;  1 drivers
L_000002475afe6b68 .functor BUFT 1, C4<0000000000000000>, C4<0>, C4<0>, C4<0>;
v000002475afbf730_0 .net *"_ivl_108", 15 0, L_000002475afe6b68;  1 drivers
L_000002475afe6778 .functor BUFT 1, C4<00000000>, C4<0>, C4<0>, C4<0>;
v000002475afbf910_0 .net/2u *"_ivl_12", 7 0, L_000002475afe6778;  1 drivers
v000002475afbf9b0_0 .net *"_ivl_121", 16 0, L_000002475b046270;  1 drivers
L_000002475afe6bb0 .functor BUFT 1, C4<0>, C4<0>, C4<0>, C4<0>;
v000002475afbfa50_0 .net *"_ivl_124", 0 0, L_000002475afe6bb0;  1 drivers
v000002475afbfaf0_0 .net *"_ivl_125", 16 0, L_000002475b0463b0;  1 drivers
L_000002475afe6bf8 .functor BUFT 1, C4<0>, C4<0>, C4<0>, C4<0>;
v000002475afc0310_0 .net *"_ivl_128", 0 0, L_000002475afe6bf8;  1 drivers
v000002475afbfb90_0 .net *"_ivl_130", 15 0, L_000002475b046590;  1 drivers
v000002475afc01d0_0 .net *"_ivl_131", 16 0, L_000002475b045ff0;  1 drivers
L_000002475afe6c40 .functor BUFT 1, C4<0>, C4<0>, C4<0>, C4<0>;
v000002475afbfc30_0 .net *"_ivl_134", 0 0, L_000002475afe6c40;  1 drivers
v000002475afbfe10_0 .net *"_ivl_135", 16 0, L_000002475af4d7f0;  1 drivers
v000002475afbfeb0_0 .net *"_ivl_137", 16 0, L_000002475b046630;  1 drivers
L_000002475afe6fe8 .functor BUFT 1, C4<00000000000000000>, C4<0>, C4<0>, C4<0>;
v000002475afc0270_0 .net *"_ivl_139", 16 0, L_000002475afe6fe8;  1 drivers
v000002475afbfff0_0 .net *"_ivl_143", 16 0, L_000002475b046130;  1 drivers
v000002475afc03b0_0 .net *"_ivl_148", 15 0, L_000002475b046310;  1 drivers
v000002475afc0450_0 .net *"_ivl_149", 15 0, L_000002475af4d8d0;  1 drivers
v000002475afc38b0_0 .net *"_ivl_15", 7 0, L_000002475b045af0;  1 drivers
v000002475afc3db0_0 .net *"_ivl_168", 16 0, L_000002475b03fdd0;  1 drivers
L_000002475afe6cd0 .functor BUFT 1, C4<0>, C4<0>, C4<0>, C4<0>;
v000002475afc3310_0 .net *"_ivl_171", 0 0, L_000002475afe6cd0;  1 drivers
v000002475afc5430_0 .net *"_ivl_172", 16 0, L_000002475b040910;  1 drivers
L_000002475afe6d18 .functor BUFT 1, C4<0>, C4<0>, C4<0>, C4<0>;
v000002475afc4df0_0 .net *"_ivl_175", 0 0, L_000002475afe6d18;  1 drivers
v000002475afc4710_0 .net *"_ivl_177", 15 0, L_000002475b03f3d0;  1 drivers
v000002475afc3810_0 .net *"_ivl_178", 16 0, L_000002475b03f290;  1 drivers
L_000002475afe67c0 .functor BUFT 1, C4<00000000>, C4<0>, C4<0>, C4<0>;
v000002475afc3b30_0 .net/2u *"_ivl_18", 7 0, L_000002475afe67c0;  1 drivers
L_000002475afe6d60 .functor BUFT 1, C4<0>, C4<0>, C4<0>, C4<0>;
v000002475afc4e90_0 .net *"_ivl_181", 0 0, L_000002475afe6d60;  1 drivers
v000002475afc3a90_0 .net *"_ivl_182", 16 0, L_000002475af4ea50;  1 drivers
v000002475afc3bd0_0 .net *"_ivl_184", 16 0, L_000002475b03ed90;  1 drivers
L_000002475afe7030 .functor BUFT 1, C4<00000000000000000>, C4<0>, C4<0>, C4<0>;
v000002475afc3950_0 .net *"_ivl_186", 16 0, L_000002475afe7030;  1 drivers
v000002475afc5390_0 .net *"_ivl_190", 16 0, L_000002475b03f330;  1 drivers
v000002475afc33b0_0 .net *"_ivl_193", 15 0, L_000002475b040190;  1 drivers
v000002475afc5070_0 .net *"_ivl_194", 15 0, L_000002475af4e970;  1 drivers
v000002475afc4990_0 .net *"_ivl_21", 7 0, L_000002475b044290;  1 drivers
L_000002475afe6808 .functor BUFT 1, C4<00000000>, C4<0>, C4<0>, C4<0>;
v000002475afc3130_0 .net/2u *"_ivl_24", 7 0, L_000002475afe6808;  1 drivers
v000002475afc4350_0 .net *"_ivl_27", 7 0, L_000002475b0455f0;  1 drivers
L_000002475afe6850 .functor BUFT 1, C4<00000000>, C4<0>, C4<0>, C4<0>;
v000002475afc4210_0 .net/2u *"_ivl_30", 7 0, L_000002475afe6850;  1 drivers
v000002475afc47b0_0 .net *"_ivl_33", 7 0, L_000002475b043930;  1 drivers
L_000002475afe6898 .functor BUFT 1, C4<00000000>, C4<0>, C4<0>, C4<0>;
v000002475afc4170_0 .net/2u *"_ivl_38", 7 0, L_000002475afe6898;  1 drivers
v000002475afc2eb0_0 .net *"_ivl_41", 7 0, L_000002475b0445b0;  1 drivers
v000002475afc39f0_0 .net *"_ivl_42", 15 0, L_000002475b043e30;  1 drivers
L_000002475afe68e0 .functor BUFT 1, C4<00000000>, C4<0>, C4<0>, C4<0>;
v000002475afc2d70_0 .net/2u *"_ivl_46", 7 0, L_000002475afe68e0;  1 drivers
v000002475afc4a30_0 .net *"_ivl_49", 7 0, L_000002475b043f70;  1 drivers
v000002475afc4670_0 .net *"_ivl_50", 15 0, L_000002475b044790;  1 drivers
L_000002475afe6928 .functor BUFT 1, C4<00000000>, C4<0>, C4<0>, C4<0>;
v000002475afc3c70_0 .net/2u *"_ivl_64", 7 0, L_000002475afe6928;  1 drivers
L_000002475afe6970 .functor BUFT 1, C4<00000000>, C4<0>, C4<0>, C4<0>;
v000002475afc4ad0_0 .net/2u *"_ivl_68", 7 0, L_000002475afe6970;  1 drivers
v000002475afc3d10_0 .net *"_ivl_72", 31 0, L_000002475b045870;  1 drivers
L_000002475afe69b8 .functor BUFT 1, C4<0000000000000000>, C4<0>, C4<0>, C4<0>;
v000002475afc2f50_0 .net *"_ivl_75", 15 0, L_000002475afe69b8;  1 drivers
v000002475afc3e50_0 .net *"_ivl_76", 31 0, L_000002475b0457d0;  1 drivers
L_000002475afe6a00 .functor BUFT 1, C4<00000000>, C4<0>, C4<0>, C4<0>;
v000002475afc3ef0_0 .net *"_ivl_79", 7 0, L_000002475afe6a00;  1 drivers
v000002475afc3450_0 .net *"_ivl_80", 31 0, L_000002475b045c30;  1 drivers
v000002475afc4b70_0 .net *"_ivl_82", 23 0, L_000002475b045b90;  1 drivers
L_000002475afe6a48 .functor BUFT 1, C4<00000000>, C4<0>, C4<0>, C4<0>;
v000002475afc4f30_0 .net *"_ivl_84", 7 0, L_000002475afe6a48;  1 drivers
v000002475afc31d0_0 .net *"_ivl_86", 31 0, L_000002475b044a10;  1 drivers
v000002475afc3f90_0 .net *"_ivl_88", 31 0, L_000002475b044650;  1 drivers
L_000002475afe6a90 .functor BUFT 1, C4<00000000>, C4<0>, C4<0>, C4<0>;
v000002475afc4030_0 .net *"_ivl_91", 7 0, L_000002475afe6a90;  1 drivers
v000002475afc4490_0 .net *"_ivl_92", 31 0, L_000002475b044970;  1 drivers
v000002475afc40d0_0 .net *"_ivl_94", 23 0, L_000002475b0446f0;  1 drivers
L_000002475afe6ad8 .functor BUFT 1, C4<00000000>, C4<0>, C4<0>, C4<0>;
v000002475afc43f0_0 .net *"_ivl_96", 7 0, L_000002475afe6ad8;  1 drivers
v000002475afc51b0_0 .net *"_ivl_98", 31 0, L_000002475b044b50;  1 drivers
v000002475afc2ff0_0 .net "clock", 0 0, L_000002475af4e200;  1 drivers
v000002475afc4850_0 .net "iA", 15 0, L_000002475af4e3c0;  1 drivers
v000002475afc3270_0 .net "iB", 15 0, L_000002475af4d470;  1 drivers
v000002475afc3770_0 .net "iC", 15 0, L_000002475af4d0f0;  1 drivers
v000002475afc42b0_0 .net "iD", 15 0, L_000002475af4cf30;  1 drivers
v000002475afc4530_0 .net "iF", 15 0, L_000002475af4e660;  1 drivers
v000002475afc36d0_0 .net "iG", 15 0, L_000002475af4e820;  1 drivers
v000002475afc4c10_0 .net "iH", 31 0, L_000002475af4d6a0;  1 drivers
v000002475afc3090_0 .net "iJ", 15 0, L_000002475af4e7b0;  1 drivers
v000002475afc48f0_0 .net "iJ_e", 23 0, L_000002475b0448d0;  1 drivers
v000002475afc4cb0_0 .net "iK", 15 0, L_000002475af4d4e0;  1 drivers
v000002475afc4fd0_0 .net "iK_e", 23 0, L_000002475b044150;  1 drivers
v000002475afc4d50_0 .net "iL", 31 0, L_000002475b0461d0;  1 drivers
v000002475afc34f0_0 .net "iP", 15 0, L_000002475b03fa10;  1 drivers
v000002475afc5110_0 .net "iQ", 15 0, v000002475afc7050_0;  1 drivers
v000002475afc45d0_0 .net "iR", 15 0, L_000002475b040cd0;  1 drivers
v000002475afc5250_0 .net "iS", 15 0, v000002475afc5bb0_0;  1 drivers
v000002475afc2cd0_0 .net "iW", 15 0, L_000002475af4d780;  1 drivers
v000002475afc52f0_0 .net "iX", 15 0, L_000002475af4cc90;  1 drivers
v000002475afc3590_0 .net "iY", 15 0, L_000002475af4cde0;  1 drivers
v000002475afc2e10_0 .net "iZ", 15 0, L_000002475af4da90;  1 drivers
v000002475afc3630_0 .net "p_Ah_Bh", 15 0, L_000002475b043b10;  1 drivers
v000002475afc56b0_0 .net "p_Ah_Bl", 15 0, L_000002475b043c50;  1 drivers
v000002475afc6ab0_0 .net "p_Al_Bh", 15 0, L_000002475b043bb0;  1 drivers
v000002475afc66f0_0 .net "p_Al_Bl", 15 0, L_000002475b0440b0;  1 drivers
v000002475afc5570_0 .var "rA", 15 0;
v000002475afc6010_0 .var "rB", 15 0;
v000002475afc7410_0 .var "rC", 15 0;
v000002475afc7b90_0 .var "rD", 15 0;
v000002475afc6b50_0 .var "rF", 15 0;
v000002475afc6290_0 .var "rG", 15 0;
v000002475afc72d0_0 .var "rH", 31 0;
v000002475afc6330_0 .var "rJ", 15 0;
v000002475afc65b0_0 .var "rK", 15 0;
v000002475afc7050_0 .var "rQ", 15 0;
v000002475afc5bb0_0 .var "rS", 15 0;
E_000002475af41a00 .event posedge, v000002475afbf550_0, v000002475afc2ff0_0;
E_000002475af40e80 .event posedge, v000002475afc1170_0, v000002475afc2ff0_0;
E_000002475af41040 .event posedge, v000002475afbf230_0, v000002475afc2ff0_0;
E_000002475af41100 .event posedge, v000002475afbfd70_0, v000002475afc2ff0_0;
L_000002475b045af0 .part L_000002475af4e3c0, 8, 8;
L_000002475b045410 .concat [ 8 8 0 0], L_000002475b045af0, L_000002475afe6778;
L_000002475b044290 .part L_000002475af4e3c0, 0, 8;
L_000002475b045730 .concat [ 8 8 0 0], L_000002475b044290, L_000002475afe67c0;
L_000002475b0455f0 .part L_000002475af4d470, 8, 8;
L_000002475b044330 .concat [ 8 8 0 0], L_000002475b0455f0, L_000002475afe6808;
L_000002475b043930 .part L_000002475af4d470, 0, 8;
L_000002475b0443d0 .concat [ 8 8 0 0], L_000002475b043930, L_000002475afe6850;
L_000002475b043b10 .arith/mult 16, L_000002475b045410, L_000002475b044330;
L_000002475b0445b0 .part L_000002475b045730, 0, 8;
L_000002475b043e30 .concat [ 8 8 0 0], L_000002475b0445b0, L_000002475afe6898;
L_000002475b043bb0 .arith/mult 16, L_000002475b043e30, L_000002475b044330;
L_000002475b043f70 .part L_000002475b0443d0, 0, 8;
L_000002475b044790 .concat [ 8 8 0 0], L_000002475b043f70, L_000002475afe68e0;
L_000002475b043c50 .arith/mult 16, L_000002475b045410, L_000002475b044790;
L_000002475b0440b0 .arith/mult 16, L_000002475b045730, L_000002475b0443d0;
L_000002475b044150 .concat [ 16 8 0 0], L_000002475af4d4e0, L_000002475afe6928;
L_000002475b0448d0 .concat [ 16 8 0 0], L_000002475af4e7b0, L_000002475afe6970;
L_000002475b045870 .concat [ 16 16 0 0], L_000002475af4e820, L_000002475afe69b8;
L_000002475b0457d0 .concat [ 24 8 0 0], L_000002475b044150, L_000002475afe6a00;
L_000002475b045b90 .part L_000002475b0457d0, 0, 24;
L_000002475b045c30 .concat [ 8 24 0 0], L_000002475afe6a48, L_000002475b045b90;
L_000002475b044a10 .arith/sum 32, L_000002475b045870, L_000002475b045c30;
L_000002475b044650 .concat [ 24 8 0 0], L_000002475b0448d0, L_000002475afe6a90;
L_000002475b0446f0 .part L_000002475b044650, 0, 24;
L_000002475b044970 .concat [ 8 24 0 0], L_000002475afe6ad8, L_000002475b0446f0;
L_000002475b044b50 .arith/sum 32, L_000002475b044a10, L_000002475b044970;
L_000002475b044c90 .concat [ 16 16 0 0], L_000002475af4e660, L_000002475afe6b20;
L_000002475b046450 .part L_000002475b044c90, 0, 16;
L_000002475b045f50 .concat [ 16 16 0 0], L_000002475afe6b68, L_000002475b046450;
L_000002475b0461d0 .arith/sum 32, L_000002475b044b50, L_000002475b045f50;
L_000002475b0464f0 .part L_000002475b046130, 16, 1;
L_000002475b046090 .part L_000002475b046130, 0, 16;
L_000002475b046270 .concat [ 16 1 0 0], L_000002475af4cc90, L_000002475afe6bb0;
L_000002475b0463b0 .concat [ 16 1 0 0], L_000002475af4d780, L_000002475afe6bf8;
L_000002475b046590 .repeat 16, 16, o000002475af792f8;
L_000002475b045ff0 .concat [ 16 1 0 0], L_000002475b046590, L_000002475afe6c40;
L_000002475b046630 .arith/sum 17, L_000002475b046270, L_000002475af4d7f0;
L_000002475b046130 .arith/sum 17, L_000002475b046630, L_000002475afe6fe8;
L_000002475b046310 .repeat 16, 16, o000002475af792f8;
L_000002475b03fa10 .functor MUXZ 16, L_000002475af4d8d0, L_000002475af4d0f0, o000002475af797a8, C4<>;
L_000002475b03ef70 .part L_000002475af4cc90, 15, 1;
L_000002475b0404b0 .part L_000002475b03f330, 16, 1;
L_000002475b03fd30 .part L_000002475b03f330, 0, 16;
L_000002475b03fdd0 .concat [ 16 1 0 0], L_000002475af4da90, L_000002475afe6cd0;
L_000002475b040910 .concat [ 16 1 0 0], L_000002475af4cde0, L_000002475afe6d18;
L_000002475b03f3d0 .repeat 16, 16, o000002475af792c8;
L_000002475b03f290 .concat [ 16 1 0 0], L_000002475b03f3d0, L_000002475afe6d60;
L_000002475b03ed90 .arith/sum 17, L_000002475b03fdd0, L_000002475af4ea50;
L_000002475b03f330 .arith/sum 17, L_000002475b03ed90, L_000002475afe7030;
L_000002475b040190 .repeat 16, 16, o000002475af792c8;
L_000002475b040cd0 .functor MUXZ 16, L_000002475af4e970, L_000002475af4cf30, o000002475af79778, C4<>;
L_000002475b040730 .concat [ 16 16 0 0], L_000002475af4eac0, L_000002475af4cd70;
S_000002475af535c0 .scope module, "SB_PLL40_2F_CORE" "SB_PLL40_2F_CORE" 3 2521;
 .timescale -12 -12;
    .port_info 0 /INPUT 1 "REFERENCECLK";
    .port_info 1 /OUTPUT 1 "PLLOUTCOREA";
    .port_info 2 /OUTPUT 1 "PLLOUTGLOBALA";
    .port_info 3 /OUTPUT 1 "PLLOUTCOREB";
    .port_info 4 /OUTPUT 1 "PLLOUTGLOBALB";
    .port_info 5 /INPUT 1 "EXTFEEDBACK";
    .port_info 6 /INPUT 8 "DYNAMICDELAY";
    .port_info 7 /OUTPUT 1 "LOCK";
    .port_info 8 /INPUT 1 "BYPASS";
    .port_info 9 /INPUT 1 "RESETB";
    .port_info 10 /INPUT 1 "LATCHINPUTVALUE";
    .port_info 11 /OUTPUT 1 "SDO";
    .port_info 12 /INPUT 1 "SDI";
    .port_info 13 /INPUT 1 "SCLK";
P_000002475ace0110 .param/str "DELAY_ADJUSTMENT_MODE_FEEDBACK" 0 3 2538, "FIXED";
P_000002475ace0148 .param/str "DELAY_ADJUSTMENT_MODE_RELATIVE" 0 3 2539, "FIXED";
P_000002475ace0180 .param/l "DIVF" 0 3 2546, C4<0000000>;
P_000002475ace01b8 .param/l "DIVQ" 0 3 2547, C4<000>;
P_000002475ace01f0 .param/l "DIVR" 0 3 2545, C4<0000>;
P_000002475ace0228 .param/l "ENABLE_ICEGATE_PORTA" 0 3 2549, C4<0>;
P_000002475ace0260 .param/l "ENABLE_ICEGATE_PORTB" 0 3 2550, C4<0>;
P_000002475ace0298 .param/l "EXTERNAL_DIVIDE_FACTOR" 0 3 2552, +C4<00000000000000000000000000000001>;
P_000002475ace02d0 .param/l "FDA_FEEDBACK" 0 3 2541, C4<0000>;
P_000002475ace0308 .param/l "FDA_RELATIVE" 0 3 2542, C4<0000>;
P_000002475ace0340 .param/str "FEEDBACK_PATH" 0 3 2537, "SIMPLE";
P_000002475ace0378 .param/l "FILTER_RANGE" 0 3 2548, C4<000>;
P_000002475ace03b0 .param/str "PLLOUT_SELECT_PORTA" 0 3 2543, "GENCLK";
P_000002475ace03e8 .param/str "PLLOUT_SELECT_PORTB" 0 3 2544, "GENCLK";
P_000002475ace0420 .param/l "SHIFTREG_DIV_MODE" 0 3 2540, C4<0>;
P_000002475ace0458 .param/l "TEST_MODE" 0 3 2551, C4<0>;
o000002475af7b0c8 .functor BUFZ 1, c4<z>; HiZ drive
v000002475afc79b0_0 .net "BYPASS", 0 0, o000002475af7b0c8;  0 drivers
o000002475af7b0f8 .functor BUFZ 8, c4<zzzzzzzz>; HiZ drive
v000002475afc75f0_0 .net "DYNAMICDELAY", 7 0, o000002475af7b0f8;  0 drivers
o000002475af7b128 .functor BUFZ 1, c4<z>; HiZ drive
v000002475afc7c30_0 .net "EXTFEEDBACK", 0 0, o000002475af7b128;  0 drivers
o000002475af7b158 .functor BUFZ 1, c4<z>; HiZ drive
v000002475afc5b10_0 .net "LATCHINPUTVALUE", 0 0, o000002475af7b158;  0 drivers
o000002475af7b188 .functor BUFZ 1, c4<z>; HiZ drive
v000002475afc7550_0 .net "LOCK", 0 0, o000002475af7b188;  0 drivers
o000002475af7b1b8 .functor BUFZ 1, c4<z>; HiZ drive
v000002475afc6fb0_0 .net "PLLOUTCOREA", 0 0, o000002475af7b1b8;  0 drivers
o000002475af7b1e8 .functor BUFZ 1, c4<z>; HiZ drive
v000002475afc7870_0 .net "PLLOUTCOREB", 0 0, o000002475af7b1e8;  0 drivers
o000002475af7b218 .functor BUFZ 1, c4<z>; HiZ drive
v000002475afc7190_0 .net "PLLOUTGLOBALA", 0 0, o000002475af7b218;  0 drivers
o000002475af7b248 .functor BUFZ 1, c4<z>; HiZ drive
v000002475afc6d30_0 .net "PLLOUTGLOBALB", 0 0, o000002475af7b248;  0 drivers
o000002475af7b278 .functor BUFZ 1, c4<z>; HiZ drive
v000002475afc5610_0 .net "REFERENCECLK", 0 0, o000002475af7b278;  0 drivers
o000002475af7b2a8 .functor BUFZ 1, c4<z>; HiZ drive
v000002475afc6c90_0 .net "RESETB", 0 0, o000002475af7b2a8;  0 drivers
o000002475af7b2d8 .functor BUFZ 1, c4<z>; HiZ drive
v000002475afc6a10_0 .net "SCLK", 0 0, o000002475af7b2d8;  0 drivers
o000002475af7b308 .functor BUFZ 1, c4<z>; HiZ drive
v000002475afc70f0_0 .net "SDI", 0 0, o000002475af7b308;  0 drivers
o000002475af7b338 .functor BUFZ 1, c4<z>; HiZ drive
v000002475afc7230_0 .net "SDO", 0 0, o000002475af7b338;  0 drivers
S_000002475af53750 .scope module, "SB_PLL40_2F_PAD" "SB_PLL40_2F_PAD" 3 2556;
 .timescale -12 -12;
    .port_info 0 /INPUT 1 "PACKAGEPIN";
    .port_info 1 /OUTPUT 1 "PLLOUTCOREA";
    .port_info 2 /OUTPUT 1 "PLLOUTGLOBALA";
    .port_info 3 /OUTPUT 1 "PLLOUTCOREB";
    .port_info 4 /OUTPUT 1 "PLLOUTGLOBALB";
    .port_info 5 /INPUT 1 "EXTFEEDBACK";
    .port_info 6 /INPUT 8 "DYNAMICDELAY";
    .port_info 7 /OUTPUT 1 "LOCK";
    .port_info 8 /INPUT 1 "BYPASS";
    .port_info 9 /INPUT 1 "RESETB";
    .port_info 10 /INPUT 1 "LATCHINPUTVALUE";
    .port_info 11 /OUTPUT 1 "SDO";
    .port_info 12 /INPUT 1 "SDI";
    .port_info 13 /INPUT 1 "SCLK";
P_000002475acd0fe0 .param/str "DELAY_ADJUSTMENT_MODE_FEEDBACK" 0 3 2573, "FIXED";
P_000002475acd1018 .param/str "DELAY_ADJUSTMENT_MODE_RELATIVE" 0 3 2574, "FIXED";
P_000002475acd1050 .param/l "DIVF" 0 3 2581, C4<0000000>;
P_000002475acd1088 .param/l "DIVQ" 0 3 2582, C4<000>;
P_000002475acd10c0 .param/l "DIVR" 0 3 2580, C4<0000>;
P_000002475acd10f8 .param/l "ENABLE_ICEGATE_PORTA" 0 3 2584, C4<0>;
P_000002475acd1130 .param/l "ENABLE_ICEGATE_PORTB" 0 3 2585, C4<0>;
P_000002475acd1168 .param/l "EXTERNAL_DIVIDE_FACTOR" 0 3 2587, +C4<00000000000000000000000000000001>;
P_000002475acd11a0 .param/l "FDA_FEEDBACK" 0 3 2576, C4<0000>;
P_000002475acd11d8 .param/l "FDA_RELATIVE" 0 3 2577, C4<0000>;
P_000002475acd1210 .param/str "FEEDBACK_PATH" 0 3 2572, "SIMPLE";
P_000002475acd1248 .param/l "FILTER_RANGE" 0 3 2583, C4<000>;
P_000002475acd1280 .param/str "PLLOUT_SELECT_PORTA" 0 3 2578, "GENCLK";
P_000002475acd12b8 .param/str "PLLOUT_SELECT_PORTB" 0 3 2579, "GENCLK";
P_000002475acd12f0 .param/l "SHIFTREG_DIV_MODE" 0 3 2575, C4<00>;
P_000002475acd1328 .param/l "TEST_MODE" 0 3 2586, C4<0>;
o000002475af7b608 .functor BUFZ 1, c4<z>; HiZ drive
v000002475afc6e70_0 .net "BYPASS", 0 0, o000002475af7b608;  0 drivers
o000002475af7b638 .functor BUFZ 8, c4<zzzzzzzz>; HiZ drive
v000002475afc6f10_0 .net "DYNAMICDELAY", 7 0, o000002475af7b638;  0 drivers
o000002475af7b668 .functor BUFZ 1, c4<z>; HiZ drive
v000002475afc7370_0 .net "EXTFEEDBACK", 0 0, o000002475af7b668;  0 drivers
o000002475af7b698 .functor BUFZ 1, c4<z>; HiZ drive
v000002475afc61f0_0 .net "LATCHINPUTVALUE", 0 0, o000002475af7b698;  0 drivers
o000002475af7b6c8 .functor BUFZ 1, c4<z>; HiZ drive
v000002475afc74b0_0 .net "LOCK", 0 0, o000002475af7b6c8;  0 drivers
o000002475af7b6f8 .functor BUFZ 1, c4<z>; HiZ drive
v000002475afc63d0_0 .net "PACKAGEPIN", 0 0, o000002475af7b6f8;  0 drivers
o000002475af7b728 .functor BUFZ 1, c4<z>; HiZ drive
v000002475afc5c50_0 .net "PLLOUTCOREA", 0 0, o000002475af7b728;  0 drivers
o000002475af7b758 .functor BUFZ 1, c4<z>; HiZ drive
v000002475afc6470_0 .net "PLLOUTCOREB", 0 0, o000002475af7b758;  0 drivers
o000002475af7b788 .functor BUFZ 1, c4<z>; HiZ drive
v000002475afc7690_0 .net "PLLOUTGLOBALA", 0 0, o000002475af7b788;  0 drivers
o000002475af7b7b8 .functor BUFZ 1, c4<z>; HiZ drive
v000002475afc7730_0 .net "PLLOUTGLOBALB", 0 0, o000002475af7b7b8;  0 drivers
o000002475af7b7e8 .functor BUFZ 1, c4<z>; HiZ drive
v000002475afc77d0_0 .net "RESETB", 0 0, o000002475af7b7e8;  0 drivers
o000002475af7b818 .functor BUFZ 1, c4<z>; HiZ drive
v000002475afc7910_0 .net "SCLK", 0 0, o000002475af7b818;  0 drivers
o000002475af7b848 .functor BUFZ 1, c4<z>; HiZ drive
v000002475afc7a50_0 .net "SDI", 0 0, o000002475af7b848;  0 drivers
o000002475af7b878 .functor BUFZ 1, c4<z>; HiZ drive
v000002475afc54d0_0 .net "SDO", 0 0, o000002475af7b878;  0 drivers
S_000002475af52c60 .scope module, "SB_PLL40_2_PAD" "SB_PLL40_2_PAD" 3 2487;
 .timescale -12 -12;
    .port_info 0 /INPUT 1 "PACKAGEPIN";
    .port_info 1 /OUTPUT 1 "PLLOUTCOREA";
    .port_info 2 /OUTPUT 1 "PLLOUTGLOBALA";
    .port_info 3 /OUTPUT 1 "PLLOUTCOREB";
    .port_info 4 /OUTPUT 1 "PLLOUTGLOBALB";
    .port_info 5 /INPUT 1 "EXTFEEDBACK";
    .port_info 6 /INPUT 8 "DYNAMICDELAY";
    .port_info 7 /OUTPUT 1 "LOCK";
    .port_info 8 /INPUT 1 "BYPASS";
    .port_info 9 /INPUT 1 "RESETB";
    .port_info 10 /INPUT 1 "LATCHINPUTVALUE";
    .port_info 11 /OUTPUT 1 "SDO";
    .port_info 12 /INPUT 1 "SDI";
    .port_info 13 /INPUT 1 "SCLK";
P_000002475accf2f0 .param/str "DELAY_ADJUSTMENT_MODE_FEEDBACK" 0 3 2504, "FIXED";
P_000002475accf328 .param/str "DELAY_ADJUSTMENT_MODE_RELATIVE" 0 3 2505, "FIXED";
P_000002475accf360 .param/l "DIVF" 0 3 2511, C4<0000000>;
P_000002475accf398 .param/l "DIVQ" 0 3 2512, C4<000>;
P_000002475accf3d0 .param/l "DIVR" 0 3 2510, C4<0000>;
P_000002475accf408 .param/l "ENABLE_ICEGATE_PORTA" 0 3 2514, C4<0>;
P_000002475accf440 .param/l "ENABLE_ICEGATE_PORTB" 0 3 2515, C4<0>;
P_000002475accf478 .param/l "EXTERNAL_DIVIDE_FACTOR" 0 3 2517, +C4<00000000000000000000000000000001>;
P_000002475accf4b0 .param/l "FDA_FEEDBACK" 0 3 2507, C4<0000>;
P_000002475accf4e8 .param/l "FDA_RELATIVE" 0 3 2508, C4<0000>;
P_000002475accf520 .param/str "FEEDBACK_PATH" 0 3 2503, "SIMPLE";
P_000002475accf558 .param/l "FILTER_RANGE" 0 3 2513, C4<000>;
P_000002475accf590 .param/str "PLLOUT_SELECT_PORTB" 0 3 2509, "GENCLK";
P_000002475accf5c8 .param/l "SHIFTREG_DIV_MODE" 0 3 2506, C4<0>;
P_000002475accf600 .param/l "TEST_MODE" 0 3 2516, C4<0>;
o000002475af7bb48 .functor BUFZ 1, c4<z>; HiZ drive
v000002475afc7af0_0 .net "BYPASS", 0 0, o000002475af7bb48;  0 drivers
o000002475af7bb78 .functor BUFZ 8, c4<zzzzzzzz>; HiZ drive
v000002475afc5750_0 .net "DYNAMICDELAY", 7 0, o000002475af7bb78;  0 drivers
o000002475af7bba8 .functor BUFZ 1, c4<z>; HiZ drive
v000002475afc57f0_0 .net "EXTFEEDBACK", 0 0, o000002475af7bba8;  0 drivers
o000002475af7bbd8 .functor BUFZ 1, c4<z>; HiZ drive
v000002475afc6970_0 .net "LATCHINPUTVALUE", 0 0, o000002475af7bbd8;  0 drivers
o000002475af7bc08 .functor BUFZ 1, c4<z>; HiZ drive
v000002475afc5a70_0 .net "LOCK", 0 0, o000002475af7bc08;  0 drivers
o000002475af7bc38 .functor BUFZ 1, c4<z>; HiZ drive
v000002475afc6bf0_0 .net "PACKAGEPIN", 0 0, o000002475af7bc38;  0 drivers
o000002475af7bc68 .functor BUFZ 1, c4<z>; HiZ drive
v000002475afc6dd0_0 .net "PLLOUTCOREA", 0 0, o000002475af7bc68;  0 drivers
o000002475af7bc98 .functor BUFZ 1, c4<z>; HiZ drive
v000002475afc5890_0 .net "PLLOUTCOREB", 0 0, o000002475af7bc98;  0 drivers
o000002475af7bcc8 .functor BUFZ 1, c4<z>; HiZ drive
v000002475afc5f70_0 .net "PLLOUTGLOBALA", 0 0, o000002475af7bcc8;  0 drivers
o000002475af7bcf8 .functor BUFZ 1, c4<z>; HiZ drive
v000002475afc5ed0_0 .net "PLLOUTGLOBALB", 0 0, o000002475af7bcf8;  0 drivers
o000002475af7bd28 .functor BUFZ 1, c4<z>; HiZ drive
v000002475afc5930_0 .net "RESETB", 0 0, o000002475af7bd28;  0 drivers
o000002475af7bd58 .functor BUFZ 1, c4<z>; HiZ drive
v000002475afc59d0_0 .net "SCLK", 0 0, o000002475af7bd58;  0 drivers
o000002475af7bd88 .functor BUFZ 1, c4<z>; HiZ drive
v000002475afc5cf0_0 .net "SDI", 0 0, o000002475af7bd88;  0 drivers
o000002475af7bdb8 .functor BUFZ 1, c4<z>; HiZ drive
v000002475afc5d90_0 .net "SDO", 0 0, o000002475af7bdb8;  0 drivers
S_000002475af51fe0 .scope module, "SB_PLL40_CORE" "SB_PLL40_CORE" 3 2425;
 .timescale -12 -12;
    .port_info 0 /INPUT 1 "REFERENCECLK";
    .port_info 1 /OUTPUT 1 "PLLOUTCORE";
    .port_info 2 /OUTPUT 1 "PLLOUTGLOBAL";
    .port_info 3 /INPUT 1 "EXTFEEDBACK";
    .port_info 4 /INPUT 8 "DYNAMICDELAY";
    .port_info 5 /OUTPUT 1 "LOCK";
    .port_info 6 /INPUT 1 "BYPASS";
    .port_info 7 /INPUT 1 "RESETB";
    .port_info 8 /INPUT 1 "LATCHINPUTVALUE";
    .port_info 9 /OUTPUT 1 "SDO";
    .port_info 10 /INPUT 1 "SDI";
    .port_info 11 /INPUT 1 "SCLK";
P_000002475acced70 .param/str "DELAY_ADJUSTMENT_MODE_FEEDBACK" 0 3 2440, "FIXED";
P_000002475acceda8 .param/str "DELAY_ADJUSTMENT_MODE_RELATIVE" 0 3 2441, "FIXED";
P_000002475accede0 .param/l "DIVF" 0 3 2447, C4<0000000>;
P_000002475accee18 .param/l "DIVQ" 0 3 2448, C4<000>;
P_000002475accee50 .param/l "DIVR" 0 3 2446, C4<0000>;
P_000002475accee88 .param/l "ENABLE_ICEGATE" 0 3 2450, C4<0>;
P_000002475acceec0 .param/l "EXTERNAL_DIVIDE_FACTOR" 0 3 2452, +C4<00000000000000000000000000000001>;
P_000002475acceef8 .param/l "FDA_FEEDBACK" 0 3 2443, C4<0000>;
P_000002475accef30 .param/l "FDA_RELATIVE" 0 3 2444, C4<0000>;
P_000002475accef68 .param/str "FEEDBACK_PATH" 0 3 2439, "SIMPLE";
P_000002475accefa0 .param/l "FILTER_RANGE" 0 3 2449, C4<000>;
P_000002475accefd8 .param/str "PLLOUT_SELECT" 0 3 2445, "GENCLK";
P_000002475accf010 .param/l "SHIFTREG_DIV_MODE" 0 3 2442, C4<0>;
P_000002475accf048 .param/l "TEST_MODE" 0 3 2451, C4<0>;
o000002475af7c088 .functor BUFZ 1, c4<z>; HiZ drive
v000002475afc5e30_0 .net "BYPASS", 0 0, o000002475af7c088;  0 drivers
o000002475af7c0b8 .functor BUFZ 8, c4<zzzzzzzz>; HiZ drive
v000002475afc60b0_0 .net "DYNAMICDELAY", 7 0, o000002475af7c0b8;  0 drivers
o000002475af7c0e8 .functor BUFZ 1, c4<z>; HiZ drive
v000002475afc6150_0 .net "EXTFEEDBACK", 0 0, o000002475af7c0e8;  0 drivers
o000002475af7c118 .functor BUFZ 1, c4<z>; HiZ drive
v000002475afc6510_0 .net "LATCHINPUTVALUE", 0 0, o000002475af7c118;  0 drivers
o000002475af7c148 .functor BUFZ 1, c4<z>; HiZ drive
v000002475afc6650_0 .net "LOCK", 0 0, o000002475af7c148;  0 drivers
o000002475af7c178 .functor BUFZ 1, c4<z>; HiZ drive
v000002475afc6790_0 .net "PLLOUTCORE", 0 0, o000002475af7c178;  0 drivers
o000002475af7c1a8 .functor BUFZ 1, c4<z>; HiZ drive
v000002475afc6830_0 .net "PLLOUTGLOBAL", 0 0, o000002475af7c1a8;  0 drivers
o000002475af7c1d8 .functor BUFZ 1, c4<z>; HiZ drive
v000002475afc68d0_0 .net "REFERENCECLK", 0 0, o000002475af7c1d8;  0 drivers
o000002475af7c208 .functor BUFZ 1, c4<z>; HiZ drive
v000002475afc9530_0 .net "RESETB", 0 0, o000002475af7c208;  0 drivers
o000002475af7c238 .functor BUFZ 1, c4<z>; HiZ drive
v000002475afc9350_0 .net "SCLK", 0 0, o000002475af7c238;  0 drivers
o000002475af7c268 .functor BUFZ 1, c4<z>; HiZ drive
v000002475afca390_0 .net "SDI", 0 0, o000002475af7c268;  0 drivers
o000002475af7c298 .functor BUFZ 1, c4<z>; HiZ drive
v000002475afca2f0_0 .net "SDO", 0 0, o000002475af7c298;  0 drivers
S_000002475af527b0 .scope module, "SB_PLL40_PAD" "SB_PLL40_PAD" 3 2456;
 .timescale -12 -12;
    .port_info 0 /INPUT 1 "PACKAGEPIN";
    .port_info 1 /OUTPUT 1 "PLLOUTCORE";
    .port_info 2 /OUTPUT 1 "PLLOUTGLOBAL";
    .port_info 3 /INPUT 1 "EXTFEEDBACK";
    .port_info 4 /INPUT 8 "DYNAMICDELAY";
    .port_info 5 /OUTPUT 1 "LOCK";
    .port_info 6 /INPUT 1 "BYPASS";
    .port_info 7 /INPUT 1 "RESETB";
    .port_info 8 /INPUT 1 "LATCHINPUTVALUE";
    .port_info 9 /OUTPUT 1 "SDO";
    .port_info 10 /INPUT 1 "SDI";
    .port_info 11 /INPUT 1 "SCLK";
P_000002475ac86780 .param/str "DELAY_ADJUSTMENT_MODE_FEEDBACK" 0 3 2471, "FIXED";
P_000002475ac867b8 .param/str "DELAY_ADJUSTMENT_MODE_RELATIVE" 0 3 2472, "FIXED";
P_000002475ac867f0 .param/l "DIVF" 0 3 2478, C4<0000000>;
P_000002475ac86828 .param/l "DIVQ" 0 3 2479, C4<000>;
P_000002475ac86860 .param/l "DIVR" 0 3 2477, C4<0000>;
P_000002475ac86898 .param/l "ENABLE_ICEGATE" 0 3 2481, C4<0>;
P_000002475ac868d0 .param/l "EXTERNAL_DIVIDE_FACTOR" 0 3 2483, +C4<00000000000000000000000000000001>;
P_000002475ac86908 .param/l "FDA_FEEDBACK" 0 3 2474, C4<0000>;
P_000002475ac86940 .param/l "FDA_RELATIVE" 0 3 2475, C4<0000>;
P_000002475ac86978 .param/str "FEEDBACK_PATH" 0 3 2470, "SIMPLE";
P_000002475ac869b0 .param/l "FILTER_RANGE" 0 3 2480, C4<000>;
P_000002475ac869e8 .param/str "PLLOUT_SELECT" 0 3 2476, "GENCLK";
P_000002475ac86a20 .param/l "SHIFTREG_DIV_MODE" 0 3 2473, C4<0>;
P_000002475ac86a58 .param/l "TEST_MODE" 0 3 2482, C4<0>;
o000002475af7c508 .functor BUFZ 1, c4<z>; HiZ drive
v000002475afc92b0_0 .net "BYPASS", 0 0, o000002475af7c508;  0 drivers
o000002475af7c538 .functor BUFZ 8, c4<zzzzzzzz>; HiZ drive
v000002475afc8ef0_0 .net "DYNAMICDELAY", 7 0, o000002475af7c538;  0 drivers
o000002475af7c568 .functor BUFZ 1, c4<z>; HiZ drive
v000002475afca070_0 .net "EXTFEEDBACK", 0 0, o000002475af7c568;  0 drivers
o000002475af7c598 .functor BUFZ 1, c4<z>; HiZ drive
v000002475afc95d0_0 .net "LATCHINPUTVALUE", 0 0, o000002475af7c598;  0 drivers
o000002475af7c5c8 .functor BUFZ 1, c4<z>; HiZ drive
v000002475afc9c10_0 .net "LOCK", 0 0, o000002475af7c5c8;  0 drivers
o000002475af7c5f8 .functor BUFZ 1, c4<z>; HiZ drive
v000002475afca430_0 .net "PACKAGEPIN", 0 0, o000002475af7c5f8;  0 drivers
o000002475af7c628 .functor BUFZ 1, c4<z>; HiZ drive
v000002475afc93f0_0 .net "PLLOUTCORE", 0 0, o000002475af7c628;  0 drivers
o000002475af7c658 .functor BUFZ 1, c4<z>; HiZ drive
v000002475afc8450_0 .net "PLLOUTGLOBAL", 0 0, o000002475af7c658;  0 drivers
o000002475af7c688 .functor BUFZ 1, c4<z>; HiZ drive
v000002475afc8a90_0 .net "RESETB", 0 0, o000002475af7c688;  0 drivers
o000002475af7c6b8 .functor BUFZ 1, c4<z>; HiZ drive
v000002475afc9ad0_0 .net "SCLK", 0 0, o000002475af7c6b8;  0 drivers
o000002475af7c6e8 .functor BUFZ 1, c4<z>; HiZ drive
v000002475afc9e90_0 .net "SDI", 0 0, o000002475af7c6e8;  0 drivers
o000002475af7c718 .functor BUFZ 1, c4<z>; HiZ drive
v000002475afc9490_0 .net "SDO", 0 0, o000002475af7c718;  0 drivers
S_000002475af51e50 .scope module, "SB_RAM40_4KNR" "SB_RAM40_4KNR" 3 1726;
 .timescale -12 -12;
    .port_info 0 /OUTPUT 16 "RDATA";
    .port_info 1 /INPUT 1 "RCLKN";
    .port_info 2 /INPUT 1 "RCLKE";
    .port_info 3 /INPUT 1 "RE";
    .port_info 4 /INPUT 11 "RADDR";
    .port_info 5 /INPUT 1 "WCLK";
    .port_info 6 /INPUT 1 "WCLKE";
    .port_info 7 /INPUT 1 "WE";
    .port_info 8 /INPUT 11 "WADDR";
    .port_info 9 /INPUT 16 "MASK";
    .port_info 10 /INPUT 16 "WDATA";
P_000002475af53e80 .param/l "INIT_0" 0 3 1742, C4<0000000000000000000000000000000000000000000000000000000000000000000000000000000000000000000000000000000000000000000000000000000000000000000000000000000000000000000000000000000000000000000000000000000000000000000000000000000000000000000000000000000000000000>;
P_000002475af53eb8 .param/l "INIT_1" 0 3 1743, C4<0000000000000000000000000000000000000000000000000000000000000000000000000000000000000000000000000000000000000000000000000000000000000000000000000000000000000000000000000000000000000000000000000000000000000000000000000000000000000000000000000000000000000000>;
P_000002475af53ef0 .param/l "INIT_2" 0 3 1744, C4<0000000000000000000000000000000000000000000000000000000000000000000000000000000000000000000000000000000000000000000000000000000000000000000000000000000000000000000000000000000000000000000000000000000000000000000000000000000000000000000000000000000000000000>;
P_000002475af53f28 .param/l "INIT_3" 0 3 1745, C4<0000000000000000000000000000000000000000000000000000000000000000000000000000000000000000000000000000000000000000000000000000000000000000000000000000000000000000000000000000000000000000000000000000000000000000000000000000000000000000000000000000000000000000>;
P_000002475af53f60 .param/l "INIT_4" 0 3 1746, C4<0000000000000000000000000000000000000000000000000000000000000000000000000000000000000000000000000000000000000000000000000000000000000000000000000000000000000000000000000000000000000000000000000000000000000000000000000000000000000000000000000000000000000000>;
P_000002475af53f98 .param/l "INIT_5" 0 3 1747, C4<0000000000000000000000000000000000000000000000000000000000000000000000000000000000000000000000000000000000000000000000000000000000000000000000000000000000000000000000000000000000000000000000000000000000000000000000000000000000000000000000000000000000000000>;
P_000002475af53fd0 .param/l "INIT_6" 0 3 1748, C4<0000000000000000000000000000000000000000000000000000000000000000000000000000000000000000000000000000000000000000000000000000000000000000000000000000000000000000000000000000000000000000000000000000000000000000000000000000000000000000000000000000000000000000>;
P_000002475af54008 .param/l "INIT_7" 0 3 1749, C4<0000000000000000000000000000000000000000000000000000000000000000000000000000000000000000000000000000000000000000000000000000000000000000000000000000000000000000000000000000000000000000000000000000000000000000000000000000000000000000000000000000000000000000>;
P_000002475af54040 .param/l "INIT_8" 0 3 1750, C4<0000000000000000000000000000000000000000000000000000000000000000000000000000000000000000000000000000000000000000000000000000000000000000000000000000000000000000000000000000000000000000000000000000000000000000000000000000000000000000000000000000000000000000>;
P_000002475af54078 .param/l "INIT_9" 0 3 1751, C4<0000000000000000000000000000000000000000000000000000000000000000000000000000000000000000000000000000000000000000000000000000000000000000000000000000000000000000000000000000000000000000000000000000000000000000000000000000000000000000000000000000000000000000>;
P_000002475af540b0 .param/l "INIT_A" 0 3 1752, C4<0000000000000000000000000000000000000000000000000000000000000000000000000000000000000000000000000000000000000000000000000000000000000000000000000000000000000000000000000000000000000000000000000000000000000000000000000000000000000000000000000000000000000000>;
P_000002475af540e8 .param/l "INIT_B" 0 3 1753, C4<0000000000000000000000000000000000000000000000000000000000000000000000000000000000000000000000000000000000000000000000000000000000000000000000000000000000000000000000000000000000000000000000000000000000000000000000000000000000000000000000000000000000000000>;
P_000002475af54120 .param/l "INIT_C" 0 3 1754, C4<0000000000000000000000000000000000000000000000000000000000000000000000000000000000000000000000000000000000000000000000000000000000000000000000000000000000000000000000000000000000000000000000000000000000000000000000000000000000000000000000000000000000000000>;
P_000002475af54158 .param/l "INIT_D" 0 3 1755, C4<0000000000000000000000000000000000000000000000000000000000000000000000000000000000000000000000000000000000000000000000000000000000000000000000000000000000000000000000000000000000000000000000000000000000000000000000000000000000000000000000000000000000000000>;
P_000002475af54190 .param/l "INIT_E" 0 3 1756, C4<0000000000000000000000000000000000000000000000000000000000000000000000000000000000000000000000000000000000000000000000000000000000000000000000000000000000000000000000000000000000000000000000000000000000000000000000000000000000000000000000000000000000000000>;
P_000002475af541c8 .param/l "INIT_F" 0 3 1757, C4<0000000000000000000000000000000000000000000000000000000000000000000000000000000000000000000000000000000000000000000000000000000000000000000000000000000000000000000000000000000000000000000000000000000000000000000000000000000000000000000000000000000000000000>;
P_000002475af54200 .param/str "INIT_FILE" 0 3 1759, "\000";
P_000002475af54238 .param/l "READ_MODE" 0 3 1740, +C4<00000000000000000000000000000000>;
P_000002475af54270 .param/l "WRITE_MODE" 0 3 1739, +C4<00000000000000000000000000000000>;
o000002475af7ce98 .functor BUFZ 1, c4<z>; HiZ drive
L_000002475af4eba0 .functor NOT 1, o000002475af7ce98, C4<0>, C4<0>, C4<0>;
o000002475af7c988 .functor BUFZ 16, c4<zzzzzzzzzzzzzzzz>; HiZ drive
v000002475afc9210_0 .net "MASK", 15 0, o000002475af7c988;  0 drivers
o000002475af7c9b8 .functor BUFZ 11, c4<zzzzzzzzzzz>; HiZ drive
v000002475afc9a30_0 .net "RADDR", 10 0, o000002475af7c9b8;  0 drivers
o000002475af7ca18 .functor BUFZ 1, c4<z>; HiZ drive
v000002475afc9d50_0 .net "RCLKE", 0 0, o000002475af7ca18;  0 drivers
v000002475afca1b0_0 .net "RCLKN", 0 0, o000002475af7ce98;  0 drivers
v000002475afc8590_0 .net "RDATA", 15 0, L_000002475af4eb30;  1 drivers
o000002475af7caa8 .functor BUFZ 1, c4<z>; HiZ drive
v000002475afc9670_0 .net "RE", 0 0, o000002475af7caa8;  0 drivers
o000002475af7cb08 .functor BUFZ 11, c4<zzzzzzzzzzz>; HiZ drive
v000002475afc97b0_0 .net "WADDR", 10 0, o000002475af7cb08;  0 drivers
o000002475af7cb38 .functor BUFZ 1, c4<z>; HiZ drive
v000002475afc8630_0 .net "WCLK", 0 0, o000002475af7cb38;  0 drivers
o000002475af7cb68 .functor BUFZ 1, c4<z>; HiZ drive
v000002475afc9990_0 .net "WCLKE", 0 0, o000002475af7cb68;  0 drivers
o000002475af7cb98 .functor BUFZ 16, c4<zzzzzzzzzzzzzzzz>; HiZ drive
v000002475afc9df0_0 .net "WDATA", 15 0, o000002475af7cb98;  0 drivers
o000002475af7cbf8 .functor BUFZ 1, c4<z>; HiZ drive
v000002475afca250_0 .net "WE", 0 0, o000002475af7cbf8;  0 drivers
S_000002475af57100 .scope module, "RAM" "SB_RAM40_4K" 3 1781, 3 1487 0, S_000002475af51e50;
 .timescale -12 -12;
    .port_info 0 /OUTPUT 16 "RDATA";
    .port_info 1 /INPUT 1 "RCLK";
    .port_info 2 /INPUT 1 "RCLKE";
    .port_info 3 /INPUT 1 "RE";
    .port_info 4 /INPUT 11 "RADDR";
    .port_info 5 /INPUT 1 "WCLK";
    .port_info 6 /INPUT 1 "WCLKE";
    .port_info 7 /INPUT 1 "WE";
    .port_info 8 /INPUT 11 "WADDR";
    .port_info 9 /INPUT 16 "MASK";
    .port_info 10 /INPUT 16 "WDATA";
P_000002475afd54b0 .param/l "INIT_0" 0 3 1507, C4<0000000000000000000000000000000000000000000000000000000000000000000000000000000000000000000000000000000000000000000000000000000000000000000000000000000000000000000000000000000000000000000000000000000000000000000000000000000000000000000000000000000000000000>;
P_000002475afd54e8 .param/l "INIT_1" 0 3 1508, C4<0000000000000000000000000000000000000000000000000000000000000000000000000000000000000000000000000000000000000000000000000000000000000000000000000000000000000000000000000000000000000000000000000000000000000000000000000000000000000000000000000000000000000000>;
P_000002475afd5520 .param/l "INIT_2" 0 3 1509, C4<0000000000000000000000000000000000000000000000000000000000000000000000000000000000000000000000000000000000000000000000000000000000000000000000000000000000000000000000000000000000000000000000000000000000000000000000000000000000000000000000000000000000000000>;
P_000002475afd5558 .param/l "INIT_3" 0 3 1510, C4<0000000000000000000000000000000000000000000000000000000000000000000000000000000000000000000000000000000000000000000000000000000000000000000000000000000000000000000000000000000000000000000000000000000000000000000000000000000000000000000000000000000000000000>;
P_000002475afd5590 .param/l "INIT_4" 0 3 1511, C4<0000000000000000000000000000000000000000000000000000000000000000000000000000000000000000000000000000000000000000000000000000000000000000000000000000000000000000000000000000000000000000000000000000000000000000000000000000000000000000000000000000000000000000>;
P_000002475afd55c8 .param/l "INIT_5" 0 3 1512, C4<0000000000000000000000000000000000000000000000000000000000000000000000000000000000000000000000000000000000000000000000000000000000000000000000000000000000000000000000000000000000000000000000000000000000000000000000000000000000000000000000000000000000000000>;
P_000002475afd5600 .param/l "INIT_6" 0 3 1513, C4<0000000000000000000000000000000000000000000000000000000000000000000000000000000000000000000000000000000000000000000000000000000000000000000000000000000000000000000000000000000000000000000000000000000000000000000000000000000000000000000000000000000000000000>;
P_000002475afd5638 .param/l "INIT_7" 0 3 1514, C4<0000000000000000000000000000000000000000000000000000000000000000000000000000000000000000000000000000000000000000000000000000000000000000000000000000000000000000000000000000000000000000000000000000000000000000000000000000000000000000000000000000000000000000>;
P_000002475afd5670 .param/l "INIT_8" 0 3 1515, C4<0000000000000000000000000000000000000000000000000000000000000000000000000000000000000000000000000000000000000000000000000000000000000000000000000000000000000000000000000000000000000000000000000000000000000000000000000000000000000000000000000000000000000000>;
P_000002475afd56a8 .param/l "INIT_9" 0 3 1516, C4<0000000000000000000000000000000000000000000000000000000000000000000000000000000000000000000000000000000000000000000000000000000000000000000000000000000000000000000000000000000000000000000000000000000000000000000000000000000000000000000000000000000000000000>;
P_000002475afd56e0 .param/l "INIT_A" 0 3 1517, C4<0000000000000000000000000000000000000000000000000000000000000000000000000000000000000000000000000000000000000000000000000000000000000000000000000000000000000000000000000000000000000000000000000000000000000000000000000000000000000000000000000000000000000000>;
P_000002475afd5718 .param/l "INIT_B" 0 3 1518, C4<0000000000000000000000000000000000000000000000000000000000000000000000000000000000000000000000000000000000000000000000000000000000000000000000000000000000000000000000000000000000000000000000000000000000000000000000000000000000000000000000000000000000000000>;
P_000002475afd5750 .param/l "INIT_C" 0 3 1519, C4<0000000000000000000000000000000000000000000000000000000000000000000000000000000000000000000000000000000000000000000000000000000000000000000000000000000000000000000000000000000000000000000000000000000000000000000000000000000000000000000000000000000000000000>;
P_000002475afd5788 .param/l "INIT_D" 0 3 1520, C4<0000000000000000000000000000000000000000000000000000000000000000000000000000000000000000000000000000000000000000000000000000000000000000000000000000000000000000000000000000000000000000000000000000000000000000000000000000000000000000000000000000000000000000>;
P_000002475afd57c0 .param/l "INIT_E" 0 3 1521, C4<0000000000000000000000000000000000000000000000000000000000000000000000000000000000000000000000000000000000000000000000000000000000000000000000000000000000000000000000000000000000000000000000000000000000000000000000000000000000000000000000000000000000000000>;
P_000002475afd57f8 .param/l "INIT_F" 0 3 1522, C4<0000000000000000000000000000000000000000000000000000000000000000000000000000000000000000000000000000000000000000000000000000000000000000000000000000000000000000000000000000000000000000000000000000000000000000000000000000000000000000000000000000000000000000>;
P_000002475afd5830 .param/str "INIT_FILE" 0 3 1524, "\000";
P_000002475afd5868 .param/l "READ_MODE" 0 3 1505, +C4<00000000000000000000000000000000>;
P_000002475afd58a0 .param/l "WRITE_MODE" 0 3 1504, +C4<00000000000000000000000000000000>;
v000002475afc8f90_0 .net "MASK", 15 0, o000002475af7c988;  alias, 0 drivers
v000002475afc89f0_0 .net "RADDR", 10 0, o000002475af7c9b8;  alias, 0 drivers
v000002475afc88b0_0 .net "RCLK", 0 0, L_000002475af4eba0;  1 drivers
v000002475afc8310_0 .net "RCLKE", 0 0, o000002475af7ca18;  alias, 0 drivers
v000002475afc8c70_0 .net "RDATA", 15 0, L_000002475af4eb30;  alias, 1 drivers
v000002475afc9cb0_0 .var "RDATA_I", 15 0;
v000002475afc9710_0 .net "RE", 0 0, o000002475af7caa8;  alias, 0 drivers
L_000002475afe6df0 .functor BUFT 1, C4<0000000000000000>, C4<0>, C4<0>, C4<0>;
v000002475afc9f30_0 .net "RMASK_I", 15 0, L_000002475afe6df0;  1 drivers
v000002475afc8130_0 .net "WADDR", 10 0, o000002475af7cb08;  alias, 0 drivers
v000002475afc8950_0 .net "WCLK", 0 0, o000002475af7cb38;  alias, 0 drivers
v000002475afc8d10_0 .net "WCLKE", 0 0, o000002475af7cb68;  alias, 0 drivers
v000002475afc8770_0 .net "WDATA", 15 0, o000002475af7cb98;  alias, 0 drivers
v000002475afc83b0_0 .net "WDATA_I", 15 0, L_000002475af4e900;  1 drivers
v000002475afc84f0_0 .net "WE", 0 0, o000002475af7cbf8;  alias, 0 drivers
v000002475afc7cd0_0 .net "WMASK_I", 15 0, L_000002475af4e890;  1 drivers
v000002475afca110_0 .var/i "i", 31 0;
v000002475afc9170 .array "memory", 255 0, 15 0;
E_000002475af41140 .event posedge, v000002475afc88b0_0;
E_000002475af412c0 .event posedge, v000002475afc8950_0;
S_000002475afd9240 .scope generate, "genblk1" "genblk1" 3 1534, 3 1534 0, S_000002475af57100;
 .timescale -12 -12;
L_000002475af4e890 .functor BUFZ 16, o000002475af7c988, C4<0000000000000000>, C4<0000000000000000>, C4<0000000000000000>;
S_000002475afd7c60 .scope generate, "genblk2" "genblk2" 3 1555, 3 1555 0, S_000002475af57100;
 .timescale -12 -12;
S_000002475afd96f0 .scope generate, "genblk3" "genblk3" 3 1576, 3 1576 0, S_000002475af57100;
 .timescale -12 -12;
L_000002475af4e900 .functor BUFZ 16, o000002475af7cb98, C4<0000000000000000>, C4<0000000000000000>, C4<0000000000000000>;
S_000002475afd9560 .scope generate, "genblk4" "genblk4" 3 1595, 3 1595 0, S_000002475af57100;
 .timescale -12 -12;
L_000002475af4eb30 .functor BUFZ 16, v000002475afc9cb0_0, C4<0000000000000000>, C4<0000000000000000>, C4<0000000000000000>;
S_000002475af538e0 .scope module, "SB_RAM40_4KNRNW" "SB_RAM40_4KNRNW" 3 1998;
 .timescale -12 -12;
    .port_info 0 /OUTPUT 16 "RDATA";
    .port_info 1 /INPUT 1 "RCLKN";
    .port_info 2 /INPUT 1 "RCLKE";
    .port_info 3 /INPUT 1 "RE";
    .port_info 4 /INPUT 11 "RADDR";
    .port_info 5 /INPUT 1 "WCLKN";
    .port_info 6 /INPUT 1 "WCLKE";
    .port_info 7 /INPUT 1 "WE";
    .port_info 8 /INPUT 11 "WADDR";
    .port_info 9 /INPUT 16 "MASK";
    .port_info 10 /INPUT 16 "WDATA";
P_000002475af546b0 .param/l "INIT_0" 0 3 2014, C4<0000000000000000000000000000000000000000000000000000000000000000000000000000000000000000000000000000000000000000000000000000000000000000000000000000000000000000000000000000000000000000000000000000000000000000000000000000000000000000000000000000000000000000>;
P_000002475af546e8 .param/l "INIT_1" 0 3 2015, C4<0000000000000000000000000000000000000000000000000000000000000000000000000000000000000000000000000000000000000000000000000000000000000000000000000000000000000000000000000000000000000000000000000000000000000000000000000000000000000000000000000000000000000000>;
P_000002475af54720 .param/l "INIT_2" 0 3 2016, C4<0000000000000000000000000000000000000000000000000000000000000000000000000000000000000000000000000000000000000000000000000000000000000000000000000000000000000000000000000000000000000000000000000000000000000000000000000000000000000000000000000000000000000000>;
P_000002475af54758 .param/l "INIT_3" 0 3 2017, C4<0000000000000000000000000000000000000000000000000000000000000000000000000000000000000000000000000000000000000000000000000000000000000000000000000000000000000000000000000000000000000000000000000000000000000000000000000000000000000000000000000000000000000000>;
P_000002475af54790 .param/l "INIT_4" 0 3 2018, C4<0000000000000000000000000000000000000000000000000000000000000000000000000000000000000000000000000000000000000000000000000000000000000000000000000000000000000000000000000000000000000000000000000000000000000000000000000000000000000000000000000000000000000000>;
P_000002475af547c8 .param/l "INIT_5" 0 3 2019, C4<0000000000000000000000000000000000000000000000000000000000000000000000000000000000000000000000000000000000000000000000000000000000000000000000000000000000000000000000000000000000000000000000000000000000000000000000000000000000000000000000000000000000000000>;
P_000002475af54800 .param/l "INIT_6" 0 3 2020, C4<0000000000000000000000000000000000000000000000000000000000000000000000000000000000000000000000000000000000000000000000000000000000000000000000000000000000000000000000000000000000000000000000000000000000000000000000000000000000000000000000000000000000000000>;
P_000002475af54838 .param/l "INIT_7" 0 3 2021, C4<0000000000000000000000000000000000000000000000000000000000000000000000000000000000000000000000000000000000000000000000000000000000000000000000000000000000000000000000000000000000000000000000000000000000000000000000000000000000000000000000000000000000000000>;
P_000002475af54870 .param/l "INIT_8" 0 3 2022, C4<0000000000000000000000000000000000000000000000000000000000000000000000000000000000000000000000000000000000000000000000000000000000000000000000000000000000000000000000000000000000000000000000000000000000000000000000000000000000000000000000000000000000000000>;
P_000002475af548a8 .param/l "INIT_9" 0 3 2023, C4<0000000000000000000000000000000000000000000000000000000000000000000000000000000000000000000000000000000000000000000000000000000000000000000000000000000000000000000000000000000000000000000000000000000000000000000000000000000000000000000000000000000000000000>;
P_000002475af548e0 .param/l "INIT_A" 0 3 2024, C4<0000000000000000000000000000000000000000000000000000000000000000000000000000000000000000000000000000000000000000000000000000000000000000000000000000000000000000000000000000000000000000000000000000000000000000000000000000000000000000000000000000000000000000>;
P_000002475af54918 .param/l "INIT_B" 0 3 2025, C4<0000000000000000000000000000000000000000000000000000000000000000000000000000000000000000000000000000000000000000000000000000000000000000000000000000000000000000000000000000000000000000000000000000000000000000000000000000000000000000000000000000000000000000>;
P_000002475af54950 .param/l "INIT_C" 0 3 2026, C4<0000000000000000000000000000000000000000000000000000000000000000000000000000000000000000000000000000000000000000000000000000000000000000000000000000000000000000000000000000000000000000000000000000000000000000000000000000000000000000000000000000000000000000>;
P_000002475af54988 .param/l "INIT_D" 0 3 2027, C4<0000000000000000000000000000000000000000000000000000000000000000000000000000000000000000000000000000000000000000000000000000000000000000000000000000000000000000000000000000000000000000000000000000000000000000000000000000000000000000000000000000000000000000>;
P_000002475af549c0 .param/l "INIT_E" 0 3 2028, C4<0000000000000000000000000000000000000000000000000000000000000000000000000000000000000000000000000000000000000000000000000000000000000000000000000000000000000000000000000000000000000000000000000000000000000000000000000000000000000000000000000000000000000000>;
P_000002475af549f8 .param/l "INIT_F" 0 3 2029, C4<0000000000000000000000000000000000000000000000000000000000000000000000000000000000000000000000000000000000000000000000000000000000000000000000000000000000000000000000000000000000000000000000000000000000000000000000000000000000000000000000000000000000000000>;
P_000002475af54a30 .param/str "INIT_FILE" 0 3 2031, "\000";
P_000002475af54a68 .param/l "READ_MODE" 0 3 2012, +C4<00000000000000000000000000000000>;
P_000002475af54aa0 .param/l "WRITE_MODE" 0 3 2011, +C4<00000000000000000000000000000000>;
o000002475af7d5e8 .functor BUFZ 1, c4<z>; HiZ drive
L_000002475aed5c70 .functor NOT 1, o000002475af7d5e8, C4<0>, C4<0>, C4<0>;
o000002475af7d618 .functor BUFZ 1, c4<z>; HiZ drive
L_000002475aed5ff0 .functor NOT 1, o000002475af7d618, C4<0>, C4<0>, C4<0>;
o000002475af7d0d8 .functor BUFZ 16, c4<zzzzzzzzzzzzzzzz>; HiZ drive
v000002475afc81d0_0 .net "MASK", 15 0, o000002475af7d0d8;  0 drivers
o000002475af7d108 .functor BUFZ 11, c4<zzzzzzzzzzz>; HiZ drive
v000002475afc8e50_0 .net "RADDR", 10 0, o000002475af7d108;  0 drivers
o000002475af7d168 .functor BUFZ 1, c4<z>; HiZ drive
v000002475afc90d0_0 .net "RCLKE", 0 0, o000002475af7d168;  0 drivers
v000002475afca570_0 .net "RCLKN", 0 0, o000002475af7d5e8;  0 drivers
v000002475afca9d0_0 .net "RDATA", 15 0, L_000002475aed5b90;  1 drivers
o000002475af7d1f8 .functor BUFZ 1, c4<z>; HiZ drive
v000002475afcab10_0 .net "RE", 0 0, o000002475af7d1f8;  0 drivers
o000002475af7d258 .functor BUFZ 11, c4<zzzzzzzzzzz>; HiZ drive
v000002475afca6b0_0 .net "WADDR", 10 0, o000002475af7d258;  0 drivers
o000002475af7d2b8 .functor BUFZ 1, c4<z>; HiZ drive
v000002475afcaa70_0 .net "WCLKE", 0 0, o000002475af7d2b8;  0 drivers
v000002475afcabb0_0 .net "WCLKN", 0 0, o000002475af7d618;  0 drivers
o000002475af7d2e8 .functor BUFZ 16, c4<zzzzzzzzzzzzzzzz>; HiZ drive
v000002475afca930_0 .net "WDATA", 15 0, o000002475af7d2e8;  0 drivers
o000002475af7d348 .functor BUFZ 1, c4<z>; HiZ drive
v000002475afca4d0_0 .net "WE", 0 0, o000002475af7d348;  0 drivers
S_000002475afd8d90 .scope module, "RAM" "SB_RAM40_4K" 3 2053, 3 1487 0, S_000002475af538e0;
 .timescale -12 -12;
    .port_info 0 /OUTPUT 16 "RDATA";
    .port_info 1 /INPUT 1 "RCLK";
    .port_info 2 /INPUT 1 "RCLKE";
    .port_info 3 /INPUT 1 "RE";
    .port_info 4 /INPUT 11 "RADDR";
    .port_info 5 /INPUT 1 "WCLK";
    .port_info 6 /INPUT 1 "WCLKE";
    .port_info 7 /INPUT 1 "WE";
    .port_info 8 /INPUT 11 "WADDR";
    .port_info 9 /INPUT 16 "MASK";
    .port_info 10 /INPUT 16 "WDATA";
P_000002475afd9900 .param/l "INIT_0" 0 3 1507, C4<0000000000000000000000000000000000000000000000000000000000000000000000000000000000000000000000000000000000000000000000000000000000000000000000000000000000000000000000000000000000000000000000000000000000000000000000000000000000000000000000000000000000000000>;
P_000002475afd9938 .param/l "INIT_1" 0 3 1508, C4<0000000000000000000000000000000000000000000000000000000000000000000000000000000000000000000000000000000000000000000000000000000000000000000000000000000000000000000000000000000000000000000000000000000000000000000000000000000000000000000000000000000000000000>;
P_000002475afd9970 .param/l "INIT_2" 0 3 1509, C4<0000000000000000000000000000000000000000000000000000000000000000000000000000000000000000000000000000000000000000000000000000000000000000000000000000000000000000000000000000000000000000000000000000000000000000000000000000000000000000000000000000000000000000>;
P_000002475afd99a8 .param/l "INIT_3" 0 3 1510, C4<0000000000000000000000000000000000000000000000000000000000000000000000000000000000000000000000000000000000000000000000000000000000000000000000000000000000000000000000000000000000000000000000000000000000000000000000000000000000000000000000000000000000000000>;
P_000002475afd99e0 .param/l "INIT_4" 0 3 1511, C4<0000000000000000000000000000000000000000000000000000000000000000000000000000000000000000000000000000000000000000000000000000000000000000000000000000000000000000000000000000000000000000000000000000000000000000000000000000000000000000000000000000000000000000>;
P_000002475afd9a18 .param/l "INIT_5" 0 3 1512, C4<0000000000000000000000000000000000000000000000000000000000000000000000000000000000000000000000000000000000000000000000000000000000000000000000000000000000000000000000000000000000000000000000000000000000000000000000000000000000000000000000000000000000000000>;
P_000002475afd9a50 .param/l "INIT_6" 0 3 1513, C4<0000000000000000000000000000000000000000000000000000000000000000000000000000000000000000000000000000000000000000000000000000000000000000000000000000000000000000000000000000000000000000000000000000000000000000000000000000000000000000000000000000000000000000>;
P_000002475afd9a88 .param/l "INIT_7" 0 3 1514, C4<0000000000000000000000000000000000000000000000000000000000000000000000000000000000000000000000000000000000000000000000000000000000000000000000000000000000000000000000000000000000000000000000000000000000000000000000000000000000000000000000000000000000000000>;
P_000002475afd9ac0 .param/l "INIT_8" 0 3 1515, C4<0000000000000000000000000000000000000000000000000000000000000000000000000000000000000000000000000000000000000000000000000000000000000000000000000000000000000000000000000000000000000000000000000000000000000000000000000000000000000000000000000000000000000000>;
P_000002475afd9af8 .param/l "INIT_9" 0 3 1516, C4<0000000000000000000000000000000000000000000000000000000000000000000000000000000000000000000000000000000000000000000000000000000000000000000000000000000000000000000000000000000000000000000000000000000000000000000000000000000000000000000000000000000000000000>;
P_000002475afd9b30 .param/l "INIT_A" 0 3 1517, C4<0000000000000000000000000000000000000000000000000000000000000000000000000000000000000000000000000000000000000000000000000000000000000000000000000000000000000000000000000000000000000000000000000000000000000000000000000000000000000000000000000000000000000000>;
P_000002475afd9b68 .param/l "INIT_B" 0 3 1518, C4<0000000000000000000000000000000000000000000000000000000000000000000000000000000000000000000000000000000000000000000000000000000000000000000000000000000000000000000000000000000000000000000000000000000000000000000000000000000000000000000000000000000000000000>;
P_000002475afd9ba0 .param/l "INIT_C" 0 3 1519, C4<0000000000000000000000000000000000000000000000000000000000000000000000000000000000000000000000000000000000000000000000000000000000000000000000000000000000000000000000000000000000000000000000000000000000000000000000000000000000000000000000000000000000000000>;
P_000002475afd9bd8 .param/l "INIT_D" 0 3 1520, C4<0000000000000000000000000000000000000000000000000000000000000000000000000000000000000000000000000000000000000000000000000000000000000000000000000000000000000000000000000000000000000000000000000000000000000000000000000000000000000000000000000000000000000000>;
P_000002475afd9c10 .param/l "INIT_E" 0 3 1521, C4<0000000000000000000000000000000000000000000000000000000000000000000000000000000000000000000000000000000000000000000000000000000000000000000000000000000000000000000000000000000000000000000000000000000000000000000000000000000000000000000000000000000000000000>;
P_000002475afd9c48 .param/l "INIT_F" 0 3 1522, C4<0000000000000000000000000000000000000000000000000000000000000000000000000000000000000000000000000000000000000000000000000000000000000000000000000000000000000000000000000000000000000000000000000000000000000000000000000000000000000000000000000000000000000000>;
P_000002475afd9c80 .param/str "INIT_FILE" 0 3 1524, "\000";
P_000002475afd9cb8 .param/l "READ_MODE" 0 3 1505, +C4<00000000000000000000000000000000>;
P_000002475afd9cf0 .param/l "WRITE_MODE" 0 3 1504, +C4<00000000000000000000000000000000>;
v000002475afc86d0_0 .net "MASK", 15 0, o000002475af7d0d8;  alias, 0 drivers
v000002475afc9b70_0 .net "RADDR", 10 0, o000002475af7d108;  alias, 0 drivers
v000002475afc9fd0_0 .net "RCLK", 0 0, L_000002475aed5c70;  1 drivers
v000002475afc7d70_0 .net "RCLKE", 0 0, o000002475af7d168;  alias, 0 drivers
v000002475afc7e10_0 .net "RDATA", 15 0, L_000002475aed5b90;  alias, 1 drivers
v000002475afc8b30_0 .var "RDATA_I", 15 0;
v000002475afc8db0_0 .net "RE", 0 0, o000002475af7d1f8;  alias, 0 drivers
L_000002475afe6e38 .functor BUFT 1, C4<0000000000000000>, C4<0>, C4<0>, C4<0>;
v000002475afc8810_0 .net "RMASK_I", 15 0, L_000002475afe6e38;  1 drivers
v000002475afc8bd0_0 .net "WADDR", 10 0, o000002475af7d258;  alias, 0 drivers
v000002475afc9850_0 .net "WCLK", 0 0, L_000002475aed5ff0;  1 drivers
v000002475afc7ff0_0 .net "WCLKE", 0 0, o000002475af7d2b8;  alias, 0 drivers
v000002475afc7eb0_0 .net "WDATA", 15 0, o000002475af7d2e8;  alias, 0 drivers
v000002475afc98f0_0 .net "WDATA_I", 15 0, L_000002475aed7100;  1 drivers
v000002475afc7f50_0 .net "WE", 0 0, o000002475af7d348;  alias, 0 drivers
v000002475afc9030_0 .net "WMASK_I", 15 0, L_000002475aed6d80;  1 drivers
v000002475afc8270_0 .var/i "i", 31 0;
v000002475afc8090 .array "memory", 255 0, 15 0;
E_000002475af41300 .event posedge, v000002475afc9fd0_0;
E_000002475af41840 .event posedge, v000002475afc9850_0;
S_000002475afd8750 .scope generate, "genblk1" "genblk1" 3 1534, 3 1534 0, S_000002475afd8d90;
 .timescale -12 -12;
L_000002475aed6d80 .functor BUFZ 16, o000002475af7d0d8, C4<0000000000000000>, C4<0000000000000000>, C4<0000000000000000>;
S_000002475afd8c00 .scope generate, "genblk2" "genblk2" 3 1555, 3 1555 0, S_000002475afd8d90;
 .timescale -12 -12;
S_000002475afd8f20 .scope generate, "genblk3" "genblk3" 3 1576, 3 1576 0, S_000002475afd8d90;
 .timescale -12 -12;
L_000002475aed7100 .functor BUFZ 16, o000002475af7d2e8, C4<0000000000000000>, C4<0000000000000000>, C4<0000000000000000>;
S_000002475afd8430 .scope generate, "genblk4" "genblk4" 3 1595, 3 1595 0, S_000002475afd8d90;
 .timescale -12 -12;
L_000002475aed5b90 .functor BUFZ 16, v000002475afc8b30_0, C4<0000000000000000>, C4<0000000000000000>, C4<0000000000000000>;
S_000002475af52940 .scope module, "SB_RAM40_4KNW" "SB_RAM40_4KNW" 3 1862;
 .timescale -12 -12;
    .port_info 0 /OUTPUT 16 "RDATA";
    .port_info 1 /INPUT 1 "RCLK";
    .port_info 2 /INPUT 1 "RCLKE";
    .port_info 3 /INPUT 1 "RE";
    .port_info 4 /INPUT 11 "RADDR";
    .port_info 5 /INPUT 1 "WCLKN";
    .port_info 6 /INPUT 1 "WCLKE";
    .port_info 7 /INPUT 1 "WE";
    .port_info 8 /INPUT 11 "WADDR";
    .port_info 9 /INPUT 16 "MASK";
    .port_info 10 /INPUT 16 "WDATA";
P_000002475af56af0 .param/l "INIT_0" 0 3 1878, C4<0000000000000000000000000000000000000000000000000000000000000000000000000000000000000000000000000000000000000000000000000000000000000000000000000000000000000000000000000000000000000000000000000000000000000000000000000000000000000000000000000000000000000000>;
P_000002475af56b28 .param/l "INIT_1" 0 3 1879, C4<0000000000000000000000000000000000000000000000000000000000000000000000000000000000000000000000000000000000000000000000000000000000000000000000000000000000000000000000000000000000000000000000000000000000000000000000000000000000000000000000000000000000000000>;
P_000002475af56b60 .param/l "INIT_2" 0 3 1880, C4<0000000000000000000000000000000000000000000000000000000000000000000000000000000000000000000000000000000000000000000000000000000000000000000000000000000000000000000000000000000000000000000000000000000000000000000000000000000000000000000000000000000000000000>;
P_000002475af56b98 .param/l "INIT_3" 0 3 1881, C4<0000000000000000000000000000000000000000000000000000000000000000000000000000000000000000000000000000000000000000000000000000000000000000000000000000000000000000000000000000000000000000000000000000000000000000000000000000000000000000000000000000000000000000>;
P_000002475af56bd0 .param/l "INIT_4" 0 3 1882, C4<0000000000000000000000000000000000000000000000000000000000000000000000000000000000000000000000000000000000000000000000000000000000000000000000000000000000000000000000000000000000000000000000000000000000000000000000000000000000000000000000000000000000000000>;
P_000002475af56c08 .param/l "INIT_5" 0 3 1883, C4<0000000000000000000000000000000000000000000000000000000000000000000000000000000000000000000000000000000000000000000000000000000000000000000000000000000000000000000000000000000000000000000000000000000000000000000000000000000000000000000000000000000000000000>;
P_000002475af56c40 .param/l "INIT_6" 0 3 1884, C4<0000000000000000000000000000000000000000000000000000000000000000000000000000000000000000000000000000000000000000000000000000000000000000000000000000000000000000000000000000000000000000000000000000000000000000000000000000000000000000000000000000000000000000>;
P_000002475af56c78 .param/l "INIT_7" 0 3 1885, C4<0000000000000000000000000000000000000000000000000000000000000000000000000000000000000000000000000000000000000000000000000000000000000000000000000000000000000000000000000000000000000000000000000000000000000000000000000000000000000000000000000000000000000000>;
P_000002475af56cb0 .param/l "INIT_8" 0 3 1886, C4<0000000000000000000000000000000000000000000000000000000000000000000000000000000000000000000000000000000000000000000000000000000000000000000000000000000000000000000000000000000000000000000000000000000000000000000000000000000000000000000000000000000000000000>;
P_000002475af56ce8 .param/l "INIT_9" 0 3 1887, C4<0000000000000000000000000000000000000000000000000000000000000000000000000000000000000000000000000000000000000000000000000000000000000000000000000000000000000000000000000000000000000000000000000000000000000000000000000000000000000000000000000000000000000000>;
P_000002475af56d20 .param/l "INIT_A" 0 3 1888, C4<0000000000000000000000000000000000000000000000000000000000000000000000000000000000000000000000000000000000000000000000000000000000000000000000000000000000000000000000000000000000000000000000000000000000000000000000000000000000000000000000000000000000000000>;
P_000002475af56d58 .param/l "INIT_B" 0 3 1889, C4<0000000000000000000000000000000000000000000000000000000000000000000000000000000000000000000000000000000000000000000000000000000000000000000000000000000000000000000000000000000000000000000000000000000000000000000000000000000000000000000000000000000000000000>;
P_000002475af56d90 .param/l "INIT_C" 0 3 1890, C4<0000000000000000000000000000000000000000000000000000000000000000000000000000000000000000000000000000000000000000000000000000000000000000000000000000000000000000000000000000000000000000000000000000000000000000000000000000000000000000000000000000000000000000>;
P_000002475af56dc8 .param/l "INIT_D" 0 3 1891, C4<0000000000000000000000000000000000000000000000000000000000000000000000000000000000000000000000000000000000000000000000000000000000000000000000000000000000000000000000000000000000000000000000000000000000000000000000000000000000000000000000000000000000000000>;
P_000002475af56e00 .param/l "INIT_E" 0 3 1892, C4<0000000000000000000000000000000000000000000000000000000000000000000000000000000000000000000000000000000000000000000000000000000000000000000000000000000000000000000000000000000000000000000000000000000000000000000000000000000000000000000000000000000000000000>;
P_000002475af56e38 .param/l "INIT_F" 0 3 1893, C4<0000000000000000000000000000000000000000000000000000000000000000000000000000000000000000000000000000000000000000000000000000000000000000000000000000000000000000000000000000000000000000000000000000000000000000000000000000000000000000000000000000000000000000>;
P_000002475af56e70 .param/str "INIT_FILE" 0 3 1895, "\000";
P_000002475af56ea8 .param/l "READ_MODE" 0 3 1876, +C4<00000000000000000000000000000000>;
P_000002475af56ee0 .param/l "WRITE_MODE" 0 3 1875, +C4<00000000000000000000000000000000>;
o000002475af7dd68 .functor BUFZ 1, c4<z>; HiZ drive
L_000002475ae04070 .functor NOT 1, o000002475af7dd68, C4<0>, C4<0>, C4<0>;
o000002475af7d858 .functor BUFZ 16, c4<zzzzzzzzzzzzzzzz>; HiZ drive
v000002475afdd7b0_0 .net "MASK", 15 0, o000002475af7d858;  0 drivers
o000002475af7d888 .functor BUFZ 11, c4<zzzzzzzzzzz>; HiZ drive
v000002475afdcd10_0 .net "RADDR", 10 0, o000002475af7d888;  0 drivers
o000002475af7d8b8 .functor BUFZ 1, c4<z>; HiZ drive
v000002475afddcb0_0 .net "RCLK", 0 0, o000002475af7d8b8;  0 drivers
o000002475af7d8e8 .functor BUFZ 1, c4<z>; HiZ drive
v000002475afdddf0_0 .net "RCLKE", 0 0, o000002475af7d8e8;  0 drivers
v000002475afde070_0 .net "RDATA", 15 0, L_000002475ae03d60;  1 drivers
o000002475af7d978 .functor BUFZ 1, c4<z>; HiZ drive
v000002475afdd850_0 .net "RE", 0 0, o000002475af7d978;  0 drivers
o000002475af7d9d8 .functor BUFZ 11, c4<zzzzzzzzzzz>; HiZ drive
v000002475afdc9f0_0 .net "WADDR", 10 0, o000002475af7d9d8;  0 drivers
o000002475af7da38 .functor BUFZ 1, c4<z>; HiZ drive
v000002475afde430_0 .net "WCLKE", 0 0, o000002475af7da38;  0 drivers
v000002475afddfd0_0 .net "WCLKN", 0 0, o000002475af7dd68;  0 drivers
o000002475af7da68 .functor BUFZ 16, c4<zzzzzzzzzzzzzzzz>; HiZ drive
v000002475afdd030_0 .net "WDATA", 15 0, o000002475af7da68;  0 drivers
o000002475af7dac8 .functor BUFZ 1, c4<z>; HiZ drive
v000002475afdd2b0_0 .net "WE", 0 0, o000002475af7dac8;  0 drivers
S_000002475afd7940 .scope module, "RAM" "SB_RAM40_4K" 3 1917, 3 1487 0, S_000002475af52940;
 .timescale -12 -12;
    .port_info 0 /OUTPUT 16 "RDATA";
    .port_info 1 /INPUT 1 "RCLK";
    .port_info 2 /INPUT 1 "RCLKE";
    .port_info 3 /INPUT 1 "RE";
    .port_info 4 /INPUT 11 "RADDR";
    .port_info 5 /INPUT 1 "WCLK";
    .port_info 6 /INPUT 1 "WCLKE";
    .port_info 7 /INPUT 1 "WE";
    .port_info 8 /INPUT 11 "WADDR";
    .port_info 9 /INPUT 16 "MASK";
    .port_info 10 /INPUT 16 "WDATA";
P_000002475afd9d30 .param/l "INIT_0" 0 3 1507, C4<0000000000000000000000000000000000000000000000000000000000000000000000000000000000000000000000000000000000000000000000000000000000000000000000000000000000000000000000000000000000000000000000000000000000000000000000000000000000000000000000000000000000000000>;
P_000002475afd9d68 .param/l "INIT_1" 0 3 1508, C4<0000000000000000000000000000000000000000000000000000000000000000000000000000000000000000000000000000000000000000000000000000000000000000000000000000000000000000000000000000000000000000000000000000000000000000000000000000000000000000000000000000000000000000>;
P_000002475afd9da0 .param/l "INIT_2" 0 3 1509, C4<0000000000000000000000000000000000000000000000000000000000000000000000000000000000000000000000000000000000000000000000000000000000000000000000000000000000000000000000000000000000000000000000000000000000000000000000000000000000000000000000000000000000000000>;
P_000002475afd9dd8 .param/l "INIT_3" 0 3 1510, C4<0000000000000000000000000000000000000000000000000000000000000000000000000000000000000000000000000000000000000000000000000000000000000000000000000000000000000000000000000000000000000000000000000000000000000000000000000000000000000000000000000000000000000000>;
P_000002475afd9e10 .param/l "INIT_4" 0 3 1511, C4<0000000000000000000000000000000000000000000000000000000000000000000000000000000000000000000000000000000000000000000000000000000000000000000000000000000000000000000000000000000000000000000000000000000000000000000000000000000000000000000000000000000000000000>;
P_000002475afd9e48 .param/l "INIT_5" 0 3 1512, C4<0000000000000000000000000000000000000000000000000000000000000000000000000000000000000000000000000000000000000000000000000000000000000000000000000000000000000000000000000000000000000000000000000000000000000000000000000000000000000000000000000000000000000000>;
P_000002475afd9e80 .param/l "INIT_6" 0 3 1513, C4<0000000000000000000000000000000000000000000000000000000000000000000000000000000000000000000000000000000000000000000000000000000000000000000000000000000000000000000000000000000000000000000000000000000000000000000000000000000000000000000000000000000000000000>;
P_000002475afd9eb8 .param/l "INIT_7" 0 3 1514, C4<0000000000000000000000000000000000000000000000000000000000000000000000000000000000000000000000000000000000000000000000000000000000000000000000000000000000000000000000000000000000000000000000000000000000000000000000000000000000000000000000000000000000000000>;
P_000002475afd9ef0 .param/l "INIT_8" 0 3 1515, C4<0000000000000000000000000000000000000000000000000000000000000000000000000000000000000000000000000000000000000000000000000000000000000000000000000000000000000000000000000000000000000000000000000000000000000000000000000000000000000000000000000000000000000000>;
P_000002475afd9f28 .param/l "INIT_9" 0 3 1516, C4<0000000000000000000000000000000000000000000000000000000000000000000000000000000000000000000000000000000000000000000000000000000000000000000000000000000000000000000000000000000000000000000000000000000000000000000000000000000000000000000000000000000000000000>;
P_000002475afd9f60 .param/l "INIT_A" 0 3 1517, C4<0000000000000000000000000000000000000000000000000000000000000000000000000000000000000000000000000000000000000000000000000000000000000000000000000000000000000000000000000000000000000000000000000000000000000000000000000000000000000000000000000000000000000000>;
P_000002475afd9f98 .param/l "INIT_B" 0 3 1518, C4<0000000000000000000000000000000000000000000000000000000000000000000000000000000000000000000000000000000000000000000000000000000000000000000000000000000000000000000000000000000000000000000000000000000000000000000000000000000000000000000000000000000000000000>;
P_000002475afd9fd0 .param/l "INIT_C" 0 3 1519, C4<0000000000000000000000000000000000000000000000000000000000000000000000000000000000000000000000000000000000000000000000000000000000000000000000000000000000000000000000000000000000000000000000000000000000000000000000000000000000000000000000000000000000000000>;
P_000002475afda008 .param/l "INIT_D" 0 3 1520, C4<0000000000000000000000000000000000000000000000000000000000000000000000000000000000000000000000000000000000000000000000000000000000000000000000000000000000000000000000000000000000000000000000000000000000000000000000000000000000000000000000000000000000000000>;
P_000002475afda040 .param/l "INIT_E" 0 3 1521, C4<0000000000000000000000000000000000000000000000000000000000000000000000000000000000000000000000000000000000000000000000000000000000000000000000000000000000000000000000000000000000000000000000000000000000000000000000000000000000000000000000000000000000000000>;
P_000002475afda078 .param/l "INIT_F" 0 3 1522, C4<0000000000000000000000000000000000000000000000000000000000000000000000000000000000000000000000000000000000000000000000000000000000000000000000000000000000000000000000000000000000000000000000000000000000000000000000000000000000000000000000000000000000000000>;
P_000002475afda0b0 .param/str "INIT_FILE" 0 3 1524, "\000";
P_000002475afda0e8 .param/l "READ_MODE" 0 3 1505, +C4<00000000000000000000000000000000>;
P_000002475afda120 .param/l "WRITE_MODE" 0 3 1504, +C4<00000000000000000000000000000000>;
v000002475afca610_0 .net "MASK", 15 0, o000002475af7d858;  alias, 0 drivers
v000002475afca890_0 .net "RADDR", 10 0, o000002475af7d888;  alias, 0 drivers
v000002475afca750_0 .net "RCLK", 0 0, o000002475af7d8b8;  alias, 0 drivers
v000002475afca7f0_0 .net "RCLKE", 0 0, o000002475af7d8e8;  alias, 0 drivers
v000002475afde110_0 .net "RDATA", 15 0, L_000002475ae03d60;  alias, 1 drivers
v000002475afddf30_0 .var "RDATA_I", 15 0;
v000002475afde390_0 .net "RE", 0 0, o000002475af7d978;  alias, 0 drivers
L_000002475afe6e80 .functor BUFT 1, C4<0000000000000000>, C4<0>, C4<0>, C4<0>;
v000002475afdcc70_0 .net "RMASK_I", 15 0, L_000002475afe6e80;  1 drivers
v000002475afdd990_0 .net "WADDR", 10 0, o000002475af7d9d8;  alias, 0 drivers
v000002475afddc10_0 .net "WCLK", 0 0, L_000002475ae04070;  1 drivers
v000002475afdc950_0 .net "WCLKE", 0 0, o000002475af7da38;  alias, 0 drivers
v000002475afdd490_0 .net "WDATA", 15 0, o000002475af7da68;  alias, 0 drivers
v000002475afde6b0_0 .net "WDATA_I", 15 0, L_000002475ae059d0;  1 drivers
v000002475afdc4f0_0 .net "WE", 0 0, o000002475af7dac8;  alias, 0 drivers
v000002475afde1b0_0 .net "WMASK_I", 15 0, L_000002475aed6290;  1 drivers
v000002475afde890_0 .var/i "i", 31 0;
v000002475afdcbd0 .array "memory", 255 0, 15 0;
E_000002475af41940 .event posedge, v000002475afca750_0;
E_000002475af41400 .event posedge, v000002475afddc10_0;
S_000002475afd88e0 .scope generate, "genblk1" "genblk1" 3 1534, 3 1534 0, S_000002475afd7940;
 .timescale -12 -12;
L_000002475aed6290 .functor BUFZ 16, o000002475af7d858, C4<0000000000000000>, C4<0000000000000000>, C4<0000000000000000>;
S_000002475afd8a70 .scope generate, "genblk2" "genblk2" 3 1555, 3 1555 0, S_000002475afd7940;
 .timescale -12 -12;
S_000002475afd90b0 .scope generate, "genblk3" "genblk3" 3 1576, 3 1576 0, S_000002475afd7940;
 .timescale -12 -12;
L_000002475ae059d0 .functor BUFZ 16, o000002475af7da68, C4<0000000000000000>, C4<0000000000000000>, C4<0000000000000000>;
S_000002475afd93d0 .scope generate, "genblk4" "genblk4" 3 1595, 3 1595 0, S_000002475afd7940;
 .timescale -12 -12;
L_000002475ae03d60 .functor BUFZ 16, v000002475afddf30_0, C4<0000000000000000>, C4<0000000000000000>, C4<0000000000000000>;
S_000002475af578d0 .scope module, "SB_RGBA_DRV" "SB_RGBA_DRV" 3 2692;
 .timescale -12 -12;
    .port_info 0 /INPUT 1 "CURREN";
    .port_info 1 /INPUT 1 "RGBLEDEN";
    .port_info 2 /INPUT 1 "RGB0PWM";
    .port_info 3 /INPUT 1 "RGB1PWM";
    .port_info 4 /INPUT 1 "RGB2PWM";
    .port_info 5 /OUTPUT 1 "RGB0";
    .port_info 6 /OUTPUT 1 "RGB1";
    .port_info 7 /OUTPUT 1 "RGB2";
P_000002475acd8730 .param/str "CURRENT_MODE" 0 3 2702, "0b0";
P_000002475acd8768 .param/str "RGB0_CURRENT" 0 3 2703, "0b000000";
P_000002475acd87a0 .param/str "RGB1_CURRENT" 0 3 2704, "0b000000";
P_000002475acd87d8 .param/str "RGB2_CURRENT" 0 3 2705, "0b000000";
o000002475af7dfa8 .functor BUFZ 1, c4<z>; HiZ drive
v000002475afdd350_0 .net "CURREN", 0 0, o000002475af7dfa8;  0 drivers
o000002475af7dfd8 .functor BUFZ 1, c4<z>; HiZ drive
v000002475afdc810_0 .net "RGB0", 0 0, o000002475af7dfd8;  0 drivers
o000002475af7e008 .functor BUFZ 1, c4<z>; HiZ drive
v000002475afde930_0 .net "RGB0PWM", 0 0, o000002475af7e008;  0 drivers
o000002475af7e038 .functor BUFZ 1, c4<z>; HiZ drive
v000002475afde2f0_0 .net "RGB1", 0 0, o000002475af7e038;  0 drivers
o000002475af7e068 .functor BUFZ 1, c4<z>; HiZ drive
v000002475afddd50_0 .net "RGB1PWM", 0 0, o000002475af7e068;  0 drivers
o000002475af7e098 .functor BUFZ 1, c4<z>; HiZ drive
v000002475afde250_0 .net "RGB2", 0 0, o000002475af7e098;  0 drivers
o000002475af7e0c8 .functor BUFZ 1, c4<z>; HiZ drive
v000002475afde750_0 .net "RGB2PWM", 0 0, o000002475af7e0c8;  0 drivers
o000002475af7e0f8 .functor BUFZ 1, c4<z>; HiZ drive
v000002475afdc590_0 .net "RGBLEDEN", 0 0, o000002475af7e0f8;  0 drivers
S_000002475af58230 .scope module, "SB_RGB_DRV" "SB_RGB_DRV" 3 2716;
 .timescale -12 -12;
    .port_info 0 /INPUT 1 "RGBLEDEN";
    .port_info 1 /INPUT 1 "RGB0PWM";
    .port_info 2 /INPUT 1 "RGB1PWM";
    .port_info 3 /INPUT 1 "RGB2PWM";
    .port_info 4 /INPUT 1 "RGBPU";
    .port_info 5 /OUTPUT 1 "RGB0";
    .port_info 6 /OUTPUT 1 "RGB1";
    .port_info 7 /OUTPUT 1 "RGB2";
P_000002475accf090 .param/str "CURRENT_MODE" 0 3 2726, "0b0";
P_000002475accf0c8 .param/str "RGB0_CURRENT" 0 3 2727, "0b000000";
P_000002475accf100 .param/str "RGB1_CURRENT" 0 3 2728, "0b000000";
P_000002475accf138 .param/str "RGB2_CURRENT" 0 3 2729, "0b000000";
o000002475af7e2a8 .functor BUFZ 1, c4<z>; HiZ drive
v000002475afdc8b0_0 .net "RGB0", 0 0, o000002475af7e2a8;  0 drivers
o000002475af7e2d8 .functor BUFZ 1, c4<z>; HiZ drive
v000002475afdc3b0_0 .net "RGB0PWM", 0 0, o000002475af7e2d8;  0 drivers
o000002475af7e308 .functor BUFZ 1, c4<z>; HiZ drive
v000002475afdd670_0 .net "RGB1", 0 0, o000002475af7e308;  0 drivers
o000002475af7e338 .functor BUFZ 1, c4<z>; HiZ drive
v000002475afdd3f0_0 .net "RGB1PWM", 0 0, o000002475af7e338;  0 drivers
o000002475af7e368 .functor BUFZ 1, c4<z>; HiZ drive
v000002475afdd710_0 .net "RGB2", 0 0, o000002475af7e368;  0 drivers
o000002475af7e398 .functor BUFZ 1, c4<z>; HiZ drive
v000002475afdde90_0 .net "RGB2PWM", 0 0, o000002475af7e398;  0 drivers
o000002475af7e3c8 .functor BUFZ 1, c4<z>; HiZ drive
v000002475afdda30_0 .net "RGBLEDEN", 0 0, o000002475af7e3c8;  0 drivers
o000002475af7e3f8 .functor BUFZ 1, c4<z>; HiZ drive
v000002475afdc310_0 .net "RGBPU", 0 0, o000002475af7e3f8;  0 drivers
S_000002475af57a60 .scope module, "SB_SPI" "SB_SPI" 3 2776;
 .timescale -12 -12;
    .port_info 0 /INPUT 1 "SBCLKI";
    .port_info 1 /INPUT 1 "SBRWI";
    .port_info 2 /INPUT 1 "SBSTBI";
    .port_info 3 /INPUT 1 "SBADRI7";
    .port_info 4 /INPUT 1 "SBADRI6";
    .port_info 5 /INPUT 1 "SBADRI5";
    .port_info 6 /INPUT 1 "SBADRI4";
    .port_info 7 /INPUT 1 "SBADRI3";
    .port_info 8 /INPUT 1 "SBADRI2";
    .port_info 9 /INPUT 1 "SBADRI1";
    .port_info 10 /INPUT 1 "SBADRI0";
    .port_info 11 /INPUT 1 "SBDATI7";
    .port_info 12 /INPUT 1 "SBDATI6";
    .port_info 13 /INPUT 1 "SBDATI5";
    .port_info 14 /INPUT 1 "SBDATI4";
    .port_info 15 /INPUT 1 "SBDATI3";
    .port_info 16 /INPUT 1 "SBDATI2";
    .port_info 17 /INPUT 1 "SBDATI1";
    .port_info 18 /INPUT 1 "SBDATI0";
    .port_info 19 /INPUT 1 "MI";
    .port_info 20 /INPUT 1 "SI";
    .port_info 21 /INPUT 1 "SCKI";
    .port_info 22 /INPUT 1 "SCSNI";
    .port_info 23 /OUTPUT 1 "SBDATO7";
    .port_info 24 /OUTPUT 1 "SBDATO6";
    .port_info 25 /OUTPUT 1 "SBDATO5";
    .port_info 26 /OUTPUT 1 "SBDATO4";
    .port_info 27 /OUTPUT 1 "SBDATO3";
    .port_info 28 /OUTPUT 1 "SBDATO2";
    .port_info 29 /OUTPUT 1 "SBDATO1";
    .port_info 30 /OUTPUT 1 "SBDATO0";
    .port_info 31 /OUTPUT 1 "SBACKO";
    .port_info 32 /OUTPUT 1 "SPIIRQ";
    .port_info 33 /OUTPUT 1 "SPIWKUP";
    .port_info 34 /OUTPUT 1 "SO";
    .port_info 35 /OUTPUT 1 "SOE";
    .port_info 36 /OUTPUT 1 "MO";
    .port_info 37 /OUTPUT 1 "MOE";
    .port_info 38 /OUTPUT 1 "SCKO";
    .port_info 39 /OUTPUT 1 "SCKOE";
    .port_info 40 /OUTPUT 1 "MCSNO3";
    .port_info 41 /OUTPUT 1 "MCSNO2";
    .port_info 42 /OUTPUT 1 "MCSNO1";
    .port_info 43 /OUTPUT 1 "MCSNO0";
    .port_info 44 /OUTPUT 1 "MCSNOE3";
    .port_info 45 /OUTPUT 1 "MCSNOE2";
    .port_info 46 /OUTPUT 1 "MCSNOE1";
    .port_info 47 /OUTPUT 1 "MCSNOE0";
P_000002475af40c40 .param/str "BUS_ADDR74" 0 3 2826, "0b0000";
o000002475af7e5a8 .functor BUFZ 1, c4<z>; HiZ drive
v000002475afdd8f0_0 .net "MCSNO0", 0 0, o000002475af7e5a8;  0 drivers
o000002475af7e5d8 .functor BUFZ 1, c4<z>; HiZ drive
v000002475afdc450_0 .net "MCSNO1", 0 0, o000002475af7e5d8;  0 drivers
o000002475af7e608 .functor BUFZ 1, c4<z>; HiZ drive
v000002475afdcef0_0 .net "MCSNO2", 0 0, o000002475af7e608;  0 drivers
o000002475af7e638 .functor BUFZ 1, c4<z>; HiZ drive
v000002475afdd530_0 .net "MCSNO3", 0 0, o000002475af7e638;  0 drivers
o000002475af7e668 .functor BUFZ 1, c4<z>; HiZ drive
v000002475afde610_0 .net "MCSNOE0", 0 0, o000002475af7e668;  0 drivers
o000002475af7e698 .functor BUFZ 1, c4<z>; HiZ drive
v000002475afdca90_0 .net "MCSNOE1", 0 0, o000002475af7e698;  0 drivers
o000002475af7e6c8 .functor BUFZ 1, c4<z>; HiZ drive
v000002475afde7f0_0 .net "MCSNOE2", 0 0, o000002475af7e6c8;  0 drivers
o000002475af7e6f8 .functor BUFZ 1, c4<z>; HiZ drive
v000002475afde4d0_0 .net "MCSNOE3", 0 0, o000002475af7e6f8;  0 drivers
o000002475af7e728 .functor BUFZ 1, c4<z>; HiZ drive
v000002475afdcdb0_0 .net "MI", 0 0, o000002475af7e728;  0 drivers
o000002475af7e758 .functor BUFZ 1, c4<z>; HiZ drive
v000002475afdc1d0_0 .net "MO", 0 0, o000002475af7e758;  0 drivers
o000002475af7e788 .functor BUFZ 1, c4<z>; HiZ drive
v000002475afdcf90_0 .net "MOE", 0 0, o000002475af7e788;  0 drivers
o000002475af7e7b8 .functor BUFZ 1, c4<z>; HiZ drive
v000002475afde570_0 .net "SBACKO", 0 0, o000002475af7e7b8;  0 drivers
o000002475af7e7e8 .functor BUFZ 1, c4<z>; HiZ drive
v000002475afdce50_0 .net "SBADRI0", 0 0, o000002475af7e7e8;  0 drivers
o000002475af7e818 .functor BUFZ 1, c4<z>; HiZ drive
v000002475afdd0d0_0 .net "SBADRI1", 0 0, o000002475af7e818;  0 drivers
o000002475af7e848 .functor BUFZ 1, c4<z>; HiZ drive
v000002475afdd210_0 .net "SBADRI2", 0 0, o000002475af7e848;  0 drivers
o000002475af7e878 .functor BUFZ 1, c4<z>; HiZ drive
v000002475afdc270_0 .net "SBADRI3", 0 0, o000002475af7e878;  0 drivers
o000002475af7e8a8 .functor BUFZ 1, c4<z>; HiZ drive
v000002475afdcb30_0 .net "SBADRI4", 0 0, o000002475af7e8a8;  0 drivers
o000002475af7e8d8 .functor BUFZ 1, c4<z>; HiZ drive
v000002475afdc630_0 .net "SBADRI5", 0 0, o000002475af7e8d8;  0 drivers
o000002475af7e908 .functor BUFZ 1, c4<z>; HiZ drive
v000002475afdc6d0_0 .net "SBADRI6", 0 0, o000002475af7e908;  0 drivers
o000002475af7e938 .functor BUFZ 1, c4<z>; HiZ drive
v000002475afdc770_0 .net "SBADRI7", 0 0, o000002475af7e938;  0 drivers
o000002475af7e968 .functor BUFZ 1, c4<z>; HiZ drive
v000002475afdd170_0 .net "SBCLKI", 0 0, o000002475af7e968;  0 drivers
o000002475af7e998 .functor BUFZ 1, c4<z>; HiZ drive
v000002475afddad0_0 .net "SBDATI0", 0 0, o000002475af7e998;  0 drivers
o000002475af7e9c8 .functor BUFZ 1, c4<z>; HiZ drive
v000002475afdd5d0_0 .net "SBDATI1", 0 0, o000002475af7e9c8;  0 drivers
o000002475af7e9f8 .functor BUFZ 1, c4<z>; HiZ drive
v000002475afddb70_0 .net "SBDATI2", 0 0, o000002475af7e9f8;  0 drivers
o000002475af7ea28 .functor BUFZ 1, c4<z>; HiZ drive
v000002475afdf470_0 .net "SBDATI3", 0 0, o000002475af7ea28;  0 drivers
o000002475af7ea58 .functor BUFZ 1, c4<z>; HiZ drive
v000002475afdf790_0 .net "SBDATI4", 0 0, o000002475af7ea58;  0 drivers
o000002475af7ea88 .functor BUFZ 1, c4<z>; HiZ drive
v000002475afdf970_0 .net "SBDATI5", 0 0, o000002475af7ea88;  0 drivers
o000002475af7eab8 .functor BUFZ 1, c4<z>; HiZ drive
v000002475afdf1f0_0 .net "SBDATI6", 0 0, o000002475af7eab8;  0 drivers
o000002475af7eae8 .functor BUFZ 1, c4<z>; HiZ drive
v000002475afde9d0_0 .net "SBDATI7", 0 0, o000002475af7eae8;  0 drivers
o000002475af7eb18 .functor BUFZ 1, c4<z>; HiZ drive
v000002475afe0eb0_0 .net "SBDATO0", 0 0, o000002475af7eb18;  0 drivers
o000002475af7eb48 .functor BUFZ 1, c4<z>; HiZ drive
v000002475afe0690_0 .net "SBDATO1", 0 0, o000002475af7eb48;  0 drivers
o000002475af7eb78 .functor BUFZ 1, c4<z>; HiZ drive
v000002475afe0230_0 .net "SBDATO2", 0 0, o000002475af7eb78;  0 drivers
o000002475af7eba8 .functor BUFZ 1, c4<z>; HiZ drive
v000002475afdeb10_0 .net "SBDATO3", 0 0, o000002475af7eba8;  0 drivers
o000002475af7ebd8 .functor BUFZ 1, c4<z>; HiZ drive
v000002475afe0050_0 .net "SBDATO4", 0 0, o000002475af7ebd8;  0 drivers
o000002475af7ec08 .functor BUFZ 1, c4<z>; HiZ drive
v000002475afdee30_0 .net "SBDATO5", 0 0, o000002475af7ec08;  0 drivers
o000002475af7ec38 .functor BUFZ 1, c4<z>; HiZ drive
v000002475afdf8d0_0 .net "SBDATO6", 0 0, o000002475af7ec38;  0 drivers
o000002475af7ec68 .functor BUFZ 1, c4<z>; HiZ drive
v000002475afe04b0_0 .net "SBDATO7", 0 0, o000002475af7ec68;  0 drivers
o000002475af7ec98 .functor BUFZ 1, c4<z>; HiZ drive
v000002475afdffb0_0 .net "SBRWI", 0 0, o000002475af7ec98;  0 drivers
o000002475af7ecc8 .functor BUFZ 1, c4<z>; HiZ drive
v000002475afdf0b0_0 .net "SBSTBI", 0 0, o000002475af7ecc8;  0 drivers
o000002475af7ecf8 .functor BUFZ 1, c4<z>; HiZ drive
v000002475afdebb0_0 .net "SCKI", 0 0, o000002475af7ecf8;  0 drivers
o000002475af7ed28 .functor BUFZ 1, c4<z>; HiZ drive
v000002475afdfc90_0 .net "SCKO", 0 0, o000002475af7ed28;  0 drivers
o000002475af7ed58 .functor BUFZ 1, c4<z>; HiZ drive
v000002475afe0c30_0 .net "SCKOE", 0 0, o000002475af7ed58;  0 drivers
o000002475af7ed88 .functor BUFZ 1, c4<z>; HiZ drive
v000002475afdfd30_0 .net "SCSNI", 0 0, o000002475af7ed88;  0 drivers
o000002475af7edb8 .functor BUFZ 1, c4<z>; HiZ drive
v000002475afe0e10_0 .net "SI", 0 0, o000002475af7edb8;  0 drivers
o000002475af7ede8 .functor BUFZ 1, c4<z>; HiZ drive
v000002475afdeed0_0 .net "SO", 0 0, o000002475af7ede8;  0 drivers
o000002475af7ee18 .functor BUFZ 1, c4<z>; HiZ drive
v000002475afe0f50_0 .net "SOE", 0 0, o000002475af7ee18;  0 drivers
o000002475af7ee48 .functor BUFZ 1, c4<z>; HiZ drive
v000002475afe0370_0 .net "SPIIRQ", 0 0, o000002475af7ee48;  0 drivers
o000002475af7ee78 .functor BUFZ 1, c4<z>; HiZ drive
v000002475afe0ff0_0 .net "SPIWKUP", 0 0, o000002475af7ee78;  0 drivers
S_000002475af583c0 .scope module, "SB_SPRAM256KA" "SB_SPRAM256KA" 3 2600;
 .timescale -12 -12;
    .port_info 0 /INPUT 14 "ADDRESS";
    .port_info 1 /INPUT 16 "DATAIN";
    .port_info 2 /INPUT 4 "MASKWREN";
    .port_info 3 /INPUT 1 "WREN";
    .port_info 4 /INPUT 1 "CHIPSELECT";
    .port_info 5 /INPUT 1 "CLOCK";
    .port_info 6 /INPUT 1 "STANDBY";
    .port_info 7 /INPUT 1 "SLEEP";
    .port_info 8 /INPUT 1 "POWEROFF";
    .port_info 9 /OUTPUT 16 "DATAOUT";
o000002475af7f8f8 .functor BUFZ 1, c4<z>; HiZ drive
L_000002475ae040e0 .functor OR 1, o000002475af7f8f8, L_000002475b03f6f0, C4<0>, C4<0>;
o000002475af7f7a8 .functor BUFZ 14, c4<zzzzzzzzzzzzzz>; HiZ drive
v000002475afdef70_0 .net "ADDRESS", 13 0, o000002475af7f7a8;  0 drivers
o000002475af7f7d8 .functor BUFZ 1, c4<z>; HiZ drive
v000002475afdfa10_0 .net "CHIPSELECT", 0 0, o000002475af7f7d8;  0 drivers
o000002475af7f808 .functor BUFZ 1, c4<z>; HiZ drive
v000002475afdfe70_0 .net "CLOCK", 0 0, o000002475af7f808;  0 drivers
o000002475af7f838 .functor BUFZ 16, c4<zzzzzzzzzzzzzzzz>; HiZ drive
v000002475afdfdd0_0 .net "DATAIN", 15 0, o000002475af7f838;  0 drivers
v000002475afdfab0_0 .var "DATAOUT", 15 0;
o000002475af7f898 .functor BUFZ 4, c4<zzzz>; HiZ drive
v000002475afe1090_0 .net "MASKWREN", 3 0, o000002475af7f898;  0 drivers
o000002475af7f8c8 .functor BUFZ 1, c4<z>; HiZ drive
v000002475afdf150_0 .net "POWEROFF", 0 0, o000002475af7f8c8;  0 drivers
v000002475afe0730_0 .net "SLEEP", 0 0, o000002475af7f8f8;  0 drivers
o000002475af7f928 .functor BUFZ 1, c4<z>; HiZ drive
v000002475afdff10_0 .net "STANDBY", 0 0, o000002475af7f928;  0 drivers
o000002475af7f958 .functor BUFZ 1, c4<z>; HiZ drive
v000002475afdf010_0 .net "WREN", 0 0, o000002475af7f958;  0 drivers
v000002475afe0910_0 .net *"_ivl_1", 0 0, L_000002475b03f6f0;  1 drivers
v000002475afe0af0_0 .var/i "i", 31 0;
v000002475afe0550 .array "mem", 16383 0, 15 0;
v000002475afe0b90_0 .net "off", 0 0, L_000002475ae040e0;  1 drivers
E_000002475af41a40 .event posedge, v000002475afe0b90_0, v000002475afdfe70_0;
E_000002475af414c0 .event negedge, v000002475afdf150_0;
L_000002475b03f6f0 .reduce/nor o000002475af7f8c8;
S_000002475af57bf0 .scope module, "SB_WARMBOOT" "SB_WARMBOOT" 3 2593;
 .timescale -12 -12;
    .port_info 0 /INPUT 1 "BOOT";
    .port_info 1 /INPUT 1 "S1";
    .port_info 2 /INPUT 1 "S0";
o000002475af7fbf8 .functor BUFZ 1, c4<z>; HiZ drive
v000002475afe00f0_0 .net "BOOT", 0 0, o000002475af7fbf8;  0 drivers
o000002475af7fc28 .functor BUFZ 1, c4<z>; HiZ drive
v000002475afe1130_0 .net "S0", 0 0, o000002475af7fc28;  0 drivers
o000002475af7fc58 .functor BUFZ 1, c4<z>; HiZ drive
v000002475afdecf0_0 .net "S1", 0 0, o000002475af7fc58;  0 drivers
S_000002475af58a00 .scope module, "ex5_tb" "ex5_tb" 4 2;
 .timescale -9 -12;
v000002475afdf330_0 .var "a", 3 0;
v000002475afe0870_0 .var "b", 3 0;
v000002475afdea70_0 .var "op", 2 0;
v000002475afdf3d0_0 .net "res", 3 0, v000002475afe0cd0_0;  1 drivers
v000002475afdfbf0_0 .net "zero", 0 0, v000002475afdf290_0;  1 drivers
S_000002475afd7df0 .scope module, "uut" "control_structures" 4 5, 5 10 0, S_000002475af58a00;
 .timescale -12 -12;
    .port_info 0 /INPUT 4 "a";
    .port_info 1 /INPUT 4 "b";
    .port_info 2 /INPUT 3 "opcode";
    .port_info 3 /OUTPUT 4 "result";
    .port_info 4 /OUTPUT 1 "zero_flag";
P_000002475ae05e10 .param/l "OP_ADD" 1 5 19, C4<000>;
P_000002475ae05e48 .param/l "OP_AND" 1 5 21, C4<010>;
P_000002475ae05e80 .param/l "OP_NOT" 1 5 24, C4<101>;
P_000002475ae05eb8 .param/l "OP_OR" 1 5 22, C4<011>;
P_000002475ae05ef0 .param/l "OP_SUB" 1 5 20, C4<001>;
P_000002475ae05f28 .param/l "OP_XOR" 1 5 23, C4<100>;
v000002475afe02d0_0 .net "a", 3 0, v000002475afdf330_0;  1 drivers
v000002475afe07d0_0 .net "b", 3 0, v000002475afe0870_0;  1 drivers
v000002475afe0190_0 .net "opcode", 2 0, v000002475afdea70_0;  1 drivers
v000002475afe0cd0_0 .var "result", 3 0;
v000002475afdf290_0 .var "zero_flag", 0 0;
E_000002475af41b40 .event anyedge, v000002475afe0190_0, v000002475afe02d0_0, v000002475afe07d0_0, v000002475afe0cd0_0;
S_000002475af57d80 .scope module, "ex5_top" "ex5_top" 6 1;
 .timescale -12 -12;
    .port_info 0 /OUTPUT 1 "LED_B";
    .port_info 1 /OUTPUT 1 "LED_G";
    .port_info 2 /OUTPUT 1 "LED_R";
    .port_info 3 /INPUT 1 "ICE_SW2";
L_000002475ad7e750 .functor BUFZ 1, v000002475afe0d70_0, C4<0>, C4<0>, C4<0>;
o000002475af800d8 .functor BUFZ 1, c4<z>; HiZ drive
v000002475afe05f0_0 .net "ICE_SW2", 0 0, o000002475af800d8;  0 drivers
L_000002475afe6fa0 .functor BUFT 1, C4<1>, C4<0>, C4<0>, C4<0>;
v000002475afdf5b0_0 .net "LED_B", 0 0, L_000002475afe6fa0;  1 drivers
v000002475afdec50_0 .net "LED_G", 0 0, L_000002475ad7e750;  1 drivers
v000002475afdf650_0 .net "LED_R", 0 0, L_000002475b03ecf0;  1 drivers
L_000002475afe6f10 .functor BUFT 1, C4<000>, C4<0>, C4<0>, C4<0>;
v000002475afe0a50_0 .net/2u *"_ivl_2", 2 0, L_000002475afe6f10;  1 drivers
v000002475afdf6f0_0 .net "res", 3 0, v000002475afded90_0;  1 drivers
v000002475afdf830_0 .net "zero", 0 0, v000002475afe0d70_0;  1 drivers
L_000002475b040c30 .concat [ 1 3 0 0], o000002475af800d8, L_000002475afe6f10;
L_000002475b03ecf0 .part v000002475afded90_0, 0, 1;
S_000002475afd7f80 .scope module, "inst" "control_structures" 6 5, 5 10 0, S_000002475af57d80;
 .timescale -12 -12;
    .port_info 0 /INPUT 4 "a";
    .port_info 1 /INPUT 4 "b";
    .port_info 2 /INPUT 3 "opcode";
    .port_info 3 /OUTPUT 4 "result";
    .port_info 4 /OUTPUT 1 "zero_flag";
P_000002475afe4180 .param/l "OP_ADD" 1 5 19, C4<000>;
P_000002475afe41b8 .param/l "OP_AND" 1 5 21, C4<010>;
P_000002475afe41f0 .param/l "OP_NOT" 1 5 24, C4<101>;
P_000002475afe4228 .param/l "OP_OR" 1 5 22, C4<011>;
P_000002475afe4260 .param/l "OP_SUB" 1 5 20, C4<001>;
P_000002475afe4298 .param/l "OP_XOR" 1 5 23, C4<100>;
L_000002475afe6ec8 .functor BUFT 1, C4<0101>, C4<0>, C4<0>, C4<0>;
v000002475afe0410_0 .net "a", 3 0, L_000002475afe6ec8;  1 drivers
v000002475afdf510_0 .net "b", 3 0, L_000002475b040c30;  1 drivers
L_000002475afe6f58 .functor BUFT 1, C4<000>, C4<0>, C4<0>, C4<0>;
v000002475afe09b0_0 .net "opcode", 2 0, L_000002475afe6f58;  1 drivers
v000002475afded90_0 .var "result", 3 0;
v000002475afe0d70_0 .var "zero_flag", 0 0;
E_000002475af41340 .event anyedge, v000002475afe09b0_0, v000002475afe0410_0, v000002475afdf510_0, v000002475afded90_0;
    .scope S_000002475ad8b220;
T_2 ;
    %pushi/vec4 0, 0, 1;
    %store/vec4 v000002475af6ac70_0, 0, 1;
    %pushi/vec4 0, 0, 1;
    %store/vec4 v000002475af6bb70_0, 0, 1;
    %end;
    .thread T_2, $init;
    .scope S_000002475ad8b220;
T_3 ;
    %wait E_000002475af40cc0;
    %load/vec4 v000002475af15cd0_0;
    %flag_set/vec4 8;
    %jmp/0xz  T_3.0, 8;
    %load/vec4 v000002475af004c0_0;
    %flag_set/vec4 8;
    %jmp/0 T_3.2, 8;
    %pushi/vec4 0, 0, 1;
    %jmp/1 T_3.3, 8;
T_3.2 ; End of true expr.
    %load/vec4 v000002475af6bcb0_0;
    %jmp/0 T_3.3, 8;
 ; End of false expr.
    %blend;
T_3.3;
    %assign/vec4 v000002475af6ac70_0, 0;
T_3.0 ;
    %jmp T_3;
    .thread T_3;
    .scope S_000002475ad8b220;
T_4 ;
    %wait E_000002475af40b40;
    %load/vec4 v000002475af004c0_0;
    %flag_set/vec4 8;
    %jmp/0xz  T_4.0, 8;
    %pushi/vec4 0, 0, 1;
    %assign/vec4 v000002475af6bb70_0, 0;
    %jmp T_4.1;
T_4.0 ;
    %load/vec4 v000002475af15cd0_0;
    %flag_set/vec4 8;
    %jmp/0xz  T_4.2, 8;
    %load/vec4 v000002475af6bcb0_0;
    %assign/vec4 v000002475af6bb70_0, 0;
T_4.2 ;
T_4.1 ;
    %jmp T_4;
    .thread T_4;
    .scope S_000002475af58550;
T_5 ;
    %pushi/vec4 0, 0, 32;
    %store/vec4 v000002475af6c070_0, 0, 32;
T_5.0 ; Top of for-loop
    %load/vec4 v000002475af6c070_0;
    %cmpi/s 16, 0, 32;
	  %jmp/0xz T_5.1, 5;
    %pushi/vec4 0, 0, 256;
    %load/vec4 v000002475af6c070_0;
    %muli 16, 0, 32;
    %part/s 16;
    %pushi/vec4 0, 0, 32;
    %load/vec4 v000002475af6c070_0;
    %add;
    %ix/vec4/s 4;
    %store/vec4a v000002475af6c110, 4, 0;
    %pushi/vec4 0, 0, 256;
    %load/vec4 v000002475af6c070_0;
    %muli 16, 0, 32;
    %part/s 16;
    %pushi/vec4 16, 0, 32;
    %load/vec4 v000002475af6c070_0;
    %add;
    %ix/vec4/s 4;
    %store/vec4a v000002475af6c110, 4, 0;
    %pushi/vec4 0, 0, 256;
    %load/vec4 v000002475af6c070_0;
    %muli 16, 0, 32;
    %part/s 16;
    %pushi/vec4 32, 0, 32;
    %load/vec4 v000002475af6c070_0;
    %add;
    %ix/vec4/s 4;
    %store/vec4a v000002475af6c110, 4, 0;
    %pushi/vec4 0, 0, 256;
    %load/vec4 v000002475af6c070_0;
    %muli 16, 0, 32;
    %part/s 16;
    %pushi/vec4 48, 0, 32;
    %load/vec4 v000002475af6c070_0;
    %add;
    %ix/vec4/s 4;
    %store/vec4a v000002475af6c110, 4, 0;
    %pushi/vec4 0, 0, 256;
    %load/vec4 v000002475af6c070_0;
    %muli 16, 0, 32;
    %part/s 16;
    %pushi/vec4 64, 0, 32;
    %load/vec4 v000002475af6c070_0;
    %add;
    %ix/vec4/s 4;
    %store/vec4a v000002475af6c110, 4, 0;
    %pushi/vec4 0, 0, 256;
    %load/vec4 v000002475af6c070_0;
    %muli 16, 0, 32;
    %part/s 16;
    %pushi/vec4 80, 0, 32;
    %load/vec4 v000002475af6c070_0;
    %add;
    %ix/vec4/s 4;
    %store/vec4a v000002475af6c110, 4, 0;
    %pushi/vec4 0, 0, 256;
    %load/vec4 v000002475af6c070_0;
    %muli 16, 0, 32;
    %part/s 16;
    %pushi/vec4 96, 0, 32;
    %load/vec4 v000002475af6c070_0;
    %add;
    %ix/vec4/s 4;
    %store/vec4a v000002475af6c110, 4, 0;
    %pushi/vec4 0, 0, 256;
    %load/vec4 v000002475af6c070_0;
    %muli 16, 0, 32;
    %part/s 16;
    %pushi/vec4 112, 0, 32;
    %load/vec4 v000002475af6c070_0;
    %add;
    %ix/vec4/s 4;
    %store/vec4a v000002475af6c110, 4, 0;
    %pushi/vec4 0, 0, 256;
    %load/vec4 v000002475af6c070_0;
    %muli 16, 0, 32;
    %part/s 16;
    %pushi/vec4 128, 0, 32;
    %load/vec4 v000002475af6c070_0;
    %add;
    %ix/vec4/s 4;
    %store/vec4a v000002475af6c110, 4, 0;
    %pushi/vec4 0, 0, 256;
    %load/vec4 v000002475af6c070_0;
    %muli 16, 0, 32;
    %part/s 16;
    %pushi/vec4 144, 0, 32;
    %load/vec4 v000002475af6c070_0;
    %add;
    %ix/vec4/s 4;
    %store/vec4a v000002475af6c110, 4, 0;
    %pushi/vec4 0, 0, 256;
    %load/vec4 v000002475af6c070_0;
    %muli 16, 0, 32;
    %part/s 16;
    %pushi/vec4 160, 0, 32;
    %load/vec4 v000002475af6c070_0;
    %add;
    %ix/vec4/s 4;
    %store/vec4a v000002475af6c110, 4, 0;
    %pushi/vec4 0, 0, 256;
    %load/vec4 v000002475af6c070_0;
    %muli 16, 0, 32;
    %part/s 16;
    %pushi/vec4 176, 0, 32;
    %load/vec4 v000002475af6c070_0;
    %add;
    %ix/vec4/s 4;
    %store/vec4a v000002475af6c110, 4, 0;
    %pushi/vec4 0, 0, 256;
    %load/vec4 v000002475af6c070_0;
    %muli 16, 0, 32;
    %part/s 16;
    %pushi/vec4 192, 0, 32;
    %load/vec4 v000002475af6c070_0;
    %add;
    %ix/vec4/s 4;
    %store/vec4a v000002475af6c110, 4, 0;
    %pushi/vec4 0, 0, 256;
    %load/vec4 v000002475af6c070_0;
    %muli 16, 0, 32;
    %part/s 16;
    %pushi/vec4 208, 0, 32;
    %load/vec4 v000002475af6c070_0;
    %add;
    %ix/vec4/s 4;
    %store/vec4a v000002475af6c110, 4, 0;
    %pushi/vec4 0, 0, 256;
    %load/vec4 v000002475af6c070_0;
    %muli 16, 0, 32;
    %part/s 16;
    %pushi/vec4 224, 0, 32;
    %load/vec4 v000002475af6c070_0;
    %add;
    %ix/vec4/s 4;
    %store/vec4a v000002475af6c110, 4, 0;
    %pushi/vec4 0, 0, 256;
    %load/vec4 v000002475af6c070_0;
    %muli 16, 0, 32;
    %part/s 16;
    %pushi/vec4 240, 0, 32;
    %load/vec4 v000002475af6c070_0;
    %add;
    %ix/vec4/s 4;
    %store/vec4a v000002475af6c110, 4, 0;
T_5.2 ; for-loop step statement
    %load/vec4 v000002475af6c070_0;
    %addi 1, 0, 32;
    %store/vec4 v000002475af6c070_0, 0, 32;
    %jmp T_5.0;
T_5.1 ; for-loop exit label
    %end;
    .thread T_5;
    .scope S_000002475af58550;
T_6 ;
    %wait E_000002475af3ff40;
    %load/vec4 v000002475af6bc10_0;
    %flag_set/vec4 9;
    %flag_get/vec4 9;
    %jmp/0 T_6.2, 9;
    %load/vec4 v000002475af6c1b0_0;
    %and;
T_6.2;
    %flag_set/vec4 8;
    %jmp/0xz  T_6.0, 8;
    %load/vec4 v000002475af6be90_0;
    %parti/s 1, 0, 2;
    %nor/r;
    %flag_set/vec4 8;
    %jmp/0xz  T_6.3, 8;
    %load/vec4 v000002475af6b7b0_0;
    %parti/s 1, 0, 2;
    %load/vec4 v000002475af6b990_0;
    %parti/s 8, 0, 2;
    %pad/u 10;
    %ix/vec4 3;
    %ix/load 4, 0, 0; Constant delay
    %assign/vec4/a/d v000002475af6c110, 0, 4;
T_6.3 ;
    %load/vec4 v000002475af6be90_0;
    %parti/s 1, 1, 2;
    %nor/r;
    %flag_set/vec4 8;
    %jmp/0xz  T_6.5, 8;
    %load/vec4 v000002475af6b7b0_0;
    %parti/s 1, 1, 2;
    %load/vec4 v000002475af6b990_0;
    %parti/s 8, 0, 2;
    %pad/u 10;
    %ix/vec4 3;
    %ix/load 4, 1, 0; part off
    %ix/load 5, 0, 0; Constant delay
    %assign/vec4/a/d v000002475af6c110, 4, 5;
T_6.5 ;
    %load/vec4 v000002475af6be90_0;
    %parti/s 1, 2, 3;
    %nor/r;
    %flag_set/vec4 8;
    %jmp/0xz  T_6.7, 8;
    %load/vec4 v000002475af6b7b0_0;
    %parti/s 1, 2, 3;
    %load/vec4 v000002475af6b990_0;
    %parti/s 8, 0, 2;
    %pad/u 10;
    %ix/vec4 3;
    %ix/load 4, 2, 0; part off
    %ix/load 5, 0, 0; Constant delay
    %assign/vec4/a/d v000002475af6c110, 4, 5;
T_6.7 ;
    %load/vec4 v000002475af6be90_0;
    %parti/s 1, 3, 3;
    %nor/r;
    %flag_set/vec4 8;
    %jmp/0xz  T_6.9, 8;
    %load/vec4 v000002475af6b7b0_0;
    %parti/s 1, 3, 3;
    %load/vec4 v000002475af6b990_0;
    %parti/s 8, 0, 2;
    %pad/u 10;
    %ix/vec4 3;
    %ix/load 4, 3, 0; part off
    %ix/load 5, 0, 0; Constant delay
    %assign/vec4/a/d v000002475af6c110, 4, 5;
T_6.9 ;
    %load/vec4 v000002475af6be90_0;
    %parti/s 1, 4, 4;
    %nor/r;
    %flag_set/vec4 8;
    %jmp/0xz  T_6.11, 8;
    %load/vec4 v000002475af6b7b0_0;
    %parti/s 1, 4, 4;
    %load/vec4 v000002475af6b990_0;
    %parti/s 8, 0, 2;
    %pad/u 10;
    %ix/vec4 3;
    %ix/load 4, 4, 0; part off
    %ix/load 5, 0, 0; Constant delay
    %assign/vec4/a/d v000002475af6c110, 4, 5;
T_6.11 ;
    %load/vec4 v000002475af6be90_0;
    %parti/s 1, 5, 4;
    %nor/r;
    %flag_set/vec4 8;
    %jmp/0xz  T_6.13, 8;
    %load/vec4 v000002475af6b7b0_0;
    %parti/s 1, 5, 4;
    %load/vec4 v000002475af6b990_0;
    %parti/s 8, 0, 2;
    %pad/u 10;
    %ix/vec4 3;
    %ix/load 4, 5, 0; part off
    %ix/load 5, 0, 0; Constant delay
    %assign/vec4/a/d v000002475af6c110, 4, 5;
T_6.13 ;
    %load/vec4 v000002475af6be90_0;
    %parti/s 1, 6, 4;
    %nor/r;
    %flag_set/vec4 8;
    %jmp/0xz  T_6.15, 8;
    %load/vec4 v000002475af6b7b0_0;
    %parti/s 1, 6, 4;
    %load/vec4 v000002475af6b990_0;
    %parti/s 8, 0, 2;
    %pad/u 10;
    %ix/vec4 3;
    %ix/load 4, 6, 0; part off
    %ix/load 5, 0, 0; Constant delay
    %assign/vec4/a/d v000002475af6c110, 4, 5;
T_6.15 ;
    %load/vec4 v000002475af6be90_0;
    %parti/s 1, 7, 4;
    %nor/r;
    %flag_set/vec4 8;
    %jmp/0xz  T_6.17, 8;
    %load/vec4 v000002475af6b7b0_0;
    %parti/s 1, 7, 4;
    %load/vec4 v000002475af6b990_0;
    %parti/s 8, 0, 2;
    %pad/u 10;
    %ix/vec4 3;
    %ix/load 4, 7, 0; part off
    %ix/load 5, 0, 0; Constant delay
    %assign/vec4/a/d v000002475af6c110, 4, 5;
T_6.17 ;
    %load/vec4 v000002475af6be90_0;
    %parti/s 1, 8, 5;
    %nor/r;
    %flag_set/vec4 8;
    %jmp/0xz  T_6.19, 8;
    %load/vec4 v000002475af6b7b0_0;
    %parti/s 1, 8, 5;
    %load/vec4 v000002475af6b990_0;
    %parti/s 8, 0, 2;
    %pad/u 10;
    %ix/vec4 3;
    %ix/load 4, 8, 0; part off
    %ix/load 5, 0, 0; Constant delay
    %assign/vec4/a/d v000002475af6c110, 4, 5;
T_6.19 ;
    %load/vec4 v000002475af6be90_0;
    %parti/s 1, 9, 5;
    %nor/r;
    %flag_set/vec4 8;
    %jmp/0xz  T_6.21, 8;
    %load/vec4 v000002475af6b7b0_0;
    %parti/s 1, 9, 5;
    %load/vec4 v000002475af6b990_0;
    %parti/s 8, 0, 2;
    %pad/u 10;
    %ix/vec4 3;
    %ix/load 4, 9, 0; part off
    %ix/load 5, 0, 0; Constant delay
    %assign/vec4/a/d v000002475af6c110, 4, 5;
T_6.21 ;
    %load/vec4 v000002475af6be90_0;
    %parti/s 1, 10, 5;
    %nor/r;
    %flag_set/vec4 8;
    %jmp/0xz  T_6.23, 8;
    %load/vec4 v000002475af6b7b0_0;
    %parti/s 1, 10, 5;
    %load/vec4 v000002475af6b990_0;
    %parti/s 8, 0, 2;
    %pad/u 10;
    %ix/vec4 3;
    %ix/load 4, 10, 0; part off
    %ix/load 5, 0, 0; Constant delay
    %assign/vec4/a/d v000002475af6c110, 4, 5;
T_6.23 ;
    %load/vec4 v000002475af6be90_0;
    %parti/s 1, 11, 5;
    %nor/r;
    %flag_set/vec4 8;
    %jmp/0xz  T_6.25, 8;
    %load/vec4 v000002475af6b7b0_0;
    %parti/s 1, 11, 5;
    %load/vec4 v000002475af6b990_0;
    %parti/s 8, 0, 2;
    %pad/u 10;
    %ix/vec4 3;
    %ix/load 4, 11, 0; part off
    %ix/load 5, 0, 0; Constant delay
    %assign/vec4/a/d v000002475af6c110, 4, 5;
T_6.25 ;
    %load/vec4 v000002475af6be90_0;
    %parti/s 1, 12, 5;
    %nor/r;
    %flag_set/vec4 8;
    %jmp/0xz  T_6.27, 8;
    %load/vec4 v000002475af6b7b0_0;
    %parti/s 1, 12, 5;
    %load/vec4 v000002475af6b990_0;
    %parti/s 8, 0, 2;
    %pad/u 10;
    %ix/vec4 3;
    %ix/load 4, 12, 0; part off
    %ix/load 5, 0, 0; Constant delay
    %assign/vec4/a/d v000002475af6c110, 4, 5;
T_6.27 ;
    %load/vec4 v000002475af6be90_0;
    %parti/s 1, 13, 5;
    %nor/r;
    %flag_set/vec4 8;
    %jmp/0xz  T_6.29, 8;
    %load/vec4 v000002475af6b7b0_0;
    %parti/s 1, 13, 5;
    %load/vec4 v000002475af6b990_0;
    %parti/s 8, 0, 2;
    %pad/u 10;
    %ix/vec4 3;
    %ix/load 4, 13, 0; part off
    %ix/load 5, 0, 0; Constant delay
    %assign/vec4/a/d v000002475af6c110, 4, 5;
T_6.29 ;
    %load/vec4 v000002475af6be90_0;
    %parti/s 1, 14, 5;
    %nor/r;
    %flag_set/vec4 8;
    %jmp/0xz  T_6.31, 8;
    %load/vec4 v000002475af6b7b0_0;
    %parti/s 1, 14, 5;
    %load/vec4 v000002475af6b990_0;
    %parti/s 8, 0, 2;
    %pad/u 10;
    %ix/vec4 3;
    %ix/load 4, 14, 0; part off
    %ix/load 5, 0, 0; Constant delay
    %assign/vec4/a/d v000002475af6c110, 4, 5;
T_6.31 ;
    %load/vec4 v000002475af6be90_0;
    %parti/s 1, 15, 5;
    %nor/r;
    %flag_set/vec4 8;
    %jmp/0xz  T_6.33, 8;
    %load/vec4 v000002475af6b7b0_0;
    %parti/s 1, 15, 5;
    %load/vec4 v000002475af6b990_0;
    %parti/s 8, 0, 2;
    %pad/u 10;
    %ix/vec4 3;
    %ix/load 4, 15, 0; part off
    %ix/load 5, 0, 0; Constant delay
    %assign/vec4/a/d v000002475af6c110, 4, 5;
T_6.33 ;
T_6.0 ;
    %jmp T_6;
    .thread T_6;
    .scope S_000002475af58550;
T_7 ;
    %wait E_000002475af3ff00;
    %load/vec4 v000002475af6ad10_0;
    %flag_set/vec4 9;
    %flag_get/vec4 9;
    %jmp/0 T_7.2, 9;
    %load/vec4 v000002475af6a8b0_0;
    %and;
T_7.2;
    %flag_set/vec4 8;
    %jmp/0xz  T_7.0, 8;
    %load/vec4 v000002475af6b670_0;
    %parti/s 8, 0, 2;
    %pad/u 10;
    %ix/vec4 4;
    %load/vec4a v000002475af6c110, 4;
    %load/vec4 v000002475af6bd50_0;
    %inv;
    %and;
    %assign/vec4 v000002475af6abd0_0, 0;
T_7.0 ;
    %jmp T_7;
    .thread T_7;
    .scope S_000002475accb020;
T_8 ;
    %pushi/vec4 0, 0, 1;
    %store/vec4 v000002475afb61f0_0, 0, 1;
    %end;
    .thread T_8;
    .scope S_000002475accb020;
T_9 ;
    %wait E_000002475af41240;
    %load/vec4 v000002475afb5390_0;
    %assign/vec4 v000002475afb61f0_0, 0;
    %jmp T_9;
    .thread T_9;
    .scope S_000002475accb1b0;
T_10 ;
    %pushi/vec4 0, 0, 1;
    %store/vec4 v000002475afb5f70_0, 0, 1;
    %end;
    .thread T_10;
    .scope S_000002475accb1b0;
T_11 ;
    %wait E_000002475af415c0;
    %load/vec4 v000002475afb5430_0;
    %flag_set/vec4 8;
    %jmp/0xz  T_11.0, 8;
    %load/vec4 v000002475afb5750_0;
    %assign/vec4 v000002475afb5f70_0, 0;
T_11.0 ;
    %jmp T_11;
    .thread T_11;
    .scope S_000002475accb340;
T_12 ;
    %pushi/vec4 0, 0, 1;
    %store/vec4 v000002475afb5b10_0, 0, 1;
    %end;
    .thread T_12;
    .scope S_000002475accb340;
T_13 ;
    %wait E_000002475af40fc0;
    %load/vec4 v000002475afb5c50_0;
    %flag_set/vec4 8;
    %jmp/0xz  T_13.0, 8;
    %pushi/vec4 0, 0, 1;
    %assign/vec4 v000002475afb5b10_0, 0;
    %jmp T_13.1;
T_13.0 ;
    %load/vec4 v000002475afb5890_0;
    %flag_set/vec4 8;
    %jmp/0xz  T_13.2, 8;
    %load/vec4 v000002475afb5a70_0;
    %assign/vec4 v000002475afb5b10_0, 0;
T_13.2 ;
T_13.1 ;
    %jmp T_13;
    .thread T_13;
    .scope S_000002475acd6e90;
T_14 ;
    %pushi/vec4 0, 0, 1;
    %store/vec4 v000002475afb89a0_0, 0, 1;
    %end;
    .thread T_14;
    .scope S_000002475acd6e90;
T_15 ;
    %wait E_000002475af41780;
    %load/vec4 v000002475afb6e20_0;
    %flag_set/vec4 8;
    %jmp/0xz  T_15.0, 8;
    %pushi/vec4 1, 0, 1;
    %assign/vec4 v000002475afb89a0_0, 0;
    %jmp T_15.1;
T_15.0 ;
    %load/vec4 v000002475afb7320_0;
    %flag_set/vec4 8;
    %jmp/0xz  T_15.2, 8;
    %load/vec4 v000002475afb63d0_0;
    %assign/vec4 v000002475afb89a0_0, 0;
T_15.2 ;
T_15.1 ;
    %jmp T_15;
    .thread T_15;
    .scope S_000002475acd7020;
T_16 ;
    %pushi/vec4 0, 0, 1;
    %store/vec4 v000002475afb69c0_0, 0, 1;
    %end;
    .thread T_16;
    .scope S_000002475acd7020;
T_17 ;
    %wait E_000002475af40f40;
    %load/vec4 v000002475afb6600_0;
    %flag_set/vec4 8;
    %jmp/0xz  T_17.0, 8;
    %load/vec4 v000002475afb7c80_0;
    %flag_set/vec4 8;
    %jmp/0xz  T_17.2, 8;
    %pushi/vec4 0, 0, 1;
    %assign/vec4 v000002475afb69c0_0, 0;
    %jmp T_17.3;
T_17.2 ;
    %load/vec4 v000002475afb7dc0_0;
    %assign/vec4 v000002475afb69c0_0, 0;
T_17.3 ;
T_17.0 ;
    %jmp T_17;
    .thread T_17;
    .scope S_000002475acd71b0;
T_18 ;
    %pushi/vec4 0, 0, 1;
    %store/vec4 v000002475afb66a0_0, 0, 1;
    %end;
    .thread T_18;
    .scope S_000002475acd71b0;
T_19 ;
    %wait E_000002475af41980;
    %load/vec4 v000002475afb7b40_0;
    %flag_set/vec4 8;
    %jmp/0xz  T_19.0, 8;
    %load/vec4 v000002475afb6f60_0;
    %flag_set/vec4 8;
    %jmp/0xz  T_19.2, 8;
    %pushi/vec4 1, 0, 1;
    %assign/vec4 v000002475afb66a0_0, 0;
    %jmp T_19.3;
T_19.2 ;
    %load/vec4 v000002475afb6b00_0;
    %assign/vec4 v000002475afb66a0_0, 0;
T_19.3 ;
T_19.0 ;
    %jmp T_19;
    .thread T_19;
    .scope S_000002475acd24c0;
T_20 ;
    %pushi/vec4 0, 0, 1;
    %store/vec4 v000002475afb7be0_0, 0, 1;
    %end;
    .thread T_20;
    .scope S_000002475acd24c0;
T_21 ;
    %wait E_000002475af41c00;
    %load/vec4 v000002475afb6ec0_0;
    %assign/vec4 v000002475afb7be0_0, 0;
    %jmp T_21;
    .thread T_21;
    .scope S_000002475acd2650;
T_22 ;
    %pushi/vec4 0, 0, 1;
    %store/vec4 v000002475afb8040_0, 0, 1;
    %end;
    .thread T_22;
    .scope S_000002475acd2650;
T_23 ;
    %wait E_000002475af41540;
    %load/vec4 v000002475afb87c0_0;
    %flag_set/vec4 8;
    %jmp/0xz  T_23.0, 8;
    %load/vec4 v000002475afb7fa0_0;
    %assign/vec4 v000002475afb8040_0, 0;
T_23.0 ;
    %jmp T_23;
    .thread T_23;
    .scope S_000002475acd27e0;
T_24 ;
    %pushi/vec4 0, 0, 1;
    %store/vec4 v000002475afb6ce0_0, 0, 1;
    %end;
    .thread T_24;
    .scope S_000002475acd27e0;
T_25 ;
    %wait E_000002475af41bc0;
    %load/vec4 v000002475afb6d80_0;
    %flag_set/vec4 8;
    %jmp/0xz  T_25.0, 8;
    %pushi/vec4 0, 0, 1;
    %assign/vec4 v000002475afb6ce0_0, 0;
    %jmp T_25.1;
T_25.0 ;
    %load/vec4 v000002475afb8c20_0;
    %flag_set/vec4 8;
    %jmp/0xz  T_25.2, 8;
    %load/vec4 v000002475afb8860_0;
    %assign/vec4 v000002475afb6ce0_0, 0;
T_25.2 ;
T_25.1 ;
    %jmp T_25;
    .thread T_25;
    .scope S_000002475acd8370;
T_26 ;
    %pushi/vec4 0, 0, 1;
    %store/vec4 v000002475afb70a0_0, 0, 1;
    %end;
    .thread T_26;
    .scope S_000002475acd8370;
T_27 ;
    %wait E_000002475af40dc0;
    %load/vec4 v000002475afb8220_0;
    %flag_set/vec4 8;
    %jmp/0xz  T_27.0, 8;
    %pushi/vec4 1, 0, 1;
    %assign/vec4 v000002475afb70a0_0, 0;
    %jmp T_27.1;
T_27.0 ;
    %load/vec4 v000002475afb6740_0;
    %flag_set/vec4 8;
    %jmp/0xz  T_27.2, 8;
    %load/vec4 v000002475afb7780_0;
    %assign/vec4 v000002475afb70a0_0, 0;
T_27.2 ;
T_27.1 ;
    %jmp T_27;
    .thread T_27;
    .scope S_000002475af51480;
T_28 ;
    %pushi/vec4 0, 0, 1;
    %store/vec4 v000002475afb7000_0, 0, 1;
    %end;
    .thread T_28;
    .scope S_000002475af51480;
T_29 ;
    %wait E_000002475af41600;
    %load/vec4 v000002475afb7280_0;
    %flag_set/vec4 8;
    %jmp/0xz  T_29.0, 8;
    %load/vec4 v000002475afb7140_0;
    %flag_set/vec4 8;
    %jmp/0xz  T_29.2, 8;
    %pushi/vec4 0, 0, 1;
    %assign/vec4 v000002475afb7000_0, 0;
    %jmp T_29.3;
T_29.2 ;
    %load/vec4 v000002475afb8720_0;
    %assign/vec4 v000002475afb7000_0, 0;
T_29.3 ;
T_29.0 ;
    %jmp T_29;
    .thread T_29;
    .scope S_000002475af51160;
T_30 ;
    %pushi/vec4 0, 0, 1;
    %store/vec4 v000002475afb73c0_0, 0, 1;
    %end;
    .thread T_30;
    .scope S_000002475af51160;
T_31 ;
    %wait E_000002475af413c0;
    %load/vec4 v000002475afb71e0_0;
    %flag_set/vec4 8;
    %jmp/0xz  T_31.0, 8;
    %load/vec4 v000002475afb7960_0;
    %flag_set/vec4 8;
    %jmp/0xz  T_31.2, 8;
    %pushi/vec4 1, 0, 1;
    %assign/vec4 v000002475afb73c0_0, 0;
    %jmp T_31.3;
T_31.2 ;
    %load/vec4 v000002475afb7820_0;
    %assign/vec4 v000002475afb73c0_0, 0;
T_31.3 ;
T_31.0 ;
    %jmp T_31;
    .thread T_31;
    .scope S_000002475af512f0;
T_32 ;
    %pushi/vec4 0, 0, 1;
    %store/vec4 v000002475afb7500_0, 0, 1;
    %end;
    .thread T_32;
    .scope S_000002475af512f0;
T_33 ;
    %wait E_000002475af41a80;
    %load/vec4 v000002475afb75a0_0;
    %flag_set/vec4 8;
    %jmp/0xz  T_33.0, 8;
    %pushi/vec4 0, 0, 1;
    %assign/vec4 v000002475afb7500_0, 0;
    %jmp T_33.1;
T_33.0 ;
    %load/vec4 v000002475afb8a40_0;
    %assign/vec4 v000002475afb7500_0, 0;
T_33.1 ;
    %jmp T_33;
    .thread T_33;
    .scope S_000002475af51930;
T_34 ;
    %pushi/vec4 0, 0, 1;
    %store/vec4 v000002475afb7e60_0, 0, 1;
    %end;
    .thread T_34;
    .scope S_000002475af51930;
T_35 ;
    %wait E_000002475af419c0;
    %load/vec4 v000002475afb7640_0;
    %flag_set/vec4 8;
    %jmp/0xz  T_35.0, 8;
    %pushi/vec4 1, 0, 1;
    %assign/vec4 v000002475afb7e60_0, 0;
    %jmp T_35.1;
T_35.0 ;
    %load/vec4 v000002475afb67e0_0;
    %assign/vec4 v000002475afb7e60_0, 0;
T_35.1 ;
    %jmp T_35;
    .thread T_35;
    .scope S_000002475af51610;
T_36 ;
    %pushi/vec4 0, 0, 1;
    %store/vec4 v000002475afb6920_0, 0, 1;
    %end;
    .thread T_36;
    .scope S_000002475af51610;
T_37 ;
    %wait E_000002475af41800;
    %load/vec4 v000002475afb76e0_0;
    %flag_set/vec4 8;
    %jmp/0xz  T_37.0, 8;
    %pushi/vec4 0, 0, 1;
    %assign/vec4 v000002475afb6920_0, 0;
    %jmp T_37.1;
T_37.0 ;
    %load/vec4 v000002475afb7f00_0;
    %assign/vec4 v000002475afb6920_0, 0;
T_37.1 ;
    %jmp T_37;
    .thread T_37;
    .scope S_000002475af51ac0;
T_38 ;
    %pushi/vec4 0, 0, 1;
    %store/vec4 v000002475afb8360_0, 0, 1;
    %end;
    .thread T_38;
    .scope S_000002475af51ac0;
T_39 ;
    %wait E_000002475af40f80;
    %load/vec4 v000002475afb8400_0;
    %flag_set/vec4 8;
    %jmp/0xz  T_39.0, 8;
    %pushi/vec4 1, 0, 1;
    %assign/vec4 v000002475afb8360_0, 0;
    %jmp T_39.1;
T_39.0 ;
    %load/vec4 v000002475afb82c0_0;
    %assign/vec4 v000002475afb8360_0, 0;
T_39.1 ;
    %jmp T_39;
    .thread T_39;
    .scope S_000002475af517a0;
T_40 ;
    %pushi/vec4 0, 0, 1;
    %store/vec4 v000002475afb8540_0, 0, 1;
    %end;
    .thread T_40;
    .scope S_000002475af517a0;
T_41 ;
    %wait E_000002475af41880;
    %load/vec4 v000002475afb85e0_0;
    %flag_set/vec4 8;
    %jmp/0xz  T_41.0, 8;
    %pushi/vec4 0, 0, 1;
    %assign/vec4 v000002475afb8540_0, 0;
    %jmp T_41.1;
T_41.0 ;
    %load/vec4 v000002475afb84a0_0;
    %assign/vec4 v000002475afb8540_0, 0;
T_41.1 ;
    %jmp T_41;
    .thread T_41;
    .scope S_000002475af50cb0;
T_42 ;
    %pushi/vec4 0, 0, 1;
    %store/vec4 v000002475afb8cc0_0, 0, 1;
    %end;
    .thread T_42;
    .scope S_000002475af50cb0;
T_43 ;
    %wait E_000002475af41080;
    %load/vec4 v000002475afb6560_0;
    %flag_set/vec4 8;
    %jmp/0xz  T_43.0, 8;
    %pushi/vec4 1, 0, 1;
    %assign/vec4 v000002475afb8cc0_0, 0;
    %jmp T_43.1;
T_43.0 ;
    %load/vec4 v000002475afb8b80_0;
    %assign/vec4 v000002475afb8cc0_0, 0;
T_43.1 ;
    %jmp T_43;
    .thread T_43;
    .scope S_000002475af50e40;
T_44 ;
    %pushi/vec4 0, 0, 1;
    %store/vec4 v000002475afba0c0_0, 0, 1;
    %end;
    .thread T_44;
    .scope S_000002475af50e40;
T_45 ;
    %wait E_000002475af418c0;
    %load/vec4 v000002475afb9300_0;
    %flag_set/vec4 8;
    %jmp/0xz  T_45.0, 8;
    %pushi/vec4 0, 0, 1;
    %assign/vec4 v000002475afba0c0_0, 0;
    %jmp T_45.1;
T_45.0 ;
    %load/vec4 v000002475afb9bc0_0;
    %assign/vec4 v000002475afba0c0_0, 0;
T_45.1 ;
    %jmp T_45;
    .thread T_45;
    .scope S_000002475af50fd0;
T_46 ;
    %pushi/vec4 0, 0, 1;
    %store/vec4 v000002475afb9f80_0, 0, 1;
    %end;
    .thread T_46;
    .scope S_000002475af50fd0;
T_47 ;
    %wait E_000002475af41640;
    %load/vec4 v000002475afb98a0_0;
    %flag_set/vec4 8;
    %jmp/0xz  T_47.0, 8;
    %pushi/vec4 1, 0, 1;
    %assign/vec4 v000002475afb9f80_0, 0;
    %jmp T_47.1;
T_47.0 ;
    %load/vec4 v000002475afb8ea0_0;
    %assign/vec4 v000002475afb9f80_0, 0;
T_47.1 ;
    %jmp T_47;
    .thread T_47;
    .scope S_000002475af58d20;
T_48 ;
    %wait E_000002475af41c80;
    %load/vec4 v000002475afb9b20_0;
    %assign/vec4 v000002475afb9a80_0, 0;
    %jmp T_48;
    .thread T_48;
    .scope S_000002475af58d20;
T_49 ;
    %wait E_000002475af41c80;
    %load/vec4 v000002475afb9b20_0;
    %flag_set/vec4 8;
    %jmp/0xz  T_49.0, 8;
    %load/vec4 v000002475afb9440_0;
    %assign/vec4 v000002475afb9da0_0, 0;
T_49.0 ;
    %jmp T_49;
    .thread T_49;
    .scope S_000002475af58d20;
T_50 ;
    %wait E_000002475af41ac0;
    %load/vec4 v000002475afb9a80_0;
    %flag_set/vec4 8;
    %jmp/0xz  T_50.0, 8;
    %load/vec4 v000002475afb9440_0;
    %assign/vec4 v000002475afba020_0, 0;
T_50.0 ;
    %jmp T_50;
    .thread T_50;
    .scope S_000002475af58d20;
T_51 ;
    %wait E_000002475af41c40;
    %load/vec4 v000002475afb9b20_0;
    %assign/vec4 v000002475afb9d00_0, 0;
    %jmp T_51;
    .thread T_51;
    .scope S_000002475af58d20;
T_52 ;
    %wait E_000002475af41c40;
    %load/vec4 v000002475afb9b20_0;
    %flag_set/vec4 8;
    %jmp/0xz  T_52.0, 8;
    %load/vec4 v000002475afba340_0;
    %assign/vec4 v000002475afb9260_0, 0;
T_52.0 ;
    %jmp T_52;
    .thread T_52;
    .scope S_000002475af58d20;
T_53 ;
    %wait E_000002475af40e40;
    %load/vec4 v000002475afb9d00_0;
    %flag_set/vec4 8;
    %jmp/0xz  T_53.0, 8;
    %load/vec4 v000002475afb8f40_0;
    %assign/vec4 v000002475afb94e0_0, 0;
T_53.0 ;
    %jmp T_53;
    .thread T_53;
    .scope S_000002475af58d20;
T_54 ;
    %wait E_000002475af41c40;
    %load/vec4 v000002475afb9b20_0;
    %flag_set/vec4 8;
    %jmp/0xz  T_54.0, 8;
    %load/vec4 v000002475afb8d60_0;
    %assign/vec4 v000002475afb9800_0, 0;
T_54.0 ;
    %jmp T_54;
    .thread T_54;
    .scope S_000002475af58b90;
T_55 ;
    %wait E_000002475af41580;
    %load/vec4 v000002475afb9da0_0;
    %store/vec4 v000002475afb8e00_0, 0, 1;
    %load/vec4 v000002475afba020_0;
    %store/vec4 v000002475afb8fe0_0, 0, 1;
    %jmp T_55;
    .thread T_55, $push;
    .scope S_000002475af58b90;
T_56 ;
    %wait E_000002475af40e00;
    %load/vec4 v000002475afb93a0_0;
    %assign/vec4 v000002475afb9760_0, 0;
    %jmp T_56;
    .thread T_56, $push;
    .scope S_000002475af58b90;
T_57 ;
    %wait E_000002475af41900;
    %load/vec4 v000002475afb9760_0;
    %assign/vec4 v000002475afb9580_0, 0;
    %jmp T_57;
    .thread T_57, $push;
    .scope S_000002475af58b90;
T_58 ;
    %wait E_000002475af41280;
    %load/vec4 v000002475afb9580_0;
    %pushi/vec4 0, 0, 1;
    %xor;
    %flag_set/vec4 8;
    %jmp/1 T_58.2, 8;
    %pushi/vec4 0, 0, 1;
    %flag_set/vec4 9;
    %flag_or 8, 9;
T_58.2;
    %jmp/0 T_58.0, 8;
    %load/vec4 v000002475afb9260_0;
    %jmp/1 T_58.1, 8;
T_58.0 ; End of true expr.
    %load/vec4 v000002475afb94e0_0;
    %jmp/0 T_58.1, 8;
 ; End of false expr.
    %blend;
T_58.1;
    %store/vec4 v000002475afb9120_0, 0, 1;
    %jmp T_58;
    .thread T_58, $push;
    .scope S_000002475af56f70;
T_59 ;
    %wait E_000002475af416c0;
    %load/vec4 v000002475afbaa10_0;
    %flag_set/vec4 8;
    %jmp/0xz  T_59.0, 8;
    %load/vec4 v000002475afbe610_0;
    %assign/vec4 v000002475afbe070_0, 0;
T_59.0 ;
    %jmp T_59;
    .thread T_59;
    .scope S_000002475af56f70;
T_60 ;
    %wait E_000002475af41cc0;
    %load/vec4 v000002475afbaa10_0;
    %flag_set/vec4 8;
    %jmp/0xz  T_60.0, 8;
    %load/vec4 v000002475afbe610_0;
    %assign/vec4 v000002475afbdad0_0, 0;
T_60.0 ;
    %jmp T_60;
    .thread T_60;
    .scope S_000002475af56f70;
T_61 ;
    %wait E_000002475af41740;
    %load/vec4 v000002475afbaa10_0;
    %flag_set/vec4 8;
    %jmp/0xz  T_61.0, 8;
    %load/vec4 v000002475afbaf10_0;
    %assign/vec4 v000002475afbe1b0_0, 0;
T_61.0 ;
    %jmp T_61;
    .thread T_61;
    .scope S_000002475af56f70;
T_62 ;
    %wait E_000002475af41180;
    %load/vec4 v000002475afbaa10_0;
    %flag_set/vec4 8;
    %jmp/0xz  T_62.0, 8;
    %load/vec4 v000002475afbd5d0_0;
    %assign/vec4 v000002475afbe7f0_0, 0;
T_62.0 ;
    %jmp T_62;
    .thread T_62;
    .scope S_000002475af56f70;
T_63 ;
    %wait E_000002475af41740;
    %load/vec4 v000002475afbaa10_0;
    %flag_set/vec4 8;
    %jmp/0xz  T_63.0, 8;
    %load/vec4 v000002475afbddf0_0;
    %assign/vec4 v000002475afbe6b0_0, 0;
T_63.0 ;
    %jmp T_63;
    .thread T_63;
    .scope S_000002475af52df0;
T_64 ;
    %wait E_000002475af40f00;
    %load/vec4 v000002475afbe070_0;
    %store/vec4 v000002475afbd350_0, 0, 1;
    %load/vec4 v000002475afbdad0_0;
    %store/vec4 v000002475afbdfd0_0, 0, 1;
    %jmp T_64;
    .thread T_64, $push;
    .scope S_000002475af52df0;
T_65 ;
    %wait E_000002475af41000;
    %load/vec4 v000002475afbe570_0;
    %assign/vec4 v000002475afbd7b0_0, 0;
    %jmp T_65;
    .thread T_65, $push;
    .scope S_000002475af52df0;
T_66 ;
    %wait E_000002475af40d00;
    %load/vec4 v000002475afbd7b0_0;
    %assign/vec4 v000002475afbe430_0, 0;
    %jmp T_66;
    .thread T_66, $push;
    .scope S_000002475af52df0;
T_67 ;
    %wait E_000002475af41680;
    %load/vec4 v000002475afbe430_0;
    %pushi/vec4 0, 0, 1;
    %xor;
    %flag_set/vec4 8;
    %jmp/1 T_67.2, 8;
    %pushi/vec4 0, 0, 1;
    %flag_set/vec4 9;
    %flag_or 8, 9;
T_67.2;
    %jmp/0 T_67.0, 8;
    %load/vec4 v000002475afbe1b0_0;
    %jmp/1 T_67.1, 8;
T_67.0 ; End of true expr.
    %load/vec4 v000002475afbe7f0_0;
    %jmp/0 T_67.1, 8;
 ; End of false expr.
    %blend;
T_67.1;
    %store/vec4 v000002475afbe390_0, 0, 1;
    %jmp T_67;
    .thread T_67, $push;
    .scope S_000002475af575b0;
T_68 ;
    %wait E_000002475af40ec0;
    %load/vec4 v000002475afbe750_0;
    %flag_set/vec4 8;
    %jmp/0xz  T_68.0, 8;
    %load/vec4 v000002475afbd3f0_0;
    %assign/vec4 v000002475afbd670_0, 0;
T_68.0 ;
    %jmp T_68;
    .thread T_68;
    .scope S_000002475af575b0;
T_69 ;
    %wait E_000002475af40d80;
    %load/vec4 v000002475afbe750_0;
    %flag_set/vec4 8;
    %jmp/0xz  T_69.0, 8;
    %load/vec4 v000002475afbd3f0_0;
    %assign/vec4 v000002475afbd8f0_0, 0;
T_69.0 ;
    %jmp T_69;
    .thread T_69;
    .scope S_000002475af575b0;
T_70 ;
    %wait E_000002475af41700;
    %load/vec4 v000002475afbe750_0;
    %flag_set/vec4 8;
    %jmp/0xz  T_70.0, 8;
    %load/vec4 v000002475afbdcb0_0;
    %assign/vec4 v000002475afbda30_0, 0;
T_70.0 ;
    %jmp T_70;
    .thread T_70;
    .scope S_000002475af575b0;
T_71 ;
    %wait E_000002475af417c0;
    %load/vec4 v000002475afbe750_0;
    %flag_set/vec4 8;
    %jmp/0xz  T_71.0, 8;
    %load/vec4 v000002475afbd210_0;
    %assign/vec4 v000002475afbdb70_0, 0;
T_71.0 ;
    %jmp T_71;
    .thread T_71;
    .scope S_000002475af575b0;
T_72 ;
    %wait E_000002475af41700;
    %load/vec4 v000002475afbe750_0;
    %flag_set/vec4 8;
    %jmp/0xz  T_72.0, 8;
    %load/vec4 v000002475afbd990_0;
    %assign/vec4 v000002475afc13f0_0, 0;
T_72.0 ;
    %jmp T_72;
    .thread T_72;
    .scope S_000002475af532a0;
T_73 ;
    %wait E_000002475af40d40;
    %load/vec4 v000002475afbd670_0;
    %store/vec4 v000002475afbd490_0, 0, 1;
    %load/vec4 v000002475afbd8f0_0;
    %store/vec4 v000002475afbd530_0, 0, 1;
    %jmp T_73;
    .thread T_73, $push;
    .scope S_000002475af532a0;
T_74 ;
    %wait E_000002475af411c0;
    %load/vec4 v000002475afbdf30_0;
    %assign/vec4 v000002475afbdc10_0, 0;
    %jmp T_74;
    .thread T_74, $push;
    .scope S_000002475af532a0;
T_75 ;
    %wait E_000002475af410c0;
    %load/vec4 v000002475afbdc10_0;
    %assign/vec4 v000002475afbdd50_0, 0;
    %jmp T_75;
    .thread T_75, $push;
    .scope S_000002475af532a0;
T_76 ;
    %wait E_000002475af41200;
    %load/vec4 v000002475afbdd50_0;
    %pushi/vec4 0, 0, 1;
    %xor;
    %flag_set/vec4 8;
    %jmp/1 T_76.2, 8;
    %pushi/vec4 0, 0, 1;
    %flag_set/vec4 9;
    %flag_or 8, 9;
T_76.2;
    %jmp/0 T_76.0, 8;
    %load/vec4 v000002475afbda30_0;
    %jmp/1 T_76.1, 8;
T_76.0 ; End of true expr.
    %load/vec4 v000002475afbdb70_0;
    %jmp/0 T_76.1, 8;
 ; End of false expr.
    %blend;
T_76.1;
    %store/vec4 v000002475afbd710_0, 0, 1;
    %jmp T_76;
    .thread T_76, $push;
    .scope S_000002475af53a70;
T_77 ;
    %wait E_000002475af41100;
    %load/vec4 v000002475afbfd70_0;
    %flag_set/vec4 8;
    %jmp/0xz  T_77.0, 8;
    %pushi/vec4 0, 0, 16;
    %assign/vec4 v000002475afc7410_0, 0;
    %pushi/vec4 0, 0, 16;
    %assign/vec4 v000002475afc5570_0, 0;
    %jmp T_77.1;
T_77.0 ;
    %load/vec4 v000002475afbf870_0;
    %flag_set/vec4 8;
    %jmp/0xz  T_77.2, 8;
    %load/vec4 v000002475afc0ef0_0;
    %nor/r;
    %flag_set/vec4 8;
    %jmp/0xz  T_77.4, 8;
    %load/vec4 v000002475afc0db0_0;
    %assign/vec4 v000002475afc7410_0, 0;
T_77.4 ;
    %load/vec4 v000002475afbeb50_0;
    %nor/r;
    %flag_set/vec4 8;
    %jmp/0xz  T_77.6, 8;
    %load/vec4 v000002475afc0950_0;
    %assign/vec4 v000002475afc5570_0, 0;
T_77.6 ;
T_77.2 ;
T_77.1 ;
    %jmp T_77;
    .thread T_77;
    .scope S_000002475af53a70;
T_78 ;
    %wait E_000002475af41040;
    %load/vec4 v000002475afbf230_0;
    %flag_set/vec4 8;
    %jmp/0xz  T_78.0, 8;
    %pushi/vec4 0, 0, 16;
    %assign/vec4 v000002475afc6010_0, 0;
    %pushi/vec4 0, 0, 16;
    %assign/vec4 v000002475afc7b90_0, 0;
    %jmp T_78.1;
T_78.0 ;
    %load/vec4 v000002475afbf870_0;
    %flag_set/vec4 8;
    %jmp/0xz  T_78.2, 8;
    %load/vec4 v000002475afc0090_0;
    %nor/r;
    %flag_set/vec4 8;
    %jmp/0xz  T_78.4, 8;
    %load/vec4 v000002475afc0810_0;
    %assign/vec4 v000002475afc6010_0, 0;
T_78.4 ;
    %load/vec4 v000002475afc0b30_0;
    %nor/r;
    %flag_set/vec4 8;
    %jmp/0xz  T_78.6, 8;
    %load/vec4 v000002475afbef10_0;
    %assign/vec4 v000002475afc7b90_0, 0;
T_78.6 ;
T_78.2 ;
T_78.1 ;
    %jmp T_78;
    .thread T_78;
    .scope S_000002475af53a70;
T_79 ;
    %wait E_000002475af41100;
    %load/vec4 v000002475afbfd70_0;
    %flag_set/vec4 8;
    %jmp/0xz  T_79.0, 8;
    %pushi/vec4 0, 0, 16;
    %assign/vec4 v000002475afc6b50_0, 0;
    %pushi/vec4 0, 0, 16;
    %assign/vec4 v000002475afc6330_0, 0;
    %jmp T_79.1;
T_79.0 ;
    %load/vec4 v000002475afbf870_0;
    %flag_set/vec4 8;
    %jmp/0xz  T_79.2, 8;
    %load/vec4 v000002475afc3630_0;
    %assign/vec4 v000002475afc6b50_0, 0;
    %load/vec4 v000002475afc6ab0_0;
    %assign/vec4 v000002475afc6330_0, 0;
T_79.2 ;
T_79.1 ;
    %jmp T_79;
    .thread T_79;
    .scope S_000002475af53a70;
T_80 ;
    %wait E_000002475af41040;
    %load/vec4 v000002475afbf230_0;
    %flag_set/vec4 8;
    %jmp/0xz  T_80.0, 8;
    %pushi/vec4 0, 0, 16;
    %assign/vec4 v000002475afc65b0_0, 0;
    %pushi/vec4 0, 0, 16;
    %assign/vec4 v000002475afc6290_0, 0;
    %jmp T_80.1;
T_80.0 ;
    %load/vec4 v000002475afbf870_0;
    %flag_set/vec4 8;
    %jmp/0xz  T_80.2, 8;
    %load/vec4 v000002475afc56b0_0;
    %assign/vec4 v000002475afc65b0_0, 0;
    %load/vec4 v000002475afc66f0_0;
    %assign/vec4 v000002475afc6290_0, 0;
T_80.2 ;
T_80.1 ;
    %jmp T_80;
    .thread T_80;
    .scope S_000002475af53a70;
T_81 ;
    %wait E_000002475af41040;
    %load/vec4 v000002475afbf230_0;
    %flag_set/vec4 8;
    %jmp/0xz  T_81.0, 8;
    %pushi/vec4 0, 0, 32;
    %assign/vec4 v000002475afc72d0_0, 0;
    %jmp T_81.1;
T_81.0 ;
    %load/vec4 v000002475afbf870_0;
    %flag_set/vec4 8;
    %jmp/0xz  T_81.2, 8;
    %load/vec4 v000002475afc4d50_0;
    %assign/vec4 v000002475afc72d0_0, 0;
T_81.2 ;
T_81.1 ;
    %jmp T_81;
    .thread T_81;
    .scope S_000002475af53a70;
T_82 ;
    %wait E_000002475af40e80;
    %load/vec4 v000002475afc1170_0;
    %flag_set/vec4 8;
    %jmp/0xz  T_82.0, 8;
    %pushi/vec4 0, 0, 16;
    %assign/vec4 v000002475afc7050_0, 0;
    %jmp T_82.1;
T_82.0 ;
    %load/vec4 v000002475afbf870_0;
    %flag_set/vec4 8;
    %jmp/0xz  T_82.2, 8;
    %load/vec4 v000002475afbebf0_0;
    %nor/r;
    %flag_set/vec4 8;
    %jmp/0xz  T_82.4, 8;
    %load/vec4 v000002475afc34f0_0;
    %assign/vec4 v000002475afc7050_0, 0;
T_82.4 ;
T_82.2 ;
T_82.1 ;
    %jmp T_82;
    .thread T_82;
    .scope S_000002475af53a70;
T_83 ;
    %wait E_000002475af41a00;
    %load/vec4 v000002475afbf550_0;
    %flag_set/vec4 8;
    %jmp/0xz  T_83.0, 8;
    %pushi/vec4 0, 0, 16;
    %assign/vec4 v000002475afc5bb0_0, 0;
    %jmp T_83.1;
T_83.0 ;
    %load/vec4 v000002475afbf870_0;
    %flag_set/vec4 8;
    %jmp/0xz  T_83.2, 8;
    %load/vec4 v000002475afbefb0_0;
    %nor/r;
    %flag_set/vec4 8;
    %jmp/0xz  T_83.4, 8;
    %load/vec4 v000002475afc45d0_0;
    %assign/vec4 v000002475afc5bb0_0, 0;
T_83.4 ;
T_83.2 ;
T_83.1 ;
    %jmp T_83;
    .thread T_83;
    .scope S_000002475af57100;
T_84 ;
    %pushi/vec4 0, 0, 32;
    %store/vec4 v000002475afca110_0, 0, 32;
T_84.0 ; Top of for-loop
    %load/vec4 v000002475afca110_0;
    %cmpi/s 16, 0, 32;
	  %jmp/0xz T_84.1, 5;
    %pushi/vec4 0, 0, 256;
    %load/vec4 v000002475afca110_0;
    %muli 16, 0, 32;
    %part/s 16;
    %pushi/vec4 0, 0, 32;
    %load/vec4 v000002475afca110_0;
    %add;
    %ix/vec4/s 4;
    %store/vec4a v000002475afc9170, 4, 0;
    %pushi/vec4 0, 0, 256;
    %load/vec4 v000002475afca110_0;
    %muli 16, 0, 32;
    %part/s 16;
    %pushi/vec4 16, 0, 32;
    %load/vec4 v000002475afca110_0;
    %add;
    %ix/vec4/s 4;
    %store/vec4a v000002475afc9170, 4, 0;
    %pushi/vec4 0, 0, 256;
    %load/vec4 v000002475afca110_0;
    %muli 16, 0, 32;
    %part/s 16;
    %pushi/vec4 32, 0, 32;
    %load/vec4 v000002475afca110_0;
    %add;
    %ix/vec4/s 4;
    %store/vec4a v000002475afc9170, 4, 0;
    %pushi/vec4 0, 0, 256;
    %load/vec4 v000002475afca110_0;
    %muli 16, 0, 32;
    %part/s 16;
    %pushi/vec4 48, 0, 32;
    %load/vec4 v000002475afca110_0;
    %add;
    %ix/vec4/s 4;
    %store/vec4a v000002475afc9170, 4, 0;
    %pushi/vec4 0, 0, 256;
    %load/vec4 v000002475afca110_0;
    %muli 16, 0, 32;
    %part/s 16;
    %pushi/vec4 64, 0, 32;
    %load/vec4 v000002475afca110_0;
    %add;
    %ix/vec4/s 4;
    %store/vec4a v000002475afc9170, 4, 0;
    %pushi/vec4 0, 0, 256;
    %load/vec4 v000002475afca110_0;
    %muli 16, 0, 32;
    %part/s 16;
    %pushi/vec4 80, 0, 32;
    %load/vec4 v000002475afca110_0;
    %add;
    %ix/vec4/s 4;
    %store/vec4a v000002475afc9170, 4, 0;
    %pushi/vec4 0, 0, 256;
    %load/vec4 v000002475afca110_0;
    %muli 16, 0, 32;
    %part/s 16;
    %pushi/vec4 96, 0, 32;
    %load/vec4 v000002475afca110_0;
    %add;
    %ix/vec4/s 4;
    %store/vec4a v000002475afc9170, 4, 0;
    %pushi/vec4 0, 0, 256;
    %load/vec4 v000002475afca110_0;
    %muli 16, 0, 32;
    %part/s 16;
    %pushi/vec4 112, 0, 32;
    %load/vec4 v000002475afca110_0;
    %add;
    %ix/vec4/s 4;
    %store/vec4a v000002475afc9170, 4, 0;
    %pushi/vec4 0, 0, 256;
    %load/vec4 v000002475afca110_0;
    %muli 16, 0, 32;
    %part/s 16;
    %pushi/vec4 128, 0, 32;
    %load/vec4 v000002475afca110_0;
    %add;
    %ix/vec4/s 4;
    %store/vec4a v000002475afc9170, 4, 0;
    %pushi/vec4 0, 0, 256;
    %load/vec4 v000002475afca110_0;
    %muli 16, 0, 32;
    %part/s 16;
    %pushi/vec4 144, 0, 32;
    %load/vec4 v000002475afca110_0;
    %add;
    %ix/vec4/s 4;
    %store/vec4a v000002475afc9170, 4, 0;
    %pushi/vec4 0, 0, 256;
    %load/vec4 v000002475afca110_0;
    %muli 16, 0, 32;
    %part/s 16;
    %pushi/vec4 160, 0, 32;
    %load/vec4 v000002475afca110_0;
    %add;
    %ix/vec4/s 4;
    %store/vec4a v000002475afc9170, 4, 0;
    %pushi/vec4 0, 0, 256;
    %load/vec4 v000002475afca110_0;
    %muli 16, 0, 32;
    %part/s 16;
    %pushi/vec4 176, 0, 32;
    %load/vec4 v000002475afca110_0;
    %add;
    %ix/vec4/s 4;
    %store/vec4a v000002475afc9170, 4, 0;
    %pushi/vec4 0, 0, 256;
    %load/vec4 v000002475afca110_0;
    %muli 16, 0, 32;
    %part/s 16;
    %pushi/vec4 192, 0, 32;
    %load/vec4 v000002475afca110_0;
    %add;
    %ix/vec4/s 4;
    %store/vec4a v000002475afc9170, 4, 0;
    %pushi/vec4 0, 0, 256;
    %load/vec4 v000002475afca110_0;
    %muli 16, 0, 32;
    %part/s 16;
    %pushi/vec4 208, 0, 32;
    %load/vec4 v000002475afca110_0;
    %add;
    %ix/vec4/s 4;
    %store/vec4a v000002475afc9170, 4, 0;
    %pushi/vec4 0, 0, 256;
    %load/vec4 v000002475afca110_0;
    %muli 16, 0, 32;
    %part/s 16;
    %pushi/vec4 224, 0, 32;
    %load/vec4 v000002475afca110_0;
    %add;
    %ix/vec4/s 4;
    %store/vec4a v000002475afc9170, 4, 0;
    %pushi/vec4 0, 0, 256;
    %load/vec4 v000002475afca110_0;
    %muli 16, 0, 32;
    %part/s 16;
    %pushi/vec4 240, 0, 32;
    %load/vec4 v000002475afca110_0;
    %add;
    %ix/vec4/s 4;
    %store/vec4a v000002475afc9170, 4, 0;
T_84.2 ; for-loop step statement
    %load/vec4 v000002475afca110_0;
    %addi 1, 0, 32;
    %store/vec4 v000002475afca110_0, 0, 32;
    %jmp T_84.0;
T_84.1 ; for-loop exit label
    %end;
    .thread T_84;
    .scope S_000002475af57100;
T_85 ;
    %wait E_000002475af412c0;
    %load/vec4 v000002475afc84f0_0;
    %flag_set/vec4 9;
    %flag_get/vec4 9;
    %jmp/0 T_85.2, 9;
    %load/vec4 v000002475afc8d10_0;
    %and;
T_85.2;
    %flag_set/vec4 8;
    %jmp/0xz  T_85.0, 8;
    %load/vec4 v000002475afc7cd0_0;
    %parti/s 1, 0, 2;
    %nor/r;
    %flag_set/vec4 8;
    %jmp/0xz  T_85.3, 8;
    %load/vec4 v000002475afc83b0_0;
    %parti/s 1, 0, 2;
    %load/vec4 v000002475afc8130_0;
    %parti/s 8, 0, 2;
    %pad/u 10;
    %ix/vec4 3;
    %ix/load 4, 0, 0; Constant delay
    %assign/vec4/a/d v000002475afc9170, 0, 4;
T_85.3 ;
    %load/vec4 v000002475afc7cd0_0;
    %parti/s 1, 1, 2;
    %nor/r;
    %flag_set/vec4 8;
    %jmp/0xz  T_85.5, 8;
    %load/vec4 v000002475afc83b0_0;
    %parti/s 1, 1, 2;
    %load/vec4 v000002475afc8130_0;
    %parti/s 8, 0, 2;
    %pad/u 10;
    %ix/vec4 3;
    %ix/load 4, 1, 0; part off
    %ix/load 5, 0, 0; Constant delay
    %assign/vec4/a/d v000002475afc9170, 4, 5;
T_85.5 ;
    %load/vec4 v000002475afc7cd0_0;
    %parti/s 1, 2, 3;
    %nor/r;
    %flag_set/vec4 8;
    %jmp/0xz  T_85.7, 8;
    %load/vec4 v000002475afc83b0_0;
    %parti/s 1, 2, 3;
    %load/vec4 v000002475afc8130_0;
    %parti/s 8, 0, 2;
    %pad/u 10;
    %ix/vec4 3;
    %ix/load 4, 2, 0; part off
    %ix/load 5, 0, 0; Constant delay
    %assign/vec4/a/d v000002475afc9170, 4, 5;
T_85.7 ;
    %load/vec4 v000002475afc7cd0_0;
    %parti/s 1, 3, 3;
    %nor/r;
    %flag_set/vec4 8;
    %jmp/0xz  T_85.9, 8;
    %load/vec4 v000002475afc83b0_0;
    %parti/s 1, 3, 3;
    %load/vec4 v000002475afc8130_0;
    %parti/s 8, 0, 2;
    %pad/u 10;
    %ix/vec4 3;
    %ix/load 4, 3, 0; part off
    %ix/load 5, 0, 0; Constant delay
    %assign/vec4/a/d v000002475afc9170, 4, 5;
T_85.9 ;
    %load/vec4 v000002475afc7cd0_0;
    %parti/s 1, 4, 4;
    %nor/r;
    %flag_set/vec4 8;
    %jmp/0xz  T_85.11, 8;
    %load/vec4 v000002475afc83b0_0;
    %parti/s 1, 4, 4;
    %load/vec4 v000002475afc8130_0;
    %parti/s 8, 0, 2;
    %pad/u 10;
    %ix/vec4 3;
    %ix/load 4, 4, 0; part off
    %ix/load 5, 0, 0; Constant delay
    %assign/vec4/a/d v000002475afc9170, 4, 5;
T_85.11 ;
    %load/vec4 v000002475afc7cd0_0;
    %parti/s 1, 5, 4;
    %nor/r;
    %flag_set/vec4 8;
    %jmp/0xz  T_85.13, 8;
    %load/vec4 v000002475afc83b0_0;
    %parti/s 1, 5, 4;
    %load/vec4 v000002475afc8130_0;
    %parti/s 8, 0, 2;
    %pad/u 10;
    %ix/vec4 3;
    %ix/load 4, 5, 0; part off
    %ix/load 5, 0, 0; Constant delay
    %assign/vec4/a/d v000002475afc9170, 4, 5;
T_85.13 ;
    %load/vec4 v000002475afc7cd0_0;
    %parti/s 1, 6, 4;
    %nor/r;
    %flag_set/vec4 8;
    %jmp/0xz  T_85.15, 8;
    %load/vec4 v000002475afc83b0_0;
    %parti/s 1, 6, 4;
    %load/vec4 v000002475afc8130_0;
    %parti/s 8, 0, 2;
    %pad/u 10;
    %ix/vec4 3;
    %ix/load 4, 6, 0; part off
    %ix/load 5, 0, 0; Constant delay
    %assign/vec4/a/d v000002475afc9170, 4, 5;
T_85.15 ;
    %load/vec4 v000002475afc7cd0_0;
    %parti/s 1, 7, 4;
    %nor/r;
    %flag_set/vec4 8;
    %jmp/0xz  T_85.17, 8;
    %load/vec4 v000002475afc83b0_0;
    %parti/s 1, 7, 4;
    %load/vec4 v000002475afc8130_0;
    %parti/s 8, 0, 2;
    %pad/u 10;
    %ix/vec4 3;
    %ix/load 4, 7, 0; part off
    %ix/load 5, 0, 0; Constant delay
    %assign/vec4/a/d v000002475afc9170, 4, 5;
T_85.17 ;
    %load/vec4 v000002475afc7cd0_0;
    %parti/s 1, 8, 5;
    %nor/r;
    %flag_set/vec4 8;
    %jmp/0xz  T_85.19, 8;
    %load/vec4 v000002475afc83b0_0;
    %parti/s 1, 8, 5;
    %load/vec4 v000002475afc8130_0;
    %parti/s 8, 0, 2;
    %pad/u 10;
    %ix/vec4 3;
    %ix/load 4, 8, 0; part off
    %ix/load 5, 0, 0; Constant delay
    %assign/vec4/a/d v000002475afc9170, 4, 5;
T_85.19 ;
    %load/vec4 v000002475afc7cd0_0;
    %parti/s 1, 9, 5;
    %nor/r;
    %flag_set/vec4 8;
    %jmp/0xz  T_85.21, 8;
    %load/vec4 v000002475afc83b0_0;
    %parti/s 1, 9, 5;
    %load/vec4 v000002475afc8130_0;
    %parti/s 8, 0, 2;
    %pad/u 10;
    %ix/vec4 3;
    %ix/load 4, 9, 0; part off
    %ix/load 5, 0, 0; Constant delay
    %assign/vec4/a/d v000002475afc9170, 4, 5;
T_85.21 ;
    %load/vec4 v000002475afc7cd0_0;
    %parti/s 1, 10, 5;
    %nor/r;
    %flag_set/vec4 8;
    %jmp/0xz  T_85.23, 8;
    %load/vec4 v000002475afc83b0_0;
    %parti/s 1, 10, 5;
    %load/vec4 v000002475afc8130_0;
    %parti/s 8, 0, 2;
    %pad/u 10;
    %ix/vec4 3;
    %ix/load 4, 10, 0; part off
    %ix/load 5, 0, 0; Constant delay
    %assign/vec4/a/d v000002475afc9170, 4, 5;
T_85.23 ;
    %load/vec4 v000002475afc7cd0_0;
    %parti/s 1, 11, 5;
    %nor/r;
    %flag_set/vec4 8;
    %jmp/0xz  T_85.25, 8;
    %load/vec4 v000002475afc83b0_0;
    %parti/s 1, 11, 5;
    %load/vec4 v000002475afc8130_0;
    %parti/s 8, 0, 2;
    %pad/u 10;
    %ix/vec4 3;
    %ix/load 4, 11, 0; part off
    %ix/load 5, 0, 0; Constant delay
    %assign/vec4/a/d v000002475afc9170, 4, 5;
T_85.25 ;
    %load/vec4 v000002475afc7cd0_0;
    %parti/s 1, 12, 5;
    %nor/r;
    %flag_set/vec4 8;
    %jmp/0xz  T_85.27, 8;
    %load/vec4 v000002475afc83b0_0;
    %parti/s 1, 12, 5;
    %load/vec4 v000002475afc8130_0;
    %parti/s 8, 0, 2;
    %pad/u 10;
    %ix/vec4 3;
    %ix/load 4, 12, 0; part off
    %ix/load 5, 0, 0; Constant delay
    %assign/vec4/a/d v000002475afc9170, 4, 5;
T_85.27 ;
    %load/vec4 v000002475afc7cd0_0;
    %parti/s 1, 13, 5;
    %nor/r;
    %flag_set/vec4 8;
    %jmp/0xz  T_85.29, 8;
    %load/vec4 v000002475afc83b0_0;
    %parti/s 1, 13, 5;
    %load/vec4 v000002475afc8130_0;
    %parti/s 8, 0, 2;
    %pad/u 10;
    %ix/vec4 3;
    %ix/load 4, 13, 0; part off
    %ix/load 5, 0, 0; Constant delay
    %assign/vec4/a/d v000002475afc9170, 4, 5;
T_85.29 ;
    %load/vec4 v000002475afc7cd0_0;
    %parti/s 1, 14, 5;
    %nor/r;
    %flag_set/vec4 8;
    %jmp/0xz  T_85.31, 8;
    %load/vec4 v000002475afc83b0_0;
    %parti/s 1, 14, 5;
    %load/vec4 v000002475afc8130_0;
    %parti/s 8, 0, 2;
    %pad/u 10;
    %ix/vec4 3;
    %ix/load 4, 14, 0; part off
    %ix/load 5, 0, 0; Constant delay
    %assign/vec4/a/d v000002475afc9170, 4, 5;
T_85.31 ;
    %load/vec4 v000002475afc7cd0_0;
    %parti/s 1, 15, 5;
    %nor/r;
    %flag_set/vec4 8;
    %jmp/0xz  T_85.33, 8;
    %load/vec4 v000002475afc83b0_0;
    %parti/s 1, 15, 5;
    %load/vec4 v000002475afc8130_0;
    %parti/s 8, 0, 2;
    %pad/u 10;
    %ix/vec4 3;
    %ix/load 4, 15, 0; part off
    %ix/load 5, 0, 0; Constant delay
    %assign/vec4/a/d v000002475afc9170, 4, 5;
T_85.33 ;
T_85.0 ;
    %jmp T_85;
    .thread T_85;
    .scope S_000002475af57100;
T_86 ;
    %wait E_000002475af41140;
    %load/vec4 v000002475afc9710_0;
    %flag_set/vec4 9;
    %flag_get/vec4 9;
    %jmp/0 T_86.2, 9;
    %load/vec4 v000002475afc8310_0;
    %and;
T_86.2;
    %flag_set/vec4 8;
    %jmp/0xz  T_86.0, 8;
    %load/vec4 v000002475afc89f0_0;
    %parti/s 8, 0, 2;
    %pad/u 10;
    %ix/vec4 4;
    %load/vec4a v000002475afc9170, 4;
    %load/vec4 v000002475afc9f30_0;
    %inv;
    %and;
    %assign/vec4 v000002475afc9cb0_0, 0;
T_86.0 ;
    %jmp T_86;
    .thread T_86;
    .scope S_000002475afd8d90;
T_87 ;
    %pushi/vec4 0, 0, 32;
    %store/vec4 v000002475afc8270_0, 0, 32;
T_87.0 ; Top of for-loop
    %load/vec4 v000002475afc8270_0;
    %cmpi/s 16, 0, 32;
	  %jmp/0xz T_87.1, 5;
    %pushi/vec4 0, 0, 256;
    %load/vec4 v000002475afc8270_0;
    %muli 16, 0, 32;
    %part/s 16;
    %pushi/vec4 0, 0, 32;
    %load/vec4 v000002475afc8270_0;
    %add;
    %ix/vec4/s 4;
    %store/vec4a v000002475afc8090, 4, 0;
    %pushi/vec4 0, 0, 256;
    %load/vec4 v000002475afc8270_0;
    %muli 16, 0, 32;
    %part/s 16;
    %pushi/vec4 16, 0, 32;
    %load/vec4 v000002475afc8270_0;
    %add;
    %ix/vec4/s 4;
    %store/vec4a v000002475afc8090, 4, 0;
    %pushi/vec4 0, 0, 256;
    %load/vec4 v000002475afc8270_0;
    %muli 16, 0, 32;
    %part/s 16;
    %pushi/vec4 32, 0, 32;
    %load/vec4 v000002475afc8270_0;
    %add;
    %ix/vec4/s 4;
    %store/vec4a v000002475afc8090, 4, 0;
    %pushi/vec4 0, 0, 256;
    %load/vec4 v000002475afc8270_0;
    %muli 16, 0, 32;
    %part/s 16;
    %pushi/vec4 48, 0, 32;
    %load/vec4 v000002475afc8270_0;
    %add;
    %ix/vec4/s 4;
    %store/vec4a v000002475afc8090, 4, 0;
    %pushi/vec4 0, 0, 256;
    %load/vec4 v000002475afc8270_0;
    %muli 16, 0, 32;
    %part/s 16;
    %pushi/vec4 64, 0, 32;
    %load/vec4 v000002475afc8270_0;
    %add;
    %ix/vec4/s 4;
    %store/vec4a v000002475afc8090, 4, 0;
    %pushi/vec4 0, 0, 256;
    %load/vec4 v000002475afc8270_0;
    %muli 16, 0, 32;
    %part/s 16;
    %pushi/vec4 80, 0, 32;
    %load/vec4 v000002475afc8270_0;
    %add;
    %ix/vec4/s 4;
    %store/vec4a v000002475afc8090, 4, 0;
    %pushi/vec4 0, 0, 256;
    %load/vec4 v000002475afc8270_0;
    %muli 16, 0, 32;
    %part/s 16;
    %pushi/vec4 96, 0, 32;
    %load/vec4 v000002475afc8270_0;
    %add;
    %ix/vec4/s 4;
    %store/vec4a v000002475afc8090, 4, 0;
    %pushi/vec4 0, 0, 256;
    %load/vec4 v000002475afc8270_0;
    %muli 16, 0, 32;
    %part/s 16;
    %pushi/vec4 112, 0, 32;
    %load/vec4 v000002475afc8270_0;
    %add;
    %ix/vec4/s 4;
    %store/vec4a v000002475afc8090, 4, 0;
    %pushi/vec4 0, 0, 256;
    %load/vec4 v000002475afc8270_0;
    %muli 16, 0, 32;
    %part/s 16;
    %pushi/vec4 128, 0, 32;
    %load/vec4 v000002475afc8270_0;
    %add;
    %ix/vec4/s 4;
    %store/vec4a v000002475afc8090, 4, 0;
    %pushi/vec4 0, 0, 256;
    %load/vec4 v000002475afc8270_0;
    %muli 16, 0, 32;
    %part/s 16;
    %pushi/vec4 144, 0, 32;
    %load/vec4 v000002475afc8270_0;
    %add;
    %ix/vec4/s 4;
    %store/vec4a v000002475afc8090, 4, 0;
    %pushi/vec4 0, 0, 256;
    %load/vec4 v000002475afc8270_0;
    %muli 16, 0, 32;
    %part/s 16;
    %pushi/vec4 160, 0, 32;
    %load/vec4 v000002475afc8270_0;
    %add;
    %ix/vec4/s 4;
    %store/vec4a v000002475afc8090, 4, 0;
    %pushi/vec4 0, 0, 256;
    %load/vec4 v000002475afc8270_0;
    %muli 16, 0, 32;
    %part/s 16;
    %pushi/vec4 176, 0, 32;
    %load/vec4 v000002475afc8270_0;
    %add;
    %ix/vec4/s 4;
    %store/vec4a v000002475afc8090, 4, 0;
    %pushi/vec4 0, 0, 256;
    %load/vec4 v000002475afc8270_0;
    %muli 16, 0, 32;
    %part/s 16;
    %pushi/vec4 192, 0, 32;
    %load/vec4 v000002475afc8270_0;
    %add;
    %ix/vec4/s 4;
    %store/vec4a v000002475afc8090, 4, 0;
    %pushi/vec4 0, 0, 256;
    %load/vec4 v000002475afc8270_0;
    %muli 16, 0, 32;
    %part/s 16;
    %pushi/vec4 208, 0, 32;
    %load/vec4 v000002475afc8270_0;
    %add;
    %ix/vec4/s 4;
    %store/vec4a v000002475afc8090, 4, 0;
    %pushi/vec4 0, 0, 256;
    %load/vec4 v000002475afc8270_0;
    %muli 16, 0, 32;
    %part/s 16;
    %pushi/vec4 224, 0, 32;
    %load/vec4 v000002475afc8270_0;
    %add;
    %ix/vec4/s 4;
    %store/vec4a v000002475afc8090, 4, 0;
    %pushi/vec4 0, 0, 256;
    %load/vec4 v000002475afc8270_0;
    %muli 16, 0, 32;
    %part/s 16;
    %pushi/vec4 240, 0, 32;
    %load/vec4 v000002475afc8270_0;
    %add;
    %ix/vec4/s 4;
    %store/vec4a v000002475afc8090, 4, 0;
T_87.2 ; for-loop step statement
    %load/vec4 v000002475afc8270_0;
    %addi 1, 0, 32;
    %store/vec4 v000002475afc8270_0, 0, 32;
    %jmp T_87.0;
T_87.1 ; for-loop exit label
    %end;
    .thread T_87;
    .scope S_000002475afd8d90;
T_88 ;
    %wait E_000002475af41840;
    %load/vec4 v000002475afc7f50_0;
    %flag_set/vec4 9;
    %flag_get/vec4 9;
    %jmp/0 T_88.2, 9;
    %load/vec4 v000002475afc7ff0_0;
    %and;
T_88.2;
    %flag_set/vec4 8;
    %jmp/0xz  T_88.0, 8;
    %load/vec4 v000002475afc9030_0;
    %parti/s 1, 0, 2;
    %nor/r;
    %flag_set/vec4 8;
    %jmp/0xz  T_88.3, 8;
    %load/vec4 v000002475afc98f0_0;
    %parti/s 1, 0, 2;
    %load/vec4 v000002475afc8bd0_0;
    %parti/s 8, 0, 2;
    %pad/u 10;
    %ix/vec4 3;
    %ix/load 4, 0, 0; Constant delay
    %assign/vec4/a/d v000002475afc8090, 0, 4;
T_88.3 ;
    %load/vec4 v000002475afc9030_0;
    %parti/s 1, 1, 2;
    %nor/r;
    %flag_set/vec4 8;
    %jmp/0xz  T_88.5, 8;
    %load/vec4 v000002475afc98f0_0;
    %parti/s 1, 1, 2;
    %load/vec4 v000002475afc8bd0_0;
    %parti/s 8, 0, 2;
    %pad/u 10;
    %ix/vec4 3;
    %ix/load 4, 1, 0; part off
    %ix/load 5, 0, 0; Constant delay
    %assign/vec4/a/d v000002475afc8090, 4, 5;
T_88.5 ;
    %load/vec4 v000002475afc9030_0;
    %parti/s 1, 2, 3;
    %nor/r;
    %flag_set/vec4 8;
    %jmp/0xz  T_88.7, 8;
    %load/vec4 v000002475afc98f0_0;
    %parti/s 1, 2, 3;
    %load/vec4 v000002475afc8bd0_0;
    %parti/s 8, 0, 2;
    %pad/u 10;
    %ix/vec4 3;
    %ix/load 4, 2, 0; part off
    %ix/load 5, 0, 0; Constant delay
    %assign/vec4/a/d v000002475afc8090, 4, 5;
T_88.7 ;
    %load/vec4 v000002475afc9030_0;
    %parti/s 1, 3, 3;
    %nor/r;
    %flag_set/vec4 8;
    %jmp/0xz  T_88.9, 8;
    %load/vec4 v000002475afc98f0_0;
    %parti/s 1, 3, 3;
    %load/vec4 v000002475afc8bd0_0;
    %parti/s 8, 0, 2;
    %pad/u 10;
    %ix/vec4 3;
    %ix/load 4, 3, 0; part off
    %ix/load 5, 0, 0; Constant delay
    %assign/vec4/a/d v000002475afc8090, 4, 5;
T_88.9 ;
    %load/vec4 v000002475afc9030_0;
    %parti/s 1, 4, 4;
    %nor/r;
    %flag_set/vec4 8;
    %jmp/0xz  T_88.11, 8;
    %load/vec4 v000002475afc98f0_0;
    %parti/s 1, 4, 4;
    %load/vec4 v000002475afc8bd0_0;
    %parti/s 8, 0, 2;
    %pad/u 10;
    %ix/vec4 3;
    %ix/load 4, 4, 0; part off
    %ix/load 5, 0, 0; Constant delay
    %assign/vec4/a/d v000002475afc8090, 4, 5;
T_88.11 ;
    %load/vec4 v000002475afc9030_0;
    %parti/s 1, 5, 4;
    %nor/r;
    %flag_set/vec4 8;
    %jmp/0xz  T_88.13, 8;
    %load/vec4 v000002475afc98f0_0;
    %parti/s 1, 5, 4;
    %load/vec4 v000002475afc8bd0_0;
    %parti/s 8, 0, 2;
    %pad/u 10;
    %ix/vec4 3;
    %ix/load 4, 5, 0; part off
    %ix/load 5, 0, 0; Constant delay
    %assign/vec4/a/d v000002475afc8090, 4, 5;
T_88.13 ;
    %load/vec4 v000002475afc9030_0;
    %parti/s 1, 6, 4;
    %nor/r;
    %flag_set/vec4 8;
    %jmp/0xz  T_88.15, 8;
    %load/vec4 v000002475afc98f0_0;
    %parti/s 1, 6, 4;
    %load/vec4 v000002475afc8bd0_0;
    %parti/s 8, 0, 2;
    %pad/u 10;
    %ix/vec4 3;
    %ix/load 4, 6, 0; part off
    %ix/load 5, 0, 0; Constant delay
    %assign/vec4/a/d v000002475afc8090, 4, 5;
T_88.15 ;
    %load/vec4 v000002475afc9030_0;
    %parti/s 1, 7, 4;
    %nor/r;
    %flag_set/vec4 8;
    %jmp/0xz  T_88.17, 8;
    %load/vec4 v000002475afc98f0_0;
    %parti/s 1, 7, 4;
    %load/vec4 v000002475afc8bd0_0;
    %parti/s 8, 0, 2;
    %pad/u 10;
    %ix/vec4 3;
    %ix/load 4, 7, 0; part off
    %ix/load 5, 0, 0; Constant delay
    %assign/vec4/a/d v000002475afc8090, 4, 5;
T_88.17 ;
    %load/vec4 v000002475afc9030_0;
    %parti/s 1, 8, 5;
    %nor/r;
    %flag_set/vec4 8;
    %jmp/0xz  T_88.19, 8;
    %load/vec4 v000002475afc98f0_0;
    %parti/s 1, 8, 5;
    %load/vec4 v000002475afc8bd0_0;
    %parti/s 8, 0, 2;
    %pad/u 10;
    %ix/vec4 3;
    %ix/load 4, 8, 0; part off
    %ix/load 5, 0, 0; Constant delay
    %assign/vec4/a/d v000002475afc8090, 4, 5;
T_88.19 ;
    %load/vec4 v000002475afc9030_0;
    %parti/s 1, 9, 5;
    %nor/r;
    %flag_set/vec4 8;
    %jmp/0xz  T_88.21, 8;
    %load/vec4 v000002475afc98f0_0;
    %parti/s 1, 9, 5;
    %load/vec4 v000002475afc8bd0_0;
    %parti/s 8, 0, 2;
    %pad/u 10;
    %ix/vec4 3;
    %ix/load 4, 9, 0; part off
    %ix/load 5, 0, 0; Constant delay
    %assign/vec4/a/d v000002475afc8090, 4, 5;
T_88.21 ;
    %load/vec4 v000002475afc9030_0;
    %parti/s 1, 10, 5;
    %nor/r;
    %flag_set/vec4 8;
    %jmp/0xz  T_88.23, 8;
    %load/vec4 v000002475afc98f0_0;
    %parti/s 1, 10, 5;
    %load/vec4 v000002475afc8bd0_0;
    %parti/s 8, 0, 2;
    %pad/u 10;
    %ix/vec4 3;
    %ix/load 4, 10, 0; part off
    %ix/load 5, 0, 0; Constant delay
    %assign/vec4/a/d v000002475afc8090, 4, 5;
T_88.23 ;
    %load/vec4 v000002475afc9030_0;
    %parti/s 1, 11, 5;
    %nor/r;
    %flag_set/vec4 8;
    %jmp/0xz  T_88.25, 8;
    %load/vec4 v000002475afc98f0_0;
    %parti/s 1, 11, 5;
    %load/vec4 v000002475afc8bd0_0;
    %parti/s 8, 0, 2;
    %pad/u 10;
    %ix/vec4 3;
    %ix/load 4, 11, 0; part off
    %ix/load 5, 0, 0; Constant delay
    %assign/vec4/a/d v000002475afc8090, 4, 5;
T_88.25 ;
    %load/vec4 v000002475afc9030_0;
    %parti/s 1, 12, 5;
    %nor/r;
    %flag_set/vec4 8;
    %jmp/0xz  T_88.27, 8;
    %load/vec4 v000002475afc98f0_0;
    %parti/s 1, 12, 5;
    %load/vec4 v000002475afc8bd0_0;
    %parti/s 8, 0, 2;
    %pad/u 10;
    %ix/vec4 3;
    %ix/load 4, 12, 0; part off
    %ix/load 5, 0, 0; Constant delay
    %assign/vec4/a/d v000002475afc8090, 4, 5;
T_88.27 ;
    %load/vec4 v000002475afc9030_0;
    %parti/s 1, 13, 5;
    %nor/r;
    %flag_set/vec4 8;
    %jmp/0xz  T_88.29, 8;
    %load/vec4 v000002475afc98f0_0;
    %parti/s 1, 13, 5;
    %load/vec4 v000002475afc8bd0_0;
    %parti/s 8, 0, 2;
    %pad/u 10;
    %ix/vec4 3;
    %ix/load 4, 13, 0; part off
    %ix/load 5, 0, 0; Constant delay
    %assign/vec4/a/d v000002475afc8090, 4, 5;
T_88.29 ;
    %load/vec4 v000002475afc9030_0;
    %parti/s 1, 14, 5;
    %nor/r;
    %flag_set/vec4 8;
    %jmp/0xz  T_88.31, 8;
    %load/vec4 v000002475afc98f0_0;
    %parti/s 1, 14, 5;
    %load/vec4 v000002475afc8bd0_0;
    %parti/s 8, 0, 2;
    %pad/u 10;
    %ix/vec4 3;
    %ix/load 4, 14, 0; part off
    %ix/load 5, 0, 0; Constant delay
    %assign/vec4/a/d v000002475afc8090, 4, 5;
T_88.31 ;
    %load/vec4 v000002475afc9030_0;
    %parti/s 1, 15, 5;
    %nor/r;
    %flag_set/vec4 8;
    %jmp/0xz  T_88.33, 8;
    %load/vec4 v000002475afc98f0_0;
    %parti/s 1, 15, 5;
    %load/vec4 v000002475afc8bd0_0;
    %parti/s 8, 0, 2;
    %pad/u 10;
    %ix/vec4 3;
    %ix/load 4, 15, 0; part off
    %ix/load 5, 0, 0; Constant delay
    %assign/vec4/a/d v000002475afc8090, 4, 5;
T_88.33 ;
T_88.0 ;
    %jmp T_88;
    .thread T_88;
    .scope S_000002475afd8d90;
T_89 ;
    %wait E_000002475af41300;
    %load/vec4 v000002475afc8db0_0;
    %flag_set/vec4 9;
    %flag_get/vec4 9;
    %jmp/0 T_89.2, 9;
    %load/vec4 v000002475afc7d70_0;
    %and;
T_89.2;
    %flag_set/vec4 8;
    %jmp/0xz  T_89.0, 8;
    %load/vec4 v000002475afc9b70_0;
    %parti/s 8, 0, 2;
    %pad/u 10;
    %ix/vec4 4;
    %load/vec4a v000002475afc8090, 4;
    %load/vec4 v000002475afc8810_0;
    %inv;
    %and;
    %assign/vec4 v000002475afc8b30_0, 0;
T_89.0 ;
    %jmp T_89;
    .thread T_89;
    .scope S_000002475afd7940;
T_90 ;
    %pushi/vec4 0, 0, 32;
    %store/vec4 v000002475afde890_0, 0, 32;
T_90.0 ; Top of for-loop
    %load/vec4 v000002475afde890_0;
    %cmpi/s 16, 0, 32;
	  %jmp/0xz T_90.1, 5;
    %pushi/vec4 0, 0, 256;
    %load/vec4 v000002475afde890_0;
    %muli 16, 0, 32;
    %part/s 16;
    %pushi/vec4 0, 0, 32;
    %load/vec4 v000002475afde890_0;
    %add;
    %ix/vec4/s 4;
    %store/vec4a v000002475afdcbd0, 4, 0;
    %pushi/vec4 0, 0, 256;
    %load/vec4 v000002475afde890_0;
    %muli 16, 0, 32;
    %part/s 16;
    %pushi/vec4 16, 0, 32;
    %load/vec4 v000002475afde890_0;
    %add;
    %ix/vec4/s 4;
    %store/vec4a v000002475afdcbd0, 4, 0;
    %pushi/vec4 0, 0, 256;
    %load/vec4 v000002475afde890_0;
    %muli 16, 0, 32;
    %part/s 16;
    %pushi/vec4 32, 0, 32;
    %load/vec4 v000002475afde890_0;
    %add;
    %ix/vec4/s 4;
    %store/vec4a v000002475afdcbd0, 4, 0;
    %pushi/vec4 0, 0, 256;
    %load/vec4 v000002475afde890_0;
    %muli 16, 0, 32;
    %part/s 16;
    %pushi/vec4 48, 0, 32;
    %load/vec4 v000002475afde890_0;
    %add;
    %ix/vec4/s 4;
    %store/vec4a v000002475afdcbd0, 4, 0;
    %pushi/vec4 0, 0, 256;
    %load/vec4 v000002475afde890_0;
    %muli 16, 0, 32;
    %part/s 16;
    %pushi/vec4 64, 0, 32;
    %load/vec4 v000002475afde890_0;
    %add;
    %ix/vec4/s 4;
    %store/vec4a v000002475afdcbd0, 4, 0;
    %pushi/vec4 0, 0, 256;
    %load/vec4 v000002475afde890_0;
    %muli 16, 0, 32;
    %part/s 16;
    %pushi/vec4 80, 0, 32;
    %load/vec4 v000002475afde890_0;
    %add;
    %ix/vec4/s 4;
    %store/vec4a v000002475afdcbd0, 4, 0;
    %pushi/vec4 0, 0, 256;
    %load/vec4 v000002475afde890_0;
    %muli 16, 0, 32;
    %part/s 16;
    %pushi/vec4 96, 0, 32;
    %load/vec4 v000002475afde890_0;
    %add;
    %ix/vec4/s 4;
    %store/vec4a v000002475afdcbd0, 4, 0;
    %pushi/vec4 0, 0, 256;
    %load/vec4 v000002475afde890_0;
    %muli 16, 0, 32;
    %part/s 16;
    %pushi/vec4 112, 0, 32;
    %load/vec4 v000002475afde890_0;
    %add;
    %ix/vec4/s 4;
    %store/vec4a v000002475afdcbd0, 4, 0;
    %pushi/vec4 0, 0, 256;
    %load/vec4 v000002475afde890_0;
    %muli 16, 0, 32;
    %part/s 16;
    %pushi/vec4 128, 0, 32;
    %load/vec4 v000002475afde890_0;
    %add;
    %ix/vec4/s 4;
    %store/vec4a v000002475afdcbd0, 4, 0;
    %pushi/vec4 0, 0, 256;
    %load/vec4 v000002475afde890_0;
    %muli 16, 0, 32;
    %part/s 16;
    %pushi/vec4 144, 0, 32;
    %load/vec4 v000002475afde890_0;
    %add;
    %ix/vec4/s 4;
    %store/vec4a v000002475afdcbd0, 4, 0;
    %pushi/vec4 0, 0, 256;
    %load/vec4 v000002475afde890_0;
    %muli 16, 0, 32;
    %part/s 16;
    %pushi/vec4 160, 0, 32;
    %load/vec4 v000002475afde890_0;
    %add;
    %ix/vec4/s 4;
    %store/vec4a v000002475afdcbd0, 4, 0;
    %pushi/vec4 0, 0, 256;
    %load/vec4 v000002475afde890_0;
    %muli 16, 0, 32;
    %part/s 16;
    %pushi/vec4 176, 0, 32;
    %load/vec4 v000002475afde890_0;
    %add;
    %ix/vec4/s 4;
    %store/vec4a v000002475afdcbd0, 4, 0;
    %pushi/vec4 0, 0, 256;
    %load/vec4 v000002475afde890_0;
    %muli 16, 0, 32;
    %part/s 16;
    %pushi/vec4 192, 0, 32;
    %load/vec4 v000002475afde890_0;
    %add;
    %ix/vec4/s 4;
    %store/vec4a v000002475afdcbd0, 4, 0;
    %pushi/vec4 0, 0, 256;
    %load/vec4 v000002475afde890_0;
    %muli 16, 0, 32;
    %part/s 16;
    %pushi/vec4 208, 0, 32;
    %load/vec4 v000002475afde890_0;
    %add;
    %ix/vec4/s 4;
    %store/vec4a v000002475afdcbd0, 4, 0;
    %pushi/vec4 0, 0, 256;
    %load/vec4 v000002475afde890_0;
    %muli 16, 0, 32;
    %part/s 16;
    %pushi/vec4 224, 0, 32;
    %load/vec4 v000002475afde890_0;
    %add;
    %ix/vec4/s 4;
    %store/vec4a v000002475afdcbd0, 4, 0;
    %pushi/vec4 0, 0, 256;
    %load/vec4 v000002475afde890_0;
    %muli 16, 0, 32;
    %part/s 16;
    %pushi/vec4 240, 0, 32;
    %load/vec4 v000002475afde890_0;
    %add;
    %ix/vec4/s 4;
    %store/vec4a v000002475afdcbd0, 4, 0;
T_90.2 ; for-loop step statement
    %load/vec4 v000002475afde890_0;
    %addi 1, 0, 32;
    %store/vec4 v000002475afde890_0, 0, 32;
    %jmp T_90.0;
T_90.1 ; for-loop exit label
    %end;
    .thread T_90;
    .scope S_000002475afd7940;
T_91 ;
    %wait E_000002475af41400;
    %load/vec4 v000002475afdc4f0_0;
    %flag_set/vec4 9;
    %flag_get/vec4 9;
    %jmp/0 T_91.2, 9;
    %load/vec4 v000002475afdc950_0;
    %and;
T_91.2;
    %flag_set/vec4 8;
    %jmp/0xz  T_91.0, 8;
    %load/vec4 v000002475afde1b0_0;
    %parti/s 1, 0, 2;
    %nor/r;
    %flag_set/vec4 8;
    %jmp/0xz  T_91.3, 8;
    %load/vec4 v000002475afde6b0_0;
    %parti/s 1, 0, 2;
    %load/vec4 v000002475afdd990_0;
    %parti/s 8, 0, 2;
    %pad/u 10;
    %ix/vec4 3;
    %ix/load 4, 0, 0; Constant delay
    %assign/vec4/a/d v000002475afdcbd0, 0, 4;
T_91.3 ;
    %load/vec4 v000002475afde1b0_0;
    %parti/s 1, 1, 2;
    %nor/r;
    %flag_set/vec4 8;
    %jmp/0xz  T_91.5, 8;
    %load/vec4 v000002475afde6b0_0;
    %parti/s 1, 1, 2;
    %load/vec4 v000002475afdd990_0;
    %parti/s 8, 0, 2;
    %pad/u 10;
    %ix/vec4 3;
    %ix/load 4, 1, 0; part off
    %ix/load 5, 0, 0; Constant delay
    %assign/vec4/a/d v000002475afdcbd0, 4, 5;
T_91.5 ;
    %load/vec4 v000002475afde1b0_0;
    %parti/s 1, 2, 3;
    %nor/r;
    %flag_set/vec4 8;
    %jmp/0xz  T_91.7, 8;
    %load/vec4 v000002475afde6b0_0;
    %parti/s 1, 2, 3;
    %load/vec4 v000002475afdd990_0;
    %parti/s 8, 0, 2;
    %pad/u 10;
    %ix/vec4 3;
    %ix/load 4, 2, 0; part off
    %ix/load 5, 0, 0; Constant delay
    %assign/vec4/a/d v000002475afdcbd0, 4, 5;
T_91.7 ;
    %load/vec4 v000002475afde1b0_0;
    %parti/s 1, 3, 3;
    %nor/r;
    %flag_set/vec4 8;
    %jmp/0xz  T_91.9, 8;
    %load/vec4 v000002475afde6b0_0;
    %parti/s 1, 3, 3;
    %load/vec4 v000002475afdd990_0;
    %parti/s 8, 0, 2;
    %pad/u 10;
    %ix/vec4 3;
    %ix/load 4, 3, 0; part off
    %ix/load 5, 0, 0; Constant delay
    %assign/vec4/a/d v000002475afdcbd0, 4, 5;
T_91.9 ;
    %load/vec4 v000002475afde1b0_0;
    %parti/s 1, 4, 4;
    %nor/r;
    %flag_set/vec4 8;
    %jmp/0xz  T_91.11, 8;
    %load/vec4 v000002475afde6b0_0;
    %parti/s 1, 4, 4;
    %load/vec4 v000002475afdd990_0;
    %parti/s 8, 0, 2;
    %pad/u 10;
    %ix/vec4 3;
    %ix/load 4, 4, 0; part off
    %ix/load 5, 0, 0; Constant delay
    %assign/vec4/a/d v000002475afdcbd0, 4, 5;
T_91.11 ;
    %load/vec4 v000002475afde1b0_0;
    %parti/s 1, 5, 4;
    %nor/r;
    %flag_set/vec4 8;
    %jmp/0xz  T_91.13, 8;
    %load/vec4 v000002475afde6b0_0;
    %parti/s 1, 5, 4;
    %load/vec4 v000002475afdd990_0;
    %parti/s 8, 0, 2;
    %pad/u 10;
    %ix/vec4 3;
    %ix/load 4, 5, 0; part off
    %ix/load 5, 0, 0; Constant delay
    %assign/vec4/a/d v000002475afdcbd0, 4, 5;
T_91.13 ;
    %load/vec4 v000002475afde1b0_0;
    %parti/s 1, 6, 4;
    %nor/r;
    %flag_set/vec4 8;
    %jmp/0xz  T_91.15, 8;
    %load/vec4 v000002475afde6b0_0;
    %parti/s 1, 6, 4;
    %load/vec4 v000002475afdd990_0;
    %parti/s 8, 0, 2;
    %pad/u 10;
    %ix/vec4 3;
    %ix/load 4, 6, 0; part off
    %ix/load 5, 0, 0; Constant delay
    %assign/vec4/a/d v000002475afdcbd0, 4, 5;
T_91.15 ;
    %load/vec4 v000002475afde1b0_0;
    %parti/s 1, 7, 4;
    %nor/r;
    %flag_set/vec4 8;
    %jmp/0xz  T_91.17, 8;
    %load/vec4 v000002475afde6b0_0;
    %parti/s 1, 7, 4;
    %load/vec4 v000002475afdd990_0;
    %parti/s 8, 0, 2;
    %pad/u 10;
    %ix/vec4 3;
    %ix/load 4, 7, 0; part off
    %ix/load 5, 0, 0; Constant delay
    %assign/vec4/a/d v000002475afdcbd0, 4, 5;
T_91.17 ;
    %load/vec4 v000002475afde1b0_0;
    %parti/s 1, 8, 5;
    %nor/r;
    %flag_set/vec4 8;
    %jmp/0xz  T_91.19, 8;
    %load/vec4 v000002475afde6b0_0;
    %parti/s 1, 8, 5;
    %load/vec4 v000002475afdd990_0;
    %parti/s 8, 0, 2;
    %pad/u 10;
    %ix/vec4 3;
    %ix/load 4, 8, 0; part off
    %ix/load 5, 0, 0; Constant delay
    %assign/vec4/a/d v000002475afdcbd0, 4, 5;
T_91.19 ;
    %load/vec4 v000002475afde1b0_0;
    %parti/s 1, 9, 5;
    %nor/r;
    %flag_set/vec4 8;
    %jmp/0xz  T_91.21, 8;
    %load/vec4 v000002475afde6b0_0;
    %parti/s 1, 9, 5;
    %load/vec4 v000002475afdd990_0;
    %parti/s 8, 0, 2;
    %pad/u 10;
    %ix/vec4 3;
    %ix/load 4, 9, 0; part off
    %ix/load 5, 0, 0; Constant delay
    %assign/vec4/a/d v000002475afdcbd0, 4, 5;
T_91.21 ;
    %load/vec4 v000002475afde1b0_0;
    %parti/s 1, 10, 5;
    %nor/r;
    %flag_set/vec4 8;
    %jmp/0xz  T_91.23, 8;
    %load/vec4 v000002475afde6b0_0;
    %parti/s 1, 10, 5;
    %load/vec4 v000002475afdd990_0;
    %parti/s 8, 0, 2;
    %pad/u 10;
    %ix/vec4 3;
    %ix/load 4, 10, 0; part off
    %ix/load 5, 0, 0; Constant delay
    %assign/vec4/a/d v000002475afdcbd0, 4, 5;
T_91.23 ;
    %load/vec4 v000002475afde1b0_0;
    %parti/s 1, 11, 5;
    %nor/r;
    %flag_set/vec4 8;
    %jmp/0xz  T_91.25, 8;
    %load/vec4 v000002475afde6b0_0;
    %parti/s 1, 11, 5;
    %load/vec4 v000002475afdd990_0;
    %parti/s 8, 0, 2;
    %pad/u 10;
    %ix/vec4 3;
    %ix/load 4, 11, 0; part off
    %ix/load 5, 0, 0; Constant delay
    %assign/vec4/a/d v000002475afdcbd0, 4, 5;
T_91.25 ;
    %load/vec4 v000002475afde1b0_0;
    %parti/s 1, 12, 5;
    %nor/r;
    %flag_set/vec4 8;
    %jmp/0xz  T_91.27, 8;
    %load/vec4 v000002475afde6b0_0;
    %parti/s 1, 12, 5;
    %load/vec4 v000002475afdd990_0;
    %parti/s 8, 0, 2;
    %pad/u 10;
    %ix/vec4 3;
    %ix/load 4, 12, 0; part off
    %ix/load 5, 0, 0; Constant delay
    %assign/vec4/a/d v000002475afdcbd0, 4, 5;
T_91.27 ;
    %load/vec4 v000002475afde1b0_0;
    %parti/s 1, 13, 5;
    %nor/r;
    %flag_set/vec4 8;
    %jmp/0xz  T_91.29, 8;
    %load/vec4 v000002475afde6b0_0;
    %parti/s 1, 13, 5;
    %load/vec4 v000002475afdd990_0;
    %parti/s 8, 0, 2;
    %pad/u 10;
    %ix/vec4 3;
    %ix/load 4, 13, 0; part off
    %ix/load 5, 0, 0; Constant delay
    %assign/vec4/a/d v000002475afdcbd0, 4, 5;
T_91.29 ;
    %load/vec4 v000002475afde1b0_0;
    %parti/s 1, 14, 5;
    %nor/r;
    %flag_set/vec4 8;
    %jmp/0xz  T_91.31, 8;
    %load/vec4 v000002475afde6b0_0;
    %parti/s 1, 14, 5;
    %load/vec4 v000002475afdd990_0;
    %parti/s 8, 0, 2;
    %pad/u 10;
    %ix/vec4 3;
    %ix/load 4, 14, 0; part off
    %ix/load 5, 0, 0; Constant delay
    %assign/vec4/a/d v000002475afdcbd0, 4, 5;
T_91.31 ;
    %load/vec4 v000002475afde1b0_0;
    %parti/s 1, 15, 5;
    %nor/r;
    %flag_set/vec4 8;
    %jmp/0xz  T_91.33, 8;
    %load/vec4 v000002475afde6b0_0;
    %parti/s 1, 15, 5;
    %load/vec4 v000002475afdd990_0;
    %parti/s 8, 0, 2;
    %pad/u 10;
    %ix/vec4 3;
    %ix/load 4, 15, 0; part off
    %ix/load 5, 0, 0; Constant delay
    %assign/vec4/a/d v000002475afdcbd0, 4, 5;
T_91.33 ;
T_91.0 ;
    %jmp T_91;
    .thread T_91;
    .scope S_000002475afd7940;
T_92 ;
    %wait E_000002475af41940;
    %load/vec4 v000002475afde390_0;
    %flag_set/vec4 9;
    %flag_get/vec4 9;
    %jmp/0 T_92.2, 9;
    %load/vec4 v000002475afca7f0_0;
    %and;
T_92.2;
    %flag_set/vec4 8;
    %jmp/0xz  T_92.0, 8;
    %load/vec4 v000002475afca890_0;
    %parti/s 8, 0, 2;
    %pad/u 10;
    %ix/vec4 4;
    %load/vec4a v000002475afdcbd0, 4;
    %load/vec4 v000002475afdcc70_0;
    %inv;
    %and;
    %assign/vec4 v000002475afddf30_0, 0;
T_92.0 ;
    %jmp T_92;
    .thread T_92;
    .scope S_000002475af583c0;
T_93 ;
    %wait E_000002475af414c0;
    %pushi/vec4 0, 0, 32;
    %store/vec4 v000002475afe0af0_0, 0, 32;
T_93.0 ; Top of for-loop
    %load/vec4 v000002475afe0af0_0;
    %cmpi/s 16383, 0, 32;
    %flag_or 5, 4;
	  %jmp/0xz T_93.1, 5;
    %pushi/vec4 65535, 65535, 16;
    %ix/getv/s 4, v000002475afe0af0_0;
    %store/vec4a v000002475afe0550, 4, 0;
T_93.2 ; for-loop step statement
    %load/vec4 v000002475afe0af0_0;
    %addi 1, 0, 32;
    %store/vec4 v000002475afe0af0_0, 0, 32;
    %jmp T_93.0;
T_93.1 ; for-loop exit label
    %jmp T_93;
    .thread T_93;
    .scope S_000002475af583c0;
T_94 ;
    %wait E_000002475af41a40;
    %load/vec4 v000002475afe0b90_0;
    %flag_set/vec4 8;
    %jmp/0xz  T_94.0, 8;
    %pushi/vec4 0, 0, 16;
    %assign/vec4 v000002475afdfab0_0, 0;
    %jmp T_94.1;
T_94.0 ;
    %load/vec4 v000002475afdff10_0;
    %flag_set/vec4 8;
    %jmp/0xz  T_94.2, 8;
    %pushi/vec4 65535, 65535, 16;
    %assign/vec4 v000002475afdfab0_0, 0;
    %jmp T_94.3;
T_94.2 ;
    %load/vec4 v000002475afdfa10_0;
    %flag_set/vec4 8;
    %jmp/0xz  T_94.4, 8;
    %load/vec4 v000002475afdf010_0;
    %nor/r;
    %flag_set/vec4 8;
    %jmp/0xz  T_94.6, 8;
    %load/vec4 v000002475afdef70_0;
    %pad/u 16;
    %ix/vec4 4;
    %load/vec4a v000002475afe0550, 4;
    %assign/vec4 v000002475afdfab0_0, 0;
    %jmp T_94.7;
T_94.6 ;
    %load/vec4 v000002475afe1090_0;
    %parti/s 1, 0, 2;
    %flag_set/vec4 8;
    %jmp/0xz  T_94.8, 8;
    %load/vec4 v000002475afdfdd0_0;
    %parti/s 4, 0, 2;
    %load/vec4 v000002475afdef70_0;
    %pad/u 16;
    %ix/vec4 3;
    %ix/load 4, 0, 0; Constant delay
    %assign/vec4/a/d v000002475afe0550, 0, 4;
T_94.8 ;
    %load/vec4 v000002475afe1090_0;
    %parti/s 1, 1, 2;
    %flag_set/vec4 8;
    %jmp/0xz  T_94.10, 8;
    %load/vec4 v000002475afdfdd0_0;
    %parti/s 4, 4, 4;
    %load/vec4 v000002475afdef70_0;
    %pad/u 16;
    %ix/vec4 3;
    %ix/load 4, 4, 0; part off
    %ix/load 5, 0, 0; Constant delay
    %assign/vec4/a/d v000002475afe0550, 4, 5;
T_94.10 ;
    %load/vec4 v000002475afe1090_0;
    %parti/s 1, 2, 3;
    %flag_set/vec4 8;
    %jmp/0xz  T_94.12, 8;
    %load/vec4 v000002475afdfdd0_0;
    %parti/s 4, 8, 5;
    %load/vec4 v000002475afdef70_0;
    %pad/u 16;
    %ix/vec4 3;
    %ix/load 4, 8, 0; part off
    %ix/load 5, 0, 0; Constant delay
    %assign/vec4/a/d v000002475afe0550, 4, 5;
T_94.12 ;
    %load/vec4 v000002475afe1090_0;
    %parti/s 1, 3, 3;
    %flag_set/vec4 8;
    %jmp/0xz  T_94.14, 8;
    %load/vec4 v000002475afdfdd0_0;
    %parti/s 4, 12, 5;
    %load/vec4 v000002475afdef70_0;
    %pad/u 16;
    %ix/vec4 3;
    %ix/load 4, 12, 0; part off
    %ix/load 5, 0, 0; Constant delay
    %assign/vec4/a/d v000002475afe0550, 4, 5;
T_94.14 ;
    %pushi/vec4 65535, 65535, 16;
    %assign/vec4 v000002475afdfab0_0, 0;
T_94.7 ;
T_94.4 ;
T_94.3 ;
T_94.1 ;
    %jmp T_94;
    .thread T_94;
    .scope S_000002475afd7df0;
T_95 ;
    %wait E_000002475af41b40;
    %load/vec4 v000002475afe0190_0;
    %dup/vec4;
    %pushi/vec4 0, 0, 3;
    %cmp/u;
    %jmp/1 T_95.0, 6;
    %dup/vec4;
    %pushi/vec4 1, 0, 3;
    %cmp/u;
    %jmp/1 T_95.1, 6;
    %dup/vec4;
    %pushi/vec4 2, 0, 3;
    %cmp/u;
    %jmp/1 T_95.2, 6;
    %dup/vec4;
    %pushi/vec4 3, 0, 3;
    %cmp/u;
    %jmp/1 T_95.3, 6;
    %dup/vec4;
    %pushi/vec4 4, 0, 3;
    %cmp/u;
    %jmp/1 T_95.4, 6;
    %dup/vec4;
    %pushi/vec4 5, 0, 3;
    %cmp/u;
    %jmp/1 T_95.5, 6;
    %pushi/vec4 0, 0, 4;
    %store/vec4 v000002475afe0cd0_0, 0, 4;
    %jmp T_95.7;
T_95.0 ;
    %load/vec4 v000002475afe02d0_0;
    %load/vec4 v000002475afe07d0_0;
    %add;
    %store/vec4 v000002475afe0cd0_0, 0, 4;
    %jmp T_95.7;
T_95.1 ;
    %load/vec4 v000002475afe02d0_0;
    %load/vec4 v000002475afe07d0_0;
    %sub;
    %store/vec4 v000002475afe0cd0_0, 0, 4;
    %jmp T_95.7;
T_95.2 ;
    %load/vec4 v000002475afe02d0_0;
    %load/vec4 v000002475afe07d0_0;
    %and;
    %store/vec4 v000002475afe0cd0_0, 0, 4;
    %jmp T_95.7;
T_95.3 ;
    %load/vec4 v000002475afe02d0_0;
    %load/vec4 v000002475afe07d0_0;
    %or;
    %store/vec4 v000002475afe0cd0_0, 0, 4;
    %jmp T_95.7;
T_95.4 ;
    %load/vec4 v000002475afe02d0_0;
    %load/vec4 v000002475afe07d0_0;
    %xor;
    %store/vec4 v000002475afe0cd0_0, 0, 4;
    %jmp T_95.7;
T_95.5 ;
    %load/vec4 v000002475afe02d0_0;
    %inv;
    %store/vec4 v000002475afe0cd0_0, 0, 4;
    %jmp T_95.7;
T_95.7 ;
    %pop/vec4 1;
    %load/vec4 v000002475afe0cd0_0;
    %cmpi/e 0, 0, 4;
    %jmp/0xz  T_95.8, 4;
    %pushi/vec4 1, 0, 1;
    %store/vec4 v000002475afdf290_0, 0, 1;
    %jmp T_95.9;
T_95.8 ;
    %pushi/vec4 0, 0, 1;
    %store/vec4 v000002475afdf290_0, 0, 1;
T_95.9 ;
    %jmp T_95;
    .thread T_95, $push;
    .scope S_000002475af58a00;
T_96 ;
    %vpi_call/w 4 7 "$dumpvars", 32'sb00000000000000000000000000000000, S_000002475af58a00 {0 0 0};
    %pushi/vec4 4, 0, 4;
    %store/vec4 v000002475afdf330_0, 0, 4;
    %pushi/vec4 2, 0, 4;
    %store/vec4 v000002475afe0870_0, 0, 4;
    %pushi/vec4 0, 0, 3;
    %store/vec4 v000002475afdea70_0, 0, 3;
    %delay 10000, 0;
    %pushi/vec4 1, 0, 3;
    %store/vec4 v000002475afdea70_0, 0, 3;
    %delay 10000, 0;
    %pushi/vec4 5, 0, 3;
    %store/vec4 v000002475afdea70_0, 0, 3;
    %delay 10000, 0;
    %vpi_call/w 4 11 "$finish" {0 0 0};
    %end;
    .thread T_96;
    .scope S_000002475afd7f80;
T_97 ;
    %wait E_000002475af41340;
    %load/vec4 v000002475afe09b0_0;
    %dup/vec4;
    %pushi/vec4 0, 0, 3;
    %cmp/u;
    %jmp/1 T_97.0, 6;
    %dup/vec4;
    %pushi/vec4 1, 0, 3;
    %cmp/u;
    %jmp/1 T_97.1, 6;
    %dup/vec4;
    %pushi/vec4 2, 0, 3;
    %cmp/u;
    %jmp/1 T_97.2, 6;
    %dup/vec4;
    %pushi/vec4 3, 0, 3;
    %cmp/u;
    %jmp/1 T_97.3, 6;
    %dup/vec4;
    %pushi/vec4 4, 0, 3;
    %cmp/u;
    %jmp/1 T_97.4, 6;
    %dup/vec4;
    %pushi/vec4 5, 0, 3;
    %cmp/u;
    %jmp/1 T_97.5, 6;
    %pushi/vec4 0, 0, 4;
    %store/vec4 v000002475afded90_0, 0, 4;
    %jmp T_97.7;
T_97.0 ;
    %load/vec4 v000002475afe0410_0;
    %load/vec4 v000002475afdf510_0;
    %add;
    %store/vec4 v000002475afded90_0, 0, 4;
    %jmp T_97.7;
T_97.1 ;
    %load/vec4 v000002475afe0410_0;
    %load/vec4 v000002475afdf510_0;
    %sub;
    %store/vec4 v000002475afded90_0, 0, 4;
    %jmp T_97.7;
T_97.2 ;
    %load/vec4 v000002475afe0410_0;
    %load/vec4 v000002475afdf510_0;
    %and;
    %store/vec4 v000002475afded90_0, 0, 4;
    %jmp T_97.7;
T_97.3 ;
    %load/vec4 v000002475afe0410_0;
    %load/vec4 v000002475afdf510_0;
    %or;
    %store/vec4 v000002475afded90_0, 0, 4;
    %jmp T_97.7;
T_97.4 ;
    %load/vec4 v000002475afe0410_0;
    %load/vec4 v000002475afdf510_0;
    %xor;
    %store/vec4 v000002475afded90_0, 0, 4;
    %jmp T_97.7;
T_97.5 ;
    %load/vec4 v000002475afe0410_0;
    %inv;
    %store/vec4 v000002475afded90_0, 0, 4;
    %jmp T_97.7;
T_97.7 ;
    %pop/vec4 1;
    %load/vec4 v000002475afded90_0;
    %cmpi/e 0, 0, 4;
    %jmp/0xz  T_97.8, 4;
    %pushi/vec4 1, 0, 1;
    %store/vec4 v000002475afe0d70_0, 0, 1;
    %jmp T_97.9;
T_97.8 ;
    %pushi/vec4 0, 0, 1;
    %store/vec4 v000002475afe0d70_0, 0, 1;
T_97.9 ;
    %jmp T_97;
    .thread T_97, $push;
# The file index is used to find the file name in the following table.
:file_names 7;
    "N/A";
    "<interactive>";
    "-";
    "C:\Users\beade\.apio\packages\oss-cad-suite\share\yosys\ice40\cells_sim.v";
    "ex5_tb.v";
    "ex5_control_structures.v";
    "ex5_top.v";
