#! 
:ivl_version "14.0 (devel)" "(s20251012-140-gf5a178d47-dirty)";
:ivl_delay_selection "TYPICAL";
:vpi_time_precision - 12;
:vpi_module "C:\Users\beade\APIO~1\packages\OSS-CA~1\lib\ivl\system.vpi";
:vpi_module "C:\Users\beade\APIO~1\packages\OSS-CA~1\lib\ivl\vhdl_sys.vpi";
:vpi_module "C:\Users\beade\APIO~1\packages\OSS-CA~1\lib\ivl\vhdl_textio.vpi";
:vpi_module "C:\Users\beade\APIO~1\packages\OSS-CA~1\lib\ivl\v2005_math.vpi";
:vpi_module "C:\Users\beade\APIO~1\packages\OSS-CA~1\lib\ivl\va_math.vpi";
:vpi_module "C:\Users\beade\APIO~1\packages\OSS-CA~1\lib\ivl\v2009.vpi";
S_00000240afb51e30 .scope package, "$unit" "$unit" 2 1;
 .timescale 0 0;
S_00000240afb2ee20 .scope module, "ICESTORM_LC" "ICESTORM_LC" 3 2136;
 .timescale -12 -12;
    .port_info 0 /INPUT 1 "I0";
    .port_info 1 /INPUT 1 "I1";
    .port_info 2 /INPUT 1 "I2";
    .port_info 3 /INPUT 1 "I3";
    .port_info 4 /INPUT 1 "CIN";
    .port_info 5 /INPUT 1 "CLK";
    .port_info 6 /INPUT 1 "CEN";
    .port_info 7 /INPUT 1 "SR";
    .port_info 8 /OUTPUT 1 "LO";
    .port_info 9 /OUTPUT 1 "O";
    .port_info 10 /OUTPUT 1 "COUT";
P_00000240afb2eb00 .param/l "ASYNC_SR" 0 3 2148, C4<0>;
P_00000240afb2eb38 .param/l "CARRY_ENABLE" 0 3 2145, C4<0>;
P_00000240afb2eb70 .param/l "CIN_CONST" 0 3 2150, C4<0>;
P_00000240afb2eba8 .param/l "CIN_SET" 0 3 2151, C4<0>;
P_00000240afb2ebe0 .param/l "DFF_ENABLE" 0 3 2146, C4<0>;
P_00000240afb2ec18 .param/l "LUT_INIT" 0 3 2142, C4<0000000000000000>;
P_00000240afb2ec50 .param/l "NEG_CLK" 0 3 2144, C4<0>;
P_00000240afb2ec88 .param/l "SET_NORESET" 0 3 2147, C4<0>;
o00000240afd300e8 .functor BUFZ 1, c4<z>; HiZ drive
L_00000240afd0dca0 .functor BUFZ 1, o00000240afd300e8, C4<0>, C4<0>, C4<0>;
L_00000240afd0dd80 .functor BUFZ 1, L_00000240afd9cca0, C4<0>, C4<0>, C4<0>;
o00000240afd30118 .functor BUFZ 1, c4<z>; HiZ drive
L_00000240afda4f10 .functor BUFT 1, C4<0>, C4<0>, C4<0>, C4<0>;
L_00000240afd0e720 .functor XOR 1, o00000240afd30118, L_00000240afda4f10, C4<0>, C4<0>;
L_00000240afd0e560 .functor BUFZ 1, L_00000240afd9cca0, C4<0>, C4<0>, C4<0>;
o00000240afd30088 .functor BUFZ 1, c4<z>; HiZ drive
v00000240afcd6da0_0 .net "CEN", 0 0, o00000240afd30088;  0 drivers
v00000240afcd6760_0 .net "CEN_pu", 0 0, L_00000240afd9d240;  1 drivers
v00000240afcd6e40_0 .net "CIN", 0 0, o00000240afd300e8;  0 drivers
v00000240afcd6ee0_0 .net "CLK", 0 0, o00000240afd30118;  0 drivers
L_00000240afda4e38 .functor BUFT 1, C4<x>, C4<0>, C4<0>, C4<0>;
v00000240afcd7480_0 .net "COUT", 0 0, L_00000240afda4e38;  1 drivers
o00000240afd30178 .functor BUFZ 1, c4<z>; HiZ drive
v00000240afcd7520_0 .net "I0", 0 0, o00000240afd30178;  0 drivers
v00000240afcd75c0_0 .net "I0_pd", 0 0, L_00000240afda4900;  1 drivers
o00000240afd301d8 .functor BUFZ 1, c4<z>; HiZ drive
v00000240afcd7840_0 .net "I1", 0 0, o00000240afd301d8;  0 drivers
v00000240afcc0e10_0 .net "I1_pd", 0 0, L_00000240afd9f180;  1 drivers
o00000240afd30238 .functor BUFZ 1, c4<z>; HiZ drive
v00000240afcc1810_0 .net "I2", 0 0, o00000240afd30238;  0 drivers
v00000240afcc14f0_0 .net "I2_pd", 0 0, L_00000240afd9d9c0;  1 drivers
o00000240afd30298 .functor BUFZ 1, c4<z>; HiZ drive
v00000240afcc1630_0 .net "I3", 0 0, o00000240afd30298;  0 drivers
v00000240afcc1950_0 .net "I3_pd", 0 0, L_00000240afd9efa0;  1 drivers
v00000240afcc1d10_0 .net "LO", 0 0, L_00000240afd0dd80;  1 drivers
v00000240afcc2210_0 .net "O", 0 0, L_00000240afd0e560;  1 drivers
o00000240afd30358 .functor BUFZ 1, c4<z>; HiZ drive
v00000240afcc2350_0 .net "SR", 0 0, o00000240afd30358;  0 drivers
v00000240afc8d3c0_0 .net "SR_pd", 0 0, L_00000240afd9e6e0;  1 drivers
o00000240afd303b8 .functor BUFZ 1, c4<z>; HiZ drive
; Elide local net with no drivers, v00000240afc8d460_0 name=_ivl_0
v00000240afc8c1a0_0 .net *"_ivl_10", 0 0, L_00000240afda49a0;  1 drivers
L_00000240afda4cd0 .functor BUFT 1, C4<0>, C4<0>, C4<0>, C4<0>;
v00000240afc8c7e0_0 .net/2u *"_ivl_12", 0 0, L_00000240afda4cd0;  1 drivers
o00000240afd30448 .functor BUFZ 1, c4<z>; HiZ drive
; Elide local net with no drivers, v00000240afc8c9c0_0 name=_ivl_16
v00000240afc8d1e0_0 .net *"_ivl_18", 0 0, L_00000240afd9e3c0;  1 drivers
v00000240afc68ab0_0 .net *"_ivl_2", 0 0, L_00000240afda4860;  1 drivers
L_00000240afda4d18 .functor BUFT 1, C4<0>, C4<0>, C4<0>, C4<0>;
v00000240afd2c680_0 .net/2u *"_ivl_20", 0 0, L_00000240afda4d18;  1 drivers
o00000240afd30508 .functor BUFZ 1, c4<z>; HiZ drive
; Elide local net with no drivers, v00000240afd2c720_0 name=_ivl_24
v00000240afd2c2c0_0 .net *"_ivl_26", 0 0, L_00000240afd9cc00;  1 drivers
L_00000240afda4d60 .functor BUFT 1, C4<0>, C4<0>, C4<0>, C4<0>;
v00000240afd2b280_0 .net/2u *"_ivl_28", 0 0, L_00000240afda4d60;  1 drivers
o00000240afd30598 .functor BUFZ 1, c4<z>; HiZ drive
; Elide local net with no drivers, v00000240afd2c180_0 name=_ivl_32
v00000240afd2ca40_0 .net *"_ivl_34", 0 0, L_00000240afd9d4c0;  1 drivers
L_00000240afda4da8 .functor BUFT 1, C4<0>, C4<0>, C4<0>, C4<0>;
v00000240afd2c4a0_0 .net/2u *"_ivl_36", 0 0, L_00000240afda4da8;  1 drivers
L_00000240afda4c88 .functor BUFT 1, C4<0>, C4<0>, C4<0>, C4<0>;
v00000240afd2ace0_0 .net/2u *"_ivl_4", 0 0, L_00000240afda4c88;  1 drivers
o00000240afd30658 .functor BUFZ 1, c4<z>; HiZ drive
; Elide local net with no drivers, v00000240afd2baa0_0 name=_ivl_40
v00000240afd2b640_0 .net *"_ivl_42", 0 0, L_00000240afd9e460;  1 drivers
L_00000240afda4df0 .functor BUFT 1, C4<1>, C4<0>, C4<0>, C4<0>;
v00000240afd2ad80_0 .net/2u *"_ivl_44", 0 0, L_00000240afda4df0;  1 drivers
L_00000240afda4e80 .functor BUFT 1, C4<00000000>, C4<0>, C4<0>, C4<0>;
v00000240afd2c040_0 .net/2u *"_ivl_52", 7 0, L_00000240afda4e80;  1 drivers
L_00000240afda4ec8 .functor BUFT 1, C4<00000000>, C4<0>, C4<0>, C4<0>;
v00000240afd2af60_0 .net/2u *"_ivl_54", 7 0, L_00000240afda4ec8;  1 drivers
v00000240afd2aec0_0 .net *"_ivl_59", 3 0, L_00000240afd9d2e0;  1 drivers
v00000240afd2b780_0 .net *"_ivl_61", 3 0, L_00000240afd9f040;  1 drivers
v00000240afd2b820_0 .net *"_ivl_65", 1 0, L_00000240afd9cf20;  1 drivers
v00000240afd2b000_0 .net *"_ivl_67", 1 0, L_00000240afd9e640;  1 drivers
v00000240afd2b0a0_0 .net *"_ivl_71", 0 0, L_00000240afd9e960;  1 drivers
v00000240afd2b140_0 .net *"_ivl_73", 0 0, L_00000240afd9ee60;  1 drivers
v00000240afd2c860_0 .net/2u *"_ivl_78", 0 0, L_00000240afda4f10;  1 drivers
o00000240afd30898 .functor BUFZ 1, c4<z>; HiZ drive
; Elide local net with no drivers, v00000240afd2b460_0 name=_ivl_8
v00000240afd2c900_0 .net "lut_o", 0 0, L_00000240afd9cca0;  1 drivers
v00000240afd2bfa0_0 .net "lut_s1", 1 0, L_00000240afd9d420;  1 drivers
v00000240afd2c7c0_0 .net "lut_s2", 3 0, L_00000240afd9d6a0;  1 drivers
v00000240afd2b1e0_0 .net "lut_s3", 7 0, L_00000240afd9d740;  1 drivers
v00000240afd2ae20_0 .net "mux_cin", 0 0, L_00000240afd0dca0;  1 drivers
v00000240afd2b8c0_0 .var "o_reg", 0 0;
v00000240afd2bdc0_0 .var "o_reg_async", 0 0;
v00000240afd2b3c0_0 .net "polarized_clk", 0 0, L_00000240afd0e720;  1 drivers
E_00000240afd020b0 .event posedge, v00000240afc8d3c0_0, v00000240afd2b3c0_0;
E_00000240afd01bf0 .event posedge, v00000240afd2b3c0_0;
L_00000240afda4860 .cmp/eeq 1, o00000240afd30178, o00000240afd303b8;
L_00000240afda4900 .functor MUXZ 1, o00000240afd30178, L_00000240afda4c88, L_00000240afda4860, C4<>;
L_00000240afda49a0 .cmp/eeq 1, o00000240afd301d8, o00000240afd30898;
L_00000240afd9f180 .functor MUXZ 1, o00000240afd301d8, L_00000240afda4cd0, L_00000240afda49a0, C4<>;
L_00000240afd9e3c0 .cmp/eeq 1, o00000240afd30238, o00000240afd30448;
L_00000240afd9d9c0 .functor MUXZ 1, o00000240afd30238, L_00000240afda4d18, L_00000240afd9e3c0, C4<>;
L_00000240afd9cc00 .cmp/eeq 1, o00000240afd30298, o00000240afd30508;
L_00000240afd9efa0 .functor MUXZ 1, o00000240afd30298, L_00000240afda4d60, L_00000240afd9cc00, C4<>;
L_00000240afd9d4c0 .cmp/eeq 1, o00000240afd30358, o00000240afd30598;
L_00000240afd9e6e0 .functor MUXZ 1, o00000240afd30358, L_00000240afda4da8, L_00000240afd9d4c0, C4<>;
L_00000240afd9e460 .cmp/eeq 1, o00000240afd30088, o00000240afd30658;
L_00000240afd9d240 .functor MUXZ 1, o00000240afd30088, L_00000240afda4df0, L_00000240afd9e460, C4<>;
L_00000240afd9d740 .functor MUXZ 8, L_00000240afda4ec8, L_00000240afda4e80, L_00000240afd9efa0, C4<>;
L_00000240afd9d2e0 .part L_00000240afd9d740, 4, 4;
L_00000240afd9f040 .part L_00000240afd9d740, 0, 4;
L_00000240afd9d6a0 .functor MUXZ 4, L_00000240afd9f040, L_00000240afd9d2e0, L_00000240afd9d9c0, C4<>;
L_00000240afd9cf20 .part L_00000240afd9d6a0, 2, 2;
L_00000240afd9e640 .part L_00000240afd9d6a0, 0, 2;
L_00000240afd9d420 .functor MUXZ 2, L_00000240afd9e640, L_00000240afd9cf20, L_00000240afd9f180, C4<>;
L_00000240afd9e960 .part L_00000240afd9d420, 1, 1;
L_00000240afd9ee60 .part L_00000240afd9d420, 0, 1;
L_00000240afd9cca0 .functor MUXZ 1, L_00000240afd9ee60, L_00000240afd9e960, L_00000240afda4900, C4<>;
S_00000240afbc6680 .scope module, "ICESTORM_RAM" "ICESTORM_RAM" 3 3167;
 .timescale -12 -12;
    .port_info 0 /OUTPUT 1 "RDATA_15";
    .port_info 1 /OUTPUT 1 "RDATA_14";
    .port_info 2 /OUTPUT 1 "RDATA_13";
    .port_info 3 /OUTPUT 1 "RDATA_12";
    .port_info 4 /OUTPUT 1 "RDATA_11";
    .port_info 5 /OUTPUT 1 "RDATA_10";
    .port_info 6 /OUTPUT 1 "RDATA_9";
    .port_info 7 /OUTPUT 1 "RDATA_8";
    .port_info 8 /OUTPUT 1 "RDATA_7";
    .port_info 9 /OUTPUT 1 "RDATA_6";
    .port_info 10 /OUTPUT 1 "RDATA_5";
    .port_info 11 /OUTPUT 1 "RDATA_4";
    .port_info 12 /OUTPUT 1 "RDATA_3";
    .port_info 13 /OUTPUT 1 "RDATA_2";
    .port_info 14 /OUTPUT 1 "RDATA_1";
    .port_info 15 /OUTPUT 1 "RDATA_0";
    .port_info 16 /INPUT 1 "RCLK";
    .port_info 17 /INPUT 1 "RCLKE";
    .port_info 18 /INPUT 1 "RE";
    .port_info 19 /INPUT 1 "RADDR_10";
    .port_info 20 /INPUT 1 "RADDR_9";
    .port_info 21 /INPUT 1 "RADDR_8";
    .port_info 22 /INPUT 1 "RADDR_7";
    .port_info 23 /INPUT 1 "RADDR_6";
    .port_info 24 /INPUT 1 "RADDR_5";
    .port_info 25 /INPUT 1 "RADDR_4";
    .port_info 26 /INPUT 1 "RADDR_3";
    .port_info 27 /INPUT 1 "RADDR_2";
    .port_info 28 /INPUT 1 "RADDR_1";
    .port_info 29 /INPUT 1 "RADDR_0";
    .port_info 30 /INPUT 1 "WCLK";
    .port_info 31 /INPUT 1 "WCLKE";
    .port_info 32 /INPUT 1 "WE";
    .port_info 33 /INPUT 1 "WADDR_10";
    .port_info 34 /INPUT 1 "WADDR_9";
    .port_info 35 /INPUT 1 "WADDR_8";
    .port_info 36 /INPUT 1 "WADDR_7";
    .port_info 37 /INPUT 1 "WADDR_6";
    .port_info 38 /INPUT 1 "WADDR_5";
    .port_info 39 /INPUT 1 "WADDR_4";
    .port_info 40 /INPUT 1 "WADDR_3";
    .port_info 41 /INPUT 1 "WADDR_2";
    .port_info 42 /INPUT 1 "WADDR_1";
    .port_info 43 /INPUT 1 "WADDR_0";
    .port_info 44 /INPUT 1 "MASK_15";
    .port_info 45 /INPUT 1 "MASK_14";
    .port_info 46 /INPUT 1 "MASK_13";
    .port_info 47 /INPUT 1 "MASK_12";
    .port_info 48 /INPUT 1 "MASK_11";
    .port_info 49 /INPUT 1 "MASK_10";
    .port_info 50 /INPUT 1 "MASK_9";
    .port_info 51 /INPUT 1 "MASK_8";
    .port_info 52 /INPUT 1 "MASK_7";
    .port_info 53 /INPUT 1 "MASK_6";
    .port_info 54 /INPUT 1 "MASK_5";
    .port_info 55 /INPUT 1 "MASK_4";
    .port_info 56 /INPUT 1 "MASK_3";
    .port_info 57 /INPUT 1 "MASK_2";
    .port_info 58 /INPUT 1 "MASK_1";
    .port_info 59 /INPUT 1 "MASK_0";
    .port_info 60 /INPUT 1 "WDATA_15";
    .port_info 61 /INPUT 1 "WDATA_14";
    .port_info 62 /INPUT 1 "WDATA_13";
    .port_info 63 /INPUT 1 "WDATA_12";
    .port_info 64 /INPUT 1 "WDATA_11";
    .port_info 65 /INPUT 1 "WDATA_10";
    .port_info 66 /INPUT 1 "WDATA_9";
    .port_info 67 /INPUT 1 "WDATA_8";
    .port_info 68 /INPUT 1 "WDATA_7";
    .port_info 69 /INPUT 1 "WDATA_6";
    .port_info 70 /INPUT 1 "WDATA_5";
    .port_info 71 /INPUT 1 "WDATA_4";
    .port_info 72 /INPUT 1 "WDATA_3";
    .port_info 73 /INPUT 1 "WDATA_2";
    .port_info 74 /INPUT 1 "WDATA_1";
    .port_info 75 /INPUT 1 "WDATA_0";
P_00000240afa8bdb0 .param/l "INIT_0" 0 3 3182, C4<0000000000000000000000000000000000000000000000000000000000000000000000000000000000000000000000000000000000000000000000000000000000000000000000000000000000000000000000000000000000000000000000000000000000000000000000000000000000000000000000000000000000000000>;
P_00000240afa8bde8 .param/l "INIT_1" 0 3 3183, C4<0000000000000000000000000000000000000000000000000000000000000000000000000000000000000000000000000000000000000000000000000000000000000000000000000000000000000000000000000000000000000000000000000000000000000000000000000000000000000000000000000000000000000000>;
P_00000240afa8be20 .param/l "INIT_2" 0 3 3184, C4<0000000000000000000000000000000000000000000000000000000000000000000000000000000000000000000000000000000000000000000000000000000000000000000000000000000000000000000000000000000000000000000000000000000000000000000000000000000000000000000000000000000000000000>;
P_00000240afa8be58 .param/l "INIT_3" 0 3 3185, C4<0000000000000000000000000000000000000000000000000000000000000000000000000000000000000000000000000000000000000000000000000000000000000000000000000000000000000000000000000000000000000000000000000000000000000000000000000000000000000000000000000000000000000000>;
P_00000240afa8be90 .param/l "INIT_4" 0 3 3186, C4<0000000000000000000000000000000000000000000000000000000000000000000000000000000000000000000000000000000000000000000000000000000000000000000000000000000000000000000000000000000000000000000000000000000000000000000000000000000000000000000000000000000000000000>;
P_00000240afa8bec8 .param/l "INIT_5" 0 3 3187, C4<0000000000000000000000000000000000000000000000000000000000000000000000000000000000000000000000000000000000000000000000000000000000000000000000000000000000000000000000000000000000000000000000000000000000000000000000000000000000000000000000000000000000000000>;
P_00000240afa8bf00 .param/l "INIT_6" 0 3 3188, C4<0000000000000000000000000000000000000000000000000000000000000000000000000000000000000000000000000000000000000000000000000000000000000000000000000000000000000000000000000000000000000000000000000000000000000000000000000000000000000000000000000000000000000000>;
P_00000240afa8bf38 .param/l "INIT_7" 0 3 3189, C4<0000000000000000000000000000000000000000000000000000000000000000000000000000000000000000000000000000000000000000000000000000000000000000000000000000000000000000000000000000000000000000000000000000000000000000000000000000000000000000000000000000000000000000>;
P_00000240afa8bf70 .param/l "INIT_8" 0 3 3190, C4<0000000000000000000000000000000000000000000000000000000000000000000000000000000000000000000000000000000000000000000000000000000000000000000000000000000000000000000000000000000000000000000000000000000000000000000000000000000000000000000000000000000000000000>;
P_00000240afa8bfa8 .param/l "INIT_9" 0 3 3191, C4<0000000000000000000000000000000000000000000000000000000000000000000000000000000000000000000000000000000000000000000000000000000000000000000000000000000000000000000000000000000000000000000000000000000000000000000000000000000000000000000000000000000000000000>;
P_00000240afa8bfe0 .param/l "INIT_A" 0 3 3192, C4<0000000000000000000000000000000000000000000000000000000000000000000000000000000000000000000000000000000000000000000000000000000000000000000000000000000000000000000000000000000000000000000000000000000000000000000000000000000000000000000000000000000000000000>;
P_00000240afa8c018 .param/l "INIT_B" 0 3 3193, C4<0000000000000000000000000000000000000000000000000000000000000000000000000000000000000000000000000000000000000000000000000000000000000000000000000000000000000000000000000000000000000000000000000000000000000000000000000000000000000000000000000000000000000000>;
P_00000240afa8c050 .param/l "INIT_C" 0 3 3194, C4<0000000000000000000000000000000000000000000000000000000000000000000000000000000000000000000000000000000000000000000000000000000000000000000000000000000000000000000000000000000000000000000000000000000000000000000000000000000000000000000000000000000000000000>;
P_00000240afa8c088 .param/l "INIT_D" 0 3 3195, C4<0000000000000000000000000000000000000000000000000000000000000000000000000000000000000000000000000000000000000000000000000000000000000000000000000000000000000000000000000000000000000000000000000000000000000000000000000000000000000000000000000000000000000000>;
P_00000240afa8c0c0 .param/l "INIT_E" 0 3 3196, C4<0000000000000000000000000000000000000000000000000000000000000000000000000000000000000000000000000000000000000000000000000000000000000000000000000000000000000000000000000000000000000000000000000000000000000000000000000000000000000000000000000000000000000000>;
P_00000240afa8c0f8 .param/l "INIT_F" 0 3 3197, C4<0000000000000000000000000000000000000000000000000000000000000000000000000000000000000000000000000000000000000000000000000000000000000000000000000000000000000000000000000000000000000000000000000000000000000000000000000000000000000000000000000000000000000000>;
P_00000240afa8c130 .param/l "NEG_CLK_R" 0 3 3179, C4<0>;
P_00000240afa8c168 .param/l "NEG_CLK_W" 0 3 3180, C4<0>;
P_00000240afa8c1a0 .param/l "READ_MODE" 0 3 3177, +C4<00000000000000000000000000000000>;
P_00000240afa8c1d8 .param/l "WRITE_MODE" 0 3 3176, +C4<00000000000000000000000000000000>;
L_00000240afda4fa0 .functor BUFT 1, C4<0>, C4<0>, C4<0>, C4<0>;
L_00000240afd0ebf0 .functor XOR 1, L_00000240afd9edc0, L_00000240afda4fa0, C4<0>, C4<0>;
L_00000240afda4fe8 .functor BUFT 1, C4<0>, C4<0>, C4<0>, C4<0>;
L_00000240afd0e020 .functor XOR 1, L_00000240afd9cfc0, L_00000240afda4fe8, C4<0>, C4<0>;
o00000240afd31228 .functor BUFZ 1, c4<z>; HiZ drive
v00000240afd2df10_0 .net "MASK_0", 0 0, o00000240afd31228;  0 drivers
o00000240afd31258 .functor BUFZ 1, c4<z>; HiZ drive
v00000240afd2dc90_0 .net "MASK_1", 0 0, o00000240afd31258;  0 drivers
o00000240afd31288 .functor BUFZ 1, c4<z>; HiZ drive
v00000240afd2ddd0_0 .net "MASK_10", 0 0, o00000240afd31288;  0 drivers
o00000240afd312b8 .functor BUFZ 1, c4<z>; HiZ drive
v00000240afd2d3d0_0 .net "MASK_11", 0 0, o00000240afd312b8;  0 drivers
o00000240afd312e8 .functor BUFZ 1, c4<z>; HiZ drive
v00000240afd2e910_0 .net "MASK_12", 0 0, o00000240afd312e8;  0 drivers
o00000240afd31318 .functor BUFZ 1, c4<z>; HiZ drive
v00000240afd2dfb0_0 .net "MASK_13", 0 0, o00000240afd31318;  0 drivers
o00000240afd31348 .functor BUFZ 1, c4<z>; HiZ drive
v00000240afd2d790_0 .net "MASK_14", 0 0, o00000240afd31348;  0 drivers
o00000240afd31378 .functor BUFZ 1, c4<z>; HiZ drive
v00000240afd2d470_0 .net "MASK_15", 0 0, o00000240afd31378;  0 drivers
o00000240afd313a8 .functor BUFZ 1, c4<z>; HiZ drive
v00000240afd2dbf0_0 .net "MASK_2", 0 0, o00000240afd313a8;  0 drivers
o00000240afd313d8 .functor BUFZ 1, c4<z>; HiZ drive
v00000240afd2cd90_0 .net "MASK_3", 0 0, o00000240afd313d8;  0 drivers
o00000240afd31408 .functor BUFZ 1, c4<z>; HiZ drive
v00000240afd2e230_0 .net "MASK_4", 0 0, o00000240afd31408;  0 drivers
o00000240afd31438 .functor BUFZ 1, c4<z>; HiZ drive
v00000240afd2d330_0 .net "MASK_5", 0 0, o00000240afd31438;  0 drivers
o00000240afd31468 .functor BUFZ 1, c4<z>; HiZ drive
v00000240afd2d830_0 .net "MASK_6", 0 0, o00000240afd31468;  0 drivers
o00000240afd31498 .functor BUFZ 1, c4<z>; HiZ drive
v00000240afd2ea50_0 .net "MASK_7", 0 0, o00000240afd31498;  0 drivers
o00000240afd314c8 .functor BUFZ 1, c4<z>; HiZ drive
v00000240afd2d150_0 .net "MASK_8", 0 0, o00000240afd314c8;  0 drivers
o00000240afd314f8 .functor BUFZ 1, c4<z>; HiZ drive
v00000240afd2d970_0 .net "MASK_9", 0 0, o00000240afd314f8;  0 drivers
o00000240afd31528 .functor BUFZ 1, c4<z>; HiZ drive
v00000240afd2eaf0_0 .net "RADDR_0", 0 0, o00000240afd31528;  0 drivers
o00000240afd31558 .functor BUFZ 1, c4<z>; HiZ drive
v00000240afd2d8d0_0 .net "RADDR_1", 0 0, o00000240afd31558;  0 drivers
o00000240afd31588 .functor BUFZ 1, c4<z>; HiZ drive
v00000240afd2dd30_0 .net "RADDR_10", 0 0, o00000240afd31588;  0 drivers
o00000240afd315b8 .functor BUFZ 1, c4<z>; HiZ drive
v00000240afd2da10_0 .net "RADDR_2", 0 0, o00000240afd315b8;  0 drivers
o00000240afd315e8 .functor BUFZ 1, c4<z>; HiZ drive
v00000240afd2e7d0_0 .net "RADDR_3", 0 0, o00000240afd315e8;  0 drivers
o00000240afd31618 .functor BUFZ 1, c4<z>; HiZ drive
v00000240afd2de70_0 .net "RADDR_4", 0 0, o00000240afd31618;  0 drivers
o00000240afd31648 .functor BUFZ 1, c4<z>; HiZ drive
v00000240afd2cc50_0 .net "RADDR_5", 0 0, o00000240afd31648;  0 drivers
o00000240afd31678 .functor BUFZ 1, c4<z>; HiZ drive
v00000240afd2ce30_0 .net "RADDR_6", 0 0, o00000240afd31678;  0 drivers
o00000240afd316a8 .functor BUFZ 1, c4<z>; HiZ drive
v00000240afd2e2d0_0 .net "RADDR_7", 0 0, o00000240afd316a8;  0 drivers
o00000240afd316d8 .functor BUFZ 1, c4<z>; HiZ drive
v00000240afd2ccf0_0 .net "RADDR_8", 0 0, o00000240afd316d8;  0 drivers
o00000240afd31708 .functor BUFZ 1, c4<z>; HiZ drive
v00000240afd2d510_0 .net "RADDR_9", 0 0, o00000240afd31708;  0 drivers
o00000240afd31738 .functor BUFZ 1, c4<z>; HiZ drive
v00000240afd2e050_0 .net "RCLK", 0 0, o00000240afd31738;  0 drivers
o00000240afd31768 .functor BUFZ 1, c4<z>; HiZ drive
v00000240afd2d5b0_0 .net "RCLKE", 0 0, o00000240afd31768;  0 drivers
v00000240afd2d6f0_0 .net "RDATA_0", 0 0, L_00000240afd9ec80;  1 drivers
v00000240afd2d650_0 .net "RDATA_1", 0 0, L_00000240afd9d560;  1 drivers
v00000240afd2e370_0 .net "RDATA_10", 0 0, L_00000240afd9e280;  1 drivers
v00000240afd2ced0_0 .net "RDATA_11", 0 0, L_00000240afd9e5a0;  1 drivers
v00000240afd2cf70_0 .net "RDATA_12", 0 0, L_00000240afd9da60;  1 drivers
v00000240afd2e410_0 .net "RDATA_13", 0 0, L_00000240afd9ef00;  1 drivers
v00000240afd2e550_0 .net "RDATA_14", 0 0, L_00000240afd9e1e0;  1 drivers
v00000240afd2d1f0_0 .net "RDATA_15", 0 0, L_00000240afd9e780;  1 drivers
v00000240afd2e0f0_0 .net "RDATA_2", 0 0, L_00000240afd9e500;  1 drivers
v00000240afd2d010_0 .net "RDATA_3", 0 0, L_00000240afd9cd40;  1 drivers
v00000240afd2dab0_0 .net "RDATA_4", 0 0, L_00000240afd9ea00;  1 drivers
v00000240afd2db50_0 .net "RDATA_5", 0 0, L_00000240afd9e820;  1 drivers
v00000240afd2d290_0 .net "RDATA_6", 0 0, L_00000240afd9f220;  1 drivers
v00000240afd2d0b0_0 .net "RDATA_7", 0 0, L_00000240afd9dce0;  1 drivers
v00000240afd2e5f0_0 .net "RDATA_8", 0 0, L_00000240afd9ed20;  1 drivers
v00000240afd2e190_0 .net "RDATA_9", 0 0, L_00000240afd9dc40;  1 drivers
o00000240afd31a98 .functor BUFZ 1, c4<z>; HiZ drive
v00000240afd2e4b0_0 .net "RE", 0 0, o00000240afd31a98;  0 drivers
o00000240afd31ac8 .functor BUFZ 1, c4<z>; HiZ drive
v00000240afd2e690_0 .net "WADDR_0", 0 0, o00000240afd31ac8;  0 drivers
o00000240afd31af8 .functor BUFZ 1, c4<z>; HiZ drive
v00000240afd2e730_0 .net "WADDR_1", 0 0, o00000240afd31af8;  0 drivers
o00000240afd31b28 .functor BUFZ 1, c4<z>; HiZ drive
v00000240afd2e870_0 .net "WADDR_10", 0 0, o00000240afd31b28;  0 drivers
o00000240afd31b58 .functor BUFZ 1, c4<z>; HiZ drive
v00000240afd2e9b0_0 .net "WADDR_2", 0 0, o00000240afd31b58;  0 drivers
o00000240afd31b88 .functor BUFZ 1, c4<z>; HiZ drive
v00000240afd74740_0 .net "WADDR_3", 0 0, o00000240afd31b88;  0 drivers
o00000240afd31bb8 .functor BUFZ 1, c4<z>; HiZ drive
v00000240afd742e0_0 .net "WADDR_4", 0 0, o00000240afd31bb8;  0 drivers
o00000240afd31be8 .functor BUFZ 1, c4<z>; HiZ drive
v00000240afd73200_0 .net "WADDR_5", 0 0, o00000240afd31be8;  0 drivers
o00000240afd31c18 .functor BUFZ 1, c4<z>; HiZ drive
v00000240afd741a0_0 .net "WADDR_6", 0 0, o00000240afd31c18;  0 drivers
o00000240afd31c48 .functor BUFZ 1, c4<z>; HiZ drive
v00000240afd738e0_0 .net "WADDR_7", 0 0, o00000240afd31c48;  0 drivers
o00000240afd31c78 .functor BUFZ 1, c4<z>; HiZ drive
v00000240afd74240_0 .net "WADDR_8", 0 0, o00000240afd31c78;  0 drivers
o00000240afd31ca8 .functor BUFZ 1, c4<z>; HiZ drive
v00000240afd74e20_0 .net "WADDR_9", 0 0, o00000240afd31ca8;  0 drivers
o00000240afd31cd8 .functor BUFZ 1, c4<z>; HiZ drive
v00000240afd73ac0_0 .net "WCLK", 0 0, o00000240afd31cd8;  0 drivers
o00000240afd31d08 .functor BUFZ 1, c4<z>; HiZ drive
v00000240afd73de0_0 .net "WCLKE", 0 0, o00000240afd31d08;  0 drivers
o00000240afd31d38 .functor BUFZ 1, c4<z>; HiZ drive
v00000240afd72940_0 .net "WDATA_0", 0 0, o00000240afd31d38;  0 drivers
o00000240afd31d68 .functor BUFZ 1, c4<z>; HiZ drive
v00000240afd72800_0 .net "WDATA_1", 0 0, o00000240afd31d68;  0 drivers
o00000240afd31d98 .functor BUFZ 1, c4<z>; HiZ drive
v00000240afd72760_0 .net "WDATA_10", 0 0, o00000240afd31d98;  0 drivers
o00000240afd31dc8 .functor BUFZ 1, c4<z>; HiZ drive
v00000240afd73160_0 .net "WDATA_11", 0 0, o00000240afd31dc8;  0 drivers
o00000240afd31df8 .functor BUFZ 1, c4<z>; HiZ drive
v00000240afd74560_0 .net "WDATA_12", 0 0, o00000240afd31df8;  0 drivers
o00000240afd31e28 .functor BUFZ 1, c4<z>; HiZ drive
v00000240afd73980_0 .net "WDATA_13", 0 0, o00000240afd31e28;  0 drivers
o00000240afd31e58 .functor BUFZ 1, c4<z>; HiZ drive
v00000240afd74420_0 .net "WDATA_14", 0 0, o00000240afd31e58;  0 drivers
o00000240afd31e88 .functor BUFZ 1, c4<z>; HiZ drive
v00000240afd74380_0 .net "WDATA_15", 0 0, o00000240afd31e88;  0 drivers
o00000240afd31eb8 .functor BUFZ 1, c4<z>; HiZ drive
v00000240afd73e80_0 .net "WDATA_2", 0 0, o00000240afd31eb8;  0 drivers
o00000240afd31ee8 .functor BUFZ 1, c4<z>; HiZ drive
v00000240afd74ec0_0 .net "WDATA_3", 0 0, o00000240afd31ee8;  0 drivers
o00000240afd31f18 .functor BUFZ 1, c4<z>; HiZ drive
v00000240afd73520_0 .net "WDATA_4", 0 0, o00000240afd31f18;  0 drivers
o00000240afd31f48 .functor BUFZ 1, c4<z>; HiZ drive
v00000240afd747e0_0 .net "WDATA_5", 0 0, o00000240afd31f48;  0 drivers
o00000240afd31f78 .functor BUFZ 1, c4<z>; HiZ drive
v00000240afd737a0_0 .net "WDATA_6", 0 0, o00000240afd31f78;  0 drivers
o00000240afd31fa8 .functor BUFZ 1, c4<z>; HiZ drive
v00000240afd74060_0 .net "WDATA_7", 0 0, o00000240afd31fa8;  0 drivers
o00000240afd31fd8 .functor BUFZ 1, c4<z>; HiZ drive
v00000240afd73020_0 .net "WDATA_8", 0 0, o00000240afd31fd8;  0 drivers
o00000240afd32008 .functor BUFZ 1, c4<z>; HiZ drive
v00000240afd728a0_0 .net "WDATA_9", 0 0, o00000240afd32008;  0 drivers
o00000240afd32038 .functor BUFZ 1, c4<z>; HiZ drive
v00000240afd73660_0 .net "WE", 0 0, o00000240afd32038;  0 drivers
v00000240afd73fc0_0 .net *"_ivl_100", 0 0, L_00000240afdfd310;  1 drivers
v00000240afd73c00_0 .net *"_ivl_102", 0 0, L_00000240afdfe710;  1 drivers
v00000240afd73f20_0 .net *"_ivl_104", 0 0, L_00000240afdfed50;  1 drivers
v00000240afd730c0_0 .net *"_ivl_106", 0 0, L_00000240afdfe7b0;  1 drivers
v00000240afd749c0_0 .net *"_ivl_108", 0 0, L_00000240afdfddb0;  1 drivers
v00000240afd74100_0 .net *"_ivl_110", 0 0, L_00000240afdfec10;  1 drivers
v00000240afd732a0_0 .net *"_ivl_112", 0 0, L_00000240afdfd950;  1 drivers
v00000240afd72b20_0 .net *"_ivl_114", 0 0, L_00000240afdfdf90;  1 drivers
v00000240afd72c60_0 .net *"_ivl_116", 0 0, L_00000240afdfe2b0;  1 drivers
v00000240afd73340_0 .net *"_ivl_120", 0 0, L_00000240afdfecb0;  1 drivers
v00000240afd72ee0_0 .net *"_ivl_122", 0 0, L_00000240afdfe030;  1 drivers
v00000240afd72da0_0 .net *"_ivl_124", 0 0, L_00000240afdfd6d0;  1 drivers
v00000240afd744c0_0 .net *"_ivl_126", 0 0, L_00000240afdff750;  1 drivers
v00000240afd73840_0 .net *"_ivl_128", 0 0, L_00000240afdfd3b0;  1 drivers
v00000240afd729e0_0 .net *"_ivl_130", 0 0, L_00000240afdfd9f0;  1 drivers
v00000240afd733e0_0 .net *"_ivl_132", 0 0, L_00000240afdfeb70;  1 drivers
v00000240afd74b00_0 .net *"_ivl_134", 0 0, L_00000240afdfe3f0;  1 drivers
v00000240afd73b60_0 .net *"_ivl_136", 0 0, L_00000240afdfd450;  1 drivers
v00000240afd73480_0 .net *"_ivl_138", 0 0, L_00000240afdfd590;  1 drivers
v00000240afd74600_0 .net *"_ivl_140", 0 0, L_00000240afdfedf0;  1 drivers
v00000240afd74c40_0 .net *"_ivl_142", 0 0, L_00000240afdfe5d0;  1 drivers
v00000240afd72e40_0 .net *"_ivl_144", 0 0, L_00000240afdfde50;  1 drivers
v00000240afd74ce0_0 .net *"_ivl_146", 0 0, L_00000240afdfe490;  1 drivers
v00000240afd74ba0_0 .net *"_ivl_148", 0 0, L_00000240afdfe0d0;  1 drivers
v00000240afd72a80_0 .net *"_ivl_150", 0 0, L_00000240afdff250;  1 drivers
v00000240afd72bc0_0 .net *"_ivl_18", 0 0, L_00000240afd9edc0;  1 drivers
v00000240afd73700_0 .net/2u *"_ivl_19", 0 0, L_00000240afda4fa0;  1 drivers
v00000240afd72d00_0 .net *"_ivl_28", 0 0, L_00000240afd9cac0;  1 drivers
v00000240afd72f80_0 .net *"_ivl_30", 0 0, L_00000240afd9f0e0;  1 drivers
v00000240afd735c0_0 .net *"_ivl_32", 0 0, L_00000240afd9cb60;  1 drivers
v00000240afd73a20_0 .net *"_ivl_34", 0 0, L_00000240afd9e8c0;  1 drivers
v00000240afd74d80_0 .net *"_ivl_36", 0 0, L_00000240afd9db00;  1 drivers
v00000240afd73ca0_0 .net *"_ivl_38", 0 0, L_00000240afd9d7e0;  1 drivers
v00000240afd74a60_0 .net *"_ivl_40", 0 0, L_00000240afd9eaa0;  1 drivers
v00000240afd73d40_0 .net *"_ivl_42", 0 0, L_00000240afd9dba0;  1 drivers
v00000240afd746a0_0 .net *"_ivl_44", 0 0, L_00000240afd9d380;  1 drivers
v00000240afd74880_0 .net *"_ivl_46", 0 0, L_00000240afd9ce80;  1 drivers
v00000240afd74920_0 .net *"_ivl_48", 0 0, L_00000240afd9d880;  1 drivers
v00000240afd75b40_0 .net *"_ivl_52", 0 0, L_00000240afd9cfc0;  1 drivers
v00000240afd758c0_0 .net/2u *"_ivl_53", 0 0, L_00000240afda4fe8;  1 drivers
v00000240afd74f60_0 .net *"_ivl_62", 0 0, L_00000240afd9e320;  1 drivers
v00000240afd76540_0 .net *"_ivl_64", 0 0, L_00000240afd9d100;  1 drivers
v00000240afd75460_0 .net *"_ivl_66", 0 0, L_00000240afd9d1a0;  1 drivers
v00000240afd75000_0 .net *"_ivl_68", 0 0, L_00000240afd9d920;  1 drivers
v00000240afd762c0_0 .net *"_ivl_70", 0 0, L_00000240afd9dd80;  1 drivers
v00000240afd760e0_0 .net *"_ivl_72", 0 0, L_00000240afd9de20;  1 drivers
v00000240afd750a0_0 .net *"_ivl_74", 0 0, L_00000240afd9dec0;  1 drivers
v00000240afd75640_0 .net *"_ivl_76", 0 0, L_00000240afd9df60;  1 drivers
v00000240afd765e0_0 .net *"_ivl_78", 0 0, L_00000240afd9e000;  1 drivers
v00000240afd75c80_0 .net *"_ivl_80", 0 0, L_00000240afd9e0a0;  1 drivers
v00000240afd75820_0 .net *"_ivl_82", 0 0, L_00000240afd9e140;  1 drivers
v00000240afd76220_0 .net *"_ivl_86", 0 0, L_00000240afdfd1d0;  1 drivers
v00000240afd75140_0 .net *"_ivl_88", 0 0, L_00000240afdff6b0;  1 drivers
v00000240afd75500_0 .net *"_ivl_90", 0 0, L_00000240afdff110;  1 drivers
v00000240afd751e0_0 .net *"_ivl_92", 0 0, L_00000240afdfd270;  1 drivers
v00000240afd75280_0 .net *"_ivl_94", 0 0, L_00000240afdfdef0;  1 drivers
v00000240afd753c0_0 .net *"_ivl_96", 0 0, L_00000240afdfd4f0;  1 drivers
v00000240afd755a0_0 .net *"_ivl_98", 0 0, L_00000240afdff4d0;  1 drivers
L_00000240afd9e780 .part v00000240afd2b500_0, 15, 1;
L_00000240afd9e1e0 .part v00000240afd2b500_0, 14, 1;
L_00000240afd9ef00 .part v00000240afd2b500_0, 13, 1;
L_00000240afd9da60 .part v00000240afd2b500_0, 12, 1;
L_00000240afd9e5a0 .part v00000240afd2b500_0, 11, 1;
L_00000240afd9e280 .part v00000240afd2b500_0, 10, 1;
L_00000240afd9dc40 .part v00000240afd2b500_0, 9, 1;
L_00000240afd9ed20 .part v00000240afd2b500_0, 8, 1;
L_00000240afd9dce0 .part v00000240afd2b500_0, 7, 1;
L_00000240afd9f220 .part v00000240afd2b500_0, 6, 1;
L_00000240afd9e820 .part v00000240afd2b500_0, 5, 1;
L_00000240afd9ea00 .part v00000240afd2b500_0, 4, 1;
L_00000240afd9cd40 .part v00000240afd2b500_0, 3, 1;
L_00000240afd9e500 .part v00000240afd2b500_0, 2, 1;
L_00000240afd9d560 .part v00000240afd2b500_0, 1, 1;
L_00000240afd9ec80 .part v00000240afd2b500_0, 0, 1;
L_00000240afd9edc0 .ufunc/vec4 TD_ICESTORM_RAM.pd, 1, o00000240afd31738 (v00000240afd2bf00_0) S_00000240afd18700;
L_00000240afd9cde0 .ufunc/vec4 TD_ICESTORM_RAM.pu, 1, o00000240afd31768 (v00000240afd2c540_0) S_00000240afd18a20;
L_00000240afd9d600 .ufunc/vec4 TD_ICESTORM_RAM.pd, 1, o00000240afd31a98 (v00000240afd2bf00_0) S_00000240afd18700;
L_00000240afd9cac0 .ufunc/vec4 TD_ICESTORM_RAM.pd, 1, o00000240afd31588 (v00000240afd2bf00_0) S_00000240afd18700;
L_00000240afd9f0e0 .ufunc/vec4 TD_ICESTORM_RAM.pd, 1, o00000240afd31708 (v00000240afd2bf00_0) S_00000240afd18700;
L_00000240afd9cb60 .ufunc/vec4 TD_ICESTORM_RAM.pd, 1, o00000240afd316d8 (v00000240afd2bf00_0) S_00000240afd18700;
L_00000240afd9e8c0 .ufunc/vec4 TD_ICESTORM_RAM.pd, 1, o00000240afd316a8 (v00000240afd2bf00_0) S_00000240afd18700;
L_00000240afd9db00 .ufunc/vec4 TD_ICESTORM_RAM.pd, 1, o00000240afd31678 (v00000240afd2bf00_0) S_00000240afd18700;
L_00000240afd9d7e0 .ufunc/vec4 TD_ICESTORM_RAM.pd, 1, o00000240afd31648 (v00000240afd2bf00_0) S_00000240afd18700;
L_00000240afd9eaa0 .ufunc/vec4 TD_ICESTORM_RAM.pd, 1, o00000240afd31618 (v00000240afd2bf00_0) S_00000240afd18700;
L_00000240afd9dba0 .ufunc/vec4 TD_ICESTORM_RAM.pd, 1, o00000240afd315e8 (v00000240afd2bf00_0) S_00000240afd18700;
L_00000240afd9d380 .ufunc/vec4 TD_ICESTORM_RAM.pd, 1, o00000240afd315b8 (v00000240afd2bf00_0) S_00000240afd18700;
L_00000240afd9ce80 .ufunc/vec4 TD_ICESTORM_RAM.pd, 1, o00000240afd31558 (v00000240afd2bf00_0) S_00000240afd18700;
L_00000240afd9d880 .ufunc/vec4 TD_ICESTORM_RAM.pd, 1, o00000240afd31528 (v00000240afd2bf00_0) S_00000240afd18700;
LS_00000240afd9eb40_0_0 .concat [ 1 1 1 1], L_00000240afd9d880, L_00000240afd9ce80, L_00000240afd9d380, L_00000240afd9dba0;
LS_00000240afd9eb40_0_4 .concat [ 1 1 1 1], L_00000240afd9eaa0, L_00000240afd9d7e0, L_00000240afd9db00, L_00000240afd9e8c0;
LS_00000240afd9eb40_0_8 .concat [ 1 1 1 0], L_00000240afd9cb60, L_00000240afd9f0e0, L_00000240afd9cac0;
L_00000240afd9eb40 .concat [ 4 4 3 0], LS_00000240afd9eb40_0_0, LS_00000240afd9eb40_0_4, LS_00000240afd9eb40_0_8;
L_00000240afd9cfc0 .ufunc/vec4 TD_ICESTORM_RAM.pd, 1, o00000240afd31cd8 (v00000240afd2bf00_0) S_00000240afd18700;
L_00000240afd9d060 .ufunc/vec4 TD_ICESTORM_RAM.pu, 1, o00000240afd31d08 (v00000240afd2c540_0) S_00000240afd18a20;
L_00000240afd9ebe0 .ufunc/vec4 TD_ICESTORM_RAM.pd, 1, o00000240afd32038 (v00000240afd2bf00_0) S_00000240afd18700;
L_00000240afd9e320 .ufunc/vec4 TD_ICESTORM_RAM.pd, 1, o00000240afd31b28 (v00000240afd2bf00_0) S_00000240afd18700;
L_00000240afd9d100 .ufunc/vec4 TD_ICESTORM_RAM.pd, 1, o00000240afd31ca8 (v00000240afd2bf00_0) S_00000240afd18700;
L_00000240afd9d1a0 .ufunc/vec4 TD_ICESTORM_RAM.pd, 1, o00000240afd31c78 (v00000240afd2bf00_0) S_00000240afd18700;
L_00000240afd9d920 .ufunc/vec4 TD_ICESTORM_RAM.pd, 1, o00000240afd31c48 (v00000240afd2bf00_0) S_00000240afd18700;
L_00000240afd9dd80 .ufunc/vec4 TD_ICESTORM_RAM.pd, 1, o00000240afd31c18 (v00000240afd2bf00_0) S_00000240afd18700;
L_00000240afd9de20 .ufunc/vec4 TD_ICESTORM_RAM.pd, 1, o00000240afd31be8 (v00000240afd2bf00_0) S_00000240afd18700;
L_00000240afd9dec0 .ufunc/vec4 TD_ICESTORM_RAM.pd, 1, o00000240afd31bb8 (v00000240afd2bf00_0) S_00000240afd18700;
L_00000240afd9df60 .ufunc/vec4 TD_ICESTORM_RAM.pd, 1, o00000240afd31b88 (v00000240afd2bf00_0) S_00000240afd18700;
L_00000240afd9e000 .ufunc/vec4 TD_ICESTORM_RAM.pd, 1, o00000240afd31b58 (v00000240afd2bf00_0) S_00000240afd18700;
L_00000240afd9e0a0 .ufunc/vec4 TD_ICESTORM_RAM.pd, 1, o00000240afd31af8 (v00000240afd2bf00_0) S_00000240afd18700;
L_00000240afd9e140 .ufunc/vec4 TD_ICESTORM_RAM.pd, 1, o00000240afd31ac8 (v00000240afd2bf00_0) S_00000240afd18700;
LS_00000240afdfd090_0_0 .concat [ 1 1 1 1], L_00000240afd9e140, L_00000240afd9e0a0, L_00000240afd9e000, L_00000240afd9df60;
LS_00000240afdfd090_0_4 .concat [ 1 1 1 1], L_00000240afd9dec0, L_00000240afd9de20, L_00000240afd9dd80, L_00000240afd9d920;
LS_00000240afdfd090_0_8 .concat [ 1 1 1 0], L_00000240afd9d1a0, L_00000240afd9d100, L_00000240afd9e320;
L_00000240afdfd090 .concat [ 4 4 3 0], LS_00000240afdfd090_0_0, LS_00000240afdfd090_0_4, LS_00000240afdfd090_0_8;
L_00000240afdfd1d0 .ufunc/vec4 TD_ICESTORM_RAM.pd, 1, o00000240afd31378 (v00000240afd2bf00_0) S_00000240afd18700;
L_00000240afdff6b0 .ufunc/vec4 TD_ICESTORM_RAM.pd, 1, o00000240afd31348 (v00000240afd2bf00_0) S_00000240afd18700;
L_00000240afdff110 .ufunc/vec4 TD_ICESTORM_RAM.pd, 1, o00000240afd31318 (v00000240afd2bf00_0) S_00000240afd18700;
L_00000240afdfd270 .ufunc/vec4 TD_ICESTORM_RAM.pd, 1, o00000240afd312e8 (v00000240afd2bf00_0) S_00000240afd18700;
L_00000240afdfdef0 .ufunc/vec4 TD_ICESTORM_RAM.pd, 1, o00000240afd312b8 (v00000240afd2bf00_0) S_00000240afd18700;
L_00000240afdfd4f0 .ufunc/vec4 TD_ICESTORM_RAM.pd, 1, o00000240afd31288 (v00000240afd2bf00_0) S_00000240afd18700;
L_00000240afdff4d0 .ufunc/vec4 TD_ICESTORM_RAM.pd, 1, o00000240afd314f8 (v00000240afd2bf00_0) S_00000240afd18700;
L_00000240afdfd310 .ufunc/vec4 TD_ICESTORM_RAM.pd, 1, o00000240afd314c8 (v00000240afd2bf00_0) S_00000240afd18700;
L_00000240afdfe710 .ufunc/vec4 TD_ICESTORM_RAM.pd, 1, o00000240afd31498 (v00000240afd2bf00_0) S_00000240afd18700;
L_00000240afdfed50 .ufunc/vec4 TD_ICESTORM_RAM.pd, 1, o00000240afd31468 (v00000240afd2bf00_0) S_00000240afd18700;
L_00000240afdfe7b0 .ufunc/vec4 TD_ICESTORM_RAM.pd, 1, o00000240afd31438 (v00000240afd2bf00_0) S_00000240afd18700;
L_00000240afdfddb0 .ufunc/vec4 TD_ICESTORM_RAM.pd, 1, o00000240afd31408 (v00000240afd2bf00_0) S_00000240afd18700;
L_00000240afdfec10 .ufunc/vec4 TD_ICESTORM_RAM.pd, 1, o00000240afd313d8 (v00000240afd2bf00_0) S_00000240afd18700;
L_00000240afdfd950 .ufunc/vec4 TD_ICESTORM_RAM.pd, 1, o00000240afd313a8 (v00000240afd2bf00_0) S_00000240afd18700;
L_00000240afdfdf90 .ufunc/vec4 TD_ICESTORM_RAM.pd, 1, o00000240afd31258 (v00000240afd2bf00_0) S_00000240afd18700;
L_00000240afdfe2b0 .ufunc/vec4 TD_ICESTORM_RAM.pd, 1, o00000240afd31228 (v00000240afd2bf00_0) S_00000240afd18700;
LS_00000240afdfe850_0_0 .concat [ 1 1 1 1], L_00000240afdfe2b0, L_00000240afdfdf90, L_00000240afdfd950, L_00000240afdfec10;
LS_00000240afdfe850_0_4 .concat [ 1 1 1 1], L_00000240afdfddb0, L_00000240afdfe7b0, L_00000240afdfed50, L_00000240afdfe710;
LS_00000240afdfe850_0_8 .concat [ 1 1 1 1], L_00000240afdfd310, L_00000240afdff4d0, L_00000240afdfd4f0, L_00000240afdfdef0;
LS_00000240afdfe850_0_12 .concat [ 1 1 1 1], L_00000240afdfd270, L_00000240afdff110, L_00000240afdff6b0, L_00000240afdfd1d0;
L_00000240afdfe850 .concat [ 4 4 4 4], LS_00000240afdfe850_0_0, LS_00000240afdfe850_0_4, LS_00000240afdfe850_0_8, LS_00000240afdfe850_0_12;
L_00000240afdfecb0 .ufunc/vec4 TD_ICESTORM_RAM.pd, 1, o00000240afd31e88 (v00000240afd2bf00_0) S_00000240afd18700;
L_00000240afdfe030 .ufunc/vec4 TD_ICESTORM_RAM.pd, 1, o00000240afd31e58 (v00000240afd2bf00_0) S_00000240afd18700;
L_00000240afdfd6d0 .ufunc/vec4 TD_ICESTORM_RAM.pd, 1, o00000240afd31e28 (v00000240afd2bf00_0) S_00000240afd18700;
L_00000240afdff750 .ufunc/vec4 TD_ICESTORM_RAM.pd, 1, o00000240afd31df8 (v00000240afd2bf00_0) S_00000240afd18700;
L_00000240afdfd3b0 .ufunc/vec4 TD_ICESTORM_RAM.pd, 1, o00000240afd31dc8 (v00000240afd2bf00_0) S_00000240afd18700;
L_00000240afdfd9f0 .ufunc/vec4 TD_ICESTORM_RAM.pd, 1, o00000240afd31d98 (v00000240afd2bf00_0) S_00000240afd18700;
L_00000240afdfeb70 .ufunc/vec4 TD_ICESTORM_RAM.pd, 1, o00000240afd32008 (v00000240afd2bf00_0) S_00000240afd18700;
L_00000240afdfe3f0 .ufunc/vec4 TD_ICESTORM_RAM.pd, 1, o00000240afd31fd8 (v00000240afd2bf00_0) S_00000240afd18700;
L_00000240afdfd450 .ufunc/vec4 TD_ICESTORM_RAM.pd, 1, o00000240afd31fa8 (v00000240afd2bf00_0) S_00000240afd18700;
L_00000240afdfd590 .ufunc/vec4 TD_ICESTORM_RAM.pd, 1, o00000240afd31f78 (v00000240afd2bf00_0) S_00000240afd18700;
L_00000240afdfedf0 .ufunc/vec4 TD_ICESTORM_RAM.pd, 1, o00000240afd31f48 (v00000240afd2bf00_0) S_00000240afd18700;
L_00000240afdfe5d0 .ufunc/vec4 TD_ICESTORM_RAM.pd, 1, o00000240afd31f18 (v00000240afd2bf00_0) S_00000240afd18700;
L_00000240afdfde50 .ufunc/vec4 TD_ICESTORM_RAM.pd, 1, o00000240afd31ee8 (v00000240afd2bf00_0) S_00000240afd18700;
L_00000240afdfe490 .ufunc/vec4 TD_ICESTORM_RAM.pd, 1, o00000240afd31eb8 (v00000240afd2bf00_0) S_00000240afd18700;
L_00000240afdfe0d0 .ufunc/vec4 TD_ICESTORM_RAM.pd, 1, o00000240afd31d68 (v00000240afd2bf00_0) S_00000240afd18700;
L_00000240afdff250 .ufunc/vec4 TD_ICESTORM_RAM.pd, 1, o00000240afd31d38 (v00000240afd2bf00_0) S_00000240afd18700;
LS_00000240afdfd630_0_0 .concat [ 1 1 1 1], L_00000240afdff250, L_00000240afdfe0d0, L_00000240afdfe490, L_00000240afdfde50;
LS_00000240afdfd630_0_4 .concat [ 1 1 1 1], L_00000240afdfe5d0, L_00000240afdfedf0, L_00000240afdfd590, L_00000240afdfd450;
LS_00000240afdfd630_0_8 .concat [ 1 1 1 1], L_00000240afdfe3f0, L_00000240afdfeb70, L_00000240afdfd9f0, L_00000240afdfd3b0;
LS_00000240afdfd630_0_12 .concat [ 1 1 1 1], L_00000240afdff750, L_00000240afdfd6d0, L_00000240afdfe030, L_00000240afdfecb0;
L_00000240afdfd630 .concat [ 4 4 4 4], LS_00000240afdfd630_0_0, LS_00000240afdfd630_0_4, LS_00000240afdfd630_0_8, LS_00000240afdfd630_0_12;
S_00000240afd178f0 .scope module, "RAM" "SB_RAM40_4K" 3 3233, 3 1487 0, S_00000240afbc6680;
 .timescale -12 -12;
    .port_info 0 /OUTPUT 16 "RDATA";
    .port_info 1 /INPUT 1 "RCLK";
    .port_info 2 /INPUT 1 "RCLKE";
    .port_info 3 /INPUT 1 "RE";
    .port_info 4 /INPUT 11 "RADDR";
    .port_info 5 /INPUT 1 "WCLK";
    .port_info 6 /INPUT 1 "WCLKE";
    .port_info 7 /INPUT 1 "WE";
    .port_info 8 /INPUT 11 "WADDR";
    .port_info 9 /INPUT 16 "MASK";
    .port_info 10 /INPUT 16 "WDATA";
P_00000240afd722d0 .param/l "INIT_0" 0 3 1507, C4<0000000000000000000000000000000000000000000000000000000000000000000000000000000000000000000000000000000000000000000000000000000000000000000000000000000000000000000000000000000000000000000000000000000000000000000000000000000000000000000000000000000000000000>;
P_00000240afd72308 .param/l "INIT_1" 0 3 1508, C4<0000000000000000000000000000000000000000000000000000000000000000000000000000000000000000000000000000000000000000000000000000000000000000000000000000000000000000000000000000000000000000000000000000000000000000000000000000000000000000000000000000000000000000>;
P_00000240afd72340 .param/l "INIT_2" 0 3 1509, C4<0000000000000000000000000000000000000000000000000000000000000000000000000000000000000000000000000000000000000000000000000000000000000000000000000000000000000000000000000000000000000000000000000000000000000000000000000000000000000000000000000000000000000000>;
P_00000240afd72378 .param/l "INIT_3" 0 3 1510, C4<0000000000000000000000000000000000000000000000000000000000000000000000000000000000000000000000000000000000000000000000000000000000000000000000000000000000000000000000000000000000000000000000000000000000000000000000000000000000000000000000000000000000000000>;
P_00000240afd723b0 .param/l "INIT_4" 0 3 1511, C4<0000000000000000000000000000000000000000000000000000000000000000000000000000000000000000000000000000000000000000000000000000000000000000000000000000000000000000000000000000000000000000000000000000000000000000000000000000000000000000000000000000000000000000>;
P_00000240afd723e8 .param/l "INIT_5" 0 3 1512, C4<0000000000000000000000000000000000000000000000000000000000000000000000000000000000000000000000000000000000000000000000000000000000000000000000000000000000000000000000000000000000000000000000000000000000000000000000000000000000000000000000000000000000000000>;
P_00000240afd72420 .param/l "INIT_6" 0 3 1513, C4<0000000000000000000000000000000000000000000000000000000000000000000000000000000000000000000000000000000000000000000000000000000000000000000000000000000000000000000000000000000000000000000000000000000000000000000000000000000000000000000000000000000000000000>;
P_00000240afd72458 .param/l "INIT_7" 0 3 1514, C4<0000000000000000000000000000000000000000000000000000000000000000000000000000000000000000000000000000000000000000000000000000000000000000000000000000000000000000000000000000000000000000000000000000000000000000000000000000000000000000000000000000000000000000>;
P_00000240afd72490 .param/l "INIT_8" 0 3 1515, C4<0000000000000000000000000000000000000000000000000000000000000000000000000000000000000000000000000000000000000000000000000000000000000000000000000000000000000000000000000000000000000000000000000000000000000000000000000000000000000000000000000000000000000000>;
P_00000240afd724c8 .param/l "INIT_9" 0 3 1516, C4<0000000000000000000000000000000000000000000000000000000000000000000000000000000000000000000000000000000000000000000000000000000000000000000000000000000000000000000000000000000000000000000000000000000000000000000000000000000000000000000000000000000000000000>;
P_00000240afd72500 .param/l "INIT_A" 0 3 1517, C4<0000000000000000000000000000000000000000000000000000000000000000000000000000000000000000000000000000000000000000000000000000000000000000000000000000000000000000000000000000000000000000000000000000000000000000000000000000000000000000000000000000000000000000>;
P_00000240afd72538 .param/l "INIT_B" 0 3 1518, C4<0000000000000000000000000000000000000000000000000000000000000000000000000000000000000000000000000000000000000000000000000000000000000000000000000000000000000000000000000000000000000000000000000000000000000000000000000000000000000000000000000000000000000000>;
P_00000240afd72570 .param/l "INIT_C" 0 3 1519, C4<0000000000000000000000000000000000000000000000000000000000000000000000000000000000000000000000000000000000000000000000000000000000000000000000000000000000000000000000000000000000000000000000000000000000000000000000000000000000000000000000000000000000000000>;
P_00000240afd725a8 .param/l "INIT_D" 0 3 1520, C4<0000000000000000000000000000000000000000000000000000000000000000000000000000000000000000000000000000000000000000000000000000000000000000000000000000000000000000000000000000000000000000000000000000000000000000000000000000000000000000000000000000000000000000>;
P_00000240afd725e0 .param/l "INIT_E" 0 3 1521, C4<0000000000000000000000000000000000000000000000000000000000000000000000000000000000000000000000000000000000000000000000000000000000000000000000000000000000000000000000000000000000000000000000000000000000000000000000000000000000000000000000000000000000000000>;
P_00000240afd72618 .param/l "INIT_F" 0 3 1522, C4<0000000000000000000000000000000000000000000000000000000000000000000000000000000000000000000000000000000000000000000000000000000000000000000000000000000000000000000000000000000000000000000000000000000000000000000000000000000000000000000000000000000000000000>;
P_00000240afd72650 .param/str "INIT_FILE" 0 3 1524, "\000";
P_00000240afd72688 .param/l "READ_MODE" 0 3 1505, +C4<00000000000000000000000000000000>;
P_00000240afd726c0 .param/l "WRITE_MODE" 0 3 1504, +C4<00000000000000000000000000000000>;
v00000240afd2cae0_0 .net "MASK", 15 0, L_00000240afdfe850;  1 drivers
v00000240afd2c9a0_0 .net "RADDR", 10 0, L_00000240afd9eb40;  1 drivers
v00000240afd2ac40_0 .net "RCLK", 0 0, L_00000240afd0ebf0;  1 drivers
v00000240afd2b320_0 .net "RCLKE", 0 0, L_00000240afd9cde0;  1 drivers
v00000240afd2b960_0 .net "RDATA", 15 0, v00000240afd2b500_0;  1 drivers
v00000240afd2b500_0 .var "RDATA_I", 15 0;
v00000240afd2c400_0 .net "RE", 0 0, L_00000240afd9d600;  1 drivers
L_00000240afda4f58 .functor BUFT 1, C4<0000000000000000>, C4<0>, C4<0>, C4<0>;
v00000240afd2b5a0_0 .net "RMASK_I", 15 0, L_00000240afda4f58;  1 drivers
v00000240afd2b6e0_0 .net "WADDR", 10 0, L_00000240afdfd090;  1 drivers
v00000240afd2ba00_0 .net "WCLK", 0 0, L_00000240afd0e020;  1 drivers
v00000240afd2bb40_0 .net "WCLKE", 0 0, L_00000240afd9d060;  1 drivers
v00000240afd2c5e0_0 .net "WDATA", 15 0, L_00000240afdfd630;  1 drivers
v00000240afd2bbe0_0 .net "WDATA_I", 15 0, L_00000240afd0dfb0;  1 drivers
v00000240afd2bc80_0 .net "WE", 0 0, L_00000240afd9ebe0;  1 drivers
v00000240afd2c0e0_0 .net "WMASK_I", 15 0, L_00000240afd0d6f0;  1 drivers
v00000240afd2bd20_0 .var/i "i", 31 0;
v00000240afd2c220 .array "memory", 255 0, 15 0;
E_00000240afd02170 .event posedge, v00000240afd2ac40_0;
E_00000240afd02bb0 .event posedge, v00000240afd2ba00_0;
S_00000240afd18d40 .scope generate, "genblk1" "genblk1" 3 1534, 3 1534 0, S_00000240afd178f0;
 .timescale -12 -12;
L_00000240afd0d6f0 .functor BUFZ 16, L_00000240afdfe850, C4<0000000000000000>, C4<0000000000000000>, C4<0000000000000000>;
S_00000240afd18890 .scope generate, "genblk2" "genblk2" 3 1555, 3 1555 0, S_00000240afd178f0;
 .timescale -12 -12;
S_00000240afd191f0 .scope generate, "genblk3" "genblk3" 3 1576, 3 1576 0, S_00000240afd178f0;
 .timescale -12 -12;
L_00000240afd0dfb0 .functor BUFZ 16, L_00000240afdfd630, C4<0000000000000000>, C4<0000000000000000>, C4<0000000000000000>;
S_00000240afd17760 .scope generate, "genblk4" "genblk4" 3 1595, 3 1595 0, S_00000240afd178f0;
 .timescale -12 -12;
S_00000240afd18700 .scope function.vec4.s1, "pd" "pd" 3 3200, 3 3200 0, S_00000240afbc6680;
 .timescale -12 -12;
; Variable pd is vec4 return value of scope S_00000240afd18700
v00000240afd2bf00_0 .var "x", 0 0;
TD_ICESTORM_RAM.pd ;
    %load/vec4 v00000240afd2bf00_0;
    %cmpi/e 0, 1, 1;
    %flag_mov 8, 6;
    %jmp/0 T_0.0, 8;
    %pushi/vec4 0, 0, 1;
    %jmp/1 T_0.1, 8;
T_0.0 ; End of true expr.
    %load/vec4 v00000240afd2bf00_0;
    %jmp/0 T_0.1, 8;
 ; End of false expr.
    %blend;
T_0.1;
    %ret/vec4 0, 0, 1;  Assign to pd (store_vec4_to_lval)
    %end;
S_00000240afd18a20 .scope function.vec4.s1, "pu" "pu" 3 3207, 3 3207 0, S_00000240afbc6680;
 .timescale -12 -12;
; Variable pu is vec4 return value of scope S_00000240afd18a20
v00000240afd2c540_0 .var "x", 0 0;
TD_ICESTORM_RAM.pu ;
    %load/vec4 v00000240afd2c540_0;
    %cmpi/e 0, 1, 1;
    %flag_mov 8, 6;
    %jmp/0 T_1.2, 8;
    %pushi/vec4 1, 0, 1;
    %jmp/1 T_1.3, 8;
T_1.2 ; End of true expr.
    %load/vec4 v00000240afd2c540_0;
    %jmp/0 T_1.3, 8;
 ; End of false expr.
    %blend;
T_1.3;
    %ret/vec4 0, 0, 1;  Assign to pu (store_vec4_to_lval)
    %end;
S_00000240afbc6810 .scope module, "SB_CARRY" "SB_CARRY" 3 228;
 .timescale -12 -12;
    .port_info 0 /OUTPUT 1 "CO";
    .port_info 1 /INPUT 1 "I0";
    .port_info 2 /INPUT 1 "I1";
    .port_info 3 /INPUT 1 "CI";
o00000240afd339e8 .functor BUFZ 1, c4<z>; HiZ drive
o00000240afd33a18 .functor BUFZ 1, c4<z>; HiZ drive
L_00000240afd0ee20 .functor AND 1, o00000240afd339e8, o00000240afd33a18, C4<1>, C4<1>;
L_00000240afd0e8e0 .functor OR 1, o00000240afd339e8, o00000240afd33a18, C4<0>, C4<0>;
o00000240afd33988 .functor BUFZ 1, c4<z>; HiZ drive
L_00000240afd0e4f0 .functor AND 1, L_00000240afd0e8e0, o00000240afd33988, C4<1>, C4<1>;
L_00000240afd0f050 .functor OR 1, L_00000240afd0ee20, L_00000240afd0e4f0, C4<0>, C4<0>;
v00000240afd756e0_0 .net "CI", 0 0, o00000240afd33988;  0 drivers
v00000240afd76360_0 .net "CO", 0 0, L_00000240afd0f050;  1 drivers
v00000240afd75960_0 .net "I0", 0 0, o00000240afd339e8;  0 drivers
v00000240afd75780_0 .net "I1", 0 0, o00000240afd33a18;  0 drivers
v00000240afd75a00_0 .net *"_ivl_1", 0 0, L_00000240afd0ee20;  1 drivers
v00000240afd75320_0 .net *"_ivl_3", 0 0, L_00000240afd0e8e0;  1 drivers
v00000240afd75aa0_0 .net *"_ivl_5", 0 0, L_00000240afd0e4f0;  1 drivers
S_00000240afa86a90 .scope module, "SB_DFF" "SB_DFF" 3 265;
 .timescale -12 -12;
    .port_info 0 /OUTPUT 1 "Q";
    .port_info 1 /INPUT 1 "C";
    .port_info 2 /INPUT 1 "D";
o00000240afd33b98 .functor BUFZ 1, c4<z>; HiZ drive
v00000240afd76180_0 .net "C", 0 0, o00000240afd33b98;  0 drivers
o00000240afd33bc8 .functor BUFZ 1, c4<z>; HiZ drive
v00000240afd75be0_0 .net "D", 0 0, o00000240afd33bc8;  0 drivers
v00000240afd75d20_0 .var "Q", 0 0;
E_00000240afd03130 .event posedge, v00000240afd76180_0;
S_00000240afaa3530 .scope module, "SB_DFFE" "SB_DFFE" 3 303;
 .timescale -12 -12;
    .port_info 0 /OUTPUT 1 "Q";
    .port_info 1 /INPUT 1 "C";
    .port_info 2 /INPUT 1 "E";
    .port_info 3 /INPUT 1 "D";
o00000240afd33cb8 .functor BUFZ 1, c4<z>; HiZ drive
v00000240afd75dc0_0 .net "C", 0 0, o00000240afd33cb8;  0 drivers
o00000240afd33ce8 .functor BUFZ 1, c4<z>; HiZ drive
v00000240afd75e60_0 .net "D", 0 0, o00000240afd33ce8;  0 drivers
o00000240afd33d18 .functor BUFZ 1, c4<z>; HiZ drive
v00000240afd75f00_0 .net "E", 0 0, o00000240afd33d18;  0 drivers
v00000240afd75fa0_0 .var "Q", 0 0;
E_00000240afd032b0 .event posedge, v00000240afd75dc0_0;
S_00000240afa8b830 .scope module, "SB_DFFER" "SB_DFFER" 3 653;
 .timescale -12 -12;
    .port_info 0 /OUTPUT 1 "Q";
    .port_info 1 /INPUT 1 "C";
    .port_info 2 /INPUT 1 "E";
    .port_info 3 /INPUT 1 "R";
    .port_info 4 /INPUT 1 "D";
o00000240afd33e38 .functor BUFZ 1, c4<z>; HiZ drive
v00000240afd76040_0 .net "C", 0 0, o00000240afd33e38;  0 drivers
o00000240afd33e68 .functor BUFZ 1, c4<z>; HiZ drive
v00000240afd76400_0 .net "D", 0 0, o00000240afd33e68;  0 drivers
o00000240afd33e98 .functor BUFZ 1, c4<z>; HiZ drive
v00000240afd764a0_0 .net "E", 0 0, o00000240afd33e98;  0 drivers
v00000240afd7a860_0 .var "Q", 0 0;
o00000240afd33ef8 .functor BUFZ 1, c4<z>; HiZ drive
v00000240afd79d20_0 .net "R", 0 0, o00000240afd33ef8;  0 drivers
E_00000240afd02770 .event posedge, v00000240afd79d20_0, v00000240afd76040_0;
S_00000240afa8b9c0 .scope module, "SB_DFFES" "SB_DFFES" 3 794;
 .timescale -12 -12;
    .port_info 0 /OUTPUT 1 "Q";
    .port_info 1 /INPUT 1 "C";
    .port_info 2 /INPUT 1 "E";
    .port_info 3 /INPUT 1 "S";
    .port_info 4 /INPUT 1 "D";
o00000240afd34018 .functor BUFZ 1, c4<z>; HiZ drive
v00000240afd79dc0_0 .net "C", 0 0, o00000240afd34018;  0 drivers
o00000240afd34048 .functor BUFZ 1, c4<z>; HiZ drive
v00000240afd79fa0_0 .net "D", 0 0, o00000240afd34048;  0 drivers
o00000240afd34078 .functor BUFZ 1, c4<z>; HiZ drive
v00000240afd79a00_0 .net "E", 0 0, o00000240afd34078;  0 drivers
v00000240afd7a5e0_0 .var "Q", 0 0;
o00000240afd340d8 .functor BUFZ 1, c4<z>; HiZ drive
v00000240afd79c80_0 .net "S", 0 0, o00000240afd340d8;  0 drivers
E_00000240afd031b0 .event posedge, v00000240afd79c80_0, v00000240afd79dc0_0;
S_00000240afa8bb50 .scope module, "SB_DFFESR" "SB_DFFESR" 3 592;
 .timescale -12 -12;
    .port_info 0 /OUTPUT 1 "Q";
    .port_info 1 /INPUT 1 "C";
    .port_info 2 /INPUT 1 "E";
    .port_info 3 /INPUT 1 "R";
    .port_info 4 /INPUT 1 "D";
o00000240afd341f8 .functor BUFZ 1, c4<z>; HiZ drive
v00000240afd7a4a0_0 .net "C", 0 0, o00000240afd341f8;  0 drivers
o00000240afd34228 .functor BUFZ 1, c4<z>; HiZ drive
v00000240afd79e60_0 .net "D", 0 0, o00000240afd34228;  0 drivers
o00000240afd34258 .functor BUFZ 1, c4<z>; HiZ drive
v00000240afd7aae0_0 .net "E", 0 0, o00000240afd34258;  0 drivers
v00000240afd7a540_0 .var "Q", 0 0;
o00000240afd342b8 .functor BUFZ 1, c4<z>; HiZ drive
v00000240afd79820_0 .net "R", 0 0, o00000240afd342b8;  0 drivers
E_00000240afd02f30 .event posedge, v00000240afd7a4a0_0;
S_00000240afa95690 .scope module, "SB_DFFESS" "SB_DFFESS" 3 733;
 .timescale -12 -12;
    .port_info 0 /OUTPUT 1 "Q";
    .port_info 1 /INPUT 1 "C";
    .port_info 2 /INPUT 1 "E";
    .port_info 3 /INPUT 1 "S";
    .port_info 4 /INPUT 1 "D";
o00000240afd343d8 .functor BUFZ 1, c4<z>; HiZ drive
v00000240afd7a040_0 .net "C", 0 0, o00000240afd343d8;  0 drivers
o00000240afd34408 .functor BUFZ 1, c4<z>; HiZ drive
v00000240afd7a680_0 .net "D", 0 0, o00000240afd34408;  0 drivers
o00000240afd34438 .functor BUFZ 1, c4<z>; HiZ drive
v00000240afd7a180_0 .net "E", 0 0, o00000240afd34438;  0 drivers
v00000240afd79be0_0 .var "Q", 0 0;
o00000240afd34498 .functor BUFZ 1, c4<z>; HiZ drive
v00000240afd7a0e0_0 .net "S", 0 0, o00000240afd34498;  0 drivers
E_00000240afd035b0 .event posedge, v00000240afd7a040_0;
S_00000240afa95820 .scope module, "SB_DFFN" "SB_DFFN" 3 876;
 .timescale -12 -12;
    .port_info 0 /OUTPUT 1 "Q";
    .port_info 1 /INPUT 1 "C";
    .port_info 2 /INPUT 1 "D";
o00000240afd345b8 .functor BUFZ 1, c4<z>; HiZ drive
v00000240afd7ac20_0 .net "C", 0 0, o00000240afd345b8;  0 drivers
o00000240afd345e8 .functor BUFZ 1, c4<z>; HiZ drive
v00000240afd79f00_0 .net "D", 0 0, o00000240afd345e8;  0 drivers
v00000240afd7acc0_0 .var "Q", 0 0;
E_00000240afd028b0 .event negedge, v00000240afd7ac20_0;
S_00000240afa959b0 .scope module, "SB_DFFNE" "SB_DFFNE" 3 914;
 .timescale -12 -12;
    .port_info 0 /OUTPUT 1 "Q";
    .port_info 1 /INPUT 1 "C";
    .port_info 2 /INPUT 1 "E";
    .port_info 3 /INPUT 1 "D";
o00000240afd346d8 .functor BUFZ 1, c4<z>; HiZ drive
v00000240afd79aa0_0 .net "C", 0 0, o00000240afd346d8;  0 drivers
o00000240afd34708 .functor BUFZ 1, c4<z>; HiZ drive
v00000240afd7a220_0 .net "D", 0 0, o00000240afd34708;  0 drivers
o00000240afd34738 .functor BUFZ 1, c4<z>; HiZ drive
v00000240afd79780_0 .net "E", 0 0, o00000240afd34738;  0 drivers
v00000240afd7a2c0_0 .var "Q", 0 0;
E_00000240afd027b0 .event negedge, v00000240afd79aa0_0;
S_00000240afa92cd0 .scope module, "SB_DFFNER" "SB_DFFNER" 3 1264;
 .timescale -12 -12;
    .port_info 0 /OUTPUT 1 "Q";
    .port_info 1 /INPUT 1 "C";
    .port_info 2 /INPUT 1 "E";
    .port_info 3 /INPUT 1 "R";
    .port_info 4 /INPUT 1 "D";
o00000240afd34858 .functor BUFZ 1, c4<z>; HiZ drive
v00000240afd7a360_0 .net "C", 0 0, o00000240afd34858;  0 drivers
o00000240afd34888 .functor BUFZ 1, c4<z>; HiZ drive
v00000240afd7a400_0 .net "D", 0 0, o00000240afd34888;  0 drivers
o00000240afd348b8 .functor BUFZ 1, c4<z>; HiZ drive
v00000240afd7a720_0 .net "E", 0 0, o00000240afd348b8;  0 drivers
v00000240afd79b40_0 .var "Q", 0 0;
o00000240afd34918 .functor BUFZ 1, c4<z>; HiZ drive
v00000240afd7a900_0 .net "R", 0 0, o00000240afd34918;  0 drivers
E_00000240afd02e70/0 .event negedge, v00000240afd7a360_0;
E_00000240afd02e70/1 .event posedge, v00000240afd7a900_0;
E_00000240afd02e70 .event/or E_00000240afd02e70/0, E_00000240afd02e70/1;
S_00000240afa92e60 .scope module, "SB_DFFNES" "SB_DFFNES" 3 1405;
 .timescale -12 -12;
    .port_info 0 /OUTPUT 1 "Q";
    .port_info 1 /INPUT 1 "C";
    .port_info 2 /INPUT 1 "E";
    .port_info 3 /INPUT 1 "S";
    .port_info 4 /INPUT 1 "D";
o00000240afd34a38 .functor BUFZ 1, c4<z>; HiZ drive
v00000240afd7a7c0_0 .net "C", 0 0, o00000240afd34a38;  0 drivers
o00000240afd34a68 .functor BUFZ 1, c4<z>; HiZ drive
v00000240afd798c0_0 .net "D", 0 0, o00000240afd34a68;  0 drivers
o00000240afd34a98 .functor BUFZ 1, c4<z>; HiZ drive
v00000240afd79960_0 .net "E", 0 0, o00000240afd34a98;  0 drivers
v00000240afd7ae00_0 .var "Q", 0 0;
o00000240afd34af8 .functor BUFZ 1, c4<z>; HiZ drive
v00000240afd7a9a0_0 .net "S", 0 0, o00000240afd34af8;  0 drivers
E_00000240afd02f70/0 .event negedge, v00000240afd7a7c0_0;
E_00000240afd02f70/1 .event posedge, v00000240afd7a9a0_0;
E_00000240afd02f70 .event/or E_00000240afd02f70/0, E_00000240afd02f70/1;
S_00000240afd12190 .scope module, "SB_DFFNESR" "SB_DFFNESR" 3 1203;
 .timescale -12 -12;
    .port_info 0 /OUTPUT 1 "Q";
    .port_info 1 /INPUT 1 "C";
    .port_info 2 /INPUT 1 "E";
    .port_info 3 /INPUT 1 "R";
    .port_info 4 /INPUT 1 "D";
o00000240afd34c18 .functor BUFZ 1, c4<z>; HiZ drive
v00000240afd7aa40_0 .net "C", 0 0, o00000240afd34c18;  0 drivers
o00000240afd34c48 .functor BUFZ 1, c4<z>; HiZ drive
v00000240afd7ab80_0 .net "D", 0 0, o00000240afd34c48;  0 drivers
o00000240afd34c78 .functor BUFZ 1, c4<z>; HiZ drive
v00000240afd7ad60_0 .net "E", 0 0, o00000240afd34c78;  0 drivers
v00000240afd773e0_0 .var "Q", 0 0;
o00000240afd34cd8 .functor BUFZ 1, c4<z>; HiZ drive
v00000240afd78560_0 .net "R", 0 0, o00000240afd34cd8;  0 drivers
E_00000240afd032f0 .event negedge, v00000240afd7aa40_0;
S_00000240afd119c0 .scope module, "SB_DFFNESS" "SB_DFFNESS" 3 1344;
 .timescale -12 -12;
    .port_info 0 /OUTPUT 1 "Q";
    .port_info 1 /INPUT 1 "C";
    .port_info 2 /INPUT 1 "E";
    .port_info 3 /INPUT 1 "S";
    .port_info 4 /INPUT 1 "D";
o00000240afd34df8 .functor BUFZ 1, c4<z>; HiZ drive
v00000240afd77160_0 .net "C", 0 0, o00000240afd34df8;  0 drivers
o00000240afd34e28 .functor BUFZ 1, c4<z>; HiZ drive
v00000240afd79640_0 .net "D", 0 0, o00000240afd34e28;  0 drivers
o00000240afd34e58 .functor BUFZ 1, c4<z>; HiZ drive
v00000240afd786a0_0 .net "E", 0 0, o00000240afd34e58;  0 drivers
v00000240afd78b00_0 .var "Q", 0 0;
o00000240afd34eb8 .functor BUFZ 1, c4<z>; HiZ drive
v00000240afd77200_0 .net "S", 0 0, o00000240afd34eb8;  0 drivers
E_00000240afd02af0 .event negedge, v00000240afd77160_0;
S_00000240afd12320 .scope module, "SB_DFFNR" "SB_DFFNR" 3 1011;
 .timescale -12 -12;
    .port_info 0 /OUTPUT 1 "Q";
    .port_info 1 /INPUT 1 "C";
    .port_info 2 /INPUT 1 "R";
    .port_info 3 /INPUT 1 "D";
o00000240afd34fd8 .functor BUFZ 1, c4<z>; HiZ drive
v00000240afd79280_0 .net "C", 0 0, o00000240afd34fd8;  0 drivers
o00000240afd35008 .functor BUFZ 1, c4<z>; HiZ drive
v00000240afd78c40_0 .net "D", 0 0, o00000240afd35008;  0 drivers
v00000240afd78e20_0 .var "Q", 0 0;
o00000240afd35068 .functor BUFZ 1, c4<z>; HiZ drive
v00000240afd781a0_0 .net "R", 0 0, o00000240afd35068;  0 drivers
E_00000240afd03470/0 .event negedge, v00000240afd79280_0;
E_00000240afd03470/1 .event posedge, v00000240afd781a0_0;
E_00000240afd03470 .event/or E_00000240afd03470/0, E_00000240afd03470/1;
S_00000240afd12000 .scope module, "SB_DFFNS" "SB_DFFNS" 3 1132;
 .timescale -12 -12;
    .port_info 0 /OUTPUT 1 "Q";
    .port_info 1 /INPUT 1 "C";
    .port_info 2 /INPUT 1 "S";
    .port_info 3 /INPUT 1 "D";
o00000240afd35158 .functor BUFZ 1, c4<z>; HiZ drive
v00000240afd78ba0_0 .net "C", 0 0, o00000240afd35158;  0 drivers
o00000240afd35188 .functor BUFZ 1, c4<z>; HiZ drive
v00000240afd796e0_0 .net "D", 0 0, o00000240afd35188;  0 drivers
v00000240afd78100_0 .var "Q", 0 0;
o00000240afd351e8 .functor BUFZ 1, c4<z>; HiZ drive
v00000240afd77de0_0 .net "S", 0 0, o00000240afd351e8;  0 drivers
E_00000240afd02cf0/0 .event negedge, v00000240afd78ba0_0;
E_00000240afd02cf0/1 .event posedge, v00000240afd77de0_0;
E_00000240afd02cf0 .event/or E_00000240afd02cf0/0, E_00000240afd02cf0/1;
S_00000240afd124b0 .scope module, "SB_DFFNSR" "SB_DFFNSR" 3 961;
 .timescale -12 -12;
    .port_info 0 /OUTPUT 1 "Q";
    .port_info 1 /INPUT 1 "C";
    .port_info 2 /INPUT 1 "R";
    .port_info 3 /INPUT 1 "D";
o00000240afd352d8 .functor BUFZ 1, c4<z>; HiZ drive
v00000240afd784c0_0 .net "C", 0 0, o00000240afd352d8;  0 drivers
o00000240afd35308 .functor BUFZ 1, c4<z>; HiZ drive
v00000240afd77980_0 .net "D", 0 0, o00000240afd35308;  0 drivers
v00000240afd78600_0 .var "Q", 0 0;
o00000240afd35368 .functor BUFZ 1, c4<z>; HiZ drive
v00000240afd78ce0_0 .net "R", 0 0, o00000240afd35368;  0 drivers
E_00000240afd029f0 .event negedge, v00000240afd784c0_0;
S_00000240afd116a0 .scope module, "SB_DFFNSS" "SB_DFFNSS" 3 1082;
 .timescale -12 -12;
    .port_info 0 /OUTPUT 1 "Q";
    .port_info 1 /INPUT 1 "C";
    .port_info 2 /INPUT 1 "S";
    .port_info 3 /INPUT 1 "D";
o00000240afd35458 .functor BUFZ 1, c4<z>; HiZ drive
v00000240afd78380_0 .net "C", 0 0, o00000240afd35458;  0 drivers
o00000240afd35488 .functor BUFZ 1, c4<z>; HiZ drive
v00000240afd77fc0_0 .net "D", 0 0, o00000240afd35488;  0 drivers
v00000240afd77ca0_0 .var "Q", 0 0;
o00000240afd354e8 .functor BUFZ 1, c4<z>; HiZ drive
v00000240afd76f80_0 .net "S", 0 0, o00000240afd354e8;  0 drivers
E_00000240afd03670 .event negedge, v00000240afd78380_0;
S_00000240afd11b50 .scope module, "SB_DFFR" "SB_DFFR" 3 400;
 .timescale -12 -12;
    .port_info 0 /OUTPUT 1 "Q";
    .port_info 1 /INPUT 1 "C";
    .port_info 2 /INPUT 1 "R";
    .port_info 3 /INPUT 1 "D";
o00000240afd355d8 .functor BUFZ 1, c4<z>; HiZ drive
v00000240afd78740_0 .net "C", 0 0, o00000240afd355d8;  0 drivers
o00000240afd35608 .functor BUFZ 1, c4<z>; HiZ drive
v00000240afd778e0_0 .net "D", 0 0, o00000240afd35608;  0 drivers
v00000240afd791e0_0 .var "Q", 0 0;
o00000240afd35668 .functor BUFZ 1, c4<z>; HiZ drive
v00000240afd787e0_0 .net "R", 0 0, o00000240afd35668;  0 drivers
E_00000240afd02fb0 .event posedge, v00000240afd787e0_0, v00000240afd78740_0;
S_00000240afd11830 .scope module, "SB_DFFS" "SB_DFFS" 3 521;
 .timescale -12 -12;
    .port_info 0 /OUTPUT 1 "Q";
    .port_info 1 /INPUT 1 "C";
    .port_info 2 /INPUT 1 "S";
    .port_info 3 /INPUT 1 "D";
o00000240afd35758 .functor BUFZ 1, c4<z>; HiZ drive
v00000240afd78d80_0 .net "C", 0 0, o00000240afd35758;  0 drivers
o00000240afd35788 .functor BUFZ 1, c4<z>; HiZ drive
v00000240afd78420_0 .net "D", 0 0, o00000240afd35788;  0 drivers
v00000240afd795a0_0 .var "Q", 0 0;
o00000240afd357e8 .functor BUFZ 1, c4<z>; HiZ drive
v00000240afd78920_0 .net "S", 0 0, o00000240afd357e8;  0 drivers
E_00000240afd03630 .event posedge, v00000240afd78920_0, v00000240afd78d80_0;
S_00000240afd11ce0 .scope module, "SB_DFFSR" "SB_DFFSR" 3 350;
 .timescale -12 -12;
    .port_info 0 /OUTPUT 1 "Q";
    .port_info 1 /INPUT 1 "C";
    .port_info 2 /INPUT 1 "R";
    .port_info 3 /INPUT 1 "D";
o00000240afd358d8 .functor BUFZ 1, c4<z>; HiZ drive
v00000240afd77e80_0 .net "C", 0 0, o00000240afd358d8;  0 drivers
o00000240afd35908 .functor BUFZ 1, c4<z>; HiZ drive
v00000240afd77480_0 .net "D", 0 0, o00000240afd35908;  0 drivers
v00000240afd77840_0 .var "Q", 0 0;
o00000240afd35968 .functor BUFZ 1, c4<z>; HiZ drive
v00000240afd77700_0 .net "R", 0 0, o00000240afd35968;  0 drivers
E_00000240afd02830 .event posedge, v00000240afd77e80_0;
S_00000240afd11e70 .scope module, "SB_DFFSS" "SB_DFFSS" 3 471;
 .timescale -12 -12;
    .port_info 0 /OUTPUT 1 "Q";
    .port_info 1 /INPUT 1 "C";
    .port_info 2 /INPUT 1 "S";
    .port_info 3 /INPUT 1 "D";
o00000240afd35a58 .functor BUFZ 1, c4<z>; HiZ drive
v00000240afd782e0_0 .net "C", 0 0, o00000240afd35a58;  0 drivers
o00000240afd35a88 .functor BUFZ 1, c4<z>; HiZ drive
v00000240afd77a20_0 .net "D", 0 0, o00000240afd35a88;  0 drivers
v00000240afd79320_0 .var "Q", 0 0;
o00000240afd35ae8 .functor BUFZ 1, c4<z>; HiZ drive
v00000240afd78a60_0 .net "S", 0 0, o00000240afd35ae8;  0 drivers
E_00000240afd036b0 .event posedge, v00000240afd782e0_0;
S_00000240afd137e0 .scope module, "SB_FILTER_50NS" "SB_FILTER_50NS" 3 2856;
 .timescale -12 -12;
    .port_info 0 /INPUT 1 "FILTERIN";
    .port_info 1 /OUTPUT 1 "FILTEROUT";
o00000240afd35bd8 .functor BUFZ 1, c4<z>; HiZ drive
v00000240afd77520_0 .net "FILTERIN", 0 0, o00000240afd35bd8;  0 drivers
o00000240afd35c08 .functor BUFZ 1, c4<z>; HiZ drive
v00000240afd793c0_0 .net "FILTEROUT", 0 0, o00000240afd35c08;  0 drivers
S_00000240afd13970 .scope module, "SB_GB" "SB_GB" 3 162;
 .timescale -12 -12;
    .port_info 0 /INPUT 1 "USER_SIGNAL_TO_GLOBAL_BUFFER";
    .port_info 1 /OUTPUT 1 "GLOBAL_BUFFER_OUTPUT";
o00000240afd35cc8 .functor BUFZ 1, c4<z>; HiZ drive
L_00000240afd0e950 .functor BUFZ 1, o00000240afd35cc8, C4<0>, C4<0>, C4<0>;
v00000240afd79460_0 .net "GLOBAL_BUFFER_OUTPUT", 0 0, L_00000240afd0e950;  1 drivers
v00000240afd77b60_0 .net "USER_SIGNAL_TO_GLOBAL_BUFFER", 0 0, o00000240afd35cc8;  0 drivers
S_00000240afd14140 .scope module, "SB_GB_IO" "SB_GB_IO" 3 123;
 .timescale -12 -12;
    .port_info 0 /INOUT 1 "PACKAGE_PIN";
    .port_info 1 /OUTPUT 1 "GLOBAL_BUFFER_OUTPUT";
    .port_info 2 /INPUT 1 "LATCH_INPUT_VALUE";
    .port_info 3 /INPUT 1 "CLOCK_ENABLE";
    .port_info 4 /INPUT 1 "INPUT_CLK";
    .port_info 5 /INPUT 1 "OUTPUT_CLK";
    .port_info 6 /INPUT 1 "OUTPUT_ENABLE";
    .port_info 7 /INPUT 1 "D_OUT_0";
    .port_info 8 /INPUT 1 "D_OUT_1";
    .port_info 9 /OUTPUT 1 "D_IN_0";
    .port_info 10 /OUTPUT 1 "D_IN_1";
P_00000240afa92ff0 .param/str "IO_STANDARD" 0 3 139, "SB_LVCMOS";
P_00000240afa93028 .param/l "NEG_TRIGGER" 0 3 138, C4<0>;
P_00000240afa93060 .param/l "PIN_TYPE" 0 3 136, C4<000000>;
P_00000240afa93098 .param/l "PULLUP" 0 3 137, C4<0>;
o00000240afd35f08 .functor BUFZ 1, c4<z>; HiZ drive
L_00000240afd0d680 .functor BUFZ 1, o00000240afd35f08, C4<0>, C4<0>, C4<0>;
o00000240afd35d58 .functor BUFZ 1, c4<z>; HiZ drive
v00000240afd7deb0_0 .net "CLOCK_ENABLE", 0 0, o00000240afd35d58;  0 drivers
v00000240afd7df50_0 .net "D_IN_0", 0 0, L_00000240afd0d920;  1 drivers
v00000240afd7dff0_0 .net "D_IN_1", 0 0, L_00000240afd0eb80;  1 drivers
o00000240afd35de8 .functor BUFZ 1, c4<z>; HiZ drive
v00000240afd7ebd0_0 .net "D_OUT_0", 0 0, o00000240afd35de8;  0 drivers
o00000240afd35e18 .functor BUFZ 1, c4<z>; HiZ drive
v00000240afd7ed10_0 .net "D_OUT_1", 0 0, o00000240afd35e18;  0 drivers
v00000240afd7edb0_0 .net "GLOBAL_BUFFER_OUTPUT", 0 0, L_00000240afd0d680;  1 drivers
o00000240afd35e48 .functor BUFZ 1, c4<z>; HiZ drive
v00000240afd7ee50_0 .net "INPUT_CLK", 0 0, o00000240afd35e48;  0 drivers
o00000240afd35e78 .functor BUFZ 1, c4<z>; HiZ drive
v00000240afd7eef0_0 .net "LATCH_INPUT_VALUE", 0 0, o00000240afd35e78;  0 drivers
o00000240afd35ea8 .functor BUFZ 1, c4<z>; HiZ drive
v00000240afd7ec70_0 .net "OUTPUT_CLK", 0 0, o00000240afd35ea8;  0 drivers
o00000240afd35ed8 .functor BUFZ 1, c4<z>; HiZ drive
v00000240afd7f170_0 .net "OUTPUT_ENABLE", 0 0, o00000240afd35ed8;  0 drivers
v00000240afd7dc30_0 .net "PACKAGE_PIN", 0 0, o00000240afd35f08;  0 drivers
S_00000240afd17a80 .scope module, "IO" "SB_IO" 3 148, 3 17 0, S_00000240afd14140;
 .timescale -12 -12;
    .port_info 0 /INOUT 1 "PACKAGE_PIN";
    .port_info 1 /INPUT 1 "LATCH_INPUT_VALUE";
    .port_info 2 /INPUT 1 "CLOCK_ENABLE";
    .port_info 3 /INPUT 1 "INPUT_CLK";
    .port_info 4 /INPUT 1 "OUTPUT_CLK";
    .port_info 5 /INPUT 1 "OUTPUT_ENABLE";
    .port_info 6 /INPUT 1 "D_OUT_0";
    .port_info 7 /INPUT 1 "D_OUT_1";
    .port_info 8 /OUTPUT 1 "D_IN_0";
    .port_info 9 /OUTPUT 1 "D_IN_1";
P_00000240afd2ee80 .param/str "IO_STANDARD" 0 3 32, "SB_LVCMOS";
P_00000240afd2eeb8 .param/l "NEG_TRIGGER" 0 3 31, C4<0>;
P_00000240afd2eef0 .param/l "PIN_TYPE" 0 3 29, C4<000000>;
P_00000240afd2ef28 .param/l "PULLUP" 0 3 30, C4<0>;
L_00000240afd0e090 .functor OR 1, o00000240afd35d58, L_00000240afdff7f0, C4<0>, C4<0>;
L_00000240afd0d920 .functor BUFZ 1, v00000240afd77660_0, C4<0>, C4<0>, C4<0>;
L_00000240afd0eb80 .functor BUFZ 1, v00000240afd777a0_0, C4<0>, C4<0>, C4<0>;
v00000240afd78880_0 .net "CLOCK_ENABLE", 0 0, o00000240afd35d58;  alias, 0 drivers
v00000240afd78ec0_0 .net "D_IN_0", 0 0, L_00000240afd0d920;  alias, 1 drivers
v00000240afd770c0_0 .net "D_IN_1", 0 0, L_00000240afd0eb80;  alias, 1 drivers
v00000240afd789c0_0 .net "D_OUT_0", 0 0, o00000240afd35de8;  alias, 0 drivers
v00000240afd77f20_0 .net "D_OUT_1", 0 0, o00000240afd35e18;  alias, 0 drivers
v00000240afd775c0_0 .net "INPUT_CLK", 0 0, o00000240afd35e48;  alias, 0 drivers
v00000240afd78f60_0 .net "LATCH_INPUT_VALUE", 0 0, o00000240afd35e78;  alias, 0 drivers
v00000240afd79000_0 .net "OUTPUT_CLK", 0 0, o00000240afd35ea8;  alias, 0 drivers
v00000240afd78060_0 .net "OUTPUT_ENABLE", 0 0, o00000240afd35ed8;  alias, 0 drivers
v00000240afd790a0_0 .net "PACKAGE_PIN", 0 0, o00000240afd35f08;  alias, 0 drivers
o00000240afd35f38 .functor BUFZ 1, c4<z>; HiZ drive
; Elide local net with no drivers, v00000240afd79140_0 name=_ivl_0
v00000240afd79500_0 .net *"_ivl_2", 0 0, L_00000240afdff7f0;  1 drivers
v00000240afd77020_0 .net "clken_pulled", 0 0, L_00000240afd0e090;  1 drivers
v00000240afd772a0_0 .var "clken_pulled_ri", 0 0;
v00000240afd77340_0 .var "clken_pulled_ro", 0 0;
v00000240afd77660_0 .var "din_0", 0 0;
v00000240afd777a0_0 .var "din_1", 0 0;
v00000240afd77ac0_0 .var "din_q_0", 0 0;
v00000240afd77c00_0 .var "din_q_1", 0 0;
v00000240afd77d40_0 .var "dout", 0 0;
v00000240afd78240_0 .var "dout_q_0", 0 0;
v00000240afd7de10_0 .var "dout_q_1", 0 0;
v00000240afd7f030_0 .var "outclk_delayed_1", 0 0;
v00000240afd7ea90_0 .var "outclk_delayed_2", 0 0;
v00000240afd7eb30_0 .var "outena_q", 0 0;
E_00000240afd03330 .event anyedge, v00000240afd7ea90_0, v00000240afd78240_0, v00000240afd7de10_0;
E_00000240afd02b70 .event anyedge, v00000240afd7f030_0;
E_00000240afd02ab0 .event anyedge, v00000240afd79000_0;
E_00000240afd02ff0 .event anyedge, v00000240afd77ac0_0, v00000240afd77c00_0;
L_00000240afdff7f0 .cmp/eeq 1, o00000240afd35d58, o00000240afd35f38;
S_00000240afd17c10 .scope generate, "genblk1" "genblk1" 3 45, 3 45 0, S_00000240afd17a80;
 .timescale -12 -12;
E_00000240afd026f0 .event posedge, v00000240afd79000_0;
E_00000240afd03070 .event negedge, v00000240afd79000_0;
E_00000240afd02b30 .event negedge, v00000240afd775c0_0;
E_00000240afd03370 .event posedge, v00000240afd775c0_0;
S_00000240afd13b00 .scope module, "SB_I2C" "SB_I2C" 3 2733;
 .timescale -12 -12;
    .port_info 0 /INPUT 1 "SBCLKI";
    .port_info 1 /INPUT 1 "SBRWI";
    .port_info 2 /INPUT 1 "SBSTBI";
    .port_info 3 /INPUT 1 "SBADRI7";
    .port_info 4 /INPUT 1 "SBADRI6";
    .port_info 5 /INPUT 1 "SBADRI5";
    .port_info 6 /INPUT 1 "SBADRI4";
    .port_info 7 /INPUT 1 "SBADRI3";
    .port_info 8 /INPUT 1 "SBADRI2";
    .port_info 9 /INPUT 1 "SBADRI1";
    .port_info 10 /INPUT 1 "SBADRI0";
    .port_info 11 /INPUT 1 "SBDATI7";
    .port_info 12 /INPUT 1 "SBDATI6";
    .port_info 13 /INPUT 1 "SBDATI5";
    .port_info 14 /INPUT 1 "SBDATI4";
    .port_info 15 /INPUT 1 "SBDATI3";
    .port_info 16 /INPUT 1 "SBDATI2";
    .port_info 17 /INPUT 1 "SBDATI1";
    .port_info 18 /INPUT 1 "SBDATI0";
    .port_info 19 /INPUT 1 "SCLI";
    .port_info 20 /INPUT 1 "SDAI";
    .port_info 21 /OUTPUT 1 "SBDATO7";
    .port_info 22 /OUTPUT 1 "SBDATO6";
    .port_info 23 /OUTPUT 1 "SBDATO5";
    .port_info 24 /OUTPUT 1 "SBDATO4";
    .port_info 25 /OUTPUT 1 "SBDATO3";
    .port_info 26 /OUTPUT 1 "SBDATO2";
    .port_info 27 /OUTPUT 1 "SBDATO1";
    .port_info 28 /OUTPUT 1 "SBDATO0";
    .port_info 29 /OUTPUT 1 "SBACKO";
    .port_info 30 /OUTPUT 1 "I2CIRQ";
    .port_info 31 /OUTPUT 1 "I2CWKUP";
    .port_info 32 /OUTPUT 1 "SCLO";
    .port_info 33 /OUTPUT 1 "SCLOE";
    .port_info 34 /OUTPUT 1 "SDAO";
    .port_info 35 /OUTPUT 1 "SDAOE";
P_00000240afb39310 .param/str "BUS_ADDR74" 0 3 2772, "0b0001";
P_00000240afb39348 .param/str "I2C_SLAVE_INIT_ADDR" 0 3 2771, "0b1111100001";
o00000240afd36628 .functor BUFZ 1, c4<z>; HiZ drive
v00000240afd7e810_0 .net "I2CIRQ", 0 0, o00000240afd36628;  0 drivers
o00000240afd36658 .functor BUFZ 1, c4<z>; HiZ drive
v00000240afd7e130_0 .net "I2CWKUP", 0 0, o00000240afd36658;  0 drivers
o00000240afd36688 .functor BUFZ 1, c4<z>; HiZ drive
v00000240afd7e8b0_0 .net "SBACKO", 0 0, o00000240afd36688;  0 drivers
o00000240afd366b8 .functor BUFZ 1, c4<z>; HiZ drive
v00000240afd7ef90_0 .net "SBADRI0", 0 0, o00000240afd366b8;  0 drivers
o00000240afd366e8 .functor BUFZ 1, c4<z>; HiZ drive
v00000240afd7f0d0_0 .net "SBADRI1", 0 0, o00000240afd366e8;  0 drivers
o00000240afd36718 .functor BUFZ 1, c4<z>; HiZ drive
v00000240afd7e950_0 .net "SBADRI2", 0 0, o00000240afd36718;  0 drivers
o00000240afd36748 .functor BUFZ 1, c4<z>; HiZ drive
v00000240afd7f210_0 .net "SBADRI3", 0 0, o00000240afd36748;  0 drivers
o00000240afd36778 .functor BUFZ 1, c4<z>; HiZ drive
v00000240afd7e3b0_0 .net "SBADRI4", 0 0, o00000240afd36778;  0 drivers
o00000240afd367a8 .functor BUFZ 1, c4<z>; HiZ drive
v00000240afd7db90_0 .net "SBADRI5", 0 0, o00000240afd367a8;  0 drivers
o00000240afd367d8 .functor BUFZ 1, c4<z>; HiZ drive
v00000240afd7dcd0_0 .net "SBADRI6", 0 0, o00000240afd367d8;  0 drivers
o00000240afd36808 .functor BUFZ 1, c4<z>; HiZ drive
v00000240afd7e4f0_0 .net "SBADRI7", 0 0, o00000240afd36808;  0 drivers
o00000240afd36838 .functor BUFZ 1, c4<z>; HiZ drive
v00000240afd7dd70_0 .net "SBCLKI", 0 0, o00000240afd36838;  0 drivers
o00000240afd36868 .functor BUFZ 1, c4<z>; HiZ drive
v00000240afd7e090_0 .net "SBDATI0", 0 0, o00000240afd36868;  0 drivers
o00000240afd36898 .functor BUFZ 1, c4<z>; HiZ drive
v00000240afd7e1d0_0 .net "SBDATI1", 0 0, o00000240afd36898;  0 drivers
o00000240afd368c8 .functor BUFZ 1, c4<z>; HiZ drive
v00000240afd7e270_0 .net "SBDATI2", 0 0, o00000240afd368c8;  0 drivers
o00000240afd368f8 .functor BUFZ 1, c4<z>; HiZ drive
v00000240afd7e310_0 .net "SBDATI3", 0 0, o00000240afd368f8;  0 drivers
o00000240afd36928 .functor BUFZ 1, c4<z>; HiZ drive
v00000240afd7e590_0 .net "SBDATI4", 0 0, o00000240afd36928;  0 drivers
o00000240afd36958 .functor BUFZ 1, c4<z>; HiZ drive
v00000240afd7e450_0 .net "SBDATI5", 0 0, o00000240afd36958;  0 drivers
o00000240afd36988 .functor BUFZ 1, c4<z>; HiZ drive
v00000240afd7e630_0 .net "SBDATI6", 0 0, o00000240afd36988;  0 drivers
o00000240afd369b8 .functor BUFZ 1, c4<z>; HiZ drive
v00000240afd7e6d0_0 .net "SBDATI7", 0 0, o00000240afd369b8;  0 drivers
o00000240afd369e8 .functor BUFZ 1, c4<z>; HiZ drive
v00000240afd7e770_0 .net "SBDATO0", 0 0, o00000240afd369e8;  0 drivers
o00000240afd36a18 .functor BUFZ 1, c4<z>; HiZ drive
v00000240afd7e9f0_0 .net "SBDATO1", 0 0, o00000240afd36a18;  0 drivers
o00000240afd36a48 .functor BUFZ 1, c4<z>; HiZ drive
v00000240afd7bd90_0 .net "SBDATO2", 0 0, o00000240afd36a48;  0 drivers
o00000240afd36a78 .functor BUFZ 1, c4<z>; HiZ drive
v00000240afd7c830_0 .net "SBDATO3", 0 0, o00000240afd36a78;  0 drivers
o00000240afd36aa8 .functor BUFZ 1, c4<z>; HiZ drive
v00000240afd7d9b0_0 .net "SBDATO4", 0 0, o00000240afd36aa8;  0 drivers
o00000240afd36ad8 .functor BUFZ 1, c4<z>; HiZ drive
v00000240afd7cf10_0 .net "SBDATO5", 0 0, o00000240afd36ad8;  0 drivers
o00000240afd36b08 .functor BUFZ 1, c4<z>; HiZ drive
v00000240afd7cb50_0 .net "SBDATO6", 0 0, o00000240afd36b08;  0 drivers
o00000240afd36b38 .functor BUFZ 1, c4<z>; HiZ drive
v00000240afd7c650_0 .net "SBDATO7", 0 0, o00000240afd36b38;  0 drivers
o00000240afd36b68 .functor BUFZ 1, c4<z>; HiZ drive
v00000240afd7be30_0 .net "SBRWI", 0 0, o00000240afd36b68;  0 drivers
o00000240afd36b98 .functor BUFZ 1, c4<z>; HiZ drive
v00000240afd7d0f0_0 .net "SBSTBI", 0 0, o00000240afd36b98;  0 drivers
o00000240afd36bc8 .functor BUFZ 1, c4<z>; HiZ drive
v00000240afd7c790_0 .net "SCLI", 0 0, o00000240afd36bc8;  0 drivers
o00000240afd36bf8 .functor BUFZ 1, c4<z>; HiZ drive
v00000240afd7c470_0 .net "SCLO", 0 0, o00000240afd36bf8;  0 drivers
o00000240afd36c28 .functor BUFZ 1, c4<z>; HiZ drive
v00000240afd7d230_0 .net "SCLOE", 0 0, o00000240afd36c28;  0 drivers
o00000240afd36c58 .functor BUFZ 1, c4<z>; HiZ drive
v00000240afd7bed0_0 .net "SDAI", 0 0, o00000240afd36c58;  0 drivers
o00000240afd36c88 .functor BUFZ 1, c4<z>; HiZ drive
v00000240afd7d910_0 .net "SDAO", 0 0, o00000240afd36c88;  0 drivers
o00000240afd36cb8 .functor BUFZ 1, c4<z>; HiZ drive
v00000240afd7cc90_0 .net "SDAOE", 0 0, o00000240afd36cb8;  0 drivers
S_00000240afd131a0 .scope module, "SB_IO_I3C" "SB_IO_I3C" 3 2862;
 .timescale -12 -12;
    .port_info 0 /INOUT 1 "PACKAGE_PIN";
    .port_info 1 /INPUT 1 "LATCH_INPUT_VALUE";
    .port_info 2 /INPUT 1 "CLOCK_ENABLE";
    .port_info 3 /INPUT 1 "INPUT_CLK";
    .port_info 4 /INPUT 1 "OUTPUT_CLK";
    .port_info 5 /INPUT 1 "OUTPUT_ENABLE";
    .port_info 6 /INPUT 1 "D_OUT_0";
    .port_info 7 /INPUT 1 "D_OUT_1";
    .port_info 8 /OUTPUT 1 "D_IN_0";
    .port_info 9 /OUTPUT 1 "D_IN_1";
    .port_info 10 /INPUT 1 "PU_ENB";
    .port_info 11 /INPUT 1 "WEAK_PU_ENB";
P_00000240afa941b0 .param/str "IO_STANDARD" 0 3 2880, "SB_LVCMOS";
P_00000240afa941e8 .param/l "NEG_TRIGGER" 0 3 2879, C4<0>;
P_00000240afa94220 .param/l "PIN_TYPE" 0 3 2876, C4<000000>;
P_00000240afa94258 .param/l "PULLUP" 0 3 2877, C4<0>;
P_00000240afa94290 .param/l "WEAK_PULLUP" 0 3 2878, C4<0>;
L_00000240afd0de60 .functor BUFZ 1, v00000240afd7d7d0_0, C4<0>, C4<0>, C4<0>;
L_00000240afd0e9c0 .functor BUFZ 1, v00000240afd7bb10_0, C4<0>, C4<0>, C4<0>;
o00000240afd373a8 .functor BUFZ 1, c4<z>; HiZ drive
v00000240afd7bf70_0 .net "CLOCK_ENABLE", 0 0, o00000240afd373a8;  0 drivers
v00000240afd7d190_0 .net "D_IN_0", 0 0, L_00000240afd0de60;  1 drivers
v00000240afd7d2d0_0 .net "D_IN_1", 0 0, L_00000240afd0e9c0;  1 drivers
o00000240afd37438 .functor BUFZ 1, c4<z>; HiZ drive
v00000240afd7d370_0 .net "D_OUT_0", 0 0, o00000240afd37438;  0 drivers
o00000240afd37468 .functor BUFZ 1, c4<z>; HiZ drive
v00000240afd7d410_0 .net "D_OUT_1", 0 0, o00000240afd37468;  0 drivers
o00000240afd37498 .functor BUFZ 1, c4<z>; HiZ drive
v00000240afd7c1f0_0 .net "INPUT_CLK", 0 0, o00000240afd37498;  0 drivers
o00000240afd374c8 .functor BUFZ 1, c4<z>; HiZ drive
v00000240afd7d4b0_0 .net "LATCH_INPUT_VALUE", 0 0, o00000240afd374c8;  0 drivers
o00000240afd374f8 .functor BUFZ 1, c4<z>; HiZ drive
v00000240afd7da50_0 .net "OUTPUT_CLK", 0 0, o00000240afd374f8;  0 drivers
o00000240afd37528 .functor BUFZ 1, c4<z>; HiZ drive
v00000240afd7b570_0 .net "OUTPUT_ENABLE", 0 0, o00000240afd37528;  0 drivers
o00000240afd37558 .functor BUFZ 1, c4<z>; HiZ drive
v00000240afd7cdd0_0 .net "PACKAGE_PIN", 0 0, o00000240afd37558;  0 drivers
o00000240afd37588 .functor BUFZ 1, c4<z>; HiZ drive
v00000240afd7daf0_0 .net "PU_ENB", 0 0, o00000240afd37588;  0 drivers
o00000240afd375b8 .functor BUFZ 1, c4<z>; HiZ drive
v00000240afd7c6f0_0 .net "WEAK_PU_ENB", 0 0, o00000240afd375b8;  0 drivers
v00000240afd7d7d0_0 .var "din_0", 0 0;
v00000240afd7bb10_0 .var "din_1", 0 0;
v00000240afd7c010_0 .var "din_q_0", 0 0;
v00000240afd7d550_0 .var "din_q_1", 0 0;
v00000240afd7c0b0_0 .var "dout", 0 0;
v00000240afd7ca10_0 .var "dout_q_0", 0 0;
v00000240afd7c8d0_0 .var "dout_q_1", 0 0;
v00000240afd7d050_0 .var "outclk_delayed_1", 0 0;
v00000240afd7ce70_0 .var "outclk_delayed_2", 0 0;
v00000240afd7cab0_0 .var "outena_q", 0 0;
E_00000240afd03030 .event anyedge, v00000240afd7ce70_0, v00000240afd7ca10_0, v00000240afd7c8d0_0;
E_00000240afd028f0 .event anyedge, v00000240afd7d050_0;
E_00000240afd033b0 .event anyedge, v00000240afd7da50_0;
E_00000240afd031f0 .event anyedge, v00000240afd7c010_0, v00000240afd7d550_0;
S_00000240afd180c0 .scope generate, "genblk1" "genblk1" 3 2888, 3 2888 0, S_00000240afd131a0;
 .timescale -12 -12;
E_00000240afd03530 .event posedge, v00000240afd7da50_0;
E_00000240afd035f0 .event negedge, v00000240afd7da50_0;
E_00000240afd027f0 .event negedge, v00000240afd7c1f0_0;
E_00000240afd03170 .event posedge, v00000240afd7c1f0_0;
S_00000240afd13650 .scope module, "SB_IO_OD" "SB_IO_OD" 3 2931;
 .timescale -12 -12;
    .port_info 0 /INOUT 1 "PACKAGEPIN";
    .port_info 1 /INPUT 1 "LATCHINPUTVALUE";
    .port_info 2 /INPUT 1 "CLOCKENABLE";
    .port_info 3 /INPUT 1 "INPUTCLK";
    .port_info 4 /INPUT 1 "OUTPUTCLK";
    .port_info 5 /INPUT 1 "OUTPUTENABLE";
    .port_info 6 /INPUT 1 "DOUT1";
    .port_info 7 /INPUT 1 "DOUT0";
    .port_info 8 /OUTPUT 1 "DIN1";
    .port_info 9 /OUTPUT 1 "DIN0";
P_00000240afb37610 .param/l "NEG_TRIGGER" 0 3 2944, C4<0>;
P_00000240afb37648 .param/l "PIN_TYPE" 0 3 2943, C4<000000>;
L_00000240afd0d840 .functor BUFZ 1, v00000240afd7cfb0_0, C4<0>, C4<0>, C4<0>;
L_00000240afd0d8b0 .functor BUFZ 1, v00000240afd7cbf0_0, C4<0>, C4<0>, C4<0>;
o00000240afd37a08 .functor BUFZ 1, c4<z>; HiZ drive
v00000240afd7b890_0 .net "CLOCKENABLE", 0 0, o00000240afd37a08;  0 drivers
v00000240afd7bc50_0 .net "DIN0", 0 0, L_00000240afd0d840;  1 drivers
v00000240afd7bbb0_0 .net "DIN1", 0 0, L_00000240afd0d8b0;  1 drivers
o00000240afd37a98 .functor BUFZ 1, c4<z>; HiZ drive
v00000240afd7b9d0_0 .net "DOUT0", 0 0, o00000240afd37a98;  0 drivers
o00000240afd37ac8 .functor BUFZ 1, c4<z>; HiZ drive
v00000240afd7c510_0 .net "DOUT1", 0 0, o00000240afd37ac8;  0 drivers
o00000240afd37af8 .functor BUFZ 1, c4<z>; HiZ drive
v00000240afd7bcf0_0 .net "INPUTCLK", 0 0, o00000240afd37af8;  0 drivers
o00000240afd37b28 .functor BUFZ 1, c4<z>; HiZ drive
v00000240afd7c970_0 .net "LATCHINPUTVALUE", 0 0, o00000240afd37b28;  0 drivers
o00000240afd37b58 .functor BUFZ 1, c4<z>; HiZ drive
v00000240afd7b390_0 .net "OUTPUTCLK", 0 0, o00000240afd37b58;  0 drivers
o00000240afd37b88 .functor BUFZ 1, c4<z>; HiZ drive
v00000240afd7c290_0 .net "OUTPUTENABLE", 0 0, o00000240afd37b88;  0 drivers
o00000240afd37bb8 .functor BUFZ 1, c4<z>; HiZ drive
v00000240afd7c330_0 .net "PACKAGEPIN", 0 0, o00000240afd37bb8;  0 drivers
v00000240afd7cfb0_0 .var "din_0", 0 0;
v00000240afd7cbf0_0 .var "din_1", 0 0;
v00000240afd7b930_0 .var "din_q_0", 0 0;
v00000240afd7c150_0 .var "din_q_1", 0 0;
v00000240afd7d5f0_0 .var "dout", 0 0;
v00000240afd7d870_0 .var "dout_q_0", 0 0;
v00000240afd7c3d0_0 .var "dout_q_1", 0 0;
v00000240afd7d690_0 .var "outclk_delayed_1", 0 0;
v00000240afd7b430_0 .var "outclk_delayed_2", 0 0;
v00000240afd7c5b0_0 .var "outena_q", 0 0;
E_00000240afd030b0 .event anyedge, v00000240afd7b430_0, v00000240afd7d870_0, v00000240afd7c3d0_0;
E_00000240afd030f0 .event anyedge, v00000240afd7d690_0;
E_00000240afd03230 .event anyedge, v00000240afd7b390_0;
E_00000240afd03270 .event anyedge, v00000240afd7b930_0, v00000240afd7c150_0;
S_00000240afd18250 .scope generate, "genblk1" "genblk1" 3 2952, 3 2952 0, S_00000240afd13650;
 .timescale -12 -12;
E_00000240afd034b0 .event posedge, v00000240afd7b390_0;
E_00000240afd033f0 .event negedge, v00000240afd7b390_0;
E_00000240afd02bf0 .event negedge, v00000240afd7bcf0_0;
E_00000240afd02870 .event posedge, v00000240afd7bcf0_0;
S_00000240afd12b60 .scope module, "SB_LEDDA_IP" "SB_LEDDA_IP" 3 2830;
 .timescale -12 -12;
    .port_info 0 /INPUT 1 "LEDDCS";
    .port_info 1 /INPUT 1 "LEDDCLK";
    .port_info 2 /INPUT 1 "LEDDDAT7";
    .port_info 3 /INPUT 1 "LEDDDAT6";
    .port_info 4 /INPUT 1 "LEDDDAT5";
    .port_info 5 /INPUT 1 "LEDDDAT4";
    .port_info 6 /INPUT 1 "LEDDDAT3";
    .port_info 7 /INPUT 1 "LEDDDAT2";
    .port_info 8 /INPUT 1 "LEDDDAT1";
    .port_info 9 /INPUT 1 "LEDDDAT0";
    .port_info 10 /INPUT 1 "LEDDADDR3";
    .port_info 11 /INPUT 1 "LEDDADDR2";
    .port_info 12 /INPUT 1 "LEDDADDR1";
    .port_info 13 /INPUT 1 "LEDDADDR0";
    .port_info 14 /INPUT 1 "LEDDDEN";
    .port_info 15 /INPUT 1 "LEDDEXE";
    .port_info 16 /INPUT 1 "LEDDRST";
    .port_info 17 /OUTPUT 1 "PWMOUT0";
    .port_info 18 /OUTPUT 1 "PWMOUT1";
    .port_info 19 /OUTPUT 1 "PWMOUT2";
    .port_info 20 /OUTPUT 1 "LEDDON";
o00000240afd37fa8 .functor BUFZ 1, c4<z>; HiZ drive
v00000240afd7b4d0_0 .net "LEDDADDR0", 0 0, o00000240afd37fa8;  0 drivers
o00000240afd37fd8 .functor BUFZ 1, c4<z>; HiZ drive
v00000240afd7cd30_0 .net "LEDDADDR1", 0 0, o00000240afd37fd8;  0 drivers
o00000240afd38008 .functor BUFZ 1, c4<z>; HiZ drive
v00000240afd7b750_0 .net "LEDDADDR2", 0 0, o00000240afd38008;  0 drivers
o00000240afd38038 .functor BUFZ 1, c4<z>; HiZ drive
v00000240afd7d730_0 .net "LEDDADDR3", 0 0, o00000240afd38038;  0 drivers
o00000240afd38068 .functor BUFZ 1, c4<z>; HiZ drive
v00000240afd7b610_0 .net "LEDDCLK", 0 0, o00000240afd38068;  0 drivers
o00000240afd38098 .functor BUFZ 1, c4<z>; HiZ drive
v00000240afd7b6b0_0 .net "LEDDCS", 0 0, o00000240afd38098;  0 drivers
o00000240afd380c8 .functor BUFZ 1, c4<z>; HiZ drive
v00000240afd7b7f0_0 .net "LEDDDAT0", 0 0, o00000240afd380c8;  0 drivers
o00000240afd380f8 .functor BUFZ 1, c4<z>; HiZ drive
v00000240afd7ba70_0 .net "LEDDDAT1", 0 0, o00000240afd380f8;  0 drivers
o00000240afd38128 .functor BUFZ 1, c4<z>; HiZ drive
v00000240afd81770_0 .net "LEDDDAT2", 0 0, o00000240afd38128;  0 drivers
o00000240afd38158 .functor BUFZ 1, c4<z>; HiZ drive
v00000240afd7f8d0_0 .net "LEDDDAT3", 0 0, o00000240afd38158;  0 drivers
o00000240afd38188 .functor BUFZ 1, c4<z>; HiZ drive
v00000240afd80050_0 .net "LEDDDAT4", 0 0, o00000240afd38188;  0 drivers
o00000240afd381b8 .functor BUFZ 1, c4<z>; HiZ drive
v00000240afd7fe70_0 .net "LEDDDAT5", 0 0, o00000240afd381b8;  0 drivers
o00000240afd381e8 .functor BUFZ 1, c4<z>; HiZ drive
v00000240afd80410_0 .net "LEDDDAT6", 0 0, o00000240afd381e8;  0 drivers
o00000240afd38218 .functor BUFZ 1, c4<z>; HiZ drive
v00000240afd81090_0 .net "LEDDDAT7", 0 0, o00000240afd38218;  0 drivers
o00000240afd38248 .functor BUFZ 1, c4<z>; HiZ drive
v00000240afd809b0_0 .net "LEDDDEN", 0 0, o00000240afd38248;  0 drivers
o00000240afd38278 .functor BUFZ 1, c4<z>; HiZ drive
v00000240afd7fb50_0 .net "LEDDEXE", 0 0, o00000240afd38278;  0 drivers
o00000240afd382a8 .functor BUFZ 1, c4<z>; HiZ drive
v00000240afd7ff10_0 .net "LEDDON", 0 0, o00000240afd382a8;  0 drivers
o00000240afd382d8 .functor BUFZ 1, c4<z>; HiZ drive
v00000240afd81a90_0 .net "LEDDRST", 0 0, o00000240afd382d8;  0 drivers
o00000240afd38308 .functor BUFZ 1, c4<z>; HiZ drive
v00000240afd81b30_0 .net "PWMOUT0", 0 0, o00000240afd38308;  0 drivers
o00000240afd38338 .functor BUFZ 1, c4<z>; HiZ drive
v00000240afd7ffb0_0 .net "PWMOUT1", 0 0, o00000240afd38338;  0 drivers
o00000240afd38368 .functor BUFZ 1, c4<z>; HiZ drive
v00000240afd81270_0 .net "PWMOUT2", 0 0, o00000240afd38368;  0 drivers
S_00000240afd126b0 .scope module, "SB_LED_DRV_CUR" "SB_LED_DRV_CUR" 3 2709;
 .timescale -12 -12;
    .port_info 0 /INPUT 1 "EN";
    .port_info 1 /OUTPUT 1 "LEDPU";
o00000240afd38788 .functor BUFZ 1, c4<z>; HiZ drive
v00000240afd811d0_0 .net "EN", 0 0, o00000240afd38788;  0 drivers
o00000240afd387b8 .functor BUFZ 1, c4<z>; HiZ drive
v00000240afd80870_0 .net "LEDPU", 0 0, o00000240afd387b8;  0 drivers
S_00000240afd12840 .scope module, "SB_LFOSC" "SB_LFOSC" 3 2684;
 .timescale -12 -12;
    .port_info 0 /INPUT 1 "CLKLFPU";
    .port_info 1 /INPUT 1 "CLKLFEN";
    .port_info 2 /OUTPUT 1 "CLKLF";
o00000240afd38848 .functor BUFZ 1, c4<z>; HiZ drive
v00000240afd7fdd0_0 .net "CLKLF", 0 0, o00000240afd38848;  0 drivers
o00000240afd38878 .functor BUFZ 1, c4<z>; HiZ drive
v00000240afd80e10_0 .net "CLKLFEN", 0 0, o00000240afd38878;  0 drivers
o00000240afd388a8 .functor BUFZ 1, c4<z>; HiZ drive
v00000240afd81810_0 .net "CLKLFPU", 0 0, o00000240afd388a8;  0 drivers
S_00000240afd142d0 .scope module, "SB_LUT4" "SB_LUT4" 3 177;
 .timescale -12 -12;
    .port_info 0 /OUTPUT 1 "O";
    .port_info 1 /INPUT 1 "I0";
    .port_info 2 /INPUT 1 "I1";
    .port_info 3 /INPUT 1 "I2";
    .port_info 4 /INPUT 1 "I3";
P_00000240afd01a70 .param/l "LUT_INIT" 0 3 184, C4<0000000000000000>;
o00000240afd38968 .functor BUFZ 1, c4<z>; HiZ drive
v00000240afd800f0_0 .net "I0", 0 0, o00000240afd38968;  0 drivers
o00000240afd38998 .functor BUFZ 1, c4<z>; HiZ drive
v00000240afd81310_0 .net "I1", 0 0, o00000240afd38998;  0 drivers
o00000240afd389c8 .functor BUFZ 1, c4<z>; HiZ drive
v00000240afd80a50_0 .net "I2", 0 0, o00000240afd389c8;  0 drivers
o00000240afd389f8 .functor BUFZ 1, c4<z>; HiZ drive
v00000240afd81450_0 .net "I3", 0 0, o00000240afd389f8;  0 drivers
v00000240afd80190_0 .net "O", 0 0, L_00000240afdfe670;  1 drivers
L_00000240afda5030 .functor BUFT 1, C4<00000000>, C4<0>, C4<0>, C4<0>;
v00000240afd81590_0 .net/2u *"_ivl_0", 7 0, L_00000240afda5030;  1 drivers
v00000240afd804b0_0 .net *"_ivl_13", 1 0, L_00000240afdfe170;  1 drivers
v00000240afd7fbf0_0 .net *"_ivl_15", 1 0, L_00000240afdfe530;  1 drivers
v00000240afd81130_0 .net *"_ivl_19", 0 0, L_00000240afdfef30;  1 drivers
L_00000240afda5078 .functor BUFT 1, C4<00000000>, C4<0>, C4<0>, C4<0>;
v00000240afd813b0_0 .net/2u *"_ivl_2", 7 0, L_00000240afda5078;  1 drivers
v00000240afd80690_0 .net *"_ivl_21", 0 0, L_00000240afdfe210;  1 drivers
v00000240afd7f5b0_0 .net *"_ivl_7", 3 0, L_00000240afdfe350;  1 drivers
v00000240afd81d10_0 .net *"_ivl_9", 3 0, L_00000240afdfda90;  1 drivers
v00000240afd7fa10_0 .net "s1", 1 0, L_00000240afdfd770;  1 drivers
v00000240afd81c70_0 .net "s2", 3 0, L_00000240afdfd130;  1 drivers
v00000240afd80730_0 .net "s3", 7 0, L_00000240afdfd8b0;  1 drivers
L_00000240afdfd8b0 .functor MUXZ 8, L_00000240afda5078, L_00000240afda5030, o00000240afd389f8, C4<>;
L_00000240afdfe350 .part L_00000240afdfd8b0, 4, 4;
L_00000240afdfda90 .part L_00000240afdfd8b0, 0, 4;
L_00000240afdfd130 .functor MUXZ 4, L_00000240afdfda90, L_00000240afdfe350, o00000240afd389c8, C4<>;
L_00000240afdfe170 .part L_00000240afdfd130, 2, 2;
L_00000240afdfe530 .part L_00000240afdfd130, 0, 2;
L_00000240afdfd770 .functor MUXZ 2, L_00000240afdfe530, L_00000240afdfe170, o00000240afd38998, C4<>;
L_00000240afdfef30 .part L_00000240afdfd770, 1, 1;
L_00000240afdfe210 .part L_00000240afdfd770, 0, 1;
L_00000240afdfe670 .functor MUXZ 1, L_00000240afdfe210, L_00000240afdfef30, o00000240afd38968, C4<>;
S_00000240afd13c90 .scope module, "SB_MAC16" "SB_MAC16" 3 2996;
 .timescale -12 -12;
    .port_info 0 /INPUT 1 "CLK";
    .port_info 1 /INPUT 1 "CE";
    .port_info 2 /INPUT 16 "C";
    .port_info 3 /INPUT 16 "A";
    .port_info 4 /INPUT 16 "B";
    .port_info 5 /INPUT 16 "D";
    .port_info 6 /INPUT 1 "AHOLD";
    .port_info 7 /INPUT 1 "BHOLD";
    .port_info 8 /INPUT 1 "CHOLD";
    .port_info 9 /INPUT 1 "DHOLD";
    .port_info 10 /INPUT 1 "IRSTTOP";
    .port_info 11 /INPUT 1 "IRSTBOT";
    .port_info 12 /INPUT 1 "ORSTTOP";
    .port_info 13 /INPUT 1 "ORSTBOT";
    .port_info 14 /INPUT 1 "OLOADTOP";
    .port_info 15 /INPUT 1 "OLOADBOT";
    .port_info 16 /INPUT 1 "ADDSUBTOP";
    .port_info 17 /INPUT 1 "ADDSUBBOT";
    .port_info 18 /INPUT 1 "OHOLDTOP";
    .port_info 19 /INPUT 1 "OHOLDBOT";
    .port_info 20 /INPUT 1 "CI";
    .port_info 21 /INPUT 1 "ACCUMCI";
    .port_info 22 /INPUT 1 "SIGNEXTIN";
    .port_info 23 /OUTPUT 32 "O";
    .port_info 24 /OUTPUT 1 "CO";
    .port_info 25 /OUTPUT 1 "ACCUMCO";
    .port_info 26 /OUTPUT 1 "SIGNEXTOUT";
P_00000240afa9b060 .param/l "A_REG" 0 3 3011, C4<0>;
P_00000240afa9b098 .param/l "A_SIGNED" 0 3 3027, C4<0>;
P_00000240afa9b0d0 .param/l "BOTADDSUB_CARRYSELECT" 0 3 3025, C4<00>;
P_00000240afa9b108 .param/l "BOTADDSUB_LOWERINPUT" 0 3 3023, C4<00>;
P_00000240afa9b140 .param/l "BOTADDSUB_UPPERINPUT" 0 3 3024, C4<0>;
P_00000240afa9b178 .param/l "BOTOUTPUT_SELECT" 0 3 3022, C4<00>;
P_00000240afa9b1b0 .param/l "BOT_8x8_MULT_REG" 0 3 3015, C4<0>;
P_00000240afa9b1e8 .param/l "B_REG" 0 3 3012, C4<0>;
P_00000240afa9b220 .param/l "B_SIGNED" 0 3 3028, C4<0>;
P_00000240afa9b258 .param/l "C_REG" 0 3 3010, C4<0>;
P_00000240afa9b290 .param/l "D_REG" 0 3 3013, C4<0>;
P_00000240afa9b2c8 .param/l "MODE_8x8" 0 3 3026, C4<0>;
P_00000240afa9b300 .param/l "NEG_TRIGGER" 0 3 3009, C4<0>;
P_00000240afa9b338 .param/l "PIPELINE_16x16_MULT_REG1" 0 3 3016, C4<0>;
P_00000240afa9b370 .param/l "PIPELINE_16x16_MULT_REG2" 0 3 3017, C4<0>;
P_00000240afa9b3a8 .param/l "TOPADDSUB_CARRYSELECT" 0 3 3021, C4<00>;
P_00000240afa9b3e0 .param/l "TOPADDSUB_LOWERINPUT" 0 3 3019, C4<00>;
P_00000240afa9b418 .param/l "TOPADDSUB_UPPERINPUT" 0 3 3020, C4<0>;
P_00000240afa9b450 .param/l "TOPOUTPUT_SELECT" 0 3 3018, C4<00>;
P_00000240afa9b488 .param/l "TOP_8x8_MULT_REG" 0 3 3014, C4<0>;
o00000240afd39058 .functor BUFZ 1, c4<z>; HiZ drive
L_00000240afda50c0 .functor BUFT 1, C4<0>, C4<0>, C4<0>, C4<0>;
L_00000240afd0e6b0 .functor XOR 1, o00000240afd39058, L_00000240afda50c0, C4<0>, C4<0>;
o00000240afd38f98 .functor BUFZ 16, c4<zzzzzzzzzzzzzzzz>; HiZ drive
L_00000240afd0e250 .functor BUFZ 16, o00000240afd38f98, C4<0000000000000000>, C4<0000000000000000>, C4<0000000000000000>;
o00000240afd38d58 .functor BUFZ 16, c4<zzzzzzzzzzzzzzzz>; HiZ drive
L_00000240afd0ded0 .functor BUFZ 16, o00000240afd38d58, C4<0000000000000000>, C4<0000000000000000>, C4<0000000000000000>;
o00000240afd38ed8 .functor BUFZ 16, c4<zzzzzzzzzzzzzzzz>; HiZ drive
L_00000240afd0ed40 .functor BUFZ 16, o00000240afd38ed8, C4<0000000000000000>, C4<0000000000000000>, C4<0000000000000000>;
o00000240afd390b8 .functor BUFZ 16, c4<zzzzzzzzzzzzzzzz>; HiZ drive
L_00000240afd0e2c0 .functor BUFZ 16, o00000240afd390b8, C4<0000000000000000>, C4<0000000000000000>, C4<0000000000000000>;
L_00000240afd0e170 .functor BUFZ 16, L_00000240afdfd810, C4<0000000000000000>, C4<0000000000000000>, C4<0000000000000000>;
L_00000240afd0e5d0 .functor BUFZ 16, L_00000240afdfea30, C4<0000000000000000>, C4<0000000000000000>, C4<0000000000000000>;
L_00000240afd0ef00 .functor BUFZ 16, L_00000240afdff1b0, C4<0000000000000000>, C4<0000000000000000>, C4<0000000000000000>;
L_00000240afd0ef70 .functor BUFZ 16, L_00000240afdff610, C4<0000000000000000>, C4<0000000000000000>, C4<0000000000000000>;
L_00000240afd0d990 .functor BUFZ 32, L_00000240afdffa70, C4<00000000000000000000000000000000>, C4<00000000000000000000000000000000>, C4<00000000000000000000000000000000>;
L_00000240afd0eaa0 .functor BUFZ 16, v00000240afd87300_0, C4<0000000000000000>, C4<0000000000000000>, C4<0000000000000000>;
L_00000240afd0df40 .functor BUFZ 16, L_00000240afd0ded0, C4<0000000000000000>, C4<0000000000000000>, C4<0000000000000000>;
L_00000240afd0da70 .functor XOR 17, L_00000240afe014b0, L_00000240afe015f0, C4<00000000000000000>, C4<00000000000000000>;
o00000240afd38e18 .functor BUFZ 1, c4<z>; HiZ drive
L_00000240afd0dbc0 .functor XOR 1, L_00000240afe00d30, o00000240afd38e18, C4<0>, C4<0>;
L_00000240afd0e1e0 .functor XOR 16, L_00000240afe01730, L_00000240afe00970, C4<0000000000000000>, C4<0000000000000000>;
L_00000240afd0edb0 .functor BUFZ 16, L_00000240afe01690, C4<0000000000000000>, C4<0000000000000000>, C4<0000000000000000>;
L_00000240afd0e330 .functor BUFZ 16, v00000240afd867c0_0, C4<0000000000000000>, C4<0000000000000000>, C4<0000000000000000>;
L_00000240afd0e3a0 .functor BUFZ 16, L_00000240afd0ed40, C4<0000000000000000>, C4<0000000000000000>, C4<0000000000000000>;
L_00000240afd0e480 .functor XOR 17, L_00000240afe012d0, L_00000240afe00f10, C4<00000000000000000>, C4<00000000000000000>;
L_00000240afd0f130 .functor XOR 16, L_00000240afe01870, L_00000240afe01a50, C4<0000000000000000>, C4<0000000000000000>;
L_00000240afd0f4b0 .functor BUFZ 16, L_00000240afe01eb0, C4<0000000000000000>, C4<0000000000000000>, C4<0000000000000000>;
v00000240afd805f0_0 .net "A", 15 0, o00000240afd38d58;  0 drivers
o00000240afd38d88 .functor BUFZ 1, c4<z>; HiZ drive
v00000240afd80230_0 .net "ACCUMCI", 0 0, o00000240afd38d88;  0 drivers
v00000240afd818b0_0 .net "ACCUMCO", 0 0, L_00000240afe00d30;  1 drivers
o00000240afd38de8 .functor BUFZ 1, c4<z>; HiZ drive
v00000240afd81950_0 .net "ADDSUBBOT", 0 0, o00000240afd38de8;  0 drivers
v00000240afd7fc90_0 .net "ADDSUBTOP", 0 0, o00000240afd38e18;  0 drivers
o00000240afd38e48 .functor BUFZ 1, c4<z>; HiZ drive
v00000240afd802d0_0 .net "AHOLD", 0 0, o00000240afd38e48;  0 drivers
v00000240afd814f0_0 .net "Ah", 15 0, L_00000240afdfdb30;  1 drivers
v00000240afd81630_0 .net "Al", 15 0, L_00000240afdfe990;  1 drivers
v00000240afd816d0_0 .net "B", 15 0, o00000240afd38ed8;  0 drivers
o00000240afd38f08 .functor BUFZ 1, c4<z>; HiZ drive
v00000240afd819f0_0 .net "BHOLD", 0 0, o00000240afd38f08;  0 drivers
v00000240afd81bd0_0 .net "Bh", 15 0, L_00000240afdfead0;  1 drivers
v00000240afd7f650_0 .net "Bl", 15 0, L_00000240afdff2f0;  1 drivers
v00000240afd807d0_0 .net "C", 15 0, o00000240afd38f98;  0 drivers
o00000240afd38fc8 .functor BUFZ 1, c4<z>; HiZ drive
v00000240afd80550_0 .net "CE", 0 0, o00000240afd38fc8;  0 drivers
o00000240afd38ff8 .functor BUFZ 1, c4<z>; HiZ drive
v00000240afd7f970_0 .net "CHOLD", 0 0, o00000240afd38ff8;  0 drivers
o00000240afd39028 .functor BUFZ 1, c4<z>; HiZ drive
v00000240afd7fab0_0 .net "CI", 0 0, o00000240afd39028;  0 drivers
v00000240afd7f6f0_0 .net "CLK", 0 0, o00000240afd39058;  0 drivers
v00000240afd80370_0 .net "CO", 0 0, L_00000240afd0dbc0;  1 drivers
v00000240afd7f790_0 .net "D", 15 0, o00000240afd390b8;  0 drivers
o00000240afd390e8 .functor BUFZ 1, c4<z>; HiZ drive
v00000240afd7f830_0 .net "DHOLD", 0 0, o00000240afd390e8;  0 drivers
L_00000240afda5618 .functor BUFT 1, C4<0>, C4<0>, C4<0>, C4<0>;
v00000240afd80c30_0 .net "HCI", 0 0, L_00000240afda5618;  1 drivers
o00000240afd39148 .functor BUFZ 1, c4<z>; HiZ drive
v00000240afd80910_0 .net "IRSTBOT", 0 0, o00000240afd39148;  0 drivers
o00000240afd39178 .functor BUFZ 1, c4<z>; HiZ drive
v00000240afd7fd30_0 .net "IRSTTOP", 0 0, o00000240afd39178;  0 drivers
L_00000240afda5738 .functor BUFT 1, C4<0>, C4<0>, C4<0>, C4<0>;
v00000240afd80af0_0 .net "LCI", 0 0, L_00000240afda5738;  1 drivers
v00000240afd80cd0_0 .net "LCO", 0 0, L_00000240afe006f0;  1 drivers
v00000240afd80b90_0 .net "O", 31 0, L_00000240afe01f50;  1 drivers
o00000240afd39238 .functor BUFZ 1, c4<z>; HiZ drive
v00000240afd80d70_0 .net "OHOLDBOT", 0 0, o00000240afd39238;  0 drivers
o00000240afd39268 .functor BUFZ 1, c4<z>; HiZ drive
v00000240afd80eb0_0 .net "OHOLDTOP", 0 0, o00000240afd39268;  0 drivers
o00000240afd39298 .functor BUFZ 1, c4<z>; HiZ drive
v00000240afd80f50_0 .net "OLOADBOT", 0 0, o00000240afd39298;  0 drivers
o00000240afd392c8 .functor BUFZ 1, c4<z>; HiZ drive
v00000240afd80ff0_0 .net "OLOADTOP", 0 0, o00000240afd392c8;  0 drivers
o00000240afd392f8 .functor BUFZ 1, c4<z>; HiZ drive
v00000240afd82fd0_0 .net "ORSTBOT", 0 0, o00000240afd392f8;  0 drivers
o00000240afd39328 .functor BUFZ 1, c4<z>; HiZ drive
v00000240afd82990_0 .net "ORSTTOP", 0 0, o00000240afd39328;  0 drivers
v00000240afd83250_0 .net "Oh", 15 0, L_00000240afd0edb0;  1 drivers
v00000240afd82850_0 .net "Ol", 15 0, L_00000240afd0f4b0;  1 drivers
o00000240afd393b8 .functor BUFZ 1, c4<z>; HiZ drive
v00000240afd81e50_0 .net "SIGNEXTIN", 0 0, o00000240afd393b8;  0 drivers
v00000240afd832f0_0 .net "SIGNEXTOUT", 0 0, L_00000240afe017d0;  1 drivers
v00000240afd82350_0 .net "XW", 15 0, L_00000240afe01730;  1 drivers
v00000240afd83110_0 .net "YZ", 15 0, L_00000240afe01870;  1 drivers
v00000240afd82ad0_0 .net/2u *"_ivl_0", 0 0, L_00000240afda50c0;  1 drivers
v00000240afd823f0_0 .net *"_ivl_100", 31 0, L_00000240afdff930;  1 drivers
L_00000240afda54b0 .functor BUFT 1, C4<0000000000000000>, C4<0>, C4<0>, C4<0>;
v00000240afd81f90_0 .net *"_ivl_103", 15 0, L_00000240afda54b0;  1 drivers
v00000240afd82030_0 .net *"_ivl_104", 31 0, L_00000240afe00b50;  1 drivers
v00000240afd822b0_0 .net *"_ivl_106", 15 0, L_00000240afdffc50;  1 drivers
L_00000240afda54f8 .functor BUFT 1, C4<0000000000000000>, C4<0>, C4<0>, C4<0>;
v00000240afd82210_0 .net *"_ivl_108", 15 0, L_00000240afda54f8;  1 drivers
L_00000240afda5108 .functor BUFT 1, C4<00000000>, C4<0>, C4<0>, C4<0>;
v00000240afd82170_0 .net/2u *"_ivl_12", 7 0, L_00000240afda5108;  1 drivers
v00000240afd82e90_0 .net *"_ivl_121", 16 0, L_00000240afe01550;  1 drivers
L_00000240afda5540 .functor BUFT 1, C4<0>, C4<0>, C4<0>, C4<0>;
v00000240afd82710_0 .net *"_ivl_124", 0 0, L_00000240afda5540;  1 drivers
v00000240afd82670_0 .net *"_ivl_125", 16 0, L_00000240afe014b0;  1 drivers
L_00000240afda5588 .functor BUFT 1, C4<0>, C4<0>, C4<0>, C4<0>;
v00000240afd82b70_0 .net *"_ivl_128", 0 0, L_00000240afda5588;  1 drivers
v00000240afd831b0_0 .net *"_ivl_130", 15 0, L_00000240afe00fb0;  1 drivers
v00000240afd82490_0 .net *"_ivl_131", 16 0, L_00000240afe015f0;  1 drivers
L_00000240afda55d0 .functor BUFT 1, C4<0>, C4<0>, C4<0>, C4<0>;
v00000240afd81ef0_0 .net *"_ivl_134", 0 0, L_00000240afda55d0;  1 drivers
v00000240afd82a30_0 .net *"_ivl_135", 16 0, L_00000240afd0da70;  1 drivers
v00000240afd82530_0 .net *"_ivl_137", 16 0, L_00000240afe01370;  1 drivers
L_00000240afda5a50 .functor BUFT 1, C4<00000000000000000>, C4<0>, C4<0>, C4<0>;
v00000240afd82cb0_0 .net *"_ivl_139", 16 0, L_00000240afda5a50;  1 drivers
v00000240afd825d0_0 .net *"_ivl_143", 16 0, L_00000240afdfff70;  1 drivers
v00000240afd82c10_0 .net *"_ivl_148", 15 0, L_00000240afe00970;  1 drivers
v00000240afd820d0_0 .net *"_ivl_149", 15 0, L_00000240afd0e1e0;  1 drivers
v00000240afd82f30_0 .net *"_ivl_15", 7 0, L_00000240afdfe8f0;  1 drivers
v00000240afd82d50_0 .net *"_ivl_168", 16 0, L_00000240afe01910;  1 drivers
L_00000240afda5660 .functor BUFT 1, C4<0>, C4<0>, C4<0>, C4<0>;
v00000240afd83430_0 .net *"_ivl_171", 0 0, L_00000240afda5660;  1 drivers
v00000240afd83390_0 .net *"_ivl_172", 16 0, L_00000240afe012d0;  1 drivers
L_00000240afda56a8 .functor BUFT 1, C4<0>, C4<0>, C4<0>, C4<0>;
v00000240afd81db0_0 .net *"_ivl_175", 0 0, L_00000240afda56a8;  1 drivers
v00000240afd828f0_0 .net *"_ivl_177", 15 0, L_00000240afdffbb0;  1 drivers
v00000240afd827b0_0 .net *"_ivl_178", 16 0, L_00000240afe00f10;  1 drivers
L_00000240afda5150 .functor BUFT 1, C4<00000000>, C4<0>, C4<0>, C4<0>;
v00000240afd82df0_0 .net/2u *"_ivl_18", 7 0, L_00000240afda5150;  1 drivers
L_00000240afda56f0 .functor BUFT 1, C4<0>, C4<0>, C4<0>, C4<0>;
v00000240afd83070_0 .net *"_ivl_181", 0 0, L_00000240afda56f0;  1 drivers
v00000240afd83700_0 .net *"_ivl_182", 16 0, L_00000240afd0e480;  1 drivers
v00000240afd84420_0 .net *"_ivl_184", 16 0, L_00000240afdffd90;  1 drivers
L_00000240afda5a98 .functor BUFT 1, C4<00000000000000000>, C4<0>, C4<0>, C4<0>;
v00000240afd84740_0 .net *"_ivl_186", 16 0, L_00000240afda5a98;  1 drivers
v00000240afd84920_0 .net *"_ivl_190", 16 0, L_00000240afe001f0;  1 drivers
v00000240afd847e0_0 .net *"_ivl_193", 15 0, L_00000240afe01a50;  1 drivers
v00000240afd844c0_0 .net *"_ivl_194", 15 0, L_00000240afd0f130;  1 drivers
v00000240afd849c0_0 .net *"_ivl_21", 7 0, L_00000240afdff390;  1 drivers
L_00000240afda5198 .functor BUFT 1, C4<00000000>, C4<0>, C4<0>, C4<0>;
v00000240afd851e0_0 .net/2u *"_ivl_24", 7 0, L_00000240afda5198;  1 drivers
v00000240afd83fc0_0 .net *"_ivl_27", 7 0, L_00000240afdff070;  1 drivers
L_00000240afda51e0 .functor BUFT 1, C4<00000000>, C4<0>, C4<0>, C4<0>;
v00000240afd837a0_0 .net/2u *"_ivl_30", 7 0, L_00000240afda51e0;  1 drivers
v00000240afd853c0_0 .net *"_ivl_33", 7 0, L_00000240afdfefd0;  1 drivers
L_00000240afda5228 .functor BUFT 1, C4<00000000>, C4<0>, C4<0>, C4<0>;
v00000240afd84a60_0 .net/2u *"_ivl_38", 7 0, L_00000240afda5228;  1 drivers
v00000240afd85460_0 .net *"_ivl_41", 7 0, L_00000240afdff570;  1 drivers
v00000240afd84ce0_0 .net *"_ivl_42", 15 0, L_00000240afdfdbd0;  1 drivers
L_00000240afda5270 .functor BUFT 1, C4<00000000>, C4<0>, C4<0>, C4<0>;
v00000240afd85780_0 .net/2u *"_ivl_46", 7 0, L_00000240afda5270;  1 drivers
v00000240afd85640_0 .net *"_ivl_49", 7 0, L_00000240afdfee90;  1 drivers
v00000240afd85be0_0 .net *"_ivl_50", 15 0, L_00000240afdff430;  1 drivers
L_00000240afda52b8 .functor BUFT 1, C4<00000000>, C4<0>, C4<0>, C4<0>;
v00000240afd83e80_0 .net/2u *"_ivl_64", 7 0, L_00000240afda52b8;  1 drivers
L_00000240afda5300 .functor BUFT 1, C4<00000000>, C4<0>, C4<0>, C4<0>;
v00000240afd84b00_0 .net/2u *"_ivl_68", 7 0, L_00000240afda5300;  1 drivers
v00000240afd84e20_0 .net *"_ivl_72", 31 0, L_00000240afe01190;  1 drivers
L_00000240afda5348 .functor BUFT 1, C4<0000000000000000>, C4<0>, C4<0>, C4<0>;
v00000240afd84ba0_0 .net *"_ivl_75", 15 0, L_00000240afda5348;  1 drivers
v00000240afd84d80_0 .net *"_ivl_76", 31 0, L_00000240afe008d0;  1 drivers
L_00000240afda5390 .functor BUFT 1, C4<00000000>, C4<0>, C4<0>, C4<0>;
v00000240afd83f20_0 .net *"_ivl_79", 7 0, L_00000240afda5390;  1 drivers
v00000240afd85820_0 .net *"_ivl_80", 31 0, L_00000240afe00c90;  1 drivers
v00000240afd84c40_0 .net *"_ivl_82", 23 0, L_00000240afe01b90;  1 drivers
L_00000240afda53d8 .functor BUFT 1, C4<00000000>, C4<0>, C4<0>, C4<0>;
v00000240afd84060_0 .net *"_ivl_84", 7 0, L_00000240afda53d8;  1 drivers
v00000240afd83980_0 .net *"_ivl_86", 31 0, L_00000240afdffcf0;  1 drivers
v00000240afd83ac0_0 .net *"_ivl_88", 31 0, L_00000240afe000b0;  1 drivers
L_00000240afda5420 .functor BUFT 1, C4<00000000>, C4<0>, C4<0>, C4<0>;
v00000240afd84100_0 .net *"_ivl_91", 7 0, L_00000240afda5420;  1 drivers
v00000240afd83d40_0 .net *"_ivl_92", 31 0, L_00000240afe01410;  1 drivers
v00000240afd83c00_0 .net *"_ivl_94", 23 0, L_00000240afe01230;  1 drivers
L_00000240afda5468 .functor BUFT 1, C4<00000000>, C4<0>, C4<0>, C4<0>;
v00000240afd85320_0 .net *"_ivl_96", 7 0, L_00000240afda5468;  1 drivers
v00000240afd84600_0 .net *"_ivl_98", 31 0, L_00000240afdffb10;  1 drivers
v00000240afd85d20_0 .net "clock", 0 0, L_00000240afd0e6b0;  1 drivers
v00000240afd84560_0 .net "iA", 15 0, L_00000240afd0ded0;  1 drivers
v00000240afd846a0_0 .net "iB", 15 0, L_00000240afd0ed40;  1 drivers
v00000240afd838e0_0 .net "iC", 15 0, L_00000240afd0e250;  1 drivers
v00000240afd83b60_0 .net "iD", 15 0, L_00000240afd0e2c0;  1 drivers
v00000240afd83a20_0 .net "iF", 15 0, L_00000240afd0e170;  1 drivers
v00000240afd85a00_0 .net "iG", 15 0, L_00000240afd0ef70;  1 drivers
v00000240afd841a0_0 .net "iH", 31 0, L_00000240afd0d990;  1 drivers
v00000240afd85aa0_0 .net "iJ", 15 0, L_00000240afd0e5d0;  1 drivers
v00000240afd84240_0 .net "iJ_e", 23 0, L_00000240afdfdd10;  1 drivers
v00000240afd85140_0 .net "iK", 15 0, L_00000240afd0ef00;  1 drivers
v00000240afd85500_0 .net "iK_e", 23 0, L_00000240afdfdc70;  1 drivers
v00000240afd83840_0 .net "iL", 31 0, L_00000240afdffa70;  1 drivers
v00000240afd84ec0_0 .net "iP", 15 0, L_00000240afe01690;  1 drivers
v00000240afd84880_0 .net "iQ", 15 0, v00000240afd87300_0;  1 drivers
v00000240afd85280_0 .net "iR", 15 0, L_00000240afe01eb0;  1 drivers
v00000240afd855a0_0 .net "iS", 15 0, v00000240afd867c0_0;  1 drivers
v00000240afd842e0_0 .net "iW", 15 0, L_00000240afd0eaa0;  1 drivers
v00000240afd84380_0 .net "iX", 15 0, L_00000240afd0df40;  1 drivers
v00000240afd84f60_0 .net "iY", 15 0, L_00000240afd0e330;  1 drivers
v00000240afd856e0_0 .net "iZ", 15 0, L_00000240afd0e3a0;  1 drivers
v00000240afd85000_0 .net "p_Ah_Bh", 15 0, L_00000240afdfd810;  1 drivers
v00000240afd850a0_0 .net "p_Ah_Bl", 15 0, L_00000240afdff1b0;  1 drivers
v00000240afd858c0_0 .net "p_Al_Bh", 15 0, L_00000240afdfea30;  1 drivers
v00000240afd85960_0 .net "p_Al_Bl", 15 0, L_00000240afdff610;  1 drivers
v00000240afd85b40_0 .var "rA", 15 0;
v00000240afd85c80_0 .var "rB", 15 0;
v00000240afd83ca0_0 .var "rC", 15 0;
v00000240afd835c0_0 .var "rD", 15 0;
v00000240afd83660_0 .var "rF", 15 0;
v00000240afd83de0_0 .var "rG", 15 0;
v00000240afd874e0_0 .var "rH", 31 0;
v00000240afd86220_0 .var "rJ", 15 0;
v00000240afd86540_0 .var "rK", 15 0;
v00000240afd87300_0 .var "rQ", 15 0;
v00000240afd867c0_0 .var "rS", 15 0;
E_00000240afd02730 .event posedge, v00000240afd82fd0_0, v00000240afd85d20_0;
E_00000240afd03430 .event posedge, v00000240afd82990_0, v00000240afd85d20_0;
E_00000240afd034f0 .event posedge, v00000240afd80910_0, v00000240afd85d20_0;
E_00000240afd03570 .event posedge, v00000240afd7fd30_0, v00000240afd85d20_0;
L_00000240afdfe8f0 .part L_00000240afd0ded0, 8, 8;
L_00000240afdfdb30 .concat [ 8 8 0 0], L_00000240afdfe8f0, L_00000240afda5108;
L_00000240afdff390 .part L_00000240afd0ded0, 0, 8;
L_00000240afdfe990 .concat [ 8 8 0 0], L_00000240afdff390, L_00000240afda5150;
L_00000240afdff070 .part L_00000240afd0ed40, 8, 8;
L_00000240afdfead0 .concat [ 8 8 0 0], L_00000240afdff070, L_00000240afda5198;
L_00000240afdfefd0 .part L_00000240afd0ed40, 0, 8;
L_00000240afdff2f0 .concat [ 8 8 0 0], L_00000240afdfefd0, L_00000240afda51e0;
L_00000240afdfd810 .arith/mult 16, L_00000240afdfdb30, L_00000240afdfead0;
L_00000240afdff570 .part L_00000240afdfe990, 0, 8;
L_00000240afdfdbd0 .concat [ 8 8 0 0], L_00000240afdff570, L_00000240afda5228;
L_00000240afdfea30 .arith/mult 16, L_00000240afdfdbd0, L_00000240afdfead0;
L_00000240afdfee90 .part L_00000240afdff2f0, 0, 8;
L_00000240afdff430 .concat [ 8 8 0 0], L_00000240afdfee90, L_00000240afda5270;
L_00000240afdff1b0 .arith/mult 16, L_00000240afdfdb30, L_00000240afdff430;
L_00000240afdff610 .arith/mult 16, L_00000240afdfe990, L_00000240afdff2f0;
L_00000240afdfdc70 .concat [ 16 8 0 0], L_00000240afd0ef00, L_00000240afda52b8;
L_00000240afdfdd10 .concat [ 16 8 0 0], L_00000240afd0e5d0, L_00000240afda5300;
L_00000240afe01190 .concat [ 16 16 0 0], L_00000240afd0ef70, L_00000240afda5348;
L_00000240afe008d0 .concat [ 24 8 0 0], L_00000240afdfdc70, L_00000240afda5390;
L_00000240afe01b90 .part L_00000240afe008d0, 0, 24;
L_00000240afe00c90 .concat [ 8 24 0 0], L_00000240afda53d8, L_00000240afe01b90;
L_00000240afdffcf0 .arith/sum 32, L_00000240afe01190, L_00000240afe00c90;
L_00000240afe000b0 .concat [ 24 8 0 0], L_00000240afdfdd10, L_00000240afda5420;
L_00000240afe01230 .part L_00000240afe000b0, 0, 24;
L_00000240afe01410 .concat [ 8 24 0 0], L_00000240afda5468, L_00000240afe01230;
L_00000240afdffb10 .arith/sum 32, L_00000240afdffcf0, L_00000240afe01410;
L_00000240afdff930 .concat [ 16 16 0 0], L_00000240afd0e170, L_00000240afda54b0;
L_00000240afdffc50 .part L_00000240afdff930, 0, 16;
L_00000240afe00b50 .concat [ 16 16 0 0], L_00000240afda54f8, L_00000240afdffc50;
L_00000240afdffa70 .arith/sum 32, L_00000240afdffb10, L_00000240afe00b50;
L_00000240afe00d30 .part L_00000240afdfff70, 16, 1;
L_00000240afe01730 .part L_00000240afdfff70, 0, 16;
L_00000240afe01550 .concat [ 16 1 0 0], L_00000240afd0df40, L_00000240afda5540;
L_00000240afe014b0 .concat [ 16 1 0 0], L_00000240afd0eaa0, L_00000240afda5588;
L_00000240afe00fb0 .repeat 16, 16, o00000240afd38e18;
L_00000240afe015f0 .concat [ 16 1 0 0], L_00000240afe00fb0, L_00000240afda55d0;
L_00000240afe01370 .arith/sum 17, L_00000240afe01550, L_00000240afd0da70;
L_00000240afdfff70 .arith/sum 17, L_00000240afe01370, L_00000240afda5a50;
L_00000240afe00970 .repeat 16, 16, o00000240afd38e18;
L_00000240afe01690 .functor MUXZ 16, L_00000240afd0e1e0, L_00000240afd0e250, o00000240afd392c8, C4<>;
L_00000240afe017d0 .part L_00000240afd0df40, 15, 1;
L_00000240afe006f0 .part L_00000240afe001f0, 16, 1;
L_00000240afe01870 .part L_00000240afe001f0, 0, 16;
L_00000240afe01910 .concat [ 16 1 0 0], L_00000240afd0e3a0, L_00000240afda5660;
L_00000240afe012d0 .concat [ 16 1 0 0], L_00000240afd0e330, L_00000240afda56a8;
L_00000240afdffbb0 .repeat 16, 16, o00000240afd38de8;
L_00000240afe00f10 .concat [ 16 1 0 0], L_00000240afdffbb0, L_00000240afda56f0;
L_00000240afdffd90 .arith/sum 17, L_00000240afe01910, L_00000240afd0e480;
L_00000240afe001f0 .arith/sum 17, L_00000240afdffd90, L_00000240afda5a98;
L_00000240afe01a50 .repeat 16, 16, o00000240afd38de8;
L_00000240afe01eb0 .functor MUXZ 16, L_00000240afd0f130, L_00000240afd0e2c0, o00000240afd39298, C4<>;
L_00000240afe01f50 .concat [ 16 16 0 0], L_00000240afd0f4b0, L_00000240afd0edb0;
S_00000240afd13fb0 .scope module, "SB_PLL40_2F_CORE" "SB_PLL40_2F_CORE" 3 2521;
 .timescale -12 -12;
    .port_info 0 /INPUT 1 "REFERENCECLK";
    .port_info 1 /OUTPUT 1 "PLLOUTCOREA";
    .port_info 2 /OUTPUT 1 "PLLOUTGLOBALA";
    .port_info 3 /OUTPUT 1 "PLLOUTCOREB";
    .port_info 4 /OUTPUT 1 "PLLOUTGLOBALB";
    .port_info 5 /INPUT 1 "EXTFEEDBACK";
    .port_info 6 /INPUT 8 "DYNAMICDELAY";
    .port_info 7 /OUTPUT 1 "LOCK";
    .port_info 8 /INPUT 1 "BYPASS";
    .port_info 9 /INPUT 1 "RESETB";
    .port_info 10 /INPUT 1 "LATCHINPUTVALUE";
    .port_info 11 /OUTPUT 1 "SDO";
    .port_info 12 /INPUT 1 "SDI";
    .port_info 13 /INPUT 1 "SCLK";
P_00000240afa9c040 .param/str "DELAY_ADJUSTMENT_MODE_FEEDBACK" 0 3 2538, "FIXED";
P_00000240afa9c078 .param/str "DELAY_ADJUSTMENT_MODE_RELATIVE" 0 3 2539, "FIXED";
P_00000240afa9c0b0 .param/l "DIVF" 0 3 2546, C4<0000000>;
P_00000240afa9c0e8 .param/l "DIVQ" 0 3 2547, C4<000>;
P_00000240afa9c120 .param/l "DIVR" 0 3 2545, C4<0000>;
P_00000240afa9c158 .param/l "ENABLE_ICEGATE_PORTA" 0 3 2549, C4<0>;
P_00000240afa9c190 .param/l "ENABLE_ICEGATE_PORTB" 0 3 2550, C4<0>;
P_00000240afa9c1c8 .param/l "EXTERNAL_DIVIDE_FACTOR" 0 3 2552, +C4<00000000000000000000000000000001>;
P_00000240afa9c200 .param/l "FDA_FEEDBACK" 0 3 2541, C4<0000>;
P_00000240afa9c238 .param/l "FDA_RELATIVE" 0 3 2542, C4<0000>;
P_00000240afa9c270 .param/str "FEEDBACK_PATH" 0 3 2537, "SIMPLE";
P_00000240afa9c2a8 .param/l "FILTER_RANGE" 0 3 2548, C4<000>;
P_00000240afa9c2e0 .param/str "PLLOUT_SELECT_PORTA" 0 3 2543, "GENCLK";
P_00000240afa9c318 .param/str "PLLOUT_SELECT_PORTB" 0 3 2544, "GENCLK";
P_00000240afa9c350 .param/l "SHIFTREG_DIV_MODE" 0 3 2540, C4<0>;
P_00000240afa9c388 .param/l "TEST_MODE" 0 3 2551, C4<0>;
o00000240afd3abe8 .functor BUFZ 1, c4<z>; HiZ drive
v00000240afd86fe0_0 .net "BYPASS", 0 0, o00000240afd3abe8;  0 drivers
o00000240afd3ac18 .functor BUFZ 8, c4<zzzzzzzz>; HiZ drive
v00000240afd85f00_0 .net "DYNAMICDELAY", 7 0, o00000240afd3ac18;  0 drivers
o00000240afd3ac48 .functor BUFZ 1, c4<z>; HiZ drive
v00000240afd86720_0 .net "EXTFEEDBACK", 0 0, o00000240afd3ac48;  0 drivers
o00000240afd3ac78 .functor BUFZ 1, c4<z>; HiZ drive
v00000240afd88020_0 .net "LATCHINPUTVALUE", 0 0, o00000240afd3ac78;  0 drivers
o00000240afd3aca8 .functor BUFZ 1, c4<z>; HiZ drive
v00000240afd87620_0 .net "LOCK", 0 0, o00000240afd3aca8;  0 drivers
o00000240afd3acd8 .functor BUFZ 1, c4<z>; HiZ drive
v00000240afd85fa0_0 .net "PLLOUTCOREA", 0 0, o00000240afd3acd8;  0 drivers
o00000240afd3ad08 .functor BUFZ 1, c4<z>; HiZ drive
v00000240afd87800_0 .net "PLLOUTCOREB", 0 0, o00000240afd3ad08;  0 drivers
o00000240afd3ad38 .functor BUFZ 1, c4<z>; HiZ drive
v00000240afd86180_0 .net "PLLOUTGLOBALA", 0 0, o00000240afd3ad38;  0 drivers
o00000240afd3ad68 .functor BUFZ 1, c4<z>; HiZ drive
v00000240afd86040_0 .net "PLLOUTGLOBALB", 0 0, o00000240afd3ad68;  0 drivers
o00000240afd3ad98 .functor BUFZ 1, c4<z>; HiZ drive
v00000240afd882a0_0 .net "REFERENCECLK", 0 0, o00000240afd3ad98;  0 drivers
o00000240afd3adc8 .functor BUFZ 1, c4<z>; HiZ drive
v00000240afd871c0_0 .net "RESETB", 0 0, o00000240afd3adc8;  0 drivers
o00000240afd3adf8 .functor BUFZ 1, c4<z>; HiZ drive
v00000240afd865e0_0 .net "SCLK", 0 0, o00000240afd3adf8;  0 drivers
o00000240afd3ae28 .functor BUFZ 1, c4<z>; HiZ drive
v00000240afd876c0_0 .net "SDI", 0 0, o00000240afd3ae28;  0 drivers
o00000240afd3ae58 .functor BUFZ 1, c4<z>; HiZ drive
v00000240afd87760_0 .net "SDO", 0 0, o00000240afd3ae58;  0 drivers
S_00000240afd14460 .scope module, "SB_PLL40_2F_PAD" "SB_PLL40_2F_PAD" 3 2556;
 .timescale -12 -12;
    .port_info 0 /INPUT 1 "PACKAGEPIN";
    .port_info 1 /OUTPUT 1 "PLLOUTCOREA";
    .port_info 2 /OUTPUT 1 "PLLOUTGLOBALA";
    .port_info 3 /OUTPUT 1 "PLLOUTCOREB";
    .port_info 4 /OUTPUT 1 "PLLOUTGLOBALB";
    .port_info 5 /INPUT 1 "EXTFEEDBACK";
    .port_info 6 /INPUT 8 "DYNAMICDELAY";
    .port_info 7 /OUTPUT 1 "LOCK";
    .port_info 8 /INPUT 1 "BYPASS";
    .port_info 9 /INPUT 1 "RESETB";
    .port_info 10 /INPUT 1 "LATCHINPUTVALUE";
    .port_info 11 /OUTPUT 1 "SDO";
    .port_info 12 /INPUT 1 "SDI";
    .port_info 13 /INPUT 1 "SCLK";
P_00000240afa917f0 .param/str "DELAY_ADJUSTMENT_MODE_FEEDBACK" 0 3 2573, "FIXED";
P_00000240afa91828 .param/str "DELAY_ADJUSTMENT_MODE_RELATIVE" 0 3 2574, "FIXED";
P_00000240afa91860 .param/l "DIVF" 0 3 2581, C4<0000000>;
P_00000240afa91898 .param/l "DIVQ" 0 3 2582, C4<000>;
P_00000240afa918d0 .param/l "DIVR" 0 3 2580, C4<0000>;
P_00000240afa91908 .param/l "ENABLE_ICEGATE_PORTA" 0 3 2584, C4<0>;
P_00000240afa91940 .param/l "ENABLE_ICEGATE_PORTB" 0 3 2585, C4<0>;
P_00000240afa91978 .param/l "EXTERNAL_DIVIDE_FACTOR" 0 3 2587, +C4<00000000000000000000000000000001>;
P_00000240afa919b0 .param/l "FDA_FEEDBACK" 0 3 2576, C4<0000>;
P_00000240afa919e8 .param/l "FDA_RELATIVE" 0 3 2577, C4<0000>;
P_00000240afa91a20 .param/str "FEEDBACK_PATH" 0 3 2572, "SIMPLE";
P_00000240afa91a58 .param/l "FILTER_RANGE" 0 3 2583, C4<000>;
P_00000240afa91a90 .param/str "PLLOUT_SELECT_PORTA" 0 3 2578, "GENCLK";
P_00000240afa91ac8 .param/str "PLLOUT_SELECT_PORTB" 0 3 2579, "GENCLK";
P_00000240afa91b00 .param/l "SHIFTREG_DIV_MODE" 0 3 2575, C4<00>;
P_00000240afa91b38 .param/l "TEST_MODE" 0 3 2586, C4<0>;
o00000240afd3b128 .functor BUFZ 1, c4<z>; HiZ drive
v00000240afd87260_0 .net "BYPASS", 0 0, o00000240afd3b128;  0 drivers
o00000240afd3b158 .functor BUFZ 8, c4<zzzzzzzz>; HiZ drive
v00000240afd86a40_0 .net "DYNAMICDELAY", 7 0, o00000240afd3b158;  0 drivers
o00000240afd3b188 .functor BUFZ 1, c4<z>; HiZ drive
v00000240afd88340_0 .net "EXTFEEDBACK", 0 0, o00000240afd3b188;  0 drivers
o00000240afd3b1b8 .functor BUFZ 1, c4<z>; HiZ drive
v00000240afd86680_0 .net "LATCHINPUTVALUE", 0 0, o00000240afd3b1b8;  0 drivers
o00000240afd3b1e8 .functor BUFZ 1, c4<z>; HiZ drive
v00000240afd86400_0 .net "LOCK", 0 0, o00000240afd3b1e8;  0 drivers
o00000240afd3b218 .functor BUFZ 1, c4<z>; HiZ drive
v00000240afd883e0_0 .net "PACKAGEPIN", 0 0, o00000240afd3b218;  0 drivers
o00000240afd3b248 .functor BUFZ 1, c4<z>; HiZ drive
v00000240afd869a0_0 .net "PLLOUTCOREA", 0 0, o00000240afd3b248;  0 drivers
o00000240afd3b278 .functor BUFZ 1, c4<z>; HiZ drive
v00000240afd88160_0 .net "PLLOUTCOREB", 0 0, o00000240afd3b278;  0 drivers
o00000240afd3b2a8 .functor BUFZ 1, c4<z>; HiZ drive
v00000240afd860e0_0 .net "PLLOUTGLOBALA", 0 0, o00000240afd3b2a8;  0 drivers
o00000240afd3b2d8 .functor BUFZ 1, c4<z>; HiZ drive
v00000240afd862c0_0 .net "PLLOUTGLOBALB", 0 0, o00000240afd3b2d8;  0 drivers
o00000240afd3b308 .functor BUFZ 1, c4<z>; HiZ drive
v00000240afd86360_0 .net "RESETB", 0 0, o00000240afd3b308;  0 drivers
o00000240afd3b338 .functor BUFZ 1, c4<z>; HiZ drive
v00000240afd87940_0 .net "SCLK", 0 0, o00000240afd3b338;  0 drivers
o00000240afd3b368 .functor BUFZ 1, c4<z>; HiZ drive
v00000240afd85e60_0 .net "SDI", 0 0, o00000240afd3b368;  0 drivers
o00000240afd3b398 .functor BUFZ 1, c4<z>; HiZ drive
v00000240afd86ea0_0 .net "SDO", 0 0, o00000240afd3b398;  0 drivers
S_00000240afd13330 .scope module, "SB_PLL40_2_PAD" "SB_PLL40_2_PAD" 3 2487;
 .timescale -12 -12;
    .port_info 0 /INPUT 1 "PACKAGEPIN";
    .port_info 1 /OUTPUT 1 "PLLOUTCOREA";
    .port_info 2 /OUTPUT 1 "PLLOUTGLOBALA";
    .port_info 3 /OUTPUT 1 "PLLOUTCOREB";
    .port_info 4 /OUTPUT 1 "PLLOUTGLOBALB";
    .port_info 5 /INPUT 1 "EXTFEEDBACK";
    .port_info 6 /INPUT 8 "DYNAMICDELAY";
    .port_info 7 /OUTPUT 1 "LOCK";
    .port_info 8 /INPUT 1 "BYPASS";
    .port_info 9 /INPUT 1 "RESETB";
    .port_info 10 /INPUT 1 "LATCHINPUTVALUE";
    .port_info 11 /OUTPUT 1 "SDO";
    .port_info 12 /INPUT 1 "SDI";
    .port_info 13 /INPUT 1 "SCLK";
P_00000240afa8fb00 .param/str "DELAY_ADJUSTMENT_MODE_FEEDBACK" 0 3 2504, "FIXED";
P_00000240afa8fb38 .param/str "DELAY_ADJUSTMENT_MODE_RELATIVE" 0 3 2505, "FIXED";
P_00000240afa8fb70 .param/l "DIVF" 0 3 2511, C4<0000000>;
P_00000240afa8fba8 .param/l "DIVQ" 0 3 2512, C4<000>;
P_00000240afa8fbe0 .param/l "DIVR" 0 3 2510, C4<0000>;
P_00000240afa8fc18 .param/l "ENABLE_ICEGATE_PORTA" 0 3 2514, C4<0>;
P_00000240afa8fc50 .param/l "ENABLE_ICEGATE_PORTB" 0 3 2515, C4<0>;
P_00000240afa8fc88 .param/l "EXTERNAL_DIVIDE_FACTOR" 0 3 2517, +C4<00000000000000000000000000000001>;
P_00000240afa8fcc0 .param/l "FDA_FEEDBACK" 0 3 2507, C4<0000>;
P_00000240afa8fcf8 .param/l "FDA_RELATIVE" 0 3 2508, C4<0000>;
P_00000240afa8fd30 .param/str "FEEDBACK_PATH" 0 3 2503, "SIMPLE";
P_00000240afa8fd68 .param/l "FILTER_RANGE" 0 3 2513, C4<000>;
P_00000240afa8fda0 .param/str "PLLOUT_SELECT_PORTB" 0 3 2509, "GENCLK";
P_00000240afa8fdd8 .param/l "SHIFTREG_DIV_MODE" 0 3 2506, C4<0>;
P_00000240afa8fe10 .param/l "TEST_MODE" 0 3 2516, C4<0>;
o00000240afd3b668 .functor BUFZ 1, c4<z>; HiZ drive
v00000240afd878a0_0 .net "BYPASS", 0 0, o00000240afd3b668;  0 drivers
o00000240afd3b698 .functor BUFZ 8, c4<zzzzzzzz>; HiZ drive
v00000240afd880c0_0 .net "DYNAMICDELAY", 7 0, o00000240afd3b698;  0 drivers
o00000240afd3b6c8 .functor BUFZ 1, c4<z>; HiZ drive
v00000240afd87580_0 .net "EXTFEEDBACK", 0 0, o00000240afd3b6c8;  0 drivers
o00000240afd3b6f8 .functor BUFZ 1, c4<z>; HiZ drive
v00000240afd86860_0 .net "LATCHINPUTVALUE", 0 0, o00000240afd3b6f8;  0 drivers
o00000240afd3b728 .functor BUFZ 1, c4<z>; HiZ drive
v00000240afd88480_0 .net "LOCK", 0 0, o00000240afd3b728;  0 drivers
o00000240afd3b758 .functor BUFZ 1, c4<z>; HiZ drive
v00000240afd873a0_0 .net "PACKAGEPIN", 0 0, o00000240afd3b758;  0 drivers
o00000240afd3b788 .functor BUFZ 1, c4<z>; HiZ drive
v00000240afd86f40_0 .net "PLLOUTCOREA", 0 0, o00000240afd3b788;  0 drivers
o00000240afd3b7b8 .functor BUFZ 1, c4<z>; HiZ drive
v00000240afd87c60_0 .net "PLLOUTCOREB", 0 0, o00000240afd3b7b8;  0 drivers
o00000240afd3b7e8 .functor BUFZ 1, c4<z>; HiZ drive
v00000240afd86900_0 .net "PLLOUTGLOBALA", 0 0, o00000240afd3b7e8;  0 drivers
o00000240afd3b818 .functor BUFZ 1, c4<z>; HiZ drive
v00000240afd87da0_0 .net "PLLOUTGLOBALB", 0 0, o00000240afd3b818;  0 drivers
o00000240afd3b848 .functor BUFZ 1, c4<z>; HiZ drive
v00000240afd86ae0_0 .net "RESETB", 0 0, o00000240afd3b848;  0 drivers
o00000240afd3b878 .functor BUFZ 1, c4<z>; HiZ drive
v00000240afd87080_0 .net "SCLK", 0 0, o00000240afd3b878;  0 drivers
o00000240afd3b8a8 .functor BUFZ 1, c4<z>; HiZ drive
v00000240afd864a0_0 .net "SDI", 0 0, o00000240afd3b8a8;  0 drivers
o00000240afd3b8d8 .functor BUFZ 1, c4<z>; HiZ drive
v00000240afd87d00_0 .net "SDO", 0 0, o00000240afd3b8d8;  0 drivers
S_00000240afd129d0 .scope module, "SB_PLL40_CORE" "SB_PLL40_CORE" 3 2425;
 .timescale -12 -12;
    .port_info 0 /INPUT 1 "REFERENCECLK";
    .port_info 1 /OUTPUT 1 "PLLOUTCORE";
    .port_info 2 /OUTPUT 1 "PLLOUTGLOBAL";
    .port_info 3 /INPUT 1 "EXTFEEDBACK";
    .port_info 4 /INPUT 8 "DYNAMICDELAY";
    .port_info 5 /OUTPUT 1 "LOCK";
    .port_info 6 /INPUT 1 "BYPASS";
    .port_info 7 /INPUT 1 "RESETB";
    .port_info 8 /INPUT 1 "LATCHINPUTVALUE";
    .port_info 9 /OUTPUT 1 "SDO";
    .port_info 10 /INPUT 1 "SDI";
    .port_info 11 /INPUT 1 "SCLK";
P_00000240afa8f580 .param/str "DELAY_ADJUSTMENT_MODE_FEEDBACK" 0 3 2440, "FIXED";
P_00000240afa8f5b8 .param/str "DELAY_ADJUSTMENT_MODE_RELATIVE" 0 3 2441, "FIXED";
P_00000240afa8f5f0 .param/l "DIVF" 0 3 2447, C4<0000000>;
P_00000240afa8f628 .param/l "DIVQ" 0 3 2448, C4<000>;
P_00000240afa8f660 .param/l "DIVR" 0 3 2446, C4<0000>;
P_00000240afa8f698 .param/l "ENABLE_ICEGATE" 0 3 2450, C4<0>;
P_00000240afa8f6d0 .param/l "EXTERNAL_DIVIDE_FACTOR" 0 3 2452, +C4<00000000000000000000000000000001>;
P_00000240afa8f708 .param/l "FDA_FEEDBACK" 0 3 2443, C4<0000>;
P_00000240afa8f740 .param/l "FDA_RELATIVE" 0 3 2444, C4<0000>;
P_00000240afa8f778 .param/str "FEEDBACK_PATH" 0 3 2439, "SIMPLE";
P_00000240afa8f7b0 .param/l "FILTER_RANGE" 0 3 2449, C4<000>;
P_00000240afa8f7e8 .param/str "PLLOUT_SELECT" 0 3 2445, "GENCLK";
P_00000240afa8f820 .param/l "SHIFTREG_DIV_MODE" 0 3 2442, C4<0>;
P_00000240afa8f858 .param/l "TEST_MODE" 0 3 2451, C4<0>;
o00000240afd3bba8 .functor BUFZ 1, c4<z>; HiZ drive
v00000240afd87e40_0 .net "BYPASS", 0 0, o00000240afd3bba8;  0 drivers
o00000240afd3bbd8 .functor BUFZ 8, c4<zzzzzzzz>; HiZ drive
v00000240afd86e00_0 .net "DYNAMICDELAY", 7 0, o00000240afd3bbd8;  0 drivers
o00000240afd3bc08 .functor BUFZ 1, c4<z>; HiZ drive
v00000240afd879e0_0 .net "EXTFEEDBACK", 0 0, o00000240afd3bc08;  0 drivers
o00000240afd3bc38 .functor BUFZ 1, c4<z>; HiZ drive
v00000240afd86b80_0 .net "LATCHINPUTVALUE", 0 0, o00000240afd3bc38;  0 drivers
o00000240afd3bc68 .functor BUFZ 1, c4<z>; HiZ drive
v00000240afd86c20_0 .net "LOCK", 0 0, o00000240afd3bc68;  0 drivers
o00000240afd3bc98 .functor BUFZ 1, c4<z>; HiZ drive
v00000240afd86cc0_0 .net "PLLOUTCORE", 0 0, o00000240afd3bc98;  0 drivers
o00000240afd3bcc8 .functor BUFZ 1, c4<z>; HiZ drive
v00000240afd87440_0 .net "PLLOUTGLOBAL", 0 0, o00000240afd3bcc8;  0 drivers
o00000240afd3bcf8 .functor BUFZ 1, c4<z>; HiZ drive
v00000240afd87bc0_0 .net "REFERENCECLK", 0 0, o00000240afd3bcf8;  0 drivers
o00000240afd3bd28 .functor BUFZ 1, c4<z>; HiZ drive
v00000240afd87ee0_0 .net "RESETB", 0 0, o00000240afd3bd28;  0 drivers
o00000240afd3bd58 .functor BUFZ 1, c4<z>; HiZ drive
v00000240afd86d60_0 .net "SCLK", 0 0, o00000240afd3bd58;  0 drivers
o00000240afd3bd88 .functor BUFZ 1, c4<z>; HiZ drive
v00000240afd87120_0 .net "SDI", 0 0, o00000240afd3bd88;  0 drivers
o00000240afd3bdb8 .functor BUFZ 1, c4<z>; HiZ drive
v00000240afd88200_0 .net "SDO", 0 0, o00000240afd3bdb8;  0 drivers
S_00000240afd12cf0 .scope module, "SB_PLL40_PAD" "SB_PLL40_PAD" 3 2456;
 .timescale -12 -12;
    .port_info 0 /INPUT 1 "PACKAGEPIN";
    .port_info 1 /OUTPUT 1 "PLLOUTCORE";
    .port_info 2 /OUTPUT 1 "PLLOUTGLOBAL";
    .port_info 3 /INPUT 1 "EXTFEEDBACK";
    .port_info 4 /INPUT 8 "DYNAMICDELAY";
    .port_info 5 /OUTPUT 1 "LOCK";
    .port_info 6 /INPUT 1 "BYPASS";
    .port_info 7 /INPUT 1 "RESETB";
    .port_info 8 /INPUT 1 "LATCHINPUTVALUE";
    .port_info 9 /OUTPUT 1 "SDO";
    .port_info 10 /INPUT 1 "SDI";
    .port_info 11 /INPUT 1 "SCLK";
P_00000240afa46780 .param/str "DELAY_ADJUSTMENT_MODE_FEEDBACK" 0 3 2471, "FIXED";
P_00000240afa467b8 .param/str "DELAY_ADJUSTMENT_MODE_RELATIVE" 0 3 2472, "FIXED";
P_00000240afa467f0 .param/l "DIVF" 0 3 2478, C4<0000000>;
P_00000240afa46828 .param/l "DIVQ" 0 3 2479, C4<000>;
P_00000240afa46860 .param/l "DIVR" 0 3 2477, C4<0000>;
P_00000240afa46898 .param/l "ENABLE_ICEGATE" 0 3 2481, C4<0>;
P_00000240afa468d0 .param/l "EXTERNAL_DIVIDE_FACTOR" 0 3 2483, +C4<00000000000000000000000000000001>;
P_00000240afa46908 .param/l "FDA_FEEDBACK" 0 3 2474, C4<0000>;
P_00000240afa46940 .param/l "FDA_RELATIVE" 0 3 2475, C4<0000>;
P_00000240afa46978 .param/str "FEEDBACK_PATH" 0 3 2470, "SIMPLE";
P_00000240afa469b0 .param/l "FILTER_RANGE" 0 3 2480, C4<000>;
P_00000240afa469e8 .param/str "PLLOUT_SELECT" 0 3 2476, "GENCLK";
P_00000240afa46a20 .param/l "SHIFTREG_DIV_MODE" 0 3 2473, C4<0>;
P_00000240afa46a58 .param/l "TEST_MODE" 0 3 2482, C4<0>;
o00000240afd3c028 .functor BUFZ 1, c4<z>; HiZ drive
v00000240afd87b20_0 .net "BYPASS", 0 0, o00000240afd3c028;  0 drivers
o00000240afd3c058 .functor BUFZ 8, c4<zzzzzzzz>; HiZ drive
v00000240afd87a80_0 .net "DYNAMICDELAY", 7 0, o00000240afd3c058;  0 drivers
o00000240afd3c088 .functor BUFZ 1, c4<z>; HiZ drive
v00000240afd85dc0_0 .net "EXTFEEDBACK", 0 0, o00000240afd3c088;  0 drivers
o00000240afd3c0b8 .functor BUFZ 1, c4<z>; HiZ drive
v00000240afd87f80_0 .net "LATCHINPUTVALUE", 0 0, o00000240afd3c0b8;  0 drivers
o00000240afd3c0e8 .functor BUFZ 1, c4<z>; HiZ drive
v00000240afd88520_0 .net "LOCK", 0 0, o00000240afd3c0e8;  0 drivers
o00000240afd3c118 .functor BUFZ 1, c4<z>; HiZ drive
v00000240afd89920_0 .net "PACKAGEPIN", 0 0, o00000240afd3c118;  0 drivers
o00000240afd3c148 .functor BUFZ 1, c4<z>; HiZ drive
v00000240afd887a0_0 .net "PLLOUTCORE", 0 0, o00000240afd3c148;  0 drivers
o00000240afd3c178 .functor BUFZ 1, c4<z>; HiZ drive
v00000240afd88700_0 .net "PLLOUTGLOBAL", 0 0, o00000240afd3c178;  0 drivers
o00000240afd3c1a8 .functor BUFZ 1, c4<z>; HiZ drive
v00000240afd89420_0 .net "RESETB", 0 0, o00000240afd3c1a8;  0 drivers
o00000240afd3c1d8 .functor BUFZ 1, c4<z>; HiZ drive
v00000240afd894c0_0 .net "SCLK", 0 0, o00000240afd3c1d8;  0 drivers
o00000240afd3c208 .functor BUFZ 1, c4<z>; HiZ drive
v00000240afd89c40_0 .net "SDI", 0 0, o00000240afd3c208;  0 drivers
o00000240afd3c238 .functor BUFZ 1, c4<z>; HiZ drive
v00000240afd88f20_0 .net "SDO", 0 0, o00000240afd3c238;  0 drivers
S_00000240afd134c0 .scope module, "SB_RAM40_4KNR" "SB_RAM40_4KNR" 3 1726;
 .timescale -12 -12;
    .port_info 0 /OUTPUT 16 "RDATA";
    .port_info 1 /INPUT 1 "RCLKN";
    .port_info 2 /INPUT 1 "RCLKE";
    .port_info 3 /INPUT 1 "RE";
    .port_info 4 /INPUT 11 "RADDR";
    .port_info 5 /INPUT 1 "WCLK";
    .port_info 6 /INPUT 1 "WCLKE";
    .port_info 7 /INPUT 1 "WE";
    .port_info 8 /INPUT 11 "WADDR";
    .port_info 9 /INPUT 16 "MASK";
    .port_info 10 /INPUT 16 "WDATA";
P_00000240afd14670 .param/l "INIT_0" 0 3 1742, C4<0000000000000000000000000000000000000000000000000000000000000000000000000000000000000000000000000000000000000000000000000000000000000000000000000000000000000000000000000000000000000000000000000000000000000000000000000000000000000000000000000000000000000000>;
P_00000240afd146a8 .param/l "INIT_1" 0 3 1743, C4<0000000000000000000000000000000000000000000000000000000000000000000000000000000000000000000000000000000000000000000000000000000000000000000000000000000000000000000000000000000000000000000000000000000000000000000000000000000000000000000000000000000000000000>;
P_00000240afd146e0 .param/l "INIT_2" 0 3 1744, C4<0000000000000000000000000000000000000000000000000000000000000000000000000000000000000000000000000000000000000000000000000000000000000000000000000000000000000000000000000000000000000000000000000000000000000000000000000000000000000000000000000000000000000000>;
P_00000240afd14718 .param/l "INIT_3" 0 3 1745, C4<0000000000000000000000000000000000000000000000000000000000000000000000000000000000000000000000000000000000000000000000000000000000000000000000000000000000000000000000000000000000000000000000000000000000000000000000000000000000000000000000000000000000000000>;
P_00000240afd14750 .param/l "INIT_4" 0 3 1746, C4<0000000000000000000000000000000000000000000000000000000000000000000000000000000000000000000000000000000000000000000000000000000000000000000000000000000000000000000000000000000000000000000000000000000000000000000000000000000000000000000000000000000000000000>;
P_00000240afd14788 .param/l "INIT_5" 0 3 1747, C4<0000000000000000000000000000000000000000000000000000000000000000000000000000000000000000000000000000000000000000000000000000000000000000000000000000000000000000000000000000000000000000000000000000000000000000000000000000000000000000000000000000000000000000>;
P_00000240afd147c0 .param/l "INIT_6" 0 3 1748, C4<0000000000000000000000000000000000000000000000000000000000000000000000000000000000000000000000000000000000000000000000000000000000000000000000000000000000000000000000000000000000000000000000000000000000000000000000000000000000000000000000000000000000000000>;
P_00000240afd147f8 .param/l "INIT_7" 0 3 1749, C4<0000000000000000000000000000000000000000000000000000000000000000000000000000000000000000000000000000000000000000000000000000000000000000000000000000000000000000000000000000000000000000000000000000000000000000000000000000000000000000000000000000000000000000>;
P_00000240afd14830 .param/l "INIT_8" 0 3 1750, C4<0000000000000000000000000000000000000000000000000000000000000000000000000000000000000000000000000000000000000000000000000000000000000000000000000000000000000000000000000000000000000000000000000000000000000000000000000000000000000000000000000000000000000000>;
P_00000240afd14868 .param/l "INIT_9" 0 3 1751, C4<0000000000000000000000000000000000000000000000000000000000000000000000000000000000000000000000000000000000000000000000000000000000000000000000000000000000000000000000000000000000000000000000000000000000000000000000000000000000000000000000000000000000000000>;
P_00000240afd148a0 .param/l "INIT_A" 0 3 1752, C4<0000000000000000000000000000000000000000000000000000000000000000000000000000000000000000000000000000000000000000000000000000000000000000000000000000000000000000000000000000000000000000000000000000000000000000000000000000000000000000000000000000000000000000>;
P_00000240afd148d8 .param/l "INIT_B" 0 3 1753, C4<0000000000000000000000000000000000000000000000000000000000000000000000000000000000000000000000000000000000000000000000000000000000000000000000000000000000000000000000000000000000000000000000000000000000000000000000000000000000000000000000000000000000000000>;
P_00000240afd14910 .param/l "INIT_C" 0 3 1754, C4<0000000000000000000000000000000000000000000000000000000000000000000000000000000000000000000000000000000000000000000000000000000000000000000000000000000000000000000000000000000000000000000000000000000000000000000000000000000000000000000000000000000000000000>;
P_00000240afd14948 .param/l "INIT_D" 0 3 1755, C4<0000000000000000000000000000000000000000000000000000000000000000000000000000000000000000000000000000000000000000000000000000000000000000000000000000000000000000000000000000000000000000000000000000000000000000000000000000000000000000000000000000000000000000>;
P_00000240afd14980 .param/l "INIT_E" 0 3 1756, C4<0000000000000000000000000000000000000000000000000000000000000000000000000000000000000000000000000000000000000000000000000000000000000000000000000000000000000000000000000000000000000000000000000000000000000000000000000000000000000000000000000000000000000000>;
P_00000240afd149b8 .param/l "INIT_F" 0 3 1757, C4<0000000000000000000000000000000000000000000000000000000000000000000000000000000000000000000000000000000000000000000000000000000000000000000000000000000000000000000000000000000000000000000000000000000000000000000000000000000000000000000000000000000000000000>;
P_00000240afd149f0 .param/str "INIT_FILE" 0 3 1759, "\000";
P_00000240afd14a28 .param/l "READ_MODE" 0 3 1740, +C4<00000000000000000000000000000000>;
P_00000240afd14a60 .param/l "WRITE_MODE" 0 3 1739, +C4<00000000000000000000000000000000>;
o00000240afd3c9b8 .functor BUFZ 1, c4<z>; HiZ drive
L_00000240afd0f2f0 .functor NOT 1, o00000240afd3c9b8, C4<0>, C4<0>, C4<0>;
o00000240afd3c4a8 .functor BUFZ 16, c4<zzzzzzzzzzzzzzzz>; HiZ drive
v00000240afd88fc0_0 .net "MASK", 15 0, o00000240afd3c4a8;  0 drivers
o00000240afd3c4d8 .functor BUFZ 11, c4<zzzzzzzzzzz>; HiZ drive
v00000240afd89a60_0 .net "RADDR", 10 0, o00000240afd3c4d8;  0 drivers
o00000240afd3c538 .functor BUFZ 1, c4<z>; HiZ drive
v00000240afd8ac80_0 .net "RCLKE", 0 0, o00000240afd3c538;  0 drivers
v00000240afd88e80_0 .net "RCLKN", 0 0, o00000240afd3c9b8;  0 drivers
v00000240afd8ad20_0 .net "RDATA", 15 0, L_00000240afd0f360;  1 drivers
o00000240afd3c5c8 .functor BUFZ 1, c4<z>; HiZ drive
v00000240afd89e20_0 .net "RE", 0 0, o00000240afd3c5c8;  0 drivers
o00000240afd3c628 .functor BUFZ 11, c4<zzzzzzzzzzz>; HiZ drive
v00000240afd897e0_0 .net "WADDR", 10 0, o00000240afd3c628;  0 drivers
o00000240afd3c658 .functor BUFZ 1, c4<z>; HiZ drive
v00000240afd888e0_0 .net "WCLK", 0 0, o00000240afd3c658;  0 drivers
o00000240afd3c688 .functor BUFZ 1, c4<z>; HiZ drive
v00000240afd8a960_0 .net "WCLKE", 0 0, o00000240afd3c688;  0 drivers
o00000240afd3c6b8 .functor BUFZ 16, c4<zzzzzzzzzzzzzzzz>; HiZ drive
v00000240afd8aa00_0 .net "WDATA", 15 0, o00000240afd3c6b8;  0 drivers
o00000240afd3c718 .functor BUFZ 1, c4<z>; HiZ drive
v00000240afd8a780_0 .net "WE", 0 0, o00000240afd3c718;  0 drivers
S_00000240afd183e0 .scope module, "RAM" "SB_RAM40_4K" 3 1781, 3 1487 0, S_00000240afd134c0;
 .timescale -12 -12;
    .port_info 0 /OUTPUT 16 "RDATA";
    .port_info 1 /INPUT 1 "RCLK";
    .port_info 2 /INPUT 1 "RCLKE";
    .port_info 3 /INPUT 1 "RE";
    .port_info 4 /INPUT 11 "RADDR";
    .port_info 5 /INPUT 1 "WCLK";
    .port_info 6 /INPUT 1 "WCLKE";
    .port_info 7 /INPUT 1 "WE";
    .port_info 8 /INPUT 11 "WADDR";
    .port_info 9 /INPUT 16 "MASK";
    .port_info 10 /INPUT 16 "WDATA";
P_00000240afd95da0 .param/l "INIT_0" 0 3 1507, C4<0000000000000000000000000000000000000000000000000000000000000000000000000000000000000000000000000000000000000000000000000000000000000000000000000000000000000000000000000000000000000000000000000000000000000000000000000000000000000000000000000000000000000000>;
P_00000240afd95dd8 .param/l "INIT_1" 0 3 1508, C4<0000000000000000000000000000000000000000000000000000000000000000000000000000000000000000000000000000000000000000000000000000000000000000000000000000000000000000000000000000000000000000000000000000000000000000000000000000000000000000000000000000000000000000>;
P_00000240afd95e10 .param/l "INIT_2" 0 3 1509, C4<0000000000000000000000000000000000000000000000000000000000000000000000000000000000000000000000000000000000000000000000000000000000000000000000000000000000000000000000000000000000000000000000000000000000000000000000000000000000000000000000000000000000000000>;
P_00000240afd95e48 .param/l "INIT_3" 0 3 1510, C4<0000000000000000000000000000000000000000000000000000000000000000000000000000000000000000000000000000000000000000000000000000000000000000000000000000000000000000000000000000000000000000000000000000000000000000000000000000000000000000000000000000000000000000>;
P_00000240afd95e80 .param/l "INIT_4" 0 3 1511, C4<0000000000000000000000000000000000000000000000000000000000000000000000000000000000000000000000000000000000000000000000000000000000000000000000000000000000000000000000000000000000000000000000000000000000000000000000000000000000000000000000000000000000000000>;
P_00000240afd95eb8 .param/l "INIT_5" 0 3 1512, C4<0000000000000000000000000000000000000000000000000000000000000000000000000000000000000000000000000000000000000000000000000000000000000000000000000000000000000000000000000000000000000000000000000000000000000000000000000000000000000000000000000000000000000000>;
P_00000240afd95ef0 .param/l "INIT_6" 0 3 1513, C4<0000000000000000000000000000000000000000000000000000000000000000000000000000000000000000000000000000000000000000000000000000000000000000000000000000000000000000000000000000000000000000000000000000000000000000000000000000000000000000000000000000000000000000>;
P_00000240afd95f28 .param/l "INIT_7" 0 3 1514, C4<0000000000000000000000000000000000000000000000000000000000000000000000000000000000000000000000000000000000000000000000000000000000000000000000000000000000000000000000000000000000000000000000000000000000000000000000000000000000000000000000000000000000000000>;
P_00000240afd95f60 .param/l "INIT_8" 0 3 1515, C4<0000000000000000000000000000000000000000000000000000000000000000000000000000000000000000000000000000000000000000000000000000000000000000000000000000000000000000000000000000000000000000000000000000000000000000000000000000000000000000000000000000000000000000>;
P_00000240afd95f98 .param/l "INIT_9" 0 3 1516, C4<0000000000000000000000000000000000000000000000000000000000000000000000000000000000000000000000000000000000000000000000000000000000000000000000000000000000000000000000000000000000000000000000000000000000000000000000000000000000000000000000000000000000000000>;
P_00000240afd95fd0 .param/l "INIT_A" 0 3 1517, C4<0000000000000000000000000000000000000000000000000000000000000000000000000000000000000000000000000000000000000000000000000000000000000000000000000000000000000000000000000000000000000000000000000000000000000000000000000000000000000000000000000000000000000000>;
P_00000240afd96008 .param/l "INIT_B" 0 3 1518, C4<0000000000000000000000000000000000000000000000000000000000000000000000000000000000000000000000000000000000000000000000000000000000000000000000000000000000000000000000000000000000000000000000000000000000000000000000000000000000000000000000000000000000000000>;
P_00000240afd96040 .param/l "INIT_C" 0 3 1519, C4<0000000000000000000000000000000000000000000000000000000000000000000000000000000000000000000000000000000000000000000000000000000000000000000000000000000000000000000000000000000000000000000000000000000000000000000000000000000000000000000000000000000000000000>;
P_00000240afd96078 .param/l "INIT_D" 0 3 1520, C4<0000000000000000000000000000000000000000000000000000000000000000000000000000000000000000000000000000000000000000000000000000000000000000000000000000000000000000000000000000000000000000000000000000000000000000000000000000000000000000000000000000000000000000>;
P_00000240afd960b0 .param/l "INIT_E" 0 3 1521, C4<0000000000000000000000000000000000000000000000000000000000000000000000000000000000000000000000000000000000000000000000000000000000000000000000000000000000000000000000000000000000000000000000000000000000000000000000000000000000000000000000000000000000000000>;
P_00000240afd960e8 .param/l "INIT_F" 0 3 1522, C4<0000000000000000000000000000000000000000000000000000000000000000000000000000000000000000000000000000000000000000000000000000000000000000000000000000000000000000000000000000000000000000000000000000000000000000000000000000000000000000000000000000000000000000>;
P_00000240afd96120 .param/str "INIT_FILE" 0 3 1524, "\000";
P_00000240afd96158 .param/l "READ_MODE" 0 3 1505, +C4<00000000000000000000000000000000>;
P_00000240afd96190 .param/l "WRITE_MODE" 0 3 1504, +C4<00000000000000000000000000000000>;
v00000240afd89f60_0 .net "MASK", 15 0, o00000240afd3c4a8;  alias, 0 drivers
v00000240afd8ab40_0 .net "RADDR", 10 0, o00000240afd3c4d8;  alias, 0 drivers
v00000240afd88ac0_0 .net "RCLK", 0 0, L_00000240afd0f2f0;  1 drivers
v00000240afd88b60_0 .net "RCLKE", 0 0, o00000240afd3c538;  alias, 0 drivers
v00000240afd891a0_0 .net "RDATA", 15 0, L_00000240afd0f360;  alias, 1 drivers
v00000240afd8a460_0 .var "RDATA_I", 15 0;
v00000240afd8a820_0 .net "RE", 0 0, o00000240afd3c5c8;  alias, 0 drivers
L_00000240afda5780 .functor BUFT 1, C4<0000000000000000>, C4<0>, C4<0>, C4<0>;
v00000240afd892e0_0 .net "RMASK_I", 15 0, L_00000240afda5780;  1 drivers
v00000240afd8abe0_0 .net "WADDR", 10 0, o00000240afd3c628;  alias, 0 drivers
v00000240afd8a640_0 .net "WCLK", 0 0, o00000240afd3c658;  alias, 0 drivers
v00000240afd899c0_0 .net "WCLKE", 0 0, o00000240afd3c688;  alias, 0 drivers
v00000240afd88840_0 .net "WDATA", 15 0, o00000240afd3c6b8;  alias, 0 drivers
v00000240afd8a000_0 .net "WDATA_I", 15 0, L_00000240afd0f280;  1 drivers
v00000240afd88980_0 .net "WE", 0 0, o00000240afd3c718;  alias, 0 drivers
v00000240afd88a20_0 .net "WMASK_I", 15 0, L_00000240afd0f590;  1 drivers
v00000240afd88d40_0 .var/i "i", 31 0;
v00000240afd89b00 .array "memory", 255 0, 15 0;
E_00000240afd02930 .event posedge, v00000240afd88ac0_0;
E_00000240afd02c30 .event posedge, v00000240afd8a640_0;
S_00000240afd18570 .scope generate, "genblk1" "genblk1" 3 1534, 3 1534 0, S_00000240afd183e0;
 .timescale -12 -12;
L_00000240afd0f590 .functor BUFZ 16, o00000240afd3c4a8, C4<0000000000000000>, C4<0000000000000000>, C4<0000000000000000>;
S_00000240afd99360 .scope generate, "genblk2" "genblk2" 3 1555, 3 1555 0, S_00000240afd183e0;
 .timescale -12 -12;
S_00000240afd99680 .scope generate, "genblk3" "genblk3" 3 1576, 3 1576 0, S_00000240afd183e0;
 .timescale -12 -12;
L_00000240afd0f280 .functor BUFZ 16, o00000240afd3c6b8, C4<0000000000000000>, C4<0000000000000000>, C4<0000000000000000>;
S_00000240afd99fe0 .scope generate, "genblk4" "genblk4" 3 1595, 3 1595 0, S_00000240afd183e0;
 .timescale -12 -12;
L_00000240afd0f360 .functor BUFZ 16, v00000240afd8a460_0, C4<0000000000000000>, C4<0000000000000000>, C4<0000000000000000>;
S_00000240afd12e80 .scope module, "SB_RAM40_4KNRNW" "SB_RAM40_4KNRNW" 3 1998;
 .timescale -12 -12;
    .port_info 0 /OUTPUT 16 "RDATA";
    .port_info 1 /INPUT 1 "RCLKN";
    .port_info 2 /INPUT 1 "RCLKE";
    .port_info 3 /INPUT 1 "RE";
    .port_info 4 /INPUT 11 "RADDR";
    .port_info 5 /INPUT 1 "WCLKN";
    .port_info 6 /INPUT 1 "WCLKE";
    .port_info 7 /INPUT 1 "WE";
    .port_info 8 /INPUT 11 "WADDR";
    .port_info 9 /INPUT 16 "MASK";
    .port_info 10 /INPUT 16 "WDATA";
P_00000240afd14ea0 .param/l "INIT_0" 0 3 2014, C4<0000000000000000000000000000000000000000000000000000000000000000000000000000000000000000000000000000000000000000000000000000000000000000000000000000000000000000000000000000000000000000000000000000000000000000000000000000000000000000000000000000000000000000>;
P_00000240afd14ed8 .param/l "INIT_1" 0 3 2015, C4<0000000000000000000000000000000000000000000000000000000000000000000000000000000000000000000000000000000000000000000000000000000000000000000000000000000000000000000000000000000000000000000000000000000000000000000000000000000000000000000000000000000000000000>;
P_00000240afd14f10 .param/l "INIT_2" 0 3 2016, C4<0000000000000000000000000000000000000000000000000000000000000000000000000000000000000000000000000000000000000000000000000000000000000000000000000000000000000000000000000000000000000000000000000000000000000000000000000000000000000000000000000000000000000000>;
P_00000240afd14f48 .param/l "INIT_3" 0 3 2017, C4<0000000000000000000000000000000000000000000000000000000000000000000000000000000000000000000000000000000000000000000000000000000000000000000000000000000000000000000000000000000000000000000000000000000000000000000000000000000000000000000000000000000000000000>;
P_00000240afd14f80 .param/l "INIT_4" 0 3 2018, C4<0000000000000000000000000000000000000000000000000000000000000000000000000000000000000000000000000000000000000000000000000000000000000000000000000000000000000000000000000000000000000000000000000000000000000000000000000000000000000000000000000000000000000000>;
P_00000240afd14fb8 .param/l "INIT_5" 0 3 2019, C4<0000000000000000000000000000000000000000000000000000000000000000000000000000000000000000000000000000000000000000000000000000000000000000000000000000000000000000000000000000000000000000000000000000000000000000000000000000000000000000000000000000000000000000>;
P_00000240afd14ff0 .param/l "INIT_6" 0 3 2020, C4<0000000000000000000000000000000000000000000000000000000000000000000000000000000000000000000000000000000000000000000000000000000000000000000000000000000000000000000000000000000000000000000000000000000000000000000000000000000000000000000000000000000000000000>;
P_00000240afd15028 .param/l "INIT_7" 0 3 2021, C4<0000000000000000000000000000000000000000000000000000000000000000000000000000000000000000000000000000000000000000000000000000000000000000000000000000000000000000000000000000000000000000000000000000000000000000000000000000000000000000000000000000000000000000>;
P_00000240afd15060 .param/l "INIT_8" 0 3 2022, C4<0000000000000000000000000000000000000000000000000000000000000000000000000000000000000000000000000000000000000000000000000000000000000000000000000000000000000000000000000000000000000000000000000000000000000000000000000000000000000000000000000000000000000000>;
P_00000240afd15098 .param/l "INIT_9" 0 3 2023, C4<0000000000000000000000000000000000000000000000000000000000000000000000000000000000000000000000000000000000000000000000000000000000000000000000000000000000000000000000000000000000000000000000000000000000000000000000000000000000000000000000000000000000000000>;
P_00000240afd150d0 .param/l "INIT_A" 0 3 2024, C4<0000000000000000000000000000000000000000000000000000000000000000000000000000000000000000000000000000000000000000000000000000000000000000000000000000000000000000000000000000000000000000000000000000000000000000000000000000000000000000000000000000000000000000>;
P_00000240afd15108 .param/l "INIT_B" 0 3 2025, C4<0000000000000000000000000000000000000000000000000000000000000000000000000000000000000000000000000000000000000000000000000000000000000000000000000000000000000000000000000000000000000000000000000000000000000000000000000000000000000000000000000000000000000000>;
P_00000240afd15140 .param/l "INIT_C" 0 3 2026, C4<0000000000000000000000000000000000000000000000000000000000000000000000000000000000000000000000000000000000000000000000000000000000000000000000000000000000000000000000000000000000000000000000000000000000000000000000000000000000000000000000000000000000000000>;
P_00000240afd15178 .param/l "INIT_D" 0 3 2027, C4<0000000000000000000000000000000000000000000000000000000000000000000000000000000000000000000000000000000000000000000000000000000000000000000000000000000000000000000000000000000000000000000000000000000000000000000000000000000000000000000000000000000000000000>;
P_00000240afd151b0 .param/l "INIT_E" 0 3 2028, C4<0000000000000000000000000000000000000000000000000000000000000000000000000000000000000000000000000000000000000000000000000000000000000000000000000000000000000000000000000000000000000000000000000000000000000000000000000000000000000000000000000000000000000000>;
P_00000240afd151e8 .param/l "INIT_F" 0 3 2029, C4<0000000000000000000000000000000000000000000000000000000000000000000000000000000000000000000000000000000000000000000000000000000000000000000000000000000000000000000000000000000000000000000000000000000000000000000000000000000000000000000000000000000000000000>;
P_00000240afd15220 .param/str "INIT_FILE" 0 3 2031, "\000";
P_00000240afd15258 .param/l "READ_MODE" 0 3 2012, +C4<00000000000000000000000000000000>;
P_00000240afd15290 .param/l "WRITE_MODE" 0 3 2011, +C4<00000000000000000000000000000000>;
o00000240afd3d108 .functor BUFZ 1, c4<z>; HiZ drive
L_00000240afc970e0 .functor NOT 1, o00000240afd3d108, C4<0>, C4<0>, C4<0>;
o00000240afd3d138 .functor BUFZ 1, c4<z>; HiZ drive
L_00000240afc978c0 .functor NOT 1, o00000240afd3d138, C4<0>, C4<0>, C4<0>;
o00000240afd3cbf8 .functor BUFZ 16, c4<zzzzzzzzzzzzzzzz>; HiZ drive
v00000240afd88de0_0 .net "MASK", 15 0, o00000240afd3cbf8;  0 drivers
o00000240afd3cc28 .functor BUFZ 11, c4<zzzzzzzzzzz>; HiZ drive
v00000240afd89100_0 .net "RADDR", 10 0, o00000240afd3cc28;  0 drivers
o00000240afd3cc88 .functor BUFZ 1, c4<z>; HiZ drive
v00000240afd8a6e0_0 .net "RCLKE", 0 0, o00000240afd3cc88;  0 drivers
v00000240afd89380_0 .net "RCLKN", 0 0, o00000240afd3d108;  0 drivers
v00000240afd89740_0 .net "RDATA", 15 0, L_00000240afc96890;  1 drivers
o00000240afd3cd18 .functor BUFZ 1, c4<z>; HiZ drive
v00000240afd89880_0 .net "RE", 0 0, o00000240afd3cd18;  0 drivers
o00000240afd3cd78 .functor BUFZ 11, c4<zzzzzzzzzzz>; HiZ drive
v00000240afd89ec0_0 .net "WADDR", 10 0, o00000240afd3cd78;  0 drivers
o00000240afd3cdd8 .functor BUFZ 1, c4<z>; HiZ drive
v00000240afd8a280_0 .net "WCLKE", 0 0, o00000240afd3cdd8;  0 drivers
v00000240afd8a320_0 .net "WCLKN", 0 0, o00000240afd3d138;  0 drivers
o00000240afd3ce08 .functor BUFZ 16, c4<zzzzzzzzzzzzzzzz>; HiZ drive
v00000240afd8a3c0_0 .net "WDATA", 15 0, o00000240afd3ce08;  0 drivers
o00000240afd3ce68 .functor BUFZ 1, c4<z>; HiZ drive
v00000240afd8a500_0 .net "WE", 0 0, o00000240afd3ce68;  0 drivers
S_00000240afd98870 .scope module, "RAM" "SB_RAM40_4K" 3 2053, 3 1487 0, S_00000240afd12e80;
 .timescale -12 -12;
    .port_info 0 /OUTPUT 16 "RDATA";
    .port_info 1 /INPUT 1 "RCLK";
    .port_info 2 /INPUT 1 "RCLKE";
    .port_info 3 /INPUT 1 "RE";
    .port_info 4 /INPUT 11 "RADDR";
    .port_info 5 /INPUT 1 "WCLK";
    .port_info 6 /INPUT 1 "WCLKE";
    .port_info 7 /INPUT 1 "WE";
    .port_info 8 /INPUT 11 "WADDR";
    .port_info 9 /INPUT 16 "MASK";
    .port_info 10 /INPUT 16 "WDATA";
P_00000240afd9a1f0 .param/l "INIT_0" 0 3 1507, C4<0000000000000000000000000000000000000000000000000000000000000000000000000000000000000000000000000000000000000000000000000000000000000000000000000000000000000000000000000000000000000000000000000000000000000000000000000000000000000000000000000000000000000000>;
P_00000240afd9a228 .param/l "INIT_1" 0 3 1508, C4<0000000000000000000000000000000000000000000000000000000000000000000000000000000000000000000000000000000000000000000000000000000000000000000000000000000000000000000000000000000000000000000000000000000000000000000000000000000000000000000000000000000000000000>;
P_00000240afd9a260 .param/l "INIT_2" 0 3 1509, C4<0000000000000000000000000000000000000000000000000000000000000000000000000000000000000000000000000000000000000000000000000000000000000000000000000000000000000000000000000000000000000000000000000000000000000000000000000000000000000000000000000000000000000000>;
P_00000240afd9a298 .param/l "INIT_3" 0 3 1510, C4<0000000000000000000000000000000000000000000000000000000000000000000000000000000000000000000000000000000000000000000000000000000000000000000000000000000000000000000000000000000000000000000000000000000000000000000000000000000000000000000000000000000000000000>;
P_00000240afd9a2d0 .param/l "INIT_4" 0 3 1511, C4<0000000000000000000000000000000000000000000000000000000000000000000000000000000000000000000000000000000000000000000000000000000000000000000000000000000000000000000000000000000000000000000000000000000000000000000000000000000000000000000000000000000000000000>;
P_00000240afd9a308 .param/l "INIT_5" 0 3 1512, C4<0000000000000000000000000000000000000000000000000000000000000000000000000000000000000000000000000000000000000000000000000000000000000000000000000000000000000000000000000000000000000000000000000000000000000000000000000000000000000000000000000000000000000000>;
P_00000240afd9a340 .param/l "INIT_6" 0 3 1513, C4<0000000000000000000000000000000000000000000000000000000000000000000000000000000000000000000000000000000000000000000000000000000000000000000000000000000000000000000000000000000000000000000000000000000000000000000000000000000000000000000000000000000000000000>;
P_00000240afd9a378 .param/l "INIT_7" 0 3 1514, C4<0000000000000000000000000000000000000000000000000000000000000000000000000000000000000000000000000000000000000000000000000000000000000000000000000000000000000000000000000000000000000000000000000000000000000000000000000000000000000000000000000000000000000000>;
P_00000240afd9a3b0 .param/l "INIT_8" 0 3 1515, C4<0000000000000000000000000000000000000000000000000000000000000000000000000000000000000000000000000000000000000000000000000000000000000000000000000000000000000000000000000000000000000000000000000000000000000000000000000000000000000000000000000000000000000000>;
P_00000240afd9a3e8 .param/l "INIT_9" 0 3 1516, C4<0000000000000000000000000000000000000000000000000000000000000000000000000000000000000000000000000000000000000000000000000000000000000000000000000000000000000000000000000000000000000000000000000000000000000000000000000000000000000000000000000000000000000000>;
P_00000240afd9a420 .param/l "INIT_A" 0 3 1517, C4<0000000000000000000000000000000000000000000000000000000000000000000000000000000000000000000000000000000000000000000000000000000000000000000000000000000000000000000000000000000000000000000000000000000000000000000000000000000000000000000000000000000000000000>;
P_00000240afd9a458 .param/l "INIT_B" 0 3 1518, C4<0000000000000000000000000000000000000000000000000000000000000000000000000000000000000000000000000000000000000000000000000000000000000000000000000000000000000000000000000000000000000000000000000000000000000000000000000000000000000000000000000000000000000000>;
P_00000240afd9a490 .param/l "INIT_C" 0 3 1519, C4<0000000000000000000000000000000000000000000000000000000000000000000000000000000000000000000000000000000000000000000000000000000000000000000000000000000000000000000000000000000000000000000000000000000000000000000000000000000000000000000000000000000000000000>;
P_00000240afd9a4c8 .param/l "INIT_D" 0 3 1520, C4<0000000000000000000000000000000000000000000000000000000000000000000000000000000000000000000000000000000000000000000000000000000000000000000000000000000000000000000000000000000000000000000000000000000000000000000000000000000000000000000000000000000000000000>;
P_00000240afd9a500 .param/l "INIT_E" 0 3 1521, C4<0000000000000000000000000000000000000000000000000000000000000000000000000000000000000000000000000000000000000000000000000000000000000000000000000000000000000000000000000000000000000000000000000000000000000000000000000000000000000000000000000000000000000000>;
P_00000240afd9a538 .param/l "INIT_F" 0 3 1522, C4<0000000000000000000000000000000000000000000000000000000000000000000000000000000000000000000000000000000000000000000000000000000000000000000000000000000000000000000000000000000000000000000000000000000000000000000000000000000000000000000000000000000000000000>;
P_00000240afd9a570 .param/str "INIT_FILE" 0 3 1524, "\000";
P_00000240afd9a5a8 .param/l "READ_MODE" 0 3 1505, +C4<00000000000000000000000000000000>;
P_00000240afd9a5e0 .param/l "WRITE_MODE" 0 3 1504, +C4<00000000000000000000000000000000>;
v00000240afd89560_0 .net "MASK", 15 0, o00000240afd3cbf8;  alias, 0 drivers
v00000240afd896a0_0 .net "RADDR", 10 0, o00000240afd3cc28;  alias, 0 drivers
v00000240afd89ce0_0 .net "RCLK", 0 0, L_00000240afc970e0;  1 drivers
v00000240afd8a8c0_0 .net "RCLKE", 0 0, o00000240afd3cc88;  alias, 0 drivers
v00000240afd8a0a0_0 .net "RDATA", 15 0, L_00000240afc96890;  alias, 1 drivers
v00000240afd89600_0 .var "RDATA_I", 15 0;
v00000240afd89ba0_0 .net "RE", 0 0, o00000240afd3cd18;  alias, 0 drivers
L_00000240afda57c8 .functor BUFT 1, C4<0000000000000000>, C4<0>, C4<0>, C4<0>;
v00000240afd88c00_0 .net "RMASK_I", 15 0, L_00000240afda57c8;  1 drivers
v00000240afd89240_0 .net "WADDR", 10 0, o00000240afd3cd78;  alias, 0 drivers
v00000240afd885c0_0 .net "WCLK", 0 0, L_00000240afc978c0;  1 drivers
v00000240afd88ca0_0 .net "WCLKE", 0 0, o00000240afd3cdd8;  alias, 0 drivers
v00000240afd89d80_0 .net "WDATA", 15 0, o00000240afd3ce08;  alias, 0 drivers
v00000240afd8a140_0 .net "WDATA_I", 15 0, L_00000240afd0f3d0;  1 drivers
v00000240afd88660_0 .net "WE", 0 0, o00000240afd3ce68;  alias, 0 drivers
v00000240afd8a1e0_0 .net "WMASK_I", 15 0, L_00000240afd0f520;  1 drivers
v00000240afd89060_0 .var/i "i", 31 0;
v00000240afd8aaa0 .array "memory", 255 0, 15 0;
E_00000240afd02970 .event posedge, v00000240afd89ce0_0;
E_00000240afd029b0 .event posedge, v00000240afd885c0_0;
S_00000240afd98b90 .scope generate, "genblk1" "genblk1" 3 1534, 3 1534 0, S_00000240afd98870;
 .timescale -12 -12;
L_00000240afd0f520 .functor BUFZ 16, o00000240afd3cbf8, C4<0000000000000000>, C4<0000000000000000>, C4<0000000000000000>;
S_00000240afd99810 .scope generate, "genblk2" "genblk2" 3 1555, 3 1555 0, S_00000240afd98870;
 .timescale -12 -12;
S_00000240afd99e50 .scope generate, "genblk3" "genblk3" 3 1576, 3 1576 0, S_00000240afd98870;
 .timescale -12 -12;
L_00000240afd0f3d0 .functor BUFZ 16, o00000240afd3ce08, C4<0000000000000000>, C4<0000000000000000>, C4<0000000000000000>;
S_00000240afd994f0 .scope generate, "genblk4" "genblk4" 3 1595, 3 1595 0, S_00000240afd98870;
 .timescale -12 -12;
L_00000240afc96890 .functor BUFZ 16, v00000240afd89600_0, C4<0000000000000000>, C4<0000000000000000>, C4<0000000000000000>;
S_00000240afd13010 .scope module, "SB_RAM40_4KNW" "SB_RAM40_4KNW" 3 1862;
 .timescale -12 -12;
    .port_info 0 /OUTPUT 16 "RDATA";
    .port_info 1 /INPUT 1 "RCLK";
    .port_info 2 /INPUT 1 "RCLKE";
    .port_info 3 /INPUT 1 "RE";
    .port_info 4 /INPUT 11 "RADDR";
    .port_info 5 /INPUT 1 "WCLKN";
    .port_info 6 /INPUT 1 "WCLKE";
    .port_info 7 /INPUT 1 "WE";
    .port_info 8 /INPUT 11 "WADDR";
    .port_info 9 /INPUT 16 "MASK";
    .port_info 10 /INPUT 16 "WDATA";
P_00000240afd172e0 .param/l "INIT_0" 0 3 1878, C4<0000000000000000000000000000000000000000000000000000000000000000000000000000000000000000000000000000000000000000000000000000000000000000000000000000000000000000000000000000000000000000000000000000000000000000000000000000000000000000000000000000000000000000>;
P_00000240afd17318 .param/l "INIT_1" 0 3 1879, C4<0000000000000000000000000000000000000000000000000000000000000000000000000000000000000000000000000000000000000000000000000000000000000000000000000000000000000000000000000000000000000000000000000000000000000000000000000000000000000000000000000000000000000000>;
P_00000240afd17350 .param/l "INIT_2" 0 3 1880, C4<0000000000000000000000000000000000000000000000000000000000000000000000000000000000000000000000000000000000000000000000000000000000000000000000000000000000000000000000000000000000000000000000000000000000000000000000000000000000000000000000000000000000000000>;
P_00000240afd17388 .param/l "INIT_3" 0 3 1881, C4<0000000000000000000000000000000000000000000000000000000000000000000000000000000000000000000000000000000000000000000000000000000000000000000000000000000000000000000000000000000000000000000000000000000000000000000000000000000000000000000000000000000000000000>;
P_00000240afd173c0 .param/l "INIT_4" 0 3 1882, C4<0000000000000000000000000000000000000000000000000000000000000000000000000000000000000000000000000000000000000000000000000000000000000000000000000000000000000000000000000000000000000000000000000000000000000000000000000000000000000000000000000000000000000000>;
P_00000240afd173f8 .param/l "INIT_5" 0 3 1883, C4<0000000000000000000000000000000000000000000000000000000000000000000000000000000000000000000000000000000000000000000000000000000000000000000000000000000000000000000000000000000000000000000000000000000000000000000000000000000000000000000000000000000000000000>;
P_00000240afd17430 .param/l "INIT_6" 0 3 1884, C4<0000000000000000000000000000000000000000000000000000000000000000000000000000000000000000000000000000000000000000000000000000000000000000000000000000000000000000000000000000000000000000000000000000000000000000000000000000000000000000000000000000000000000000>;
P_00000240afd17468 .param/l "INIT_7" 0 3 1885, C4<0000000000000000000000000000000000000000000000000000000000000000000000000000000000000000000000000000000000000000000000000000000000000000000000000000000000000000000000000000000000000000000000000000000000000000000000000000000000000000000000000000000000000000>;
P_00000240afd174a0 .param/l "INIT_8" 0 3 1886, C4<0000000000000000000000000000000000000000000000000000000000000000000000000000000000000000000000000000000000000000000000000000000000000000000000000000000000000000000000000000000000000000000000000000000000000000000000000000000000000000000000000000000000000000>;
P_00000240afd174d8 .param/l "INIT_9" 0 3 1887, C4<0000000000000000000000000000000000000000000000000000000000000000000000000000000000000000000000000000000000000000000000000000000000000000000000000000000000000000000000000000000000000000000000000000000000000000000000000000000000000000000000000000000000000000>;
P_00000240afd17510 .param/l "INIT_A" 0 3 1888, C4<0000000000000000000000000000000000000000000000000000000000000000000000000000000000000000000000000000000000000000000000000000000000000000000000000000000000000000000000000000000000000000000000000000000000000000000000000000000000000000000000000000000000000000>;
P_00000240afd17548 .param/l "INIT_B" 0 3 1889, C4<0000000000000000000000000000000000000000000000000000000000000000000000000000000000000000000000000000000000000000000000000000000000000000000000000000000000000000000000000000000000000000000000000000000000000000000000000000000000000000000000000000000000000000>;
P_00000240afd17580 .param/l "INIT_C" 0 3 1890, C4<0000000000000000000000000000000000000000000000000000000000000000000000000000000000000000000000000000000000000000000000000000000000000000000000000000000000000000000000000000000000000000000000000000000000000000000000000000000000000000000000000000000000000000>;
P_00000240afd175b8 .param/l "INIT_D" 0 3 1891, C4<0000000000000000000000000000000000000000000000000000000000000000000000000000000000000000000000000000000000000000000000000000000000000000000000000000000000000000000000000000000000000000000000000000000000000000000000000000000000000000000000000000000000000000>;
P_00000240afd175f0 .param/l "INIT_E" 0 3 1892, C4<0000000000000000000000000000000000000000000000000000000000000000000000000000000000000000000000000000000000000000000000000000000000000000000000000000000000000000000000000000000000000000000000000000000000000000000000000000000000000000000000000000000000000000>;
P_00000240afd17628 .param/l "INIT_F" 0 3 1893, C4<0000000000000000000000000000000000000000000000000000000000000000000000000000000000000000000000000000000000000000000000000000000000000000000000000000000000000000000000000000000000000000000000000000000000000000000000000000000000000000000000000000000000000000>;
P_00000240afd17660 .param/str "INIT_FILE" 0 3 1895, "\000";
P_00000240afd17698 .param/l "READ_MODE" 0 3 1876, +C4<00000000000000000000000000000000>;
P_00000240afd176d0 .param/l "WRITE_MODE" 0 3 1875, +C4<00000000000000000000000000000000>;
o00000240afd3d888 .functor BUFZ 1, c4<z>; HiZ drive
L_00000240afbc6300 .functor NOT 1, o00000240afd3d888, C4<0>, C4<0>, C4<0>;
o00000240afd3d378 .functor BUFZ 16, c4<zzzzzzzzzzzzzzzz>; HiZ drive
v00000240afda0940_0 .net "MASK", 15 0, o00000240afd3d378;  0 drivers
o00000240afd3d3a8 .functor BUFZ 11, c4<zzzzzzzzzzz>; HiZ drive
v00000240afda0120_0 .net "RADDR", 10 0, o00000240afd3d3a8;  0 drivers
o00000240afd3d3d8 .functor BUFZ 1, c4<z>; HiZ drive
v00000240afda0b20_0 .net "RCLK", 0 0, o00000240afd3d3d8;  0 drivers
o00000240afd3d408 .functor BUFZ 1, c4<z>; HiZ drive
v00000240afda0440_0 .net "RCLKE", 0 0, o00000240afd3d408;  0 drivers
v00000240afda0d00_0 .net "RDATA", 15 0, L_00000240afc97bd0;  1 drivers
o00000240afd3d498 .functor BUFZ 1, c4<z>; HiZ drive
v00000240afd9fea0_0 .net "RE", 0 0, o00000240afd3d498;  0 drivers
o00000240afd3d4f8 .functor BUFZ 11, c4<zzzzzzzzzzz>; HiZ drive
v00000240afda1020_0 .net "WADDR", 10 0, o00000240afd3d4f8;  0 drivers
o00000240afd3d558 .functor BUFZ 1, c4<z>; HiZ drive
v00000240afd9fcc0_0 .net "WCLKE", 0 0, o00000240afd3d558;  0 drivers
v00000240afda0ee0_0 .net "WCLKN", 0 0, o00000240afd3d888;  0 drivers
o00000240afd3d588 .functor BUFZ 16, c4<zzzzzzzzzzzzzzzz>; HiZ drive
v00000240afda1160_0 .net "WDATA", 15 0, o00000240afd3d588;  0 drivers
o00000240afd3d5e8 .functor BUFZ 1, c4<z>; HiZ drive
v00000240afd9f540_0 .net "WE", 0 0, o00000240afd3d5e8;  0 drivers
S_00000240afd98d20 .scope module, "RAM" "SB_RAM40_4K" 3 1917, 3 1487 0, S_00000240afd13010;
 .timescale -12 -12;
    .port_info 0 /OUTPUT 16 "RDATA";
    .port_info 1 /INPUT 1 "RCLK";
    .port_info 2 /INPUT 1 "RCLKE";
    .port_info 3 /INPUT 1 "RE";
    .port_info 4 /INPUT 11 "RADDR";
    .port_info 5 /INPUT 1 "WCLK";
    .port_info 6 /INPUT 1 "WCLKE";
    .port_info 7 /INPUT 1 "WE";
    .port_info 8 /INPUT 11 "WADDR";
    .port_info 9 /INPUT 16 "MASK";
    .port_info 10 /INPUT 16 "WDATA";
P_00000240afd9a620 .param/l "INIT_0" 0 3 1507, C4<0000000000000000000000000000000000000000000000000000000000000000000000000000000000000000000000000000000000000000000000000000000000000000000000000000000000000000000000000000000000000000000000000000000000000000000000000000000000000000000000000000000000000000>;
P_00000240afd9a658 .param/l "INIT_1" 0 3 1508, C4<0000000000000000000000000000000000000000000000000000000000000000000000000000000000000000000000000000000000000000000000000000000000000000000000000000000000000000000000000000000000000000000000000000000000000000000000000000000000000000000000000000000000000000>;
P_00000240afd9a690 .param/l "INIT_2" 0 3 1509, C4<0000000000000000000000000000000000000000000000000000000000000000000000000000000000000000000000000000000000000000000000000000000000000000000000000000000000000000000000000000000000000000000000000000000000000000000000000000000000000000000000000000000000000000>;
P_00000240afd9a6c8 .param/l "INIT_3" 0 3 1510, C4<0000000000000000000000000000000000000000000000000000000000000000000000000000000000000000000000000000000000000000000000000000000000000000000000000000000000000000000000000000000000000000000000000000000000000000000000000000000000000000000000000000000000000000>;
P_00000240afd9a700 .param/l "INIT_4" 0 3 1511, C4<0000000000000000000000000000000000000000000000000000000000000000000000000000000000000000000000000000000000000000000000000000000000000000000000000000000000000000000000000000000000000000000000000000000000000000000000000000000000000000000000000000000000000000>;
P_00000240afd9a738 .param/l "INIT_5" 0 3 1512, C4<0000000000000000000000000000000000000000000000000000000000000000000000000000000000000000000000000000000000000000000000000000000000000000000000000000000000000000000000000000000000000000000000000000000000000000000000000000000000000000000000000000000000000000>;
P_00000240afd9a770 .param/l "INIT_6" 0 3 1513, C4<0000000000000000000000000000000000000000000000000000000000000000000000000000000000000000000000000000000000000000000000000000000000000000000000000000000000000000000000000000000000000000000000000000000000000000000000000000000000000000000000000000000000000000>;
P_00000240afd9a7a8 .param/l "INIT_7" 0 3 1514, C4<0000000000000000000000000000000000000000000000000000000000000000000000000000000000000000000000000000000000000000000000000000000000000000000000000000000000000000000000000000000000000000000000000000000000000000000000000000000000000000000000000000000000000000>;
P_00000240afd9a7e0 .param/l "INIT_8" 0 3 1515, C4<0000000000000000000000000000000000000000000000000000000000000000000000000000000000000000000000000000000000000000000000000000000000000000000000000000000000000000000000000000000000000000000000000000000000000000000000000000000000000000000000000000000000000000>;
P_00000240afd9a818 .param/l "INIT_9" 0 3 1516, C4<0000000000000000000000000000000000000000000000000000000000000000000000000000000000000000000000000000000000000000000000000000000000000000000000000000000000000000000000000000000000000000000000000000000000000000000000000000000000000000000000000000000000000000>;
P_00000240afd9a850 .param/l "INIT_A" 0 3 1517, C4<0000000000000000000000000000000000000000000000000000000000000000000000000000000000000000000000000000000000000000000000000000000000000000000000000000000000000000000000000000000000000000000000000000000000000000000000000000000000000000000000000000000000000000>;
P_00000240afd9a888 .param/l "INIT_B" 0 3 1518, C4<0000000000000000000000000000000000000000000000000000000000000000000000000000000000000000000000000000000000000000000000000000000000000000000000000000000000000000000000000000000000000000000000000000000000000000000000000000000000000000000000000000000000000000>;
P_00000240afd9a8c0 .param/l "INIT_C" 0 3 1519, C4<0000000000000000000000000000000000000000000000000000000000000000000000000000000000000000000000000000000000000000000000000000000000000000000000000000000000000000000000000000000000000000000000000000000000000000000000000000000000000000000000000000000000000000>;
P_00000240afd9a8f8 .param/l "INIT_D" 0 3 1520, C4<0000000000000000000000000000000000000000000000000000000000000000000000000000000000000000000000000000000000000000000000000000000000000000000000000000000000000000000000000000000000000000000000000000000000000000000000000000000000000000000000000000000000000000>;
P_00000240afd9a930 .param/l "INIT_E" 0 3 1521, C4<0000000000000000000000000000000000000000000000000000000000000000000000000000000000000000000000000000000000000000000000000000000000000000000000000000000000000000000000000000000000000000000000000000000000000000000000000000000000000000000000000000000000000000>;
P_00000240afd9a968 .param/l "INIT_F" 0 3 1522, C4<0000000000000000000000000000000000000000000000000000000000000000000000000000000000000000000000000000000000000000000000000000000000000000000000000000000000000000000000000000000000000000000000000000000000000000000000000000000000000000000000000000000000000000>;
P_00000240afd9a9a0 .param/str "INIT_FILE" 0 3 1524, "\000";
P_00000240afd9a9d8 .param/l "READ_MODE" 0 3 1505, +C4<00000000000000000000000000000000>;
P_00000240afd9aa10 .param/l "WRITE_MODE" 0 3 1504, +C4<00000000000000000000000000000000>;
v00000240afd8a5a0_0 .net "MASK", 15 0, o00000240afd3d378;  alias, 0 drivers
v00000240afd8b400_0 .net "RADDR", 10 0, o00000240afd3d3a8;  alias, 0 drivers
v00000240afd8ae60_0 .net "RCLK", 0 0, o00000240afd3d3d8;  alias, 0 drivers
v00000240afd8adc0_0 .net "RCLKE", 0 0, o00000240afd3d408;  alias, 0 drivers
v00000240afd8b180_0 .net "RDATA", 15 0, L_00000240afc97bd0;  alias, 1 drivers
v00000240afd8b040_0 .var "RDATA_I", 15 0;
v00000240afd8b220_0 .net "RE", 0 0, o00000240afd3d498;  alias, 0 drivers
L_00000240afda5810 .functor BUFT 1, C4<0000000000000000>, C4<0>, C4<0>, C4<0>;
v00000240afd8afa0_0 .net "RMASK_I", 15 0, L_00000240afda5810;  1 drivers
v00000240afd8b2c0_0 .net "WADDR", 10 0, o00000240afd3d4f8;  alias, 0 drivers
v00000240afd8b0e0_0 .net "WCLK", 0 0, L_00000240afbc6300;  1 drivers
v00000240afd8af00_0 .net "WCLKE", 0 0, o00000240afd3d558;  alias, 0 drivers
v00000240afd8b360_0 .net "WDATA", 15 0, o00000240afd3d588;  alias, 0 drivers
v00000240afd8b4a0_0 .net "WDATA_I", 15 0, L_00000240afc97af0;  1 drivers
v00000240afda01c0_0 .net "WE", 0 0, o00000240afd3d5e8;  alias, 0 drivers
v00000240afda0a80_0 .net "WMASK_I", 15 0, L_00000240afc97a80;  1 drivers
v00000240afda0760_0 .var/i "i", 31 0;
v00000240afd9f5e0 .array "memory", 255 0, 15 0;
E_00000240afd02a30 .event posedge, v00000240afd8ae60_0;
E_00000240afd02ef0 .event posedge, v00000240afd8b0e0_0;
S_00000240afd98eb0 .scope generate, "genblk1" "genblk1" 3 1534, 3 1534 0, S_00000240afd98d20;
 .timescale -12 -12;
L_00000240afc97a80 .functor BUFZ 16, o00000240afd3d378, C4<0000000000000000>, C4<0000000000000000>, C4<0000000000000000>;
S_00000240afd999a0 .scope generate, "genblk2" "genblk2" 3 1555, 3 1555 0, S_00000240afd98d20;
 .timescale -12 -12;
S_00000240afd98230 .scope generate, "genblk3" "genblk3" 3 1576, 3 1576 0, S_00000240afd98d20;
 .timescale -12 -12;
L_00000240afc97af0 .functor BUFZ 16, o00000240afd3d588, C4<0000000000000000>, C4<0000000000000000>, C4<0000000000000000>;
S_00000240afd98a00 .scope generate, "genblk4" "genblk4" 3 1595, 3 1595 0, S_00000240afd98d20;
 .timescale -12 -12;
L_00000240afc97bd0 .functor BUFZ 16, v00000240afd8b040_0, C4<0000000000000000>, C4<0000000000000000>, C4<0000000000000000>;
S_00000240afd13e20 .scope module, "SB_RGBA_DRV" "SB_RGBA_DRV" 3 2692;
 .timescale -12 -12;
    .port_info 0 /INPUT 1 "CURREN";
    .port_info 1 /INPUT 1 "RGBLEDEN";
    .port_info 2 /INPUT 1 "RGB0PWM";
    .port_info 3 /INPUT 1 "RGB1PWM";
    .port_info 4 /INPUT 1 "RGB2PWM";
    .port_info 5 /OUTPUT 1 "RGB0";
    .port_info 6 /OUTPUT 1 "RGB1";
    .port_info 7 /OUTPUT 1 "RGB2";
P_00000240afa8f8a0 .param/str "CURRENT_MODE" 0 3 2702, "0b0";
P_00000240afa8f8d8 .param/str "RGB0_CURRENT" 0 3 2703, "0b000000";
P_00000240afa8f910 .param/str "RGB1_CURRENT" 0 3 2704, "0b000000";
P_00000240afa8f948 .param/str "RGB2_CURRENT" 0 3 2705, "0b000000";
o00000240afd3dac8 .functor BUFZ 1, c4<z>; HiZ drive
v00000240afd9f860_0 .net "CURREN", 0 0, o00000240afd3dac8;  0 drivers
o00000240afd3daf8 .functor BUFZ 1, c4<z>; HiZ drive
v00000240afd9fae0_0 .net "RGB0", 0 0, o00000240afd3daf8;  0 drivers
o00000240afd3db28 .functor BUFZ 1, c4<z>; HiZ drive
v00000240afda1200_0 .net "RGB0PWM", 0 0, o00000240afd3db28;  0 drivers
o00000240afd3db58 .functor BUFZ 1, c4<z>; HiZ drive
v00000240afda1520_0 .net "RGB1", 0 0, o00000240afd3db58;  0 drivers
o00000240afd3db88 .functor BUFZ 1, c4<z>; HiZ drive
v00000240afd9ffe0_0 .net "RGB1PWM", 0 0, o00000240afd3db88;  0 drivers
o00000240afd3dbb8 .functor BUFZ 1, c4<z>; HiZ drive
v00000240afda18e0_0 .net "RGB2", 0 0, o00000240afd3dbb8;  0 drivers
o00000240afd3dbe8 .functor BUFZ 1, c4<z>; HiZ drive
v00000240afda10c0_0 .net "RGB2PWM", 0 0, o00000240afd3dbe8;  0 drivers
o00000240afd3dc18 .functor BUFZ 1, c4<z>; HiZ drive
v00000240afda1340_0 .net "RGBLEDEN", 0 0, o00000240afd3dc18;  0 drivers
S_00000240afd18ed0 .scope module, "SB_RGB_DRV" "SB_RGB_DRV" 3 2716;
 .timescale -12 -12;
    .port_info 0 /INPUT 1 "RGBLEDEN";
    .port_info 1 /INPUT 1 "RGB0PWM";
    .port_info 2 /INPUT 1 "RGB1PWM";
    .port_info 3 /INPUT 1 "RGB2PWM";
    .port_info 4 /INPUT 1 "RGBPU";
    .port_info 5 /OUTPUT 1 "RGB0";
    .port_info 6 /OUTPUT 1 "RGB1";
    .port_info 7 /OUTPUT 1 "RGB2";
P_00000240afa46aa0 .param/str "CURRENT_MODE" 0 3 2726, "0b0";
P_00000240afa46ad8 .param/str "RGB0_CURRENT" 0 3 2727, "0b000000";
P_00000240afa46b10 .param/str "RGB1_CURRENT" 0 3 2728, "0b000000";
P_00000240afa46b48 .param/str "RGB2_CURRENT" 0 3 2729, "0b000000";
o00000240afd3ddc8 .functor BUFZ 1, c4<z>; HiZ drive
v00000240afda0620_0 .net "RGB0", 0 0, o00000240afd3ddc8;  0 drivers
o00000240afd3ddf8 .functor BUFZ 1, c4<z>; HiZ drive
v00000240afda0f80_0 .net "RGB0PWM", 0 0, o00000240afd3ddf8;  0 drivers
o00000240afd3de28 .functor BUFZ 1, c4<z>; HiZ drive
v00000240afd9fd60_0 .net "RGB1", 0 0, o00000240afd3de28;  0 drivers
o00000240afd3de58 .functor BUFZ 1, c4<z>; HiZ drive
v00000240afd9f400_0 .net "RGB1PWM", 0 0, o00000240afd3de58;  0 drivers
o00000240afd3de88 .functor BUFZ 1, c4<z>; HiZ drive
v00000240afd9f4a0_0 .net "RGB2", 0 0, o00000240afd3de88;  0 drivers
o00000240afd3deb8 .functor BUFZ 1, c4<z>; HiZ drive
v00000240afda04e0_0 .net "RGB2PWM", 0 0, o00000240afd3deb8;  0 drivers
o00000240afd3dee8 .functor BUFZ 1, c4<z>; HiZ drive
v00000240afda12a0_0 .net "RGBLEDEN", 0 0, o00000240afd3dee8;  0 drivers
o00000240afd3df18 .functor BUFZ 1, c4<z>; HiZ drive
v00000240afda13e0_0 .net "RGBPU", 0 0, o00000240afd3df18;  0 drivers
S_00000240afd19510 .scope module, "SB_SPI" "SB_SPI" 3 2776;
 .timescale -12 -12;
    .port_info 0 /INPUT 1 "SBCLKI";
    .port_info 1 /INPUT 1 "SBRWI";
    .port_info 2 /INPUT 1 "SBSTBI";
    .port_info 3 /INPUT 1 "SBADRI7";
    .port_info 4 /INPUT 1 "SBADRI6";
    .port_info 5 /INPUT 1 "SBADRI5";
    .port_info 6 /INPUT 1 "SBADRI4";
    .port_info 7 /INPUT 1 "SBADRI3";
    .port_info 8 /INPUT 1 "SBADRI2";
    .port_info 9 /INPUT 1 "SBADRI1";
    .port_info 10 /INPUT 1 "SBADRI0";
    .port_info 11 /INPUT 1 "SBDATI7";
    .port_info 12 /INPUT 1 "SBDATI6";
    .port_info 13 /INPUT 1 "SBDATI5";
    .port_info 14 /INPUT 1 "SBDATI4";
    .port_info 15 /INPUT 1 "SBDATI3";
    .port_info 16 /INPUT 1 "SBDATI2";
    .port_info 17 /INPUT 1 "SBDATI1";
    .port_info 18 /INPUT 1 "SBDATI0";
    .port_info 19 /INPUT 1 "MI";
    .port_info 20 /INPUT 1 "SI";
    .port_info 21 /INPUT 1 "SCKI";
    .port_info 22 /INPUT 1 "SCSNI";
    .port_info 23 /OUTPUT 1 "SBDATO7";
    .port_info 24 /OUTPUT 1 "SBDATO6";
    .port_info 25 /OUTPUT 1 "SBDATO5";
    .port_info 26 /OUTPUT 1 "SBDATO4";
    .port_info 27 /OUTPUT 1 "SBDATO3";
    .port_info 28 /OUTPUT 1 "SBDATO2";
    .port_info 29 /OUTPUT 1 "SBDATO1";
    .port_info 30 /OUTPUT 1 "SBDATO0";
    .port_info 31 /OUTPUT 1 "SBACKO";
    .port_info 32 /OUTPUT 1 "SPIIRQ";
    .port_info 33 /OUTPUT 1 "SPIWKUP";
    .port_info 34 /OUTPUT 1 "SO";
    .port_info 35 /OUTPUT 1 "SOE";
    .port_info 36 /OUTPUT 1 "MO";
    .port_info 37 /OUTPUT 1 "MOE";
    .port_info 38 /OUTPUT 1 "SCKO";
    .port_info 39 /OUTPUT 1 "SCKOE";
    .port_info 40 /OUTPUT 1 "MCSNO3";
    .port_info 41 /OUTPUT 1 "MCSNO2";
    .port_info 42 /OUTPUT 1 "MCSNO1";
    .port_info 43 /OUTPUT 1 "MCSNO0";
    .port_info 44 /OUTPUT 1 "MCSNOE3";
    .port_info 45 /OUTPUT 1 "MCSNOE2";
    .port_info 46 /OUTPUT 1 "MCSNOE1";
    .port_info 47 /OUTPUT 1 "MCSNOE0";
P_00000240afd02670 .param/str "BUS_ADDR74" 0 3 2826, "0b0000";
o00000240afd3e0c8 .functor BUFZ 1, c4<z>; HiZ drive
v00000240afda0e40_0 .net "MCSNO0", 0 0, o00000240afd3e0c8;  0 drivers
o00000240afd3e0f8 .functor BUFZ 1, c4<z>; HiZ drive
v00000240afda17a0_0 .net "MCSNO1", 0 0, o00000240afd3e0f8;  0 drivers
o00000240afd3e128 .functor BUFZ 1, c4<z>; HiZ drive
v00000240afda1a20_0 .net "MCSNO2", 0 0, o00000240afd3e128;  0 drivers
o00000240afd3e158 .functor BUFZ 1, c4<z>; HiZ drive
v00000240afda1700_0 .net "MCSNO3", 0 0, o00000240afd3e158;  0 drivers
o00000240afd3e188 .functor BUFZ 1, c4<z>; HiZ drive
v00000240afda0800_0 .net "MCSNOE0", 0 0, o00000240afd3e188;  0 drivers
o00000240afd3e1b8 .functor BUFZ 1, c4<z>; HiZ drive
v00000240afd9f720_0 .net "MCSNOE1", 0 0, o00000240afd3e1b8;  0 drivers
o00000240afd3e1e8 .functor BUFZ 1, c4<z>; HiZ drive
v00000240afda09e0_0 .net "MCSNOE2", 0 0, o00000240afd3e1e8;  0 drivers
o00000240afd3e218 .functor BUFZ 1, c4<z>; HiZ drive
v00000240afda1480_0 .net "MCSNOE3", 0 0, o00000240afd3e218;  0 drivers
o00000240afd3e248 .functor BUFZ 1, c4<z>; HiZ drive
v00000240afda1840_0 .net "MI", 0 0, o00000240afd3e248;  0 drivers
o00000240afd3e278 .functor BUFZ 1, c4<z>; HiZ drive
v00000240afda15c0_0 .net "MO", 0 0, o00000240afd3e278;  0 drivers
o00000240afd3e2a8 .functor BUFZ 1, c4<z>; HiZ drive
v00000240afda0bc0_0 .net "MOE", 0 0, o00000240afd3e2a8;  0 drivers
o00000240afd3e2d8 .functor BUFZ 1, c4<z>; HiZ drive
v00000240afd9f680_0 .net "SBACKO", 0 0, o00000240afd3e2d8;  0 drivers
o00000240afd3e308 .functor BUFZ 1, c4<z>; HiZ drive
v00000240afda0da0_0 .net "SBADRI0", 0 0, o00000240afd3e308;  0 drivers
o00000240afd3e338 .functor BUFZ 1, c4<z>; HiZ drive
v00000240afd9f7c0_0 .net "SBADRI1", 0 0, o00000240afd3e338;  0 drivers
o00000240afd3e368 .functor BUFZ 1, c4<z>; HiZ drive
v00000240afd9f900_0 .net "SBADRI2", 0 0, o00000240afd3e368;  0 drivers
o00000240afd3e398 .functor BUFZ 1, c4<z>; HiZ drive
v00000240afda1660_0 .net "SBADRI3", 0 0, o00000240afd3e398;  0 drivers
o00000240afd3e3c8 .functor BUFZ 1, c4<z>; HiZ drive
v00000240afd9fb80_0 .net "SBADRI4", 0 0, o00000240afd3e3c8;  0 drivers
o00000240afd3e3f8 .functor BUFZ 1, c4<z>; HiZ drive
v00000240afd9fa40_0 .net "SBADRI5", 0 0, o00000240afd3e3f8;  0 drivers
o00000240afd3e428 .functor BUFZ 1, c4<z>; HiZ drive
v00000240afda0c60_0 .net "SBADRI6", 0 0, o00000240afd3e428;  0 drivers
o00000240afd3e458 .functor BUFZ 1, c4<z>; HiZ drive
v00000240afda1980_0 .net "SBADRI7", 0 0, o00000240afd3e458;  0 drivers
o00000240afd3e488 .functor BUFZ 1, c4<z>; HiZ drive
v00000240afd9f2c0_0 .net "SBCLKI", 0 0, o00000240afd3e488;  0 drivers
o00000240afd3e4b8 .functor BUFZ 1, c4<z>; HiZ drive
v00000240afd9fc20_0 .net "SBDATI0", 0 0, o00000240afd3e4b8;  0 drivers
o00000240afd3e4e8 .functor BUFZ 1, c4<z>; HiZ drive
v00000240afda06c0_0 .net "SBDATI1", 0 0, o00000240afd3e4e8;  0 drivers
o00000240afd3e518 .functor BUFZ 1, c4<z>; HiZ drive
v00000240afd9f360_0 .net "SBDATI2", 0 0, o00000240afd3e518;  0 drivers
o00000240afd3e548 .functor BUFZ 1, c4<z>; HiZ drive
v00000240afda0260_0 .net "SBDATI3", 0 0, o00000240afd3e548;  0 drivers
o00000240afd3e578 .functor BUFZ 1, c4<z>; HiZ drive
v00000240afd9f9a0_0 .net "SBDATI4", 0 0, o00000240afd3e578;  0 drivers
o00000240afd3e5a8 .functor BUFZ 1, c4<z>; HiZ drive
v00000240afd9fe00_0 .net "SBDATI5", 0 0, o00000240afd3e5a8;  0 drivers
o00000240afd3e5d8 .functor BUFZ 1, c4<z>; HiZ drive
v00000240afd9ff40_0 .net "SBDATI6", 0 0, o00000240afd3e5d8;  0 drivers
o00000240afd3e608 .functor BUFZ 1, c4<z>; HiZ drive
v00000240afda0080_0 .net "SBDATI7", 0 0, o00000240afd3e608;  0 drivers
o00000240afd3e638 .functor BUFZ 1, c4<z>; HiZ drive
v00000240afda0300_0 .net "SBDATO0", 0 0, o00000240afd3e638;  0 drivers
o00000240afd3e668 .functor BUFZ 1, c4<z>; HiZ drive
v00000240afda03a0_0 .net "SBDATO1", 0 0, o00000240afd3e668;  0 drivers
o00000240afd3e698 .functor BUFZ 1, c4<z>; HiZ drive
v00000240afda0580_0 .net "SBDATO2", 0 0, o00000240afd3e698;  0 drivers
o00000240afd3e6c8 .functor BUFZ 1, c4<z>; HiZ drive
v00000240afda08a0_0 .net "SBDATO3", 0 0, o00000240afd3e6c8;  0 drivers
o00000240afd3e6f8 .functor BUFZ 1, c4<z>; HiZ drive
v00000240afda24c0_0 .net "SBDATO4", 0 0, o00000240afd3e6f8;  0 drivers
o00000240afd3e728 .functor BUFZ 1, c4<z>; HiZ drive
v00000240afda3780_0 .net "SBDATO5", 0 0, o00000240afd3e728;  0 drivers
o00000240afd3e758 .functor BUFZ 1, c4<z>; HiZ drive
v00000240afda3fa0_0 .net "SBDATO6", 0 0, o00000240afd3e758;  0 drivers
o00000240afd3e788 .functor BUFZ 1, c4<z>; HiZ drive
v00000240afda26a0_0 .net "SBDATO7", 0 0, o00000240afd3e788;  0 drivers
o00000240afd3e7b8 .functor BUFZ 1, c4<z>; HiZ drive
v00000240afda3e60_0 .net "SBRWI", 0 0, o00000240afd3e7b8;  0 drivers
o00000240afd3e7e8 .functor BUFZ 1, c4<z>; HiZ drive
v00000240afda1c00_0 .net "SBSTBI", 0 0, o00000240afd3e7e8;  0 drivers
o00000240afd3e818 .functor BUFZ 1, c4<z>; HiZ drive
v00000240afda38c0_0 .net "SCKI", 0 0, o00000240afd3e818;  0 drivers
o00000240afd3e848 .functor BUFZ 1, c4<z>; HiZ drive
v00000240afda1d40_0 .net "SCKO", 0 0, o00000240afd3e848;  0 drivers
o00000240afd3e878 .functor BUFZ 1, c4<z>; HiZ drive
v00000240afda29c0_0 .net "SCKOE", 0 0, o00000240afd3e878;  0 drivers
o00000240afd3e8a8 .functor BUFZ 1, c4<z>; HiZ drive
v00000240afda3140_0 .net "SCSNI", 0 0, o00000240afd3e8a8;  0 drivers
o00000240afd3e8d8 .functor BUFZ 1, c4<z>; HiZ drive
v00000240afda2420_0 .net "SI", 0 0, o00000240afd3e8d8;  0 drivers
o00000240afd3e908 .functor BUFZ 1, c4<z>; HiZ drive
v00000240afda22e0_0 .net "SO", 0 0, o00000240afd3e908;  0 drivers
o00000240afd3e938 .functor BUFZ 1, c4<z>; HiZ drive
v00000240afda3640_0 .net "SOE", 0 0, o00000240afd3e938;  0 drivers
o00000240afd3e968 .functor BUFZ 1, c4<z>; HiZ drive
v00000240afda36e0_0 .net "SPIIRQ", 0 0, o00000240afd3e968;  0 drivers
o00000240afd3e998 .functor BUFZ 1, c4<z>; HiZ drive
v00000240afda2a60_0 .net "SPIWKUP", 0 0, o00000240afd3e998;  0 drivers
S_00000240afd19060 .scope module, "SB_SPRAM256KA" "SB_SPRAM256KA" 3 2600;
 .timescale -12 -12;
    .port_info 0 /INPUT 14 "ADDRESS";
    .port_info 1 /INPUT 16 "DATAIN";
    .port_info 2 /INPUT 4 "MASKWREN";
    .port_info 3 /INPUT 1 "WREN";
    .port_info 4 /INPUT 1 "CHIPSELECT";
    .port_info 5 /INPUT 1 "CLOCK";
    .port_info 6 /INPUT 1 "STANDBY";
    .port_info 7 /INPUT 1 "SLEEP";
    .port_info 8 /INPUT 1 "POWEROFF";
    .port_info 9 /OUTPUT 16 "DATAOUT";
o00000240afd3f418 .functor BUFZ 1, c4<z>; HiZ drive
L_00000240afbc4690 .functor OR 1, o00000240afd3f418, L_00000240afe00330, C4<0>, C4<0>;
o00000240afd3f2c8 .functor BUFZ 14, c4<zzzzzzzzzzzzzz>; HiZ drive
v00000240afda3d20_0 .net "ADDRESS", 13 0, o00000240afd3f2c8;  0 drivers
o00000240afd3f2f8 .functor BUFZ 1, c4<z>; HiZ drive
v00000240afda2b00_0 .net "CHIPSELECT", 0 0, o00000240afd3f2f8;  0 drivers
o00000240afd3f328 .functor BUFZ 1, c4<z>; HiZ drive
v00000240afda3500_0 .net "CLOCK", 0 0, o00000240afd3f328;  0 drivers
o00000240afd3f358 .functor BUFZ 16, c4<zzzzzzzzzzzzzzzz>; HiZ drive
v00000240afda40e0_0 .net "DATAIN", 15 0, o00000240afd3f358;  0 drivers
v00000240afda3820_0 .var "DATAOUT", 15 0;
o00000240afd3f3b8 .functor BUFZ 4, c4<zzzz>; HiZ drive
v00000240afda2ba0_0 .net "MASKWREN", 3 0, o00000240afd3f3b8;  0 drivers
o00000240afd3f3e8 .functor BUFZ 1, c4<z>; HiZ drive
v00000240afda33c0_0 .net "POWEROFF", 0 0, o00000240afd3f3e8;  0 drivers
v00000240afda3460_0 .net "SLEEP", 0 0, o00000240afd3f418;  0 drivers
o00000240afd3f448 .functor BUFZ 1, c4<z>; HiZ drive
v00000240afda3960_0 .net "STANDBY", 0 0, o00000240afd3f448;  0 drivers
o00000240afd3f478 .functor BUFZ 1, c4<z>; HiZ drive
v00000240afda2c40_0 .net "WREN", 0 0, o00000240afd3f478;  0 drivers
v00000240afda1de0_0 .net *"_ivl_1", 0 0, L_00000240afe00330;  1 drivers
v00000240afda2560_0 .var/i "i", 31 0;
v00000240afda3dc0 .array "mem", 16383 0, 15 0;
v00000240afda3f00_0 .net "off", 0 0, L_00000240afbc4690;  1 drivers
E_00000240afd02a70 .event posedge, v00000240afda3f00_0, v00000240afda3500_0;
E_00000240afd02c70 .event negedge, v00000240afda33c0_0;
L_00000240afe00330 .reduce/nor o00000240afd3f3e8;
S_00000240afd17f30 .scope module, "SB_WARMBOOT" "SB_WARMBOOT" 3 2593;
 .timescale -12 -12;
    .port_info 0 /INPUT 1 "BOOT";
    .port_info 1 /INPUT 1 "S1";
    .port_info 2 /INPUT 1 "S0";
o00000240afd3f718 .functor BUFZ 1, c4<z>; HiZ drive
v00000240afda2380_0 .net "BOOT", 0 0, o00000240afd3f718;  0 drivers
o00000240afd3f748 .functor BUFZ 1, c4<z>; HiZ drive
v00000240afda3a00_0 .net "S0", 0 0, o00000240afd3f748;  0 drivers
o00000240afd3f778 .functor BUFZ 1, c4<z>; HiZ drive
v00000240afda35a0_0 .net "S1", 0 0, o00000240afd3f778;  0 drivers
S_00000240afd18bb0 .scope module, "ex11_tb" "ex11_tb" 4 2;
 .timescale -9 -12;
v00000240afda2740_0 .var/s "a", 15 0;
v00000240afda27e0_0 .net/s "acc", 31 0, v00000240afda1ca0_0;  1 drivers
v00000240afda1e80_0 .var/s "b", 15 0;
v00000240afda3be0_0 .var "clk", 0 0;
v00000240afda3c80_0 .var "clr", 0 0;
v00000240afda3000_0 .var "rst", 0 0;
S_00000240afd99b30 .scope module, "uut" "mac" 4 5, 5 12 0, S_00000240afd18bb0;
 .timescale -12 -12;
    .port_info 0 /INPUT 1 "clk";
    .port_info 1 /INPUT 1 "rst";
    .port_info 2 /INPUT 1 "clr";
    .port_info 3 /INPUT 16 "a";
    .port_info 4 /INPUT 16 "b";
    .port_info 5 /OUTPUT 32 "acc";
P_00000240afb96cb0 .param/l "ACC_WIDTH" 0 5 15, +C4<00000000000000000000000000100000>;
P_00000240afb96ce8 .param/l "A_WIDTH" 0 5 13, +C4<00000000000000000000000000010000>;
P_00000240afb96d20 .param/l "B_WIDTH" 0 5 14, +C4<00000000000000000000000000010000>;
v00000240afda2600_0 .net/s "a", 15 0, v00000240afda2740_0;  1 drivers
v00000240afda1ca0_0 .var/s "acc", 31 0;
v00000240afda2ce0_0 .net/s "b", 15 0, v00000240afda1e80_0;  1 drivers
v00000240afda2100_0 .net "clk", 0 0, v00000240afda3be0_0;  1 drivers
v00000240afda3b40_0 .net "clr", 0 0, v00000240afda3c80_0;  1 drivers
v00000240afda2d80_0 .var/s "mult_reg", 31 0;
v00000240afda4180_0 .net "rst", 0 0, v00000240afda3000_0;  1 drivers
E_00000240afd02d30 .event posedge, v00000240afda2100_0;
S_00000240afd19380 .scope module, "ex11_top" "ex11_top" 6 1;
 .timescale -12 -12;
    .port_info 0 /OUTPUT 1 "LED_B";
    .port_info 1 /OUTPUT 1 "LED_G";
    .port_info 2 /OUTPUT 1 "LED_R";
    .port_info 3 /INPUT 1 "ICE_SW2";
o00000240afd3fb68 .functor BUFZ 1, c4<z>; HiZ drive
v00000240afda4400_0 .net "ICE_SW2", 0 0, o00000240afd3fb68;  0 drivers
L_00000240afda5a08 .functor BUFT 1, C4<1>, C4<0>, C4<0>, C4<0>;
v00000240afda44a0_0 .net "LED_B", 0 0, L_00000240afda5a08;  1 drivers
v00000240afda45e0_0 .net "LED_G", 0 0, L_00000240afe00dd0;  1 drivers
L_00000240afda59c0 .functor BUFT 1, C4<1>, C4<0>, C4<0>, C4<0>;
v00000240afda4540_0 .net "LED_R", 0 0, L_00000240afda59c0;  1 drivers
v00000240afda4720_0 .net/s "acc", 31 0, v00000240afda2e20_0;  1 drivers
o00000240afd3fb38 .functor BUFZ 1, c4<z>; HiZ drive
v00000240afda47c0_0 .net "clk", 0 0, o00000240afd3fb38;  0 drivers
L_00000240afe00dd0 .part v00000240afda2e20_0, 0, 1;
S_00000240afd991d0 .scope module, "inst" "mac" 6 7, 5 12 0, S_00000240afd19380;
 .timescale -12 -12;
    .port_info 0 /INPUT 1 "clk";
    .port_info 1 /INPUT 1 "rst";
    .port_info 2 /INPUT 1 "clr";
    .port_info 3 /INPUT 16 "a";
    .port_info 4 /INPUT 16 "b";
    .port_info 5 /OUTPUT 32 "acc";
P_00000240afb96c00 .param/l "ACC_WIDTH" 0 5 15, +C4<00000000000000000000000000100000>;
P_00000240afb96c38 .param/l "A_WIDTH" 0 5 13, +C4<00000000000000000000000000010000>;
P_00000240afb96c70 .param/l "B_WIDTH" 0 5 14, +C4<00000000000000000000000000010000>;
L_00000240afda5930 .functor BUFT 1, C4<0000000000000101>, C4<0>, C4<0>, C4<0>;
v00000240afda2240_0 .net/s "a", 15 0, L_00000240afda5930;  1 drivers
v00000240afda2e20_0 .var/s "acc", 31 0;
L_00000240afda5978 .functor BUFT 1, C4<0000000000000010>, C4<0>, C4<0>, C4<0>;
v00000240afda2880_0 .net/s "b", 15 0, L_00000240afda5978;  1 drivers
v00000240afda4040_0 .net "clk", 0 0, o00000240afd3fb38;  alias, 0 drivers
v00000240afda4220_0 .net "clr", 0 0, o00000240afd3fb68;  alias, 0 drivers
v00000240afda1ac0_0 .var/s "mult_reg", 31 0;
L_00000240afda58e8 .functor BUFT 1, C4<0>, C4<0>, C4<0>, C4<0>;
v00000240afda1b60_0 .net "rst", 0 0, L_00000240afda58e8;  1 drivers
E_00000240afd02df0 .event posedge, v00000240afda4040_0;
S_00000240afd99cc0 .scope module, "u_hfosc" "SB_HFOSC" 6 5, 3 2664 0, S_00000240afd19380;
 .timescale -12 -12;
    .port_info 0 /INPUT 1 "TRIM0";
    .port_info 1 /INPUT 1 "TRIM1";
    .port_info 2 /INPUT 1 "TRIM2";
    .port_info 3 /INPUT 1 "TRIM3";
    .port_info 4 /INPUT 1 "TRIM4";
    .port_info 5 /INPUT 1 "TRIM5";
    .port_info 6 /INPUT 1 "TRIM6";
    .port_info 7 /INPUT 1 "TRIM7";
    .port_info 8 /INPUT 1 "TRIM8";
    .port_info 9 /INPUT 1 "TRIM9";
    .port_info 10 /INPUT 1 "CLKHFPU";
    .port_info 11 /INPUT 1 "CLKHFEN";
    .port_info 12 /OUTPUT 1 "CLKHF";
P_00000240afb37810 .param/str "CLKHF_DIV" 0 3 2680, "0b10";
P_00000240afb37848 .param/str "TRIM_EN" 0 3 2679, "0b0";
v00000240afda2920_0 .net "CLKHF", 0 0, o00000240afd3fb38;  alias, 0 drivers
L_00000240afda58a0 .functor BUFT 1, C4<1>, C4<0>, C4<0>, C4<0>;
v00000240afda1f20_0 .net "CLKHFEN", 0 0, L_00000240afda58a0;  1 drivers
L_00000240afda5858 .functor BUFT 1, C4<1>, C4<0>, C4<0>, C4<0>;
v00000240afda2ec0_0 .net "CLKHFPU", 0 0, L_00000240afda5858;  1 drivers
o00000240afd3fd78 .functor BUFZ 1, c4<z>; HiZ drive
v00000240afda2f60_0 .net "TRIM0", 0 0, o00000240afd3fd78;  0 drivers
o00000240afd3fda8 .functor BUFZ 1, c4<z>; HiZ drive
v00000240afda1fc0_0 .net "TRIM1", 0 0, o00000240afd3fda8;  0 drivers
o00000240afd3fdd8 .functor BUFZ 1, c4<z>; HiZ drive
v00000240afda2060_0 .net "TRIM2", 0 0, o00000240afd3fdd8;  0 drivers
o00000240afd3fe08 .functor BUFZ 1, c4<z>; HiZ drive
v00000240afda30a0_0 .net "TRIM3", 0 0, o00000240afd3fe08;  0 drivers
o00000240afd3fe38 .functor BUFZ 1, c4<z>; HiZ drive
v00000240afda31e0_0 .net "TRIM4", 0 0, o00000240afd3fe38;  0 drivers
o00000240afd3fe68 .functor BUFZ 1, c4<z>; HiZ drive
v00000240afda3280_0 .net "TRIM5", 0 0, o00000240afd3fe68;  0 drivers
o00000240afd3fe98 .functor BUFZ 1, c4<z>; HiZ drive
v00000240afda3320_0 .net "TRIM6", 0 0, o00000240afd3fe98;  0 drivers
o00000240afd3fec8 .functor BUFZ 1, c4<z>; HiZ drive
v00000240afda4680_0 .net "TRIM7", 0 0, o00000240afd3fec8;  0 drivers
o00000240afd3fef8 .functor BUFZ 1, c4<z>; HiZ drive
v00000240afda42c0_0 .net "TRIM8", 0 0, o00000240afd3fef8;  0 drivers
o00000240afd3ff28 .functor BUFZ 1, c4<z>; HiZ drive
v00000240afda4360_0 .net "TRIM9", 0 0, o00000240afd3ff28;  0 drivers
    .scope S_00000240afb2ee20;
T_2 ;
    %pushi/vec4 0, 0, 1;
    %store/vec4 v00000240afd2b8c0_0, 0, 1;
    %pushi/vec4 0, 0, 1;
    %store/vec4 v00000240afd2bdc0_0, 0, 1;
    %end;
    .thread T_2, $init;
    .scope S_00000240afb2ee20;
T_3 ;
    %wait E_00000240afd01bf0;
    %load/vec4 v00000240afcd6760_0;
    %flag_set/vec4 8;
    %jmp/0xz  T_3.0, 8;
    %load/vec4 v00000240afc8d3c0_0;
    %flag_set/vec4 8;
    %jmp/0 T_3.2, 8;
    %pushi/vec4 0, 0, 1;
    %jmp/1 T_3.3, 8;
T_3.2 ; End of true expr.
    %load/vec4 v00000240afd2c900_0;
    %jmp/0 T_3.3, 8;
 ; End of false expr.
    %blend;
T_3.3;
    %assign/vec4 v00000240afd2b8c0_0, 0;
T_3.0 ;
    %jmp T_3;
    .thread T_3;
    .scope S_00000240afb2ee20;
T_4 ;
    %wait E_00000240afd020b0;
    %load/vec4 v00000240afc8d3c0_0;
    %flag_set/vec4 8;
    %jmp/0xz  T_4.0, 8;
    %pushi/vec4 0, 0, 1;
    %assign/vec4 v00000240afd2bdc0_0, 0;
    %jmp T_4.1;
T_4.0 ;
    %load/vec4 v00000240afcd6760_0;
    %flag_set/vec4 8;
    %jmp/0xz  T_4.2, 8;
    %load/vec4 v00000240afd2c900_0;
    %assign/vec4 v00000240afd2bdc0_0, 0;
T_4.2 ;
T_4.1 ;
    %jmp T_4;
    .thread T_4;
    .scope S_00000240afd178f0;
T_5 ;
    %pushi/vec4 0, 0, 32;
    %store/vec4 v00000240afd2bd20_0, 0, 32;
T_5.0 ; Top of for-loop
    %load/vec4 v00000240afd2bd20_0;
    %cmpi/s 16, 0, 32;
	  %jmp/0xz T_5.1, 5;
    %pushi/vec4 0, 0, 256;
    %load/vec4 v00000240afd2bd20_0;
    %muli 16, 0, 32;
    %part/s 16;
    %pushi/vec4 0, 0, 32;
    %load/vec4 v00000240afd2bd20_0;
    %add;
    %ix/vec4/s 4;
    %store/vec4a v00000240afd2c220, 4, 0;
    %pushi/vec4 0, 0, 256;
    %load/vec4 v00000240afd2bd20_0;
    %muli 16, 0, 32;
    %part/s 16;
    %pushi/vec4 16, 0, 32;
    %load/vec4 v00000240afd2bd20_0;
    %add;
    %ix/vec4/s 4;
    %store/vec4a v00000240afd2c220, 4, 0;
    %pushi/vec4 0, 0, 256;
    %load/vec4 v00000240afd2bd20_0;
    %muli 16, 0, 32;
    %part/s 16;
    %pushi/vec4 32, 0, 32;
    %load/vec4 v00000240afd2bd20_0;
    %add;
    %ix/vec4/s 4;
    %store/vec4a v00000240afd2c220, 4, 0;
    %pushi/vec4 0, 0, 256;
    %load/vec4 v00000240afd2bd20_0;
    %muli 16, 0, 32;
    %part/s 16;
    %pushi/vec4 48, 0, 32;
    %load/vec4 v00000240afd2bd20_0;
    %add;
    %ix/vec4/s 4;
    %store/vec4a v00000240afd2c220, 4, 0;
    %pushi/vec4 0, 0, 256;
    %load/vec4 v00000240afd2bd20_0;
    %muli 16, 0, 32;
    %part/s 16;
    %pushi/vec4 64, 0, 32;
    %load/vec4 v00000240afd2bd20_0;
    %add;
    %ix/vec4/s 4;
    %store/vec4a v00000240afd2c220, 4, 0;
    %pushi/vec4 0, 0, 256;
    %load/vec4 v00000240afd2bd20_0;
    %muli 16, 0, 32;
    %part/s 16;
    %pushi/vec4 80, 0, 32;
    %load/vec4 v00000240afd2bd20_0;
    %add;
    %ix/vec4/s 4;
    %store/vec4a v00000240afd2c220, 4, 0;
    %pushi/vec4 0, 0, 256;
    %load/vec4 v00000240afd2bd20_0;
    %muli 16, 0, 32;
    %part/s 16;
    %pushi/vec4 96, 0, 32;
    %load/vec4 v00000240afd2bd20_0;
    %add;
    %ix/vec4/s 4;
    %store/vec4a v00000240afd2c220, 4, 0;
    %pushi/vec4 0, 0, 256;
    %load/vec4 v00000240afd2bd20_0;
    %muli 16, 0, 32;
    %part/s 16;
    %pushi/vec4 112, 0, 32;
    %load/vec4 v00000240afd2bd20_0;
    %add;
    %ix/vec4/s 4;
    %store/vec4a v00000240afd2c220, 4, 0;
    %pushi/vec4 0, 0, 256;
    %load/vec4 v00000240afd2bd20_0;
    %muli 16, 0, 32;
    %part/s 16;
    %pushi/vec4 128, 0, 32;
    %load/vec4 v00000240afd2bd20_0;
    %add;
    %ix/vec4/s 4;
    %store/vec4a v00000240afd2c220, 4, 0;
    %pushi/vec4 0, 0, 256;
    %load/vec4 v00000240afd2bd20_0;
    %muli 16, 0, 32;
    %part/s 16;
    %pushi/vec4 144, 0, 32;
    %load/vec4 v00000240afd2bd20_0;
    %add;
    %ix/vec4/s 4;
    %store/vec4a v00000240afd2c220, 4, 0;
    %pushi/vec4 0, 0, 256;
    %load/vec4 v00000240afd2bd20_0;
    %muli 16, 0, 32;
    %part/s 16;
    %pushi/vec4 160, 0, 32;
    %load/vec4 v00000240afd2bd20_0;
    %add;
    %ix/vec4/s 4;
    %store/vec4a v00000240afd2c220, 4, 0;
    %pushi/vec4 0, 0, 256;
    %load/vec4 v00000240afd2bd20_0;
    %muli 16, 0, 32;
    %part/s 16;
    %pushi/vec4 176, 0, 32;
    %load/vec4 v00000240afd2bd20_0;
    %add;
    %ix/vec4/s 4;
    %store/vec4a v00000240afd2c220, 4, 0;
    %pushi/vec4 0, 0, 256;
    %load/vec4 v00000240afd2bd20_0;
    %muli 16, 0, 32;
    %part/s 16;
    %pushi/vec4 192, 0, 32;
    %load/vec4 v00000240afd2bd20_0;
    %add;
    %ix/vec4/s 4;
    %store/vec4a v00000240afd2c220, 4, 0;
    %pushi/vec4 0, 0, 256;
    %load/vec4 v00000240afd2bd20_0;
    %muli 16, 0, 32;
    %part/s 16;
    %pushi/vec4 208, 0, 32;
    %load/vec4 v00000240afd2bd20_0;
    %add;
    %ix/vec4/s 4;
    %store/vec4a v00000240afd2c220, 4, 0;
    %pushi/vec4 0, 0, 256;
    %load/vec4 v00000240afd2bd20_0;
    %muli 16, 0, 32;
    %part/s 16;
    %pushi/vec4 224, 0, 32;
    %load/vec4 v00000240afd2bd20_0;
    %add;
    %ix/vec4/s 4;
    %store/vec4a v00000240afd2c220, 4, 0;
    %pushi/vec4 0, 0, 256;
    %load/vec4 v00000240afd2bd20_0;
    %muli 16, 0, 32;
    %part/s 16;
    %pushi/vec4 240, 0, 32;
    %load/vec4 v00000240afd2bd20_0;
    %add;
    %ix/vec4/s 4;
    %store/vec4a v00000240afd2c220, 4, 0;
T_5.2 ; for-loop step statement
    %load/vec4 v00000240afd2bd20_0;
    %addi 1, 0, 32;
    %store/vec4 v00000240afd2bd20_0, 0, 32;
    %jmp T_5.0;
T_5.1 ; for-loop exit label
    %end;
    .thread T_5;
    .scope S_00000240afd178f0;
T_6 ;
    %wait E_00000240afd02bb0;
    %load/vec4 v00000240afd2bc80_0;
    %flag_set/vec4 9;
    %flag_get/vec4 9;
    %jmp/0 T_6.2, 9;
    %load/vec4 v00000240afd2bb40_0;
    %and;
T_6.2;
    %flag_set/vec4 8;
    %jmp/0xz  T_6.0, 8;
    %load/vec4 v00000240afd2c0e0_0;
    %parti/s 1, 0, 2;
    %nor/r;
    %flag_set/vec4 8;
    %jmp/0xz  T_6.3, 8;
    %load/vec4 v00000240afd2bbe0_0;
    %parti/s 1, 0, 2;
    %load/vec4 v00000240afd2b6e0_0;
    %parti/s 8, 0, 2;
    %pad/u 10;
    %ix/vec4 3;
    %ix/load 4, 0, 0; Constant delay
    %assign/vec4/a/d v00000240afd2c220, 0, 4;
T_6.3 ;
    %load/vec4 v00000240afd2c0e0_0;
    %parti/s 1, 1, 2;
    %nor/r;
    %flag_set/vec4 8;
    %jmp/0xz  T_6.5, 8;
    %load/vec4 v00000240afd2bbe0_0;
    %parti/s 1, 1, 2;
    %load/vec4 v00000240afd2b6e0_0;
    %parti/s 8, 0, 2;
    %pad/u 10;
    %ix/vec4 3;
    %ix/load 4, 1, 0; part off
    %ix/load 5, 0, 0; Constant delay
    %assign/vec4/a/d v00000240afd2c220, 4, 5;
T_6.5 ;
    %load/vec4 v00000240afd2c0e0_0;
    %parti/s 1, 2, 3;
    %nor/r;
    %flag_set/vec4 8;
    %jmp/0xz  T_6.7, 8;
    %load/vec4 v00000240afd2bbe0_0;
    %parti/s 1, 2, 3;
    %load/vec4 v00000240afd2b6e0_0;
    %parti/s 8, 0, 2;
    %pad/u 10;
    %ix/vec4 3;
    %ix/load 4, 2, 0; part off
    %ix/load 5, 0, 0; Constant delay
    %assign/vec4/a/d v00000240afd2c220, 4, 5;
T_6.7 ;
    %load/vec4 v00000240afd2c0e0_0;
    %parti/s 1, 3, 3;
    %nor/r;
    %flag_set/vec4 8;
    %jmp/0xz  T_6.9, 8;
    %load/vec4 v00000240afd2bbe0_0;
    %parti/s 1, 3, 3;
    %load/vec4 v00000240afd2b6e0_0;
    %parti/s 8, 0, 2;
    %pad/u 10;
    %ix/vec4 3;
    %ix/load 4, 3, 0; part off
    %ix/load 5, 0, 0; Constant delay
    %assign/vec4/a/d v00000240afd2c220, 4, 5;
T_6.9 ;
    %load/vec4 v00000240afd2c0e0_0;
    %parti/s 1, 4, 4;
    %nor/r;
    %flag_set/vec4 8;
    %jmp/0xz  T_6.11, 8;
    %load/vec4 v00000240afd2bbe0_0;
    %parti/s 1, 4, 4;
    %load/vec4 v00000240afd2b6e0_0;
    %parti/s 8, 0, 2;
    %pad/u 10;
    %ix/vec4 3;
    %ix/load 4, 4, 0; part off
    %ix/load 5, 0, 0; Constant delay
    %assign/vec4/a/d v00000240afd2c220, 4, 5;
T_6.11 ;
    %load/vec4 v00000240afd2c0e0_0;
    %parti/s 1, 5, 4;
    %nor/r;
    %flag_set/vec4 8;
    %jmp/0xz  T_6.13, 8;
    %load/vec4 v00000240afd2bbe0_0;
    %parti/s 1, 5, 4;
    %load/vec4 v00000240afd2b6e0_0;
    %parti/s 8, 0, 2;
    %pad/u 10;
    %ix/vec4 3;
    %ix/load 4, 5, 0; part off
    %ix/load 5, 0, 0; Constant delay
    %assign/vec4/a/d v00000240afd2c220, 4, 5;
T_6.13 ;
    %load/vec4 v00000240afd2c0e0_0;
    %parti/s 1, 6, 4;
    %nor/r;
    %flag_set/vec4 8;
    %jmp/0xz  T_6.15, 8;
    %load/vec4 v00000240afd2bbe0_0;
    %parti/s 1, 6, 4;
    %load/vec4 v00000240afd2b6e0_0;
    %parti/s 8, 0, 2;
    %pad/u 10;
    %ix/vec4 3;
    %ix/load 4, 6, 0; part off
    %ix/load 5, 0, 0; Constant delay
    %assign/vec4/a/d v00000240afd2c220, 4, 5;
T_6.15 ;
    %load/vec4 v00000240afd2c0e0_0;
    %parti/s 1, 7, 4;
    %nor/r;
    %flag_set/vec4 8;
    %jmp/0xz  T_6.17, 8;
    %load/vec4 v00000240afd2bbe0_0;
    %parti/s 1, 7, 4;
    %load/vec4 v00000240afd2b6e0_0;
    %parti/s 8, 0, 2;
    %pad/u 10;
    %ix/vec4 3;
    %ix/load 4, 7, 0; part off
    %ix/load 5, 0, 0; Constant delay
    %assign/vec4/a/d v00000240afd2c220, 4, 5;
T_6.17 ;
    %load/vec4 v00000240afd2c0e0_0;
    %parti/s 1, 8, 5;
    %nor/r;
    %flag_set/vec4 8;
    %jmp/0xz  T_6.19, 8;
    %load/vec4 v00000240afd2bbe0_0;
    %parti/s 1, 8, 5;
    %load/vec4 v00000240afd2b6e0_0;
    %parti/s 8, 0, 2;
    %pad/u 10;
    %ix/vec4 3;
    %ix/load 4, 8, 0; part off
    %ix/load 5, 0, 0; Constant delay
    %assign/vec4/a/d v00000240afd2c220, 4, 5;
T_6.19 ;
    %load/vec4 v00000240afd2c0e0_0;
    %parti/s 1, 9, 5;
    %nor/r;
    %flag_set/vec4 8;
    %jmp/0xz  T_6.21, 8;
    %load/vec4 v00000240afd2bbe0_0;
    %parti/s 1, 9, 5;
    %load/vec4 v00000240afd2b6e0_0;
    %parti/s 8, 0, 2;
    %pad/u 10;
    %ix/vec4 3;
    %ix/load 4, 9, 0; part off
    %ix/load 5, 0, 0; Constant delay
    %assign/vec4/a/d v00000240afd2c220, 4, 5;
T_6.21 ;
    %load/vec4 v00000240afd2c0e0_0;
    %parti/s 1, 10, 5;
    %nor/r;
    %flag_set/vec4 8;
    %jmp/0xz  T_6.23, 8;
    %load/vec4 v00000240afd2bbe0_0;
    %parti/s 1, 10, 5;
    %load/vec4 v00000240afd2b6e0_0;
    %parti/s 8, 0, 2;
    %pad/u 10;
    %ix/vec4 3;
    %ix/load 4, 10, 0; part off
    %ix/load 5, 0, 0; Constant delay
    %assign/vec4/a/d v00000240afd2c220, 4, 5;
T_6.23 ;
    %load/vec4 v00000240afd2c0e0_0;
    %parti/s 1, 11, 5;
    %nor/r;
    %flag_set/vec4 8;
    %jmp/0xz  T_6.25, 8;
    %load/vec4 v00000240afd2bbe0_0;
    %parti/s 1, 11, 5;
    %load/vec4 v00000240afd2b6e0_0;
    %parti/s 8, 0, 2;
    %pad/u 10;
    %ix/vec4 3;
    %ix/load 4, 11, 0; part off
    %ix/load 5, 0, 0; Constant delay
    %assign/vec4/a/d v00000240afd2c220, 4, 5;
T_6.25 ;
    %load/vec4 v00000240afd2c0e0_0;
    %parti/s 1, 12, 5;
    %nor/r;
    %flag_set/vec4 8;
    %jmp/0xz  T_6.27, 8;
    %load/vec4 v00000240afd2bbe0_0;
    %parti/s 1, 12, 5;
    %load/vec4 v00000240afd2b6e0_0;
    %parti/s 8, 0, 2;
    %pad/u 10;
    %ix/vec4 3;
    %ix/load 4, 12, 0; part off
    %ix/load 5, 0, 0; Constant delay
    %assign/vec4/a/d v00000240afd2c220, 4, 5;
T_6.27 ;
    %load/vec4 v00000240afd2c0e0_0;
    %parti/s 1, 13, 5;
    %nor/r;
    %flag_set/vec4 8;
    %jmp/0xz  T_6.29, 8;
    %load/vec4 v00000240afd2bbe0_0;
    %parti/s 1, 13, 5;
    %load/vec4 v00000240afd2b6e0_0;
    %parti/s 8, 0, 2;
    %pad/u 10;
    %ix/vec4 3;
    %ix/load 4, 13, 0; part off
    %ix/load 5, 0, 0; Constant delay
    %assign/vec4/a/d v00000240afd2c220, 4, 5;
T_6.29 ;
    %load/vec4 v00000240afd2c0e0_0;
    %parti/s 1, 14, 5;
    %nor/r;
    %flag_set/vec4 8;
    %jmp/0xz  T_6.31, 8;
    %load/vec4 v00000240afd2bbe0_0;
    %parti/s 1, 14, 5;
    %load/vec4 v00000240afd2b6e0_0;
    %parti/s 8, 0, 2;
    %pad/u 10;
    %ix/vec4 3;
    %ix/load 4, 14, 0; part off
    %ix/load 5, 0, 0; Constant delay
    %assign/vec4/a/d v00000240afd2c220, 4, 5;
T_6.31 ;
    %load/vec4 v00000240afd2c0e0_0;
    %parti/s 1, 15, 5;
    %nor/r;
    %flag_set/vec4 8;
    %jmp/0xz  T_6.33, 8;
    %load/vec4 v00000240afd2bbe0_0;
    %parti/s 1, 15, 5;
    %load/vec4 v00000240afd2b6e0_0;
    %parti/s 8, 0, 2;
    %pad/u 10;
    %ix/vec4 3;
    %ix/load 4, 15, 0; part off
    %ix/load 5, 0, 0; Constant delay
    %assign/vec4/a/d v00000240afd2c220, 4, 5;
T_6.33 ;
T_6.0 ;
    %jmp T_6;
    .thread T_6;
    .scope S_00000240afd178f0;
T_7 ;
    %wait E_00000240afd02170;
    %load/vec4 v00000240afd2c400_0;
    %flag_set/vec4 9;
    %flag_get/vec4 9;
    %jmp/0 T_7.2, 9;
    %load/vec4 v00000240afd2b320_0;
    %and;
T_7.2;
    %flag_set/vec4 8;
    %jmp/0xz  T_7.0, 8;
    %load/vec4 v00000240afd2c9a0_0;
    %parti/s 8, 0, 2;
    %pad/u 10;
    %ix/vec4 4;
    %load/vec4a v00000240afd2c220, 4;
    %load/vec4 v00000240afd2b5a0_0;
    %inv;
    %and;
    %assign/vec4 v00000240afd2b500_0, 0;
T_7.0 ;
    %jmp T_7;
    .thread T_7;
    .scope S_00000240afa86a90;
T_8 ;
    %pushi/vec4 0, 0, 1;
    %store/vec4 v00000240afd75d20_0, 0, 1;
    %end;
    .thread T_8;
    .scope S_00000240afa86a90;
T_9 ;
    %wait E_00000240afd03130;
    %load/vec4 v00000240afd75be0_0;
    %assign/vec4 v00000240afd75d20_0, 0;
    %jmp T_9;
    .thread T_9;
    .scope S_00000240afaa3530;
T_10 ;
    %pushi/vec4 0, 0, 1;
    %store/vec4 v00000240afd75fa0_0, 0, 1;
    %end;
    .thread T_10;
    .scope S_00000240afaa3530;
T_11 ;
    %wait E_00000240afd032b0;
    %load/vec4 v00000240afd75f00_0;
    %flag_set/vec4 8;
    %jmp/0xz  T_11.0, 8;
    %load/vec4 v00000240afd75e60_0;
    %assign/vec4 v00000240afd75fa0_0, 0;
T_11.0 ;
    %jmp T_11;
    .thread T_11;
    .scope S_00000240afa8b830;
T_12 ;
    %pushi/vec4 0, 0, 1;
    %store/vec4 v00000240afd7a860_0, 0, 1;
    %end;
    .thread T_12;
    .scope S_00000240afa8b830;
T_13 ;
    %wait E_00000240afd02770;
    %load/vec4 v00000240afd79d20_0;
    %flag_set/vec4 8;
    %jmp/0xz  T_13.0, 8;
    %pushi/vec4 0, 0, 1;
    %assign/vec4 v00000240afd7a860_0, 0;
    %jmp T_13.1;
T_13.0 ;
    %load/vec4 v00000240afd764a0_0;
    %flag_set/vec4 8;
    %jmp/0xz  T_13.2, 8;
    %load/vec4 v00000240afd76400_0;
    %assign/vec4 v00000240afd7a860_0, 0;
T_13.2 ;
T_13.1 ;
    %jmp T_13;
    .thread T_13;
    .scope S_00000240afa8b9c0;
T_14 ;
    %pushi/vec4 0, 0, 1;
    %store/vec4 v00000240afd7a5e0_0, 0, 1;
    %end;
    .thread T_14;
    .scope S_00000240afa8b9c0;
T_15 ;
    %wait E_00000240afd031b0;
    %load/vec4 v00000240afd79c80_0;
    %flag_set/vec4 8;
    %jmp/0xz  T_15.0, 8;
    %pushi/vec4 1, 0, 1;
    %assign/vec4 v00000240afd7a5e0_0, 0;
    %jmp T_15.1;
T_15.0 ;
    %load/vec4 v00000240afd79a00_0;
    %flag_set/vec4 8;
    %jmp/0xz  T_15.2, 8;
    %load/vec4 v00000240afd79fa0_0;
    %assign/vec4 v00000240afd7a5e0_0, 0;
T_15.2 ;
T_15.1 ;
    %jmp T_15;
    .thread T_15;
    .scope S_00000240afa8bb50;
T_16 ;
    %pushi/vec4 0, 0, 1;
    %store/vec4 v00000240afd7a540_0, 0, 1;
    %end;
    .thread T_16;
    .scope S_00000240afa8bb50;
T_17 ;
    %wait E_00000240afd02f30;
    %load/vec4 v00000240afd7aae0_0;
    %flag_set/vec4 8;
    %jmp/0xz  T_17.0, 8;
    %load/vec4 v00000240afd79820_0;
    %flag_set/vec4 8;
    %jmp/0xz  T_17.2, 8;
    %pushi/vec4 0, 0, 1;
    %assign/vec4 v00000240afd7a540_0, 0;
    %jmp T_17.3;
T_17.2 ;
    %load/vec4 v00000240afd79e60_0;
    %assign/vec4 v00000240afd7a540_0, 0;
T_17.3 ;
T_17.0 ;
    %jmp T_17;
    .thread T_17;
    .scope S_00000240afa95690;
T_18 ;
    %pushi/vec4 0, 0, 1;
    %store/vec4 v00000240afd79be0_0, 0, 1;
    %end;
    .thread T_18;
    .scope S_00000240afa95690;
T_19 ;
    %wait E_00000240afd035b0;
    %load/vec4 v00000240afd7a180_0;
    %flag_set/vec4 8;
    %jmp/0xz  T_19.0, 8;
    %load/vec4 v00000240afd7a0e0_0;
    %flag_set/vec4 8;
    %jmp/0xz  T_19.2, 8;
    %pushi/vec4 1, 0, 1;
    %assign/vec4 v00000240afd79be0_0, 0;
    %jmp T_19.3;
T_19.2 ;
    %load/vec4 v00000240afd7a680_0;
    %assign/vec4 v00000240afd79be0_0, 0;
T_19.3 ;
T_19.0 ;
    %jmp T_19;
    .thread T_19;
    .scope S_00000240afa95820;
T_20 ;
    %pushi/vec4 0, 0, 1;
    %store/vec4 v00000240afd7acc0_0, 0, 1;
    %end;
    .thread T_20;
    .scope S_00000240afa95820;
T_21 ;
    %wait E_00000240afd028b0;
    %load/vec4 v00000240afd79f00_0;
    %assign/vec4 v00000240afd7acc0_0, 0;
    %jmp T_21;
    .thread T_21;
    .scope S_00000240afa959b0;
T_22 ;
    %pushi/vec4 0, 0, 1;
    %store/vec4 v00000240afd7a2c0_0, 0, 1;
    %end;
    .thread T_22;
    .scope S_00000240afa959b0;
T_23 ;
    %wait E_00000240afd027b0;
    %load/vec4 v00000240afd79780_0;
    %flag_set/vec4 8;
    %jmp/0xz  T_23.0, 8;
    %load/vec4 v00000240afd7a220_0;
    %assign/vec4 v00000240afd7a2c0_0, 0;
T_23.0 ;
    %jmp T_23;
    .thread T_23;
    .scope S_00000240afa92cd0;
T_24 ;
    %pushi/vec4 0, 0, 1;
    %store/vec4 v00000240afd79b40_0, 0, 1;
    %end;
    .thread T_24;
    .scope S_00000240afa92cd0;
T_25 ;
    %wait E_00000240afd02e70;
    %load/vec4 v00000240afd7a900_0;
    %flag_set/vec4 8;
    %jmp/0xz  T_25.0, 8;
    %pushi/vec4 0, 0, 1;
    %assign/vec4 v00000240afd79b40_0, 0;
    %jmp T_25.1;
T_25.0 ;
    %load/vec4 v00000240afd7a720_0;
    %flag_set/vec4 8;
    %jmp/0xz  T_25.2, 8;
    %load/vec4 v00000240afd7a400_0;
    %assign/vec4 v00000240afd79b40_0, 0;
T_25.2 ;
T_25.1 ;
    %jmp T_25;
    .thread T_25;
    .scope S_00000240afa92e60;
T_26 ;
    %pushi/vec4 0, 0, 1;
    %store/vec4 v00000240afd7ae00_0, 0, 1;
    %end;
    .thread T_26;
    .scope S_00000240afa92e60;
T_27 ;
    %wait E_00000240afd02f70;
    %load/vec4 v00000240afd7a9a0_0;
    %flag_set/vec4 8;
    %jmp/0xz  T_27.0, 8;
    %pushi/vec4 1, 0, 1;
    %assign/vec4 v00000240afd7ae00_0, 0;
    %jmp T_27.1;
T_27.0 ;
    %load/vec4 v00000240afd79960_0;
    %flag_set/vec4 8;
    %jmp/0xz  T_27.2, 8;
    %load/vec4 v00000240afd798c0_0;
    %assign/vec4 v00000240afd7ae00_0, 0;
T_27.2 ;
T_27.1 ;
    %jmp T_27;
    .thread T_27;
    .scope S_00000240afd12190;
T_28 ;
    %pushi/vec4 0, 0, 1;
    %store/vec4 v00000240afd773e0_0, 0, 1;
    %end;
    .thread T_28;
    .scope S_00000240afd12190;
T_29 ;
    %wait E_00000240afd032f0;
    %load/vec4 v00000240afd7ad60_0;
    %flag_set/vec4 8;
    %jmp/0xz  T_29.0, 8;
    %load/vec4 v00000240afd78560_0;
    %flag_set/vec4 8;
    %jmp/0xz  T_29.2, 8;
    %pushi/vec4 0, 0, 1;
    %assign/vec4 v00000240afd773e0_0, 0;
    %jmp T_29.3;
T_29.2 ;
    %load/vec4 v00000240afd7ab80_0;
    %assign/vec4 v00000240afd773e0_0, 0;
T_29.3 ;
T_29.0 ;
    %jmp T_29;
    .thread T_29;
    .scope S_00000240afd119c0;
T_30 ;
    %pushi/vec4 0, 0, 1;
    %store/vec4 v00000240afd78b00_0, 0, 1;
    %end;
    .thread T_30;
    .scope S_00000240afd119c0;
T_31 ;
    %wait E_00000240afd02af0;
    %load/vec4 v00000240afd786a0_0;
    %flag_set/vec4 8;
    %jmp/0xz  T_31.0, 8;
    %load/vec4 v00000240afd77200_0;
    %flag_set/vec4 8;
    %jmp/0xz  T_31.2, 8;
    %pushi/vec4 1, 0, 1;
    %assign/vec4 v00000240afd78b00_0, 0;
    %jmp T_31.3;
T_31.2 ;
    %load/vec4 v00000240afd79640_0;
    %assign/vec4 v00000240afd78b00_0, 0;
T_31.3 ;
T_31.0 ;
    %jmp T_31;
    .thread T_31;
    .scope S_00000240afd12320;
T_32 ;
    %pushi/vec4 0, 0, 1;
    %store/vec4 v00000240afd78e20_0, 0, 1;
    %end;
    .thread T_32;
    .scope S_00000240afd12320;
T_33 ;
    %wait E_00000240afd03470;
    %load/vec4 v00000240afd781a0_0;
    %flag_set/vec4 8;
    %jmp/0xz  T_33.0, 8;
    %pushi/vec4 0, 0, 1;
    %assign/vec4 v00000240afd78e20_0, 0;
    %jmp T_33.1;
T_33.0 ;
    %load/vec4 v00000240afd78c40_0;
    %assign/vec4 v00000240afd78e20_0, 0;
T_33.1 ;
    %jmp T_33;
    .thread T_33;
    .scope S_00000240afd12000;
T_34 ;
    %pushi/vec4 0, 0, 1;
    %store/vec4 v00000240afd78100_0, 0, 1;
    %end;
    .thread T_34;
    .scope S_00000240afd12000;
T_35 ;
    %wait E_00000240afd02cf0;
    %load/vec4 v00000240afd77de0_0;
    %flag_set/vec4 8;
    %jmp/0xz  T_35.0, 8;
    %pushi/vec4 1, 0, 1;
    %assign/vec4 v00000240afd78100_0, 0;
    %jmp T_35.1;
T_35.0 ;
    %load/vec4 v00000240afd796e0_0;
    %assign/vec4 v00000240afd78100_0, 0;
T_35.1 ;
    %jmp T_35;
    .thread T_35;
    .scope S_00000240afd124b0;
T_36 ;
    %pushi/vec4 0, 0, 1;
    %store/vec4 v00000240afd78600_0, 0, 1;
    %end;
    .thread T_36;
    .scope S_00000240afd124b0;
T_37 ;
    %wait E_00000240afd029f0;
    %load/vec4 v00000240afd78ce0_0;
    %flag_set/vec4 8;
    %jmp/0xz  T_37.0, 8;
    %pushi/vec4 0, 0, 1;
    %assign/vec4 v00000240afd78600_0, 0;
    %jmp T_37.1;
T_37.0 ;
    %load/vec4 v00000240afd77980_0;
    %assign/vec4 v00000240afd78600_0, 0;
T_37.1 ;
    %jmp T_37;
    .thread T_37;
    .scope S_00000240afd116a0;
T_38 ;
    %pushi/vec4 0, 0, 1;
    %store/vec4 v00000240afd77ca0_0, 0, 1;
    %end;
    .thread T_38;
    .scope S_00000240afd116a0;
T_39 ;
    %wait E_00000240afd03670;
    %load/vec4 v00000240afd76f80_0;
    %flag_set/vec4 8;
    %jmp/0xz  T_39.0, 8;
    %pushi/vec4 1, 0, 1;
    %assign/vec4 v00000240afd77ca0_0, 0;
    %jmp T_39.1;
T_39.0 ;
    %load/vec4 v00000240afd77fc0_0;
    %assign/vec4 v00000240afd77ca0_0, 0;
T_39.1 ;
    %jmp T_39;
    .thread T_39;
    .scope S_00000240afd11b50;
T_40 ;
    %pushi/vec4 0, 0, 1;
    %store/vec4 v00000240afd791e0_0, 0, 1;
    %end;
    .thread T_40;
    .scope S_00000240afd11b50;
T_41 ;
    %wait E_00000240afd02fb0;
    %load/vec4 v00000240afd787e0_0;
    %flag_set/vec4 8;
    %jmp/0xz  T_41.0, 8;
    %pushi/vec4 0, 0, 1;
    %assign/vec4 v00000240afd791e0_0, 0;
    %jmp T_41.1;
T_41.0 ;
    %load/vec4 v00000240afd778e0_0;
    %assign/vec4 v00000240afd791e0_0, 0;
T_41.1 ;
    %jmp T_41;
    .thread T_41;
    .scope S_00000240afd11830;
T_42 ;
    %pushi/vec4 0, 0, 1;
    %store/vec4 v00000240afd795a0_0, 0, 1;
    %end;
    .thread T_42;
    .scope S_00000240afd11830;
T_43 ;
    %wait E_00000240afd03630;
    %load/vec4 v00000240afd78920_0;
    %flag_set/vec4 8;
    %jmp/0xz  T_43.0, 8;
    %pushi/vec4 1, 0, 1;
    %assign/vec4 v00000240afd795a0_0, 0;
    %jmp T_43.1;
T_43.0 ;
    %load/vec4 v00000240afd78420_0;
    %assign/vec4 v00000240afd795a0_0, 0;
T_43.1 ;
    %jmp T_43;
    .thread T_43;
    .scope S_00000240afd11ce0;
T_44 ;
    %pushi/vec4 0, 0, 1;
    %store/vec4 v00000240afd77840_0, 0, 1;
    %end;
    .thread T_44;
    .scope S_00000240afd11ce0;
T_45 ;
    %wait E_00000240afd02830;
    %load/vec4 v00000240afd77700_0;
    %flag_set/vec4 8;
    %jmp/0xz  T_45.0, 8;
    %pushi/vec4 0, 0, 1;
    %assign/vec4 v00000240afd77840_0, 0;
    %jmp T_45.1;
T_45.0 ;
    %load/vec4 v00000240afd77480_0;
    %assign/vec4 v00000240afd77840_0, 0;
T_45.1 ;
    %jmp T_45;
    .thread T_45;
    .scope S_00000240afd11e70;
T_46 ;
    %pushi/vec4 0, 0, 1;
    %store/vec4 v00000240afd79320_0, 0, 1;
    %end;
    .thread T_46;
    .scope S_00000240afd11e70;
T_47 ;
    %wait E_00000240afd036b0;
    %load/vec4 v00000240afd78a60_0;
    %flag_set/vec4 8;
    %jmp/0xz  T_47.0, 8;
    %pushi/vec4 1, 0, 1;
    %assign/vec4 v00000240afd79320_0, 0;
    %jmp T_47.1;
T_47.0 ;
    %load/vec4 v00000240afd77a20_0;
    %assign/vec4 v00000240afd79320_0, 0;
T_47.1 ;
    %jmp T_47;
    .thread T_47;
    .scope S_00000240afd17c10;
T_48 ;
    %wait E_00000240afd03370;
    %load/vec4 v00000240afd77020_0;
    %assign/vec4 v00000240afd772a0_0, 0;
    %jmp T_48;
    .thread T_48;
    .scope S_00000240afd17c10;
T_49 ;
    %wait E_00000240afd03370;
    %load/vec4 v00000240afd77020_0;
    %flag_set/vec4 8;
    %jmp/0xz  T_49.0, 8;
    %load/vec4 v00000240afd790a0_0;
    %assign/vec4 v00000240afd77ac0_0, 0;
T_49.0 ;
    %jmp T_49;
    .thread T_49;
    .scope S_00000240afd17c10;
T_50 ;
    %wait E_00000240afd02b30;
    %load/vec4 v00000240afd772a0_0;
    %flag_set/vec4 8;
    %jmp/0xz  T_50.0, 8;
    %load/vec4 v00000240afd790a0_0;
    %assign/vec4 v00000240afd77c00_0, 0;
T_50.0 ;
    %jmp T_50;
    .thread T_50;
    .scope S_00000240afd17c10;
T_51 ;
    %wait E_00000240afd026f0;
    %load/vec4 v00000240afd77020_0;
    %assign/vec4 v00000240afd77340_0, 0;
    %jmp T_51;
    .thread T_51;
    .scope S_00000240afd17c10;
T_52 ;
    %wait E_00000240afd026f0;
    %load/vec4 v00000240afd77020_0;
    %flag_set/vec4 8;
    %jmp/0xz  T_52.0, 8;
    %load/vec4 v00000240afd789c0_0;
    %assign/vec4 v00000240afd78240_0, 0;
T_52.0 ;
    %jmp T_52;
    .thread T_52;
    .scope S_00000240afd17c10;
T_53 ;
    %wait E_00000240afd03070;
    %load/vec4 v00000240afd77340_0;
    %flag_set/vec4 8;
    %jmp/0xz  T_53.0, 8;
    %load/vec4 v00000240afd77f20_0;
    %assign/vec4 v00000240afd7de10_0, 0;
T_53.0 ;
    %jmp T_53;
    .thread T_53;
    .scope S_00000240afd17c10;
T_54 ;
    %wait E_00000240afd026f0;
    %load/vec4 v00000240afd77020_0;
    %flag_set/vec4 8;
    %jmp/0xz  T_54.0, 8;
    %load/vec4 v00000240afd78060_0;
    %assign/vec4 v00000240afd7eb30_0, 0;
T_54.0 ;
    %jmp T_54;
    .thread T_54;
    .scope S_00000240afd17a80;
T_55 ;
    %wait E_00000240afd02ff0;
    %load/vec4 v00000240afd77ac0_0;
    %store/vec4 v00000240afd77660_0, 0, 1;
    %load/vec4 v00000240afd77c00_0;
    %store/vec4 v00000240afd777a0_0, 0, 1;
    %jmp T_55;
    .thread T_55, $push;
    .scope S_00000240afd17a80;
T_56 ;
    %wait E_00000240afd02ab0;
    %load/vec4 v00000240afd79000_0;
    %assign/vec4 v00000240afd7f030_0, 0;
    %jmp T_56;
    .thread T_56, $push;
    .scope S_00000240afd17a80;
T_57 ;
    %wait E_00000240afd02b70;
    %load/vec4 v00000240afd7f030_0;
    %assign/vec4 v00000240afd7ea90_0, 0;
    %jmp T_57;
    .thread T_57, $push;
    .scope S_00000240afd17a80;
T_58 ;
    %wait E_00000240afd03330;
    %load/vec4 v00000240afd7ea90_0;
    %pushi/vec4 0, 0, 1;
    %xor;
    %flag_set/vec4 8;
    %jmp/1 T_58.2, 8;
    %pushi/vec4 0, 0, 1;
    %flag_set/vec4 9;
    %flag_or 8, 9;
T_58.2;
    %jmp/0 T_58.0, 8;
    %load/vec4 v00000240afd78240_0;
    %jmp/1 T_58.1, 8;
T_58.0 ; End of true expr.
    %load/vec4 v00000240afd7de10_0;
    %jmp/0 T_58.1, 8;
 ; End of false expr.
    %blend;
T_58.1;
    %store/vec4 v00000240afd77d40_0, 0, 1;
    %jmp T_58;
    .thread T_58, $push;
    .scope S_00000240afd180c0;
T_59 ;
    %wait E_00000240afd03170;
    %load/vec4 v00000240afd7bf70_0;
    %flag_set/vec4 8;
    %jmp/0xz  T_59.0, 8;
    %load/vec4 v00000240afd7cdd0_0;
    %assign/vec4 v00000240afd7c010_0, 0;
T_59.0 ;
    %jmp T_59;
    .thread T_59;
    .scope S_00000240afd180c0;
T_60 ;
    %wait E_00000240afd027f0;
    %load/vec4 v00000240afd7bf70_0;
    %flag_set/vec4 8;
    %jmp/0xz  T_60.0, 8;
    %load/vec4 v00000240afd7cdd0_0;
    %assign/vec4 v00000240afd7d550_0, 0;
T_60.0 ;
    %jmp T_60;
    .thread T_60;
    .scope S_00000240afd180c0;
T_61 ;
    %wait E_00000240afd03530;
    %load/vec4 v00000240afd7bf70_0;
    %flag_set/vec4 8;
    %jmp/0xz  T_61.0, 8;
    %load/vec4 v00000240afd7d370_0;
    %assign/vec4 v00000240afd7ca10_0, 0;
T_61.0 ;
    %jmp T_61;
    .thread T_61;
    .scope S_00000240afd180c0;
T_62 ;
    %wait E_00000240afd035f0;
    %load/vec4 v00000240afd7bf70_0;
    %flag_set/vec4 8;
    %jmp/0xz  T_62.0, 8;
    %load/vec4 v00000240afd7d410_0;
    %assign/vec4 v00000240afd7c8d0_0, 0;
T_62.0 ;
    %jmp T_62;
    .thread T_62;
    .scope S_00000240afd180c0;
T_63 ;
    %wait E_00000240afd03530;
    %load/vec4 v00000240afd7bf70_0;
    %flag_set/vec4 8;
    %jmp/0xz  T_63.0, 8;
    %load/vec4 v00000240afd7b570_0;
    %assign/vec4 v00000240afd7cab0_0, 0;
T_63.0 ;
    %jmp T_63;
    .thread T_63;
    .scope S_00000240afd131a0;
T_64 ;
    %wait E_00000240afd031f0;
    %load/vec4 v00000240afd7c010_0;
    %store/vec4 v00000240afd7d7d0_0, 0, 1;
    %load/vec4 v00000240afd7d550_0;
    %store/vec4 v00000240afd7bb10_0, 0, 1;
    %jmp T_64;
    .thread T_64, $push;
    .scope S_00000240afd131a0;
T_65 ;
    %wait E_00000240afd033b0;
    %load/vec4 v00000240afd7da50_0;
    %assign/vec4 v00000240afd7d050_0, 0;
    %jmp T_65;
    .thread T_65, $push;
    .scope S_00000240afd131a0;
T_66 ;
    %wait E_00000240afd028f0;
    %load/vec4 v00000240afd7d050_0;
    %assign/vec4 v00000240afd7ce70_0, 0;
    %jmp T_66;
    .thread T_66, $push;
    .scope S_00000240afd131a0;
T_67 ;
    %wait E_00000240afd03030;
    %load/vec4 v00000240afd7ce70_0;
    %pushi/vec4 0, 0, 1;
    %xor;
    %flag_set/vec4 8;
    %jmp/1 T_67.2, 8;
    %pushi/vec4 0, 0, 1;
    %flag_set/vec4 9;
    %flag_or 8, 9;
T_67.2;
    %jmp/0 T_67.0, 8;
    %load/vec4 v00000240afd7ca10_0;
    %jmp/1 T_67.1, 8;
T_67.0 ; End of true expr.
    %load/vec4 v00000240afd7c8d0_0;
    %jmp/0 T_67.1, 8;
 ; End of false expr.
    %blend;
T_67.1;
    %store/vec4 v00000240afd7c0b0_0, 0, 1;
    %jmp T_67;
    .thread T_67, $push;
    .scope S_00000240afd18250;
T_68 ;
    %wait E_00000240afd02870;
    %load/vec4 v00000240afd7b890_0;
    %flag_set/vec4 8;
    %jmp/0xz  T_68.0, 8;
    %load/vec4 v00000240afd7c330_0;
    %assign/vec4 v00000240afd7b930_0, 0;
T_68.0 ;
    %jmp T_68;
    .thread T_68;
    .scope S_00000240afd18250;
T_69 ;
    %wait E_00000240afd02bf0;
    %load/vec4 v00000240afd7b890_0;
    %flag_set/vec4 8;
    %jmp/0xz  T_69.0, 8;
    %load/vec4 v00000240afd7c330_0;
    %assign/vec4 v00000240afd7c150_0, 0;
T_69.0 ;
    %jmp T_69;
    .thread T_69;
    .scope S_00000240afd18250;
T_70 ;
    %wait E_00000240afd034b0;
    %load/vec4 v00000240afd7b890_0;
    %flag_set/vec4 8;
    %jmp/0xz  T_70.0, 8;
    %load/vec4 v00000240afd7b9d0_0;
    %assign/vec4 v00000240afd7d870_0, 0;
T_70.0 ;
    %jmp T_70;
    .thread T_70;
    .scope S_00000240afd18250;
T_71 ;
    %wait E_00000240afd033f0;
    %load/vec4 v00000240afd7b890_0;
    %flag_set/vec4 8;
    %jmp/0xz  T_71.0, 8;
    %load/vec4 v00000240afd7c510_0;
    %assign/vec4 v00000240afd7c3d0_0, 0;
T_71.0 ;
    %jmp T_71;
    .thread T_71;
    .scope S_00000240afd18250;
T_72 ;
    %wait E_00000240afd034b0;
    %load/vec4 v00000240afd7b890_0;
    %flag_set/vec4 8;
    %jmp/0xz  T_72.0, 8;
    %load/vec4 v00000240afd7c290_0;
    %assign/vec4 v00000240afd7c5b0_0, 0;
T_72.0 ;
    %jmp T_72;
    .thread T_72;
    .scope S_00000240afd13650;
T_73 ;
    %wait E_00000240afd03270;
    %load/vec4 v00000240afd7b930_0;
    %store/vec4 v00000240afd7cfb0_0, 0, 1;
    %load/vec4 v00000240afd7c150_0;
    %store/vec4 v00000240afd7cbf0_0, 0, 1;
    %jmp T_73;
    .thread T_73, $push;
    .scope S_00000240afd13650;
T_74 ;
    %wait E_00000240afd03230;
    %load/vec4 v00000240afd7b390_0;
    %assign/vec4 v00000240afd7d690_0, 0;
    %jmp T_74;
    .thread T_74, $push;
    .scope S_00000240afd13650;
T_75 ;
    %wait E_00000240afd030f0;
    %load/vec4 v00000240afd7d690_0;
    %assign/vec4 v00000240afd7b430_0, 0;
    %jmp T_75;
    .thread T_75, $push;
    .scope S_00000240afd13650;
T_76 ;
    %wait E_00000240afd030b0;
    %load/vec4 v00000240afd7b430_0;
    %pushi/vec4 0, 0, 1;
    %xor;
    %flag_set/vec4 8;
    %jmp/1 T_76.2, 8;
    %pushi/vec4 0, 0, 1;
    %flag_set/vec4 9;
    %flag_or 8, 9;
T_76.2;
    %jmp/0 T_76.0, 8;
    %load/vec4 v00000240afd7d870_0;
    %jmp/1 T_76.1, 8;
T_76.0 ; End of true expr.
    %load/vec4 v00000240afd7c3d0_0;
    %jmp/0 T_76.1, 8;
 ; End of false expr.
    %blend;
T_76.1;
    %store/vec4 v00000240afd7d5f0_0, 0, 1;
    %jmp T_76;
    .thread T_76, $push;
    .scope S_00000240afd13c90;
T_77 ;
    %wait E_00000240afd03570;
    %load/vec4 v00000240afd7fd30_0;
    %flag_set/vec4 8;
    %jmp/0xz  T_77.0, 8;
    %pushi/vec4 0, 0, 16;
    %assign/vec4 v00000240afd83ca0_0, 0;
    %pushi/vec4 0, 0, 16;
    %assign/vec4 v00000240afd85b40_0, 0;
    %jmp T_77.1;
T_77.0 ;
    %load/vec4 v00000240afd80550_0;
    %flag_set/vec4 8;
    %jmp/0xz  T_77.2, 8;
    %load/vec4 v00000240afd7f970_0;
    %nor/r;
    %flag_set/vec4 8;
    %jmp/0xz  T_77.4, 8;
    %load/vec4 v00000240afd807d0_0;
    %assign/vec4 v00000240afd83ca0_0, 0;
T_77.4 ;
    %load/vec4 v00000240afd802d0_0;
    %nor/r;
    %flag_set/vec4 8;
    %jmp/0xz  T_77.6, 8;
    %load/vec4 v00000240afd805f0_0;
    %assign/vec4 v00000240afd85b40_0, 0;
T_77.6 ;
T_77.2 ;
T_77.1 ;
    %jmp T_77;
    .thread T_77;
    .scope S_00000240afd13c90;
T_78 ;
    %wait E_00000240afd034f0;
    %load/vec4 v00000240afd80910_0;
    %flag_set/vec4 8;
    %jmp/0xz  T_78.0, 8;
    %pushi/vec4 0, 0, 16;
    %assign/vec4 v00000240afd85c80_0, 0;
    %pushi/vec4 0, 0, 16;
    %assign/vec4 v00000240afd835c0_0, 0;
    %jmp T_78.1;
T_78.0 ;
    %load/vec4 v00000240afd80550_0;
    %flag_set/vec4 8;
    %jmp/0xz  T_78.2, 8;
    %load/vec4 v00000240afd819f0_0;
    %nor/r;
    %flag_set/vec4 8;
    %jmp/0xz  T_78.4, 8;
    %load/vec4 v00000240afd816d0_0;
    %assign/vec4 v00000240afd85c80_0, 0;
T_78.4 ;
    %load/vec4 v00000240afd7f830_0;
    %nor/r;
    %flag_set/vec4 8;
    %jmp/0xz  T_78.6, 8;
    %load/vec4 v00000240afd7f790_0;
    %assign/vec4 v00000240afd835c0_0, 0;
T_78.6 ;
T_78.2 ;
T_78.1 ;
    %jmp T_78;
    .thread T_78;
    .scope S_00000240afd13c90;
T_79 ;
    %wait E_00000240afd03570;
    %load/vec4 v00000240afd7fd30_0;
    %flag_set/vec4 8;
    %jmp/0xz  T_79.0, 8;
    %pushi/vec4 0, 0, 16;
    %assign/vec4 v00000240afd83660_0, 0;
    %pushi/vec4 0, 0, 16;
    %assign/vec4 v00000240afd86220_0, 0;
    %jmp T_79.1;
T_79.0 ;
    %load/vec4 v00000240afd80550_0;
    %flag_set/vec4 8;
    %jmp/0xz  T_79.2, 8;
    %load/vec4 v00000240afd85000_0;
    %assign/vec4 v00000240afd83660_0, 0;
    %load/vec4 v00000240afd858c0_0;
    %assign/vec4 v00000240afd86220_0, 0;
T_79.2 ;
T_79.1 ;
    %jmp T_79;
    .thread T_79;
    .scope S_00000240afd13c90;
T_80 ;
    %wait E_00000240afd034f0;
    %load/vec4 v00000240afd80910_0;
    %flag_set/vec4 8;
    %jmp/0xz  T_80.0, 8;
    %pushi/vec4 0, 0, 16;
    %assign/vec4 v00000240afd86540_0, 0;
    %pushi/vec4 0, 0, 16;
    %assign/vec4 v00000240afd83de0_0, 0;
    %jmp T_80.1;
T_80.0 ;
    %load/vec4 v00000240afd80550_0;
    %flag_set/vec4 8;
    %jmp/0xz  T_80.2, 8;
    %load/vec4 v00000240afd850a0_0;
    %assign/vec4 v00000240afd86540_0, 0;
    %load/vec4 v00000240afd85960_0;
    %assign/vec4 v00000240afd83de0_0, 0;
T_80.2 ;
T_80.1 ;
    %jmp T_80;
    .thread T_80;
    .scope S_00000240afd13c90;
T_81 ;
    %wait E_00000240afd034f0;
    %load/vec4 v00000240afd80910_0;
    %flag_set/vec4 8;
    %jmp/0xz  T_81.0, 8;
    %pushi/vec4 0, 0, 32;
    %assign/vec4 v00000240afd874e0_0, 0;
    %jmp T_81.1;
T_81.0 ;
    %load/vec4 v00000240afd80550_0;
    %flag_set/vec4 8;
    %jmp/0xz  T_81.2, 8;
    %load/vec4 v00000240afd83840_0;
    %assign/vec4 v00000240afd874e0_0, 0;
T_81.2 ;
T_81.1 ;
    %jmp T_81;
    .thread T_81;
    .scope S_00000240afd13c90;
T_82 ;
    %wait E_00000240afd03430;
    %load/vec4 v00000240afd82990_0;
    %flag_set/vec4 8;
    %jmp/0xz  T_82.0, 8;
    %pushi/vec4 0, 0, 16;
    %assign/vec4 v00000240afd87300_0, 0;
    %jmp T_82.1;
T_82.0 ;
    %load/vec4 v00000240afd80550_0;
    %flag_set/vec4 8;
    %jmp/0xz  T_82.2, 8;
    %load/vec4 v00000240afd80eb0_0;
    %nor/r;
    %flag_set/vec4 8;
    %jmp/0xz  T_82.4, 8;
    %load/vec4 v00000240afd84ec0_0;
    %assign/vec4 v00000240afd87300_0, 0;
T_82.4 ;
T_82.2 ;
T_82.1 ;
    %jmp T_82;
    .thread T_82;
    .scope S_00000240afd13c90;
T_83 ;
    %wait E_00000240afd02730;
    %load/vec4 v00000240afd82fd0_0;
    %flag_set/vec4 8;
    %jmp/0xz  T_83.0, 8;
    %pushi/vec4 0, 0, 16;
    %assign/vec4 v00000240afd867c0_0, 0;
    %jmp T_83.1;
T_83.0 ;
    %load/vec4 v00000240afd80550_0;
    %flag_set/vec4 8;
    %jmp/0xz  T_83.2, 8;
    %load/vec4 v00000240afd80d70_0;
    %nor/r;
    %flag_set/vec4 8;
    %jmp/0xz  T_83.4, 8;
    %load/vec4 v00000240afd85280_0;
    %assign/vec4 v00000240afd867c0_0, 0;
T_83.4 ;
T_83.2 ;
T_83.1 ;
    %jmp T_83;
    .thread T_83;
    .scope S_00000240afd183e0;
T_84 ;
    %pushi/vec4 0, 0, 32;
    %store/vec4 v00000240afd88d40_0, 0, 32;
T_84.0 ; Top of for-loop
    %load/vec4 v00000240afd88d40_0;
    %cmpi/s 16, 0, 32;
	  %jmp/0xz T_84.1, 5;
    %pushi/vec4 0, 0, 256;
    %load/vec4 v00000240afd88d40_0;
    %muli 16, 0, 32;
    %part/s 16;
    %pushi/vec4 0, 0, 32;
    %load/vec4 v00000240afd88d40_0;
    %add;
    %ix/vec4/s 4;
    %store/vec4a v00000240afd89b00, 4, 0;
    %pushi/vec4 0, 0, 256;
    %load/vec4 v00000240afd88d40_0;
    %muli 16, 0, 32;
    %part/s 16;
    %pushi/vec4 16, 0, 32;
    %load/vec4 v00000240afd88d40_0;
    %add;
    %ix/vec4/s 4;
    %store/vec4a v00000240afd89b00, 4, 0;
    %pushi/vec4 0, 0, 256;
    %load/vec4 v00000240afd88d40_0;
    %muli 16, 0, 32;
    %part/s 16;
    %pushi/vec4 32, 0, 32;
    %load/vec4 v00000240afd88d40_0;
    %add;
    %ix/vec4/s 4;
    %store/vec4a v00000240afd89b00, 4, 0;
    %pushi/vec4 0, 0, 256;
    %load/vec4 v00000240afd88d40_0;
    %muli 16, 0, 32;
    %part/s 16;
    %pushi/vec4 48, 0, 32;
    %load/vec4 v00000240afd88d40_0;
    %add;
    %ix/vec4/s 4;
    %store/vec4a v00000240afd89b00, 4, 0;
    %pushi/vec4 0, 0, 256;
    %load/vec4 v00000240afd88d40_0;
    %muli 16, 0, 32;
    %part/s 16;
    %pushi/vec4 64, 0, 32;
    %load/vec4 v00000240afd88d40_0;
    %add;
    %ix/vec4/s 4;
    %store/vec4a v00000240afd89b00, 4, 0;
    %pushi/vec4 0, 0, 256;
    %load/vec4 v00000240afd88d40_0;
    %muli 16, 0, 32;
    %part/s 16;
    %pushi/vec4 80, 0, 32;
    %load/vec4 v00000240afd88d40_0;
    %add;
    %ix/vec4/s 4;
    %store/vec4a v00000240afd89b00, 4, 0;
    %pushi/vec4 0, 0, 256;
    %load/vec4 v00000240afd88d40_0;
    %muli 16, 0, 32;
    %part/s 16;
    %pushi/vec4 96, 0, 32;
    %load/vec4 v00000240afd88d40_0;
    %add;
    %ix/vec4/s 4;
    %store/vec4a v00000240afd89b00, 4, 0;
    %pushi/vec4 0, 0, 256;
    %load/vec4 v00000240afd88d40_0;
    %muli 16, 0, 32;
    %part/s 16;
    %pushi/vec4 112, 0, 32;
    %load/vec4 v00000240afd88d40_0;
    %add;
    %ix/vec4/s 4;
    %store/vec4a v00000240afd89b00, 4, 0;
    %pushi/vec4 0, 0, 256;
    %load/vec4 v00000240afd88d40_0;
    %muli 16, 0, 32;
    %part/s 16;
    %pushi/vec4 128, 0, 32;
    %load/vec4 v00000240afd88d40_0;
    %add;
    %ix/vec4/s 4;
    %store/vec4a v00000240afd89b00, 4, 0;
    %pushi/vec4 0, 0, 256;
    %load/vec4 v00000240afd88d40_0;
    %muli 16, 0, 32;
    %part/s 16;
    %pushi/vec4 144, 0, 32;
    %load/vec4 v00000240afd88d40_0;
    %add;
    %ix/vec4/s 4;
    %store/vec4a v00000240afd89b00, 4, 0;
    %pushi/vec4 0, 0, 256;
    %load/vec4 v00000240afd88d40_0;
    %muli 16, 0, 32;
    %part/s 16;
    %pushi/vec4 160, 0, 32;
    %load/vec4 v00000240afd88d40_0;
    %add;
    %ix/vec4/s 4;
    %store/vec4a v00000240afd89b00, 4, 0;
    %pushi/vec4 0, 0, 256;
    %load/vec4 v00000240afd88d40_0;
    %muli 16, 0, 32;
    %part/s 16;
    %pushi/vec4 176, 0, 32;
    %load/vec4 v00000240afd88d40_0;
    %add;
    %ix/vec4/s 4;
    %store/vec4a v00000240afd89b00, 4, 0;
    %pushi/vec4 0, 0, 256;
    %load/vec4 v00000240afd88d40_0;
    %muli 16, 0, 32;
    %part/s 16;
    %pushi/vec4 192, 0, 32;
    %load/vec4 v00000240afd88d40_0;
    %add;
    %ix/vec4/s 4;
    %store/vec4a v00000240afd89b00, 4, 0;
    %pushi/vec4 0, 0, 256;
    %load/vec4 v00000240afd88d40_0;
    %muli 16, 0, 32;
    %part/s 16;
    %pushi/vec4 208, 0, 32;
    %load/vec4 v00000240afd88d40_0;
    %add;
    %ix/vec4/s 4;
    %store/vec4a v00000240afd89b00, 4, 0;
    %pushi/vec4 0, 0, 256;
    %load/vec4 v00000240afd88d40_0;
    %muli 16, 0, 32;
    %part/s 16;
    %pushi/vec4 224, 0, 32;
    %load/vec4 v00000240afd88d40_0;
    %add;
    %ix/vec4/s 4;
    %store/vec4a v00000240afd89b00, 4, 0;
    %pushi/vec4 0, 0, 256;
    %load/vec4 v00000240afd88d40_0;
    %muli 16, 0, 32;
    %part/s 16;
    %pushi/vec4 240, 0, 32;
    %load/vec4 v00000240afd88d40_0;
    %add;
    %ix/vec4/s 4;
    %store/vec4a v00000240afd89b00, 4, 0;
T_84.2 ; for-loop step statement
    %load/vec4 v00000240afd88d40_0;
    %addi 1, 0, 32;
    %store/vec4 v00000240afd88d40_0, 0, 32;
    %jmp T_84.0;
T_84.1 ; for-loop exit label
    %end;
    .thread T_84;
    .scope S_00000240afd183e0;
T_85 ;
    %wait E_00000240afd02c30;
    %load/vec4 v00000240afd88980_0;
    %flag_set/vec4 9;
    %flag_get/vec4 9;
    %jmp/0 T_85.2, 9;
    %load/vec4 v00000240afd899c0_0;
    %and;
T_85.2;
    %flag_set/vec4 8;
    %jmp/0xz  T_85.0, 8;
    %load/vec4 v00000240afd88a20_0;
    %parti/s 1, 0, 2;
    %nor/r;
    %flag_set/vec4 8;
    %jmp/0xz  T_85.3, 8;
    %load/vec4 v00000240afd8a000_0;
    %parti/s 1, 0, 2;
    %load/vec4 v00000240afd8abe0_0;
    %parti/s 8, 0, 2;
    %pad/u 10;
    %ix/vec4 3;
    %ix/load 4, 0, 0; Constant delay
    %assign/vec4/a/d v00000240afd89b00, 0, 4;
T_85.3 ;
    %load/vec4 v00000240afd88a20_0;
    %parti/s 1, 1, 2;
    %nor/r;
    %flag_set/vec4 8;
    %jmp/0xz  T_85.5, 8;
    %load/vec4 v00000240afd8a000_0;
    %parti/s 1, 1, 2;
    %load/vec4 v00000240afd8abe0_0;
    %parti/s 8, 0, 2;
    %pad/u 10;
    %ix/vec4 3;
    %ix/load 4, 1, 0; part off
    %ix/load 5, 0, 0; Constant delay
    %assign/vec4/a/d v00000240afd89b00, 4, 5;
T_85.5 ;
    %load/vec4 v00000240afd88a20_0;
    %parti/s 1, 2, 3;
    %nor/r;
    %flag_set/vec4 8;
    %jmp/0xz  T_85.7, 8;
    %load/vec4 v00000240afd8a000_0;
    %parti/s 1, 2, 3;
    %load/vec4 v00000240afd8abe0_0;
    %parti/s 8, 0, 2;
    %pad/u 10;
    %ix/vec4 3;
    %ix/load 4, 2, 0; part off
    %ix/load 5, 0, 0; Constant delay
    %assign/vec4/a/d v00000240afd89b00, 4, 5;
T_85.7 ;
    %load/vec4 v00000240afd88a20_0;
    %parti/s 1, 3, 3;
    %nor/r;
    %flag_set/vec4 8;
    %jmp/0xz  T_85.9, 8;
    %load/vec4 v00000240afd8a000_0;
    %parti/s 1, 3, 3;
    %load/vec4 v00000240afd8abe0_0;
    %parti/s 8, 0, 2;
    %pad/u 10;
    %ix/vec4 3;
    %ix/load 4, 3, 0; part off
    %ix/load 5, 0, 0; Constant delay
    %assign/vec4/a/d v00000240afd89b00, 4, 5;
T_85.9 ;
    %load/vec4 v00000240afd88a20_0;
    %parti/s 1, 4, 4;
    %nor/r;
    %flag_set/vec4 8;
    %jmp/0xz  T_85.11, 8;
    %load/vec4 v00000240afd8a000_0;
    %parti/s 1, 4, 4;
    %load/vec4 v00000240afd8abe0_0;
    %parti/s 8, 0, 2;
    %pad/u 10;
    %ix/vec4 3;
    %ix/load 4, 4, 0; part off
    %ix/load 5, 0, 0; Constant delay
    %assign/vec4/a/d v00000240afd89b00, 4, 5;
T_85.11 ;
    %load/vec4 v00000240afd88a20_0;
    %parti/s 1, 5, 4;
    %nor/r;
    %flag_set/vec4 8;
    %jmp/0xz  T_85.13, 8;
    %load/vec4 v00000240afd8a000_0;
    %parti/s 1, 5, 4;
    %load/vec4 v00000240afd8abe0_0;
    %parti/s 8, 0, 2;
    %pad/u 10;
    %ix/vec4 3;
    %ix/load 4, 5, 0; part off
    %ix/load 5, 0, 0; Constant delay
    %assign/vec4/a/d v00000240afd89b00, 4, 5;
T_85.13 ;
    %load/vec4 v00000240afd88a20_0;
    %parti/s 1, 6, 4;
    %nor/r;
    %flag_set/vec4 8;
    %jmp/0xz  T_85.15, 8;
    %load/vec4 v00000240afd8a000_0;
    %parti/s 1, 6, 4;
    %load/vec4 v00000240afd8abe0_0;
    %parti/s 8, 0, 2;
    %pad/u 10;
    %ix/vec4 3;
    %ix/load 4, 6, 0; part off
    %ix/load 5, 0, 0; Constant delay
    %assign/vec4/a/d v00000240afd89b00, 4, 5;
T_85.15 ;
    %load/vec4 v00000240afd88a20_0;
    %parti/s 1, 7, 4;
    %nor/r;
    %flag_set/vec4 8;
    %jmp/0xz  T_85.17, 8;
    %load/vec4 v00000240afd8a000_0;
    %parti/s 1, 7, 4;
    %load/vec4 v00000240afd8abe0_0;
    %parti/s 8, 0, 2;
    %pad/u 10;
    %ix/vec4 3;
    %ix/load 4, 7, 0; part off
    %ix/load 5, 0, 0; Constant delay
    %assign/vec4/a/d v00000240afd89b00, 4, 5;
T_85.17 ;
    %load/vec4 v00000240afd88a20_0;
    %parti/s 1, 8, 5;
    %nor/r;
    %flag_set/vec4 8;
    %jmp/0xz  T_85.19, 8;
    %load/vec4 v00000240afd8a000_0;
    %parti/s 1, 8, 5;
    %load/vec4 v00000240afd8abe0_0;
    %parti/s 8, 0, 2;
    %pad/u 10;
    %ix/vec4 3;
    %ix/load 4, 8, 0; part off
    %ix/load 5, 0, 0; Constant delay
    %assign/vec4/a/d v00000240afd89b00, 4, 5;
T_85.19 ;
    %load/vec4 v00000240afd88a20_0;
    %parti/s 1, 9, 5;
    %nor/r;
    %flag_set/vec4 8;
    %jmp/0xz  T_85.21, 8;
    %load/vec4 v00000240afd8a000_0;
    %parti/s 1, 9, 5;
    %load/vec4 v00000240afd8abe0_0;
    %parti/s 8, 0, 2;
    %pad/u 10;
    %ix/vec4 3;
    %ix/load 4, 9, 0; part off
    %ix/load 5, 0, 0; Constant delay
    %assign/vec4/a/d v00000240afd89b00, 4, 5;
T_85.21 ;
    %load/vec4 v00000240afd88a20_0;
    %parti/s 1, 10, 5;
    %nor/r;
    %flag_set/vec4 8;
    %jmp/0xz  T_85.23, 8;
    %load/vec4 v00000240afd8a000_0;
    %parti/s 1, 10, 5;
    %load/vec4 v00000240afd8abe0_0;
    %parti/s 8, 0, 2;
    %pad/u 10;
    %ix/vec4 3;
    %ix/load 4, 10, 0; part off
    %ix/load 5, 0, 0; Constant delay
    %assign/vec4/a/d v00000240afd89b00, 4, 5;
T_85.23 ;
    %load/vec4 v00000240afd88a20_0;
    %parti/s 1, 11, 5;
    %nor/r;
    %flag_set/vec4 8;
    %jmp/0xz  T_85.25, 8;
    %load/vec4 v00000240afd8a000_0;
    %parti/s 1, 11, 5;
    %load/vec4 v00000240afd8abe0_0;
    %parti/s 8, 0, 2;
    %pad/u 10;
    %ix/vec4 3;
    %ix/load 4, 11, 0; part off
    %ix/load 5, 0, 0; Constant delay
    %assign/vec4/a/d v00000240afd89b00, 4, 5;
T_85.25 ;
    %load/vec4 v00000240afd88a20_0;
    %parti/s 1, 12, 5;
    %nor/r;
    %flag_set/vec4 8;
    %jmp/0xz  T_85.27, 8;
    %load/vec4 v00000240afd8a000_0;
    %parti/s 1, 12, 5;
    %load/vec4 v00000240afd8abe0_0;
    %parti/s 8, 0, 2;
    %pad/u 10;
    %ix/vec4 3;
    %ix/load 4, 12, 0; part off
    %ix/load 5, 0, 0; Constant delay
    %assign/vec4/a/d v00000240afd89b00, 4, 5;
T_85.27 ;
    %load/vec4 v00000240afd88a20_0;
    %parti/s 1, 13, 5;
    %nor/r;
    %flag_set/vec4 8;
    %jmp/0xz  T_85.29, 8;
    %load/vec4 v00000240afd8a000_0;
    %parti/s 1, 13, 5;
    %load/vec4 v00000240afd8abe0_0;
    %parti/s 8, 0, 2;
    %pad/u 10;
    %ix/vec4 3;
    %ix/load 4, 13, 0; part off
    %ix/load 5, 0, 0; Constant delay
    %assign/vec4/a/d v00000240afd89b00, 4, 5;
T_85.29 ;
    %load/vec4 v00000240afd88a20_0;
    %parti/s 1, 14, 5;
    %nor/r;
    %flag_set/vec4 8;
    %jmp/0xz  T_85.31, 8;
    %load/vec4 v00000240afd8a000_0;
    %parti/s 1, 14, 5;
    %load/vec4 v00000240afd8abe0_0;
    %parti/s 8, 0, 2;
    %pad/u 10;
    %ix/vec4 3;
    %ix/load 4, 14, 0; part off
    %ix/load 5, 0, 0; Constant delay
    %assign/vec4/a/d v00000240afd89b00, 4, 5;
T_85.31 ;
    %load/vec4 v00000240afd88a20_0;
    %parti/s 1, 15, 5;
    %nor/r;
    %flag_set/vec4 8;
    %jmp/0xz  T_85.33, 8;
    %load/vec4 v00000240afd8a000_0;
    %parti/s 1, 15, 5;
    %load/vec4 v00000240afd8abe0_0;
    %parti/s 8, 0, 2;
    %pad/u 10;
    %ix/vec4 3;
    %ix/load 4, 15, 0; part off
    %ix/load 5, 0, 0; Constant delay
    %assign/vec4/a/d v00000240afd89b00, 4, 5;
T_85.33 ;
T_85.0 ;
    %jmp T_85;
    .thread T_85;
    .scope S_00000240afd183e0;
T_86 ;
    %wait E_00000240afd02930;
    %load/vec4 v00000240afd8a820_0;
    %flag_set/vec4 9;
    %flag_get/vec4 9;
    %jmp/0 T_86.2, 9;
    %load/vec4 v00000240afd88b60_0;
    %and;
T_86.2;
    %flag_set/vec4 8;
    %jmp/0xz  T_86.0, 8;
    %load/vec4 v00000240afd8ab40_0;
    %parti/s 8, 0, 2;
    %pad/u 10;
    %ix/vec4 4;
    %load/vec4a v00000240afd89b00, 4;
    %load/vec4 v00000240afd892e0_0;
    %inv;
    %and;
    %assign/vec4 v00000240afd8a460_0, 0;
T_86.0 ;
    %jmp T_86;
    .thread T_86;
    .scope S_00000240afd98870;
T_87 ;
    %pushi/vec4 0, 0, 32;
    %store/vec4 v00000240afd89060_0, 0, 32;
T_87.0 ; Top of for-loop
    %load/vec4 v00000240afd89060_0;
    %cmpi/s 16, 0, 32;
	  %jmp/0xz T_87.1, 5;
    %pushi/vec4 0, 0, 256;
    %load/vec4 v00000240afd89060_0;
    %muli 16, 0, 32;
    %part/s 16;
    %pushi/vec4 0, 0, 32;
    %load/vec4 v00000240afd89060_0;
    %add;
    %ix/vec4/s 4;
    %store/vec4a v00000240afd8aaa0, 4, 0;
    %pushi/vec4 0, 0, 256;
    %load/vec4 v00000240afd89060_0;
    %muli 16, 0, 32;
    %part/s 16;
    %pushi/vec4 16, 0, 32;
    %load/vec4 v00000240afd89060_0;
    %add;
    %ix/vec4/s 4;
    %store/vec4a v00000240afd8aaa0, 4, 0;
    %pushi/vec4 0, 0, 256;
    %load/vec4 v00000240afd89060_0;
    %muli 16, 0, 32;
    %part/s 16;
    %pushi/vec4 32, 0, 32;
    %load/vec4 v00000240afd89060_0;
    %add;
    %ix/vec4/s 4;
    %store/vec4a v00000240afd8aaa0, 4, 0;
    %pushi/vec4 0, 0, 256;
    %load/vec4 v00000240afd89060_0;
    %muli 16, 0, 32;
    %part/s 16;
    %pushi/vec4 48, 0, 32;
    %load/vec4 v00000240afd89060_0;
    %add;
    %ix/vec4/s 4;
    %store/vec4a v00000240afd8aaa0, 4, 0;
    %pushi/vec4 0, 0, 256;
    %load/vec4 v00000240afd89060_0;
    %muli 16, 0, 32;
    %part/s 16;
    %pushi/vec4 64, 0, 32;
    %load/vec4 v00000240afd89060_0;
    %add;
    %ix/vec4/s 4;
    %store/vec4a v00000240afd8aaa0, 4, 0;
    %pushi/vec4 0, 0, 256;
    %load/vec4 v00000240afd89060_0;
    %muli 16, 0, 32;
    %part/s 16;
    %pushi/vec4 80, 0, 32;
    %load/vec4 v00000240afd89060_0;
    %add;
    %ix/vec4/s 4;
    %store/vec4a v00000240afd8aaa0, 4, 0;
    %pushi/vec4 0, 0, 256;
    %load/vec4 v00000240afd89060_0;
    %muli 16, 0, 32;
    %part/s 16;
    %pushi/vec4 96, 0, 32;
    %load/vec4 v00000240afd89060_0;
    %add;
    %ix/vec4/s 4;
    %store/vec4a v00000240afd8aaa0, 4, 0;
    %pushi/vec4 0, 0, 256;
    %load/vec4 v00000240afd89060_0;
    %muli 16, 0, 32;
    %part/s 16;
    %pushi/vec4 112, 0, 32;
    %load/vec4 v00000240afd89060_0;
    %add;
    %ix/vec4/s 4;
    %store/vec4a v00000240afd8aaa0, 4, 0;
    %pushi/vec4 0, 0, 256;
    %load/vec4 v00000240afd89060_0;
    %muli 16, 0, 32;
    %part/s 16;
    %pushi/vec4 128, 0, 32;
    %load/vec4 v00000240afd89060_0;
    %add;
    %ix/vec4/s 4;
    %store/vec4a v00000240afd8aaa0, 4, 0;
    %pushi/vec4 0, 0, 256;
    %load/vec4 v00000240afd89060_0;
    %muli 16, 0, 32;
    %part/s 16;
    %pushi/vec4 144, 0, 32;
    %load/vec4 v00000240afd89060_0;
    %add;
    %ix/vec4/s 4;
    %store/vec4a v00000240afd8aaa0, 4, 0;
    %pushi/vec4 0, 0, 256;
    %load/vec4 v00000240afd89060_0;
    %muli 16, 0, 32;
    %part/s 16;
    %pushi/vec4 160, 0, 32;
    %load/vec4 v00000240afd89060_0;
    %add;
    %ix/vec4/s 4;
    %store/vec4a v00000240afd8aaa0, 4, 0;
    %pushi/vec4 0, 0, 256;
    %load/vec4 v00000240afd89060_0;
    %muli 16, 0, 32;
    %part/s 16;
    %pushi/vec4 176, 0, 32;
    %load/vec4 v00000240afd89060_0;
    %add;
    %ix/vec4/s 4;
    %store/vec4a v00000240afd8aaa0, 4, 0;
    %pushi/vec4 0, 0, 256;
    %load/vec4 v00000240afd89060_0;
    %muli 16, 0, 32;
    %part/s 16;
    %pushi/vec4 192, 0, 32;
    %load/vec4 v00000240afd89060_0;
    %add;
    %ix/vec4/s 4;
    %store/vec4a v00000240afd8aaa0, 4, 0;
    %pushi/vec4 0, 0, 256;
    %load/vec4 v00000240afd89060_0;
    %muli 16, 0, 32;
    %part/s 16;
    %pushi/vec4 208, 0, 32;
    %load/vec4 v00000240afd89060_0;
    %add;
    %ix/vec4/s 4;
    %store/vec4a v00000240afd8aaa0, 4, 0;
    %pushi/vec4 0, 0, 256;
    %load/vec4 v00000240afd89060_0;
    %muli 16, 0, 32;
    %part/s 16;
    %pushi/vec4 224, 0, 32;
    %load/vec4 v00000240afd89060_0;
    %add;
    %ix/vec4/s 4;
    %store/vec4a v00000240afd8aaa0, 4, 0;
    %pushi/vec4 0, 0, 256;
    %load/vec4 v00000240afd89060_0;
    %muli 16, 0, 32;
    %part/s 16;
    %pushi/vec4 240, 0, 32;
    %load/vec4 v00000240afd89060_0;
    %add;
    %ix/vec4/s 4;
    %store/vec4a v00000240afd8aaa0, 4, 0;
T_87.2 ; for-loop step statement
    %load/vec4 v00000240afd89060_0;
    %addi 1, 0, 32;
    %store/vec4 v00000240afd89060_0, 0, 32;
    %jmp T_87.0;
T_87.1 ; for-loop exit label
    %end;
    .thread T_87;
    .scope S_00000240afd98870;
T_88 ;
    %wait E_00000240afd029b0;
    %load/vec4 v00000240afd88660_0;
    %flag_set/vec4 9;
    %flag_get/vec4 9;
    %jmp/0 T_88.2, 9;
    %load/vec4 v00000240afd88ca0_0;
    %and;
T_88.2;
    %flag_set/vec4 8;
    %jmp/0xz  T_88.0, 8;
    %load/vec4 v00000240afd8a1e0_0;
    %parti/s 1, 0, 2;
    %nor/r;
    %flag_set/vec4 8;
    %jmp/0xz  T_88.3, 8;
    %load/vec4 v00000240afd8a140_0;
    %parti/s 1, 0, 2;
    %load/vec4 v00000240afd89240_0;
    %parti/s 8, 0, 2;
    %pad/u 10;
    %ix/vec4 3;
    %ix/load 4, 0, 0; Constant delay
    %assign/vec4/a/d v00000240afd8aaa0, 0, 4;
T_88.3 ;
    %load/vec4 v00000240afd8a1e0_0;
    %parti/s 1, 1, 2;
    %nor/r;
    %flag_set/vec4 8;
    %jmp/0xz  T_88.5, 8;
    %load/vec4 v00000240afd8a140_0;
    %parti/s 1, 1, 2;
    %load/vec4 v00000240afd89240_0;
    %parti/s 8, 0, 2;
    %pad/u 10;
    %ix/vec4 3;
    %ix/load 4, 1, 0; part off
    %ix/load 5, 0, 0; Constant delay
    %assign/vec4/a/d v00000240afd8aaa0, 4, 5;
T_88.5 ;
    %load/vec4 v00000240afd8a1e0_0;
    %parti/s 1, 2, 3;
    %nor/r;
    %flag_set/vec4 8;
    %jmp/0xz  T_88.7, 8;
    %load/vec4 v00000240afd8a140_0;
    %parti/s 1, 2, 3;
    %load/vec4 v00000240afd89240_0;
    %parti/s 8, 0, 2;
    %pad/u 10;
    %ix/vec4 3;
    %ix/load 4, 2, 0; part off
    %ix/load 5, 0, 0; Constant delay
    %assign/vec4/a/d v00000240afd8aaa0, 4, 5;
T_88.7 ;
    %load/vec4 v00000240afd8a1e0_0;
    %parti/s 1, 3, 3;
    %nor/r;
    %flag_set/vec4 8;
    %jmp/0xz  T_88.9, 8;
    %load/vec4 v00000240afd8a140_0;
    %parti/s 1, 3, 3;
    %load/vec4 v00000240afd89240_0;
    %parti/s 8, 0, 2;
    %pad/u 10;
    %ix/vec4 3;
    %ix/load 4, 3, 0; part off
    %ix/load 5, 0, 0; Constant delay
    %assign/vec4/a/d v00000240afd8aaa0, 4, 5;
T_88.9 ;
    %load/vec4 v00000240afd8a1e0_0;
    %parti/s 1, 4, 4;
    %nor/r;
    %flag_set/vec4 8;
    %jmp/0xz  T_88.11, 8;
    %load/vec4 v00000240afd8a140_0;
    %parti/s 1, 4, 4;
    %load/vec4 v00000240afd89240_0;
    %parti/s 8, 0, 2;
    %pad/u 10;
    %ix/vec4 3;
    %ix/load 4, 4, 0; part off
    %ix/load 5, 0, 0; Constant delay
    %assign/vec4/a/d v00000240afd8aaa0, 4, 5;
T_88.11 ;
    %load/vec4 v00000240afd8a1e0_0;
    %parti/s 1, 5, 4;
    %nor/r;
    %flag_set/vec4 8;
    %jmp/0xz  T_88.13, 8;
    %load/vec4 v00000240afd8a140_0;
    %parti/s 1, 5, 4;
    %load/vec4 v00000240afd89240_0;
    %parti/s 8, 0, 2;
    %pad/u 10;
    %ix/vec4 3;
    %ix/load 4, 5, 0; part off
    %ix/load 5, 0, 0; Constant delay
    %assign/vec4/a/d v00000240afd8aaa0, 4, 5;
T_88.13 ;
    %load/vec4 v00000240afd8a1e0_0;
    %parti/s 1, 6, 4;
    %nor/r;
    %flag_set/vec4 8;
    %jmp/0xz  T_88.15, 8;
    %load/vec4 v00000240afd8a140_0;
    %parti/s 1, 6, 4;
    %load/vec4 v00000240afd89240_0;
    %parti/s 8, 0, 2;
    %pad/u 10;
    %ix/vec4 3;
    %ix/load 4, 6, 0; part off
    %ix/load 5, 0, 0; Constant delay
    %assign/vec4/a/d v00000240afd8aaa0, 4, 5;
T_88.15 ;
    %load/vec4 v00000240afd8a1e0_0;
    %parti/s 1, 7, 4;
    %nor/r;
    %flag_set/vec4 8;
    %jmp/0xz  T_88.17, 8;
    %load/vec4 v00000240afd8a140_0;
    %parti/s 1, 7, 4;
    %load/vec4 v00000240afd89240_0;
    %parti/s 8, 0, 2;
    %pad/u 10;
    %ix/vec4 3;
    %ix/load 4, 7, 0; part off
    %ix/load 5, 0, 0; Constant delay
    %assign/vec4/a/d v00000240afd8aaa0, 4, 5;
T_88.17 ;
    %load/vec4 v00000240afd8a1e0_0;
    %parti/s 1, 8, 5;
    %nor/r;
    %flag_set/vec4 8;
    %jmp/0xz  T_88.19, 8;
    %load/vec4 v00000240afd8a140_0;
    %parti/s 1, 8, 5;
    %load/vec4 v00000240afd89240_0;
    %parti/s 8, 0, 2;
    %pad/u 10;
    %ix/vec4 3;
    %ix/load 4, 8, 0; part off
    %ix/load 5, 0, 0; Constant delay
    %assign/vec4/a/d v00000240afd8aaa0, 4, 5;
T_88.19 ;
    %load/vec4 v00000240afd8a1e0_0;
    %parti/s 1, 9, 5;
    %nor/r;
    %flag_set/vec4 8;
    %jmp/0xz  T_88.21, 8;
    %load/vec4 v00000240afd8a140_0;
    %parti/s 1, 9, 5;
    %load/vec4 v00000240afd89240_0;
    %parti/s 8, 0, 2;
    %pad/u 10;
    %ix/vec4 3;
    %ix/load 4, 9, 0; part off
    %ix/load 5, 0, 0; Constant delay
    %assign/vec4/a/d v00000240afd8aaa0, 4, 5;
T_88.21 ;
    %load/vec4 v00000240afd8a1e0_0;
    %parti/s 1, 10, 5;
    %nor/r;
    %flag_set/vec4 8;
    %jmp/0xz  T_88.23, 8;
    %load/vec4 v00000240afd8a140_0;
    %parti/s 1, 10, 5;
    %load/vec4 v00000240afd89240_0;
    %parti/s 8, 0, 2;
    %pad/u 10;
    %ix/vec4 3;
    %ix/load 4, 10, 0; part off
    %ix/load 5, 0, 0; Constant delay
    %assign/vec4/a/d v00000240afd8aaa0, 4, 5;
T_88.23 ;
    %load/vec4 v00000240afd8a1e0_0;
    %parti/s 1, 11, 5;
    %nor/r;
    %flag_set/vec4 8;
    %jmp/0xz  T_88.25, 8;
    %load/vec4 v00000240afd8a140_0;
    %parti/s 1, 11, 5;
    %load/vec4 v00000240afd89240_0;
    %parti/s 8, 0, 2;
    %pad/u 10;
    %ix/vec4 3;
    %ix/load 4, 11, 0; part off
    %ix/load 5, 0, 0; Constant delay
    %assign/vec4/a/d v00000240afd8aaa0, 4, 5;
T_88.25 ;
    %load/vec4 v00000240afd8a1e0_0;
    %parti/s 1, 12, 5;
    %nor/r;
    %flag_set/vec4 8;
    %jmp/0xz  T_88.27, 8;
    %load/vec4 v00000240afd8a140_0;
    %parti/s 1, 12, 5;
    %load/vec4 v00000240afd89240_0;
    %parti/s 8, 0, 2;
    %pad/u 10;
    %ix/vec4 3;
    %ix/load 4, 12, 0; part off
    %ix/load 5, 0, 0; Constant delay
    %assign/vec4/a/d v00000240afd8aaa0, 4, 5;
T_88.27 ;
    %load/vec4 v00000240afd8a1e0_0;
    %parti/s 1, 13, 5;
    %nor/r;
    %flag_set/vec4 8;
    %jmp/0xz  T_88.29, 8;
    %load/vec4 v00000240afd8a140_0;
    %parti/s 1, 13, 5;
    %load/vec4 v00000240afd89240_0;
    %parti/s 8, 0, 2;
    %pad/u 10;
    %ix/vec4 3;
    %ix/load 4, 13, 0; part off
    %ix/load 5, 0, 0; Constant delay
    %assign/vec4/a/d v00000240afd8aaa0, 4, 5;
T_88.29 ;
    %load/vec4 v00000240afd8a1e0_0;
    %parti/s 1, 14, 5;
    %nor/r;
    %flag_set/vec4 8;
    %jmp/0xz  T_88.31, 8;
    %load/vec4 v00000240afd8a140_0;
    %parti/s 1, 14, 5;
    %load/vec4 v00000240afd89240_0;
    %parti/s 8, 0, 2;
    %pad/u 10;
    %ix/vec4 3;
    %ix/load 4, 14, 0; part off
    %ix/load 5, 0, 0; Constant delay
    %assign/vec4/a/d v00000240afd8aaa0, 4, 5;
T_88.31 ;
    %load/vec4 v00000240afd8a1e0_0;
    %parti/s 1, 15, 5;
    %nor/r;
    %flag_set/vec4 8;
    %jmp/0xz  T_88.33, 8;
    %load/vec4 v00000240afd8a140_0;
    %parti/s 1, 15, 5;
    %load/vec4 v00000240afd89240_0;
    %parti/s 8, 0, 2;
    %pad/u 10;
    %ix/vec4 3;
    %ix/load 4, 15, 0; part off
    %ix/load 5, 0, 0; Constant delay
    %assign/vec4/a/d v00000240afd8aaa0, 4, 5;
T_88.33 ;
T_88.0 ;
    %jmp T_88;
    .thread T_88;
    .scope S_00000240afd98870;
T_89 ;
    %wait E_00000240afd02970;
    %load/vec4 v00000240afd89ba0_0;
    %flag_set/vec4 9;
    %flag_get/vec4 9;
    %jmp/0 T_89.2, 9;
    %load/vec4 v00000240afd8a8c0_0;
    %and;
T_89.2;
    %flag_set/vec4 8;
    %jmp/0xz  T_89.0, 8;
    %load/vec4 v00000240afd896a0_0;
    %parti/s 8, 0, 2;
    %pad/u 10;
    %ix/vec4 4;
    %load/vec4a v00000240afd8aaa0, 4;
    %load/vec4 v00000240afd88c00_0;
    %inv;
    %and;
    %assign/vec4 v00000240afd89600_0, 0;
T_89.0 ;
    %jmp T_89;
    .thread T_89;
    .scope S_00000240afd98d20;
T_90 ;
    %pushi/vec4 0, 0, 32;
    %store/vec4 v00000240afda0760_0, 0, 32;
T_90.0 ; Top of for-loop
    %load/vec4 v00000240afda0760_0;
    %cmpi/s 16, 0, 32;
	  %jmp/0xz T_90.1, 5;
    %pushi/vec4 0, 0, 256;
    %load/vec4 v00000240afda0760_0;
    %muli 16, 0, 32;
    %part/s 16;
    %pushi/vec4 0, 0, 32;
    %load/vec4 v00000240afda0760_0;
    %add;
    %ix/vec4/s 4;
    %store/vec4a v00000240afd9f5e0, 4, 0;
    %pushi/vec4 0, 0, 256;
    %load/vec4 v00000240afda0760_0;
    %muli 16, 0, 32;
    %part/s 16;
    %pushi/vec4 16, 0, 32;
    %load/vec4 v00000240afda0760_0;
    %add;
    %ix/vec4/s 4;
    %store/vec4a v00000240afd9f5e0, 4, 0;
    %pushi/vec4 0, 0, 256;
    %load/vec4 v00000240afda0760_0;
    %muli 16, 0, 32;
    %part/s 16;
    %pushi/vec4 32, 0, 32;
    %load/vec4 v00000240afda0760_0;
    %add;
    %ix/vec4/s 4;
    %store/vec4a v00000240afd9f5e0, 4, 0;
    %pushi/vec4 0, 0, 256;
    %load/vec4 v00000240afda0760_0;
    %muli 16, 0, 32;
    %part/s 16;
    %pushi/vec4 48, 0, 32;
    %load/vec4 v00000240afda0760_0;
    %add;
    %ix/vec4/s 4;
    %store/vec4a v00000240afd9f5e0, 4, 0;
    %pushi/vec4 0, 0, 256;
    %load/vec4 v00000240afda0760_0;
    %muli 16, 0, 32;
    %part/s 16;
    %pushi/vec4 64, 0, 32;
    %load/vec4 v00000240afda0760_0;
    %add;
    %ix/vec4/s 4;
    %store/vec4a v00000240afd9f5e0, 4, 0;
    %pushi/vec4 0, 0, 256;
    %load/vec4 v00000240afda0760_0;
    %muli 16, 0, 32;
    %part/s 16;
    %pushi/vec4 80, 0, 32;
    %load/vec4 v00000240afda0760_0;
    %add;
    %ix/vec4/s 4;
    %store/vec4a v00000240afd9f5e0, 4, 0;
    %pushi/vec4 0, 0, 256;
    %load/vec4 v00000240afda0760_0;
    %muli 16, 0, 32;
    %part/s 16;
    %pushi/vec4 96, 0, 32;
    %load/vec4 v00000240afda0760_0;
    %add;
    %ix/vec4/s 4;
    %store/vec4a v00000240afd9f5e0, 4, 0;
    %pushi/vec4 0, 0, 256;
    %load/vec4 v00000240afda0760_0;
    %muli 16, 0, 32;
    %part/s 16;
    %pushi/vec4 112, 0, 32;
    %load/vec4 v00000240afda0760_0;
    %add;
    %ix/vec4/s 4;
    %store/vec4a v00000240afd9f5e0, 4, 0;
    %pushi/vec4 0, 0, 256;
    %load/vec4 v00000240afda0760_0;
    %muli 16, 0, 32;
    %part/s 16;
    %pushi/vec4 128, 0, 32;
    %load/vec4 v00000240afda0760_0;
    %add;
    %ix/vec4/s 4;
    %store/vec4a v00000240afd9f5e0, 4, 0;
    %pushi/vec4 0, 0, 256;
    %load/vec4 v00000240afda0760_0;
    %muli 16, 0, 32;
    %part/s 16;
    %pushi/vec4 144, 0, 32;
    %load/vec4 v00000240afda0760_0;
    %add;
    %ix/vec4/s 4;
    %store/vec4a v00000240afd9f5e0, 4, 0;
    %pushi/vec4 0, 0, 256;
    %load/vec4 v00000240afda0760_0;
    %muli 16, 0, 32;
    %part/s 16;
    %pushi/vec4 160, 0, 32;
    %load/vec4 v00000240afda0760_0;
    %add;
    %ix/vec4/s 4;
    %store/vec4a v00000240afd9f5e0, 4, 0;
    %pushi/vec4 0, 0, 256;
    %load/vec4 v00000240afda0760_0;
    %muli 16, 0, 32;
    %part/s 16;
    %pushi/vec4 176, 0, 32;
    %load/vec4 v00000240afda0760_0;
    %add;
    %ix/vec4/s 4;
    %store/vec4a v00000240afd9f5e0, 4, 0;
    %pushi/vec4 0, 0, 256;
    %load/vec4 v00000240afda0760_0;
    %muli 16, 0, 32;
    %part/s 16;
    %pushi/vec4 192, 0, 32;
    %load/vec4 v00000240afda0760_0;
    %add;
    %ix/vec4/s 4;
    %store/vec4a v00000240afd9f5e0, 4, 0;
    %pushi/vec4 0, 0, 256;
    %load/vec4 v00000240afda0760_0;
    %muli 16, 0, 32;
    %part/s 16;
    %pushi/vec4 208, 0, 32;
    %load/vec4 v00000240afda0760_0;
    %add;
    %ix/vec4/s 4;
    %store/vec4a v00000240afd9f5e0, 4, 0;
    %pushi/vec4 0, 0, 256;
    %load/vec4 v00000240afda0760_0;
    %muli 16, 0, 32;
    %part/s 16;
    %pushi/vec4 224, 0, 32;
    %load/vec4 v00000240afda0760_0;
    %add;
    %ix/vec4/s 4;
    %store/vec4a v00000240afd9f5e0, 4, 0;
    %pushi/vec4 0, 0, 256;
    %load/vec4 v00000240afda0760_0;
    %muli 16, 0, 32;
    %part/s 16;
    %pushi/vec4 240, 0, 32;
    %load/vec4 v00000240afda0760_0;
    %add;
    %ix/vec4/s 4;
    %store/vec4a v00000240afd9f5e0, 4, 0;
T_90.2 ; for-loop step statement
    %load/vec4 v00000240afda0760_0;
    %addi 1, 0, 32;
    %store/vec4 v00000240afda0760_0, 0, 32;
    %jmp T_90.0;
T_90.1 ; for-loop exit label
    %end;
    .thread T_90;
    .scope S_00000240afd98d20;
T_91 ;
    %wait E_00000240afd02ef0;
    %load/vec4 v00000240afda01c0_0;
    %flag_set/vec4 9;
    %flag_get/vec4 9;
    %jmp/0 T_91.2, 9;
    %load/vec4 v00000240afd8af00_0;
    %and;
T_91.2;
    %flag_set/vec4 8;
    %jmp/0xz  T_91.0, 8;
    %load/vec4 v00000240afda0a80_0;
    %parti/s 1, 0, 2;
    %nor/r;
    %flag_set/vec4 8;
    %jmp/0xz  T_91.3, 8;
    %load/vec4 v00000240afd8b4a0_0;
    %parti/s 1, 0, 2;
    %load/vec4 v00000240afd8b2c0_0;
    %parti/s 8, 0, 2;
    %pad/u 10;
    %ix/vec4 3;
    %ix/load 4, 0, 0; Constant delay
    %assign/vec4/a/d v00000240afd9f5e0, 0, 4;
T_91.3 ;
    %load/vec4 v00000240afda0a80_0;
    %parti/s 1, 1, 2;
    %nor/r;
    %flag_set/vec4 8;
    %jmp/0xz  T_91.5, 8;
    %load/vec4 v00000240afd8b4a0_0;
    %parti/s 1, 1, 2;
    %load/vec4 v00000240afd8b2c0_0;
    %parti/s 8, 0, 2;
    %pad/u 10;
    %ix/vec4 3;
    %ix/load 4, 1, 0; part off
    %ix/load 5, 0, 0; Constant delay
    %assign/vec4/a/d v00000240afd9f5e0, 4, 5;
T_91.5 ;
    %load/vec4 v00000240afda0a80_0;
    %parti/s 1, 2, 3;
    %nor/r;
    %flag_set/vec4 8;
    %jmp/0xz  T_91.7, 8;
    %load/vec4 v00000240afd8b4a0_0;
    %parti/s 1, 2, 3;
    %load/vec4 v00000240afd8b2c0_0;
    %parti/s 8, 0, 2;
    %pad/u 10;
    %ix/vec4 3;
    %ix/load 4, 2, 0; part off
    %ix/load 5, 0, 0; Constant delay
    %assign/vec4/a/d v00000240afd9f5e0, 4, 5;
T_91.7 ;
    %load/vec4 v00000240afda0a80_0;
    %parti/s 1, 3, 3;
    %nor/r;
    %flag_set/vec4 8;
    %jmp/0xz  T_91.9, 8;
    %load/vec4 v00000240afd8b4a0_0;
    %parti/s 1, 3, 3;
    %load/vec4 v00000240afd8b2c0_0;
    %parti/s 8, 0, 2;
    %pad/u 10;
    %ix/vec4 3;
    %ix/load 4, 3, 0; part off
    %ix/load 5, 0, 0; Constant delay
    %assign/vec4/a/d v00000240afd9f5e0, 4, 5;
T_91.9 ;
    %load/vec4 v00000240afda0a80_0;
    %parti/s 1, 4, 4;
    %nor/r;
    %flag_set/vec4 8;
    %jmp/0xz  T_91.11, 8;
    %load/vec4 v00000240afd8b4a0_0;
    %parti/s 1, 4, 4;
    %load/vec4 v00000240afd8b2c0_0;
    %parti/s 8, 0, 2;
    %pad/u 10;
    %ix/vec4 3;
    %ix/load 4, 4, 0; part off
    %ix/load 5, 0, 0; Constant delay
    %assign/vec4/a/d v00000240afd9f5e0, 4, 5;
T_91.11 ;
    %load/vec4 v00000240afda0a80_0;
    %parti/s 1, 5, 4;
    %nor/r;
    %flag_set/vec4 8;
    %jmp/0xz  T_91.13, 8;
    %load/vec4 v00000240afd8b4a0_0;
    %parti/s 1, 5, 4;
    %load/vec4 v00000240afd8b2c0_0;
    %parti/s 8, 0, 2;
    %pad/u 10;
    %ix/vec4 3;
    %ix/load 4, 5, 0; part off
    %ix/load 5, 0, 0; Constant delay
    %assign/vec4/a/d v00000240afd9f5e0, 4, 5;
T_91.13 ;
    %load/vec4 v00000240afda0a80_0;
    %parti/s 1, 6, 4;
    %nor/r;
    %flag_set/vec4 8;
    %jmp/0xz  T_91.15, 8;
    %load/vec4 v00000240afd8b4a0_0;
    %parti/s 1, 6, 4;
    %load/vec4 v00000240afd8b2c0_0;
    %parti/s 8, 0, 2;
    %pad/u 10;
    %ix/vec4 3;
    %ix/load 4, 6, 0; part off
    %ix/load 5, 0, 0; Constant delay
    %assign/vec4/a/d v00000240afd9f5e0, 4, 5;
T_91.15 ;
    %load/vec4 v00000240afda0a80_0;
    %parti/s 1, 7, 4;
    %nor/r;
    %flag_set/vec4 8;
    %jmp/0xz  T_91.17, 8;
    %load/vec4 v00000240afd8b4a0_0;
    %parti/s 1, 7, 4;
    %load/vec4 v00000240afd8b2c0_0;
    %parti/s 8, 0, 2;
    %pad/u 10;
    %ix/vec4 3;
    %ix/load 4, 7, 0; part off
    %ix/load 5, 0, 0; Constant delay
    %assign/vec4/a/d v00000240afd9f5e0, 4, 5;
T_91.17 ;
    %load/vec4 v00000240afda0a80_0;
    %parti/s 1, 8, 5;
    %nor/r;
    %flag_set/vec4 8;
    %jmp/0xz  T_91.19, 8;
    %load/vec4 v00000240afd8b4a0_0;
    %parti/s 1, 8, 5;
    %load/vec4 v00000240afd8b2c0_0;
    %parti/s 8, 0, 2;
    %pad/u 10;
    %ix/vec4 3;
    %ix/load 4, 8, 0; part off
    %ix/load 5, 0, 0; Constant delay
    %assign/vec4/a/d v00000240afd9f5e0, 4, 5;
T_91.19 ;
    %load/vec4 v00000240afda0a80_0;
    %parti/s 1, 9, 5;
    %nor/r;
    %flag_set/vec4 8;
    %jmp/0xz  T_91.21, 8;
    %load/vec4 v00000240afd8b4a0_0;
    %parti/s 1, 9, 5;
    %load/vec4 v00000240afd8b2c0_0;
    %parti/s 8, 0, 2;
    %pad/u 10;
    %ix/vec4 3;
    %ix/load 4, 9, 0; part off
    %ix/load 5, 0, 0; Constant delay
    %assign/vec4/a/d v00000240afd9f5e0, 4, 5;
T_91.21 ;
    %load/vec4 v00000240afda0a80_0;
    %parti/s 1, 10, 5;
    %nor/r;
    %flag_set/vec4 8;
    %jmp/0xz  T_91.23, 8;
    %load/vec4 v00000240afd8b4a0_0;
    %parti/s 1, 10, 5;
    %load/vec4 v00000240afd8b2c0_0;
    %parti/s 8, 0, 2;
    %pad/u 10;
    %ix/vec4 3;
    %ix/load 4, 10, 0; part off
    %ix/load 5, 0, 0; Constant delay
    %assign/vec4/a/d v00000240afd9f5e0, 4, 5;
T_91.23 ;
    %load/vec4 v00000240afda0a80_0;
    %parti/s 1, 11, 5;
    %nor/r;
    %flag_set/vec4 8;
    %jmp/0xz  T_91.25, 8;
    %load/vec4 v00000240afd8b4a0_0;
    %parti/s 1, 11, 5;
    %load/vec4 v00000240afd8b2c0_0;
    %parti/s 8, 0, 2;
    %pad/u 10;
    %ix/vec4 3;
    %ix/load 4, 11, 0; part off
    %ix/load 5, 0, 0; Constant delay
    %assign/vec4/a/d v00000240afd9f5e0, 4, 5;
T_91.25 ;
    %load/vec4 v00000240afda0a80_0;
    %parti/s 1, 12, 5;
    %nor/r;
    %flag_set/vec4 8;
    %jmp/0xz  T_91.27, 8;
    %load/vec4 v00000240afd8b4a0_0;
    %parti/s 1, 12, 5;
    %load/vec4 v00000240afd8b2c0_0;
    %parti/s 8, 0, 2;
    %pad/u 10;
    %ix/vec4 3;
    %ix/load 4, 12, 0; part off
    %ix/load 5, 0, 0; Constant delay
    %assign/vec4/a/d v00000240afd9f5e0, 4, 5;
T_91.27 ;
    %load/vec4 v00000240afda0a80_0;
    %parti/s 1, 13, 5;
    %nor/r;
    %flag_set/vec4 8;
    %jmp/0xz  T_91.29, 8;
    %load/vec4 v00000240afd8b4a0_0;
    %parti/s 1, 13, 5;
    %load/vec4 v00000240afd8b2c0_0;
    %parti/s 8, 0, 2;
    %pad/u 10;
    %ix/vec4 3;
    %ix/load 4, 13, 0; part off
    %ix/load 5, 0, 0; Constant delay
    %assign/vec4/a/d v00000240afd9f5e0, 4, 5;
T_91.29 ;
    %load/vec4 v00000240afda0a80_0;
    %parti/s 1, 14, 5;
    %nor/r;
    %flag_set/vec4 8;
    %jmp/0xz  T_91.31, 8;
    %load/vec4 v00000240afd8b4a0_0;
    %parti/s 1, 14, 5;
    %load/vec4 v00000240afd8b2c0_0;
    %parti/s 8, 0, 2;
    %pad/u 10;
    %ix/vec4 3;
    %ix/load 4, 14, 0; part off
    %ix/load 5, 0, 0; Constant delay
    %assign/vec4/a/d v00000240afd9f5e0, 4, 5;
T_91.31 ;
    %load/vec4 v00000240afda0a80_0;
    %parti/s 1, 15, 5;
    %nor/r;
    %flag_set/vec4 8;
    %jmp/0xz  T_91.33, 8;
    %load/vec4 v00000240afd8b4a0_0;
    %parti/s 1, 15, 5;
    %load/vec4 v00000240afd8b2c0_0;
    %parti/s 8, 0, 2;
    %pad/u 10;
    %ix/vec4 3;
    %ix/load 4, 15, 0; part off
    %ix/load 5, 0, 0; Constant delay
    %assign/vec4/a/d v00000240afd9f5e0, 4, 5;
T_91.33 ;
T_91.0 ;
    %jmp T_91;
    .thread T_91;
    .scope S_00000240afd98d20;
T_92 ;
    %wait E_00000240afd02a30;
    %load/vec4 v00000240afd8b220_0;
    %flag_set/vec4 9;
    %flag_get/vec4 9;
    %jmp/0 T_92.2, 9;
    %load/vec4 v00000240afd8adc0_0;
    %and;
T_92.2;
    %flag_set/vec4 8;
    %jmp/0xz  T_92.0, 8;
    %load/vec4 v00000240afd8b400_0;
    %parti/s 8, 0, 2;
    %pad/u 10;
    %ix/vec4 4;
    %load/vec4a v00000240afd9f5e0, 4;
    %load/vec4 v00000240afd8afa0_0;
    %inv;
    %and;
    %assign/vec4 v00000240afd8b040_0, 0;
T_92.0 ;
    %jmp T_92;
    .thread T_92;
    .scope S_00000240afd19060;
T_93 ;
    %wait E_00000240afd02c70;
    %pushi/vec4 0, 0, 32;
    %store/vec4 v00000240afda2560_0, 0, 32;
T_93.0 ; Top of for-loop
    %load/vec4 v00000240afda2560_0;
    %cmpi/s 16383, 0, 32;
    %flag_or 5, 4;
	  %jmp/0xz T_93.1, 5;
    %pushi/vec4 65535, 65535, 16;
    %ix/getv/s 4, v00000240afda2560_0;
    %store/vec4a v00000240afda3dc0, 4, 0;
T_93.2 ; for-loop step statement
    %load/vec4 v00000240afda2560_0;
    %addi 1, 0, 32;
    %store/vec4 v00000240afda2560_0, 0, 32;
    %jmp T_93.0;
T_93.1 ; for-loop exit label
    %jmp T_93;
    .thread T_93;
    .scope S_00000240afd19060;
T_94 ;
    %wait E_00000240afd02a70;
    %load/vec4 v00000240afda3f00_0;
    %flag_set/vec4 8;
    %jmp/0xz  T_94.0, 8;
    %pushi/vec4 0, 0, 16;
    %assign/vec4 v00000240afda3820_0, 0;
    %jmp T_94.1;
T_94.0 ;
    %load/vec4 v00000240afda3960_0;
    %flag_set/vec4 8;
    %jmp/0xz  T_94.2, 8;
    %pushi/vec4 65535, 65535, 16;
    %assign/vec4 v00000240afda3820_0, 0;
    %jmp T_94.3;
T_94.2 ;
    %load/vec4 v00000240afda2b00_0;
    %flag_set/vec4 8;
    %jmp/0xz  T_94.4, 8;
    %load/vec4 v00000240afda2c40_0;
    %nor/r;
    %flag_set/vec4 8;
    %jmp/0xz  T_94.6, 8;
    %load/vec4 v00000240afda3d20_0;
    %pad/u 16;
    %ix/vec4 4;
    %load/vec4a v00000240afda3dc0, 4;
    %assign/vec4 v00000240afda3820_0, 0;
    %jmp T_94.7;
T_94.6 ;
    %load/vec4 v00000240afda2ba0_0;
    %parti/s 1, 0, 2;
    %flag_set/vec4 8;
    %jmp/0xz  T_94.8, 8;
    %load/vec4 v00000240afda40e0_0;
    %parti/s 4, 0, 2;
    %load/vec4 v00000240afda3d20_0;
    %pad/u 16;
    %ix/vec4 3;
    %ix/load 4, 0, 0; Constant delay
    %assign/vec4/a/d v00000240afda3dc0, 0, 4;
T_94.8 ;
    %load/vec4 v00000240afda2ba0_0;
    %parti/s 1, 1, 2;
    %flag_set/vec4 8;
    %jmp/0xz  T_94.10, 8;
    %load/vec4 v00000240afda40e0_0;
    %parti/s 4, 4, 4;
    %load/vec4 v00000240afda3d20_0;
    %pad/u 16;
    %ix/vec4 3;
    %ix/load 4, 4, 0; part off
    %ix/load 5, 0, 0; Constant delay
    %assign/vec4/a/d v00000240afda3dc0, 4, 5;
T_94.10 ;
    %load/vec4 v00000240afda2ba0_0;
    %parti/s 1, 2, 3;
    %flag_set/vec4 8;
    %jmp/0xz  T_94.12, 8;
    %load/vec4 v00000240afda40e0_0;
    %parti/s 4, 8, 5;
    %load/vec4 v00000240afda3d20_0;
    %pad/u 16;
    %ix/vec4 3;
    %ix/load 4, 8, 0; part off
    %ix/load 5, 0, 0; Constant delay
    %assign/vec4/a/d v00000240afda3dc0, 4, 5;
T_94.12 ;
    %load/vec4 v00000240afda2ba0_0;
    %parti/s 1, 3, 3;
    %flag_set/vec4 8;
    %jmp/0xz  T_94.14, 8;
    %load/vec4 v00000240afda40e0_0;
    %parti/s 4, 12, 5;
    %load/vec4 v00000240afda3d20_0;
    %pad/u 16;
    %ix/vec4 3;
    %ix/load 4, 12, 0; part off
    %ix/load 5, 0, 0; Constant delay
    %assign/vec4/a/d v00000240afda3dc0, 4, 5;
T_94.14 ;
    %pushi/vec4 65535, 65535, 16;
    %assign/vec4 v00000240afda3820_0, 0;
T_94.7 ;
T_94.4 ;
T_94.3 ;
T_94.1 ;
    %jmp T_94;
    .thread T_94;
    .scope S_00000240afd99b30;
T_95 ;
    %wait E_00000240afd02d30;
    %load/vec4 v00000240afda4180_0;
    %flag_set/vec4 8;
    %jmp/0xz  T_95.0, 8;
    %pushi/vec4 0, 0, 32;
    %assign/vec4 v00000240afda2d80_0, 0;
    %pushi/vec4 0, 0, 32;
    %assign/vec4 v00000240afda1ca0_0, 0;
    %jmp T_95.1;
T_95.0 ;
    %load/vec4 v00000240afda2600_0;
    %pad/s 32;
    %load/vec4 v00000240afda2ce0_0;
    %pad/s 32;
    %mul;
    %assign/vec4 v00000240afda2d80_0, 0;
    %load/vec4 v00000240afda3b40_0;
    %flag_set/vec4 8;
    %jmp/0xz  T_95.2, 8;
    %load/vec4 v00000240afda2d80_0;
    %assign/vec4 v00000240afda1ca0_0, 0;
    %jmp T_95.3;
T_95.2 ;
    %load/vec4 v00000240afda1ca0_0;
    %load/vec4 v00000240afda2d80_0;
    %add;
    %assign/vec4 v00000240afda1ca0_0, 0;
T_95.3 ;
T_95.1 ;
    %jmp T_95;
    .thread T_95;
    .scope S_00000240afd18bb0;
T_96 ;
    %pushi/vec4 0, 0, 1;
    %store/vec4 v00000240afda3be0_0, 0, 1;
T_96.0 ;
    %delay 5000, 0;
    %load/vec4 v00000240afda3be0_0;
    %inv;
    %store/vec4 v00000240afda3be0_0, 0, 1;
    %jmp T_96.0;
T_96.1 ;
    %end;
    .thread T_96;
    .scope S_00000240afd18bb0;
T_97 ;
    %vpi_call/w 4 8 "$dumpvars", 32'sb00000000000000000000000000000000, S_00000240afd18bb0 {0 0 0};
    %pushi/vec4 1, 0, 1;
    %store/vec4 v00000240afda3000_0, 0, 1;
    %pushi/vec4 0, 0, 1;
    %store/vec4 v00000240afda3c80_0, 0, 1;
    %pushi/vec4 0, 0, 16;
    %store/vec4 v00000240afda2740_0, 0, 16;
    %pushi/vec4 0, 0, 16;
    %store/vec4 v00000240afda1e80_0, 0, 16;
    %delay 10000, 0;
    %pushi/vec4 0, 0, 1;
    %store/vec4 v00000240afda3000_0, 0, 1;
    %pushi/vec4 10, 0, 16;
    %store/vec4 v00000240afda2740_0, 0, 16;
    %pushi/vec4 5, 0, 16;
    %store/vec4 v00000240afda1e80_0, 0, 16;
    %delay 10000, 0;
    %pushi/vec4 1, 0, 1;
    %store/vec4 v00000240afda3c80_0, 0, 1;
    %delay 10000, 0;
    %pushi/vec4 0, 0, 1;
    %store/vec4 v00000240afda3c80_0, 0, 1;
    %pushi/vec4 2, 0, 16;
    %store/vec4 v00000240afda2740_0, 0, 16;
    %pushi/vec4 3, 0, 16;
    %store/vec4 v00000240afda1e80_0, 0, 16;
    %delay 20000, 0;
    %vpi_call/w 4 13 "$finish" {0 0 0};
    %end;
    .thread T_97;
    .scope S_00000240afd991d0;
T_98 ;
    %wait E_00000240afd02df0;
    %load/vec4 v00000240afda1b60_0;
    %flag_set/vec4 8;
    %jmp/0xz  T_98.0, 8;
    %pushi/vec4 0, 0, 32;
    %assign/vec4 v00000240afda1ac0_0, 0;
    %pushi/vec4 0, 0, 32;
    %assign/vec4 v00000240afda2e20_0, 0;
    %jmp T_98.1;
T_98.0 ;
    %load/vec4 v00000240afda2240_0;
    %pad/s 32;
    %load/vec4 v00000240afda2880_0;
    %pad/s 32;
    %mul;
    %assign/vec4 v00000240afda1ac0_0, 0;
    %load/vec4 v00000240afda4220_0;
    %flag_set/vec4 8;
    %jmp/0xz  T_98.2, 8;
    %load/vec4 v00000240afda1ac0_0;
    %assign/vec4 v00000240afda2e20_0, 0;
    %jmp T_98.3;
T_98.2 ;
    %load/vec4 v00000240afda2e20_0;
    %load/vec4 v00000240afda1ac0_0;
    %add;
    %assign/vec4 v00000240afda2e20_0, 0;
T_98.3 ;
T_98.1 ;
    %jmp T_98;
    .thread T_98;
# The file index is used to find the file name in the following table.
:file_names 7;
    "N/A";
    "<interactive>";
    "-";
    "C:\Users\beade\.apio\packages\oss-cad-suite\share\yosys\ice40\cells_sim.v";
    "ex11_tb.v";
    "ex11_mac.v";
    "ex11_top.v";
