#! 
:ivl_version "14.0 (devel)" "(s20251012-140-gf5a178d47-dirty)";
:ivl_delay_selection "TYPICAL";
:vpi_time_precision - 12;
:vpi_module "C:\Users\beade\APIO~1\packages\OSS-CA~1\lib\ivl\system.vpi";
:vpi_module "C:\Users\beade\APIO~1\packages\OSS-CA~1\lib\ivl\vhdl_sys.vpi";
:vpi_module "C:\Users\beade\APIO~1\packages\OSS-CA~1\lib\ivl\vhdl_textio.vpi";
:vpi_module "C:\Users\beade\APIO~1\packages\OSS-CA~1\lib\ivl\v2005_math.vpi";
:vpi_module "C:\Users\beade\APIO~1\packages\OSS-CA~1\lib\ivl\va_math.vpi";
:vpi_module "C:\Users\beade\APIO~1\packages\OSS-CA~1\lib\ivl\v2009.vpi";
S_000001b9d22d1690 .scope package, "$unit" "$unit" 2 1;
 .timescale 0 0;
S_000001b9d22cb220 .scope module, "ICESTORM_LC" "ICESTORM_LC" 3 2136;
 .timescale -12 -12;
    .port_info 0 /INPUT 1 "I0";
    .port_info 1 /INPUT 1 "I1";
    .port_info 2 /INPUT 1 "I2";
    .port_info 3 /INPUT 1 "I3";
    .port_info 4 /INPUT 1 "CIN";
    .port_info 5 /INPUT 1 "CLK";
    .port_info 6 /INPUT 1 "CEN";
    .port_info 7 /INPUT 1 "SR";
    .port_info 8 /OUTPUT 1 "LO";
    .port_info 9 /OUTPUT 1 "O";
    .port_info 10 /OUTPUT 1 "COUT";
P_000001b9d2349c50 .param/l "ASYNC_SR" 0 3 2148, C4<0>;
P_000001b9d2349c88 .param/l "CARRY_ENABLE" 0 3 2145, C4<0>;
P_000001b9d2349cc0 .param/l "CIN_CONST" 0 3 2150, C4<0>;
P_000001b9d2349cf8 .param/l "CIN_SET" 0 3 2151, C4<0>;
P_000001b9d2349d30 .param/l "DFF_ENABLE" 0 3 2146, C4<0>;
P_000001b9d2349d68 .param/l "LUT_INIT" 0 3 2142, C4<0000000000000000>;
P_000001b9d2349da0 .param/l "NEG_CLK" 0 3 2144, C4<0>;
P_000001b9d2349dd8 .param/l "SET_NORESET" 0 3 2147, C4<0>;
o000001b9d24b9538 .functor BUFZ 1, c4<z>; HiZ drive
L_000001b9d2459df0 .functor BUFZ 1, o000001b9d24b9538, C4<0>, C4<0>, C4<0>;
L_000001b9d2459d10 .functor BUFZ 1, L_000001b9d253dd70, C4<0>, C4<0>, C4<0>;
o000001b9d24b9568 .functor BUFZ 1, c4<z>; HiZ drive
L_000001b9d2548c40 .functor BUFT 1, C4<0>, C4<0>, C4<0>, C4<0>;
L_000001b9d245b750 .functor XOR 1, o000001b9d24b9568, L_000001b9d2548c40, C4<0>, C4<0>;
L_000001b9d2459c30 .functor BUFZ 1, L_000001b9d253dd70, C4<0>, C4<0>, C4<0>;
o000001b9d24b94d8 .functor BUFZ 1, c4<z>; HiZ drive
v000001b9d24a1ba0_0 .net "CEN", 0 0, o000001b9d24b94d8;  0 drivers
v000001b9d24a2960_0 .net "CEN_pu", 0 0, L_000001b9d253fd50;  1 drivers
v000001b9d24a2c80_0 .net "CIN", 0 0, o000001b9d24b9538;  0 drivers
v000001b9d24a19c0_0 .net "CLK", 0 0, o000001b9d24b9568;  0 drivers
L_000001b9d2548b68 .functor BUFT 1, C4<x>, C4<0>, C4<0>, C4<0>;
v000001b9d24a2dc0_0 .net "COUT", 0 0, L_000001b9d2548b68;  1 drivers
o000001b9d24b95c8 .functor BUFZ 1, c4<z>; HiZ drive
v000001b9d24a2aa0_0 .net "I0", 0 0, o000001b9d24b95c8;  0 drivers
v000001b9d24a2b40_0 .net "I0_pd", 0 0, L_000001b9d253fc10;  1 drivers
o000001b9d24b9628 .functor BUFZ 1, c4<z>; HiZ drive
v000001b9d24a1240_0 .net "I1", 0 0, o000001b9d24b9628;  0 drivers
v000001b9d24a23c0_0 .net "I1_pd", 0 0, L_000001b9d253f710;  1 drivers
o000001b9d24b9688 .functor BUFZ 1, c4<z>; HiZ drive
v000001b9d24a20a0_0 .net "I2", 0 0, o000001b9d24b9688;  0 drivers
v000001b9d24a1a60_0 .net "I2_pd", 0 0, L_000001b9d253eb30;  1 drivers
o000001b9d24b96e8 .functor BUFZ 1, c4<z>; HiZ drive
v000001b9d24a1c40_0 .net "I3", 0 0, o000001b9d24b96e8;  0 drivers
v000001b9d24a1420_0 .net "I3_pd", 0 0, L_000001b9d253ed10;  1 drivers
v000001b9d24a2fa0_0 .net "LO", 0 0, L_000001b9d2459d10;  1 drivers
v000001b9d24a3040_0 .net "O", 0 0, L_000001b9d2459c30;  1 drivers
o000001b9d24b97a8 .functor BUFZ 1, c4<z>; HiZ drive
v000001b9d24a12e0_0 .net "SR", 0 0, o000001b9d24b97a8;  0 drivers
v000001b9d24a1380_0 .net "SR_pd", 0 0, L_000001b9d253da50;  1 drivers
o000001b9d24b9808 .functor BUFZ 1, c4<z>; HiZ drive
; Elide local net with no drivers, v000001b9d24a1600_0 name=_ivl_0
v000001b9d24a16a0_0 .net *"_ivl_10", 0 0, L_000001b9d253fb70;  1 drivers
L_000001b9d2548a00 .functor BUFT 1, C4<0>, C4<0>, C4<0>, C4<0>;
v000001b9d24a1e20_0 .net/2u *"_ivl_12", 0 0, L_000001b9d2548a00;  1 drivers
o000001b9d24b9898 .functor BUFZ 1, c4<z>; HiZ drive
; Elide local net with no drivers, v000001b9d24a1ce0_0 name=_ivl_16
v000001b9d24a2280_0 .net *"_ivl_18", 0 0, L_000001b9d253ec70;  1 drivers
v000001b9d24a2140_0 .net *"_ivl_2", 0 0, L_000001b9d253eef0;  1 drivers
L_000001b9d2548a48 .functor BUFT 1, C4<0>, C4<0>, C4<0>, C4<0>;
v000001b9d24a1d80_0 .net/2u *"_ivl_20", 0 0, L_000001b9d2548a48;  1 drivers
o000001b9d24b9958 .functor BUFZ 1, c4<z>; HiZ drive
; Elide local net with no drivers, v000001b9d24a21e0_0 name=_ivl_24
v000001b9d24a1ec0_0 .net *"_ivl_26", 0 0, L_000001b9d253f8f0;  1 drivers
L_000001b9d2548a90 .functor BUFT 1, C4<0>, C4<0>, C4<0>, C4<0>;
v000001b9d24a2460_0 .net/2u *"_ivl_28", 0 0, L_000001b9d2548a90;  1 drivers
o000001b9d24b99e8 .functor BUFZ 1, c4<z>; HiZ drive
; Elide local net with no drivers, v000001b9d2448000_0 name=_ivl_32
v000001b9d2449540_0 .net *"_ivl_34", 0 0, L_000001b9d253fcb0;  1 drivers
L_000001b9d2548ad8 .functor BUFT 1, C4<0>, C4<0>, C4<0>, C4<0>;
v000001b9d24483c0_0 .net/2u *"_ivl_36", 0 0, L_000001b9d2548ad8;  1 drivers
L_000001b9d25489b8 .functor BUFT 1, C4<0>, C4<0>, C4<0>, C4<0>;
v000001b9d2448780_0 .net/2u *"_ivl_4", 0 0, L_000001b9d25489b8;  1 drivers
o000001b9d24b9aa8 .functor BUFZ 1, c4<z>; HiZ drive
; Elide local net with no drivers, v000001b9d2448960_0 name=_ivl_40
v000001b9d2448fa0_0 .net *"_ivl_42", 0 0, L_000001b9d253d910;  1 drivers
L_000001b9d2548b20 .functor BUFT 1, C4<1>, C4<0>, C4<0>, C4<0>;
v000001b9d2449360_0 .net/2u *"_ivl_44", 0 0, L_000001b9d2548b20;  1 drivers
L_000001b9d2548bb0 .functor BUFT 1, C4<00000000>, C4<0>, C4<0>, C4<0>;
v000001b9d2449400_0 .net/2u *"_ivl_52", 7 0, L_000001b9d2548bb0;  1 drivers
L_000001b9d2548bf8 .functor BUFT 1, C4<00000000>, C4<0>, C4<0>, C4<0>;
v000001b9d24303f0_0 .net/2u *"_ivl_54", 7 0, L_000001b9d2548bf8;  1 drivers
v000001b9d2430710_0 .net *"_ivl_59", 3 0, L_000001b9d253e090;  1 drivers
v000001b9d24314d0_0 .net *"_ivl_61", 3 0, L_000001b9d253de10;  1 drivers
v000001b9d2430030_0 .net *"_ivl_65", 1 0, L_000001b9d253d9b0;  1 drivers
v000001b9d2430990_0 .net *"_ivl_67", 1 0, L_000001b9d253d730;  1 drivers
v000001b9d2430d50_0 .net *"_ivl_71", 0 0, L_000001b9d253db90;  1 drivers
v000001b9d23f7fe0_0 .net *"_ivl_73", 0 0, L_000001b9d253f490;  1 drivers
v000001b9d24616c0_0 .net/2u *"_ivl_78", 0 0, L_000001b9d2548c40;  1 drivers
o000001b9d24b9ce8 .functor BUFZ 1, c4<z>; HiZ drive
; Elide local net with no drivers, v000001b9d24ff0e0_0 name=_ivl_8
v000001b9d24fdf60_0 .net "lut_o", 0 0, L_000001b9d253dd70;  1 drivers
v000001b9d24fe500_0 .net "lut_s1", 1 0, L_000001b9d253daf0;  1 drivers
v000001b9d24fe3c0_0 .net "lut_s2", 3 0, L_000001b9d253e590;  1 drivers
v000001b9d24fdb00_0 .net "lut_s3", 7 0, L_000001b9d253d690;  1 drivers
v000001b9d24fdd80_0 .net "mux_cin", 0 0, L_000001b9d2459df0;  1 drivers
v000001b9d24fda60_0 .var "o_reg", 0 0;
v000001b9d24fe460_0 .var "o_reg_async", 0 0;
v000001b9d24fdba0_0 .net "polarized_clk", 0 0, L_000001b9d245b750;  1 drivers
E_000001b9d2480cf0 .event posedge, v000001b9d24a1380_0, v000001b9d24fdba0_0;
E_000001b9d24809f0 .event posedge, v000001b9d24fdba0_0;
L_000001b9d253eef0 .cmp/eeq 1, o000001b9d24b95c8, o000001b9d24b9808;
L_000001b9d253fc10 .functor MUXZ 1, o000001b9d24b95c8, L_000001b9d25489b8, L_000001b9d253eef0, C4<>;
L_000001b9d253fb70 .cmp/eeq 1, o000001b9d24b9628, o000001b9d24b9ce8;
L_000001b9d253f710 .functor MUXZ 1, o000001b9d24b9628, L_000001b9d2548a00, L_000001b9d253fb70, C4<>;
L_000001b9d253ec70 .cmp/eeq 1, o000001b9d24b9688, o000001b9d24b9898;
L_000001b9d253eb30 .functor MUXZ 1, o000001b9d24b9688, L_000001b9d2548a48, L_000001b9d253ec70, C4<>;
L_000001b9d253f8f0 .cmp/eeq 1, o000001b9d24b96e8, o000001b9d24b9958;
L_000001b9d253ed10 .functor MUXZ 1, o000001b9d24b96e8, L_000001b9d2548a90, L_000001b9d253f8f0, C4<>;
L_000001b9d253fcb0 .cmp/eeq 1, o000001b9d24b97a8, o000001b9d24b99e8;
L_000001b9d253da50 .functor MUXZ 1, o000001b9d24b97a8, L_000001b9d2548ad8, L_000001b9d253fcb0, C4<>;
L_000001b9d253d910 .cmp/eeq 1, o000001b9d24b94d8, o000001b9d24b9aa8;
L_000001b9d253fd50 .functor MUXZ 1, o000001b9d24b94d8, L_000001b9d2548b20, L_000001b9d253d910, C4<>;
L_000001b9d253d690 .functor MUXZ 8, L_000001b9d2548bf8, L_000001b9d2548bb0, L_000001b9d253ed10, C4<>;
L_000001b9d253e090 .part L_000001b9d253d690, 4, 4;
L_000001b9d253de10 .part L_000001b9d253d690, 0, 4;
L_000001b9d253e590 .functor MUXZ 4, L_000001b9d253de10, L_000001b9d253e090, L_000001b9d253eb30, C4<>;
L_000001b9d253d9b0 .part L_000001b9d253e590, 2, 2;
L_000001b9d253d730 .part L_000001b9d253e590, 0, 2;
L_000001b9d253daf0 .functor MUXZ 2, L_000001b9d253d730, L_000001b9d253d9b0, L_000001b9d253f710, C4<>;
L_000001b9d253db90 .part L_000001b9d253daf0, 1, 1;
L_000001b9d253f490 .part L_000001b9d253daf0, 0, 1;
L_000001b9d253dd70 .functor MUXZ 1, L_000001b9d253f490, L_000001b9d253db90, L_000001b9d253fc10, C4<>;
S_000001b9d21bb5a0 .scope module, "ICESTORM_RAM" "ICESTORM_RAM" 3 3167;
 .timescale -12 -12;
    .port_info 0 /OUTPUT 1 "RDATA_15";
    .port_info 1 /OUTPUT 1 "RDATA_14";
    .port_info 2 /OUTPUT 1 "RDATA_13";
    .port_info 3 /OUTPUT 1 "RDATA_12";
    .port_info 4 /OUTPUT 1 "RDATA_11";
    .port_info 5 /OUTPUT 1 "RDATA_10";
    .port_info 6 /OUTPUT 1 "RDATA_9";
    .port_info 7 /OUTPUT 1 "RDATA_8";
    .port_info 8 /OUTPUT 1 "RDATA_7";
    .port_info 9 /OUTPUT 1 "RDATA_6";
    .port_info 10 /OUTPUT 1 "RDATA_5";
    .port_info 11 /OUTPUT 1 "RDATA_4";
    .port_info 12 /OUTPUT 1 "RDATA_3";
    .port_info 13 /OUTPUT 1 "RDATA_2";
    .port_info 14 /OUTPUT 1 "RDATA_1";
    .port_info 15 /OUTPUT 1 "RDATA_0";
    .port_info 16 /INPUT 1 "RCLK";
    .port_info 17 /INPUT 1 "RCLKE";
    .port_info 18 /INPUT 1 "RE";
    .port_info 19 /INPUT 1 "RADDR_10";
    .port_info 20 /INPUT 1 "RADDR_9";
    .port_info 21 /INPUT 1 "RADDR_8";
    .port_info 22 /INPUT 1 "RADDR_7";
    .port_info 23 /INPUT 1 "RADDR_6";
    .port_info 24 /INPUT 1 "RADDR_5";
    .port_info 25 /INPUT 1 "RADDR_4";
    .port_info 26 /INPUT 1 "RADDR_3";
    .port_info 27 /INPUT 1 "RADDR_2";
    .port_info 28 /INPUT 1 "RADDR_1";
    .port_info 29 /INPUT 1 "RADDR_0";
    .port_info 30 /INPUT 1 "WCLK";
    .port_info 31 /INPUT 1 "WCLKE";
    .port_info 32 /INPUT 1 "WE";
    .port_info 33 /INPUT 1 "WADDR_10";
    .port_info 34 /INPUT 1 "WADDR_9";
    .port_info 35 /INPUT 1 "WADDR_8";
    .port_info 36 /INPUT 1 "WADDR_7";
    .port_info 37 /INPUT 1 "WADDR_6";
    .port_info 38 /INPUT 1 "WADDR_5";
    .port_info 39 /INPUT 1 "WADDR_4";
    .port_info 40 /INPUT 1 "WADDR_3";
    .port_info 41 /INPUT 1 "WADDR_2";
    .port_info 42 /INPUT 1 "WADDR_1";
    .port_info 43 /INPUT 1 "WADDR_0";
    .port_info 44 /INPUT 1 "MASK_15";
    .port_info 45 /INPUT 1 "MASK_14";
    .port_info 46 /INPUT 1 "MASK_13";
    .port_info 47 /INPUT 1 "MASK_12";
    .port_info 48 /INPUT 1 "MASK_11";
    .port_info 49 /INPUT 1 "MASK_10";
    .port_info 50 /INPUT 1 "MASK_9";
    .port_info 51 /INPUT 1 "MASK_8";
    .port_info 52 /INPUT 1 "MASK_7";
    .port_info 53 /INPUT 1 "MASK_6";
    .port_info 54 /INPUT 1 "MASK_5";
    .port_info 55 /INPUT 1 "MASK_4";
    .port_info 56 /INPUT 1 "MASK_3";
    .port_info 57 /INPUT 1 "MASK_2";
    .port_info 58 /INPUT 1 "MASK_1";
    .port_info 59 /INPUT 1 "MASK_0";
    .port_info 60 /INPUT 1 "WDATA_15";
    .port_info 61 /INPUT 1 "WDATA_14";
    .port_info 62 /INPUT 1 "WDATA_13";
    .port_info 63 /INPUT 1 "WDATA_12";
    .port_info 64 /INPUT 1 "WDATA_11";
    .port_info 65 /INPUT 1 "WDATA_10";
    .port_info 66 /INPUT 1 "WDATA_9";
    .port_info 67 /INPUT 1 "WDATA_8";
    .port_info 68 /INPUT 1 "WDATA_7";
    .port_info 69 /INPUT 1 "WDATA_6";
    .port_info 70 /INPUT 1 "WDATA_5";
    .port_info 71 /INPUT 1 "WDATA_4";
    .port_info 72 /INPUT 1 "WDATA_3";
    .port_info 73 /INPUT 1 "WDATA_2";
    .port_info 74 /INPUT 1 "WDATA_1";
    .port_info 75 /INPUT 1 "WDATA_0";
P_000001b9d21b6010 .param/l "INIT_0" 0 3 3182, C4<0000000000000000000000000000000000000000000000000000000000000000000000000000000000000000000000000000000000000000000000000000000000000000000000000000000000000000000000000000000000000000000000000000000000000000000000000000000000000000000000000000000000000000>;
P_000001b9d21b6048 .param/l "INIT_1" 0 3 3183, C4<0000000000000000000000000000000000000000000000000000000000000000000000000000000000000000000000000000000000000000000000000000000000000000000000000000000000000000000000000000000000000000000000000000000000000000000000000000000000000000000000000000000000000000>;
P_000001b9d21b6080 .param/l "INIT_2" 0 3 3184, C4<0000000000000000000000000000000000000000000000000000000000000000000000000000000000000000000000000000000000000000000000000000000000000000000000000000000000000000000000000000000000000000000000000000000000000000000000000000000000000000000000000000000000000000>;
P_000001b9d21b60b8 .param/l "INIT_3" 0 3 3185, C4<0000000000000000000000000000000000000000000000000000000000000000000000000000000000000000000000000000000000000000000000000000000000000000000000000000000000000000000000000000000000000000000000000000000000000000000000000000000000000000000000000000000000000000>;
P_000001b9d21b60f0 .param/l "INIT_4" 0 3 3186, C4<0000000000000000000000000000000000000000000000000000000000000000000000000000000000000000000000000000000000000000000000000000000000000000000000000000000000000000000000000000000000000000000000000000000000000000000000000000000000000000000000000000000000000000>;
P_000001b9d21b6128 .param/l "INIT_5" 0 3 3187, C4<0000000000000000000000000000000000000000000000000000000000000000000000000000000000000000000000000000000000000000000000000000000000000000000000000000000000000000000000000000000000000000000000000000000000000000000000000000000000000000000000000000000000000000>;
P_000001b9d21b6160 .param/l "INIT_6" 0 3 3188, C4<0000000000000000000000000000000000000000000000000000000000000000000000000000000000000000000000000000000000000000000000000000000000000000000000000000000000000000000000000000000000000000000000000000000000000000000000000000000000000000000000000000000000000000>;
P_000001b9d21b6198 .param/l "INIT_7" 0 3 3189, C4<0000000000000000000000000000000000000000000000000000000000000000000000000000000000000000000000000000000000000000000000000000000000000000000000000000000000000000000000000000000000000000000000000000000000000000000000000000000000000000000000000000000000000000>;
P_000001b9d21b61d0 .param/l "INIT_8" 0 3 3190, C4<0000000000000000000000000000000000000000000000000000000000000000000000000000000000000000000000000000000000000000000000000000000000000000000000000000000000000000000000000000000000000000000000000000000000000000000000000000000000000000000000000000000000000000>;
P_000001b9d21b6208 .param/l "INIT_9" 0 3 3191, C4<0000000000000000000000000000000000000000000000000000000000000000000000000000000000000000000000000000000000000000000000000000000000000000000000000000000000000000000000000000000000000000000000000000000000000000000000000000000000000000000000000000000000000000>;
P_000001b9d21b6240 .param/l "INIT_A" 0 3 3192, C4<0000000000000000000000000000000000000000000000000000000000000000000000000000000000000000000000000000000000000000000000000000000000000000000000000000000000000000000000000000000000000000000000000000000000000000000000000000000000000000000000000000000000000000>;
P_000001b9d21b6278 .param/l "INIT_B" 0 3 3193, C4<0000000000000000000000000000000000000000000000000000000000000000000000000000000000000000000000000000000000000000000000000000000000000000000000000000000000000000000000000000000000000000000000000000000000000000000000000000000000000000000000000000000000000000>;
P_000001b9d21b62b0 .param/l "INIT_C" 0 3 3194, C4<0000000000000000000000000000000000000000000000000000000000000000000000000000000000000000000000000000000000000000000000000000000000000000000000000000000000000000000000000000000000000000000000000000000000000000000000000000000000000000000000000000000000000000>;
P_000001b9d21b62e8 .param/l "INIT_D" 0 3 3195, C4<0000000000000000000000000000000000000000000000000000000000000000000000000000000000000000000000000000000000000000000000000000000000000000000000000000000000000000000000000000000000000000000000000000000000000000000000000000000000000000000000000000000000000000>;
P_000001b9d21b6320 .param/l "INIT_E" 0 3 3196, C4<0000000000000000000000000000000000000000000000000000000000000000000000000000000000000000000000000000000000000000000000000000000000000000000000000000000000000000000000000000000000000000000000000000000000000000000000000000000000000000000000000000000000000000>;
P_000001b9d21b6358 .param/l "INIT_F" 0 3 3197, C4<0000000000000000000000000000000000000000000000000000000000000000000000000000000000000000000000000000000000000000000000000000000000000000000000000000000000000000000000000000000000000000000000000000000000000000000000000000000000000000000000000000000000000000>;
P_000001b9d21b6390 .param/l "NEG_CLK_R" 0 3 3179, C4<0>;
P_000001b9d21b63c8 .param/l "NEG_CLK_W" 0 3 3180, C4<0>;
P_000001b9d21b6400 .param/l "READ_MODE" 0 3 3177, +C4<00000000000000000000000000000000>;
P_000001b9d21b6438 .param/l "WRITE_MODE" 0 3 3176, +C4<00000000000000000000000000000000>;
L_000001b9d2548cd0 .functor BUFT 1, C4<0>, C4<0>, C4<0>, C4<0>;
L_000001b9d245bad0 .functor XOR 1, L_000001b9d253e450, L_000001b9d2548cd0, C4<0>, C4<0>;
L_000001b9d2548d18 .functor BUFT 1, C4<0>, C4<0>, C4<0>, C4<0>;
L_000001b9d245b9f0 .functor XOR 1, L_000001b9d253a210, L_000001b9d2548d18, C4<0>, C4<0>;
o000001b9d24ba678 .functor BUFZ 1, c4<z>; HiZ drive
v000001b9d24ff180_0 .net "MASK_0", 0 0, o000001b9d24ba678;  0 drivers
o000001b9d24ba6a8 .functor BUFZ 1, c4<z>; HiZ drive
v000001b9d24fe000_0 .net "MASK_1", 0 0, o000001b9d24ba6a8;  0 drivers
o000001b9d24ba6d8 .functor BUFZ 1, c4<z>; HiZ drive
v000001b9d24fe140_0 .net "MASK_10", 0 0, o000001b9d24ba6d8;  0 drivers
o000001b9d24ba708 .functor BUFZ 1, c4<z>; HiZ drive
v000001b9d24ff400_0 .net "MASK_11", 0 0, o000001b9d24ba708;  0 drivers
o000001b9d24ba738 .functor BUFZ 1, c4<z>; HiZ drive
v000001b9d24ff2c0_0 .net "MASK_12", 0 0, o000001b9d24ba738;  0 drivers
o000001b9d24ba768 .functor BUFZ 1, c4<z>; HiZ drive
v000001b9d24fd600_0 .net "MASK_13", 0 0, o000001b9d24ba768;  0 drivers
o000001b9d24ba798 .functor BUFZ 1, c4<z>; HiZ drive
v000001b9d24fde20_0 .net "MASK_14", 0 0, o000001b9d24ba798;  0 drivers
o000001b9d24ba7c8 .functor BUFZ 1, c4<z>; HiZ drive
v000001b9d24fd7e0_0 .net "MASK_15", 0 0, o000001b9d24ba7c8;  0 drivers
o000001b9d24ba7f8 .functor BUFZ 1, c4<z>; HiZ drive
v000001b9d24fe280_0 .net "MASK_2", 0 0, o000001b9d24ba7f8;  0 drivers
o000001b9d24ba828 .functor BUFZ 1, c4<z>; HiZ drive
v000001b9d24fe640_0 .net "MASK_3", 0 0, o000001b9d24ba828;  0 drivers
o000001b9d24ba858 .functor BUFZ 1, c4<z>; HiZ drive
v000001b9d24ff220_0 .net "MASK_4", 0 0, o000001b9d24ba858;  0 drivers
o000001b9d24ba888 .functor BUFZ 1, c4<z>; HiZ drive
v000001b9d24fe320_0 .net "MASK_5", 0 0, o000001b9d24ba888;  0 drivers
o000001b9d24ba8b8 .functor BUFZ 1, c4<z>; HiZ drive
v000001b9d24fea00_0 .net "MASK_6", 0 0, o000001b9d24ba8b8;  0 drivers
o000001b9d24ba8e8 .functor BUFZ 1, c4<z>; HiZ drive
v000001b9d24feb40_0 .net "MASK_7", 0 0, o000001b9d24ba8e8;  0 drivers
o000001b9d24ba918 .functor BUFZ 1, c4<z>; HiZ drive
v000001b9d24feaa0_0 .net "MASK_8", 0 0, o000001b9d24ba918;  0 drivers
o000001b9d24ba948 .functor BUFZ 1, c4<z>; HiZ drive
v000001b9d24fd6a0_0 .net "MASK_9", 0 0, o000001b9d24ba948;  0 drivers
o000001b9d24ba978 .functor BUFZ 1, c4<z>; HiZ drive
v000001b9d24fdec0_0 .net "RADDR_0", 0 0, o000001b9d24ba978;  0 drivers
o000001b9d24ba9a8 .functor BUFZ 1, c4<z>; HiZ drive
v000001b9d24fe820_0 .net "RADDR_1", 0 0, o000001b9d24ba9a8;  0 drivers
o000001b9d24ba9d8 .functor BUFZ 1, c4<z>; HiZ drive
v000001b9d24febe0_0 .net "RADDR_10", 0 0, o000001b9d24ba9d8;  0 drivers
o000001b9d24baa08 .functor BUFZ 1, c4<z>; HiZ drive
v000001b9d24fee60_0 .net "RADDR_2", 0 0, o000001b9d24baa08;  0 drivers
o000001b9d24baa38 .functor BUFZ 1, c4<z>; HiZ drive
v000001b9d2502d90_0 .net "RADDR_3", 0 0, o000001b9d24baa38;  0 drivers
o000001b9d24baa68 .functor BUFZ 1, c4<z>; HiZ drive
v000001b9d2502930_0 .net "RADDR_4", 0 0, o000001b9d24baa68;  0 drivers
o000001b9d24baa98 .functor BUFZ 1, c4<z>; HiZ drive
v000001b9d2503010_0 .net "RADDR_5", 0 0, o000001b9d24baa98;  0 drivers
o000001b9d24baac8 .functor BUFZ 1, c4<z>; HiZ drive
v000001b9d2502570_0 .net "RADDR_6", 0 0, o000001b9d24baac8;  0 drivers
o000001b9d24baaf8 .functor BUFZ 1, c4<z>; HiZ drive
v000001b9d2503330_0 .net "RADDR_7", 0 0, o000001b9d24baaf8;  0 drivers
o000001b9d24bab28 .functor BUFZ 1, c4<z>; HiZ drive
v000001b9d2503bf0_0 .net "RADDR_8", 0 0, o000001b9d24bab28;  0 drivers
o000001b9d24bab58 .functor BUFZ 1, c4<z>; HiZ drive
v000001b9d25030b0_0 .net "RADDR_9", 0 0, o000001b9d24bab58;  0 drivers
o000001b9d24bab88 .functor BUFZ 1, c4<z>; HiZ drive
v000001b9d2504410_0 .net "RCLK", 0 0, o000001b9d24bab88;  0 drivers
o000001b9d24babb8 .functor BUFZ 1, c4<z>; HiZ drive
v000001b9d2502610_0 .net "RCLKE", 0 0, o000001b9d24babb8;  0 drivers
v000001b9d2504230_0 .net "RDATA_0", 0 0, L_000001b9d253f350;  1 drivers
v000001b9d2502bb0_0 .net "RDATA_1", 0 0, L_000001b9d253e3b0;  1 drivers
v000001b9d2503150_0 .net "RDATA_10", 0 0, L_000001b9d253deb0;  1 drivers
v000001b9d2503a10_0 .net "RDATA_11", 0 0, L_000001b9d253e770;  1 drivers
v000001b9d2503ab0_0 .net "RDATA_12", 0 0, L_000001b9d253e310;  1 drivers
v000001b9d2503470_0 .net "RDATA_13", 0 0, L_000001b9d253e630;  1 drivers
v000001b9d25031f0_0 .net "RDATA_14", 0 0, L_000001b9d253e270;  1 drivers
v000001b9d25029d0_0 .net "RDATA_15", 0 0, L_000001b9d253dcd0;  1 drivers
v000001b9d25026b0_0 .net "RDATA_2", 0 0, L_000001b9d253e1d0;  1 drivers
v000001b9d25021b0_0 .net "RDATA_3", 0 0, L_000001b9d253f210;  1 drivers
v000001b9d2503c90_0 .net "RDATA_4", 0 0, L_000001b9d253ee50;  1 drivers
v000001b9d2503b50_0 .net "RDATA_5", 0 0, L_000001b9d253f170;  1 drivers
v000001b9d2503fb0_0 .net "RDATA_6", 0 0, L_000001b9d253ef90;  1 drivers
v000001b9d2504050_0 .net "RDATA_7", 0 0, L_000001b9d253e130;  1 drivers
v000001b9d2503d30_0 .net "RDATA_8", 0 0, L_000001b9d253e810;  1 drivers
v000001b9d2503dd0_0 .net "RDATA_9", 0 0, L_000001b9d253f0d0;  1 drivers
o000001b9d24baee8 .functor BUFZ 1, c4<z>; HiZ drive
v000001b9d2502f70_0 .net "RE", 0 0, o000001b9d24baee8;  0 drivers
o000001b9d24baf18 .functor BUFZ 1, c4<z>; HiZ drive
v000001b9d25040f0_0 .net "WADDR_0", 0 0, o000001b9d24baf18;  0 drivers
o000001b9d24baf48 .functor BUFZ 1, c4<z>; HiZ drive
v000001b9d2502250_0 .net "WADDR_1", 0 0, o000001b9d24baf48;  0 drivers
o000001b9d24baf78 .functor BUFZ 1, c4<z>; HiZ drive
v000001b9d25045f0_0 .net "WADDR_10", 0 0, o000001b9d24baf78;  0 drivers
o000001b9d24bafa8 .functor BUFZ 1, c4<z>; HiZ drive
v000001b9d2503510_0 .net "WADDR_2", 0 0, o000001b9d24bafa8;  0 drivers
o000001b9d24bafd8 .functor BUFZ 1, c4<z>; HiZ drive
v000001b9d2502890_0 .net "WADDR_3", 0 0, o000001b9d24bafd8;  0 drivers
o000001b9d24bb008 .functor BUFZ 1, c4<z>; HiZ drive
v000001b9d2503290_0 .net "WADDR_4", 0 0, o000001b9d24bb008;  0 drivers
o000001b9d24bb038 .functor BUFZ 1, c4<z>; HiZ drive
v000001b9d2502c50_0 .net "WADDR_5", 0 0, o000001b9d24bb038;  0 drivers
o000001b9d24bb068 .functor BUFZ 1, c4<z>; HiZ drive
v000001b9d2502cf0_0 .net "WADDR_6", 0 0, o000001b9d24bb068;  0 drivers
o000001b9d24bb098 .functor BUFZ 1, c4<z>; HiZ drive
v000001b9d2502a70_0 .net "WADDR_7", 0 0, o000001b9d24bb098;  0 drivers
o000001b9d24bb0c8 .functor BUFZ 1, c4<z>; HiZ drive
v000001b9d2502110_0 .net "WADDR_8", 0 0, o000001b9d24bb0c8;  0 drivers
o000001b9d24bb0f8 .functor BUFZ 1, c4<z>; HiZ drive
v000001b9d2503e70_0 .net "WADDR_9", 0 0, o000001b9d24bb0f8;  0 drivers
o000001b9d24bb128 .functor BUFZ 1, c4<z>; HiZ drive
v000001b9d25042d0_0 .net "WCLK", 0 0, o000001b9d24bb128;  0 drivers
o000001b9d24bb158 .functor BUFZ 1, c4<z>; HiZ drive
v000001b9d2503650_0 .net "WCLKE", 0 0, o000001b9d24bb158;  0 drivers
o000001b9d24bb188 .functor BUFZ 1, c4<z>; HiZ drive
v000001b9d2504370_0 .net "WDATA_0", 0 0, o000001b9d24bb188;  0 drivers
o000001b9d24bb1b8 .functor BUFZ 1, c4<z>; HiZ drive
v000001b9d2503f10_0 .net "WDATA_1", 0 0, o000001b9d24bb1b8;  0 drivers
o000001b9d24bb1e8 .functor BUFZ 1, c4<z>; HiZ drive
v000001b9d2504190_0 .net "WDATA_10", 0 0, o000001b9d24bb1e8;  0 drivers
o000001b9d24bb218 .functor BUFZ 1, c4<z>; HiZ drive
v000001b9d25044b0_0 .net "WDATA_11", 0 0, o000001b9d24bb218;  0 drivers
o000001b9d24bb248 .functor BUFZ 1, c4<z>; HiZ drive
v000001b9d2504550_0 .net "WDATA_12", 0 0, o000001b9d24bb248;  0 drivers
o000001b9d24bb278 .functor BUFZ 1, c4<z>; HiZ drive
v000001b9d2504690_0 .net "WDATA_13", 0 0, o000001b9d24bb278;  0 drivers
o000001b9d24bb2a8 .functor BUFZ 1, c4<z>; HiZ drive
v000001b9d2504730_0 .net "WDATA_14", 0 0, o000001b9d24bb2a8;  0 drivers
o000001b9d24bb2d8 .functor BUFZ 1, c4<z>; HiZ drive
v000001b9d25036f0_0 .net "WDATA_15", 0 0, o000001b9d24bb2d8;  0 drivers
o000001b9d24bb308 .functor BUFZ 1, c4<z>; HiZ drive
v000001b9d2501fd0_0 .net "WDATA_2", 0 0, o000001b9d24bb308;  0 drivers
o000001b9d24bb338 .functor BUFZ 1, c4<z>; HiZ drive
v000001b9d2502070_0 .net "WDATA_3", 0 0, o000001b9d24bb338;  0 drivers
o000001b9d24bb368 .functor BUFZ 1, c4<z>; HiZ drive
v000001b9d25022f0_0 .net "WDATA_4", 0 0, o000001b9d24bb368;  0 drivers
o000001b9d24bb398 .functor BUFZ 1, c4<z>; HiZ drive
v000001b9d25033d0_0 .net "WDATA_5", 0 0, o000001b9d24bb398;  0 drivers
o000001b9d24bb3c8 .functor BUFZ 1, c4<z>; HiZ drive
v000001b9d25035b0_0 .net "WDATA_6", 0 0, o000001b9d24bb3c8;  0 drivers
o000001b9d24bb3f8 .functor BUFZ 1, c4<z>; HiZ drive
v000001b9d2502390_0 .net "WDATA_7", 0 0, o000001b9d24bb3f8;  0 drivers
o000001b9d24bb428 .functor BUFZ 1, c4<z>; HiZ drive
v000001b9d2502430_0 .net "WDATA_8", 0 0, o000001b9d24bb428;  0 drivers
o000001b9d24bb458 .functor BUFZ 1, c4<z>; HiZ drive
v000001b9d2502b10_0 .net "WDATA_9", 0 0, o000001b9d24bb458;  0 drivers
o000001b9d24bb488 .functor BUFZ 1, c4<z>; HiZ drive
v000001b9d2502750_0 .net "WE", 0 0, o000001b9d24bb488;  0 drivers
v000001b9d2503790_0 .net *"_ivl_100", 0 0, L_000001b9d253ad50;  1 drivers
v000001b9d2503830_0 .net *"_ivl_102", 0 0, L_000001b9d2538cd0;  1 drivers
v000001b9d25024d0_0 .net *"_ivl_104", 0 0, L_000001b9d2539f90;  1 drivers
v000001b9d25027f0_0 .net *"_ivl_106", 0 0, L_000001b9d253a030;  1 drivers
v000001b9d2502e30_0 .net *"_ivl_108", 0 0, L_000001b9d253a170;  1 drivers
v000001b9d2502ed0_0 .net *"_ivl_110", 0 0, L_000001b9d25385f0;  1 drivers
v000001b9d25038d0_0 .net *"_ivl_112", 0 0, L_000001b9d25389b0;  1 drivers
v000001b9d2503970_0 .net *"_ivl_114", 0 0, L_000001b9d253acb0;  1 drivers
v000001b9d2505130_0 .net *"_ivl_116", 0 0, L_000001b9d2538910;  1 drivers
v000001b9d2505590_0 .net *"_ivl_120", 0 0, L_000001b9d253a0d0;  1 drivers
v000001b9d2505a90_0 .net *"_ivl_122", 0 0, L_000001b9d2539590;  1 drivers
v000001b9d2504f50_0 .net *"_ivl_124", 0 0, L_000001b9d2538a50;  1 drivers
v000001b9d2505630_0 .net *"_ivl_126", 0 0, L_000001b9d2539a90;  1 drivers
v000001b9d2505270_0 .net *"_ivl_128", 0 0, L_000001b9d25391d0;  1 drivers
v000001b9d2505310_0 .net *"_ivl_130", 0 0, L_000001b9d2538af0;  1 drivers
v000001b9d2504910_0 .net *"_ivl_132", 0 0, L_000001b9d25399f0;  1 drivers
v000001b9d2505db0_0 .net *"_ivl_134", 0 0, L_000001b9d2538c30;  1 drivers
v000001b9d2505950_0 .net *"_ivl_136", 0 0, L_000001b9d253a7b0;  1 drivers
v000001b9d25051d0_0 .net *"_ivl_138", 0 0, L_000001b9d253a490;  1 drivers
v000001b9d2504a50_0 .net *"_ivl_140", 0 0, L_000001b9d2539950;  1 drivers
v000001b9d2504af0_0 .net *"_ivl_142", 0 0, L_000001b9d2539630;  1 drivers
v000001b9d2505450_0 .net *"_ivl_144", 0 0, L_000001b9d2539b30;  1 drivers
v000001b9d2505d10_0 .net *"_ivl_146", 0 0, L_000001b9d2538690;  1 drivers
v000001b9d25056d0_0 .net *"_ivl_148", 0 0, L_000001b9d253a350;  1 drivers
v000001b9d2504b90_0 .net *"_ivl_150", 0 0, L_000001b9d253a5d0;  1 drivers
v000001b9d25053b0_0 .net *"_ivl_18", 0 0, L_000001b9d253e450;  1 drivers
v000001b9d2505770_0 .net/2u *"_ivl_19", 0 0, L_000001b9d2548cd0;  1 drivers
v000001b9d2505e50_0 .net *"_ivl_28", 0 0, L_000001b9d253fe90;  1 drivers
v000001b9d25047d0_0 .net *"_ivl_30", 0 0, L_000001b9d25401b0;  1 drivers
v000001b9d25054f0_0 .net *"_ivl_32", 0 0, L_000001b9d25402f0;  1 drivers
v000001b9d2504ff0_0 .net *"_ivl_34", 0 0, L_000001b9d2540390;  1 drivers
v000001b9d2505810_0 .net *"_ivl_36", 0 0, L_000001b9d2540110;  1 drivers
v000001b9d25058b0_0 .net *"_ivl_38", 0 0, L_000001b9d2540250;  1 drivers
v000001b9d25059f0_0 .net *"_ivl_40", 0 0, L_000001b9d2540430;  1 drivers
v000001b9d2505b30_0 .net *"_ivl_42", 0 0, L_000001b9d253fdf0;  1 drivers
v000001b9d2504870_0 .net *"_ivl_44", 0 0, L_000001b9d253ff30;  1 drivers
v000001b9d2505c70_0 .net *"_ivl_46", 0 0, L_000001b9d2540070;  1 drivers
v000001b9d25049b0_0 .net *"_ivl_48", 0 0, L_000001b9d253ffd0;  1 drivers
v000001b9d2505bd0_0 .net *"_ivl_52", 0 0, L_000001b9d253a210;  1 drivers
v000001b9d2504c30_0 .net/2u *"_ivl_53", 0 0, L_000001b9d2548d18;  1 drivers
v000001b9d2504cd0_0 .net *"_ivl_62", 0 0, L_000001b9d2539270;  1 drivers
v000001b9d2505090_0 .net *"_ivl_64", 0 0, L_000001b9d253a670;  1 drivers
v000001b9d2504d70_0 .net *"_ivl_66", 0 0, L_000001b9d2539310;  1 drivers
v000001b9d2504e10_0 .net *"_ivl_68", 0 0, L_000001b9d253a530;  1 drivers
v000001b9d2504eb0_0 .net *"_ivl_70", 0 0, L_000001b9d25387d0;  1 drivers
v000001b9d25073e0_0 .net *"_ivl_72", 0 0, L_000001b9d253a8f0;  1 drivers
v000001b9d25070c0_0 .net *"_ivl_74", 0 0, L_000001b9d2539db0;  1 drivers
v000001b9d2506080_0 .net *"_ivl_76", 0 0, L_000001b9d25398b0;  1 drivers
v000001b9d2507480_0 .net *"_ivl_78", 0 0, L_000001b9d253a2b0;  1 drivers
v000001b9d2505fe0_0 .net *"_ivl_80", 0 0, L_000001b9d2538eb0;  1 drivers
v000001b9d25066c0_0 .net *"_ivl_82", 0 0, L_000001b9d2538870;  1 drivers
v000001b9d2506760_0 .net *"_ivl_86", 0 0, L_000001b9d2539bd0;  1 drivers
v000001b9d2507a20_0 .net *"_ivl_88", 0 0, L_000001b9d2539130;  1 drivers
v000001b9d2506c60_0 .net *"_ivl_90", 0 0, L_000001b9d2539e50;  1 drivers
v000001b9d2507ac0_0 .net *"_ivl_92", 0 0, L_000001b9d25396d0;  1 drivers
v000001b9d25084c0_0 .net *"_ivl_94", 0 0, L_000001b9d253ac10;  1 drivers
v000001b9d2508100_0 .net *"_ivl_96", 0 0, L_000001b9d253a3f0;  1 drivers
v000001b9d2506a80_0 .net *"_ivl_98", 0 0, L_000001b9d25394f0;  1 drivers
L_000001b9d253dcd0 .part v000001b9d24fefa0_0, 15, 1;
L_000001b9d253e270 .part v000001b9d24fefa0_0, 14, 1;
L_000001b9d253e630 .part v000001b9d24fefa0_0, 13, 1;
L_000001b9d253e310 .part v000001b9d24fefa0_0, 12, 1;
L_000001b9d253e770 .part v000001b9d24fefa0_0, 11, 1;
L_000001b9d253deb0 .part v000001b9d24fefa0_0, 10, 1;
L_000001b9d253f0d0 .part v000001b9d24fefa0_0, 9, 1;
L_000001b9d253e810 .part v000001b9d24fefa0_0, 8, 1;
L_000001b9d253e130 .part v000001b9d24fefa0_0, 7, 1;
L_000001b9d253ef90 .part v000001b9d24fefa0_0, 6, 1;
L_000001b9d253f170 .part v000001b9d24fefa0_0, 5, 1;
L_000001b9d253ee50 .part v000001b9d24fefa0_0, 4, 1;
L_000001b9d253f210 .part v000001b9d24fefa0_0, 3, 1;
L_000001b9d253e1d0 .part v000001b9d24fefa0_0, 2, 1;
L_000001b9d253e3b0 .part v000001b9d24fefa0_0, 1, 1;
L_000001b9d253f350 .part v000001b9d24fefa0_0, 0, 1;
L_000001b9d253e450 .ufunc/vec4 TD_ICESTORM_RAM.pd, 1, o000001b9d24bab88 (v000001b9d24fe1e0_0) S_000001b9d24aba50;
L_000001b9d253e4f0 .ufunc/vec4 TD_ICESTORM_RAM.pu, 1, o000001b9d24babb8 (v000001b9d24ff040_0) S_000001b9d24ac860;
L_000001b9d25404d0 .ufunc/vec4 TD_ICESTORM_RAM.pd, 1, o000001b9d24baee8 (v000001b9d24fe1e0_0) S_000001b9d24aba50;
L_000001b9d253fe90 .ufunc/vec4 TD_ICESTORM_RAM.pd, 1, o000001b9d24ba9d8 (v000001b9d24fe1e0_0) S_000001b9d24aba50;
L_000001b9d25401b0 .ufunc/vec4 TD_ICESTORM_RAM.pd, 1, o000001b9d24bab58 (v000001b9d24fe1e0_0) S_000001b9d24aba50;
L_000001b9d25402f0 .ufunc/vec4 TD_ICESTORM_RAM.pd, 1, o000001b9d24bab28 (v000001b9d24fe1e0_0) S_000001b9d24aba50;
L_000001b9d2540390 .ufunc/vec4 TD_ICESTORM_RAM.pd, 1, o000001b9d24baaf8 (v000001b9d24fe1e0_0) S_000001b9d24aba50;
L_000001b9d2540110 .ufunc/vec4 TD_ICESTORM_RAM.pd, 1, o000001b9d24baac8 (v000001b9d24fe1e0_0) S_000001b9d24aba50;
L_000001b9d2540250 .ufunc/vec4 TD_ICESTORM_RAM.pd, 1, o000001b9d24baa98 (v000001b9d24fe1e0_0) S_000001b9d24aba50;
L_000001b9d2540430 .ufunc/vec4 TD_ICESTORM_RAM.pd, 1, o000001b9d24baa68 (v000001b9d24fe1e0_0) S_000001b9d24aba50;
L_000001b9d253fdf0 .ufunc/vec4 TD_ICESTORM_RAM.pd, 1, o000001b9d24baa38 (v000001b9d24fe1e0_0) S_000001b9d24aba50;
L_000001b9d253ff30 .ufunc/vec4 TD_ICESTORM_RAM.pd, 1, o000001b9d24baa08 (v000001b9d24fe1e0_0) S_000001b9d24aba50;
L_000001b9d2540070 .ufunc/vec4 TD_ICESTORM_RAM.pd, 1, o000001b9d24ba9a8 (v000001b9d24fe1e0_0) S_000001b9d24aba50;
L_000001b9d253ffd0 .ufunc/vec4 TD_ICESTORM_RAM.pd, 1, o000001b9d24ba978 (v000001b9d24fe1e0_0) S_000001b9d24aba50;
LS_000001b9d2539d10_0_0 .concat [ 1 1 1 1], L_000001b9d253ffd0, L_000001b9d2540070, L_000001b9d253ff30, L_000001b9d253fdf0;
LS_000001b9d2539d10_0_4 .concat [ 1 1 1 1], L_000001b9d2540430, L_000001b9d2540250, L_000001b9d2540110, L_000001b9d2540390;
LS_000001b9d2539d10_0_8 .concat [ 1 1 1 0], L_000001b9d25402f0, L_000001b9d25401b0, L_000001b9d253fe90;
L_000001b9d2539d10 .concat [ 4 4 3 0], LS_000001b9d2539d10_0_0, LS_000001b9d2539d10_0_4, LS_000001b9d2539d10_0_8;
L_000001b9d253a210 .ufunc/vec4 TD_ICESTORM_RAM.pd, 1, o000001b9d24bb128 (v000001b9d24fe1e0_0) S_000001b9d24aba50;
L_000001b9d2538e10 .ufunc/vec4 TD_ICESTORM_RAM.pu, 1, o000001b9d24bb158 (v000001b9d24ff040_0) S_000001b9d24ac860;
L_000001b9d2539c70 .ufunc/vec4 TD_ICESTORM_RAM.pd, 1, o000001b9d24bb488 (v000001b9d24fe1e0_0) S_000001b9d24aba50;
L_000001b9d2539270 .ufunc/vec4 TD_ICESTORM_RAM.pd, 1, o000001b9d24baf78 (v000001b9d24fe1e0_0) S_000001b9d24aba50;
L_000001b9d253a670 .ufunc/vec4 TD_ICESTORM_RAM.pd, 1, o000001b9d24bb0f8 (v000001b9d24fe1e0_0) S_000001b9d24aba50;
L_000001b9d2539310 .ufunc/vec4 TD_ICESTORM_RAM.pd, 1, o000001b9d24bb0c8 (v000001b9d24fe1e0_0) S_000001b9d24aba50;
L_000001b9d253a530 .ufunc/vec4 TD_ICESTORM_RAM.pd, 1, o000001b9d24bb098 (v000001b9d24fe1e0_0) S_000001b9d24aba50;
L_000001b9d25387d0 .ufunc/vec4 TD_ICESTORM_RAM.pd, 1, o000001b9d24bb068 (v000001b9d24fe1e0_0) S_000001b9d24aba50;
L_000001b9d253a8f0 .ufunc/vec4 TD_ICESTORM_RAM.pd, 1, o000001b9d24bb038 (v000001b9d24fe1e0_0) S_000001b9d24aba50;
L_000001b9d2539db0 .ufunc/vec4 TD_ICESTORM_RAM.pd, 1, o000001b9d24bb008 (v000001b9d24fe1e0_0) S_000001b9d24aba50;
L_000001b9d25398b0 .ufunc/vec4 TD_ICESTORM_RAM.pd, 1, o000001b9d24bafd8 (v000001b9d24fe1e0_0) S_000001b9d24aba50;
L_000001b9d253a2b0 .ufunc/vec4 TD_ICESTORM_RAM.pd, 1, o000001b9d24bafa8 (v000001b9d24fe1e0_0) S_000001b9d24aba50;
L_000001b9d2538eb0 .ufunc/vec4 TD_ICESTORM_RAM.pd, 1, o000001b9d24baf48 (v000001b9d24fe1e0_0) S_000001b9d24aba50;
L_000001b9d2538870 .ufunc/vec4 TD_ICESTORM_RAM.pd, 1, o000001b9d24baf18 (v000001b9d24fe1e0_0) S_000001b9d24aba50;
LS_000001b9d2539ef0_0_0 .concat [ 1 1 1 1], L_000001b9d2538870, L_000001b9d2538eb0, L_000001b9d253a2b0, L_000001b9d25398b0;
LS_000001b9d2539ef0_0_4 .concat [ 1 1 1 1], L_000001b9d2539db0, L_000001b9d253a8f0, L_000001b9d25387d0, L_000001b9d253a530;
LS_000001b9d2539ef0_0_8 .concat [ 1 1 1 0], L_000001b9d2539310, L_000001b9d253a670, L_000001b9d2539270;
L_000001b9d2539ef0 .concat [ 4 4 3 0], LS_000001b9d2539ef0_0_0, LS_000001b9d2539ef0_0_4, LS_000001b9d2539ef0_0_8;
L_000001b9d2539bd0 .ufunc/vec4 TD_ICESTORM_RAM.pd, 1, o000001b9d24ba7c8 (v000001b9d24fe1e0_0) S_000001b9d24aba50;
L_000001b9d2539130 .ufunc/vec4 TD_ICESTORM_RAM.pd, 1, o000001b9d24ba798 (v000001b9d24fe1e0_0) S_000001b9d24aba50;
L_000001b9d2539e50 .ufunc/vec4 TD_ICESTORM_RAM.pd, 1, o000001b9d24ba768 (v000001b9d24fe1e0_0) S_000001b9d24aba50;
L_000001b9d25396d0 .ufunc/vec4 TD_ICESTORM_RAM.pd, 1, o000001b9d24ba738 (v000001b9d24fe1e0_0) S_000001b9d24aba50;
L_000001b9d253ac10 .ufunc/vec4 TD_ICESTORM_RAM.pd, 1, o000001b9d24ba708 (v000001b9d24fe1e0_0) S_000001b9d24aba50;
L_000001b9d253a3f0 .ufunc/vec4 TD_ICESTORM_RAM.pd, 1, o000001b9d24ba6d8 (v000001b9d24fe1e0_0) S_000001b9d24aba50;
L_000001b9d25394f0 .ufunc/vec4 TD_ICESTORM_RAM.pd, 1, o000001b9d24ba948 (v000001b9d24fe1e0_0) S_000001b9d24aba50;
L_000001b9d253ad50 .ufunc/vec4 TD_ICESTORM_RAM.pd, 1, o000001b9d24ba918 (v000001b9d24fe1e0_0) S_000001b9d24aba50;
L_000001b9d2538cd0 .ufunc/vec4 TD_ICESTORM_RAM.pd, 1, o000001b9d24ba8e8 (v000001b9d24fe1e0_0) S_000001b9d24aba50;
L_000001b9d2539f90 .ufunc/vec4 TD_ICESTORM_RAM.pd, 1, o000001b9d24ba8b8 (v000001b9d24fe1e0_0) S_000001b9d24aba50;
L_000001b9d253a030 .ufunc/vec4 TD_ICESTORM_RAM.pd, 1, o000001b9d24ba888 (v000001b9d24fe1e0_0) S_000001b9d24aba50;
L_000001b9d253a170 .ufunc/vec4 TD_ICESTORM_RAM.pd, 1, o000001b9d24ba858 (v000001b9d24fe1e0_0) S_000001b9d24aba50;
L_000001b9d25385f0 .ufunc/vec4 TD_ICESTORM_RAM.pd, 1, o000001b9d24ba828 (v000001b9d24fe1e0_0) S_000001b9d24aba50;
L_000001b9d25389b0 .ufunc/vec4 TD_ICESTORM_RAM.pd, 1, o000001b9d24ba7f8 (v000001b9d24fe1e0_0) S_000001b9d24aba50;
L_000001b9d253acb0 .ufunc/vec4 TD_ICESTORM_RAM.pd, 1, o000001b9d24ba6a8 (v000001b9d24fe1e0_0) S_000001b9d24aba50;
L_000001b9d2538910 .ufunc/vec4 TD_ICESTORM_RAM.pd, 1, o000001b9d24ba678 (v000001b9d24fe1e0_0) S_000001b9d24aba50;
LS_000001b9d2539770_0_0 .concat [ 1 1 1 1], L_000001b9d2538910, L_000001b9d253acb0, L_000001b9d25389b0, L_000001b9d25385f0;
LS_000001b9d2539770_0_4 .concat [ 1 1 1 1], L_000001b9d253a170, L_000001b9d253a030, L_000001b9d2539f90, L_000001b9d2538cd0;
LS_000001b9d2539770_0_8 .concat [ 1 1 1 1], L_000001b9d253ad50, L_000001b9d25394f0, L_000001b9d253a3f0, L_000001b9d253ac10;
LS_000001b9d2539770_0_12 .concat [ 1 1 1 1], L_000001b9d25396d0, L_000001b9d2539e50, L_000001b9d2539130, L_000001b9d2539bd0;
L_000001b9d2539770 .concat [ 4 4 4 4], LS_000001b9d2539770_0_0, LS_000001b9d2539770_0_4, LS_000001b9d2539770_0_8, LS_000001b9d2539770_0_12;
L_000001b9d253a0d0 .ufunc/vec4 TD_ICESTORM_RAM.pd, 1, o000001b9d24bb2d8 (v000001b9d24fe1e0_0) S_000001b9d24aba50;
L_000001b9d2539590 .ufunc/vec4 TD_ICESTORM_RAM.pd, 1, o000001b9d24bb2a8 (v000001b9d24fe1e0_0) S_000001b9d24aba50;
L_000001b9d2538a50 .ufunc/vec4 TD_ICESTORM_RAM.pd, 1, o000001b9d24bb278 (v000001b9d24fe1e0_0) S_000001b9d24aba50;
L_000001b9d2539a90 .ufunc/vec4 TD_ICESTORM_RAM.pd, 1, o000001b9d24bb248 (v000001b9d24fe1e0_0) S_000001b9d24aba50;
L_000001b9d25391d0 .ufunc/vec4 TD_ICESTORM_RAM.pd, 1, o000001b9d24bb218 (v000001b9d24fe1e0_0) S_000001b9d24aba50;
L_000001b9d2538af0 .ufunc/vec4 TD_ICESTORM_RAM.pd, 1, o000001b9d24bb1e8 (v000001b9d24fe1e0_0) S_000001b9d24aba50;
L_000001b9d25399f0 .ufunc/vec4 TD_ICESTORM_RAM.pd, 1, o000001b9d24bb458 (v000001b9d24fe1e0_0) S_000001b9d24aba50;
L_000001b9d2538c30 .ufunc/vec4 TD_ICESTORM_RAM.pd, 1, o000001b9d24bb428 (v000001b9d24fe1e0_0) S_000001b9d24aba50;
L_000001b9d253a7b0 .ufunc/vec4 TD_ICESTORM_RAM.pd, 1, o000001b9d24bb3f8 (v000001b9d24fe1e0_0) S_000001b9d24aba50;
L_000001b9d253a490 .ufunc/vec4 TD_ICESTORM_RAM.pd, 1, o000001b9d24bb3c8 (v000001b9d24fe1e0_0) S_000001b9d24aba50;
L_000001b9d2539950 .ufunc/vec4 TD_ICESTORM_RAM.pd, 1, o000001b9d24bb398 (v000001b9d24fe1e0_0) S_000001b9d24aba50;
L_000001b9d2539630 .ufunc/vec4 TD_ICESTORM_RAM.pd, 1, o000001b9d24bb368 (v000001b9d24fe1e0_0) S_000001b9d24aba50;
L_000001b9d2539b30 .ufunc/vec4 TD_ICESTORM_RAM.pd, 1, o000001b9d24bb338 (v000001b9d24fe1e0_0) S_000001b9d24aba50;
L_000001b9d2538690 .ufunc/vec4 TD_ICESTORM_RAM.pd, 1, o000001b9d24bb308 (v000001b9d24fe1e0_0) S_000001b9d24aba50;
L_000001b9d253a350 .ufunc/vec4 TD_ICESTORM_RAM.pd, 1, o000001b9d24bb1b8 (v000001b9d24fe1e0_0) S_000001b9d24aba50;
L_000001b9d253a5d0 .ufunc/vec4 TD_ICESTORM_RAM.pd, 1, o000001b9d24bb188 (v000001b9d24fe1e0_0) S_000001b9d24aba50;
LS_000001b9d253a710_0_0 .concat [ 1 1 1 1], L_000001b9d253a5d0, L_000001b9d253a350, L_000001b9d2538690, L_000001b9d2539b30;
LS_000001b9d253a710_0_4 .concat [ 1 1 1 1], L_000001b9d2539630, L_000001b9d2539950, L_000001b9d253a490, L_000001b9d253a7b0;
LS_000001b9d253a710_0_8 .concat [ 1 1 1 1], L_000001b9d2538c30, L_000001b9d25399f0, L_000001b9d2538af0, L_000001b9d25391d0;
LS_000001b9d253a710_0_12 .concat [ 1 1 1 1], L_000001b9d2539a90, L_000001b9d2538a50, L_000001b9d2539590, L_000001b9d253a0d0;
L_000001b9d253a710 .concat [ 4 4 4 4], LS_000001b9d253a710_0_0, LS_000001b9d253a710_0_4, LS_000001b9d253a710_0_8, LS_000001b9d253a710_0_12;
S_000001b9d24ad4e0 .scope module, "RAM" "SB_RAM40_4K" 3 3233, 3 1487 0, S_000001b9d21bb5a0;
 .timescale -12 -12;
    .port_info 0 /OUTPUT 16 "RDATA";
    .port_info 1 /INPUT 1 "RCLK";
    .port_info 2 /INPUT 1 "RCLKE";
    .port_info 3 /INPUT 1 "RE";
    .port_info 4 /INPUT 11 "RADDR";
    .port_info 5 /INPUT 1 "WCLK";
    .port_info 6 /INPUT 1 "WCLKE";
    .port_info 7 /INPUT 1 "WE";
    .port_info 8 /INPUT 11 "WADDR";
    .port_info 9 /INPUT 16 "MASK";
    .port_info 10 /INPUT 16 "WDATA";
P_000001b9d24ffb30 .param/l "INIT_0" 0 3 1507, C4<0000000000000000000000000000000000000000000000000000000000000000000000000000000000000000000000000000000000000000000000000000000000000000000000000000000000000000000000000000000000000000000000000000000000000000000000000000000000000000000000000000000000000000>;
P_000001b9d24ffb68 .param/l "INIT_1" 0 3 1508, C4<0000000000000000000000000000000000000000000000000000000000000000000000000000000000000000000000000000000000000000000000000000000000000000000000000000000000000000000000000000000000000000000000000000000000000000000000000000000000000000000000000000000000000000>;
P_000001b9d24ffba0 .param/l "INIT_2" 0 3 1509, C4<0000000000000000000000000000000000000000000000000000000000000000000000000000000000000000000000000000000000000000000000000000000000000000000000000000000000000000000000000000000000000000000000000000000000000000000000000000000000000000000000000000000000000000>;
P_000001b9d24ffbd8 .param/l "INIT_3" 0 3 1510, C4<0000000000000000000000000000000000000000000000000000000000000000000000000000000000000000000000000000000000000000000000000000000000000000000000000000000000000000000000000000000000000000000000000000000000000000000000000000000000000000000000000000000000000000>;
P_000001b9d24ffc10 .param/l "INIT_4" 0 3 1511, C4<0000000000000000000000000000000000000000000000000000000000000000000000000000000000000000000000000000000000000000000000000000000000000000000000000000000000000000000000000000000000000000000000000000000000000000000000000000000000000000000000000000000000000000>;
P_000001b9d24ffc48 .param/l "INIT_5" 0 3 1512, C4<0000000000000000000000000000000000000000000000000000000000000000000000000000000000000000000000000000000000000000000000000000000000000000000000000000000000000000000000000000000000000000000000000000000000000000000000000000000000000000000000000000000000000000>;
P_000001b9d24ffc80 .param/l "INIT_6" 0 3 1513, C4<0000000000000000000000000000000000000000000000000000000000000000000000000000000000000000000000000000000000000000000000000000000000000000000000000000000000000000000000000000000000000000000000000000000000000000000000000000000000000000000000000000000000000000>;
P_000001b9d24ffcb8 .param/l "INIT_7" 0 3 1514, C4<0000000000000000000000000000000000000000000000000000000000000000000000000000000000000000000000000000000000000000000000000000000000000000000000000000000000000000000000000000000000000000000000000000000000000000000000000000000000000000000000000000000000000000>;
P_000001b9d24ffcf0 .param/l "INIT_8" 0 3 1515, C4<0000000000000000000000000000000000000000000000000000000000000000000000000000000000000000000000000000000000000000000000000000000000000000000000000000000000000000000000000000000000000000000000000000000000000000000000000000000000000000000000000000000000000000>;
P_000001b9d24ffd28 .param/l "INIT_9" 0 3 1516, C4<0000000000000000000000000000000000000000000000000000000000000000000000000000000000000000000000000000000000000000000000000000000000000000000000000000000000000000000000000000000000000000000000000000000000000000000000000000000000000000000000000000000000000000>;
P_000001b9d24ffd60 .param/l "INIT_A" 0 3 1517, C4<0000000000000000000000000000000000000000000000000000000000000000000000000000000000000000000000000000000000000000000000000000000000000000000000000000000000000000000000000000000000000000000000000000000000000000000000000000000000000000000000000000000000000000>;
P_000001b9d24ffd98 .param/l "INIT_B" 0 3 1518, C4<0000000000000000000000000000000000000000000000000000000000000000000000000000000000000000000000000000000000000000000000000000000000000000000000000000000000000000000000000000000000000000000000000000000000000000000000000000000000000000000000000000000000000000>;
P_000001b9d24ffdd0 .param/l "INIT_C" 0 3 1519, C4<0000000000000000000000000000000000000000000000000000000000000000000000000000000000000000000000000000000000000000000000000000000000000000000000000000000000000000000000000000000000000000000000000000000000000000000000000000000000000000000000000000000000000000>;
P_000001b9d24ffe08 .param/l "INIT_D" 0 3 1520, C4<0000000000000000000000000000000000000000000000000000000000000000000000000000000000000000000000000000000000000000000000000000000000000000000000000000000000000000000000000000000000000000000000000000000000000000000000000000000000000000000000000000000000000000>;
P_000001b9d24ffe40 .param/l "INIT_E" 0 3 1521, C4<0000000000000000000000000000000000000000000000000000000000000000000000000000000000000000000000000000000000000000000000000000000000000000000000000000000000000000000000000000000000000000000000000000000000000000000000000000000000000000000000000000000000000000>;
P_000001b9d24ffe78 .param/l "INIT_F" 0 3 1522, C4<0000000000000000000000000000000000000000000000000000000000000000000000000000000000000000000000000000000000000000000000000000000000000000000000000000000000000000000000000000000000000000000000000000000000000000000000000000000000000000000000000000000000000000>;
P_000001b9d24ffeb0 .param/str "INIT_FILE" 0 3 1524, "\000";
P_000001b9d24ffee8 .param/l "READ_MODE" 0 3 1505, +C4<00000000000000000000000000000000>;
P_000001b9d24fff20 .param/l "WRITE_MODE" 0 3 1504, +C4<00000000000000000000000000000000>;
v000001b9d24fe5a0_0 .net "MASK", 15 0, L_000001b9d2539770;  1 drivers
v000001b9d24fef00_0 .net "RADDR", 10 0, L_000001b9d2539d10;  1 drivers
v000001b9d24fdc40_0 .net "RCLK", 0 0, L_000001b9d245bad0;  1 drivers
v000001b9d24fe6e0_0 .net "RCLKE", 0 0, L_000001b9d253e4f0;  1 drivers
v000001b9d24fe780_0 .net "RDATA", 15 0, v000001b9d24fefa0_0;  1 drivers
v000001b9d24fefa0_0 .var "RDATA_I", 15 0;
v000001b9d24fedc0_0 .net "RE", 0 0, L_000001b9d25404d0;  1 drivers
L_000001b9d2548c88 .functor BUFT 1, C4<0000000000000000>, C4<0>, C4<0>, C4<0>;
v000001b9d24ff360_0 .net "RMASK_I", 15 0, L_000001b9d2548c88;  1 drivers
v000001b9d24fd880_0 .net "WADDR", 10 0, L_000001b9d2539ef0;  1 drivers
v000001b9d24fe0a0_0 .net "WCLK", 0 0, L_000001b9d245b9f0;  1 drivers
v000001b9d24fd920_0 .net "WCLKE", 0 0, L_000001b9d2538e10;  1 drivers
v000001b9d24fdce0_0 .net "WDATA", 15 0, L_000001b9d253a710;  1 drivers
v000001b9d24fe8c0_0 .net "WDATA_I", 15 0, L_000001b9d245a100;  1 drivers
v000001b9d24fd740_0 .net "WE", 0 0, L_000001b9d2539c70;  1 drivers
v000001b9d24fd560_0 .net "WMASK_I", 15 0, L_000001b9d245a090;  1 drivers
v000001b9d24fd9c0_0 .var/i "i", 31 0;
v000001b9d24fec80 .array "memory", 255 0, 15 0;
E_000001b9d2480af0 .event posedge, v000001b9d24fdc40_0;
E_000001b9d247fe70 .event posedge, v000001b9d24fe0a0_0;
S_000001b9d24ad800 .scope generate, "genblk1" "genblk1" 3 1534, 3 1534 0, S_000001b9d24ad4e0;
 .timescale -12 -12;
L_000001b9d245a090 .functor BUFZ 16, L_000001b9d2539770, C4<0000000000000000>, C4<0000000000000000>, C4<0000000000000000>;
S_000001b9d24ad670 .scope generate, "genblk2" "genblk2" 3 1555, 3 1555 0, S_000001b9d24ad4e0;
 .timescale -12 -12;
S_000001b9d24ac540 .scope generate, "genblk3" "genblk3" 3 1576, 3 1576 0, S_000001b9d24ad4e0;
 .timescale -12 -12;
L_000001b9d245a100 .functor BUFZ 16, L_000001b9d253a710, C4<0000000000000000>, C4<0000000000000000>, C4<0000000000000000>;
S_000001b9d24acb80 .scope generate, "genblk4" "genblk4" 3 1595, 3 1595 0, S_000001b9d24ad4e0;
 .timescale -12 -12;
S_000001b9d24aba50 .scope function.vec4.s1, "pd" "pd" 3 3200, 3 3200 0, S_000001b9d21bb5a0;
 .timescale -12 -12;
; Variable pd is vec4 return value of scope S_000001b9d24aba50
v000001b9d24fe1e0_0 .var "x", 0 0;
TD_ICESTORM_RAM.pd ;
    %load/vec4 v000001b9d24fe1e0_0;
    %cmpi/e 0, 1, 1;
    %flag_mov 8, 6;
    %jmp/0 T_0.0, 8;
    %pushi/vec4 0, 0, 1;
    %jmp/1 T_0.1, 8;
T_0.0 ; End of true expr.
    %load/vec4 v000001b9d24fe1e0_0;
    %jmp/0 T_0.1, 8;
 ; End of false expr.
    %blend;
T_0.1;
    %ret/vec4 0, 0, 1;  Assign to pd (store_vec4_to_lval)
    %end;
S_000001b9d24ac860 .scope function.vec4.s1, "pu" "pu" 3 3207, 3 3207 0, S_000001b9d21bb5a0;
 .timescale -12 -12;
; Variable pu is vec4 return value of scope S_000001b9d24ac860
v000001b9d24ff040_0 .var "x", 0 0;
TD_ICESTORM_RAM.pu ;
    %load/vec4 v000001b9d24ff040_0;
    %cmpi/e 0, 1, 1;
    %flag_mov 8, 6;
    %jmp/0 T_1.2, 8;
    %pushi/vec4 1, 0, 1;
    %jmp/1 T_1.3, 8;
T_1.2 ; End of true expr.
    %load/vec4 v000001b9d24ff040_0;
    %jmp/0 T_1.3, 8;
 ; End of false expr.
    %blend;
T_1.3;
    %ret/vec4 0, 0, 1;  Assign to pu (store_vec4_to_lval)
    %end;
S_000001b9d21d2d20 .scope module, "SB_CARRY" "SB_CARRY" 3 228;
 .timescale -12 -12;
    .port_info 0 /OUTPUT 1 "CO";
    .port_info 1 /INPUT 1 "I0";
    .port_info 2 /INPUT 1 "I1";
    .port_info 3 /INPUT 1 "CI";
o000001b9d24bce38 .functor BUFZ 1, c4<z>; HiZ drive
o000001b9d24bce68 .functor BUFZ 1, c4<z>; HiZ drive
L_000001b9d245b980 .functor AND 1, o000001b9d24bce38, o000001b9d24bce68, C4<1>, C4<1>;
L_000001b9d245b910 .functor OR 1, o000001b9d24bce38, o000001b9d24bce68, C4<0>, C4<0>;
o000001b9d24bcdd8 .functor BUFZ 1, c4<z>; HiZ drive
L_000001b9d245b8a0 .functor AND 1, L_000001b9d245b910, o000001b9d24bcdd8, C4<1>, C4<1>;
L_000001b9d245b830 .functor OR 1, L_000001b9d245b980, L_000001b9d245b8a0, C4<0>, C4<0>;
v000001b9d2507b60_0 .net "CI", 0 0, o000001b9d24bcdd8;  0 drivers
v000001b9d2507700_0 .net "CO", 0 0, L_000001b9d245b830;  1 drivers
v000001b9d2507520_0 .net "I0", 0 0, o000001b9d24bce38;  0 drivers
v000001b9d25077a0_0 .net "I1", 0 0, o000001b9d24bce68;  0 drivers
v000001b9d2506da0_0 .net *"_ivl_1", 0 0, L_000001b9d245b980;  1 drivers
v000001b9d2506120_0 .net *"_ivl_3", 0 0, L_000001b9d245b910;  1 drivers
v000001b9d2507160_0 .net *"_ivl_5", 0 0, L_000001b9d245b8a0;  1 drivers
S_000001b9d21bb020 .scope module, "SB_DFF" "SB_DFF" 3 265;
 .timescale -12 -12;
    .port_info 0 /OUTPUT 1 "Q";
    .port_info 1 /INPUT 1 "C";
    .port_info 2 /INPUT 1 "D";
o000001b9d24bcfe8 .functor BUFZ 1, c4<z>; HiZ drive
v000001b9d25072a0_0 .net "C", 0 0, o000001b9d24bcfe8;  0 drivers
o000001b9d24bd018 .functor BUFZ 1, c4<z>; HiZ drive
v000001b9d2506d00_0 .net "D", 0 0, o000001b9d24bd018;  0 drivers
v000001b9d2507980_0 .var "Q", 0 0;
E_000001b9d24804f0 .event posedge, v000001b9d25072a0_0;
S_000001b9d21bb1b0 .scope module, "SB_DFFE" "SB_DFFE" 3 303;
 .timescale -12 -12;
    .port_info 0 /OUTPUT 1 "Q";
    .port_info 1 /INPUT 1 "C";
    .port_info 2 /INPUT 1 "E";
    .port_info 3 /INPUT 1 "D";
o000001b9d24bd108 .functor BUFZ 1, c4<z>; HiZ drive
v000001b9d25061c0_0 .net "C", 0 0, o000001b9d24bd108;  0 drivers
o000001b9d24bd138 .functor BUFZ 1, c4<z>; HiZ drive
v000001b9d2506800_0 .net "D", 0 0, o000001b9d24bd138;  0 drivers
o000001b9d24bd168 .functor BUFZ 1, c4<z>; HiZ drive
v000001b9d25068a0_0 .net "E", 0 0, o000001b9d24bd168;  0 drivers
v000001b9d2507c00_0 .var "Q", 0 0;
E_000001b9d24805f0 .event posedge, v000001b9d25061c0_0;
S_000001b9d21bb340 .scope module, "SB_DFFER" "SB_DFFER" 3 653;
 .timescale -12 -12;
    .port_info 0 /OUTPUT 1 "Q";
    .port_info 1 /INPUT 1 "C";
    .port_info 2 /INPUT 1 "E";
    .port_info 3 /INPUT 1 "R";
    .port_info 4 /INPUT 1 "D";
o000001b9d24bd288 .functor BUFZ 1, c4<z>; HiZ drive
v000001b9d2506f80_0 .net "C", 0 0, o000001b9d24bd288;  0 drivers
o000001b9d24bd2b8 .functor BUFZ 1, c4<z>; HiZ drive
v000001b9d2506260_0 .net "D", 0 0, o000001b9d24bd2b8;  0 drivers
o000001b9d24bd2e8 .functor BUFZ 1, c4<z>; HiZ drive
v000001b9d2508600_0 .net "E", 0 0, o000001b9d24bd2e8;  0 drivers
v000001b9d2506940_0 .var "Q", 0 0;
o000001b9d24bd348 .functor BUFZ 1, c4<z>; HiZ drive
v000001b9d25063a0_0 .net "R", 0 0, o000001b9d24bd348;  0 drivers
E_000001b9d2480a30 .event posedge, v000001b9d25063a0_0, v000001b9d2506f80_0;
S_000001b9d21c6e90 .scope module, "SB_DFFES" "SB_DFFES" 3 794;
 .timescale -12 -12;
    .port_info 0 /OUTPUT 1 "Q";
    .port_info 1 /INPUT 1 "C";
    .port_info 2 /INPUT 1 "E";
    .port_info 3 /INPUT 1 "S";
    .port_info 4 /INPUT 1 "D";
o000001b9d24bd468 .functor BUFZ 1, c4<z>; HiZ drive
v000001b9d2507020_0 .net "C", 0 0, o000001b9d24bd468;  0 drivers
o000001b9d24bd498 .functor BUFZ 1, c4<z>; HiZ drive
v000001b9d25069e0_0 .net "D", 0 0, o000001b9d24bd498;  0 drivers
o000001b9d24bd4c8 .functor BUFZ 1, c4<z>; HiZ drive
v000001b9d2507de0_0 .net "E", 0 0, o000001b9d24bd4c8;  0 drivers
v000001b9d2507e80_0 .var "Q", 0 0;
o000001b9d24bd528 .functor BUFZ 1, c4<z>; HiZ drive
v000001b9d2507200_0 .net "S", 0 0, o000001b9d24bd528;  0 drivers
E_000001b9d247feb0 .event posedge, v000001b9d2507200_0, v000001b9d2507020_0;
S_000001b9d21c7020 .scope module, "SB_DFFESR" "SB_DFFESR" 3 592;
 .timescale -12 -12;
    .port_info 0 /OUTPUT 1 "Q";
    .port_info 1 /INPUT 1 "C";
    .port_info 2 /INPUT 1 "E";
    .port_info 3 /INPUT 1 "R";
    .port_info 4 /INPUT 1 "D";
o000001b9d24bd648 .functor BUFZ 1, c4<z>; HiZ drive
v000001b9d2506300_0 .net "C", 0 0, o000001b9d24bd648;  0 drivers
o000001b9d24bd678 .functor BUFZ 1, c4<z>; HiZ drive
v000001b9d2506440_0 .net "D", 0 0, o000001b9d24bd678;  0 drivers
o000001b9d24bd6a8 .functor BUFZ 1, c4<z>; HiZ drive
v000001b9d2507660_0 .net "E", 0 0, o000001b9d24bd6a8;  0 drivers
v000001b9d2508380_0 .var "Q", 0 0;
o000001b9d24bd708 .functor BUFZ 1, c4<z>; HiZ drive
v000001b9d2508560_0 .net "R", 0 0, o000001b9d24bd708;  0 drivers
E_000001b9d24803b0 .event posedge, v000001b9d2506300_0;
S_000001b9d21c71b0 .scope module, "SB_DFFESS" "SB_DFFESS" 3 733;
 .timescale -12 -12;
    .port_info 0 /OUTPUT 1 "Q";
    .port_info 1 /INPUT 1 "C";
    .port_info 2 /INPUT 1 "E";
    .port_info 3 /INPUT 1 "S";
    .port_info 4 /INPUT 1 "D";
o000001b9d24bd828 .functor BUFZ 1, c4<z>; HiZ drive
v000001b9d2507840_0 .net "C", 0 0, o000001b9d24bd828;  0 drivers
o000001b9d24bd858 .functor BUFZ 1, c4<z>; HiZ drive
v000001b9d25064e0_0 .net "D", 0 0, o000001b9d24bd858;  0 drivers
o000001b9d24bd888 .functor BUFZ 1, c4<z>; HiZ drive
v000001b9d2507ca0_0 .net "E", 0 0, o000001b9d24bd888;  0 drivers
v000001b9d2507340_0 .var "Q", 0 0;
o000001b9d24bd8e8 .functor BUFZ 1, c4<z>; HiZ drive
v000001b9d2507d40_0 .net "S", 0 0, o000001b9d24bd8e8;  0 drivers
E_000001b9d24806f0 .event posedge, v000001b9d2507840_0;
S_000001b9d21c24c0 .scope module, "SB_DFFN" "SB_DFFN" 3 876;
 .timescale -12 -12;
    .port_info 0 /OUTPUT 1 "Q";
    .port_info 1 /INPUT 1 "C";
    .port_info 2 /INPUT 1 "D";
o000001b9d24bda08 .functor BUFZ 1, c4<z>; HiZ drive
v000001b9d25078e0_0 .net "C", 0 0, o000001b9d24bda08;  0 drivers
o000001b9d24bda38 .functor BUFZ 1, c4<z>; HiZ drive
v000001b9d2508420_0 .net "D", 0 0, o000001b9d24bda38;  0 drivers
v000001b9d2508060_0 .var "Q", 0 0;
E_000001b9d2480570 .event negedge, v000001b9d25078e0_0;
S_000001b9d21c2650 .scope module, "SB_DFFNE" "SB_DFFNE" 3 914;
 .timescale -12 -12;
    .port_info 0 /OUTPUT 1 "Q";
    .port_info 1 /INPUT 1 "C";
    .port_info 2 /INPUT 1 "E";
    .port_info 3 /INPUT 1 "D";
o000001b9d24bdb28 .functor BUFZ 1, c4<z>; HiZ drive
v000001b9d2506e40_0 .net "C", 0 0, o000001b9d24bdb28;  0 drivers
o000001b9d24bdb58 .functor BUFZ 1, c4<z>; HiZ drive
v000001b9d2506580_0 .net "D", 0 0, o000001b9d24bdb58;  0 drivers
o000001b9d24bdb88 .functor BUFZ 1, c4<z>; HiZ drive
v000001b9d2506620_0 .net "E", 0 0, o000001b9d24bdb88;  0 drivers
v000001b9d2506b20_0 .var "Q", 0 0;
E_000001b9d247ff70 .event negedge, v000001b9d2506e40_0;
S_000001b9d21c27e0 .scope module, "SB_DFFNER" "SB_DFFNER" 3 1264;
 .timescale -12 -12;
    .port_info 0 /OUTPUT 1 "Q";
    .port_info 1 /INPUT 1 "C";
    .port_info 2 /INPUT 1 "E";
    .port_info 3 /INPUT 1 "R";
    .port_info 4 /INPUT 1 "D";
o000001b9d24bdca8 .functor BUFZ 1, c4<z>; HiZ drive
v000001b9d2506bc0_0 .net "C", 0 0, o000001b9d24bdca8;  0 drivers
o000001b9d24bdcd8 .functor BUFZ 1, c4<z>; HiZ drive
v000001b9d2506ee0_0 .net "D", 0 0, o000001b9d24bdcd8;  0 drivers
o000001b9d24bdd08 .functor BUFZ 1, c4<z>; HiZ drive
v000001b9d25075c0_0 .net "E", 0 0, o000001b9d24bdd08;  0 drivers
v000001b9d2507f20_0 .var "Q", 0 0;
o000001b9d24bdd68 .functor BUFZ 1, c4<z>; HiZ drive
v000001b9d2507fc0_0 .net "R", 0 0, o000001b9d24bdd68;  0 drivers
E_000001b9d2480870/0 .event negedge, v000001b9d2506bc0_0;
E_000001b9d2480870/1 .event posedge, v000001b9d2507fc0_0;
E_000001b9d2480870 .event/or E_000001b9d2480870/0, E_000001b9d2480870/1;
S_000001b9d21c8370 .scope module, "SB_DFFNES" "SB_DFFNES" 3 1405;
 .timescale -12 -12;
    .port_info 0 /OUTPUT 1 "Q";
    .port_info 1 /INPUT 1 "C";
    .port_info 2 /INPUT 1 "E";
    .port_info 3 /INPUT 1 "S";
    .port_info 4 /INPUT 1 "D";
o000001b9d24bde88 .functor BUFZ 1, c4<z>; HiZ drive
v000001b9d25081a0_0 .net "C", 0 0, o000001b9d24bde88;  0 drivers
o000001b9d24bdeb8 .functor BUFZ 1, c4<z>; HiZ drive
v000001b9d2508240_0 .net "D", 0 0, o000001b9d24bdeb8;  0 drivers
o000001b9d24bdee8 .functor BUFZ 1, c4<z>; HiZ drive
v000001b9d25086a0_0 .net "E", 0 0, o000001b9d24bdee8;  0 drivers
v000001b9d25082e0_0 .var "Q", 0 0;
o000001b9d24bdf48 .functor BUFZ 1, c4<z>; HiZ drive
v000001b9d2508740_0 .net "S", 0 0, o000001b9d24bdf48;  0 drivers
E_000001b9d24806b0/0 .event negedge, v000001b9d25081a0_0;
E_000001b9d24806b0/1 .event posedge, v000001b9d2508740_0;
E_000001b9d24806b0 .event/or E_000001b9d24806b0/0, E_000001b9d24806b0/1;
S_000001b9d24b8270 .scope module, "SB_DFFNESR" "SB_DFFNESR" 3 1203;
 .timescale -12 -12;
    .port_info 0 /OUTPUT 1 "Q";
    .port_info 1 /INPUT 1 "C";
    .port_info 2 /INPUT 1 "E";
    .port_info 3 /INPUT 1 "R";
    .port_info 4 /INPUT 1 "D";
o000001b9d24be068 .functor BUFZ 1, c4<z>; HiZ drive
v000001b9d25096e0_0 .net "C", 0 0, o000001b9d24be068;  0 drivers
o000001b9d24be098 .functor BUFZ 1, c4<z>; HiZ drive
v000001b9d25089c0_0 .net "D", 0 0, o000001b9d24be098;  0 drivers
o000001b9d24be0c8 .functor BUFZ 1, c4<z>; HiZ drive
v000001b9d2509aa0_0 .net "E", 0 0, o000001b9d24be0c8;  0 drivers
v000001b9d2509be0_0 .var "Q", 0 0;
o000001b9d24be128 .functor BUFZ 1, c4<z>; HiZ drive
v000001b9d2509e60_0 .net "R", 0 0, o000001b9d24be128;  0 drivers
E_000001b9d2480130 .event negedge, v000001b9d25096e0_0;
S_000001b9d24b8400 .scope module, "SB_DFFNESS" "SB_DFFNESS" 3 1344;
 .timescale -12 -12;
    .port_info 0 /OUTPUT 1 "Q";
    .port_info 1 /INPUT 1 "C";
    .port_info 2 /INPUT 1 "E";
    .port_info 3 /INPUT 1 "S";
    .port_info 4 /INPUT 1 "D";
o000001b9d24be248 .functor BUFZ 1, c4<z>; HiZ drive
v000001b9d2509280_0 .net "C", 0 0, o000001b9d24be248;  0 drivers
o000001b9d24be278 .functor BUFZ 1, c4<z>; HiZ drive
v000001b9d2508c40_0 .net "D", 0 0, o000001b9d24be278;  0 drivers
o000001b9d24be2a8 .functor BUFZ 1, c4<z>; HiZ drive
v000001b9d2508d80_0 .net "E", 0 0, o000001b9d24be2a8;  0 drivers
v000001b9d2509000_0 .var "Q", 0 0;
o000001b9d24be308 .functor BUFZ 1, c4<z>; HiZ drive
v000001b9d2509500_0 .net "S", 0 0, o000001b9d24be308;  0 drivers
E_000001b9d2480770 .event negedge, v000001b9d2509280_0;
S_000001b9d24b88b0 .scope module, "SB_DFFNR" "SB_DFFNR" 3 1011;
 .timescale -12 -12;
    .port_info 0 /OUTPUT 1 "Q";
    .port_info 1 /INPUT 1 "C";
    .port_info 2 /INPUT 1 "R";
    .port_info 3 /INPUT 1 "D";
o000001b9d24be428 .functor BUFZ 1, c4<z>; HiZ drive
v000001b9d2508ec0_0 .net "C", 0 0, o000001b9d24be428;  0 drivers
o000001b9d24be458 .functor BUFZ 1, c4<z>; HiZ drive
v000001b9d2509c80_0 .net "D", 0 0, o000001b9d24be458;  0 drivers
v000001b9d25090a0_0 .var "Q", 0 0;
o000001b9d24be4b8 .functor BUFZ 1, c4<z>; HiZ drive
v000001b9d25087e0_0 .net "R", 0 0, o000001b9d24be4b8;  0 drivers
E_000001b9d247ffb0/0 .event negedge, v000001b9d2508ec0_0;
E_000001b9d247ffb0/1 .event posedge, v000001b9d25087e0_0;
E_000001b9d247ffb0 .event/or E_000001b9d247ffb0/0, E_000001b9d247ffb0/1;
S_000001b9d24b8a40 .scope module, "SB_DFFNS" "SB_DFFNS" 3 1132;
 .timescale -12 -12;
    .port_info 0 /OUTPUT 1 "Q";
    .port_info 1 /INPUT 1 "C";
    .port_info 2 /INPUT 1 "S";
    .port_info 3 /INPUT 1 "D";
o000001b9d24be5a8 .functor BUFZ 1, c4<z>; HiZ drive
v000001b9d2509780_0 .net "C", 0 0, o000001b9d24be5a8;  0 drivers
o000001b9d24be5d8 .functor BUFZ 1, c4<z>; HiZ drive
v000001b9d2509820_0 .net "D", 0 0, o000001b9d24be5d8;  0 drivers
v000001b9d2508e20_0 .var "Q", 0 0;
o000001b9d24be638 .functor BUFZ 1, c4<z>; HiZ drive
v000001b9d2508ce0_0 .net "S", 0 0, o000001b9d24be638;  0 drivers
E_000001b9d2480170/0 .event negedge, v000001b9d2509780_0;
E_000001b9d2480170/1 .event posedge, v000001b9d2508ce0_0;
E_000001b9d2480170 .event/or E_000001b9d2480170/0, E_000001b9d2480170/1;
S_000001b9d24b8720 .scope module, "SB_DFFNSR" "SB_DFFNSR" 3 961;
 .timescale -12 -12;
    .port_info 0 /OUTPUT 1 "Q";
    .port_info 1 /INPUT 1 "C";
    .port_info 2 /INPUT 1 "R";
    .port_info 3 /INPUT 1 "D";
o000001b9d24be728 .functor BUFZ 1, c4<z>; HiZ drive
v000001b9d2509a00_0 .net "C", 0 0, o000001b9d24be728;  0 drivers
o000001b9d24be758 .functor BUFZ 1, c4<z>; HiZ drive
v000001b9d2509320_0 .net "D", 0 0, o000001b9d24be758;  0 drivers
v000001b9d2508b00_0 .var "Q", 0 0;
o000001b9d24be7b8 .functor BUFZ 1, c4<z>; HiZ drive
v000001b9d2508ba0_0 .net "R", 0 0, o000001b9d24be7b8;  0 drivers
E_000001b9d24801b0 .event negedge, v000001b9d2509a00_0;
S_000001b9d24b80e0 .scope module, "SB_DFFNSS" "SB_DFFNSS" 3 1082;
 .timescale -12 -12;
    .port_info 0 /OUTPUT 1 "Q";
    .port_info 1 /INPUT 1 "C";
    .port_info 2 /INPUT 1 "S";
    .port_info 3 /INPUT 1 "D";
o000001b9d24be8a8 .functor BUFZ 1, c4<z>; HiZ drive
v000001b9d2509d20_0 .net "C", 0 0, o000001b9d24be8a8;  0 drivers
o000001b9d24be8d8 .functor BUFZ 1, c4<z>; HiZ drive
v000001b9d2508f60_0 .net "D", 0 0, o000001b9d24be8d8;  0 drivers
v000001b9d2509140_0 .var "Q", 0 0;
o000001b9d24be938 .functor BUFZ 1, c4<z>; HiZ drive
v000001b9d2508880_0 .net "S", 0 0, o000001b9d24be938;  0 drivers
E_000001b9d24801f0 .event negedge, v000001b9d2509d20_0;
S_000001b9d24b8590 .scope module, "SB_DFFR" "SB_DFFR" 3 400;
 .timescale -12 -12;
    .port_info 0 /OUTPUT 1 "Q";
    .port_info 1 /INPUT 1 "C";
    .port_info 2 /INPUT 1 "R";
    .port_info 3 /INPUT 1 "D";
o000001b9d24bea28 .functor BUFZ 1, c4<z>; HiZ drive
v000001b9d25091e0_0 .net "C", 0 0, o000001b9d24bea28;  0 drivers
o000001b9d24bea58 .functor BUFZ 1, c4<z>; HiZ drive
v000001b9d25095a0_0 .net "D", 0 0, o000001b9d24bea58;  0 drivers
v000001b9d2509dc0_0 .var "Q", 0 0;
o000001b9d24beab8 .functor BUFZ 1, c4<z>; HiZ drive
v000001b9d2508920_0 .net "R", 0 0, o000001b9d24beab8;  0 drivers
E_000001b9d2480230 .event posedge, v000001b9d2508920_0, v000001b9d25091e0_0;
S_000001b9d24b8bd0 .scope module, "SB_DFFS" "SB_DFFS" 3 521;
 .timescale -12 -12;
    .port_info 0 /OUTPUT 1 "Q";
    .port_info 1 /INPUT 1 "C";
    .port_info 2 /INPUT 1 "S";
    .port_info 3 /INPUT 1 "D";
o000001b9d24beba8 .functor BUFZ 1, c4<z>; HiZ drive
v000001b9d2508a60_0 .net "C", 0 0, o000001b9d24beba8;  0 drivers
o000001b9d24bebd8 .functor BUFZ 1, c4<z>; HiZ drive
v000001b9d25093c0_0 .net "D", 0 0, o000001b9d24bebd8;  0 drivers
v000001b9d2509460_0 .var "Q", 0 0;
o000001b9d24bec38 .functor BUFZ 1, c4<z>; HiZ drive
v000001b9d2509640_0 .net "S", 0 0, o000001b9d24bec38;  0 drivers
E_000001b9d24803f0 .event posedge, v000001b9d2509640_0, v000001b9d2508a60_0;
S_000001b9d24b8d60 .scope module, "SB_DFFSR" "SB_DFFSR" 3 350;
 .timescale -12 -12;
    .port_info 0 /OUTPUT 1 "Q";
    .port_info 1 /INPUT 1 "C";
    .port_info 2 /INPUT 1 "R";
    .port_info 3 /INPUT 1 "D";
o000001b9d24bed28 .functor BUFZ 1, c4<z>; HiZ drive
v000001b9d25098c0_0 .net "C", 0 0, o000001b9d24bed28;  0 drivers
o000001b9d24bed58 .functor BUFZ 1, c4<z>; HiZ drive
v000001b9d2509960_0 .net "D", 0 0, o000001b9d24bed58;  0 drivers
v000001b9d2509b40_0 .var "Q", 0 0;
o000001b9d24bedb8 .functor BUFZ 1, c4<z>; HiZ drive
v000001b9d250bab0_0 .net "R", 0 0, o000001b9d24bedb8;  0 drivers
E_000001b9d24808f0 .event posedge, v000001b9d25098c0_0;
S_000001b9d24b8ef0 .scope module, "SB_DFFSS" "SB_DFFSS" 3 471;
 .timescale -12 -12;
    .port_info 0 /OUTPUT 1 "Q";
    .port_info 1 /INPUT 1 "C";
    .port_info 2 /INPUT 1 "S";
    .port_info 3 /INPUT 1 "D";
o000001b9d24beea8 .functor BUFZ 1, c4<z>; HiZ drive
v000001b9d250bb50_0 .net "C", 0 0, o000001b9d24beea8;  0 drivers
o000001b9d24beed8 .functor BUFZ 1, c4<z>; HiZ drive
v000001b9d250b470_0 .net "D", 0 0, o000001b9d24beed8;  0 drivers
v000001b9d250ac50_0 .var "Q", 0 0;
o000001b9d24bef38 .functor BUFZ 1, c4<z>; HiZ drive
v000001b9d250b0b0_0 .net "S", 0 0, o000001b9d24bef38;  0 drivers
E_000001b9d2480970 .event posedge, v000001b9d250bb50_0;
S_000001b9d24a8490 .scope module, "SB_FILTER_50NS" "SB_FILTER_50NS" 3 2856;
 .timescale -12 -12;
    .port_info 0 /INPUT 1 "FILTERIN";
    .port_info 1 /OUTPUT 1 "FILTEROUT";
o000001b9d24bf028 .functor BUFZ 1, c4<z>; HiZ drive
v000001b9d250c4b0_0 .net "FILTERIN", 0 0, o000001b9d24bf028;  0 drivers
o000001b9d24bf058 .functor BUFZ 1, c4<z>; HiZ drive
v000001b9d250cf50_0 .net "FILTEROUT", 0 0, o000001b9d24bf058;  0 drivers
S_000001b9d24a7cc0 .scope module, "SB_GB" "SB_GB" 3 162;
 .timescale -12 -12;
    .port_info 0 /INPUT 1 "USER_SIGNAL_TO_GLOBAL_BUFFER";
    .port_info 1 /OUTPUT 1 "GLOBAL_BUFFER_OUTPUT";
o000001b9d24bf118 .functor BUFZ 1, c4<z>; HiZ drive
L_000001b9d243deb0 .functor BUFZ 1, o000001b9d24bf118, C4<0>, C4<0>, C4<0>;
v000001b9d250b510_0 .net "GLOBAL_BUFFER_OUTPUT", 0 0, L_000001b9d243deb0;  1 drivers
v000001b9d250bf10_0 .net "USER_SIGNAL_TO_GLOBAL_BUFFER", 0 0, o000001b9d24bf118;  0 drivers
S_000001b9d24a8620 .scope module, "SB_GB_IO" "SB_GB_IO" 3 123;
 .timescale -12 -12;
    .port_info 0 /INOUT 1 "PACKAGE_PIN";
    .port_info 1 /OUTPUT 1 "GLOBAL_BUFFER_OUTPUT";
    .port_info 2 /INPUT 1 "LATCH_INPUT_VALUE";
    .port_info 3 /INPUT 1 "CLOCK_ENABLE";
    .port_info 4 /INPUT 1 "INPUT_CLK";
    .port_info 5 /INPUT 1 "OUTPUT_CLK";
    .port_info 6 /INPUT 1 "OUTPUT_ENABLE";
    .port_info 7 /INPUT 1 "D_OUT_0";
    .port_info 8 /INPUT 1 "D_OUT_1";
    .port_info 9 /OUTPUT 1 "D_IN_0";
    .port_info 10 /OUTPUT 1 "D_IN_1";
P_000001b9d22cb540 .param/str "IO_STANDARD" 0 3 139, "SB_LVCMOS";
P_000001b9d22cb578 .param/l "NEG_TRIGGER" 0 3 138, C4<0>;
P_000001b9d22cb5b0 .param/l "PIN_TYPE" 0 3 136, C4<000000>;
P_000001b9d22cb5e8 .param/l "PULLUP" 0 3 137, C4<0>;
o000001b9d24bf358 .functor BUFZ 1, c4<z>; HiZ drive
L_000001b9d243ea10 .functor BUFZ 1, o000001b9d24bf358, C4<0>, C4<0>, C4<0>;
o000001b9d24bf1a8 .functor BUFZ 1, c4<z>; HiZ drive
v000001b9d250b010_0 .net "CLOCK_ENABLE", 0 0, o000001b9d24bf1a8;  0 drivers
v000001b9d250af70_0 .net "D_IN_0", 0 0, L_000001b9d243e0e0;  1 drivers
v000001b9d250b3d0_0 .net "D_IN_1", 0 0, L_000001b9d243ecb0;  1 drivers
o000001b9d24bf238 .functor BUFZ 1, c4<z>; HiZ drive
v000001b9d250d130_0 .net "D_OUT_0", 0 0, o000001b9d24bf238;  0 drivers
o000001b9d24bf268 .functor BUFZ 1, c4<z>; HiZ drive
v000001b9d250ba10_0 .net "D_OUT_1", 0 0, o000001b9d24bf268;  0 drivers
v000001b9d250bc90_0 .net "GLOBAL_BUFFER_OUTPUT", 0 0, L_000001b9d243ea10;  1 drivers
o000001b9d24bf298 .functor BUFZ 1, c4<z>; HiZ drive
v000001b9d250c050_0 .net "INPUT_CLK", 0 0, o000001b9d24bf298;  0 drivers
o000001b9d24bf2c8 .functor BUFZ 1, c4<z>; HiZ drive
v000001b9d250acf0_0 .net "LATCH_INPUT_VALUE", 0 0, o000001b9d24bf2c8;  0 drivers
o000001b9d24bf2f8 .functor BUFZ 1, c4<z>; HiZ drive
v000001b9d250ccd0_0 .net "OUTPUT_CLK", 0 0, o000001b9d24bf2f8;  0 drivers
o000001b9d24bf328 .functor BUFZ 1, c4<z>; HiZ drive
v000001b9d250ce10_0 .net "OUTPUT_ENABLE", 0 0, o000001b9d24bf328;  0 drivers
v000001b9d250b150_0 .net "PACKAGE_PIN", 0 0, o000001b9d24bf358;  0 drivers
S_000001b9d24abbe0 .scope module, "IO" "SB_IO" 3 148, 3 17 0, S_000001b9d24a8620;
 .timescale -12 -12;
    .port_info 0 /INOUT 1 "PACKAGE_PIN";
    .port_info 1 /INPUT 1 "LATCH_INPUT_VALUE";
    .port_info 2 /INPUT 1 "CLOCK_ENABLE";
    .port_info 3 /INPUT 1 "INPUT_CLK";
    .port_info 4 /INPUT 1 "OUTPUT_CLK";
    .port_info 5 /INPUT 1 "OUTPUT_ENABLE";
    .port_info 6 /INPUT 1 "D_OUT_0";
    .port_info 7 /INPUT 1 "D_OUT_1";
    .port_info 8 /OUTPUT 1 "D_IN_0";
    .port_info 9 /OUTPUT 1 "D_IN_1";
P_000001b9d21bb730 .param/str "IO_STANDARD" 0 3 32, "SB_LVCMOS";
P_000001b9d21bb768 .param/l "NEG_TRIGGER" 0 3 31, C4<0>;
P_000001b9d21bb7a0 .param/l "PIN_TYPE" 0 3 29, C4<000000>;
P_000001b9d21bb7d8 .param/l "PULLUP" 0 3 30, C4<0>;
L_000001b9d243eaf0 .functor OR 1, o000001b9d24bf1a8, L_000001b9d253a850, C4<0>, C4<0>;
L_000001b9d243e0e0 .functor BUFZ 1, v000001b9d250aed0_0, C4<0>, C4<0>, C4<0>;
L_000001b9d243ecb0 .functor BUFZ 1, v000001b9d250c9b0_0, C4<0>, C4<0>, C4<0>;
v000001b9d250d090_0 .net "CLOCK_ENABLE", 0 0, o000001b9d24bf1a8;  alias, 0 drivers
v000001b9d250cd70_0 .net "D_IN_0", 0 0, L_000001b9d243e0e0;  alias, 1 drivers
v000001b9d250b790_0 .net "D_IN_1", 0 0, L_000001b9d243ecb0;  alias, 1 drivers
v000001b9d250be70_0 .net "D_OUT_0", 0 0, o000001b9d24bf238;  alias, 0 drivers
v000001b9d250bd30_0 .net "D_OUT_1", 0 0, o000001b9d24bf268;  alias, 0 drivers
v000001b9d250b1f0_0 .net "INPUT_CLK", 0 0, o000001b9d24bf298;  alias, 0 drivers
v000001b9d250aa70_0 .net "LATCH_INPUT_VALUE", 0 0, o000001b9d24bf2c8;  alias, 0 drivers
v000001b9d250b290_0 .net "OUTPUT_CLK", 0 0, o000001b9d24bf2f8;  alias, 0 drivers
v000001b9d250b8d0_0 .net "OUTPUT_ENABLE", 0 0, o000001b9d24bf328;  alias, 0 drivers
v000001b9d250b330_0 .net "PACKAGE_PIN", 0 0, o000001b9d24bf358;  alias, 0 drivers
o000001b9d24bf388 .functor BUFZ 1, c4<z>; HiZ drive
; Elide local net with no drivers, v000001b9d250bfb0_0 name=_ivl_0
v000001b9d250cc30_0 .net *"_ivl_2", 0 0, L_000001b9d253a850;  1 drivers
v000001b9d250caf0_0 .net "clken_pulled", 0 0, L_000001b9d243eaf0;  1 drivers
v000001b9d250cff0_0 .var "clken_pulled_ri", 0 0;
v000001b9d250b6f0_0 .var "clken_pulled_ro", 0 0;
v000001b9d250aed0_0 .var "din_0", 0 0;
v000001b9d250c9b0_0 .var "din_1", 0 0;
v000001b9d250c550_0 .var "din_q_0", 0 0;
v000001b9d250ab10_0 .var "din_q_1", 0 0;
v000001b9d250bbf0_0 .var "dout", 0 0;
v000001b9d250c2d0_0 .var "dout_q_0", 0 0;
v000001b9d250ae30_0 .var "dout_q_1", 0 0;
v000001b9d250cb90_0 .var "outclk_delayed_1", 0 0;
v000001b9d250c370_0 .var "outclk_delayed_2", 0 0;
v000001b9d250ad90_0 .var "outena_q", 0 0;
E_000001b9d2480430 .event anyedge, v000001b9d250c370_0, v000001b9d250c2d0_0, v000001b9d250ae30_0;
E_000001b9d2480530 .event anyedge, v000001b9d250cb90_0;
E_000001b9d2480db0 .event anyedge, v000001b9d250b290_0;
E_000001b9d2481ab0 .event anyedge, v000001b9d250c550_0, v000001b9d250ab10_0;
L_000001b9d253a850 .cmp/eeq 1, o000001b9d24bf1a8, o000001b9d24bf388;
S_000001b9d24ac220 .scope generate, "genblk1" "genblk1" 3 45, 3 45 0, S_000001b9d24abbe0;
 .timescale -12 -12;
E_000001b9d24817b0 .event posedge, v000001b9d250b290_0;
E_000001b9d2480f30 .event negedge, v000001b9d250b290_0;
E_000001b9d2481a70 .event negedge, v000001b9d250b1f0_0;
E_000001b9d2481af0 .event posedge, v000001b9d250b1f0_0;
S_000001b9d24a7680 .scope module, "SB_I2C" "SB_I2C" 3 2733;
 .timescale -12 -12;
    .port_info 0 /INPUT 1 "SBCLKI";
    .port_info 1 /INPUT 1 "SBRWI";
    .port_info 2 /INPUT 1 "SBSTBI";
    .port_info 3 /INPUT 1 "SBADRI7";
    .port_info 4 /INPUT 1 "SBADRI6";
    .port_info 5 /INPUT 1 "SBADRI5";
    .port_info 6 /INPUT 1 "SBADRI4";
    .port_info 7 /INPUT 1 "SBADRI3";
    .port_info 8 /INPUT 1 "SBADRI2";
    .port_info 9 /INPUT 1 "SBADRI1";
    .port_info 10 /INPUT 1 "SBADRI0";
    .port_info 11 /INPUT 1 "SBDATI7";
    .port_info 12 /INPUT 1 "SBDATI6";
    .port_info 13 /INPUT 1 "SBDATI5";
    .port_info 14 /INPUT 1 "SBDATI4";
    .port_info 15 /INPUT 1 "SBDATI3";
    .port_info 16 /INPUT 1 "SBDATI2";
    .port_info 17 /INPUT 1 "SBDATI1";
    .port_info 18 /INPUT 1 "SBDATI0";
    .port_info 19 /INPUT 1 "SCLI";
    .port_info 20 /INPUT 1 "SDAI";
    .port_info 21 /OUTPUT 1 "SBDATO7";
    .port_info 22 /OUTPUT 1 "SBDATO6";
    .port_info 23 /OUTPUT 1 "SBDATO5";
    .port_info 24 /OUTPUT 1 "SBDATO4";
    .port_info 25 /OUTPUT 1 "SBDATO3";
    .port_info 26 /OUTPUT 1 "SBDATO2";
    .port_info 27 /OUTPUT 1 "SBDATO1";
    .port_info 28 /OUTPUT 1 "SBDATO0";
    .port_info 29 /OUTPUT 1 "SBACKO";
    .port_info 30 /OUTPUT 1 "I2CIRQ";
    .port_info 31 /OUTPUT 1 "I2CWKUP";
    .port_info 32 /OUTPUT 1 "SCLO";
    .port_info 33 /OUTPUT 1 "SCLOE";
    .port_info 34 /OUTPUT 1 "SDAO";
    .port_info 35 /OUTPUT 1 "SDAOE";
P_000001b9d22b5900 .param/str "BUS_ADDR74" 0 3 2772, "0b0001";
P_000001b9d22b5938 .param/str "I2C_SLAVE_INIT_ADDR" 0 3 2771, "0b1111100001";
o000001b9d24bfa78 .functor BUFZ 1, c4<z>; HiZ drive
v000001b9d250b5b0_0 .net "I2CIRQ", 0 0, o000001b9d24bfa78;  0 drivers
o000001b9d24bfaa8 .functor BUFZ 1, c4<z>; HiZ drive
v000001b9d250b830_0 .net "I2CWKUP", 0 0, o000001b9d24bfaa8;  0 drivers
o000001b9d24bfad8 .functor BUFZ 1, c4<z>; HiZ drive
v000001b9d250c0f0_0 .net "SBACKO", 0 0, o000001b9d24bfad8;  0 drivers
o000001b9d24bfb08 .functor BUFZ 1, c4<z>; HiZ drive
v000001b9d250ceb0_0 .net "SBADRI0", 0 0, o000001b9d24bfb08;  0 drivers
o000001b9d24bfb38 .functor BUFZ 1, c4<z>; HiZ drive
v000001b9d250b970_0 .net "SBADRI1", 0 0, o000001b9d24bfb38;  0 drivers
o000001b9d24bfb68 .functor BUFZ 1, c4<z>; HiZ drive
v000001b9d250bdd0_0 .net "SBADRI2", 0 0, o000001b9d24bfb68;  0 drivers
o000001b9d24bfb98 .functor BUFZ 1, c4<z>; HiZ drive
v000001b9d250c190_0 .net "SBADRI3", 0 0, o000001b9d24bfb98;  0 drivers
o000001b9d24bfbc8 .functor BUFZ 1, c4<z>; HiZ drive
v000001b9d250c690_0 .net "SBADRI4", 0 0, o000001b9d24bfbc8;  0 drivers
o000001b9d24bfbf8 .functor BUFZ 1, c4<z>; HiZ drive
v000001b9d250c5f0_0 .net "SBADRI5", 0 0, o000001b9d24bfbf8;  0 drivers
o000001b9d24bfc28 .functor BUFZ 1, c4<z>; HiZ drive
v000001b9d250c230_0 .net "SBADRI6", 0 0, o000001b9d24bfc28;  0 drivers
o000001b9d24bfc58 .functor BUFZ 1, c4<z>; HiZ drive
v000001b9d250abb0_0 .net "SBADRI7", 0 0, o000001b9d24bfc58;  0 drivers
o000001b9d24bfc88 .functor BUFZ 1, c4<z>; HiZ drive
v000001b9d250c730_0 .net "SBCLKI", 0 0, o000001b9d24bfc88;  0 drivers
o000001b9d24bfcb8 .functor BUFZ 1, c4<z>; HiZ drive
v000001b9d250c410_0 .net "SBDATI0", 0 0, o000001b9d24bfcb8;  0 drivers
o000001b9d24bfce8 .functor BUFZ 1, c4<z>; HiZ drive
v000001b9d250c7d0_0 .net "SBDATI1", 0 0, o000001b9d24bfce8;  0 drivers
o000001b9d24bfd18 .functor BUFZ 1, c4<z>; HiZ drive
v000001b9d250b650_0 .net "SBDATI2", 0 0, o000001b9d24bfd18;  0 drivers
o000001b9d24bfd48 .functor BUFZ 1, c4<z>; HiZ drive
v000001b9d250c870_0 .net "SBDATI3", 0 0, o000001b9d24bfd48;  0 drivers
o000001b9d24bfd78 .functor BUFZ 1, c4<z>; HiZ drive
v000001b9d250c910_0 .net "SBDATI4", 0 0, o000001b9d24bfd78;  0 drivers
o000001b9d24bfda8 .functor BUFZ 1, c4<z>; HiZ drive
v000001b9d250ca50_0 .net "SBDATI5", 0 0, o000001b9d24bfda8;  0 drivers
o000001b9d24bfdd8 .functor BUFZ 1, c4<z>; HiZ drive
v000001b9d250d1d0_0 .net "SBDATI6", 0 0, o000001b9d24bfdd8;  0 drivers
o000001b9d24bfe08 .functor BUFZ 1, c4<z>; HiZ drive
v000001b9d250df90_0 .net "SBDATI7", 0 0, o000001b9d24bfe08;  0 drivers
o000001b9d24bfe38 .functor BUFZ 1, c4<z>; HiZ drive
v000001b9d250db30_0 .net "SBDATO0", 0 0, o000001b9d24bfe38;  0 drivers
o000001b9d24bfe68 .functor BUFZ 1, c4<z>; HiZ drive
v000001b9d250d9f0_0 .net "SBDATO1", 0 0, o000001b9d24bfe68;  0 drivers
o000001b9d24bfe98 .functor BUFZ 1, c4<z>; HiZ drive
v000001b9d250d950_0 .net "SBDATO2", 0 0, o000001b9d24bfe98;  0 drivers
o000001b9d24bfec8 .functor BUFZ 1, c4<z>; HiZ drive
v000001b9d250e0d0_0 .net "SBDATO3", 0 0, o000001b9d24bfec8;  0 drivers
o000001b9d24bfef8 .functor BUFZ 1, c4<z>; HiZ drive
v000001b9d250e530_0 .net "SBDATO4", 0 0, o000001b9d24bfef8;  0 drivers
o000001b9d24bff28 .functor BUFZ 1, c4<z>; HiZ drive
v000001b9d250d270_0 .net "SBDATO5", 0 0, o000001b9d24bff28;  0 drivers
o000001b9d24bff58 .functor BUFZ 1, c4<z>; HiZ drive
v000001b9d250def0_0 .net "SBDATO6", 0 0, o000001b9d24bff58;  0 drivers
o000001b9d24bff88 .functor BUFZ 1, c4<z>; HiZ drive
v000001b9d250dd10_0 .net "SBDATO7", 0 0, o000001b9d24bff88;  0 drivers
o000001b9d24bffb8 .functor BUFZ 1, c4<z>; HiZ drive
v000001b9d250d310_0 .net "SBRWI", 0 0, o000001b9d24bffb8;  0 drivers
o000001b9d24bffe8 .functor BUFZ 1, c4<z>; HiZ drive
v000001b9d250da90_0 .net "SBSTBI", 0 0, o000001b9d24bffe8;  0 drivers
o000001b9d24c0018 .functor BUFZ 1, c4<z>; HiZ drive
v000001b9d250d630_0 .net "SCLI", 0 0, o000001b9d24c0018;  0 drivers
o000001b9d24c0048 .functor BUFZ 1, c4<z>; HiZ drive
v000001b9d250d770_0 .net "SCLO", 0 0, o000001b9d24c0048;  0 drivers
o000001b9d24c0078 .functor BUFZ 1, c4<z>; HiZ drive
v000001b9d250d6d0_0 .net "SCLOE", 0 0, o000001b9d24c0078;  0 drivers
o000001b9d24c00a8 .functor BUFZ 1, c4<z>; HiZ drive
v000001b9d250d8b0_0 .net "SDAI", 0 0, o000001b9d24c00a8;  0 drivers
o000001b9d24c00d8 .functor BUFZ 1, c4<z>; HiZ drive
v000001b9d250dbd0_0 .net "SDAO", 0 0, o000001b9d24c00d8;  0 drivers
o000001b9d24c0108 .functor BUFZ 1, c4<z>; HiZ drive
v000001b9d250e030_0 .net "SDAOE", 0 0, o000001b9d24c0108;  0 drivers
S_000001b9d24a8300 .scope module, "SB_IO_I3C" "SB_IO_I3C" 3 2862;
 .timescale -12 -12;
    .port_info 0 /INOUT 1 "PACKAGE_PIN";
    .port_info 1 /INPUT 1 "LATCH_INPUT_VALUE";
    .port_info 2 /INPUT 1 "CLOCK_ENABLE";
    .port_info 3 /INPUT 1 "INPUT_CLK";
    .port_info 4 /INPUT 1 "OUTPUT_CLK";
    .port_info 5 /INPUT 1 "OUTPUT_ENABLE";
    .port_info 6 /INPUT 1 "D_OUT_0";
    .port_info 7 /INPUT 1 "D_OUT_1";
    .port_info 8 /OUTPUT 1 "D_IN_0";
    .port_info 9 /OUTPUT 1 "D_IN_1";
    .port_info 10 /INPUT 1 "PU_ENB";
    .port_info 11 /INPUT 1 "WEAK_PU_ENB";
P_000001b9d21c3d10 .param/str "IO_STANDARD" 0 3 2880, "SB_LVCMOS";
P_000001b9d21c3d48 .param/l "NEG_TRIGGER" 0 3 2879, C4<0>;
P_000001b9d21c3d80 .param/l "PIN_TYPE" 0 3 2876, C4<000000>;
P_000001b9d21c3db8 .param/l "PULLUP" 0 3 2877, C4<0>;
P_000001b9d21c3df0 .param/l "WEAK_PULLUP" 0 3 2878, C4<0>;
L_000001b9d243eee0 .functor BUFZ 1, v000001b9d250e8f0_0, C4<0>, C4<0>, C4<0>;
L_000001b9d243f490 .functor BUFZ 1, v000001b9d250e350_0, C4<0>, C4<0>, C4<0>;
o000001b9d24c07f8 .functor BUFZ 1, c4<z>; HiZ drive
v000001b9d250dc70_0 .net "CLOCK_ENABLE", 0 0, o000001b9d24c07f8;  0 drivers
v000001b9d250e170_0 .net "D_IN_0", 0 0, L_000001b9d243eee0;  1 drivers
v000001b9d250d4f0_0 .net "D_IN_1", 0 0, L_000001b9d243f490;  1 drivers
o000001b9d24c0888 .functor BUFZ 1, c4<z>; HiZ drive
v000001b9d250e210_0 .net "D_OUT_0", 0 0, o000001b9d24c0888;  0 drivers
o000001b9d24c08b8 .functor BUFZ 1, c4<z>; HiZ drive
v000001b9d250d590_0 .net "D_OUT_1", 0 0, o000001b9d24c08b8;  0 drivers
o000001b9d24c08e8 .functor BUFZ 1, c4<z>; HiZ drive
v000001b9d250e490_0 .net "INPUT_CLK", 0 0, o000001b9d24c08e8;  0 drivers
o000001b9d24c0918 .functor BUFZ 1, c4<z>; HiZ drive
v000001b9d250de50_0 .net "LATCH_INPUT_VALUE", 0 0, o000001b9d24c0918;  0 drivers
o000001b9d24c0948 .functor BUFZ 1, c4<z>; HiZ drive
v000001b9d250d810_0 .net "OUTPUT_CLK", 0 0, o000001b9d24c0948;  0 drivers
o000001b9d24c0978 .functor BUFZ 1, c4<z>; HiZ drive
v000001b9d250e710_0 .net "OUTPUT_ENABLE", 0 0, o000001b9d24c0978;  0 drivers
o000001b9d24c09a8 .functor BUFZ 1, c4<z>; HiZ drive
v000001b9d250ddb0_0 .net "PACKAGE_PIN", 0 0, o000001b9d24c09a8;  0 drivers
o000001b9d24c09d8 .functor BUFZ 1, c4<z>; HiZ drive
v000001b9d250d3b0_0 .net "PU_ENB", 0 0, o000001b9d24c09d8;  0 drivers
o000001b9d24c0a08 .functor BUFZ 1, c4<z>; HiZ drive
v000001b9d250e2b0_0 .net "WEAK_PU_ENB", 0 0, o000001b9d24c0a08;  0 drivers
v000001b9d250e8f0_0 .var "din_0", 0 0;
v000001b9d250e350_0 .var "din_1", 0 0;
v000001b9d250d450_0 .var "din_q_0", 0 0;
v000001b9d250e3f0_0 .var "din_q_1", 0 0;
v000001b9d250e5d0_0 .var "dout", 0 0;
v000001b9d250e670_0 .var "dout_q_0", 0 0;
v000001b9d250e850_0 .var "dout_q_1", 0 0;
v000001b9d250e7b0_0 .var "outclk_delayed_1", 0 0;
v000001b9d250f5e0_0 .var "outclk_delayed_2", 0 0;
v000001b9d250efa0_0 .var "outena_q", 0 0;
E_000001b9d24814f0 .event anyedge, v000001b9d250f5e0_0, v000001b9d250e670_0, v000001b9d250e850_0;
E_000001b9d2481130 .event anyedge, v000001b9d250e7b0_0;
E_000001b9d2481b30 .event anyedge, v000001b9d250d810_0;
E_000001b9d2481270 .event anyedge, v000001b9d250d450_0, v000001b9d250e3f0_0;
S_000001b9d24ac6d0 .scope generate, "genblk1" "genblk1" 3 2888, 3 2888 0, S_000001b9d24a8300;
 .timescale -12 -12;
E_000001b9d2481bb0 .event posedge, v000001b9d250d810_0;
E_000001b9d2480f70 .event negedge, v000001b9d250d810_0;
E_000001b9d24819b0 .event negedge, v000001b9d250e490_0;
E_000001b9d24817f0 .event posedge, v000001b9d250e490_0;
S_000001b9d24a8170 .scope module, "SB_IO_OD" "SB_IO_OD" 3 2931;
 .timescale -12 -12;
    .port_info 0 /INOUT 1 "PACKAGEPIN";
    .port_info 1 /INPUT 1 "LATCHINPUTVALUE";
    .port_info 2 /INPUT 1 "CLOCKENABLE";
    .port_info 3 /INPUT 1 "INPUTCLK";
    .port_info 4 /INPUT 1 "OUTPUTCLK";
    .port_info 5 /INPUT 1 "OUTPUTENABLE";
    .port_info 6 /INPUT 1 "DOUT1";
    .port_info 7 /INPUT 1 "DOUT0";
    .port_info 8 /OUTPUT 1 "DIN1";
    .port_info 9 /OUTPUT 1 "DIN0";
P_000001b9d22b5a80 .param/l "NEG_TRIGGER" 0 3 2944, C4<0>;
P_000001b9d22b5ab8 .param/l "PIN_TYPE" 0 3 2943, C4<000000>;
L_000001b9d22be2f0 .functor BUFZ 1, v000001b9d250fea0_0, C4<0>, C4<0>, C4<0>;
L_000001b9d22be4b0 .functor BUFZ 1, v000001b9d2510800_0, C4<0>, C4<0>, C4<0>;
o000001b9d24c0e58 .functor BUFZ 1, c4<z>; HiZ drive
v000001b9d25106c0_0 .net "CLOCKENABLE", 0 0, o000001b9d24c0e58;  0 drivers
v000001b9d250fb80_0 .net "DIN0", 0 0, L_000001b9d22be2f0;  1 drivers
v000001b9d250ee60_0 .net "DIN1", 0 0, L_000001b9d22be4b0;  1 drivers
o000001b9d24c0ee8 .functor BUFZ 1, c4<z>; HiZ drive
v000001b9d250f360_0 .net "DOUT0", 0 0, o000001b9d24c0ee8;  0 drivers
o000001b9d24c0f18 .functor BUFZ 1, c4<z>; HiZ drive
v000001b9d2510120_0 .net "DOUT1", 0 0, o000001b9d24c0f18;  0 drivers
o000001b9d24c0f48 .functor BUFZ 1, c4<z>; HiZ drive
v000001b9d250f540_0 .net "INPUTCLK", 0 0, o000001b9d24c0f48;  0 drivers
o000001b9d24c0f78 .functor BUFZ 1, c4<z>; HiZ drive
v000001b9d25104e0_0 .net "LATCHINPUTVALUE", 0 0, o000001b9d24c0f78;  0 drivers
o000001b9d24c0fa8 .functor BUFZ 1, c4<z>; HiZ drive
v000001b9d250fd60_0 .net "OUTPUTCLK", 0 0, o000001b9d24c0fa8;  0 drivers
o000001b9d24c0fd8 .functor BUFZ 1, c4<z>; HiZ drive
v000001b9d250fae0_0 .net "OUTPUTENABLE", 0 0, o000001b9d24c0fd8;  0 drivers
o000001b9d24c1008 .functor BUFZ 1, c4<z>; HiZ drive
v000001b9d250fe00_0 .net "PACKAGEPIN", 0 0, o000001b9d24c1008;  0 drivers
v000001b9d250fea0_0 .var "din_0", 0 0;
v000001b9d2510800_0 .var "din_1", 0 0;
v000001b9d25108a0_0 .var "din_q_0", 0 0;
v000001b9d2510260_0 .var "din_q_1", 0 0;
v000001b9d250ff40_0 .var "dout", 0 0;
v000001b9d250f7c0_0 .var "dout_q_0", 0 0;
v000001b9d250f4a0_0 .var "dout_q_1", 0 0;
v000001b9d250f680_0 .var "outclk_delayed_1", 0 0;
v000001b9d250f400_0 .var "outclk_delayed_2", 0 0;
v000001b9d250f720_0 .var "outena_q", 0 0;
E_000001b9d2481370 .event anyedge, v000001b9d250f400_0, v000001b9d250f7c0_0, v000001b9d250f4a0_0;
E_000001b9d24812f0 .event anyedge, v000001b9d250f680_0;
E_000001b9d2481470 .event anyedge, v000001b9d250fd60_0;
E_000001b9d24816b0 .event anyedge, v000001b9d25108a0_0, v000001b9d2510260_0;
S_000001b9d24abd70 .scope generate, "genblk1" "genblk1" 3 2952, 3 2952 0, S_000001b9d24a8170;
 .timescale -12 -12;
E_000001b9d24816f0 .event posedge, v000001b9d250fd60_0;
E_000001b9d2481bf0 .event negedge, v000001b9d250fd60_0;
E_000001b9d2481a30 .event negedge, v000001b9d250f540_0;
E_000001b9d2480df0 .event posedge, v000001b9d250f540_0;
S_000001b9d24a7810 .scope module, "SB_LEDDA_IP" "SB_LEDDA_IP" 3 2830;
 .timescale -12 -12;
    .port_info 0 /INPUT 1 "LEDDCS";
    .port_info 1 /INPUT 1 "LEDDCLK";
    .port_info 2 /INPUT 1 "LEDDDAT7";
    .port_info 3 /INPUT 1 "LEDDDAT6";
    .port_info 4 /INPUT 1 "LEDDDAT5";
    .port_info 5 /INPUT 1 "LEDDDAT4";
    .port_info 6 /INPUT 1 "LEDDDAT3";
    .port_info 7 /INPUT 1 "LEDDDAT2";
    .port_info 8 /INPUT 1 "LEDDDAT1";
    .port_info 9 /INPUT 1 "LEDDDAT0";
    .port_info 10 /INPUT 1 "LEDDADDR3";
    .port_info 11 /INPUT 1 "LEDDADDR2";
    .port_info 12 /INPUT 1 "LEDDADDR1";
    .port_info 13 /INPUT 1 "LEDDADDR0";
    .port_info 14 /INPUT 1 "LEDDDEN";
    .port_info 15 /INPUT 1 "LEDDEXE";
    .port_info 16 /INPUT 1 "LEDDRST";
    .port_info 17 /OUTPUT 1 "PWMOUT0";
    .port_info 18 /OUTPUT 1 "PWMOUT1";
    .port_info 19 /OUTPUT 1 "PWMOUT2";
    .port_info 20 /OUTPUT 1 "LEDDON";
o000001b9d24c13f8 .functor BUFZ 1, c4<z>; HiZ drive
v000001b9d250f040_0 .net "LEDDADDR0", 0 0, o000001b9d24c13f8;  0 drivers
o000001b9d24c1428 .functor BUFZ 1, c4<z>; HiZ drive
v000001b9d25112a0_0 .net "LEDDADDR1", 0 0, o000001b9d24c1428;  0 drivers
o000001b9d24c1458 .functor BUFZ 1, c4<z>; HiZ drive
v000001b9d2511480_0 .net "LEDDADDR2", 0 0, o000001b9d24c1458;  0 drivers
o000001b9d24c1488 .functor BUFZ 1, c4<z>; HiZ drive
v000001b9d250f860_0 .net "LEDDADDR3", 0 0, o000001b9d24c1488;  0 drivers
o000001b9d24c14b8 .functor BUFZ 1, c4<z>; HiZ drive
v000001b9d250f900_0 .net "LEDDCLK", 0 0, o000001b9d24c14b8;  0 drivers
o000001b9d24c14e8 .functor BUFZ 1, c4<z>; HiZ drive
v000001b9d250fc20_0 .net "LEDDCS", 0 0, o000001b9d24c14e8;  0 drivers
o000001b9d24c1518 .functor BUFZ 1, c4<z>; HiZ drive
v000001b9d2511340_0 .net "LEDDDAT0", 0 0, o000001b9d24c1518;  0 drivers
o000001b9d24c1548 .functor BUFZ 1, c4<z>; HiZ drive
v000001b9d2510ee0_0 .net "LEDDDAT1", 0 0, o000001b9d24c1548;  0 drivers
o000001b9d24c1578 .functor BUFZ 1, c4<z>; HiZ drive
v000001b9d2511520_0 .net "LEDDDAT2", 0 0, o000001b9d24c1578;  0 drivers
o000001b9d24c15a8 .functor BUFZ 1, c4<z>; HiZ drive
v000001b9d2510440_0 .net "LEDDDAT3", 0 0, o000001b9d24c15a8;  0 drivers
o000001b9d24c15d8 .functor BUFZ 1, c4<z>; HiZ drive
v000001b9d2510bc0_0 .net "LEDDDAT4", 0 0, o000001b9d24c15d8;  0 drivers
o000001b9d24c1608 .functor BUFZ 1, c4<z>; HiZ drive
v000001b9d250f9a0_0 .net "LEDDDAT5", 0 0, o000001b9d24c1608;  0 drivers
o000001b9d24c1638 .functor BUFZ 1, c4<z>; HiZ drive
v000001b9d2510080_0 .net "LEDDDAT6", 0 0, o000001b9d24c1638;  0 drivers
o000001b9d24c1668 .functor BUFZ 1, c4<z>; HiZ drive
v000001b9d2510760_0 .net "LEDDDAT7", 0 0, o000001b9d24c1668;  0 drivers
o000001b9d24c1698 .functor BUFZ 1, c4<z>; HiZ drive
v000001b9d250fcc0_0 .net "LEDDDEN", 0 0, o000001b9d24c1698;  0 drivers
o000001b9d24c16c8 .functor BUFZ 1, c4<z>; HiZ drive
v000001b9d2511160_0 .net "LEDDEXE", 0 0, o000001b9d24c16c8;  0 drivers
o000001b9d24c16f8 .functor BUFZ 1, c4<z>; HiZ drive
v000001b9d2510940_0 .net "LEDDON", 0 0, o000001b9d24c16f8;  0 drivers
o000001b9d24c1728 .functor BUFZ 1, c4<z>; HiZ drive
v000001b9d250fa40_0 .net "LEDDRST", 0 0, o000001b9d24c1728;  0 drivers
o000001b9d24c1758 .functor BUFZ 1, c4<z>; HiZ drive
v000001b9d250ef00_0 .net "PWMOUT0", 0 0, o000001b9d24c1758;  0 drivers
o000001b9d24c1788 .functor BUFZ 1, c4<z>; HiZ drive
v000001b9d25109e0_0 .net "PWMOUT1", 0 0, o000001b9d24c1788;  0 drivers
o000001b9d24c17b8 .functor BUFZ 1, c4<z>; HiZ drive
v000001b9d2511020_0 .net "PWMOUT2", 0 0, o000001b9d24c17b8;  0 drivers
S_000001b9d24a87b0 .scope module, "SB_LED_DRV_CUR" "SB_LED_DRV_CUR" 3 2709;
 .timescale -12 -12;
    .port_info 0 /INPUT 1 "EN";
    .port_info 1 /OUTPUT 1 "LEDPU";
o000001b9d24c1bd8 .functor BUFZ 1, c4<z>; HiZ drive
v000001b9d250ffe0_0 .net "EN", 0 0, o000001b9d24c1bd8;  0 drivers
o000001b9d24c1c08 .functor BUFZ 1, c4<z>; HiZ drive
v000001b9d25101c0_0 .net "LEDPU", 0 0, o000001b9d24c1c08;  0 drivers
S_000001b9d24a8c60 .scope module, "SB_LFOSC" "SB_LFOSC" 3 2684;
 .timescale -12 -12;
    .port_info 0 /INPUT 1 "CLKLFPU";
    .port_info 1 /INPUT 1 "CLKLFEN";
    .port_info 2 /OUTPUT 1 "CLKLF";
o000001b9d24c1c98 .functor BUFZ 1, c4<z>; HiZ drive
v000001b9d2510e40_0 .net "CLKLF", 0 0, o000001b9d24c1c98;  0 drivers
o000001b9d24c1cc8 .functor BUFZ 1, c4<z>; HiZ drive
v000001b9d2510300_0 .net "CLKLFEN", 0 0, o000001b9d24c1cc8;  0 drivers
o000001b9d24c1cf8 .functor BUFZ 1, c4<z>; HiZ drive
v000001b9d25103a0_0 .net "CLKLFPU", 0 0, o000001b9d24c1cf8;  0 drivers
S_000001b9d24a8df0 .scope module, "SB_LUT4" "SB_LUT4" 3 177;
 .timescale -12 -12;
    .port_info 0 /OUTPUT 1 "O";
    .port_info 1 /INPUT 1 "I0";
    .port_info 2 /INPUT 1 "I1";
    .port_info 3 /INPUT 1 "I2";
    .port_info 4 /INPUT 1 "I3";
P_000001b9d247fdf0 .param/l "LUT_INIT" 0 3 184, C4<0000000000000000>;
o000001b9d24c1db8 .functor BUFZ 1, c4<z>; HiZ drive
v000001b9d2511200_0 .net "I0", 0 0, o000001b9d24c1db8;  0 drivers
o000001b9d24c1de8 .functor BUFZ 1, c4<z>; HiZ drive
v000001b9d2510a80_0 .net "I1", 0 0, o000001b9d24c1de8;  0 drivers
o000001b9d24c1e18 .functor BUFZ 1, c4<z>; HiZ drive
v000001b9d2510580_0 .net "I2", 0 0, o000001b9d24c1e18;  0 drivers
o000001b9d24c1e48 .functor BUFZ 1, c4<z>; HiZ drive
v000001b9d2510620_0 .net "I3", 0 0, o000001b9d24c1e48;  0 drivers
v000001b9d2510b20_0 .net "O", 0 0, L_000001b9d2538ff0;  1 drivers
L_000001b9d2548d60 .functor BUFT 1, C4<00000000>, C4<0>, C4<0>, C4<0>;
v000001b9d2510c60_0 .net/2u *"_ivl_0", 7 0, L_000001b9d2548d60;  1 drivers
v000001b9d25113e0_0 .net *"_ivl_13", 1 0, L_000001b9d253aad0;  1 drivers
v000001b9d250f0e0_0 .net *"_ivl_15", 1 0, L_000001b9d2538730;  1 drivers
v000001b9d2510d00_0 .net *"_ivl_19", 0 0, L_000001b9d253ab70;  1 drivers
L_000001b9d2548da8 .functor BUFT 1, C4<00000000>, C4<0>, C4<0>, C4<0>;
v000001b9d250edc0_0 .net/2u *"_ivl_2", 7 0, L_000001b9d2548da8;  1 drivers
v000001b9d2510da0_0 .net *"_ivl_21", 0 0, L_000001b9d2538d70;  1 drivers
v000001b9d2510f80_0 .net *"_ivl_7", 3 0, L_000001b9d2539810;  1 drivers
v000001b9d250f180_0 .net *"_ivl_9", 3 0, L_000001b9d253a990;  1 drivers
v000001b9d250f220_0 .net "s1", 1 0, L_000001b9d2538b90;  1 drivers
v000001b9d25110c0_0 .net "s2", 3 0, L_000001b9d253aa30;  1 drivers
v000001b9d250f2c0_0 .net "s3", 7 0, L_000001b9d2538f50;  1 drivers
L_000001b9d2538f50 .functor MUXZ 8, L_000001b9d2548da8, L_000001b9d2548d60, o000001b9d24c1e48, C4<>;
L_000001b9d2539810 .part L_000001b9d2538f50, 4, 4;
L_000001b9d253a990 .part L_000001b9d2538f50, 0, 4;
L_000001b9d253aa30 .functor MUXZ 4, L_000001b9d253a990, L_000001b9d2539810, o000001b9d24c1e18, C4<>;
L_000001b9d253aad0 .part L_000001b9d253aa30, 2, 2;
L_000001b9d2538730 .part L_000001b9d253aa30, 0, 2;
L_000001b9d2538b90 .functor MUXZ 2, L_000001b9d2538730, L_000001b9d253aad0, o000001b9d24c1de8, C4<>;
L_000001b9d253ab70 .part L_000001b9d2538b90, 1, 1;
L_000001b9d2538d70 .part L_000001b9d2538b90, 0, 1;
L_000001b9d2538ff0 .functor MUXZ 1, L_000001b9d2538d70, L_000001b9d253ab70, o000001b9d24c1db8, C4<>;
S_000001b9d24a8f80 .scope module, "SB_MAC16" "SB_MAC16" 3 2996;
 .timescale -12 -12;
    .port_info 0 /INPUT 1 "CLK";
    .port_info 1 /INPUT 1 "CE";
    .port_info 2 /INPUT 16 "C";
    .port_info 3 /INPUT 16 "A";
    .port_info 4 /INPUT 16 "B";
    .port_info 5 /INPUT 16 "D";
    .port_info 6 /INPUT 1 "AHOLD";
    .port_info 7 /INPUT 1 "BHOLD";
    .port_info 8 /INPUT 1 "CHOLD";
    .port_info 9 /INPUT 1 "DHOLD";
    .port_info 10 /INPUT 1 "IRSTTOP";
    .port_info 11 /INPUT 1 "IRSTBOT";
    .port_info 12 /INPUT 1 "ORSTTOP";
    .port_info 13 /INPUT 1 "ORSTBOT";
    .port_info 14 /INPUT 1 "OLOADTOP";
    .port_info 15 /INPUT 1 "OLOADBOT";
    .port_info 16 /INPUT 1 "ADDSUBTOP";
    .port_info 17 /INPUT 1 "ADDSUBBOT";
    .port_info 18 /INPUT 1 "OHOLDTOP";
    .port_info 19 /INPUT 1 "OHOLDBOT";
    .port_info 20 /INPUT 1 "CI";
    .port_info 21 /INPUT 1 "ACCUMCI";
    .port_info 22 /INPUT 1 "SIGNEXTIN";
    .port_info 23 /OUTPUT 32 "O";
    .port_info 24 /OUTPUT 1 "CO";
    .port_info 25 /OUTPUT 1 "ACCUMCO";
    .port_info 26 /OUTPUT 1 "SIGNEXTOUT";
P_000001b9d21ca850 .param/l "A_REG" 0 3 3011, C4<0>;
P_000001b9d21ca888 .param/l "A_SIGNED" 0 3 3027, C4<0>;
P_000001b9d21ca8c0 .param/l "BOTADDSUB_CARRYSELECT" 0 3 3025, C4<00>;
P_000001b9d21ca8f8 .param/l "BOTADDSUB_LOWERINPUT" 0 3 3023, C4<00>;
P_000001b9d21ca930 .param/l "BOTADDSUB_UPPERINPUT" 0 3 3024, C4<0>;
P_000001b9d21ca968 .param/l "BOTOUTPUT_SELECT" 0 3 3022, C4<00>;
P_000001b9d21ca9a0 .param/l "BOT_8x8_MULT_REG" 0 3 3015, C4<0>;
P_000001b9d21ca9d8 .param/l "B_REG" 0 3 3012, C4<0>;
P_000001b9d21caa10 .param/l "B_SIGNED" 0 3 3028, C4<0>;
P_000001b9d21caa48 .param/l "C_REG" 0 3 3010, C4<0>;
P_000001b9d21caa80 .param/l "D_REG" 0 3 3013, C4<0>;
P_000001b9d21caab8 .param/l "MODE_8x8" 0 3 3026, C4<0>;
P_000001b9d21caaf0 .param/l "NEG_TRIGGER" 0 3 3009, C4<0>;
P_000001b9d21cab28 .param/l "PIPELINE_16x16_MULT_REG1" 0 3 3016, C4<0>;
P_000001b9d21cab60 .param/l "PIPELINE_16x16_MULT_REG2" 0 3 3017, C4<0>;
P_000001b9d21cab98 .param/l "TOPADDSUB_CARRYSELECT" 0 3 3021, C4<00>;
P_000001b9d21cabd0 .param/l "TOPADDSUB_LOWERINPUT" 0 3 3019, C4<00>;
P_000001b9d21cac08 .param/l "TOPADDSUB_UPPERINPUT" 0 3 3020, C4<0>;
P_000001b9d21cac40 .param/l "TOPOUTPUT_SELECT" 0 3 3018, C4<00>;
P_000001b9d21cac78 .param/l "TOP_8x8_MULT_REG" 0 3 3014, C4<0>;
o000001b9d24c24a8 .functor BUFZ 1, c4<z>; HiZ drive
L_000001b9d2548df0 .functor BUFT 1, C4<0>, C4<0>, C4<0>, C4<0>;
L_000001b9d22400b0 .functor XOR 1, o000001b9d24c24a8, L_000001b9d2548df0, C4<0>, C4<0>;
o000001b9d24c23e8 .functor BUFZ 16, c4<zzzzzzzzzzzzzzzz>; HiZ drive
L_000001b9d2240270 .functor BUFZ 16, o000001b9d24c23e8, C4<0000000000000000>, C4<0000000000000000>, C4<0000000000000000>;
o000001b9d24c21a8 .functor BUFZ 16, c4<zzzzzzzzzzzzzzzz>; HiZ drive
L_000001b9d25913b0 .functor BUFZ 16, o000001b9d24c21a8, C4<0000000000000000>, C4<0000000000000000>, C4<0000000000000000>;
o000001b9d24c2328 .functor BUFZ 16, c4<zzzzzzzzzzzzzzzz>; HiZ drive
L_000001b9d2592290 .functor BUFZ 16, o000001b9d24c2328, C4<0000000000000000>, C4<0000000000000000>, C4<0000000000000000>;
o000001b9d24c2508 .functor BUFZ 16, c4<zzzzzzzzzzzzzzzz>; HiZ drive
L_000001b9d2591c00 .functor BUFZ 16, o000001b9d24c2508, C4<0000000000000000>, C4<0000000000000000>, C4<0000000000000000>;
L_000001b9d2591e30 .functor BUFZ 16, L_000001b9d253cd30, C4<0000000000000000>, C4<0000000000000000>, C4<0000000000000000>;
L_000001b9d25912d0 .functor BUFZ 16, L_000001b9d253bd90, C4<0000000000000000>, C4<0000000000000000>, C4<0000000000000000>;
L_000001b9d2591ea0 .functor BUFZ 16, L_000001b9d253d550, C4<0000000000000000>, C4<0000000000000000>, C4<0000000000000000>;
L_000001b9d2590af0 .functor BUFZ 16, L_000001b9d253ca10, C4<0000000000000000>, C4<0000000000000000>, C4<0000000000000000>;
L_000001b9d2590f50 .functor BUFZ 32, L_000001b9d253b610, C4<00000000000000000000000000000000>, C4<00000000000000000000000000000000>, C4<00000000000000000000000000000000>;
L_000001b9d25921b0 .functor BUFZ 16, v000001b9d25183a0_0, C4<0000000000000000>, C4<0000000000000000>, C4<0000000000000000>;
L_000001b9d2592530 .functor BUFZ 16, L_000001b9d25913b0, C4<0000000000000000>, C4<0000000000000000>, C4<0000000000000000>;
L_000001b9d2590a10 .functor XOR 17, L_000001b9d253c650, L_000001b9d253b7f0, C4<00000000000000000>, C4<00000000000000000>;
o000001b9d24c2268 .functor BUFZ 1, c4<z>; HiZ drive
L_000001b9d2591500 .functor XOR 1, L_000001b9d253cdd0, o000001b9d24c2268, C4<0>, C4<0>;
L_000001b9d25917a0 .functor XOR 16, L_000001b9d253c8d0, L_000001b9d253b890, C4<0000000000000000>, C4<0000000000000000>;
L_000001b9d25919d0 .functor BUFZ 16, L_000001b9d253d370, C4<0000000000000000>, C4<0000000000000000>, C4<0000000000000000>;
L_000001b9d2590cb0 .functor BUFZ 16, v000001b9d2519ca0_0, C4<0000000000000000>, C4<0000000000000000>, C4<0000000000000000>;
L_000001b9d2591490 .functor BUFZ 16, L_000001b9d2592290, C4<0000000000000000>, C4<0000000000000000>, C4<0000000000000000>;
L_000001b9d2590d20 .functor XOR 17, L_000001b9d253d4b0, L_000001b9d253cb50, C4<00000000000000000>, C4<00000000000000000>;
L_000001b9d2591a40 .functor XOR 16, L_000001b9d253d410, L_000001b9d253b930, C4<0000000000000000>, C4<0000000000000000>;
L_000001b9d2591ff0 .functor BUFZ 16, L_000001b9d253d230, C4<0000000000000000>, C4<0000000000000000>, C4<0000000000000000>;
v000001b9d25117a0_0 .net "A", 15 0, o000001b9d24c21a8;  0 drivers
o000001b9d24c21d8 .functor BUFZ 1, c4<z>; HiZ drive
v000001b9d2511f20_0 .net "ACCUMCI", 0 0, o000001b9d24c21d8;  0 drivers
v000001b9d2512100_0 .net "ACCUMCO", 0 0, L_000001b9d253cdd0;  1 drivers
o000001b9d24c2238 .functor BUFZ 1, c4<z>; HiZ drive
v000001b9d2511a20_0 .net "ADDSUBBOT", 0 0, o000001b9d24c2238;  0 drivers
v000001b9d25122e0_0 .net "ADDSUBTOP", 0 0, o000001b9d24c2268;  0 drivers
o000001b9d24c2298 .functor BUFZ 1, c4<z>; HiZ drive
v000001b9d25129c0_0 .net "AHOLD", 0 0, o000001b9d24c2298;  0 drivers
v000001b9d2512b00_0 .net "Ah", 15 0, L_000001b9d25393b0;  1 drivers
v000001b9d2512420_0 .net "Al", 15 0, L_000001b9d253ba70;  1 drivers
v000001b9d25124c0_0 .net "B", 15 0, o000001b9d24c2328;  0 drivers
o000001b9d24c2358 .functor BUFZ 1, c4<z>; HiZ drive
v000001b9d25121a0_0 .net "BHOLD", 0 0, o000001b9d24c2358;  0 drivers
v000001b9d2511fc0_0 .net "Bh", 15 0, L_000001b9d253bed0;  1 drivers
v000001b9d2511b60_0 .net "Bl", 15 0, L_000001b9d253b750;  1 drivers
v000001b9d2511660_0 .net "C", 15 0, o000001b9d24c23e8;  0 drivers
o000001b9d24c2418 .functor BUFZ 1, c4<z>; HiZ drive
v000001b9d25118e0_0 .net "CE", 0 0, o000001b9d24c2418;  0 drivers
o000001b9d24c2448 .functor BUFZ 1, c4<z>; HiZ drive
v000001b9d2511ac0_0 .net "CHOLD", 0 0, o000001b9d24c2448;  0 drivers
o000001b9d24c2478 .functor BUFZ 1, c4<z>; HiZ drive
v000001b9d2511ca0_0 .net "CI", 0 0, o000001b9d24c2478;  0 drivers
v000001b9d2512240_0 .net "CLK", 0 0, o000001b9d24c24a8;  0 drivers
v000001b9d25126a0_0 .net "CO", 0 0, L_000001b9d2591500;  1 drivers
v000001b9d2511e80_0 .net "D", 15 0, o000001b9d24c2508;  0 drivers
o000001b9d24c2538 .functor BUFZ 1, c4<z>; HiZ drive
v000001b9d2511700_0 .net "DHOLD", 0 0, o000001b9d24c2538;  0 drivers
L_000001b9d2549348 .functor BUFT 1, C4<0>, C4<0>, C4<0>, C4<0>;
v000001b9d2511c00_0 .net "HCI", 0 0, L_000001b9d2549348;  1 drivers
o000001b9d24c2598 .functor BUFZ 1, c4<z>; HiZ drive
v000001b9d2512ba0_0 .net "IRSTBOT", 0 0, o000001b9d24c2598;  0 drivers
o000001b9d24c25c8 .functor BUFZ 1, c4<z>; HiZ drive
v000001b9d2511980_0 .net "IRSTTOP", 0 0, o000001b9d24c25c8;  0 drivers
L_000001b9d2549468 .functor BUFT 1, C4<0>, C4<0>, C4<0>, C4<0>;
v000001b9d2511840_0 .net "LCI", 0 0, L_000001b9d2549468;  1 drivers
v000001b9d2511d40_0 .net "LCO", 0 0, L_000001b9d253c010;  1 drivers
v000001b9d2511de0_0 .net "O", 31 0, L_000001b9d253b1b0;  1 drivers
o000001b9d24c2688 .functor BUFZ 1, c4<z>; HiZ drive
v000001b9d2512060_0 .net "OHOLDBOT", 0 0, o000001b9d24c2688;  0 drivers
o000001b9d24c26b8 .functor BUFZ 1, c4<z>; HiZ drive
v000001b9d2512c40_0 .net "OHOLDTOP", 0 0, o000001b9d24c26b8;  0 drivers
o000001b9d24c26e8 .functor BUFZ 1, c4<z>; HiZ drive
v000001b9d2512880_0 .net "OLOADBOT", 0 0, o000001b9d24c26e8;  0 drivers
o000001b9d24c2718 .functor BUFZ 1, c4<z>; HiZ drive
v000001b9d25115c0_0 .net "OLOADTOP", 0 0, o000001b9d24c2718;  0 drivers
o000001b9d24c2748 .functor BUFZ 1, c4<z>; HiZ drive
v000001b9d2512740_0 .net "ORSTBOT", 0 0, o000001b9d24c2748;  0 drivers
o000001b9d24c2778 .functor BUFZ 1, c4<z>; HiZ drive
v000001b9d2512380_0 .net "ORSTTOP", 0 0, o000001b9d24c2778;  0 drivers
v000001b9d2512560_0 .net "Oh", 15 0, L_000001b9d25919d0;  1 drivers
v000001b9d2512600_0 .net "Ol", 15 0, L_000001b9d2591ff0;  1 drivers
o000001b9d24c2808 .functor BUFZ 1, c4<z>; HiZ drive
v000001b9d25127e0_0 .net "SIGNEXTIN", 0 0, o000001b9d24c2808;  0 drivers
v000001b9d2512920_0 .net "SIGNEXTOUT", 0 0, L_000001b9d253c0b0;  1 drivers
v000001b9d2512a60_0 .net "XW", 15 0, L_000001b9d253c8d0;  1 drivers
v000001b9d2516b40_0 .net "YZ", 15 0, L_000001b9d253d410;  1 drivers
v000001b9d2516320_0 .net/2u *"_ivl_0", 0 0, L_000001b9d2548df0;  1 drivers
v000001b9d2517e00_0 .net *"_ivl_100", 31 0, L_000001b9d253d190;  1 drivers
L_000001b9d25491e0 .functor BUFT 1, C4<0000000000000000>, C4<0>, C4<0>, C4<0>;
v000001b9d2515e20_0 .net *"_ivl_103", 15 0, L_000001b9d25491e0;  1 drivers
v000001b9d2517220_0 .net *"_ivl_104", 31 0, L_000001b9d253cf10;  1 drivers
v000001b9d2515ba0_0 .net *"_ivl_106", 15 0, L_000001b9d253c1f0;  1 drivers
L_000001b9d2549228 .functor BUFT 1, C4<0000000000000000>, C4<0>, C4<0>, C4<0>;
v000001b9d2517900_0 .net *"_ivl_108", 15 0, L_000001b9d2549228;  1 drivers
L_000001b9d2548e38 .functor BUFT 1, C4<00000000>, C4<0>, C4<0>, C4<0>;
v000001b9d2517ae0_0 .net/2u *"_ivl_12", 7 0, L_000001b9d2548e38;  1 drivers
v000001b9d2517ea0_0 .net *"_ivl_121", 16 0, L_000001b9d253b9d0;  1 drivers
L_000001b9d2549270 .functor BUFT 1, C4<0>, C4<0>, C4<0>, C4<0>;
v000001b9d2517b80_0 .net *"_ivl_124", 0 0, L_000001b9d2549270;  1 drivers
v000001b9d2516500_0 .net *"_ivl_125", 16 0, L_000001b9d253c650;  1 drivers
L_000001b9d25492b8 .functor BUFT 1, C4<0>, C4<0>, C4<0>, C4<0>;
v000001b9d2516be0_0 .net *"_ivl_128", 0 0, L_000001b9d25492b8;  1 drivers
v000001b9d2517180_0 .net *"_ivl_130", 15 0, L_000001b9d253cab0;  1 drivers
v000001b9d2517860_0 .net *"_ivl_131", 16 0, L_000001b9d253b7f0;  1 drivers
L_000001b9d2549300 .functor BUFT 1, C4<0>, C4<0>, C4<0>, C4<0>;
v000001b9d2516000_0 .net *"_ivl_134", 0 0, L_000001b9d2549300;  1 drivers
v000001b9d2516c80_0 .net *"_ivl_135", 16 0, L_000001b9d2590a10;  1 drivers
v000001b9d2516e60_0 .net *"_ivl_137", 16 0, L_000001b9d253d050;  1 drivers
L_000001b9d2549978 .functor BUFT 1, C4<00000000000000000>, C4<0>, C4<0>, C4<0>;
v000001b9d2517c20_0 .net *"_ivl_139", 16 0, L_000001b9d2549978;  1 drivers
v000001b9d25179a0_0 .net *"_ivl_143", 16 0, L_000001b9d253b6b0;  1 drivers
v000001b9d2517f40_0 .net *"_ivl_148", 15 0, L_000001b9d253b890;  1 drivers
v000001b9d2515c40_0 .net *"_ivl_149", 15 0, L_000001b9d25917a0;  1 drivers
v000001b9d2515ec0_0 .net *"_ivl_15", 7 0, L_000001b9d2539090;  1 drivers
v000001b9d2515ce0_0 .net *"_ivl_168", 16 0, L_000001b9d253c790;  1 drivers
L_000001b9d2549390 .functor BUFT 1, C4<0>, C4<0>, C4<0>, C4<0>;
v000001b9d2517cc0_0 .net *"_ivl_171", 0 0, L_000001b9d2549390;  1 drivers
v000001b9d2515d80_0 .net *"_ivl_172", 16 0, L_000001b9d253d4b0;  1 drivers
L_000001b9d25493d8 .functor BUFT 1, C4<0>, C4<0>, C4<0>, C4<0>;
v000001b9d25157e0_0 .net *"_ivl_175", 0 0, L_000001b9d25493d8;  1 drivers
v000001b9d2515b00_0 .net *"_ivl_177", 15 0, L_000001b9d253bbb0;  1 drivers
v000001b9d25174a0_0 .net *"_ivl_178", 16 0, L_000001b9d253cb50;  1 drivers
L_000001b9d2548e80 .functor BUFT 1, C4<00000000>, C4<0>, C4<0>, C4<0>;
v000001b9d25160a0_0 .net/2u *"_ivl_18", 7 0, L_000001b9d2548e80;  1 drivers
L_000001b9d2549420 .functor BUFT 1, C4<0>, C4<0>, C4<0>, C4<0>;
v000001b9d2515880_0 .net *"_ivl_181", 0 0, L_000001b9d2549420;  1 drivers
v000001b9d2515f60_0 .net *"_ivl_182", 16 0, L_000001b9d2590d20;  1 drivers
v000001b9d25172c0_0 .net *"_ivl_184", 16 0, L_000001b9d253c290;  1 drivers
L_000001b9d25499c0 .functor BUFT 1, C4<00000000000000000>, C4<0>, C4<0>, C4<0>;
v000001b9d2515920_0 .net *"_ivl_186", 16 0, L_000001b9d25499c0;  1 drivers
v000001b9d2516d20_0 .net *"_ivl_190", 16 0, L_000001b9d253cfb0;  1 drivers
v000001b9d2516aa0_0 .net *"_ivl_193", 15 0, L_000001b9d253b930;  1 drivers
v000001b9d2516140_0 .net *"_ivl_194", 15 0, L_000001b9d2591a40;  1 drivers
v000001b9d2516280_0 .net *"_ivl_21", 7 0, L_000001b9d2539450;  1 drivers
L_000001b9d2548ec8 .functor BUFT 1, C4<00000000>, C4<0>, C4<0>, C4<0>;
v000001b9d2516640_0 .net/2u *"_ivl_24", 7 0, L_000001b9d2548ec8;  1 drivers
v000001b9d25161e0_0 .net *"_ivl_27", 7 0, L_000001b9d253b430;  1 drivers
L_000001b9d2548f10 .functor BUFT 1, C4<00000000>, C4<0>, C4<0>, C4<0>;
v000001b9d2516460_0 .net/2u *"_ivl_30", 7 0, L_000001b9d2548f10;  1 drivers
v000001b9d25163c0_0 .net *"_ivl_33", 7 0, L_000001b9d253c970;  1 drivers
L_000001b9d2548f58 .functor BUFT 1, C4<00000000>, C4<0>, C4<0>, C4<0>;
v000001b9d2517d60_0 .net/2u *"_ivl_38", 7 0, L_000001b9d2548f58;  1 drivers
v000001b9d25165a0_0 .net *"_ivl_41", 7 0, L_000001b9d253bb10;  1 drivers
v000001b9d2517720_0 .net *"_ivl_42", 15 0, L_000001b9d253b4d0;  1 drivers
L_000001b9d2548fa0 .functor BUFT 1, C4<00000000>, C4<0>, C4<0>, C4<0>;
v000001b9d2517360_0 .net/2u *"_ivl_46", 7 0, L_000001b9d2548fa0;  1 drivers
v000001b9d25166e0_0 .net *"_ivl_49", 7 0, L_000001b9d253be30;  1 drivers
v000001b9d2517040_0 .net *"_ivl_50", 15 0, L_000001b9d253c830;  1 drivers
L_000001b9d2548fe8 .functor BUFT 1, C4<00000000>, C4<0>, C4<0>, C4<0>;
v000001b9d2515a60_0 .net/2u *"_ivl_64", 7 0, L_000001b9d2548fe8;  1 drivers
L_000001b9d2549030 .functor BUFT 1, C4<00000000>, C4<0>, C4<0>, C4<0>;
v000001b9d25170e0_0 .net/2u *"_ivl_68", 7 0, L_000001b9d2549030;  1 drivers
v000001b9d2517400_0 .net *"_ivl_72", 31 0, L_000001b9d253d0f0;  1 drivers
L_000001b9d2549078 .functor BUFT 1, C4<0000000000000000>, C4<0>, C4<0>, C4<0>;
v000001b9d2516780_0 .net *"_ivl_75", 15 0, L_000001b9d2549078;  1 drivers
v000001b9d2516820_0 .net *"_ivl_76", 31 0, L_000001b9d253cbf0;  1 drivers
L_000001b9d25490c0 .functor BUFT 1, C4<00000000>, C4<0>, C4<0>, C4<0>;
v000001b9d25159c0_0 .net *"_ivl_79", 7 0, L_000001b9d25490c0;  1 drivers
v000001b9d25168c0_0 .net *"_ivl_80", 31 0, L_000001b9d253c6f0;  1 drivers
v000001b9d2516960_0 .net *"_ivl_82", 23 0, L_000001b9d253c150;  1 drivers
L_000001b9d2549108 .functor BUFT 1, C4<00000000>, C4<0>, C4<0>, C4<0>;
v000001b9d2516a00_0 .net *"_ivl_84", 7 0, L_000001b9d2549108;  1 drivers
v000001b9d2516dc0_0 .net *"_ivl_86", 31 0, L_000001b9d253ce70;  1 drivers
v000001b9d2516f00_0 .net *"_ivl_88", 31 0, L_000001b9d253c470;  1 drivers
L_000001b9d2549150 .functor BUFT 1, C4<00000000>, C4<0>, C4<0>, C4<0>;
v000001b9d2516fa0_0 .net *"_ivl_91", 7 0, L_000001b9d2549150;  1 drivers
v000001b9d2517540_0 .net *"_ivl_92", 31 0, L_000001b9d253c510;  1 drivers
v000001b9d25175e0_0 .net *"_ivl_94", 23 0, L_000001b9d253d2d0;  1 drivers
L_000001b9d2549198 .functor BUFT 1, C4<00000000>, C4<0>, C4<0>, C4<0>;
v000001b9d2517680_0 .net *"_ivl_96", 7 0, L_000001b9d2549198;  1 drivers
v000001b9d25177c0_0 .net *"_ivl_98", 31 0, L_000001b9d253c5b0;  1 drivers
v000001b9d2517a40_0 .net "clock", 0 0, L_000001b9d22400b0;  1 drivers
v000001b9d251a600_0 .net "iA", 15 0, L_000001b9d25913b0;  1 drivers
v000001b9d2519160_0 .net "iB", 15 0, L_000001b9d2592290;  1 drivers
v000001b9d25188a0_0 .net "iC", 15 0, L_000001b9d2240270;  1 drivers
v000001b9d25181c0_0 .net "iD", 15 0, L_000001b9d2591c00;  1 drivers
v000001b9d251a4c0_0 .net "iF", 15 0, L_000001b9d2591e30;  1 drivers
v000001b9d2518580_0 .net "iG", 15 0, L_000001b9d2590af0;  1 drivers
v000001b9d2518c60_0 .net "iH", 31 0, L_000001b9d2590f50;  1 drivers
v000001b9d25190c0_0 .net "iJ", 15 0, L_000001b9d25912d0;  1 drivers
v000001b9d25198e0_0 .net "iJ_e", 23 0, L_000001b9d253b110;  1 drivers
v000001b9d2519ac0_0 .net "iK", 15 0, L_000001b9d2591ea0;  1 drivers
v000001b9d2519700_0 .net "iK_e", 23 0, L_000001b9d253b570;  1 drivers
v000001b9d25193e0_0 .net "iL", 31 0, L_000001b9d253b610;  1 drivers
v000001b9d25197a0_0 .net "iP", 15 0, L_000001b9d253d370;  1 drivers
v000001b9d2518300_0 .net "iQ", 15 0, v000001b9d25183a0_0;  1 drivers
v000001b9d2519020_0 .net "iR", 15 0, L_000001b9d253d230;  1 drivers
v000001b9d2519480_0 .net "iS", 15 0, v000001b9d2519ca0_0;  1 drivers
v000001b9d2519c00_0 .net "iW", 15 0, L_000001b9d25921b0;  1 drivers
v000001b9d2519840_0 .net "iX", 15 0, L_000001b9d2592530;  1 drivers
v000001b9d251a2e0_0 .net "iY", 15 0, L_000001b9d2590cb0;  1 drivers
v000001b9d2518d00_0 .net "iZ", 15 0, L_000001b9d2591490;  1 drivers
v000001b9d2519200_0 .net "p_Ah_Bh", 15 0, L_000001b9d253cd30;  1 drivers
v000001b9d2518080_0 .net "p_Ah_Bl", 15 0, L_000001b9d253d550;  1 drivers
v000001b9d2519520_0 .net "p_Al_Bh", 15 0, L_000001b9d253bd90;  1 drivers
v000001b9d2517fe0_0 .net "p_Al_Bl", 15 0, L_000001b9d253ca10;  1 drivers
v000001b9d25186c0_0 .var "rA", 15 0;
v000001b9d2518760_0 .var "rB", 15 0;
v000001b9d2519a20_0 .var "rC", 15 0;
v000001b9d2518da0_0 .var "rD", 15 0;
v000001b9d2519b60_0 .var "rF", 15 0;
v000001b9d251a560_0 .var "rG", 15 0;
v000001b9d251a100_0 .var "rH", 31 0;
v000001b9d2518a80_0 .var "rJ", 15 0;
v000001b9d25195c0_0 .var "rK", 15 0;
v000001b9d25183a0_0 .var "rQ", 15 0;
v000001b9d2519ca0_0 .var "rS", 15 0;
E_000001b9d2481830 .event posedge, v000001b9d2512740_0, v000001b9d2517a40_0;
E_000001b9d2481730 .event posedge, v000001b9d2512380_0, v000001b9d2517a40_0;
E_000001b9d24815b0 .event posedge, v000001b9d2512ba0_0, v000001b9d2517a40_0;
E_000001b9d2481770 .event posedge, v000001b9d2511980_0, v000001b9d2517a40_0;
L_000001b9d2539090 .part L_000001b9d25913b0, 8, 8;
L_000001b9d25393b0 .concat [ 8 8 0 0], L_000001b9d2539090, L_000001b9d2548e38;
L_000001b9d2539450 .part L_000001b9d25913b0, 0, 8;
L_000001b9d253ba70 .concat [ 8 8 0 0], L_000001b9d2539450, L_000001b9d2548e80;
L_000001b9d253b430 .part L_000001b9d2592290, 8, 8;
L_000001b9d253bed0 .concat [ 8 8 0 0], L_000001b9d253b430, L_000001b9d2548ec8;
L_000001b9d253c970 .part L_000001b9d2592290, 0, 8;
L_000001b9d253b750 .concat [ 8 8 0 0], L_000001b9d253c970, L_000001b9d2548f10;
L_000001b9d253cd30 .arith/mult 16, L_000001b9d25393b0, L_000001b9d253bed0;
L_000001b9d253bb10 .part L_000001b9d253ba70, 0, 8;
L_000001b9d253b4d0 .concat [ 8 8 0 0], L_000001b9d253bb10, L_000001b9d2548f58;
L_000001b9d253bd90 .arith/mult 16, L_000001b9d253b4d0, L_000001b9d253bed0;
L_000001b9d253be30 .part L_000001b9d253b750, 0, 8;
L_000001b9d253c830 .concat [ 8 8 0 0], L_000001b9d253be30, L_000001b9d2548fa0;
L_000001b9d253d550 .arith/mult 16, L_000001b9d25393b0, L_000001b9d253c830;
L_000001b9d253ca10 .arith/mult 16, L_000001b9d253ba70, L_000001b9d253b750;
L_000001b9d253b570 .concat [ 16 8 0 0], L_000001b9d2591ea0, L_000001b9d2548fe8;
L_000001b9d253b110 .concat [ 16 8 0 0], L_000001b9d25912d0, L_000001b9d2549030;
L_000001b9d253d0f0 .concat [ 16 16 0 0], L_000001b9d2590af0, L_000001b9d2549078;
L_000001b9d253cbf0 .concat [ 24 8 0 0], L_000001b9d253b570, L_000001b9d25490c0;
L_000001b9d253c150 .part L_000001b9d253cbf0, 0, 24;
L_000001b9d253c6f0 .concat [ 8 24 0 0], L_000001b9d2549108, L_000001b9d253c150;
L_000001b9d253ce70 .arith/sum 32, L_000001b9d253d0f0, L_000001b9d253c6f0;
L_000001b9d253c470 .concat [ 24 8 0 0], L_000001b9d253b110, L_000001b9d2549150;
L_000001b9d253d2d0 .part L_000001b9d253c470, 0, 24;
L_000001b9d253c510 .concat [ 8 24 0 0], L_000001b9d2549198, L_000001b9d253d2d0;
L_000001b9d253c5b0 .arith/sum 32, L_000001b9d253ce70, L_000001b9d253c510;
L_000001b9d253d190 .concat [ 16 16 0 0], L_000001b9d2591e30, L_000001b9d25491e0;
L_000001b9d253c1f0 .part L_000001b9d253d190, 0, 16;
L_000001b9d253cf10 .concat [ 16 16 0 0], L_000001b9d2549228, L_000001b9d253c1f0;
L_000001b9d253b610 .arith/sum 32, L_000001b9d253c5b0, L_000001b9d253cf10;
L_000001b9d253cdd0 .part L_000001b9d253b6b0, 16, 1;
L_000001b9d253c8d0 .part L_000001b9d253b6b0, 0, 16;
L_000001b9d253b9d0 .concat [ 16 1 0 0], L_000001b9d2592530, L_000001b9d2549270;
L_000001b9d253c650 .concat [ 16 1 0 0], L_000001b9d25921b0, L_000001b9d25492b8;
L_000001b9d253cab0 .repeat 16, 16, o000001b9d24c2268;
L_000001b9d253b7f0 .concat [ 16 1 0 0], L_000001b9d253cab0, L_000001b9d2549300;
L_000001b9d253d050 .arith/sum 17, L_000001b9d253b9d0, L_000001b9d2590a10;
L_000001b9d253b6b0 .arith/sum 17, L_000001b9d253d050, L_000001b9d2549978;
L_000001b9d253b890 .repeat 16, 16, o000001b9d24c2268;
L_000001b9d253d370 .functor MUXZ 16, L_000001b9d25917a0, L_000001b9d2240270, o000001b9d24c2718, C4<>;
L_000001b9d253c0b0 .part L_000001b9d2592530, 15, 1;
L_000001b9d253c010 .part L_000001b9d253cfb0, 16, 1;
L_000001b9d253d410 .part L_000001b9d253cfb0, 0, 16;
L_000001b9d253c790 .concat [ 16 1 0 0], L_000001b9d2591490, L_000001b9d2549390;
L_000001b9d253d4b0 .concat [ 16 1 0 0], L_000001b9d2590cb0, L_000001b9d25493d8;
L_000001b9d253bbb0 .repeat 16, 16, o000001b9d24c2238;
L_000001b9d253cb50 .concat [ 16 1 0 0], L_000001b9d253bbb0, L_000001b9d2549420;
L_000001b9d253c290 .arith/sum 17, L_000001b9d253c790, L_000001b9d2590d20;
L_000001b9d253cfb0 .arith/sum 17, L_000001b9d253c290, L_000001b9d25499c0;
L_000001b9d253b930 .repeat 16, 16, o000001b9d24c2238;
L_000001b9d253d230 .functor MUXZ 16, L_000001b9d2591a40, L_000001b9d2591c00, o000001b9d24c26e8, C4<>;
L_000001b9d253b1b0 .concat [ 16 16 0 0], L_000001b9d2591ff0, L_000001b9d25919d0;
S_000001b9d24a8940 .scope module, "SB_PLL40_2F_CORE" "SB_PLL40_2F_CORE" 3 2521;
 .timescale -12 -12;
    .port_info 0 /INPUT 1 "REFERENCECLK";
    .port_info 1 /OUTPUT 1 "PLLOUTCOREA";
    .port_info 2 /OUTPUT 1 "PLLOUTGLOBALA";
    .port_info 3 /OUTPUT 1 "PLLOUTCOREB";
    .port_info 4 /OUTPUT 1 "PLLOUTGLOBALB";
    .port_info 5 /INPUT 1 "EXTFEEDBACK";
    .port_info 6 /INPUT 8 "DYNAMICDELAY";
    .port_info 7 /OUTPUT 1 "LOCK";
    .port_info 8 /INPUT 1 "BYPASS";
    .port_info 9 /INPUT 1 "RESETB";
    .port_info 10 /INPUT 1 "LATCHINPUTVALUE";
    .port_info 11 /OUTPUT 1 "SDO";
    .port_info 12 /INPUT 1 "SDI";
    .port_info 13 /INPUT 1 "SCLK";
P_000001b9d21cb830 .param/str "DELAY_ADJUSTMENT_MODE_FEEDBACK" 0 3 2538, "FIXED";
P_000001b9d21cb868 .param/str "DELAY_ADJUSTMENT_MODE_RELATIVE" 0 3 2539, "FIXED";
P_000001b9d21cb8a0 .param/l "DIVF" 0 3 2546, C4<0000000>;
P_000001b9d21cb8d8 .param/l "DIVQ" 0 3 2547, C4<000>;
P_000001b9d21cb910 .param/l "DIVR" 0 3 2545, C4<0000>;
P_000001b9d21cb948 .param/l "ENABLE_ICEGATE_PORTA" 0 3 2549, C4<0>;
P_000001b9d21cb980 .param/l "ENABLE_ICEGATE_PORTB" 0 3 2550, C4<0>;
P_000001b9d21cb9b8 .param/l "EXTERNAL_DIVIDE_FACTOR" 0 3 2552, +C4<00000000000000000000000000000001>;
P_000001b9d21cb9f0 .param/l "FDA_FEEDBACK" 0 3 2541, C4<0000>;
P_000001b9d21cba28 .param/l "FDA_RELATIVE" 0 3 2542, C4<0000>;
P_000001b9d21cba60 .param/str "FEEDBACK_PATH" 0 3 2537, "SIMPLE";
P_000001b9d21cba98 .param/l "FILTER_RANGE" 0 3 2548, C4<000>;
P_000001b9d21cbad0 .param/str "PLLOUT_SELECT_PORTA" 0 3 2543, "GENCLK";
P_000001b9d21cbb08 .param/str "PLLOUT_SELECT_PORTB" 0 3 2544, "GENCLK";
P_000001b9d21cbb40 .param/l "SHIFTREG_DIV_MODE" 0 3 2540, C4<0>;
P_000001b9d21cbb78 .param/l "TEST_MODE" 0 3 2551, C4<0>;
o000001b9d24c4038 .functor BUFZ 1, c4<z>; HiZ drive
v000001b9d25192a0_0 .net "BYPASS", 0 0, o000001b9d24c4038;  0 drivers
o000001b9d24c4068 .functor BUFZ 8, c4<zzzzzzzz>; HiZ drive
v000001b9d251a6a0_0 .net "DYNAMICDELAY", 7 0, o000001b9d24c4068;  0 drivers
o000001b9d24c4098 .functor BUFZ 1, c4<z>; HiZ drive
v000001b9d2519660_0 .net "EXTFEEDBACK", 0 0, o000001b9d24c4098;  0 drivers
o000001b9d24c40c8 .functor BUFZ 1, c4<z>; HiZ drive
v000001b9d251a380_0 .net "LATCHINPUTVALUE", 0 0, o000001b9d24c40c8;  0 drivers
o000001b9d24c40f8 .functor BUFZ 1, c4<z>; HiZ drive
v000001b9d251a740_0 .net "LOCK", 0 0, o000001b9d24c40f8;  0 drivers
o000001b9d24c4128 .functor BUFZ 1, c4<z>; HiZ drive
v000001b9d2519d40_0 .net "PLLOUTCOREA", 0 0, o000001b9d24c4128;  0 drivers
o000001b9d24c4158 .functor BUFZ 1, c4<z>; HiZ drive
v000001b9d251a1a0_0 .net "PLLOUTCOREB", 0 0, o000001b9d24c4158;  0 drivers
o000001b9d24c4188 .functor BUFZ 1, c4<z>; HiZ drive
v000001b9d2519de0_0 .net "PLLOUTGLOBALA", 0 0, o000001b9d24c4188;  0 drivers
o000001b9d24c41b8 .functor BUFZ 1, c4<z>; HiZ drive
v000001b9d2519980_0 .net "PLLOUTGLOBALB", 0 0, o000001b9d24c41b8;  0 drivers
o000001b9d24c41e8 .functor BUFZ 1, c4<z>; HiZ drive
v000001b9d2518e40_0 .net "REFERENCECLK", 0 0, o000001b9d24c41e8;  0 drivers
o000001b9d24c4218 .functor BUFZ 1, c4<z>; HiZ drive
v000001b9d2519340_0 .net "RESETB", 0 0, o000001b9d24c4218;  0 drivers
o000001b9d24c4248 .functor BUFZ 1, c4<z>; HiZ drive
v000001b9d251a060_0 .net "SCLK", 0 0, o000001b9d24c4248;  0 drivers
o000001b9d24c4278 .functor BUFZ 1, c4<z>; HiZ drive
v000001b9d2518120_0 .net "SDI", 0 0, o000001b9d24c4278;  0 drivers
o000001b9d24c42a8 .functor BUFZ 1, c4<z>; HiZ drive
v000001b9d2518260_0 .net "SDO", 0 0, o000001b9d24c42a8;  0 drivers
S_000001b9d24a8ad0 .scope module, "SB_PLL40_2F_PAD" "SB_PLL40_2F_PAD" 3 2556;
 .timescale -12 -12;
    .port_info 0 /INPUT 1 "PACKAGEPIN";
    .port_info 1 /OUTPUT 1 "PLLOUTCOREA";
    .port_info 2 /OUTPUT 1 "PLLOUTGLOBALA";
    .port_info 3 /OUTPUT 1 "PLLOUTCOREB";
    .port_info 4 /OUTPUT 1 "PLLOUTGLOBALB";
    .port_info 5 /INPUT 1 "EXTFEEDBACK";
    .port_info 6 /INPUT 8 "DYNAMICDELAY";
    .port_info 7 /OUTPUT 1 "LOCK";
    .port_info 8 /INPUT 1 "BYPASS";
    .port_info 9 /INPUT 1 "RESETB";
    .port_info 10 /INPUT 1 "LATCHINPUTVALUE";
    .port_info 11 /OUTPUT 1 "SDO";
    .port_info 12 /INPUT 1 "SDI";
    .port_info 13 /INPUT 1 "SCLK";
P_000001b9d21c0fe0 .param/str "DELAY_ADJUSTMENT_MODE_FEEDBACK" 0 3 2573, "FIXED";
P_000001b9d21c1018 .param/str "DELAY_ADJUSTMENT_MODE_RELATIVE" 0 3 2574, "FIXED";
P_000001b9d21c1050 .param/l "DIVF" 0 3 2581, C4<0000000>;
P_000001b9d21c1088 .param/l "DIVQ" 0 3 2582, C4<000>;
P_000001b9d21c10c0 .param/l "DIVR" 0 3 2580, C4<0000>;
P_000001b9d21c10f8 .param/l "ENABLE_ICEGATE_PORTA" 0 3 2584, C4<0>;
P_000001b9d21c1130 .param/l "ENABLE_ICEGATE_PORTB" 0 3 2585, C4<0>;
P_000001b9d21c1168 .param/l "EXTERNAL_DIVIDE_FACTOR" 0 3 2587, +C4<00000000000000000000000000000001>;
P_000001b9d21c11a0 .param/l "FDA_FEEDBACK" 0 3 2576, C4<0000>;
P_000001b9d21c11d8 .param/l "FDA_RELATIVE" 0 3 2577, C4<0000>;
P_000001b9d21c1210 .param/str "FEEDBACK_PATH" 0 3 2572, "SIMPLE";
P_000001b9d21c1248 .param/l "FILTER_RANGE" 0 3 2583, C4<000>;
P_000001b9d21c1280 .param/str "PLLOUT_SELECT_PORTA" 0 3 2578, "GENCLK";
P_000001b9d21c12b8 .param/str "PLLOUT_SELECT_PORTB" 0 3 2579, "GENCLK";
P_000001b9d21c12f0 .param/l "SHIFTREG_DIV_MODE" 0 3 2575, C4<00>;
P_000001b9d21c1328 .param/l "TEST_MODE" 0 3 2586, C4<0>;
o000001b9d24c4578 .functor BUFZ 1, c4<z>; HiZ drive
v000001b9d2518440_0 .net "BYPASS", 0 0, o000001b9d24c4578;  0 drivers
o000001b9d24c45a8 .functor BUFZ 8, c4<zzzzzzzz>; HiZ drive
v000001b9d2519e80_0 .net "DYNAMICDELAY", 7 0, o000001b9d24c45a8;  0 drivers
o000001b9d24c45d8 .functor BUFZ 1, c4<z>; HiZ drive
v000001b9d2518ee0_0 .net "EXTFEEDBACK", 0 0, o000001b9d24c45d8;  0 drivers
o000001b9d24c4608 .functor BUFZ 1, c4<z>; HiZ drive
v000001b9d2519f20_0 .net "LATCHINPUTVALUE", 0 0, o000001b9d24c4608;  0 drivers
o000001b9d24c4638 .functor BUFZ 1, c4<z>; HiZ drive
v000001b9d2519fc0_0 .net "LOCK", 0 0, o000001b9d24c4638;  0 drivers
o000001b9d24c4668 .functor BUFZ 1, c4<z>; HiZ drive
v000001b9d2518800_0 .net "PACKAGEPIN", 0 0, o000001b9d24c4668;  0 drivers
o000001b9d24c4698 .functor BUFZ 1, c4<z>; HiZ drive
v000001b9d25184e0_0 .net "PLLOUTCOREA", 0 0, o000001b9d24c4698;  0 drivers
o000001b9d24c46c8 .functor BUFZ 1, c4<z>; HiZ drive
v000001b9d2518940_0 .net "PLLOUTCOREB", 0 0, o000001b9d24c46c8;  0 drivers
o000001b9d24c46f8 .functor BUFZ 1, c4<z>; HiZ drive
v000001b9d2518f80_0 .net "PLLOUTGLOBALA", 0 0, o000001b9d24c46f8;  0 drivers
o000001b9d24c4728 .functor BUFZ 1, c4<z>; HiZ drive
v000001b9d25189e0_0 .net "PLLOUTGLOBALB", 0 0, o000001b9d24c4728;  0 drivers
o000001b9d24c4758 .functor BUFZ 1, c4<z>; HiZ drive
v000001b9d251a240_0 .net "RESETB", 0 0, o000001b9d24c4758;  0 drivers
o000001b9d24c4788 .functor BUFZ 1, c4<z>; HiZ drive
v000001b9d251a420_0 .net "SCLK", 0 0, o000001b9d24c4788;  0 drivers
o000001b9d24c47b8 .functor BUFZ 1, c4<z>; HiZ drive
v000001b9d2518b20_0 .net "SDI", 0 0, o000001b9d24c47b8;  0 drivers
o000001b9d24c47e8 .functor BUFZ 1, c4<z>; HiZ drive
v000001b9d2518620_0 .net "SDO", 0 0, o000001b9d24c47e8;  0 drivers
S_000001b9d24a71d0 .scope module, "SB_PLL40_2_PAD" "SB_PLL40_2_PAD" 3 2487;
 .timescale -12 -12;
    .port_info 0 /INPUT 1 "PACKAGEPIN";
    .port_info 1 /OUTPUT 1 "PLLOUTCOREA";
    .port_info 2 /OUTPUT 1 "PLLOUTGLOBALA";
    .port_info 3 /OUTPUT 1 "PLLOUTCOREB";
    .port_info 4 /OUTPUT 1 "PLLOUTGLOBALB";
    .port_info 5 /INPUT 1 "EXTFEEDBACK";
    .port_info 6 /INPUT 8 "DYNAMICDELAY";
    .port_info 7 /OUTPUT 1 "LOCK";
    .port_info 8 /INPUT 1 "BYPASS";
    .port_info 9 /INPUT 1 "RESETB";
    .port_info 10 /INPUT 1 "LATCHINPUTVALUE";
    .port_info 11 /OUTPUT 1 "SDO";
    .port_info 12 /INPUT 1 "SDI";
    .port_info 13 /INPUT 1 "SCLK";
P_000001b9d21bf450 .param/str "DELAY_ADJUSTMENT_MODE_FEEDBACK" 0 3 2504, "FIXED";
P_000001b9d21bf488 .param/str "DELAY_ADJUSTMENT_MODE_RELATIVE" 0 3 2505, "FIXED";
P_000001b9d21bf4c0 .param/l "DIVF" 0 3 2511, C4<0000000>;
P_000001b9d21bf4f8 .param/l "DIVQ" 0 3 2512, C4<000>;
P_000001b9d21bf530 .param/l "DIVR" 0 3 2510, C4<0000>;
P_000001b9d21bf568 .param/l "ENABLE_ICEGATE_PORTA" 0 3 2514, C4<0>;
P_000001b9d21bf5a0 .param/l "ENABLE_ICEGATE_PORTB" 0 3 2515, C4<0>;
P_000001b9d21bf5d8 .param/l "EXTERNAL_DIVIDE_FACTOR" 0 3 2517, +C4<00000000000000000000000000000001>;
P_000001b9d21bf610 .param/l "FDA_FEEDBACK" 0 3 2507, C4<0000>;
P_000001b9d21bf648 .param/l "FDA_RELATIVE" 0 3 2508, C4<0000>;
P_000001b9d21bf680 .param/str "FEEDBACK_PATH" 0 3 2503, "SIMPLE";
P_000001b9d21bf6b8 .param/l "FILTER_RANGE" 0 3 2513, C4<000>;
P_000001b9d21bf6f0 .param/str "PLLOUT_SELECT_PORTB" 0 3 2509, "GENCLK";
P_000001b9d21bf728 .param/l "SHIFTREG_DIV_MODE" 0 3 2506, C4<0>;
P_000001b9d21bf760 .param/l "TEST_MODE" 0 3 2516, C4<0>;
o000001b9d24c4ab8 .functor BUFZ 1, c4<z>; HiZ drive
v000001b9d2518bc0_0 .net "BYPASS", 0 0, o000001b9d24c4ab8;  0 drivers
o000001b9d24c4ae8 .functor BUFZ 8, c4<zzzzzzzz>; HiZ drive
v000001b9d251ad80_0 .net "DYNAMICDELAY", 7 0, o000001b9d24c4ae8;  0 drivers
o000001b9d24c4b18 .functor BUFZ 1, c4<z>; HiZ drive
v000001b9d251a880_0 .net "EXTFEEDBACK", 0 0, o000001b9d24c4b18;  0 drivers
o000001b9d24c4b48 .functor BUFZ 1, c4<z>; HiZ drive
v000001b9d251ace0_0 .net "LATCHINPUTVALUE", 0 0, o000001b9d24c4b48;  0 drivers
o000001b9d24c4b78 .functor BUFZ 1, c4<z>; HiZ drive
v000001b9d251ab00_0 .net "LOCK", 0 0, o000001b9d24c4b78;  0 drivers
o000001b9d24c4ba8 .functor BUFZ 1, c4<z>; HiZ drive
v000001b9d251aba0_0 .net "PACKAGEPIN", 0 0, o000001b9d24c4ba8;  0 drivers
o000001b9d24c4bd8 .functor BUFZ 1, c4<z>; HiZ drive
v000001b9d251a7e0_0 .net "PLLOUTCOREA", 0 0, o000001b9d24c4bd8;  0 drivers
o000001b9d24c4c08 .functor BUFZ 1, c4<z>; HiZ drive
v000001b9d251ac40_0 .net "PLLOUTCOREB", 0 0, o000001b9d24c4c08;  0 drivers
o000001b9d24c4c38 .functor BUFZ 1, c4<z>; HiZ drive
v000001b9d251a920_0 .net "PLLOUTGLOBALA", 0 0, o000001b9d24c4c38;  0 drivers
o000001b9d24c4c68 .functor BUFZ 1, c4<z>; HiZ drive
v000001b9d251a9c0_0 .net "PLLOUTGLOBALB", 0 0, o000001b9d24c4c68;  0 drivers
o000001b9d24c4c98 .functor BUFZ 1, c4<z>; HiZ drive
v000001b9d251ae20_0 .net "RESETB", 0 0, o000001b9d24c4c98;  0 drivers
o000001b9d24c4cc8 .functor BUFZ 1, c4<z>; HiZ drive
v000001b9d251aec0_0 .net "SCLK", 0 0, o000001b9d24c4cc8;  0 drivers
o000001b9d24c4cf8 .functor BUFZ 1, c4<z>; HiZ drive
v000001b9d251aa60_0 .net "SDI", 0 0, o000001b9d24c4cf8;  0 drivers
o000001b9d24c4d28 .functor BUFZ 1, c4<z>; HiZ drive
v000001b9d2513f80_0 .net "SDO", 0 0, o000001b9d24c4d28;  0 drivers
S_000001b9d24a7360 .scope module, "SB_PLL40_CORE" "SB_PLL40_CORE" 3 2425;
 .timescale -12 -12;
    .port_info 0 /INPUT 1 "REFERENCECLK";
    .port_info 1 /OUTPUT 1 "PLLOUTCORE";
    .port_info 2 /OUTPUT 1 "PLLOUTGLOBAL";
    .port_info 3 /INPUT 1 "EXTFEEDBACK";
    .port_info 4 /INPUT 8 "DYNAMICDELAY";
    .port_info 5 /OUTPUT 1 "LOCK";
    .port_info 6 /INPUT 1 "BYPASS";
    .port_info 7 /INPUT 1 "RESETB";
    .port_info 8 /INPUT 1 "LATCHINPUTVALUE";
    .port_info 9 /OUTPUT 1 "SDO";
    .port_info 10 /INPUT 1 "SDI";
    .port_info 11 /INPUT 1 "SCLK";
P_000001b9d21beed0 .param/str "DELAY_ADJUSTMENT_MODE_FEEDBACK" 0 3 2440, "FIXED";
P_000001b9d21bef08 .param/str "DELAY_ADJUSTMENT_MODE_RELATIVE" 0 3 2441, "FIXED";
P_000001b9d21bef40 .param/l "DIVF" 0 3 2447, C4<0000000>;
P_000001b9d21bef78 .param/l "DIVQ" 0 3 2448, C4<000>;
P_000001b9d21befb0 .param/l "DIVR" 0 3 2446, C4<0000>;
P_000001b9d21befe8 .param/l "ENABLE_ICEGATE" 0 3 2450, C4<0>;
P_000001b9d21bf020 .param/l "EXTERNAL_DIVIDE_FACTOR" 0 3 2452, +C4<00000000000000000000000000000001>;
P_000001b9d21bf058 .param/l "FDA_FEEDBACK" 0 3 2443, C4<0000>;
P_000001b9d21bf090 .param/l "FDA_RELATIVE" 0 3 2444, C4<0000>;
P_000001b9d21bf0c8 .param/str "FEEDBACK_PATH" 0 3 2439, "SIMPLE";
P_000001b9d21bf100 .param/l "FILTER_RANGE" 0 3 2449, C4<000>;
P_000001b9d21bf138 .param/str "PLLOUT_SELECT" 0 3 2445, "GENCLK";
P_000001b9d21bf170 .param/l "SHIFTREG_DIV_MODE" 0 3 2442, C4<0>;
P_000001b9d21bf1a8 .param/l "TEST_MODE" 0 3 2451, C4<0>;
o000001b9d24c4ff8 .functor BUFZ 1, c4<z>; HiZ drive
v000001b9d2513e40_0 .net "BYPASS", 0 0, o000001b9d24c4ff8;  0 drivers
o000001b9d24c5028 .functor BUFZ 8, c4<zzzzzzzz>; HiZ drive
v000001b9d2515600_0 .net "DYNAMICDELAY", 7 0, o000001b9d24c5028;  0 drivers
o000001b9d24c5058 .functor BUFZ 1, c4<z>; HiZ drive
v000001b9d2514de0_0 .net "EXTFEEDBACK", 0 0, o000001b9d24c5058;  0 drivers
o000001b9d24c5088 .functor BUFZ 1, c4<z>; HiZ drive
v000001b9d2513760_0 .net "LATCHINPUTVALUE", 0 0, o000001b9d24c5088;  0 drivers
o000001b9d24c50b8 .functor BUFZ 1, c4<z>; HiZ drive
v000001b9d25131c0_0 .net "LOCK", 0 0, o000001b9d24c50b8;  0 drivers
o000001b9d24c50e8 .functor BUFZ 1, c4<z>; HiZ drive
v000001b9d25154c0_0 .net "PLLOUTCORE", 0 0, o000001b9d24c50e8;  0 drivers
o000001b9d24c5118 .functor BUFZ 1, c4<z>; HiZ drive
v000001b9d2514160_0 .net "PLLOUTGLOBAL", 0 0, o000001b9d24c5118;  0 drivers
o000001b9d24c5148 .functor BUFZ 1, c4<z>; HiZ drive
v000001b9d2515380_0 .net "REFERENCECLK", 0 0, o000001b9d24c5148;  0 drivers
o000001b9d24c5178 .functor BUFZ 1, c4<z>; HiZ drive
v000001b9d2513c60_0 .net "RESETB", 0 0, o000001b9d24c5178;  0 drivers
o000001b9d24c51a8 .functor BUFZ 1, c4<z>; HiZ drive
v000001b9d25140c0_0 .net "SCLK", 0 0, o000001b9d24c51a8;  0 drivers
o000001b9d24c51d8 .functor BUFZ 1, c4<z>; HiZ drive
v000001b9d2514700_0 .net "SDI", 0 0, o000001b9d24c51d8;  0 drivers
o000001b9d24c5208 .functor BUFZ 1, c4<z>; HiZ drive
v000001b9d2514c00_0 .net "SDO", 0 0, o000001b9d24c5208;  0 drivers
S_000001b9d24a7b30 .scope module, "SB_PLL40_PAD" "SB_PLL40_PAD" 3 2456;
 .timescale -12 -12;
    .port_info 0 /INPUT 1 "PACKAGEPIN";
    .port_info 1 /OUTPUT 1 "PLLOUTCORE";
    .port_info 2 /OUTPUT 1 "PLLOUTGLOBAL";
    .port_info 3 /INPUT 1 "EXTFEEDBACK";
    .port_info 4 /INPUT 8 "DYNAMICDELAY";
    .port_info 5 /OUTPUT 1 "LOCK";
    .port_info 6 /INPUT 1 "BYPASS";
    .port_info 7 /INPUT 1 "RESETB";
    .port_info 8 /INPUT 1 "LATCHINPUTVALUE";
    .port_info 9 /OUTPUT 1 "SDO";
    .port_info 10 /INPUT 1 "SDI";
    .port_info 11 /INPUT 1 "SCLK";
P_000001b9d2176780 .param/str "DELAY_ADJUSTMENT_MODE_FEEDBACK" 0 3 2471, "FIXED";
P_000001b9d21767b8 .param/str "DELAY_ADJUSTMENT_MODE_RELATIVE" 0 3 2472, "FIXED";
P_000001b9d21767f0 .param/l "DIVF" 0 3 2478, C4<0000000>;
P_000001b9d2176828 .param/l "DIVQ" 0 3 2479, C4<000>;
P_000001b9d2176860 .param/l "DIVR" 0 3 2477, C4<0000>;
P_000001b9d2176898 .param/l "ENABLE_ICEGATE" 0 3 2481, C4<0>;
P_000001b9d21768d0 .param/l "EXTERNAL_DIVIDE_FACTOR" 0 3 2483, +C4<00000000000000000000000000000001>;
P_000001b9d2176908 .param/l "FDA_FEEDBACK" 0 3 2474, C4<0000>;
P_000001b9d2176940 .param/l "FDA_RELATIVE" 0 3 2475, C4<0000>;
P_000001b9d2176978 .param/str "FEEDBACK_PATH" 0 3 2470, "SIMPLE";
P_000001b9d21769b0 .param/l "FILTER_RANGE" 0 3 2480, C4<000>;
P_000001b9d21769e8 .param/str "PLLOUT_SELECT" 0 3 2476, "GENCLK";
P_000001b9d2176a20 .param/l "SHIFTREG_DIV_MODE" 0 3 2473, C4<0>;
P_000001b9d2176a58 .param/l "TEST_MODE" 0 3 2482, C4<0>;
o000001b9d24c5478 .functor BUFZ 1, c4<z>; HiZ drive
v000001b9d2513940_0 .net "BYPASS", 0 0, o000001b9d24c5478;  0 drivers
o000001b9d24c54a8 .functor BUFZ 8, c4<zzzzzzzz>; HiZ drive
v000001b9d2514200_0 .net "DYNAMICDELAY", 7 0, o000001b9d24c54a8;  0 drivers
o000001b9d24c54d8 .functor BUFZ 1, c4<z>; HiZ drive
v000001b9d25136c0_0 .net "EXTFEEDBACK", 0 0, o000001b9d24c54d8;  0 drivers
o000001b9d24c5508 .functor BUFZ 1, c4<z>; HiZ drive
v000001b9d25142a0_0 .net "LATCHINPUTVALUE", 0 0, o000001b9d24c5508;  0 drivers
o000001b9d24c5538 .functor BUFZ 1, c4<z>; HiZ drive
v000001b9d2513b20_0 .net "LOCK", 0 0, o000001b9d24c5538;  0 drivers
o000001b9d24c5568 .functor BUFZ 1, c4<z>; HiZ drive
v000001b9d2513d00_0 .net "PACKAGEPIN", 0 0, o000001b9d24c5568;  0 drivers
o000001b9d24c5598 .functor BUFZ 1, c4<z>; HiZ drive
v000001b9d2513da0_0 .net "PLLOUTCORE", 0 0, o000001b9d24c5598;  0 drivers
o000001b9d24c55c8 .functor BUFZ 1, c4<z>; HiZ drive
v000001b9d2514980_0 .net "PLLOUTGLOBAL", 0 0, o000001b9d24c55c8;  0 drivers
o000001b9d24c55f8 .functor BUFZ 1, c4<z>; HiZ drive
v000001b9d2515060_0 .net "RESETB", 0 0, o000001b9d24c55f8;  0 drivers
o000001b9d24c5628 .functor BUFZ 1, c4<z>; HiZ drive
v000001b9d2514ac0_0 .net "SCLK", 0 0, o000001b9d24c5628;  0 drivers
o000001b9d24c5658 .functor BUFZ 1, c4<z>; HiZ drive
v000001b9d2514480_0 .net "SDI", 0 0, o000001b9d24c5658;  0 drivers
o000001b9d24c5688 .functor BUFZ 1, c4<z>; HiZ drive
v000001b9d2514020_0 .net "SDO", 0 0, o000001b9d24c5688;  0 drivers
S_000001b9d24a79a0 .scope module, "SB_RAM40_4KNR" "SB_RAM40_4KNR" 3 1726;
 .timescale -12 -12;
    .port_info 0 /OUTPUT 16 "RDATA";
    .port_info 1 /INPUT 1 "RCLKN";
    .port_info 2 /INPUT 1 "RCLKE";
    .port_info 3 /INPUT 1 "RE";
    .port_info 4 /INPUT 11 "RADDR";
    .port_info 5 /INPUT 1 "WCLK";
    .port_info 6 /INPUT 1 "WCLKE";
    .port_info 7 /INPUT 1 "WE";
    .port_info 8 /INPUT 11 "WADDR";
    .port_info 9 /INPUT 16 "MASK";
    .port_info 10 /INPUT 16 "WDATA";
P_000001b9d24a9190 .param/l "INIT_0" 0 3 1742, C4<0000000000000000000000000000000000000000000000000000000000000000000000000000000000000000000000000000000000000000000000000000000000000000000000000000000000000000000000000000000000000000000000000000000000000000000000000000000000000000000000000000000000000000>;
P_000001b9d24a91c8 .param/l "INIT_1" 0 3 1743, C4<0000000000000000000000000000000000000000000000000000000000000000000000000000000000000000000000000000000000000000000000000000000000000000000000000000000000000000000000000000000000000000000000000000000000000000000000000000000000000000000000000000000000000000>;
P_000001b9d24a9200 .param/l "INIT_2" 0 3 1744, C4<0000000000000000000000000000000000000000000000000000000000000000000000000000000000000000000000000000000000000000000000000000000000000000000000000000000000000000000000000000000000000000000000000000000000000000000000000000000000000000000000000000000000000000>;
P_000001b9d24a9238 .param/l "INIT_3" 0 3 1745, C4<0000000000000000000000000000000000000000000000000000000000000000000000000000000000000000000000000000000000000000000000000000000000000000000000000000000000000000000000000000000000000000000000000000000000000000000000000000000000000000000000000000000000000000>;
P_000001b9d24a9270 .param/l "INIT_4" 0 3 1746, C4<0000000000000000000000000000000000000000000000000000000000000000000000000000000000000000000000000000000000000000000000000000000000000000000000000000000000000000000000000000000000000000000000000000000000000000000000000000000000000000000000000000000000000000>;
P_000001b9d24a92a8 .param/l "INIT_5" 0 3 1747, C4<0000000000000000000000000000000000000000000000000000000000000000000000000000000000000000000000000000000000000000000000000000000000000000000000000000000000000000000000000000000000000000000000000000000000000000000000000000000000000000000000000000000000000000>;
P_000001b9d24a92e0 .param/l "INIT_6" 0 3 1748, C4<0000000000000000000000000000000000000000000000000000000000000000000000000000000000000000000000000000000000000000000000000000000000000000000000000000000000000000000000000000000000000000000000000000000000000000000000000000000000000000000000000000000000000000>;
P_000001b9d24a9318 .param/l "INIT_7" 0 3 1749, C4<0000000000000000000000000000000000000000000000000000000000000000000000000000000000000000000000000000000000000000000000000000000000000000000000000000000000000000000000000000000000000000000000000000000000000000000000000000000000000000000000000000000000000000>;
P_000001b9d24a9350 .param/l "INIT_8" 0 3 1750, C4<0000000000000000000000000000000000000000000000000000000000000000000000000000000000000000000000000000000000000000000000000000000000000000000000000000000000000000000000000000000000000000000000000000000000000000000000000000000000000000000000000000000000000000>;
P_000001b9d24a9388 .param/l "INIT_9" 0 3 1751, C4<0000000000000000000000000000000000000000000000000000000000000000000000000000000000000000000000000000000000000000000000000000000000000000000000000000000000000000000000000000000000000000000000000000000000000000000000000000000000000000000000000000000000000000>;
P_000001b9d24a93c0 .param/l "INIT_A" 0 3 1752, C4<0000000000000000000000000000000000000000000000000000000000000000000000000000000000000000000000000000000000000000000000000000000000000000000000000000000000000000000000000000000000000000000000000000000000000000000000000000000000000000000000000000000000000000>;
P_000001b9d24a93f8 .param/l "INIT_B" 0 3 1753, C4<0000000000000000000000000000000000000000000000000000000000000000000000000000000000000000000000000000000000000000000000000000000000000000000000000000000000000000000000000000000000000000000000000000000000000000000000000000000000000000000000000000000000000000>;
P_000001b9d24a9430 .param/l "INIT_C" 0 3 1754, C4<0000000000000000000000000000000000000000000000000000000000000000000000000000000000000000000000000000000000000000000000000000000000000000000000000000000000000000000000000000000000000000000000000000000000000000000000000000000000000000000000000000000000000000>;
P_000001b9d24a9468 .param/l "INIT_D" 0 3 1755, C4<0000000000000000000000000000000000000000000000000000000000000000000000000000000000000000000000000000000000000000000000000000000000000000000000000000000000000000000000000000000000000000000000000000000000000000000000000000000000000000000000000000000000000000>;
P_000001b9d24a94a0 .param/l "INIT_E" 0 3 1756, C4<0000000000000000000000000000000000000000000000000000000000000000000000000000000000000000000000000000000000000000000000000000000000000000000000000000000000000000000000000000000000000000000000000000000000000000000000000000000000000000000000000000000000000000>;
P_000001b9d24a94d8 .param/l "INIT_F" 0 3 1757, C4<0000000000000000000000000000000000000000000000000000000000000000000000000000000000000000000000000000000000000000000000000000000000000000000000000000000000000000000000000000000000000000000000000000000000000000000000000000000000000000000000000000000000000000>;
P_000001b9d24a9510 .param/str "INIT_FILE" 0 3 1759, "\000";
P_000001b9d24a9548 .param/l "READ_MODE" 0 3 1740, +C4<00000000000000000000000000000000>;
P_000001b9d24a9580 .param/l "WRITE_MODE" 0 3 1739, +C4<00000000000000000000000000000000>;
o000001b9d24c5e08 .functor BUFZ 1, c4<z>; HiZ drive
L_000001b9d2592220 .functor NOT 1, o000001b9d24c5e08, C4<0>, C4<0>, C4<0>;
o000001b9d24c58f8 .functor BUFZ 16, c4<zzzzzzzzzzzzzzzz>; HiZ drive
v000001b9d2513300_0 .net "MASK", 15 0, o000001b9d24c58f8;  0 drivers
o000001b9d24c5928 .functor BUFZ 11, c4<zzzzzzzzzzz>; HiZ drive
v000001b9d25147a0_0 .net "RADDR", 10 0, o000001b9d24c5928;  0 drivers
o000001b9d24c5988 .functor BUFZ 1, c4<z>; HiZ drive
v000001b9d2514840_0 .net "RCLKE", 0 0, o000001b9d24c5988;  0 drivers
v000001b9d25148e0_0 .net "RCLKN", 0 0, o000001b9d24c5e08;  0 drivers
v000001b9d2515420_0 .net "RDATA", 15 0, L_000001b9d25910a0;  1 drivers
o000001b9d24c5a18 .functor BUFZ 1, c4<z>; HiZ drive
v000001b9d2514a20_0 .net "RE", 0 0, o000001b9d24c5a18;  0 drivers
o000001b9d24c5a78 .functor BUFZ 11, c4<zzzzzzzzzzz>; HiZ drive
v000001b9d2514b60_0 .net "WADDR", 10 0, o000001b9d24c5a78;  0 drivers
o000001b9d24c5aa8 .functor BUFZ 1, c4<z>; HiZ drive
v000001b9d25156a0_0 .net "WCLK", 0 0, o000001b9d24c5aa8;  0 drivers
o000001b9d24c5ad8 .functor BUFZ 1, c4<z>; HiZ drive
v000001b9d2515740_0 .net "WCLKE", 0 0, o000001b9d24c5ad8;  0 drivers
o000001b9d24c5b08 .functor BUFZ 16, c4<zzzzzzzzzzzzzzzz>; HiZ drive
v000001b9d25138a0_0 .net "WDATA", 15 0, o000001b9d24c5b08;  0 drivers
o000001b9d24c5b68 .functor BUFZ 1, c4<z>; HiZ drive
v000001b9d2514ca0_0 .net "WE", 0 0, o000001b9d24c5b68;  0 drivers
S_000001b9d24ac090 .scope module, "RAM" "SB_RAM40_4K" 3 1781, 3 1487 0, S_000001b9d24a79a0;
 .timescale -12 -12;
    .port_info 0 /OUTPUT 16 "RDATA";
    .port_info 1 /INPUT 1 "RCLK";
    .port_info 2 /INPUT 1 "RCLKE";
    .port_info 3 /INPUT 1 "RE";
    .port_info 4 /INPUT 11 "RADDR";
    .port_info 5 /INPUT 1 "WCLK";
    .port_info 6 /INPUT 1 "WCLKE";
    .port_info 7 /INPUT 1 "WE";
    .port_info 8 /INPUT 11 "WADDR";
    .port_info 9 /INPUT 16 "MASK";
    .port_info 10 /INPUT 16 "WDATA";
P_000001b9d25237b0 .param/l "INIT_0" 0 3 1507, C4<0000000000000000000000000000000000000000000000000000000000000000000000000000000000000000000000000000000000000000000000000000000000000000000000000000000000000000000000000000000000000000000000000000000000000000000000000000000000000000000000000000000000000000>;
P_000001b9d25237e8 .param/l "INIT_1" 0 3 1508, C4<0000000000000000000000000000000000000000000000000000000000000000000000000000000000000000000000000000000000000000000000000000000000000000000000000000000000000000000000000000000000000000000000000000000000000000000000000000000000000000000000000000000000000000>;
P_000001b9d2523820 .param/l "INIT_2" 0 3 1509, C4<0000000000000000000000000000000000000000000000000000000000000000000000000000000000000000000000000000000000000000000000000000000000000000000000000000000000000000000000000000000000000000000000000000000000000000000000000000000000000000000000000000000000000000>;
P_000001b9d2523858 .param/l "INIT_3" 0 3 1510, C4<0000000000000000000000000000000000000000000000000000000000000000000000000000000000000000000000000000000000000000000000000000000000000000000000000000000000000000000000000000000000000000000000000000000000000000000000000000000000000000000000000000000000000000>;
P_000001b9d2523890 .param/l "INIT_4" 0 3 1511, C4<0000000000000000000000000000000000000000000000000000000000000000000000000000000000000000000000000000000000000000000000000000000000000000000000000000000000000000000000000000000000000000000000000000000000000000000000000000000000000000000000000000000000000000>;
P_000001b9d25238c8 .param/l "INIT_5" 0 3 1512, C4<0000000000000000000000000000000000000000000000000000000000000000000000000000000000000000000000000000000000000000000000000000000000000000000000000000000000000000000000000000000000000000000000000000000000000000000000000000000000000000000000000000000000000000>;
P_000001b9d2523900 .param/l "INIT_6" 0 3 1513, C4<0000000000000000000000000000000000000000000000000000000000000000000000000000000000000000000000000000000000000000000000000000000000000000000000000000000000000000000000000000000000000000000000000000000000000000000000000000000000000000000000000000000000000000>;
P_000001b9d2523938 .param/l "INIT_7" 0 3 1514, C4<0000000000000000000000000000000000000000000000000000000000000000000000000000000000000000000000000000000000000000000000000000000000000000000000000000000000000000000000000000000000000000000000000000000000000000000000000000000000000000000000000000000000000000>;
P_000001b9d2523970 .param/l "INIT_8" 0 3 1515, C4<0000000000000000000000000000000000000000000000000000000000000000000000000000000000000000000000000000000000000000000000000000000000000000000000000000000000000000000000000000000000000000000000000000000000000000000000000000000000000000000000000000000000000000>;
P_000001b9d25239a8 .param/l "INIT_9" 0 3 1516, C4<0000000000000000000000000000000000000000000000000000000000000000000000000000000000000000000000000000000000000000000000000000000000000000000000000000000000000000000000000000000000000000000000000000000000000000000000000000000000000000000000000000000000000000>;
P_000001b9d25239e0 .param/l "INIT_A" 0 3 1517, C4<0000000000000000000000000000000000000000000000000000000000000000000000000000000000000000000000000000000000000000000000000000000000000000000000000000000000000000000000000000000000000000000000000000000000000000000000000000000000000000000000000000000000000000>;
P_000001b9d2523a18 .param/l "INIT_B" 0 3 1518, C4<0000000000000000000000000000000000000000000000000000000000000000000000000000000000000000000000000000000000000000000000000000000000000000000000000000000000000000000000000000000000000000000000000000000000000000000000000000000000000000000000000000000000000000>;
P_000001b9d2523a50 .param/l "INIT_C" 0 3 1519, C4<0000000000000000000000000000000000000000000000000000000000000000000000000000000000000000000000000000000000000000000000000000000000000000000000000000000000000000000000000000000000000000000000000000000000000000000000000000000000000000000000000000000000000000>;
P_000001b9d2523a88 .param/l "INIT_D" 0 3 1520, C4<0000000000000000000000000000000000000000000000000000000000000000000000000000000000000000000000000000000000000000000000000000000000000000000000000000000000000000000000000000000000000000000000000000000000000000000000000000000000000000000000000000000000000000>;
P_000001b9d2523ac0 .param/l "INIT_E" 0 3 1521, C4<0000000000000000000000000000000000000000000000000000000000000000000000000000000000000000000000000000000000000000000000000000000000000000000000000000000000000000000000000000000000000000000000000000000000000000000000000000000000000000000000000000000000000000>;
P_000001b9d2523af8 .param/l "INIT_F" 0 3 1522, C4<0000000000000000000000000000000000000000000000000000000000000000000000000000000000000000000000000000000000000000000000000000000000000000000000000000000000000000000000000000000000000000000000000000000000000000000000000000000000000000000000000000000000000000>;
P_000001b9d2523b30 .param/str "INIT_FILE" 0 3 1524, "\000";
P_000001b9d2523b68 .param/l "READ_MODE" 0 3 1505, +C4<00000000000000000000000000000000>;
P_000001b9d2523ba0 .param/l "WRITE_MODE" 0 3 1504, +C4<00000000000000000000000000000000>;
v000001b9d2513bc0_0 .net "MASK", 15 0, o000001b9d24c58f8;  alias, 0 drivers
v000001b9d2515560_0 .net "RADDR", 10 0, o000001b9d24c5928;  alias, 0 drivers
v000001b9d2514340_0 .net "RCLK", 0 0, L_000001b9d2592220;  1 drivers
v000001b9d2513080_0 .net "RCLKE", 0 0, o000001b9d24c5988;  alias, 0 drivers
v000001b9d2514520_0 .net "RDATA", 15 0, L_000001b9d25910a0;  alias, 1 drivers
v000001b9d2512fe0_0 .var "RDATA_I", 15 0;
v000001b9d2513800_0 .net "RE", 0 0, o000001b9d24c5a18;  alias, 0 drivers
L_000001b9d25494b0 .functor BUFT 1, C4<0000000000000000>, C4<0>, C4<0>, C4<0>;
v000001b9d2513260_0 .net "RMASK_I", 15 0, L_000001b9d25494b0;  1 drivers
v000001b9d2513620_0 .net "WADDR", 10 0, o000001b9d24c5a78;  alias, 0 drivers
v000001b9d2513ee0_0 .net "WCLK", 0 0, o000001b9d24c5aa8;  alias, 0 drivers
v000001b9d25145c0_0 .net "WCLKE", 0 0, o000001b9d24c5ad8;  alias, 0 drivers
v000001b9d2514f20_0 .net "WDATA", 15 0, o000001b9d24c5b08;  alias, 0 drivers
v000001b9d25143e0_0 .net "WDATA_I", 15 0, L_000001b9d2591730;  1 drivers
v000001b9d2513120_0 .net "WE", 0 0, o000001b9d24c5b68;  alias, 0 drivers
v000001b9d2513a80_0 .net "WMASK_I", 15 0, L_000001b9d2592370;  1 drivers
v000001b9d2514660_0 .var/i "i", 31 0;
v000001b9d25133a0 .array "memory", 255 0, 15 0;
E_000001b9d2481870 .event posedge, v000001b9d2514340_0;
E_000001b9d24813b0 .event posedge, v000001b9d2513ee0_0;
S_000001b9d2526d70 .scope generate, "genblk1" "genblk1" 3 1534, 3 1534 0, S_000001b9d24ac090;
 .timescale -12 -12;
L_000001b9d2592370 .functor BUFZ 16, o000001b9d24c58f8, C4<0000000000000000>, C4<0000000000000000>, C4<0000000000000000>;
S_000001b9d2525f60 .scope generate, "genblk2" "genblk2" 3 1555, 3 1555 0, S_000001b9d24ac090;
 .timescale -12 -12;
S_000001b9d25260f0 .scope generate, "genblk3" "genblk3" 3 1576, 3 1576 0, S_000001b9d24ac090;
 .timescale -12 -12;
L_000001b9d2591730 .functor BUFZ 16, o000001b9d24c5b08, C4<0000000000000000>, C4<0000000000000000>, C4<0000000000000000>;
S_000001b9d25268c0 .scope generate, "genblk4" "genblk4" 3 1595, 3 1595 0, S_000001b9d24ac090;
 .timescale -12 -12;
L_000001b9d25910a0 .functor BUFZ 16, v000001b9d2512fe0_0, C4<0000000000000000>, C4<0000000000000000>, C4<0000000000000000>;
S_000001b9d24a74f0 .scope module, "SB_RAM40_4KNRNW" "SB_RAM40_4KNRNW" 3 1998;
 .timescale -12 -12;
    .port_info 0 /OUTPUT 16 "RDATA";
    .port_info 1 /INPUT 1 "RCLKN";
    .port_info 2 /INPUT 1 "RCLKE";
    .port_info 3 /INPUT 1 "RE";
    .port_info 4 /INPUT 11 "RADDR";
    .port_info 5 /INPUT 1 "WCLKN";
    .port_info 6 /INPUT 1 "WCLKE";
    .port_info 7 /INPUT 1 "WE";
    .port_info 8 /INPUT 11 "WADDR";
    .port_info 9 /INPUT 16 "MASK";
    .port_info 10 /INPUT 16 "WDATA";
P_000001b9d24a95c0 .param/l "INIT_0" 0 3 2014, C4<0000000000000000000000000000000000000000000000000000000000000000000000000000000000000000000000000000000000000000000000000000000000000000000000000000000000000000000000000000000000000000000000000000000000000000000000000000000000000000000000000000000000000000>;
P_000001b9d24a95f8 .param/l "INIT_1" 0 3 2015, C4<0000000000000000000000000000000000000000000000000000000000000000000000000000000000000000000000000000000000000000000000000000000000000000000000000000000000000000000000000000000000000000000000000000000000000000000000000000000000000000000000000000000000000000>;
P_000001b9d24a9630 .param/l "INIT_2" 0 3 2016, C4<0000000000000000000000000000000000000000000000000000000000000000000000000000000000000000000000000000000000000000000000000000000000000000000000000000000000000000000000000000000000000000000000000000000000000000000000000000000000000000000000000000000000000000>;
P_000001b9d24a9668 .param/l "INIT_3" 0 3 2017, C4<0000000000000000000000000000000000000000000000000000000000000000000000000000000000000000000000000000000000000000000000000000000000000000000000000000000000000000000000000000000000000000000000000000000000000000000000000000000000000000000000000000000000000000>;
P_000001b9d24a96a0 .param/l "INIT_4" 0 3 2018, C4<0000000000000000000000000000000000000000000000000000000000000000000000000000000000000000000000000000000000000000000000000000000000000000000000000000000000000000000000000000000000000000000000000000000000000000000000000000000000000000000000000000000000000000>;
P_000001b9d24a96d8 .param/l "INIT_5" 0 3 2019, C4<0000000000000000000000000000000000000000000000000000000000000000000000000000000000000000000000000000000000000000000000000000000000000000000000000000000000000000000000000000000000000000000000000000000000000000000000000000000000000000000000000000000000000000>;
P_000001b9d24a9710 .param/l "INIT_6" 0 3 2020, C4<0000000000000000000000000000000000000000000000000000000000000000000000000000000000000000000000000000000000000000000000000000000000000000000000000000000000000000000000000000000000000000000000000000000000000000000000000000000000000000000000000000000000000000>;
P_000001b9d24a9748 .param/l "INIT_7" 0 3 2021, C4<0000000000000000000000000000000000000000000000000000000000000000000000000000000000000000000000000000000000000000000000000000000000000000000000000000000000000000000000000000000000000000000000000000000000000000000000000000000000000000000000000000000000000000>;
P_000001b9d24a9780 .param/l "INIT_8" 0 3 2022, C4<0000000000000000000000000000000000000000000000000000000000000000000000000000000000000000000000000000000000000000000000000000000000000000000000000000000000000000000000000000000000000000000000000000000000000000000000000000000000000000000000000000000000000000>;
P_000001b9d24a97b8 .param/l "INIT_9" 0 3 2023, C4<0000000000000000000000000000000000000000000000000000000000000000000000000000000000000000000000000000000000000000000000000000000000000000000000000000000000000000000000000000000000000000000000000000000000000000000000000000000000000000000000000000000000000000>;
P_000001b9d24a97f0 .param/l "INIT_A" 0 3 2024, C4<0000000000000000000000000000000000000000000000000000000000000000000000000000000000000000000000000000000000000000000000000000000000000000000000000000000000000000000000000000000000000000000000000000000000000000000000000000000000000000000000000000000000000000>;
P_000001b9d24a9828 .param/l "INIT_B" 0 3 2025, C4<0000000000000000000000000000000000000000000000000000000000000000000000000000000000000000000000000000000000000000000000000000000000000000000000000000000000000000000000000000000000000000000000000000000000000000000000000000000000000000000000000000000000000000>;
P_000001b9d24a9860 .param/l "INIT_C" 0 3 2026, C4<0000000000000000000000000000000000000000000000000000000000000000000000000000000000000000000000000000000000000000000000000000000000000000000000000000000000000000000000000000000000000000000000000000000000000000000000000000000000000000000000000000000000000000>;
P_000001b9d24a9898 .param/l "INIT_D" 0 3 2027, C4<0000000000000000000000000000000000000000000000000000000000000000000000000000000000000000000000000000000000000000000000000000000000000000000000000000000000000000000000000000000000000000000000000000000000000000000000000000000000000000000000000000000000000000>;
P_000001b9d24a98d0 .param/l "INIT_E" 0 3 2028, C4<0000000000000000000000000000000000000000000000000000000000000000000000000000000000000000000000000000000000000000000000000000000000000000000000000000000000000000000000000000000000000000000000000000000000000000000000000000000000000000000000000000000000000000>;
P_000001b9d24a9908 .param/l "INIT_F" 0 3 2029, C4<0000000000000000000000000000000000000000000000000000000000000000000000000000000000000000000000000000000000000000000000000000000000000000000000000000000000000000000000000000000000000000000000000000000000000000000000000000000000000000000000000000000000000000>;
P_000001b9d24a9940 .param/str "INIT_FILE" 0 3 2031, "\000";
P_000001b9d24a9978 .param/l "READ_MODE" 0 3 2012, +C4<00000000000000000000000000000000>;
P_000001b9d24a99b0 .param/l "WRITE_MODE" 0 3 2011, +C4<00000000000000000000000000000000>;
o000001b9d24c6558 .functor BUFZ 1, c4<z>; HiZ drive
L_000001b9d2592140 .functor NOT 1, o000001b9d24c6558, C4<0>, C4<0>, C4<0>;
o000001b9d24c6588 .functor BUFZ 1, c4<z>; HiZ drive
L_000001b9d25923e0 .functor NOT 1, o000001b9d24c6588, C4<0>, C4<0>, C4<0>;
o000001b9d24c6048 .functor BUFZ 16, c4<zzzzzzzzzzzzzzzz>; HiZ drive
v000001b9d252f6b0_0 .net "MASK", 15 0, o000001b9d24c6048;  0 drivers
o000001b9d24c6078 .functor BUFZ 11, c4<zzzzzzzzzzz>; HiZ drive
v000001b9d252ee90_0 .net "RADDR", 10 0, o000001b9d24c6078;  0 drivers
o000001b9d24c60d8 .functor BUFZ 1, c4<z>; HiZ drive
v000001b9d252df90_0 .net "RCLKE", 0 0, o000001b9d24c60d8;  0 drivers
v000001b9d252e8f0_0 .net "RCLKN", 0 0, o000001b9d24c6558;  0 drivers
v000001b9d252d1d0_0 .net "RDATA", 15 0, L_000001b9d2592060;  1 drivers
o000001b9d24c6168 .functor BUFZ 1, c4<z>; HiZ drive
v000001b9d252d770_0 .net "RE", 0 0, o000001b9d24c6168;  0 drivers
o000001b9d24c61c8 .functor BUFZ 11, c4<zzzzzzzzzzz>; HiZ drive
v000001b9d252f250_0 .net "WADDR", 10 0, o000001b9d24c61c8;  0 drivers
o000001b9d24c6228 .functor BUFZ 1, c4<z>; HiZ drive
v000001b9d252eb70_0 .net "WCLKE", 0 0, o000001b9d24c6228;  0 drivers
v000001b9d252e990_0 .net "WCLKN", 0 0, o000001b9d24c6588;  0 drivers
o000001b9d24c6258 .functor BUFZ 16, c4<zzzzzzzzzzzzzzzz>; HiZ drive
v000001b9d252ec10_0 .net "WDATA", 15 0, o000001b9d24c6258;  0 drivers
o000001b9d24c62b8 .functor BUFZ 1, c4<z>; HiZ drive
v000001b9d252e7b0_0 .net "WE", 0 0, o000001b9d24c62b8;  0 drivers
S_000001b9d2526f00 .scope module, "RAM" "SB_RAM40_4K" 3 2053, 3 1487 0, S_000001b9d24a74f0;
 .timescale -12 -12;
    .port_info 0 /OUTPUT 16 "RDATA";
    .port_info 1 /INPUT 1 "RCLK";
    .port_info 2 /INPUT 1 "RCLKE";
    .port_info 3 /INPUT 1 "RE";
    .port_info 4 /INPUT 11 "RADDR";
    .port_info 5 /INPUT 1 "WCLK";
    .port_info 6 /INPUT 1 "WCLKE";
    .port_info 7 /INPUT 1 "WE";
    .port_info 8 /INPUT 11 "WADDR";
    .port_info 9 /INPUT 16 "MASK";
    .port_info 10 /INPUT 16 "WDATA";
P_000001b9d2527c00 .param/l "INIT_0" 0 3 1507, C4<0000000000000000000000000000000000000000000000000000000000000000000000000000000000000000000000000000000000000000000000000000000000000000000000000000000000000000000000000000000000000000000000000000000000000000000000000000000000000000000000000000000000000000>;
P_000001b9d2527c38 .param/l "INIT_1" 0 3 1508, C4<0000000000000000000000000000000000000000000000000000000000000000000000000000000000000000000000000000000000000000000000000000000000000000000000000000000000000000000000000000000000000000000000000000000000000000000000000000000000000000000000000000000000000000>;
P_000001b9d2527c70 .param/l "INIT_2" 0 3 1509, C4<0000000000000000000000000000000000000000000000000000000000000000000000000000000000000000000000000000000000000000000000000000000000000000000000000000000000000000000000000000000000000000000000000000000000000000000000000000000000000000000000000000000000000000>;
P_000001b9d2527ca8 .param/l "INIT_3" 0 3 1510, C4<0000000000000000000000000000000000000000000000000000000000000000000000000000000000000000000000000000000000000000000000000000000000000000000000000000000000000000000000000000000000000000000000000000000000000000000000000000000000000000000000000000000000000000>;
P_000001b9d2527ce0 .param/l "INIT_4" 0 3 1511, C4<0000000000000000000000000000000000000000000000000000000000000000000000000000000000000000000000000000000000000000000000000000000000000000000000000000000000000000000000000000000000000000000000000000000000000000000000000000000000000000000000000000000000000000>;
P_000001b9d2527d18 .param/l "INIT_5" 0 3 1512, C4<0000000000000000000000000000000000000000000000000000000000000000000000000000000000000000000000000000000000000000000000000000000000000000000000000000000000000000000000000000000000000000000000000000000000000000000000000000000000000000000000000000000000000000>;
P_000001b9d2527d50 .param/l "INIT_6" 0 3 1513, C4<0000000000000000000000000000000000000000000000000000000000000000000000000000000000000000000000000000000000000000000000000000000000000000000000000000000000000000000000000000000000000000000000000000000000000000000000000000000000000000000000000000000000000000>;
P_000001b9d2527d88 .param/l "INIT_7" 0 3 1514, C4<0000000000000000000000000000000000000000000000000000000000000000000000000000000000000000000000000000000000000000000000000000000000000000000000000000000000000000000000000000000000000000000000000000000000000000000000000000000000000000000000000000000000000000>;
P_000001b9d2527dc0 .param/l "INIT_8" 0 3 1515, C4<0000000000000000000000000000000000000000000000000000000000000000000000000000000000000000000000000000000000000000000000000000000000000000000000000000000000000000000000000000000000000000000000000000000000000000000000000000000000000000000000000000000000000000>;
P_000001b9d2527df8 .param/l "INIT_9" 0 3 1516, C4<0000000000000000000000000000000000000000000000000000000000000000000000000000000000000000000000000000000000000000000000000000000000000000000000000000000000000000000000000000000000000000000000000000000000000000000000000000000000000000000000000000000000000000>;
P_000001b9d2527e30 .param/l "INIT_A" 0 3 1517, C4<0000000000000000000000000000000000000000000000000000000000000000000000000000000000000000000000000000000000000000000000000000000000000000000000000000000000000000000000000000000000000000000000000000000000000000000000000000000000000000000000000000000000000000>;
P_000001b9d2527e68 .param/l "INIT_B" 0 3 1518, C4<0000000000000000000000000000000000000000000000000000000000000000000000000000000000000000000000000000000000000000000000000000000000000000000000000000000000000000000000000000000000000000000000000000000000000000000000000000000000000000000000000000000000000000>;
P_000001b9d2527ea0 .param/l "INIT_C" 0 3 1519, C4<0000000000000000000000000000000000000000000000000000000000000000000000000000000000000000000000000000000000000000000000000000000000000000000000000000000000000000000000000000000000000000000000000000000000000000000000000000000000000000000000000000000000000000>;
P_000001b9d2527ed8 .param/l "INIT_D" 0 3 1520, C4<0000000000000000000000000000000000000000000000000000000000000000000000000000000000000000000000000000000000000000000000000000000000000000000000000000000000000000000000000000000000000000000000000000000000000000000000000000000000000000000000000000000000000000>;
P_000001b9d2527f10 .param/l "INIT_E" 0 3 1521, C4<0000000000000000000000000000000000000000000000000000000000000000000000000000000000000000000000000000000000000000000000000000000000000000000000000000000000000000000000000000000000000000000000000000000000000000000000000000000000000000000000000000000000000000>;
P_000001b9d2527f48 .param/l "INIT_F" 0 3 1522, C4<0000000000000000000000000000000000000000000000000000000000000000000000000000000000000000000000000000000000000000000000000000000000000000000000000000000000000000000000000000000000000000000000000000000000000000000000000000000000000000000000000000000000000000>;
P_000001b9d2527f80 .param/str "INIT_FILE" 0 3 1524, "\000";
P_000001b9d2527fb8 .param/l "READ_MODE" 0 3 1505, +C4<00000000000000000000000000000000>;
P_000001b9d2527ff0 .param/l "WRITE_MODE" 0 3 1504, +C4<00000000000000000000000000000000>;
v000001b9d2514d40_0 .net "MASK", 15 0, o000001b9d24c6048;  alias, 0 drivers
v000001b9d2514e80_0 .net "RADDR", 10 0, o000001b9d24c6078;  alias, 0 drivers
v000001b9d2514fc0_0 .net "RCLK", 0 0, L_000001b9d2592140;  1 drivers
v000001b9d25139e0_0 .net "RCLKE", 0 0, o000001b9d24c60d8;  alias, 0 drivers
v000001b9d2513440_0 .net "RDATA", 15 0, L_000001b9d2592060;  alias, 1 drivers
v000001b9d2515100_0 .var "RDATA_I", 15 0;
v000001b9d25134e0_0 .net "RE", 0 0, o000001b9d24c6168;  alias, 0 drivers
L_000001b9d25494f8 .functor BUFT 1, C4<0000000000000000>, C4<0>, C4<0>, C4<0>;
v000001b9d2513580_0 .net "RMASK_I", 15 0, L_000001b9d25494f8;  1 drivers
v000001b9d25151a0_0 .net "WADDR", 10 0, o000001b9d24c61c8;  alias, 0 drivers
v000001b9d2515240_0 .net "WCLK", 0 0, L_000001b9d25923e0;  1 drivers
v000001b9d25152e0_0 .net "WCLKE", 0 0, o000001b9d24c6228;  alias, 0 drivers
v000001b9d252e490_0 .net "WDATA", 15 0, o000001b9d24c6258;  alias, 0 drivers
v000001b9d252d6d0_0 .net "WDATA_I", 15 0, L_000001b9d2591810;  1 drivers
v000001b9d252f570_0 .net "WE", 0 0, o000001b9d24c62b8;  alias, 0 drivers
v000001b9d252e030_0 .net "WMASK_I", 15 0, L_000001b9d25924c0;  1 drivers
v000001b9d252e210_0 .var/i "i", 31 0;
v000001b9d252ed50 .array "memory", 255 0, 15 0;
E_000001b9d2481530 .event posedge, v000001b9d2514fc0_0;
E_000001b9d2480ef0 .event posedge, v000001b9d2515240_0;
S_000001b9d25279f0 .scope generate, "genblk1" "genblk1" 3 1534, 3 1534 0, S_000001b9d2526f00;
 .timescale -12 -12;
L_000001b9d25924c0 .functor BUFZ 16, o000001b9d24c6048, C4<0000000000000000>, C4<0000000000000000>, C4<0000000000000000>;
S_000001b9d25273b0 .scope generate, "genblk2" "genblk2" 3 1555, 3 1555 0, S_000001b9d2526f00;
 .timescale -12 -12;
S_000001b9d2526a50 .scope generate, "genblk3" "genblk3" 3 1576, 3 1576 0, S_000001b9d2526f00;
 .timescale -12 -12;
L_000001b9d2591810 .functor BUFZ 16, o000001b9d24c6258, C4<0000000000000000>, C4<0000000000000000>, C4<0000000000000000>;
S_000001b9d2526280 .scope generate, "genblk4" "genblk4" 3 1595, 3 1595 0, S_000001b9d2526f00;
 .timescale -12 -12;
L_000001b9d2592060 .functor BUFZ 16, v000001b9d2515100_0, C4<0000000000000000>, C4<0000000000000000>, C4<0000000000000000>;
S_000001b9d24a7e50 .scope module, "SB_RAM40_4KNW" "SB_RAM40_4KNW" 3 1862;
 .timescale -12 -12;
    .port_info 0 /OUTPUT 16 "RDATA";
    .port_info 1 /INPUT 1 "RCLK";
    .port_info 2 /INPUT 1 "RCLKE";
    .port_info 3 /INPUT 1 "RE";
    .port_info 4 /INPUT 11 "RADDR";
    .port_info 5 /INPUT 1 "WCLKN";
    .port_info 6 /INPUT 1 "WCLKE";
    .port_info 7 /INPUT 1 "WE";
    .port_info 8 /INPUT 11 "WADDR";
    .port_info 9 /INPUT 16 "MASK";
    .port_info 10 /INPUT 16 "WDATA";
P_000001b9d24b90a0 .param/l "INIT_0" 0 3 1878, C4<0000000000000000000000000000000000000000000000000000000000000000000000000000000000000000000000000000000000000000000000000000000000000000000000000000000000000000000000000000000000000000000000000000000000000000000000000000000000000000000000000000000000000000>;
P_000001b9d24b90d8 .param/l "INIT_1" 0 3 1879, C4<0000000000000000000000000000000000000000000000000000000000000000000000000000000000000000000000000000000000000000000000000000000000000000000000000000000000000000000000000000000000000000000000000000000000000000000000000000000000000000000000000000000000000000>;
P_000001b9d24b9110 .param/l "INIT_2" 0 3 1880, C4<0000000000000000000000000000000000000000000000000000000000000000000000000000000000000000000000000000000000000000000000000000000000000000000000000000000000000000000000000000000000000000000000000000000000000000000000000000000000000000000000000000000000000000>;
P_000001b9d24b9148 .param/l "INIT_3" 0 3 1881, C4<0000000000000000000000000000000000000000000000000000000000000000000000000000000000000000000000000000000000000000000000000000000000000000000000000000000000000000000000000000000000000000000000000000000000000000000000000000000000000000000000000000000000000000>;
P_000001b9d24b9180 .param/l "INIT_4" 0 3 1882, C4<0000000000000000000000000000000000000000000000000000000000000000000000000000000000000000000000000000000000000000000000000000000000000000000000000000000000000000000000000000000000000000000000000000000000000000000000000000000000000000000000000000000000000000>;
P_000001b9d24b91b8 .param/l "INIT_5" 0 3 1883, C4<0000000000000000000000000000000000000000000000000000000000000000000000000000000000000000000000000000000000000000000000000000000000000000000000000000000000000000000000000000000000000000000000000000000000000000000000000000000000000000000000000000000000000000>;
P_000001b9d24b91f0 .param/l "INIT_6" 0 3 1884, C4<0000000000000000000000000000000000000000000000000000000000000000000000000000000000000000000000000000000000000000000000000000000000000000000000000000000000000000000000000000000000000000000000000000000000000000000000000000000000000000000000000000000000000000>;
P_000001b9d24b9228 .param/l "INIT_7" 0 3 1885, C4<0000000000000000000000000000000000000000000000000000000000000000000000000000000000000000000000000000000000000000000000000000000000000000000000000000000000000000000000000000000000000000000000000000000000000000000000000000000000000000000000000000000000000000>;
P_000001b9d24b9260 .param/l "INIT_8" 0 3 1886, C4<0000000000000000000000000000000000000000000000000000000000000000000000000000000000000000000000000000000000000000000000000000000000000000000000000000000000000000000000000000000000000000000000000000000000000000000000000000000000000000000000000000000000000000>;
P_000001b9d24b9298 .param/l "INIT_9" 0 3 1887, C4<0000000000000000000000000000000000000000000000000000000000000000000000000000000000000000000000000000000000000000000000000000000000000000000000000000000000000000000000000000000000000000000000000000000000000000000000000000000000000000000000000000000000000000>;
P_000001b9d24b92d0 .param/l "INIT_A" 0 3 1888, C4<0000000000000000000000000000000000000000000000000000000000000000000000000000000000000000000000000000000000000000000000000000000000000000000000000000000000000000000000000000000000000000000000000000000000000000000000000000000000000000000000000000000000000000>;
P_000001b9d24b9308 .param/l "INIT_B" 0 3 1889, C4<0000000000000000000000000000000000000000000000000000000000000000000000000000000000000000000000000000000000000000000000000000000000000000000000000000000000000000000000000000000000000000000000000000000000000000000000000000000000000000000000000000000000000000>;
P_000001b9d24b9340 .param/l "INIT_C" 0 3 1890, C4<0000000000000000000000000000000000000000000000000000000000000000000000000000000000000000000000000000000000000000000000000000000000000000000000000000000000000000000000000000000000000000000000000000000000000000000000000000000000000000000000000000000000000000>;
P_000001b9d24b9378 .param/l "INIT_D" 0 3 1891, C4<0000000000000000000000000000000000000000000000000000000000000000000000000000000000000000000000000000000000000000000000000000000000000000000000000000000000000000000000000000000000000000000000000000000000000000000000000000000000000000000000000000000000000000>;
P_000001b9d24b93b0 .param/l "INIT_E" 0 3 1892, C4<0000000000000000000000000000000000000000000000000000000000000000000000000000000000000000000000000000000000000000000000000000000000000000000000000000000000000000000000000000000000000000000000000000000000000000000000000000000000000000000000000000000000000000>;
P_000001b9d24b93e8 .param/l "INIT_F" 0 3 1893, C4<0000000000000000000000000000000000000000000000000000000000000000000000000000000000000000000000000000000000000000000000000000000000000000000000000000000000000000000000000000000000000000000000000000000000000000000000000000000000000000000000000000000000000000>;
P_000001b9d24b9420 .param/str "INIT_FILE" 0 3 1895, "\000";
P_000001b9d24b9458 .param/l "READ_MODE" 0 3 1876, +C4<00000000000000000000000000000000>;
P_000001b9d24b9490 .param/l "WRITE_MODE" 0 3 1875, +C4<00000000000000000000000000000000>;
o000001b9d24c6cd8 .functor BUFZ 1, c4<z>; HiZ drive
L_000001b9d2591b20 .functor NOT 1, o000001b9d24c6cd8, C4<0>, C4<0>, C4<0>;
o000001b9d24c67c8 .functor BUFZ 16, c4<zzzzzzzzzzzzzzzz>; HiZ drive
v000001b9d252f4d0_0 .net "MASK", 15 0, o000001b9d24c67c8;  0 drivers
o000001b9d24c67f8 .functor BUFZ 11, c4<zzzzzzzzzzz>; HiZ drive
v000001b9d252dd10_0 .net "RADDR", 10 0, o000001b9d24c67f8;  0 drivers
o000001b9d24c6828 .functor BUFZ 1, c4<z>; HiZ drive
v000001b9d252efd0_0 .net "RCLK", 0 0, o000001b9d24c6828;  0 drivers
o000001b9d24c6858 .functor BUFZ 1, c4<z>; HiZ drive
v000001b9d252ef30_0 .net "RCLKE", 0 0, o000001b9d24c6858;  0 drivers
v000001b9d252d3b0_0 .net "RDATA", 15 0, L_000001b9d2591030;  1 drivers
o000001b9d24c68e8 .functor BUFZ 1, c4<z>; HiZ drive
v000001b9d252f070_0 .net "RE", 0 0, o000001b9d24c68e8;  0 drivers
o000001b9d24c6948 .functor BUFZ 11, c4<zzzzzzzzzzz>; HiZ drive
v000001b9d252d4f0_0 .net "WADDR", 10 0, o000001b9d24c6948;  0 drivers
o000001b9d24c69a8 .functor BUFZ 1, c4<z>; HiZ drive
v000001b9d252d090_0 .net "WCLKE", 0 0, o000001b9d24c69a8;  0 drivers
v000001b9d252ddb0_0 .net "WCLKN", 0 0, o000001b9d24c6cd8;  0 drivers
o000001b9d24c69d8 .functor BUFZ 16, c4<zzzzzzzzzzzzzzzz>; HiZ drive
v000001b9d252f610_0 .net "WDATA", 15 0, o000001b9d24c69d8;  0 drivers
o000001b9d24c6a38 .functor BUFZ 1, c4<z>; HiZ drive
v000001b9d252e350_0 .net "WE", 0 0, o000001b9d24c6a38;  0 drivers
S_000001b9d2526410 .scope module, "RAM" "SB_RAM40_4K" 3 1917, 3 1487 0, S_000001b9d24a7e50;
 .timescale -12 -12;
    .port_info 0 /OUTPUT 16 "RDATA";
    .port_info 1 /INPUT 1 "RCLK";
    .port_info 2 /INPUT 1 "RCLKE";
    .port_info 3 /INPUT 1 "RE";
    .port_info 4 /INPUT 11 "RADDR";
    .port_info 5 /INPUT 1 "WCLK";
    .port_info 6 /INPUT 1 "WCLKE";
    .port_info 7 /INPUT 1 "WE";
    .port_info 8 /INPUT 11 "WADDR";
    .port_info 9 /INPUT 16 "MASK";
    .port_info 10 /INPUT 16 "WDATA";
P_000001b9d2530040 .param/l "INIT_0" 0 3 1507, C4<0000000000000000000000000000000000000000000000000000000000000000000000000000000000000000000000000000000000000000000000000000000000000000000000000000000000000000000000000000000000000000000000000000000000000000000000000000000000000000000000000000000000000000>;
P_000001b9d2530078 .param/l "INIT_1" 0 3 1508, C4<0000000000000000000000000000000000000000000000000000000000000000000000000000000000000000000000000000000000000000000000000000000000000000000000000000000000000000000000000000000000000000000000000000000000000000000000000000000000000000000000000000000000000000>;
P_000001b9d25300b0 .param/l "INIT_2" 0 3 1509, C4<0000000000000000000000000000000000000000000000000000000000000000000000000000000000000000000000000000000000000000000000000000000000000000000000000000000000000000000000000000000000000000000000000000000000000000000000000000000000000000000000000000000000000000>;
P_000001b9d25300e8 .param/l "INIT_3" 0 3 1510, C4<0000000000000000000000000000000000000000000000000000000000000000000000000000000000000000000000000000000000000000000000000000000000000000000000000000000000000000000000000000000000000000000000000000000000000000000000000000000000000000000000000000000000000000>;
P_000001b9d2530120 .param/l "INIT_4" 0 3 1511, C4<0000000000000000000000000000000000000000000000000000000000000000000000000000000000000000000000000000000000000000000000000000000000000000000000000000000000000000000000000000000000000000000000000000000000000000000000000000000000000000000000000000000000000000>;
P_000001b9d2530158 .param/l "INIT_5" 0 3 1512, C4<0000000000000000000000000000000000000000000000000000000000000000000000000000000000000000000000000000000000000000000000000000000000000000000000000000000000000000000000000000000000000000000000000000000000000000000000000000000000000000000000000000000000000000>;
P_000001b9d2530190 .param/l "INIT_6" 0 3 1513, C4<0000000000000000000000000000000000000000000000000000000000000000000000000000000000000000000000000000000000000000000000000000000000000000000000000000000000000000000000000000000000000000000000000000000000000000000000000000000000000000000000000000000000000000>;
P_000001b9d25301c8 .param/l "INIT_7" 0 3 1514, C4<0000000000000000000000000000000000000000000000000000000000000000000000000000000000000000000000000000000000000000000000000000000000000000000000000000000000000000000000000000000000000000000000000000000000000000000000000000000000000000000000000000000000000000>;
P_000001b9d2530200 .param/l "INIT_8" 0 3 1515, C4<0000000000000000000000000000000000000000000000000000000000000000000000000000000000000000000000000000000000000000000000000000000000000000000000000000000000000000000000000000000000000000000000000000000000000000000000000000000000000000000000000000000000000000>;
P_000001b9d2530238 .param/l "INIT_9" 0 3 1516, C4<0000000000000000000000000000000000000000000000000000000000000000000000000000000000000000000000000000000000000000000000000000000000000000000000000000000000000000000000000000000000000000000000000000000000000000000000000000000000000000000000000000000000000000>;
P_000001b9d2530270 .param/l "INIT_A" 0 3 1517, C4<0000000000000000000000000000000000000000000000000000000000000000000000000000000000000000000000000000000000000000000000000000000000000000000000000000000000000000000000000000000000000000000000000000000000000000000000000000000000000000000000000000000000000000>;
P_000001b9d25302a8 .param/l "INIT_B" 0 3 1518, C4<0000000000000000000000000000000000000000000000000000000000000000000000000000000000000000000000000000000000000000000000000000000000000000000000000000000000000000000000000000000000000000000000000000000000000000000000000000000000000000000000000000000000000000>;
P_000001b9d25302e0 .param/l "INIT_C" 0 3 1519, C4<0000000000000000000000000000000000000000000000000000000000000000000000000000000000000000000000000000000000000000000000000000000000000000000000000000000000000000000000000000000000000000000000000000000000000000000000000000000000000000000000000000000000000000>;
P_000001b9d2530318 .param/l "INIT_D" 0 3 1520, C4<0000000000000000000000000000000000000000000000000000000000000000000000000000000000000000000000000000000000000000000000000000000000000000000000000000000000000000000000000000000000000000000000000000000000000000000000000000000000000000000000000000000000000000>;
P_000001b9d2530350 .param/l "INIT_E" 0 3 1521, C4<0000000000000000000000000000000000000000000000000000000000000000000000000000000000000000000000000000000000000000000000000000000000000000000000000000000000000000000000000000000000000000000000000000000000000000000000000000000000000000000000000000000000000000>;
P_000001b9d2530388 .param/l "INIT_F" 0 3 1522, C4<0000000000000000000000000000000000000000000000000000000000000000000000000000000000000000000000000000000000000000000000000000000000000000000000000000000000000000000000000000000000000000000000000000000000000000000000000000000000000000000000000000000000000000>;
P_000001b9d25303c0 .param/str "INIT_FILE" 0 3 1524, "\000";
P_000001b9d25303f8 .param/l "READ_MODE" 0 3 1505, +C4<00000000000000000000000000000000>;
P_000001b9d2530430 .param/l "WRITE_MODE" 0 3 1504, +C4<00000000000000000000000000000000>;
v000001b9d252ea30_0 .net "MASK", 15 0, o000001b9d24c67c8;  alias, 0 drivers
v000001b9d252f430_0 .net "RADDR", 10 0, o000001b9d24c67f8;  alias, 0 drivers
v000001b9d252e3f0_0 .net "RCLK", 0 0, o000001b9d24c6828;  alias, 0 drivers
v000001b9d252dbd0_0 .net "RCLKE", 0 0, o000001b9d24c6858;  alias, 0 drivers
v000001b9d252f2f0_0 .net "RDATA", 15 0, L_000001b9d2591030;  alias, 1 drivers
v000001b9d252d810_0 .var "RDATA_I", 15 0;
v000001b9d252ead0_0 .net "RE", 0 0, o000001b9d24c68e8;  alias, 0 drivers
L_000001b9d2549540 .functor BUFT 1, C4<0000000000000000>, C4<0>, C4<0>, C4<0>;
v000001b9d252f110_0 .net "RMASK_I", 15 0, L_000001b9d2549540;  1 drivers
v000001b9d252e850_0 .net "WADDR", 10 0, o000001b9d24c6948;  alias, 0 drivers
v000001b9d252f390_0 .net "WCLK", 0 0, L_000001b9d2591b20;  1 drivers
v000001b9d252f7f0_0 .net "WCLKE", 0 0, o000001b9d24c69a8;  alias, 0 drivers
v000001b9d252e710_0 .net "WDATA", 15 0, o000001b9d24c69d8;  alias, 0 drivers
v000001b9d252d450_0 .net "WDATA_I", 15 0, L_000001b9d2591ab0;  1 drivers
v000001b9d252ecb0_0 .net "WE", 0 0, o000001b9d24c6a38;  alias, 0 drivers
v000001b9d252e530_0 .net "WMASK_I", 15 0, L_000001b9d2592450;  1 drivers
v000001b9d252edf0_0 .var/i "i", 31 0;
v000001b9d252f1b0 .array "memory", 255 0, 15 0;
E_000001b9d24813f0 .event posedge, v000001b9d252e3f0_0;
E_000001b9d2481570 .event posedge, v000001b9d252f390_0;
S_000001b9d25265a0 .scope generate, "genblk1" "genblk1" 3 1534, 3 1534 0, S_000001b9d2526410;
 .timescale -12 -12;
L_000001b9d2592450 .functor BUFZ 16, o000001b9d24c67c8, C4<0000000000000000>, C4<0000000000000000>, C4<0000000000000000>;
S_000001b9d2527090 .scope generate, "genblk2" "genblk2" 3 1555, 3 1555 0, S_000001b9d2526410;
 .timescale -12 -12;
S_000001b9d2526be0 .scope generate, "genblk3" "genblk3" 3 1576, 3 1576 0, S_000001b9d2526410;
 .timescale -12 -12;
L_000001b9d2591ab0 .functor BUFZ 16, o000001b9d24c69d8, C4<0000000000000000>, C4<0000000000000000>, C4<0000000000000000>;
S_000001b9d2527220 .scope generate, "genblk4" "genblk4" 3 1595, 3 1595 0, S_000001b9d2526410;
 .timescale -12 -12;
L_000001b9d2591030 .functor BUFZ 16, v000001b9d252d810_0, C4<0000000000000000>, C4<0000000000000000>, C4<0000000000000000>;
S_000001b9d24a7fe0 .scope module, "SB_RGBA_DRV" "SB_RGBA_DRV" 3 2692;
 .timescale -12 -12;
    .port_info 0 /INPUT 1 "CURREN";
    .port_info 1 /INPUT 1 "RGBLEDEN";
    .port_info 2 /INPUT 1 "RGB0PWM";
    .port_info 3 /INPUT 1 "RGB1PWM";
    .port_info 4 /INPUT 1 "RGB2PWM";
    .port_info 5 /OUTPUT 1 "RGB0";
    .port_info 6 /OUTPUT 1 "RGB1";
    .port_info 7 /OUTPUT 1 "RGB2";
P_000001b9d21c8730 .param/str "CURRENT_MODE" 0 3 2702, "0b0";
P_000001b9d21c8768 .param/str "RGB0_CURRENT" 0 3 2703, "0b000000";
P_000001b9d21c87a0 .param/str "RGB1_CURRENT" 0 3 2704, "0b000000";
P_000001b9d21c87d8 .param/str "RGB2_CURRENT" 0 3 2705, "0b000000";
o000001b9d24c6f18 .functor BUFZ 1, c4<z>; HiZ drive
v000001b9d252d950_0 .net "CURREN", 0 0, o000001b9d24c6f18;  0 drivers
o000001b9d24c6f48 .functor BUFZ 1, c4<z>; HiZ drive
v000001b9d252f750_0 .net "RGB0", 0 0, o000001b9d24c6f48;  0 drivers
o000001b9d24c6f78 .functor BUFZ 1, c4<z>; HiZ drive
v000001b9d252d130_0 .net "RGB0PWM", 0 0, o000001b9d24c6f78;  0 drivers
o000001b9d24c6fa8 .functor BUFZ 1, c4<z>; HiZ drive
v000001b9d252d270_0 .net "RGB1", 0 0, o000001b9d24c6fa8;  0 drivers
o000001b9d24c6fd8 .functor BUFZ 1, c4<z>; HiZ drive
v000001b9d252d310_0 .net "RGB1PWM", 0 0, o000001b9d24c6fd8;  0 drivers
o000001b9d24c7008 .functor BUFZ 1, c4<z>; HiZ drive
v000001b9d252d590_0 .net "RGB2", 0 0, o000001b9d24c7008;  0 drivers
o000001b9d24c7038 .functor BUFZ 1, c4<z>; HiZ drive
v000001b9d252d630_0 .net "RGB2PWM", 0 0, o000001b9d24c7038;  0 drivers
o000001b9d24c7068 .functor BUFZ 1, c4<z>; HiZ drive
v000001b9d252dc70_0 .net "RGBLEDEN", 0 0, o000001b9d24c7068;  0 drivers
S_000001b9d24ad1c0 .scope module, "SB_RGB_DRV" "SB_RGB_DRV" 3 2716;
 .timescale -12 -12;
    .port_info 0 /INPUT 1 "RGBLEDEN";
    .port_info 1 /INPUT 1 "RGB0PWM";
    .port_info 2 /INPUT 1 "RGB1PWM";
    .port_info 3 /INPUT 1 "RGB2PWM";
    .port_info 4 /INPUT 1 "RGBPU";
    .port_info 5 /OUTPUT 1 "RGB0";
    .port_info 6 /OUTPUT 1 "RGB1";
    .port_info 7 /OUTPUT 1 "RGB2";
P_000001b9d2176aa0 .param/str "CURRENT_MODE" 0 3 2726, "0b0";
P_000001b9d2176ad8 .param/str "RGB0_CURRENT" 0 3 2727, "0b000000";
P_000001b9d2176b10 .param/str "RGB1_CURRENT" 0 3 2728, "0b000000";
P_000001b9d2176b48 .param/str "RGB2_CURRENT" 0 3 2729, "0b000000";
o000001b9d24c7218 .functor BUFZ 1, c4<z>; HiZ drive
v000001b9d252de50_0 .net "RGB0", 0 0, o000001b9d24c7218;  0 drivers
o000001b9d24c7248 .functor BUFZ 1, c4<z>; HiZ drive
v000001b9d252e5d0_0 .net "RGB0PWM", 0 0, o000001b9d24c7248;  0 drivers
o000001b9d24c7278 .functor BUFZ 1, c4<z>; HiZ drive
v000001b9d252d8b0_0 .net "RGB1", 0 0, o000001b9d24c7278;  0 drivers
o000001b9d24c72a8 .functor BUFZ 1, c4<z>; HiZ drive
v000001b9d252d9f0_0 .net "RGB1PWM", 0 0, o000001b9d24c72a8;  0 drivers
o000001b9d24c72d8 .functor BUFZ 1, c4<z>; HiZ drive
v000001b9d252db30_0 .net "RGB2", 0 0, o000001b9d24c72d8;  0 drivers
o000001b9d24c7308 .functor BUFZ 1, c4<z>; HiZ drive
v000001b9d252def0_0 .net "RGB2PWM", 0 0, o000001b9d24c7308;  0 drivers
o000001b9d24c7338 .functor BUFZ 1, c4<z>; HiZ drive
v000001b9d252da90_0 .net "RGBLEDEN", 0 0, o000001b9d24c7338;  0 drivers
o000001b9d24c7368 .functor BUFZ 1, c4<z>; HiZ drive
v000001b9d252e0d0_0 .net "RGBPU", 0 0, o000001b9d24c7368;  0 drivers
S_000001b9d24ac3b0 .scope module, "SB_SPI" "SB_SPI" 3 2776;
 .timescale -12 -12;
    .port_info 0 /INPUT 1 "SBCLKI";
    .port_info 1 /INPUT 1 "SBRWI";
    .port_info 2 /INPUT 1 "SBSTBI";
    .port_info 3 /INPUT 1 "SBADRI7";
    .port_info 4 /INPUT 1 "SBADRI6";
    .port_info 5 /INPUT 1 "SBADRI5";
    .port_info 6 /INPUT 1 "SBADRI4";
    .port_info 7 /INPUT 1 "SBADRI3";
    .port_info 8 /INPUT 1 "SBADRI2";
    .port_info 9 /INPUT 1 "SBADRI1";
    .port_info 10 /INPUT 1 "SBADRI0";
    .port_info 11 /INPUT 1 "SBDATI7";
    .port_info 12 /INPUT 1 "SBDATI6";
    .port_info 13 /INPUT 1 "SBDATI5";
    .port_info 14 /INPUT 1 "SBDATI4";
    .port_info 15 /INPUT 1 "SBDATI3";
    .port_info 16 /INPUT 1 "SBDATI2";
    .port_info 17 /INPUT 1 "SBDATI1";
    .port_info 18 /INPUT 1 "SBDATI0";
    .port_info 19 /INPUT 1 "MI";
    .port_info 20 /INPUT 1 "SI";
    .port_info 21 /INPUT 1 "SCKI";
    .port_info 22 /INPUT 1 "SCSNI";
    .port_info 23 /OUTPUT 1 "SBDATO7";
    .port_info 24 /OUTPUT 1 "SBDATO6";
    .port_info 25 /OUTPUT 1 "SBDATO5";
    .port_info 26 /OUTPUT 1 "SBDATO4";
    .port_info 27 /OUTPUT 1 "SBDATO3";
    .port_info 28 /OUTPUT 1 "SBDATO2";
    .port_info 29 /OUTPUT 1 "SBDATO1";
    .port_info 30 /OUTPUT 1 "SBDATO0";
    .port_info 31 /OUTPUT 1 "SBACKO";
    .port_info 32 /OUTPUT 1 "SPIIRQ";
    .port_info 33 /OUTPUT 1 "SPIWKUP";
    .port_info 34 /OUTPUT 1 "SO";
    .port_info 35 /OUTPUT 1 "SOE";
    .port_info 36 /OUTPUT 1 "MO";
    .port_info 37 /OUTPUT 1 "MOE";
    .port_info 38 /OUTPUT 1 "SCKO";
    .port_info 39 /OUTPUT 1 "SCKOE";
    .port_info 40 /OUTPUT 1 "MCSNO3";
    .port_info 41 /OUTPUT 1 "MCSNO2";
    .port_info 42 /OUTPUT 1 "MCSNO1";
    .port_info 43 /OUTPUT 1 "MCSNO0";
    .port_info 44 /OUTPUT 1 "MCSNOE3";
    .port_info 45 /OUTPUT 1 "MCSNOE2";
    .port_info 46 /OUTPUT 1 "MCSNOE1";
    .port_info 47 /OUTPUT 1 "MCSNOE0";
P_000001b9d2480b70 .param/str "BUS_ADDR74" 0 3 2826, "0b0000";
o000001b9d24c7518 .functor BUFZ 1, c4<z>; HiZ drive
v000001b9d252e170_0 .net "MCSNO0", 0 0, o000001b9d24c7518;  0 drivers
o000001b9d24c7548 .functor BUFZ 1, c4<z>; HiZ drive
v000001b9d252e2b0_0 .net "MCSNO1", 0 0, o000001b9d24c7548;  0 drivers
o000001b9d24c7578 .functor BUFZ 1, c4<z>; HiZ drive
v000001b9d252e670_0 .net "MCSNO2", 0 0, o000001b9d24c7578;  0 drivers
o000001b9d24c75a8 .functor BUFZ 1, c4<z>; HiZ drive
v000001b9d252fa70_0 .net "MCSNO3", 0 0, o000001b9d24c75a8;  0 drivers
o000001b9d24c75d8 .functor BUFZ 1, c4<z>; HiZ drive
v000001b9d252fed0_0 .net "MCSNOE0", 0 0, o000001b9d24c75d8;  0 drivers
o000001b9d24c7608 .functor BUFZ 1, c4<z>; HiZ drive
v000001b9d252f930_0 .net "MCSNOE1", 0 0, o000001b9d24c7608;  0 drivers
o000001b9d24c7638 .functor BUFZ 1, c4<z>; HiZ drive
v000001b9d252fe30_0 .net "MCSNOE2", 0 0, o000001b9d24c7638;  0 drivers
o000001b9d24c7668 .functor BUFZ 1, c4<z>; HiZ drive
v000001b9d252fcf0_0 .net "MCSNOE3", 0 0, o000001b9d24c7668;  0 drivers
o000001b9d24c7698 .functor BUFZ 1, c4<z>; HiZ drive
v000001b9d252f9d0_0 .net "MI", 0 0, o000001b9d24c7698;  0 drivers
o000001b9d24c76c8 .functor BUFZ 1, c4<z>; HiZ drive
v000001b9d252fd90_0 .net "MO", 0 0, o000001b9d24c76c8;  0 drivers
o000001b9d24c76f8 .functor BUFZ 1, c4<z>; HiZ drive
v000001b9d252fbb0_0 .net "MOE", 0 0, o000001b9d24c76f8;  0 drivers
o000001b9d24c7728 .functor BUFZ 1, c4<z>; HiZ drive
v000001b9d252fb10_0 .net "SBACKO", 0 0, o000001b9d24c7728;  0 drivers
o000001b9d24c7758 .functor BUFZ 1, c4<z>; HiZ drive
v000001b9d252ff70_0 .net "SBADRI0", 0 0, o000001b9d24c7758;  0 drivers
o000001b9d24c7788 .functor BUFZ 1, c4<z>; HiZ drive
v000001b9d252f890_0 .net "SBADRI1", 0 0, o000001b9d24c7788;  0 drivers
o000001b9d24c77b8 .functor BUFZ 1, c4<z>; HiZ drive
v000001b9d252fc50_0 .net "SBADRI2", 0 0, o000001b9d24c77b8;  0 drivers
o000001b9d24c77e8 .functor BUFZ 1, c4<z>; HiZ drive
v000001b9d2529990_0 .net "SBADRI3", 0 0, o000001b9d24c77e8;  0 drivers
o000001b9d24c7818 .functor BUFZ 1, c4<z>; HiZ drive
v000001b9d2529fd0_0 .net "SBADRI4", 0 0, o000001b9d24c7818;  0 drivers
o000001b9d24c7848 .functor BUFZ 1, c4<z>; HiZ drive
v000001b9d2529170_0 .net "SBADRI5", 0 0, o000001b9d24c7848;  0 drivers
o000001b9d24c7878 .functor BUFZ 1, c4<z>; HiZ drive
v000001b9d252a570_0 .net "SBADRI6", 0 0, o000001b9d24c7878;  0 drivers
o000001b9d24c78a8 .functor BUFZ 1, c4<z>; HiZ drive
v000001b9d2529030_0 .net "SBADRI7", 0 0, o000001b9d24c78a8;  0 drivers
o000001b9d24c78d8 .functor BUFZ 1, c4<z>; HiZ drive
v000001b9d25286d0_0 .net "SBCLKI", 0 0, o000001b9d24c78d8;  0 drivers
o000001b9d24c7908 .functor BUFZ 1, c4<z>; HiZ drive
v000001b9d2528130_0 .net "SBDATI0", 0 0, o000001b9d24c7908;  0 drivers
o000001b9d24c7938 .functor BUFZ 1, c4<z>; HiZ drive
v000001b9d2529d50_0 .net "SBDATI1", 0 0, o000001b9d24c7938;  0 drivers
o000001b9d24c7968 .functor BUFZ 1, c4<z>; HiZ drive
v000001b9d2528950_0 .net "SBDATI2", 0 0, o000001b9d24c7968;  0 drivers
o000001b9d24c7998 .functor BUFZ 1, c4<z>; HiZ drive
v000001b9d25293f0_0 .net "SBDATI3", 0 0, o000001b9d24c7998;  0 drivers
o000001b9d24c79c8 .functor BUFZ 1, c4<z>; HiZ drive
v000001b9d25288b0_0 .net "SBDATI4", 0 0, o000001b9d24c79c8;  0 drivers
o000001b9d24c79f8 .functor BUFZ 1, c4<z>; HiZ drive
v000001b9d2528270_0 .net "SBDATI5", 0 0, o000001b9d24c79f8;  0 drivers
o000001b9d24c7a28 .functor BUFZ 1, c4<z>; HiZ drive
v000001b9d252a610_0 .net "SBDATI6", 0 0, o000001b9d24c7a28;  0 drivers
o000001b9d24c7a58 .functor BUFZ 1, c4<z>; HiZ drive
v000001b9d2528ef0_0 .net "SBDATI7", 0 0, o000001b9d24c7a58;  0 drivers
o000001b9d24c7a88 .functor BUFZ 1, c4<z>; HiZ drive
v000001b9d2529b70_0 .net "SBDATO0", 0 0, o000001b9d24c7a88;  0 drivers
o000001b9d24c7ab8 .functor BUFZ 1, c4<z>; HiZ drive
v000001b9d25297b0_0 .net "SBDATO1", 0 0, o000001b9d24c7ab8;  0 drivers
o000001b9d24c7ae8 .functor BUFZ 1, c4<z>; HiZ drive
v000001b9d2529210_0 .net "SBDATO2", 0 0, o000001b9d24c7ae8;  0 drivers
o000001b9d24c7b18 .functor BUFZ 1, c4<z>; HiZ drive
v000001b9d252a6b0_0 .net "SBDATO3", 0 0, o000001b9d24c7b18;  0 drivers
o000001b9d24c7b48 .functor BUFZ 1, c4<z>; HiZ drive
v000001b9d2528810_0 .net "SBDATO4", 0 0, o000001b9d24c7b48;  0 drivers
o000001b9d24c7b78 .functor BUFZ 1, c4<z>; HiZ drive
v000001b9d2528310_0 .net "SBDATO5", 0 0, o000001b9d24c7b78;  0 drivers
o000001b9d24c7ba8 .functor BUFZ 1, c4<z>; HiZ drive
v000001b9d25298f0_0 .net "SBDATO6", 0 0, o000001b9d24c7ba8;  0 drivers
o000001b9d24c7bd8 .functor BUFZ 1, c4<z>; HiZ drive
v000001b9d25281d0_0 .net "SBDATO7", 0 0, o000001b9d24c7bd8;  0 drivers
o000001b9d24c7c08 .functor BUFZ 1, c4<z>; HiZ drive
v000001b9d25283b0_0 .net "SBRWI", 0 0, o000001b9d24c7c08;  0 drivers
o000001b9d24c7c38 .functor BUFZ 1, c4<z>; HiZ drive
v000001b9d2528770_0 .net "SBSTBI", 0 0, o000001b9d24c7c38;  0 drivers
o000001b9d24c7c68 .functor BUFZ 1, c4<z>; HiZ drive
v000001b9d252a250_0 .net "SCKI", 0 0, o000001b9d24c7c68;  0 drivers
o000001b9d24c7c98 .functor BUFZ 1, c4<z>; HiZ drive
v000001b9d25292b0_0 .net "SCKO", 0 0, o000001b9d24c7c98;  0 drivers
o000001b9d24c7cc8 .functor BUFZ 1, c4<z>; HiZ drive
v000001b9d2529850_0 .net "SCKOE", 0 0, o000001b9d24c7cc8;  0 drivers
o000001b9d24c7cf8 .functor BUFZ 1, c4<z>; HiZ drive
v000001b9d2529cb0_0 .net "SCSNI", 0 0, o000001b9d24c7cf8;  0 drivers
o000001b9d24c7d28 .functor BUFZ 1, c4<z>; HiZ drive
v000001b9d2529c10_0 .net "SI", 0 0, o000001b9d24c7d28;  0 drivers
o000001b9d24c7d58 .functor BUFZ 1, c4<z>; HiZ drive
v000001b9d252a110_0 .net "SO", 0 0, o000001b9d24c7d58;  0 drivers
o000001b9d24c7d88 .functor BUFZ 1, c4<z>; HiZ drive
v000001b9d25289f0_0 .net "SOE", 0 0, o000001b9d24c7d88;  0 drivers
o000001b9d24c7db8 .functor BUFZ 1, c4<z>; HiZ drive
v000001b9d2529490_0 .net "SPIIRQ", 0 0, o000001b9d24c7db8;  0 drivers
o000001b9d24c7de8 .functor BUFZ 1, c4<z>; HiZ drive
v000001b9d2528b30_0 .net "SPIWKUP", 0 0, o000001b9d24c7de8;  0 drivers
S_000001b9d24ad030 .scope module, "SB_SPRAM256KA" "SB_SPRAM256KA" 3 2600;
 .timescale -12 -12;
    .port_info 0 /INPUT 14 "ADDRESS";
    .port_info 1 /INPUT 16 "DATAIN";
    .port_info 2 /INPUT 4 "MASKWREN";
    .port_info 3 /INPUT 1 "WREN";
    .port_info 4 /INPUT 1 "CHIPSELECT";
    .port_info 5 /INPUT 1 "CLOCK";
    .port_info 6 /INPUT 1 "STANDBY";
    .port_info 7 /INPUT 1 "SLEEP";
    .port_info 8 /INPUT 1 "POWEROFF";
    .port_info 9 /OUTPUT 16 "DATAOUT";
o000001b9d24c8868 .functor BUFZ 1, c4<z>; HiZ drive
L_000001b9d2591b90 .functor OR 1, o000001b9d24c8868, L_000001b9d253bc50, C4<0>, C4<0>;
o000001b9d24c8718 .functor BUFZ 14, c4<zzzzzzzzzzzzzz>; HiZ drive
v000001b9d2528450_0 .net "ADDRESS", 13 0, o000001b9d24c8718;  0 drivers
o000001b9d24c8748 .functor BUFZ 1, c4<z>; HiZ drive
v000001b9d2529530_0 .net "CHIPSELECT", 0 0, o000001b9d24c8748;  0 drivers
o000001b9d24c8778 .functor BUFZ 1, c4<z>; HiZ drive
v000001b9d25284f0_0 .net "CLOCK", 0 0, o000001b9d24c8778;  0 drivers
o000001b9d24c87a8 .functor BUFZ 16, c4<zzzzzzzzzzzzzzzz>; HiZ drive
v000001b9d2529df0_0 .net "DATAIN", 15 0, o000001b9d24c87a8;  0 drivers
v000001b9d2528a90_0 .var "DATAOUT", 15 0;
o000001b9d24c8808 .functor BUFZ 4, c4<zzzz>; HiZ drive
v000001b9d2529350_0 .net "MASKWREN", 3 0, o000001b9d24c8808;  0 drivers
o000001b9d24c8838 .functor BUFZ 1, c4<z>; HiZ drive
v000001b9d2528bd0_0 .net "POWEROFF", 0 0, o000001b9d24c8838;  0 drivers
v000001b9d2528590_0 .net "SLEEP", 0 0, o000001b9d24c8868;  0 drivers
o000001b9d24c8898 .functor BUFZ 1, c4<z>; HiZ drive
v000001b9d252a2f0_0 .net "STANDBY", 0 0, o000001b9d24c8898;  0 drivers
o000001b9d24c88c8 .functor BUFZ 1, c4<z>; HiZ drive
v000001b9d2528c70_0 .net "WREN", 0 0, o000001b9d24c88c8;  0 drivers
v000001b9d25295d0_0 .net *"_ivl_1", 0 0, L_000001b9d253bc50;  1 drivers
v000001b9d2528090_0 .var/i "i", 31 0;
v000001b9d2528630 .array "mem", 16383 0, 15 0;
v000001b9d252a430_0 .net "off", 0 0, L_000001b9d2591b90;  1 drivers
E_000001b9d2481930 .event posedge, v000001b9d252a430_0, v000001b9d25284f0_0;
E_000001b9d2481c30 .event negedge, v000001b9d2528bd0_0;
L_000001b9d253bc50 .reduce/nor o000001b9d24c8838;
S_000001b9d24acea0 .scope module, "SB_WARMBOOT" "SB_WARMBOOT" 3 2593;
 .timescale -12 -12;
    .port_info 0 /INPUT 1 "BOOT";
    .port_info 1 /INPUT 1 "S1";
    .port_info 2 /INPUT 1 "S0";
o000001b9d24c8b68 .functor BUFZ 1, c4<z>; HiZ drive
v000001b9d2529a30_0 .net "BOOT", 0 0, o000001b9d24c8b68;  0 drivers
o000001b9d24c8b98 .functor BUFZ 1, c4<z>; HiZ drive
v000001b9d2529e90_0 .net "S0", 0 0, o000001b9d24c8b98;  0 drivers
o000001b9d24c8bc8 .functor BUFZ 1, c4<z>; HiZ drive
v000001b9d2528d10_0 .net "S1", 0 0, o000001b9d24c8bc8;  0 drivers
S_000001b9d24ac9f0 .scope module, "adder_tree" "adder_tree" 4 15;
 .timescale -12 -12;
    .port_info 0 /INPUT 32 "flat_inputs";
    .port_info 1 /OUTPUT 10 "sum_out";
P_000001b9d2176b90 .param/l "IN_WIDTH" 0 4 16, +C4<00000000000000000000000000001000>;
P_000001b9d2176bc8 .param/l "LOG2_N" 1 4 27, +C4<00000000000000000000000000000010>;
P_000001b9d2176c00 .param/l "NUM_INPUTS" 0 4 17, +C4<00000000000000000000000000000100>;
P_000001b9d2176c38 .param/l "OUT_WIDTH" 1 4 28, +C4<000000000000000000000000000001010>;
L_000001b9d2591960 .functor BUFZ 10, L_000001b9d253c3d0, C4<0000000000>, C4<0000000000>, C4<0000000000>;
v000001b9d252a4d0_0 .net/s *"_ivl_13", 8 0, L_000001b9d253bf70;  1 drivers
v000001b9d2529ad0_0 .net/s *"_ivl_16", 8 0, L_000001b9d253b070;  1 drivers
v000001b9d25290d0_0 .net/s *"_ivl_20", 9 0, L_000001b9d253b2f0;  1 drivers
v000001b9d2528db0_0 .net/s *"_ivl_22", 9 0, L_000001b9d253c330;  1 drivers
v000001b9d2529670_0 .net/s *"_ivl_5", 8 0, L_000001b9d253afd0;  1 drivers
v000001b9d2529f30_0 .net/s *"_ivl_8", 8 0, L_000001b9d253b390;  1 drivers
v000001b9d2529710_0 .net/s "final_sum", 9 0, L_000001b9d253c3d0;  1 drivers
o000001b9d24c8dd8 .functor BUFZ 32, c4<zzzzzzzzzzzzzzzzzzzzzzzzzzzzzzzz>; HiZ drive
v000001b9d2528e50_0 .net "flat_inputs", 31 0, o000001b9d24c8dd8;  0 drivers
v000001b9d2528f90 .array "inputs", 3 0;
v000001b9d2528f90_0 .net/s v000001b9d2528f90 0, 7 0, L_000001b9d253adf0; 1 drivers
v000001b9d2528f90_1 .net/s v000001b9d2528f90 1, 7 0, L_000001b9d253cc90; 1 drivers
v000001b9d2528f90_2 .net/s v000001b9d2528f90 2, 7 0, L_000001b9d253ae90; 1 drivers
v000001b9d2528f90_3 .net/s v000001b9d2528f90 3, 7 0, L_000001b9d253af30; 1 drivers
v000001b9d252a070_0 .net/s "stage1_sum0", 8 0, L_000001b9d253bcf0;  1 drivers
v000001b9d252a1b0_0 .net/s "stage1_sum1", 8 0, L_000001b9d253b250;  1 drivers
v000001b9d252a750_0 .net "sum_out", 9 0, L_000001b9d2591960;  1 drivers
L_000001b9d253adf0 .part o000001b9d24c8dd8, 0, 8;
L_000001b9d253cc90 .part o000001b9d24c8dd8, 8, 8;
L_000001b9d253ae90 .part o000001b9d24c8dd8, 16, 8;
L_000001b9d253af30 .part o000001b9d24c8dd8, 24, 8;
L_000001b9d253afd0 .extend/s 9, L_000001b9d253adf0;
L_000001b9d253b390 .extend/s 9, L_000001b9d253cc90;
L_000001b9d253bcf0 .arith/sum 9, L_000001b9d253afd0, L_000001b9d253b390;
L_000001b9d253bf70 .extend/s 9, L_000001b9d253ae90;
L_000001b9d253b070 .extend/s 9, L_000001b9d253af30;
L_000001b9d253b250 .arith/sum 9, L_000001b9d253bf70, L_000001b9d253b070;
L_000001b9d253b2f0 .extend/s 10, L_000001b9d253bcf0;
L_000001b9d253c330 .extend/s 10, L_000001b9d253b250;
L_000001b9d253c3d0 .arith/sum 10, L_000001b9d253b2f0, L_000001b9d253c330;
S_000001b9d25276d0 .scope generate, "unpack[0]" "unpack[0]" 4 35, 4 35 0, S_000001b9d24ac9f0;
 .timescale -12 -12;
P_000001b9d24818b0 .param/l "i" 1 4 35, +C4<00>;
S_000001b9d2527860 .scope generate, "unpack[1]" "unpack[1]" 4 35, 4 35 0, S_000001b9d24ac9f0;
 .timescale -12 -12;
P_000001b9d2481c70 .param/l "i" 1 4 35, +C4<01>;
S_000001b9d2525c40 .scope generate, "unpack[2]" "unpack[2]" 4 35, 4 35 0, S_000001b9d24ac9f0;
 .timescale -12 -12;
P_000001b9d24818f0 .param/l "i" 1 4 35, +C4<010>;
S_000001b9d2526730 .scope generate, "unpack[3]" "unpack[3]" 4 35, 4 35 0, S_000001b9d24ac9f0;
 .timescale -12 -12;
P_000001b9d2481970 .param/l "i" 1 4 35, +C4<011>;
S_000001b9d24ad350 .scope module, "ex10_tb" "ex10_tb" 5 2;
 .timescale -9 -12;
v000001b9d252b290_0 .var "clk", 0 0;
v000001b9d252c190_0 .var/s "din", 7 0;
v000001b9d252c2d0_0 .net/s "dout", 17 0, v000001b9d252aa70_0;  1 drivers
v000001b9d252c410_0 .var "rst", 0 0;
S_000001b9d2525dd0 .scope module, "uut" "fir_filter" 5 5, 6 11 0, S_000001b9d24ad350;
 .timescale -12 -12;
    .port_info 0 /INPUT 1 "clk";
    .port_info 1 /INPUT 1 "rst";
    .port_info 2 /INPUT 8 "din";
    .port_info 3 /OUTPUT 18 "dout";
P_000001b9d2349e20 .param/l "COEF_WIDTH" 0 6 13, +C4<00000000000000000000000000001000>;
P_000001b9d2349e58 .param/l "IN_WIDTH" 0 6 12, +C4<00000000000000000000000000001000>;
P_000001b9d2349e90 .param/l "MULT_WIDTH" 1 6 24, +C4<000000000000000000000000000010000>;
P_000001b9d2349ec8 .param/l "TAPS" 1 6 23, +C4<00000000000000000000000000000100>;
v000001b9d252cb90_0 .net/s *"_ivl_20", 15 0, L_000001b9d25ab070;  1 drivers
v000001b9d252ab10_0 .net/s *"_ivl_22", 15 0, L_000001b9d25ac3d0;  1 drivers
v000001b9d252b5b0_0 .net/s *"_ivl_24", 15 0, L_000001b9d25aa5d0;  1 drivers
v000001b9d252c550_0 .net/s *"_ivl_27", 15 0, L_000001b9d25ac790;  1 drivers
v000001b9d252ad90_0 .net/s *"_ivl_31", 15 0, L_000001b9d25abbb0;  1 drivers
v000001b9d252a890_0 .net/s *"_ivl_33", 15 0, L_000001b9d25aa850;  1 drivers
v000001b9d252ae30_0 .net/s *"_ivl_35", 15 0, L_000001b9d25aa3f0;  1 drivers
v000001b9d252aed0_0 .net/s *"_ivl_38", 15 0, L_000001b9d25ac650;  1 drivers
v000001b9d252b150_0 .net/s *"_ivl_42", 17 0, L_000001b9d25acab0;  1 drivers
v000001b9d252af70_0 .net/s *"_ivl_44", 17 0, L_000001b9d25abe30;  1 drivers
v000001b9d252b010_0 .net "clk", 0 0, v000001b9d252b290_0;  1 drivers
v000001b9d252a930_0 .net/s "din", 7 0, v000001b9d252c190_0;  1 drivers
v000001b9d252aa70_0 .var/s "dout", 17 0;
v000001b9d252bbf0_0 .net "flat_taps", 31 0, L_000001b9d25ab930;  1 drivers
L_000001b9d2549588 .functor BUFT 1, C4<00001010>, C4<0>, C4<0>, C4<0>;
v000001b9d252bfb0 .array "h", 3 0;
v000001b9d252bfb0_0 .net/s v000001b9d252bfb0 0, 7 0, L_000001b9d2549588; 1 drivers
L_000001b9d25495d0 .functor BUFT 1, C4<00010100>, C4<0>, C4<0>, C4<0>;
v000001b9d252bfb0_1 .net/s v000001b9d252bfb0 1, 7 0, L_000001b9d25495d0; 1 drivers
L_000001b9d2549618 .functor BUFT 1, C4<00010100>, C4<0>, C4<0>, C4<0>;
v000001b9d252bfb0_2 .net/s v000001b9d252bfb0 2, 7 0, L_000001b9d2549618; 1 drivers
L_000001b9d2549660 .functor BUFT 1, C4<00001010>, C4<0>, C4<0>, C4<0>;
v000001b9d252bfb0_3 .net/s v000001b9d252bfb0 3, 7 0, L_000001b9d2549660; 1 drivers
v000001b9d252b3d0_0 .net/s "prod01", 15 0, L_000001b9d25ab2f0;  1 drivers
v000001b9d252b0b0_0 .net/s "prod12", 15 0, L_000001b9d25ab7f0;  1 drivers
v000001b9d252ce10_0 .net "rst", 0 0, v000001b9d252c410_0;  1 drivers
v000001b9d252b790_0 .net/s "sum_wire", 17 0, L_000001b9d25ab890;  1 drivers
v000001b9d252ceb0_0 .net/s "tap0", 7 0, L_000001b9d25ab750;  1 drivers
v000001b9d252ba10_0 .net/s "tap1", 7 0, L_000001b9d25aba70;  1 drivers
v000001b9d252b1f0_0 .net/s "tap2", 7 0, L_000001b9d25ac5b0;  1 drivers
v000001b9d252abb0_0 .net/s "tap3", 7 0, L_000001b9d25ac330;  1 drivers
L_000001b9d25ab750 .part L_000001b9d25ab930, 0, 8;
L_000001b9d25aba70 .part L_000001b9d25ab930, 8, 8;
L_000001b9d25ac5b0 .part L_000001b9d25ab930, 16, 8;
L_000001b9d25ac330 .part L_000001b9d25ab930, 24, 8;
L_000001b9d25ab070 .extend/s 16, L_000001b9d25ab750;
L_000001b9d25ac3d0 .extend/s 16, L_000001b9d25ac330;
L_000001b9d25aa5d0 .arith/sum 16, L_000001b9d25ab070, L_000001b9d25ac3d0;
L_000001b9d25ac790 .extend/s 16, L_000001b9d2549588;
L_000001b9d25ab2f0 .arith/mult 16, L_000001b9d25aa5d0, L_000001b9d25ac790;
L_000001b9d25abbb0 .extend/s 16, L_000001b9d25aba70;
L_000001b9d25aa850 .extend/s 16, L_000001b9d25ac5b0;
L_000001b9d25aa3f0 .arith/sum 16, L_000001b9d25abbb0, L_000001b9d25aa850;
L_000001b9d25ac650 .extend/s 16, L_000001b9d25495d0;
L_000001b9d25ab7f0 .arith/mult 16, L_000001b9d25aa3f0, L_000001b9d25ac650;
L_000001b9d25acab0 .extend/s 18, L_000001b9d25ab2f0;
L_000001b9d25abe30 .extend/s 18, L_000001b9d25ab7f0;
L_000001b9d25ab890 .arith/sum 18, L_000001b9d25acab0, L_000001b9d25abe30;
S_000001b9d24acd10 .scope module, "delay_line_inst" "regressor" 6 38, 7 11 0, S_000001b9d2525dd0;
 .timescale -12 -12;
    .port_info 0 /INPUT 1 "clk";
    .port_info 1 /INPUT 1 "rst";
    .port_info 2 /INPUT 8 "data_in";
    .port_info 3 /OUTPUT 32 "flat_taps";
P_000001b9d22b5b80 .param/l "DATA_WIDTH" 0 7 12, +C4<00000000000000000000000000001000>;
P_000001b9d22b5bb8 .param/l "TAPS" 0 7 13, +C4<00000000000000000000000000000100>;
v000001b9d252b330_0 .net "clk", 0 0, v000001b9d252b290_0;  alias, 1 drivers
v000001b9d252b6f0_0 .net/s "data_in", 7 0, v000001b9d252c190_0;  alias, 1 drivers
v000001b9d252bf10 .array/s "delay_line", 3 0, 7 0;
v000001b9d252cd70_0 .net "flat_taps", 31 0, L_000001b9d25ab930;  alias, 1 drivers
v000001b9d252acf0_0 .var/i "i", 31 0;
v000001b9d252cf50_0 .net "rst", 0 0, v000001b9d252c410_0;  alias, 1 drivers
E_000001b9d2481430 .event posedge, v000001b9d252b330_0;
v000001b9d252bf10_0 .array/port v000001b9d252bf10, 0;
v000001b9d252bf10_1 .array/port v000001b9d252bf10, 1;
v000001b9d252bf10_2 .array/port v000001b9d252bf10, 2;
v000001b9d252bf10_3 .array/port v000001b9d252bf10, 3;
L_000001b9d25ab930 .concat8 [ 8 8 8 8], v000001b9d252bf10_0, v000001b9d252bf10_1, v000001b9d252bf10_2, v000001b9d252bf10_3;
S_000001b9d2537930 .scope generate, "pack[0]" "pack[0]" 7 46, 7 46 0, S_000001b9d24acd10;
 .timescale -12 -12;
P_000001b9d24815f0 .param/l "j" 1 7 46, +C4<00>;
v000001b9d252a390_0 .net *"_ivl_2", 7 0, v000001b9d252bf10_0;  1 drivers
S_000001b9d2538290 .scope generate, "pack[1]" "pack[1]" 7 46, 7 46 0, S_000001b9d24acd10;
 .timescale -12 -12;
P_000001b9d2481b70 .param/l "j" 1 7 46, +C4<01>;
v000001b9d252a7f0_0 .net *"_ivl_2", 7 0, v000001b9d252bf10_1;  1 drivers
S_000001b9d2537de0 .scope generate, "pack[2]" "pack[2]" 7 46, 7 46 0, S_000001b9d24acd10;
 .timescale -12 -12;
P_000001b9d24819f0 .param/l "j" 1 7 46, +C4<010>;
v000001b9d252c230_0 .net *"_ivl_2", 7 0, v000001b9d252bf10_2;  1 drivers
S_000001b9d2536e40 .scope generate, "pack[3]" "pack[3]" 7 46, 7 46 0, S_000001b9d24acd10;
 .timescale -12 -12;
P_000001b9d2481630 .param/l "j" 1 7 46, +C4<011>;
v000001b9d252c910_0 .net *"_ivl_2", 7 0, v000001b9d252bf10_3;  1 drivers
S_000001b9d24abf00 .scope module, "ex10_top" "ex10_top" 8 1;
 .timescale -12 -12;
    .port_info 0 /OUTPUT 1 "LED_B";
    .port_info 1 /OUTPUT 1 "LED_G";
    .port_info 2 /OUTPUT 1 "LED_R";
    .port_info 3 /INPUT 1 "ICE_SW2";
o000001b9d24ca488 .functor BUFZ 1, c4<z>; HiZ drive
v000001b9d253df50_0 .net "ICE_SW2", 0 0, o000001b9d24ca488;  0 drivers
L_000001b9d2549930 .functor BUFT 1, C4<1>, C4<0>, C4<0>, C4<0>;
v000001b9d253e9f0_0 .net "LED_B", 0 0, L_000001b9d2549930;  1 drivers
v000001b9d253f670_0 .net "LED_G", 0 0, L_000001b9d25ac510;  1 drivers
L_000001b9d25498e8 .functor BUFT 1, C4<1>, C4<0>, C4<0>, C4<0>;
v000001b9d253d870_0 .net "LED_R", 0 0, L_000001b9d25498e8;  1 drivers
L_000001b9d25498a0 .functor BUFT 1, C4<0000000>, C4<0>, C4<0>, C4<0>;
v000001b9d253f850_0 .net/2u *"_ivl_6", 6 0, L_000001b9d25498a0;  1 drivers
o000001b9d24c9888 .functor BUFZ 1, c4<z>; HiZ drive
v000001b9d253f3f0_0 .net "clk", 0 0, o000001b9d24c9888;  0 drivers
v000001b9d253e950_0 .net/s "dout", 17 0, v000001b9d252c0f0_0;  1 drivers
L_000001b9d25aad50 .concat [ 1 7 0 0], o000001b9d24ca488, L_000001b9d25498a0;
L_000001b9d25ac510 .part v000001b9d252c0f0_0, 0, 1;
S_000001b9d2537610 .scope module, "inst" "fir_filter" 8 7, 6 11 0, S_000001b9d24abf00;
 .timescale -12 -12;
    .port_info 0 /INPUT 1 "clk";
    .port_info 1 /INPUT 1 "rst";
    .port_info 2 /INPUT 8 "din";
    .port_info 3 /OUTPUT 18 "dout";
P_000001b9d25384a0 .param/l "COEF_WIDTH" 0 6 13, +C4<00000000000000000000000000001000>;
P_000001b9d25384d8 .param/l "IN_WIDTH" 0 6 12, +C4<00000000000000000000000000001000>;
P_000001b9d2538510 .param/l "MULT_WIDTH" 1 6 24, +C4<000000000000000000000000000010000>;
P_000001b9d2538548 .param/l "TAPS" 1 6 23, +C4<00000000000000000000000000000100>;
v000001b9d252a9d0_0 .net/s *"_ivl_20", 15 0, L_000001b9d25ac830;  1 drivers
v000001b9d252cc30_0 .net/s *"_ivl_22", 15 0, L_000001b9d25ac8d0;  1 drivers
v000001b9d252c9b0_0 .net/s *"_ivl_24", 15 0, L_000001b9d25abb10;  1 drivers
v000001b9d252caf0_0 .net/s *"_ivl_27", 15 0, L_000001b9d25ac970;  1 drivers
v000001b9d252ccd0_0 .net/s *"_ivl_31", 15 0, L_000001b9d25abc50;  1 drivers
v000001b9d252c050_0 .net/s *"_ivl_33", 15 0, L_000001b9d25acb50;  1 drivers
v000001b9d252ac50_0 .net/s *"_ivl_35", 15 0, L_000001b9d25ac010;  1 drivers
v000001b9d252c4b0_0 .net/s *"_ivl_38", 15 0, L_000001b9d25aacb0;  1 drivers
v000001b9d252bdd0_0 .net/s *"_ivl_42", 17 0, L_000001b9d25aa670;  1 drivers
v000001b9d252b830_0 .net/s *"_ivl_44", 17 0, L_000001b9d25aae90;  1 drivers
v000001b9d252b8d0_0 .net "clk", 0 0, o000001b9d24c9888;  alias, 0 drivers
v000001b9d252b970_0 .net/s "din", 7 0, L_000001b9d25aad50;  1 drivers
v000001b9d252c0f0_0 .var/s "dout", 17 0;
v000001b9d252be70_0 .net "flat_taps", 31 0, L_000001b9d25aaad0;  1 drivers
L_000001b9d2549738 .functor BUFT 1, C4<00001010>, C4<0>, C4<0>, C4<0>;
v000001b9d252c370 .array "h", 3 0;
v000001b9d252c370_0 .net/s v000001b9d252c370 0, 7 0, L_000001b9d2549738; 1 drivers
L_000001b9d2549780 .functor BUFT 1, C4<00010100>, C4<0>, C4<0>, C4<0>;
v000001b9d252c370_1 .net/s v000001b9d252c370 1, 7 0, L_000001b9d2549780; 1 drivers
L_000001b9d25497c8 .functor BUFT 1, C4<00010100>, C4<0>, C4<0>, C4<0>;
v000001b9d252c370_2 .net/s v000001b9d252c370 2, 7 0, L_000001b9d25497c8; 1 drivers
L_000001b9d2549810 .functor BUFT 1, C4<00001010>, C4<0>, C4<0>, C4<0>;
v000001b9d252c370_3 .net/s v000001b9d252c370 3, 7 0, L_000001b9d2549810; 1 drivers
v000001b9d252c5f0_0 .net/s "prod01", 15 0, L_000001b9d25ab4d0;  1 drivers
v000001b9d252c7d0_0 .net/s "prod12", 15 0, L_000001b9d25abcf0;  1 drivers
L_000001b9d2549858 .functor BUFT 1, C4<0>, C4<0>, C4<0>, C4<0>;
v000001b9d252c690_0 .net "rst", 0 0, L_000001b9d2549858;  1 drivers
v000001b9d252c730_0 .net/s "sum_wire", 17 0, L_000001b9d25aab70;  1 drivers
v000001b9d253f990_0 .net/s "tap0", 7 0, L_000001b9d25ac470;  1 drivers
v000001b9d253e6d0_0 .net/s "tap1", 7 0, L_000001b9d25aa490;  1 drivers
v000001b9d253e8b0_0 .net/s "tap2", 7 0, L_000001b9d25aa7b0;  1 drivers
v000001b9d253edb0_0 .net/s "tap3", 7 0, L_000001b9d25ab9d0;  1 drivers
L_000001b9d25ac470 .part L_000001b9d25aaad0, 0, 8;
L_000001b9d25aa490 .part L_000001b9d25aaad0, 8, 8;
L_000001b9d25aa7b0 .part L_000001b9d25aaad0, 16, 8;
L_000001b9d25ab9d0 .part L_000001b9d25aaad0, 24, 8;
L_000001b9d25ac830 .extend/s 16, L_000001b9d25ac470;
L_000001b9d25ac8d0 .extend/s 16, L_000001b9d25ab9d0;
L_000001b9d25abb10 .arith/sum 16, L_000001b9d25ac830, L_000001b9d25ac8d0;
L_000001b9d25ac970 .extend/s 16, L_000001b9d2549738;
L_000001b9d25ab4d0 .arith/mult 16, L_000001b9d25abb10, L_000001b9d25ac970;
L_000001b9d25abc50 .extend/s 16, L_000001b9d25aa490;
L_000001b9d25acb50 .extend/s 16, L_000001b9d25aa7b0;
L_000001b9d25ac010 .arith/sum 16, L_000001b9d25abc50, L_000001b9d25acb50;
L_000001b9d25aacb0 .extend/s 16, L_000001b9d2549780;
L_000001b9d25abcf0 .arith/mult 16, L_000001b9d25ac010, L_000001b9d25aacb0;
L_000001b9d25aa670 .extend/s 18, L_000001b9d25ab4d0;
L_000001b9d25aae90 .extend/s 18, L_000001b9d25abcf0;
L_000001b9d25aab70 .arith/sum 18, L_000001b9d25aa670, L_000001b9d25aae90;
S_000001b9d2537ac0 .scope module, "delay_line_inst" "regressor" 6 38, 7 11 0, S_000001b9d2537610;
 .timescale -12 -12;
    .port_info 0 /INPUT 1 "clk";
    .port_info 1 /INPUT 1 "rst";
    .port_info 2 /INPUT 8 "data_in";
    .port_info 3 /OUTPUT 32 "flat_taps";
P_000001b9d22b5c00 .param/l "DATA_WIDTH" 0 7 12, +C4<00000000000000000000000000001000>;
P_000001b9d22b5c38 .param/l "TAPS" 0 7 13, +C4<00000000000000000000000000000100>;
v000001b9d252bab0_0 .net "clk", 0 0, o000001b9d24c9888;  alias, 0 drivers
v000001b9d252b650_0 .net/s "data_in", 7 0, L_000001b9d25aad50;  alias, 1 drivers
v000001b9d252ca50 .array/s "delay_line", 3 0, 7 0;
v000001b9d252bc90_0 .net "flat_taps", 31 0, L_000001b9d25aaad0;  alias, 1 drivers
v000001b9d252bd30_0 .var/i "i", 31 0;
v000001b9d252bb50_0 .net "rst", 0 0, L_000001b9d2549858;  alias, 1 drivers
E_000001b9d2480e30 .event posedge, v000001b9d252bab0_0;
v000001b9d252ca50_0 .array/port v000001b9d252ca50, 0;
v000001b9d252ca50_1 .array/port v000001b9d252ca50, 1;
v000001b9d252ca50_2 .array/port v000001b9d252ca50, 2;
v000001b9d252ca50_3 .array/port v000001b9d252ca50, 3;
L_000001b9d25aaad0 .concat8 [ 8 8 8 8], v000001b9d252ca50_0, v000001b9d252ca50_1, v000001b9d252ca50_2, v000001b9d252ca50_3;
S_000001b9d2537c50 .scope generate, "pack[0]" "pack[0]" 7 46, 7 46 0, S_000001b9d2537ac0;
 .timescale -12 -12;
P_000001b9d2481670 .param/l "j" 1 7 46, +C4<00>;
v000001b9d252b470_0 .net *"_ivl_2", 7 0, v000001b9d252ca50_0;  1 drivers
S_000001b9d2536670 .scope generate, "pack[1]" "pack[1]" 7 46, 7 46 0, S_000001b9d2537ac0;
 .timescale -12 -12;
P_000001b9d2480e70 .param/l "j" 1 7 46, +C4<01>;
v000001b9d252c870_0 .net *"_ivl_2", 7 0, v000001b9d252ca50_1;  1 drivers
S_000001b9d2537f70 .scope generate, "pack[2]" "pack[2]" 7 46, 7 46 0, S_000001b9d2537ac0;
 .timescale -12 -12;
P_000001b9d2480eb0 .param/l "j" 1 7 46, +C4<010>;
v000001b9d252cff0_0 .net *"_ivl_2", 7 0, v000001b9d252ca50_2;  1 drivers
S_000001b9d25364e0 .scope generate, "pack[3]" "pack[3]" 7 46, 7 46 0, S_000001b9d2537ac0;
 .timescale -12 -12;
P_000001b9d24814b0 .param/l "j" 1 7 46, +C4<011>;
v000001b9d252b510_0 .net *"_ivl_2", 7 0, v000001b9d252ca50_3;  1 drivers
S_000001b9d2536800 .scope module, "u_hfosc" "SB_HFOSC" 8 5, 3 2664 0, S_000001b9d24abf00;
 .timescale -12 -12;
    .port_info 0 /INPUT 1 "TRIM0";
    .port_info 1 /INPUT 1 "TRIM1";
    .port_info 2 /INPUT 1 "TRIM2";
    .port_info 3 /INPUT 1 "TRIM3";
    .port_info 4 /INPUT 1 "TRIM4";
    .port_info 5 /INPUT 1 "TRIM5";
    .port_info 6 /INPUT 1 "TRIM6";
    .port_info 7 /INPUT 1 "TRIM7";
    .port_info 8 /INPUT 1 "TRIM8";
    .port_info 9 /INPUT 1 "TRIM9";
    .port_info 10 /INPUT 1 "CLKHFPU";
    .port_info 11 /INPUT 1 "CLKHFEN";
    .port_info 12 /OUTPUT 1 "CLKHF";
P_000001b9d22b6100 .param/str "CLKHF_DIV" 0 3 2680, "0b10";
P_000001b9d22b6138 .param/str "TRIM_EN" 0 3 2679, "0b0";
v000001b9d253f7b0_0 .net "CLKHF", 0 0, o000001b9d24c9888;  alias, 0 drivers
L_000001b9d25496f0 .functor BUFT 1, C4<1>, C4<0>, C4<0>, C4<0>;
v000001b9d253dc30_0 .net "CLKHFEN", 0 0, L_000001b9d25496f0;  1 drivers
L_000001b9d25496a8 .functor BUFT 1, C4<1>, C4<0>, C4<0>, C4<0>;
v000001b9d253ea90_0 .net "CLKHFPU", 0 0, L_000001b9d25496a8;  1 drivers
o000001b9d24ca038 .functor BUFZ 1, c4<z>; HiZ drive
v000001b9d253d5f0_0 .net "TRIM0", 0 0, o000001b9d24ca038;  0 drivers
o000001b9d24ca068 .functor BUFZ 1, c4<z>; HiZ drive
v000001b9d253dff0_0 .net "TRIM1", 0 0, o000001b9d24ca068;  0 drivers
o000001b9d24ca098 .functor BUFZ 1, c4<z>; HiZ drive
v000001b9d253d7d0_0 .net "TRIM2", 0 0, o000001b9d24ca098;  0 drivers
o000001b9d24ca0c8 .functor BUFZ 1, c4<z>; HiZ drive
v000001b9d253f2b0_0 .net "TRIM3", 0 0, o000001b9d24ca0c8;  0 drivers
o000001b9d24ca0f8 .functor BUFZ 1, c4<z>; HiZ drive
v000001b9d253f030_0 .net "TRIM4", 0 0, o000001b9d24ca0f8;  0 drivers
o000001b9d24ca128 .functor BUFZ 1, c4<z>; HiZ drive
v000001b9d253f5d0_0 .net "TRIM5", 0 0, o000001b9d24ca128;  0 drivers
o000001b9d24ca158 .functor BUFZ 1, c4<z>; HiZ drive
v000001b9d253ebd0_0 .net "TRIM6", 0 0, o000001b9d24ca158;  0 drivers
o000001b9d24ca188 .functor BUFZ 1, c4<z>; HiZ drive
v000001b9d253f530_0 .net "TRIM7", 0 0, o000001b9d24ca188;  0 drivers
o000001b9d24ca1b8 .functor BUFZ 1, c4<z>; HiZ drive
v000001b9d253fad0_0 .net "TRIM8", 0 0, o000001b9d24ca1b8;  0 drivers
o000001b9d24ca1e8 .functor BUFZ 1, c4<z>; HiZ drive
v000001b9d253fa30_0 .net "TRIM9", 0 0, o000001b9d24ca1e8;  0 drivers
    .scope S_000001b9d22cb220;
T_2 ;
    %pushi/vec4 0, 0, 1;
    %store/vec4 v000001b9d24fda60_0, 0, 1;
    %pushi/vec4 0, 0, 1;
    %store/vec4 v000001b9d24fe460_0, 0, 1;
    %end;
    .thread T_2, $init;
    .scope S_000001b9d22cb220;
T_3 ;
    %wait E_000001b9d24809f0;
    %load/vec4 v000001b9d24a2960_0;
    %flag_set/vec4 8;
    %jmp/0xz  T_3.0, 8;
    %load/vec4 v000001b9d24a1380_0;
    %flag_set/vec4 8;
    %jmp/0 T_3.2, 8;
    %pushi/vec4 0, 0, 1;
    %jmp/1 T_3.3, 8;
T_3.2 ; End of true expr.
    %load/vec4 v000001b9d24fdf60_0;
    %jmp/0 T_3.3, 8;
 ; End of false expr.
    %blend;
T_3.3;
    %assign/vec4 v000001b9d24fda60_0, 0;
T_3.0 ;
    %jmp T_3;
    .thread T_3;
    .scope S_000001b9d22cb220;
T_4 ;
    %wait E_000001b9d2480cf0;
    %load/vec4 v000001b9d24a1380_0;
    %flag_set/vec4 8;
    %jmp/0xz  T_4.0, 8;
    %pushi/vec4 0, 0, 1;
    %assign/vec4 v000001b9d24fe460_0, 0;
    %jmp T_4.1;
T_4.0 ;
    %load/vec4 v000001b9d24a2960_0;
    %flag_set/vec4 8;
    %jmp/0xz  T_4.2, 8;
    %load/vec4 v000001b9d24fdf60_0;
    %assign/vec4 v000001b9d24fe460_0, 0;
T_4.2 ;
T_4.1 ;
    %jmp T_4;
    .thread T_4;
    .scope S_000001b9d24ad4e0;
T_5 ;
    %pushi/vec4 0, 0, 32;
    %store/vec4 v000001b9d24fd9c0_0, 0, 32;
T_5.0 ; Top of for-loop
    %load/vec4 v000001b9d24fd9c0_0;
    %cmpi/s 16, 0, 32;
	  %jmp/0xz T_5.1, 5;
    %pushi/vec4 0, 0, 256;
    %load/vec4 v000001b9d24fd9c0_0;
    %muli 16, 0, 32;
    %part/s 16;
    %pushi/vec4 0, 0, 32;
    %load/vec4 v000001b9d24fd9c0_0;
    %add;
    %ix/vec4/s 4;
    %store/vec4a v000001b9d24fec80, 4, 0;
    %pushi/vec4 0, 0, 256;
    %load/vec4 v000001b9d24fd9c0_0;
    %muli 16, 0, 32;
    %part/s 16;
    %pushi/vec4 16, 0, 32;
    %load/vec4 v000001b9d24fd9c0_0;
    %add;
    %ix/vec4/s 4;
    %store/vec4a v000001b9d24fec80, 4, 0;
    %pushi/vec4 0, 0, 256;
    %load/vec4 v000001b9d24fd9c0_0;
    %muli 16, 0, 32;
    %part/s 16;
    %pushi/vec4 32, 0, 32;
    %load/vec4 v000001b9d24fd9c0_0;
    %add;
    %ix/vec4/s 4;
    %store/vec4a v000001b9d24fec80, 4, 0;
    %pushi/vec4 0, 0, 256;
    %load/vec4 v000001b9d24fd9c0_0;
    %muli 16, 0, 32;
    %part/s 16;
    %pushi/vec4 48, 0, 32;
    %load/vec4 v000001b9d24fd9c0_0;
    %add;
    %ix/vec4/s 4;
    %store/vec4a v000001b9d24fec80, 4, 0;
    %pushi/vec4 0, 0, 256;
    %load/vec4 v000001b9d24fd9c0_0;
    %muli 16, 0, 32;
    %part/s 16;
    %pushi/vec4 64, 0, 32;
    %load/vec4 v000001b9d24fd9c0_0;
    %add;
    %ix/vec4/s 4;
    %store/vec4a v000001b9d24fec80, 4, 0;
    %pushi/vec4 0, 0, 256;
    %load/vec4 v000001b9d24fd9c0_0;
    %muli 16, 0, 32;
    %part/s 16;
    %pushi/vec4 80, 0, 32;
    %load/vec4 v000001b9d24fd9c0_0;
    %add;
    %ix/vec4/s 4;
    %store/vec4a v000001b9d24fec80, 4, 0;
    %pushi/vec4 0, 0, 256;
    %load/vec4 v000001b9d24fd9c0_0;
    %muli 16, 0, 32;
    %part/s 16;
    %pushi/vec4 96, 0, 32;
    %load/vec4 v000001b9d24fd9c0_0;
    %add;
    %ix/vec4/s 4;
    %store/vec4a v000001b9d24fec80, 4, 0;
    %pushi/vec4 0, 0, 256;
    %load/vec4 v000001b9d24fd9c0_0;
    %muli 16, 0, 32;
    %part/s 16;
    %pushi/vec4 112, 0, 32;
    %load/vec4 v000001b9d24fd9c0_0;
    %add;
    %ix/vec4/s 4;
    %store/vec4a v000001b9d24fec80, 4, 0;
    %pushi/vec4 0, 0, 256;
    %load/vec4 v000001b9d24fd9c0_0;
    %muli 16, 0, 32;
    %part/s 16;
    %pushi/vec4 128, 0, 32;
    %load/vec4 v000001b9d24fd9c0_0;
    %add;
    %ix/vec4/s 4;
    %store/vec4a v000001b9d24fec80, 4, 0;
    %pushi/vec4 0, 0, 256;
    %load/vec4 v000001b9d24fd9c0_0;
    %muli 16, 0, 32;
    %part/s 16;
    %pushi/vec4 144, 0, 32;
    %load/vec4 v000001b9d24fd9c0_0;
    %add;
    %ix/vec4/s 4;
    %store/vec4a v000001b9d24fec80, 4, 0;
    %pushi/vec4 0, 0, 256;
    %load/vec4 v000001b9d24fd9c0_0;
    %muli 16, 0, 32;
    %part/s 16;
    %pushi/vec4 160, 0, 32;
    %load/vec4 v000001b9d24fd9c0_0;
    %add;
    %ix/vec4/s 4;
    %store/vec4a v000001b9d24fec80, 4, 0;
    %pushi/vec4 0, 0, 256;
    %load/vec4 v000001b9d24fd9c0_0;
    %muli 16, 0, 32;
    %part/s 16;
    %pushi/vec4 176, 0, 32;
    %load/vec4 v000001b9d24fd9c0_0;
    %add;
    %ix/vec4/s 4;
    %store/vec4a v000001b9d24fec80, 4, 0;
    %pushi/vec4 0, 0, 256;
    %load/vec4 v000001b9d24fd9c0_0;
    %muli 16, 0, 32;
    %part/s 16;
    %pushi/vec4 192, 0, 32;
    %load/vec4 v000001b9d24fd9c0_0;
    %add;
    %ix/vec4/s 4;
    %store/vec4a v000001b9d24fec80, 4, 0;
    %pushi/vec4 0, 0, 256;
    %load/vec4 v000001b9d24fd9c0_0;
    %muli 16, 0, 32;
    %part/s 16;
    %pushi/vec4 208, 0, 32;
    %load/vec4 v000001b9d24fd9c0_0;
    %add;
    %ix/vec4/s 4;
    %store/vec4a v000001b9d24fec80, 4, 0;
    %pushi/vec4 0, 0, 256;
    %load/vec4 v000001b9d24fd9c0_0;
    %muli 16, 0, 32;
    %part/s 16;
    %pushi/vec4 224, 0, 32;
    %load/vec4 v000001b9d24fd9c0_0;
    %add;
    %ix/vec4/s 4;
    %store/vec4a v000001b9d24fec80, 4, 0;
    %pushi/vec4 0, 0, 256;
    %load/vec4 v000001b9d24fd9c0_0;
    %muli 16, 0, 32;
    %part/s 16;
    %pushi/vec4 240, 0, 32;
    %load/vec4 v000001b9d24fd9c0_0;
    %add;
    %ix/vec4/s 4;
    %store/vec4a v000001b9d24fec80, 4, 0;
T_5.2 ; for-loop step statement
    %load/vec4 v000001b9d24fd9c0_0;
    %addi 1, 0, 32;
    %store/vec4 v000001b9d24fd9c0_0, 0, 32;
    %jmp T_5.0;
T_5.1 ; for-loop exit label
    %end;
    .thread T_5;
    .scope S_000001b9d24ad4e0;
T_6 ;
    %wait E_000001b9d247fe70;
    %load/vec4 v000001b9d24fd740_0;
    %flag_set/vec4 9;
    %flag_get/vec4 9;
    %jmp/0 T_6.2, 9;
    %load/vec4 v000001b9d24fd920_0;
    %and;
T_6.2;
    %flag_set/vec4 8;
    %jmp/0xz  T_6.0, 8;
    %load/vec4 v000001b9d24fd560_0;
    %parti/s 1, 0, 2;
    %nor/r;
    %flag_set/vec4 8;
    %jmp/0xz  T_6.3, 8;
    %load/vec4 v000001b9d24fe8c0_0;
    %parti/s 1, 0, 2;
    %load/vec4 v000001b9d24fd880_0;
    %parti/s 8, 0, 2;
    %pad/u 10;
    %ix/vec4 3;
    %ix/load 4, 0, 0; Constant delay
    %assign/vec4/a/d v000001b9d24fec80, 0, 4;
T_6.3 ;
    %load/vec4 v000001b9d24fd560_0;
    %parti/s 1, 1, 2;
    %nor/r;
    %flag_set/vec4 8;
    %jmp/0xz  T_6.5, 8;
    %load/vec4 v000001b9d24fe8c0_0;
    %parti/s 1, 1, 2;
    %load/vec4 v000001b9d24fd880_0;
    %parti/s 8, 0, 2;
    %pad/u 10;
    %ix/vec4 3;
    %ix/load 4, 1, 0; part off
    %ix/load 5, 0, 0; Constant delay
    %assign/vec4/a/d v000001b9d24fec80, 4, 5;
T_6.5 ;
    %load/vec4 v000001b9d24fd560_0;
    %parti/s 1, 2, 3;
    %nor/r;
    %flag_set/vec4 8;
    %jmp/0xz  T_6.7, 8;
    %load/vec4 v000001b9d24fe8c0_0;
    %parti/s 1, 2, 3;
    %load/vec4 v000001b9d24fd880_0;
    %parti/s 8, 0, 2;
    %pad/u 10;
    %ix/vec4 3;
    %ix/load 4, 2, 0; part off
    %ix/load 5, 0, 0; Constant delay
    %assign/vec4/a/d v000001b9d24fec80, 4, 5;
T_6.7 ;
    %load/vec4 v000001b9d24fd560_0;
    %parti/s 1, 3, 3;
    %nor/r;
    %flag_set/vec4 8;
    %jmp/0xz  T_6.9, 8;
    %load/vec4 v000001b9d24fe8c0_0;
    %parti/s 1, 3, 3;
    %load/vec4 v000001b9d24fd880_0;
    %parti/s 8, 0, 2;
    %pad/u 10;
    %ix/vec4 3;
    %ix/load 4, 3, 0; part off
    %ix/load 5, 0, 0; Constant delay
    %assign/vec4/a/d v000001b9d24fec80, 4, 5;
T_6.9 ;
    %load/vec4 v000001b9d24fd560_0;
    %parti/s 1, 4, 4;
    %nor/r;
    %flag_set/vec4 8;
    %jmp/0xz  T_6.11, 8;
    %load/vec4 v000001b9d24fe8c0_0;
    %parti/s 1, 4, 4;
    %load/vec4 v000001b9d24fd880_0;
    %parti/s 8, 0, 2;
    %pad/u 10;
    %ix/vec4 3;
    %ix/load 4, 4, 0; part off
    %ix/load 5, 0, 0; Constant delay
    %assign/vec4/a/d v000001b9d24fec80, 4, 5;
T_6.11 ;
    %load/vec4 v000001b9d24fd560_0;
    %parti/s 1, 5, 4;
    %nor/r;
    %flag_set/vec4 8;
    %jmp/0xz  T_6.13, 8;
    %load/vec4 v000001b9d24fe8c0_0;
    %parti/s 1, 5, 4;
    %load/vec4 v000001b9d24fd880_0;
    %parti/s 8, 0, 2;
    %pad/u 10;
    %ix/vec4 3;
    %ix/load 4, 5, 0; part off
    %ix/load 5, 0, 0; Constant delay
    %assign/vec4/a/d v000001b9d24fec80, 4, 5;
T_6.13 ;
    %load/vec4 v000001b9d24fd560_0;
    %parti/s 1, 6, 4;
    %nor/r;
    %flag_set/vec4 8;
    %jmp/0xz  T_6.15, 8;
    %load/vec4 v000001b9d24fe8c0_0;
    %parti/s 1, 6, 4;
    %load/vec4 v000001b9d24fd880_0;
    %parti/s 8, 0, 2;
    %pad/u 10;
    %ix/vec4 3;
    %ix/load 4, 6, 0; part off
    %ix/load 5, 0, 0; Constant delay
    %assign/vec4/a/d v000001b9d24fec80, 4, 5;
T_6.15 ;
    %load/vec4 v000001b9d24fd560_0;
    %parti/s 1, 7, 4;
    %nor/r;
    %flag_set/vec4 8;
    %jmp/0xz  T_6.17, 8;
    %load/vec4 v000001b9d24fe8c0_0;
    %parti/s 1, 7, 4;
    %load/vec4 v000001b9d24fd880_0;
    %parti/s 8, 0, 2;
    %pad/u 10;
    %ix/vec4 3;
    %ix/load 4, 7, 0; part off
    %ix/load 5, 0, 0; Constant delay
    %assign/vec4/a/d v000001b9d24fec80, 4, 5;
T_6.17 ;
    %load/vec4 v000001b9d24fd560_0;
    %parti/s 1, 8, 5;
    %nor/r;
    %flag_set/vec4 8;
    %jmp/0xz  T_6.19, 8;
    %load/vec4 v000001b9d24fe8c0_0;
    %parti/s 1, 8, 5;
    %load/vec4 v000001b9d24fd880_0;
    %parti/s 8, 0, 2;
    %pad/u 10;
    %ix/vec4 3;
    %ix/load 4, 8, 0; part off
    %ix/load 5, 0, 0; Constant delay
    %assign/vec4/a/d v000001b9d24fec80, 4, 5;
T_6.19 ;
    %load/vec4 v000001b9d24fd560_0;
    %parti/s 1, 9, 5;
    %nor/r;
    %flag_set/vec4 8;
    %jmp/0xz  T_6.21, 8;
    %load/vec4 v000001b9d24fe8c0_0;
    %parti/s 1, 9, 5;
    %load/vec4 v000001b9d24fd880_0;
    %parti/s 8, 0, 2;
    %pad/u 10;
    %ix/vec4 3;
    %ix/load 4, 9, 0; part off
    %ix/load 5, 0, 0; Constant delay
    %assign/vec4/a/d v000001b9d24fec80, 4, 5;
T_6.21 ;
    %load/vec4 v000001b9d24fd560_0;
    %parti/s 1, 10, 5;
    %nor/r;
    %flag_set/vec4 8;
    %jmp/0xz  T_6.23, 8;
    %load/vec4 v000001b9d24fe8c0_0;
    %parti/s 1, 10, 5;
    %load/vec4 v000001b9d24fd880_0;
    %parti/s 8, 0, 2;
    %pad/u 10;
    %ix/vec4 3;
    %ix/load 4, 10, 0; part off
    %ix/load 5, 0, 0; Constant delay
    %assign/vec4/a/d v000001b9d24fec80, 4, 5;
T_6.23 ;
    %load/vec4 v000001b9d24fd560_0;
    %parti/s 1, 11, 5;
    %nor/r;
    %flag_set/vec4 8;
    %jmp/0xz  T_6.25, 8;
    %load/vec4 v000001b9d24fe8c0_0;
    %parti/s 1, 11, 5;
    %load/vec4 v000001b9d24fd880_0;
    %parti/s 8, 0, 2;
    %pad/u 10;
    %ix/vec4 3;
    %ix/load 4, 11, 0; part off
    %ix/load 5, 0, 0; Constant delay
    %assign/vec4/a/d v000001b9d24fec80, 4, 5;
T_6.25 ;
    %load/vec4 v000001b9d24fd560_0;
    %parti/s 1, 12, 5;
    %nor/r;
    %flag_set/vec4 8;
    %jmp/0xz  T_6.27, 8;
    %load/vec4 v000001b9d24fe8c0_0;
    %parti/s 1, 12, 5;
    %load/vec4 v000001b9d24fd880_0;
    %parti/s 8, 0, 2;
    %pad/u 10;
    %ix/vec4 3;
    %ix/load 4, 12, 0; part off
    %ix/load 5, 0, 0; Constant delay
    %assign/vec4/a/d v000001b9d24fec80, 4, 5;
T_6.27 ;
    %load/vec4 v000001b9d24fd560_0;
    %parti/s 1, 13, 5;
    %nor/r;
    %flag_set/vec4 8;
    %jmp/0xz  T_6.29, 8;
    %load/vec4 v000001b9d24fe8c0_0;
    %parti/s 1, 13, 5;
    %load/vec4 v000001b9d24fd880_0;
    %parti/s 8, 0, 2;
    %pad/u 10;
    %ix/vec4 3;
    %ix/load 4, 13, 0; part off
    %ix/load 5, 0, 0; Constant delay
    %assign/vec4/a/d v000001b9d24fec80, 4, 5;
T_6.29 ;
    %load/vec4 v000001b9d24fd560_0;
    %parti/s 1, 14, 5;
    %nor/r;
    %flag_set/vec4 8;
    %jmp/0xz  T_6.31, 8;
    %load/vec4 v000001b9d24fe8c0_0;
    %parti/s 1, 14, 5;
    %load/vec4 v000001b9d24fd880_0;
    %parti/s 8, 0, 2;
    %pad/u 10;
    %ix/vec4 3;
    %ix/load 4, 14, 0; part off
    %ix/load 5, 0, 0; Constant delay
    %assign/vec4/a/d v000001b9d24fec80, 4, 5;
T_6.31 ;
    %load/vec4 v000001b9d24fd560_0;
    %parti/s 1, 15, 5;
    %nor/r;
    %flag_set/vec4 8;
    %jmp/0xz  T_6.33, 8;
    %load/vec4 v000001b9d24fe8c0_0;
    %parti/s 1, 15, 5;
    %load/vec4 v000001b9d24fd880_0;
    %parti/s 8, 0, 2;
    %pad/u 10;
    %ix/vec4 3;
    %ix/load 4, 15, 0; part off
    %ix/load 5, 0, 0; Constant delay
    %assign/vec4/a/d v000001b9d24fec80, 4, 5;
T_6.33 ;
T_6.0 ;
    %jmp T_6;
    .thread T_6;
    .scope S_000001b9d24ad4e0;
T_7 ;
    %wait E_000001b9d2480af0;
    %load/vec4 v000001b9d24fedc0_0;
    %flag_set/vec4 9;
    %flag_get/vec4 9;
    %jmp/0 T_7.2, 9;
    %load/vec4 v000001b9d24fe6e0_0;
    %and;
T_7.2;
    %flag_set/vec4 8;
    %jmp/0xz  T_7.0, 8;
    %load/vec4 v000001b9d24fef00_0;
    %parti/s 8, 0, 2;
    %pad/u 10;
    %ix/vec4 4;
    %load/vec4a v000001b9d24fec80, 4;
    %load/vec4 v000001b9d24ff360_0;
    %inv;
    %and;
    %assign/vec4 v000001b9d24fefa0_0, 0;
T_7.0 ;
    %jmp T_7;
    .thread T_7;
    .scope S_000001b9d21bb020;
T_8 ;
    %pushi/vec4 0, 0, 1;
    %store/vec4 v000001b9d2507980_0, 0, 1;
    %end;
    .thread T_8;
    .scope S_000001b9d21bb020;
T_9 ;
    %wait E_000001b9d24804f0;
    %load/vec4 v000001b9d2506d00_0;
    %assign/vec4 v000001b9d2507980_0, 0;
    %jmp T_9;
    .thread T_9;
    .scope S_000001b9d21bb1b0;
T_10 ;
    %pushi/vec4 0, 0, 1;
    %store/vec4 v000001b9d2507c00_0, 0, 1;
    %end;
    .thread T_10;
    .scope S_000001b9d21bb1b0;
T_11 ;
    %wait E_000001b9d24805f0;
    %load/vec4 v000001b9d25068a0_0;
    %flag_set/vec4 8;
    %jmp/0xz  T_11.0, 8;
    %load/vec4 v000001b9d2506800_0;
    %assign/vec4 v000001b9d2507c00_0, 0;
T_11.0 ;
    %jmp T_11;
    .thread T_11;
    .scope S_000001b9d21bb340;
T_12 ;
    %pushi/vec4 0, 0, 1;
    %store/vec4 v000001b9d2506940_0, 0, 1;
    %end;
    .thread T_12;
    .scope S_000001b9d21bb340;
T_13 ;
    %wait E_000001b9d2480a30;
    %load/vec4 v000001b9d25063a0_0;
    %flag_set/vec4 8;
    %jmp/0xz  T_13.0, 8;
    %pushi/vec4 0, 0, 1;
    %assign/vec4 v000001b9d2506940_0, 0;
    %jmp T_13.1;
T_13.0 ;
    %load/vec4 v000001b9d2508600_0;
    %flag_set/vec4 8;
    %jmp/0xz  T_13.2, 8;
    %load/vec4 v000001b9d2506260_0;
    %assign/vec4 v000001b9d2506940_0, 0;
T_13.2 ;
T_13.1 ;
    %jmp T_13;
    .thread T_13;
    .scope S_000001b9d21c6e90;
T_14 ;
    %pushi/vec4 0, 0, 1;
    %store/vec4 v000001b9d2507e80_0, 0, 1;
    %end;
    .thread T_14;
    .scope S_000001b9d21c6e90;
T_15 ;
    %wait E_000001b9d247feb0;
    %load/vec4 v000001b9d2507200_0;
    %flag_set/vec4 8;
    %jmp/0xz  T_15.0, 8;
    %pushi/vec4 1, 0, 1;
    %assign/vec4 v000001b9d2507e80_0, 0;
    %jmp T_15.1;
T_15.0 ;
    %load/vec4 v000001b9d2507de0_0;
    %flag_set/vec4 8;
    %jmp/0xz  T_15.2, 8;
    %load/vec4 v000001b9d25069e0_0;
    %assign/vec4 v000001b9d2507e80_0, 0;
T_15.2 ;
T_15.1 ;
    %jmp T_15;
    .thread T_15;
    .scope S_000001b9d21c7020;
T_16 ;
    %pushi/vec4 0, 0, 1;
    %store/vec4 v000001b9d2508380_0, 0, 1;
    %end;
    .thread T_16;
    .scope S_000001b9d21c7020;
T_17 ;
    %wait E_000001b9d24803b0;
    %load/vec4 v000001b9d2507660_0;
    %flag_set/vec4 8;
    %jmp/0xz  T_17.0, 8;
    %load/vec4 v000001b9d2508560_0;
    %flag_set/vec4 8;
    %jmp/0xz  T_17.2, 8;
    %pushi/vec4 0, 0, 1;
    %assign/vec4 v000001b9d2508380_0, 0;
    %jmp T_17.3;
T_17.2 ;
    %load/vec4 v000001b9d2506440_0;
    %assign/vec4 v000001b9d2508380_0, 0;
T_17.3 ;
T_17.0 ;
    %jmp T_17;
    .thread T_17;
    .scope S_000001b9d21c71b0;
T_18 ;
    %pushi/vec4 0, 0, 1;
    %store/vec4 v000001b9d2507340_0, 0, 1;
    %end;
    .thread T_18;
    .scope S_000001b9d21c71b0;
T_19 ;
    %wait E_000001b9d24806f0;
    %load/vec4 v000001b9d2507ca0_0;
    %flag_set/vec4 8;
    %jmp/0xz  T_19.0, 8;
    %load/vec4 v000001b9d2507d40_0;
    %flag_set/vec4 8;
    %jmp/0xz  T_19.2, 8;
    %pushi/vec4 1, 0, 1;
    %assign/vec4 v000001b9d2507340_0, 0;
    %jmp T_19.3;
T_19.2 ;
    %load/vec4 v000001b9d25064e0_0;
    %assign/vec4 v000001b9d2507340_0, 0;
T_19.3 ;
T_19.0 ;
    %jmp T_19;
    .thread T_19;
    .scope S_000001b9d21c24c0;
T_20 ;
    %pushi/vec4 0, 0, 1;
    %store/vec4 v000001b9d2508060_0, 0, 1;
    %end;
    .thread T_20;
    .scope S_000001b9d21c24c0;
T_21 ;
    %wait E_000001b9d2480570;
    %load/vec4 v000001b9d2508420_0;
    %assign/vec4 v000001b9d2508060_0, 0;
    %jmp T_21;
    .thread T_21;
    .scope S_000001b9d21c2650;
T_22 ;
    %pushi/vec4 0, 0, 1;
    %store/vec4 v000001b9d2506b20_0, 0, 1;
    %end;
    .thread T_22;
    .scope S_000001b9d21c2650;
T_23 ;
    %wait E_000001b9d247ff70;
    %load/vec4 v000001b9d2506620_0;
    %flag_set/vec4 8;
    %jmp/0xz  T_23.0, 8;
    %load/vec4 v000001b9d2506580_0;
    %assign/vec4 v000001b9d2506b20_0, 0;
T_23.0 ;
    %jmp T_23;
    .thread T_23;
    .scope S_000001b9d21c27e0;
T_24 ;
    %pushi/vec4 0, 0, 1;
    %store/vec4 v000001b9d2507f20_0, 0, 1;
    %end;
    .thread T_24;
    .scope S_000001b9d21c27e0;
T_25 ;
    %wait E_000001b9d2480870;
    %load/vec4 v000001b9d2507fc0_0;
    %flag_set/vec4 8;
    %jmp/0xz  T_25.0, 8;
    %pushi/vec4 0, 0, 1;
    %assign/vec4 v000001b9d2507f20_0, 0;
    %jmp T_25.1;
T_25.0 ;
    %load/vec4 v000001b9d25075c0_0;
    %flag_set/vec4 8;
    %jmp/0xz  T_25.2, 8;
    %load/vec4 v000001b9d2506ee0_0;
    %assign/vec4 v000001b9d2507f20_0, 0;
T_25.2 ;
T_25.1 ;
    %jmp T_25;
    .thread T_25;
    .scope S_000001b9d21c8370;
T_26 ;
    %pushi/vec4 0, 0, 1;
    %store/vec4 v000001b9d25082e0_0, 0, 1;
    %end;
    .thread T_26;
    .scope S_000001b9d21c8370;
T_27 ;
    %wait E_000001b9d24806b0;
    %load/vec4 v000001b9d2508740_0;
    %flag_set/vec4 8;
    %jmp/0xz  T_27.0, 8;
    %pushi/vec4 1, 0, 1;
    %assign/vec4 v000001b9d25082e0_0, 0;
    %jmp T_27.1;
T_27.0 ;
    %load/vec4 v000001b9d25086a0_0;
    %flag_set/vec4 8;
    %jmp/0xz  T_27.2, 8;
    %load/vec4 v000001b9d2508240_0;
    %assign/vec4 v000001b9d25082e0_0, 0;
T_27.2 ;
T_27.1 ;
    %jmp T_27;
    .thread T_27;
    .scope S_000001b9d24b8270;
T_28 ;
    %pushi/vec4 0, 0, 1;
    %store/vec4 v000001b9d2509be0_0, 0, 1;
    %end;
    .thread T_28;
    .scope S_000001b9d24b8270;
T_29 ;
    %wait E_000001b9d2480130;
    %load/vec4 v000001b9d2509aa0_0;
    %flag_set/vec4 8;
    %jmp/0xz  T_29.0, 8;
    %load/vec4 v000001b9d2509e60_0;
    %flag_set/vec4 8;
    %jmp/0xz  T_29.2, 8;
    %pushi/vec4 0, 0, 1;
    %assign/vec4 v000001b9d2509be0_0, 0;
    %jmp T_29.3;
T_29.2 ;
    %load/vec4 v000001b9d25089c0_0;
    %assign/vec4 v000001b9d2509be0_0, 0;
T_29.3 ;
T_29.0 ;
    %jmp T_29;
    .thread T_29;
    .scope S_000001b9d24b8400;
T_30 ;
    %pushi/vec4 0, 0, 1;
    %store/vec4 v000001b9d2509000_0, 0, 1;
    %end;
    .thread T_30;
    .scope S_000001b9d24b8400;
T_31 ;
    %wait E_000001b9d2480770;
    %load/vec4 v000001b9d2508d80_0;
    %flag_set/vec4 8;
    %jmp/0xz  T_31.0, 8;
    %load/vec4 v000001b9d2509500_0;
    %flag_set/vec4 8;
    %jmp/0xz  T_31.2, 8;
    %pushi/vec4 1, 0, 1;
    %assign/vec4 v000001b9d2509000_0, 0;
    %jmp T_31.3;
T_31.2 ;
    %load/vec4 v000001b9d2508c40_0;
    %assign/vec4 v000001b9d2509000_0, 0;
T_31.3 ;
T_31.0 ;
    %jmp T_31;
    .thread T_31;
    .scope S_000001b9d24b88b0;
T_32 ;
    %pushi/vec4 0, 0, 1;
    %store/vec4 v000001b9d25090a0_0, 0, 1;
    %end;
    .thread T_32;
    .scope S_000001b9d24b88b0;
T_33 ;
    %wait E_000001b9d247ffb0;
    %load/vec4 v000001b9d25087e0_0;
    %flag_set/vec4 8;
    %jmp/0xz  T_33.0, 8;
    %pushi/vec4 0, 0, 1;
    %assign/vec4 v000001b9d25090a0_0, 0;
    %jmp T_33.1;
T_33.0 ;
    %load/vec4 v000001b9d2509c80_0;
    %assign/vec4 v000001b9d25090a0_0, 0;
T_33.1 ;
    %jmp T_33;
    .thread T_33;
    .scope S_000001b9d24b8a40;
T_34 ;
    %pushi/vec4 0, 0, 1;
    %store/vec4 v000001b9d2508e20_0, 0, 1;
    %end;
    .thread T_34;
    .scope S_000001b9d24b8a40;
T_35 ;
    %wait E_000001b9d2480170;
    %load/vec4 v000001b9d2508ce0_0;
    %flag_set/vec4 8;
    %jmp/0xz  T_35.0, 8;
    %pushi/vec4 1, 0, 1;
    %assign/vec4 v000001b9d2508e20_0, 0;
    %jmp T_35.1;
T_35.0 ;
    %load/vec4 v000001b9d2509820_0;
    %assign/vec4 v000001b9d2508e20_0, 0;
T_35.1 ;
    %jmp T_35;
    .thread T_35;
    .scope S_000001b9d24b8720;
T_36 ;
    %pushi/vec4 0, 0, 1;
    %store/vec4 v000001b9d2508b00_0, 0, 1;
    %end;
    .thread T_36;
    .scope S_000001b9d24b8720;
T_37 ;
    %wait E_000001b9d24801b0;
    %load/vec4 v000001b9d2508ba0_0;
    %flag_set/vec4 8;
    %jmp/0xz  T_37.0, 8;
    %pushi/vec4 0, 0, 1;
    %assign/vec4 v000001b9d2508b00_0, 0;
    %jmp T_37.1;
T_37.0 ;
    %load/vec4 v000001b9d2509320_0;
    %assign/vec4 v000001b9d2508b00_0, 0;
T_37.1 ;
    %jmp T_37;
    .thread T_37;
    .scope S_000001b9d24b80e0;
T_38 ;
    %pushi/vec4 0, 0, 1;
    %store/vec4 v000001b9d2509140_0, 0, 1;
    %end;
    .thread T_38;
    .scope S_000001b9d24b80e0;
T_39 ;
    %wait E_000001b9d24801f0;
    %load/vec4 v000001b9d2508880_0;
    %flag_set/vec4 8;
    %jmp/0xz  T_39.0, 8;
    %pushi/vec4 1, 0, 1;
    %assign/vec4 v000001b9d2509140_0, 0;
    %jmp T_39.1;
T_39.0 ;
    %load/vec4 v000001b9d2508f60_0;
    %assign/vec4 v000001b9d2509140_0, 0;
T_39.1 ;
    %jmp T_39;
    .thread T_39;
    .scope S_000001b9d24b8590;
T_40 ;
    %pushi/vec4 0, 0, 1;
    %store/vec4 v000001b9d2509dc0_0, 0, 1;
    %end;
    .thread T_40;
    .scope S_000001b9d24b8590;
T_41 ;
    %wait E_000001b9d2480230;
    %load/vec4 v000001b9d2508920_0;
    %flag_set/vec4 8;
    %jmp/0xz  T_41.0, 8;
    %pushi/vec4 0, 0, 1;
    %assign/vec4 v000001b9d2509dc0_0, 0;
    %jmp T_41.1;
T_41.0 ;
    %load/vec4 v000001b9d25095a0_0;
    %assign/vec4 v000001b9d2509dc0_0, 0;
T_41.1 ;
    %jmp T_41;
    .thread T_41;
    .scope S_000001b9d24b8bd0;
T_42 ;
    %pushi/vec4 0, 0, 1;
    %store/vec4 v000001b9d2509460_0, 0, 1;
    %end;
    .thread T_42;
    .scope S_000001b9d24b8bd0;
T_43 ;
    %wait E_000001b9d24803f0;
    %load/vec4 v000001b9d2509640_0;
    %flag_set/vec4 8;
    %jmp/0xz  T_43.0, 8;
    %pushi/vec4 1, 0, 1;
    %assign/vec4 v000001b9d2509460_0, 0;
    %jmp T_43.1;
T_43.0 ;
    %load/vec4 v000001b9d25093c0_0;
    %assign/vec4 v000001b9d2509460_0, 0;
T_43.1 ;
    %jmp T_43;
    .thread T_43;
    .scope S_000001b9d24b8d60;
T_44 ;
    %pushi/vec4 0, 0, 1;
    %store/vec4 v000001b9d2509b40_0, 0, 1;
    %end;
    .thread T_44;
    .scope S_000001b9d24b8d60;
T_45 ;
    %wait E_000001b9d24808f0;
    %load/vec4 v000001b9d250bab0_0;
    %flag_set/vec4 8;
    %jmp/0xz  T_45.0, 8;
    %pushi/vec4 0, 0, 1;
    %assign/vec4 v000001b9d2509b40_0, 0;
    %jmp T_45.1;
T_45.0 ;
    %load/vec4 v000001b9d2509960_0;
    %assign/vec4 v000001b9d2509b40_0, 0;
T_45.1 ;
    %jmp T_45;
    .thread T_45;
    .scope S_000001b9d24b8ef0;
T_46 ;
    %pushi/vec4 0, 0, 1;
    %store/vec4 v000001b9d250ac50_0, 0, 1;
    %end;
    .thread T_46;
    .scope S_000001b9d24b8ef0;
T_47 ;
    %wait E_000001b9d2480970;
    %load/vec4 v000001b9d250b0b0_0;
    %flag_set/vec4 8;
    %jmp/0xz  T_47.0, 8;
    %pushi/vec4 1, 0, 1;
    %assign/vec4 v000001b9d250ac50_0, 0;
    %jmp T_47.1;
T_47.0 ;
    %load/vec4 v000001b9d250b470_0;
    %assign/vec4 v000001b9d250ac50_0, 0;
T_47.1 ;
    %jmp T_47;
    .thread T_47;
    .scope S_000001b9d24ac220;
T_48 ;
    %wait E_000001b9d2481af0;
    %load/vec4 v000001b9d250caf0_0;
    %assign/vec4 v000001b9d250cff0_0, 0;
    %jmp T_48;
    .thread T_48;
    .scope S_000001b9d24ac220;
T_49 ;
    %wait E_000001b9d2481af0;
    %load/vec4 v000001b9d250caf0_0;
    %flag_set/vec4 8;
    %jmp/0xz  T_49.0, 8;
    %load/vec4 v000001b9d250b330_0;
    %assign/vec4 v000001b9d250c550_0, 0;
T_49.0 ;
    %jmp T_49;
    .thread T_49;
    .scope S_000001b9d24ac220;
T_50 ;
    %wait E_000001b9d2481a70;
    %load/vec4 v000001b9d250cff0_0;
    %flag_set/vec4 8;
    %jmp/0xz  T_50.0, 8;
    %load/vec4 v000001b9d250b330_0;
    %assign/vec4 v000001b9d250ab10_0, 0;
T_50.0 ;
    %jmp T_50;
    .thread T_50;
    .scope S_000001b9d24ac220;
T_51 ;
    %wait E_000001b9d24817b0;
    %load/vec4 v000001b9d250caf0_0;
    %assign/vec4 v000001b9d250b6f0_0, 0;
    %jmp T_51;
    .thread T_51;
    .scope S_000001b9d24ac220;
T_52 ;
    %wait E_000001b9d24817b0;
    %load/vec4 v000001b9d250caf0_0;
    %flag_set/vec4 8;
    %jmp/0xz  T_52.0, 8;
    %load/vec4 v000001b9d250be70_0;
    %assign/vec4 v000001b9d250c2d0_0, 0;
T_52.0 ;
    %jmp T_52;
    .thread T_52;
    .scope S_000001b9d24ac220;
T_53 ;
    %wait E_000001b9d2480f30;
    %load/vec4 v000001b9d250b6f0_0;
    %flag_set/vec4 8;
    %jmp/0xz  T_53.0, 8;
    %load/vec4 v000001b9d250bd30_0;
    %assign/vec4 v000001b9d250ae30_0, 0;
T_53.0 ;
    %jmp T_53;
    .thread T_53;
    .scope S_000001b9d24ac220;
T_54 ;
    %wait E_000001b9d24817b0;
    %load/vec4 v000001b9d250caf0_0;
    %flag_set/vec4 8;
    %jmp/0xz  T_54.0, 8;
    %load/vec4 v000001b9d250b8d0_0;
    %assign/vec4 v000001b9d250ad90_0, 0;
T_54.0 ;
    %jmp T_54;
    .thread T_54;
    .scope S_000001b9d24abbe0;
T_55 ;
    %wait E_000001b9d2481ab0;
    %load/vec4 v000001b9d250c550_0;
    %store/vec4 v000001b9d250aed0_0, 0, 1;
    %load/vec4 v000001b9d250ab10_0;
    %store/vec4 v000001b9d250c9b0_0, 0, 1;
    %jmp T_55;
    .thread T_55, $push;
    .scope S_000001b9d24abbe0;
T_56 ;
    %wait E_000001b9d2480db0;
    %load/vec4 v000001b9d250b290_0;
    %assign/vec4 v000001b9d250cb90_0, 0;
    %jmp T_56;
    .thread T_56, $push;
    .scope S_000001b9d24abbe0;
T_57 ;
    %wait E_000001b9d2480530;
    %load/vec4 v000001b9d250cb90_0;
    %assign/vec4 v000001b9d250c370_0, 0;
    %jmp T_57;
    .thread T_57, $push;
    .scope S_000001b9d24abbe0;
T_58 ;
    %wait E_000001b9d2480430;
    %load/vec4 v000001b9d250c370_0;
    %pushi/vec4 0, 0, 1;
    %xor;
    %flag_set/vec4 8;
    %jmp/1 T_58.2, 8;
    %pushi/vec4 0, 0, 1;
    %flag_set/vec4 9;
    %flag_or 8, 9;
T_58.2;
    %jmp/0 T_58.0, 8;
    %load/vec4 v000001b9d250c2d0_0;
    %jmp/1 T_58.1, 8;
T_58.0 ; End of true expr.
    %load/vec4 v000001b9d250ae30_0;
    %jmp/0 T_58.1, 8;
 ; End of false expr.
    %blend;
T_58.1;
    %store/vec4 v000001b9d250bbf0_0, 0, 1;
    %jmp T_58;
    .thread T_58, $push;
    .scope S_000001b9d24ac6d0;
T_59 ;
    %wait E_000001b9d24817f0;
    %load/vec4 v000001b9d250dc70_0;
    %flag_set/vec4 8;
    %jmp/0xz  T_59.0, 8;
    %load/vec4 v000001b9d250ddb0_0;
    %assign/vec4 v000001b9d250d450_0, 0;
T_59.0 ;
    %jmp T_59;
    .thread T_59;
    .scope S_000001b9d24ac6d0;
T_60 ;
    %wait E_000001b9d24819b0;
    %load/vec4 v000001b9d250dc70_0;
    %flag_set/vec4 8;
    %jmp/0xz  T_60.0, 8;
    %load/vec4 v000001b9d250ddb0_0;
    %assign/vec4 v000001b9d250e3f0_0, 0;
T_60.0 ;
    %jmp T_60;
    .thread T_60;
    .scope S_000001b9d24ac6d0;
T_61 ;
    %wait E_000001b9d2481bb0;
    %load/vec4 v000001b9d250dc70_0;
    %flag_set/vec4 8;
    %jmp/0xz  T_61.0, 8;
    %load/vec4 v000001b9d250e210_0;
    %assign/vec4 v000001b9d250e670_0, 0;
T_61.0 ;
    %jmp T_61;
    .thread T_61;
    .scope S_000001b9d24ac6d0;
T_62 ;
    %wait E_000001b9d2480f70;
    %load/vec4 v000001b9d250dc70_0;
    %flag_set/vec4 8;
    %jmp/0xz  T_62.0, 8;
    %load/vec4 v000001b9d250d590_0;
    %assign/vec4 v000001b9d250e850_0, 0;
T_62.0 ;
    %jmp T_62;
    .thread T_62;
    .scope S_000001b9d24ac6d0;
T_63 ;
    %wait E_000001b9d2481bb0;
    %load/vec4 v000001b9d250dc70_0;
    %flag_set/vec4 8;
    %jmp/0xz  T_63.0, 8;
    %load/vec4 v000001b9d250e710_0;
    %assign/vec4 v000001b9d250efa0_0, 0;
T_63.0 ;
    %jmp T_63;
    .thread T_63;
    .scope S_000001b9d24a8300;
T_64 ;
    %wait E_000001b9d2481270;
    %load/vec4 v000001b9d250d450_0;
    %store/vec4 v000001b9d250e8f0_0, 0, 1;
    %load/vec4 v000001b9d250e3f0_0;
    %store/vec4 v000001b9d250e350_0, 0, 1;
    %jmp T_64;
    .thread T_64, $push;
    .scope S_000001b9d24a8300;
T_65 ;
    %wait E_000001b9d2481b30;
    %load/vec4 v000001b9d250d810_0;
    %assign/vec4 v000001b9d250e7b0_0, 0;
    %jmp T_65;
    .thread T_65, $push;
    .scope S_000001b9d24a8300;
T_66 ;
    %wait E_000001b9d2481130;
    %load/vec4 v000001b9d250e7b0_0;
    %assign/vec4 v000001b9d250f5e0_0, 0;
    %jmp T_66;
    .thread T_66, $push;
    .scope S_000001b9d24a8300;
T_67 ;
    %wait E_000001b9d24814f0;
    %load/vec4 v000001b9d250f5e0_0;
    %pushi/vec4 0, 0, 1;
    %xor;
    %flag_set/vec4 8;
    %jmp/1 T_67.2, 8;
    %pushi/vec4 0, 0, 1;
    %flag_set/vec4 9;
    %flag_or 8, 9;
T_67.2;
    %jmp/0 T_67.0, 8;
    %load/vec4 v000001b9d250e670_0;
    %jmp/1 T_67.1, 8;
T_67.0 ; End of true expr.
    %load/vec4 v000001b9d250e850_0;
    %jmp/0 T_67.1, 8;
 ; End of false expr.
    %blend;
T_67.1;
    %store/vec4 v000001b9d250e5d0_0, 0, 1;
    %jmp T_67;
    .thread T_67, $push;
    .scope S_000001b9d24abd70;
T_68 ;
    %wait E_000001b9d2480df0;
    %load/vec4 v000001b9d25106c0_0;
    %flag_set/vec4 8;
    %jmp/0xz  T_68.0, 8;
    %load/vec4 v000001b9d250fe00_0;
    %assign/vec4 v000001b9d25108a0_0, 0;
T_68.0 ;
    %jmp T_68;
    .thread T_68;
    .scope S_000001b9d24abd70;
T_69 ;
    %wait E_000001b9d2481a30;
    %load/vec4 v000001b9d25106c0_0;
    %flag_set/vec4 8;
    %jmp/0xz  T_69.0, 8;
    %load/vec4 v000001b9d250fe00_0;
    %assign/vec4 v000001b9d2510260_0, 0;
T_69.0 ;
    %jmp T_69;
    .thread T_69;
    .scope S_000001b9d24abd70;
T_70 ;
    %wait E_000001b9d24816f0;
    %load/vec4 v000001b9d25106c0_0;
    %flag_set/vec4 8;
    %jmp/0xz  T_70.0, 8;
    %load/vec4 v000001b9d250f360_0;
    %assign/vec4 v000001b9d250f7c0_0, 0;
T_70.0 ;
    %jmp T_70;
    .thread T_70;
    .scope S_000001b9d24abd70;
T_71 ;
    %wait E_000001b9d2481bf0;
    %load/vec4 v000001b9d25106c0_0;
    %flag_set/vec4 8;
    %jmp/0xz  T_71.0, 8;
    %load/vec4 v000001b9d2510120_0;
    %assign/vec4 v000001b9d250f4a0_0, 0;
T_71.0 ;
    %jmp T_71;
    .thread T_71;
    .scope S_000001b9d24abd70;
T_72 ;
    %wait E_000001b9d24816f0;
    %load/vec4 v000001b9d25106c0_0;
    %flag_set/vec4 8;
    %jmp/0xz  T_72.0, 8;
    %load/vec4 v000001b9d250fae0_0;
    %assign/vec4 v000001b9d250f720_0, 0;
T_72.0 ;
    %jmp T_72;
    .thread T_72;
    .scope S_000001b9d24a8170;
T_73 ;
    %wait E_000001b9d24816b0;
    %load/vec4 v000001b9d25108a0_0;
    %store/vec4 v000001b9d250fea0_0, 0, 1;
    %load/vec4 v000001b9d2510260_0;
    %store/vec4 v000001b9d2510800_0, 0, 1;
    %jmp T_73;
    .thread T_73, $push;
    .scope S_000001b9d24a8170;
T_74 ;
    %wait E_000001b9d2481470;
    %load/vec4 v000001b9d250fd60_0;
    %assign/vec4 v000001b9d250f680_0, 0;
    %jmp T_74;
    .thread T_74, $push;
    .scope S_000001b9d24a8170;
T_75 ;
    %wait E_000001b9d24812f0;
    %load/vec4 v000001b9d250f680_0;
    %assign/vec4 v000001b9d250f400_0, 0;
    %jmp T_75;
    .thread T_75, $push;
    .scope S_000001b9d24a8170;
T_76 ;
    %wait E_000001b9d2481370;
    %load/vec4 v000001b9d250f400_0;
    %pushi/vec4 0, 0, 1;
    %xor;
    %flag_set/vec4 8;
    %jmp/1 T_76.2, 8;
    %pushi/vec4 0, 0, 1;
    %flag_set/vec4 9;
    %flag_or 8, 9;
T_76.2;
    %jmp/0 T_76.0, 8;
    %load/vec4 v000001b9d250f7c0_0;
    %jmp/1 T_76.1, 8;
T_76.0 ; End of true expr.
    %load/vec4 v000001b9d250f4a0_0;
    %jmp/0 T_76.1, 8;
 ; End of false expr.
    %blend;
T_76.1;
    %store/vec4 v000001b9d250ff40_0, 0, 1;
    %jmp T_76;
    .thread T_76, $push;
    .scope S_000001b9d24a8f80;
T_77 ;
    %wait E_000001b9d2481770;
    %load/vec4 v000001b9d2511980_0;
    %flag_set/vec4 8;
    %jmp/0xz  T_77.0, 8;
    %pushi/vec4 0, 0, 16;
    %assign/vec4 v000001b9d2519a20_0, 0;
    %pushi/vec4 0, 0, 16;
    %assign/vec4 v000001b9d25186c0_0, 0;
    %jmp T_77.1;
T_77.0 ;
    %load/vec4 v000001b9d25118e0_0;
    %flag_set/vec4 8;
    %jmp/0xz  T_77.2, 8;
    %load/vec4 v000001b9d2511ac0_0;
    %nor/r;
    %flag_set/vec4 8;
    %jmp/0xz  T_77.4, 8;
    %load/vec4 v000001b9d2511660_0;
    %assign/vec4 v000001b9d2519a20_0, 0;
T_77.4 ;
    %load/vec4 v000001b9d25129c0_0;
    %nor/r;
    %flag_set/vec4 8;
    %jmp/0xz  T_77.6, 8;
    %load/vec4 v000001b9d25117a0_0;
    %assign/vec4 v000001b9d25186c0_0, 0;
T_77.6 ;
T_77.2 ;
T_77.1 ;
    %jmp T_77;
    .thread T_77;
    .scope S_000001b9d24a8f80;
T_78 ;
    %wait E_000001b9d24815b0;
    %load/vec4 v000001b9d2512ba0_0;
    %flag_set/vec4 8;
    %jmp/0xz  T_78.0, 8;
    %pushi/vec4 0, 0, 16;
    %assign/vec4 v000001b9d2518760_0, 0;
    %pushi/vec4 0, 0, 16;
    %assign/vec4 v000001b9d2518da0_0, 0;
    %jmp T_78.1;
T_78.0 ;
    %load/vec4 v000001b9d25118e0_0;
    %flag_set/vec4 8;
    %jmp/0xz  T_78.2, 8;
    %load/vec4 v000001b9d25121a0_0;
    %nor/r;
    %flag_set/vec4 8;
    %jmp/0xz  T_78.4, 8;
    %load/vec4 v000001b9d25124c0_0;
    %assign/vec4 v000001b9d2518760_0, 0;
T_78.4 ;
    %load/vec4 v000001b9d2511700_0;
    %nor/r;
    %flag_set/vec4 8;
    %jmp/0xz  T_78.6, 8;
    %load/vec4 v000001b9d2511e80_0;
    %assign/vec4 v000001b9d2518da0_0, 0;
T_78.6 ;
T_78.2 ;
T_78.1 ;
    %jmp T_78;
    .thread T_78;
    .scope S_000001b9d24a8f80;
T_79 ;
    %wait E_000001b9d2481770;
    %load/vec4 v000001b9d2511980_0;
    %flag_set/vec4 8;
    %jmp/0xz  T_79.0, 8;
    %pushi/vec4 0, 0, 16;
    %assign/vec4 v000001b9d2519b60_0, 0;
    %pushi/vec4 0, 0, 16;
    %assign/vec4 v000001b9d2518a80_0, 0;
    %jmp T_79.1;
T_79.0 ;
    %load/vec4 v000001b9d25118e0_0;
    %flag_set/vec4 8;
    %jmp/0xz  T_79.2, 8;
    %load/vec4 v000001b9d2519200_0;
    %assign/vec4 v000001b9d2519b60_0, 0;
    %load/vec4 v000001b9d2519520_0;
    %assign/vec4 v000001b9d2518a80_0, 0;
T_79.2 ;
T_79.1 ;
    %jmp T_79;
    .thread T_79;
    .scope S_000001b9d24a8f80;
T_80 ;
    %wait E_000001b9d24815b0;
    %load/vec4 v000001b9d2512ba0_0;
    %flag_set/vec4 8;
    %jmp/0xz  T_80.0, 8;
    %pushi/vec4 0, 0, 16;
    %assign/vec4 v000001b9d25195c0_0, 0;
    %pushi/vec4 0, 0, 16;
    %assign/vec4 v000001b9d251a560_0, 0;
    %jmp T_80.1;
T_80.0 ;
    %load/vec4 v000001b9d25118e0_0;
    %flag_set/vec4 8;
    %jmp/0xz  T_80.2, 8;
    %load/vec4 v000001b9d2518080_0;
    %assign/vec4 v000001b9d25195c0_0, 0;
    %load/vec4 v000001b9d2517fe0_0;
    %assign/vec4 v000001b9d251a560_0, 0;
T_80.2 ;
T_80.1 ;
    %jmp T_80;
    .thread T_80;
    .scope S_000001b9d24a8f80;
T_81 ;
    %wait E_000001b9d24815b0;
    %load/vec4 v000001b9d2512ba0_0;
    %flag_set/vec4 8;
    %jmp/0xz  T_81.0, 8;
    %pushi/vec4 0, 0, 32;
    %assign/vec4 v000001b9d251a100_0, 0;
    %jmp T_81.1;
T_81.0 ;
    %load/vec4 v000001b9d25118e0_0;
    %flag_set/vec4 8;
    %jmp/0xz  T_81.2, 8;
    %load/vec4 v000001b9d25193e0_0;
    %assign/vec4 v000001b9d251a100_0, 0;
T_81.2 ;
T_81.1 ;
    %jmp T_81;
    .thread T_81;
    .scope S_000001b9d24a8f80;
T_82 ;
    %wait E_000001b9d2481730;
    %load/vec4 v000001b9d2512380_0;
    %flag_set/vec4 8;
    %jmp/0xz  T_82.0, 8;
    %pushi/vec4 0, 0, 16;
    %assign/vec4 v000001b9d25183a0_0, 0;
    %jmp T_82.1;
T_82.0 ;
    %load/vec4 v000001b9d25118e0_0;
    %flag_set/vec4 8;
    %jmp/0xz  T_82.2, 8;
    %load/vec4 v000001b9d2512c40_0;
    %nor/r;
    %flag_set/vec4 8;
    %jmp/0xz  T_82.4, 8;
    %load/vec4 v000001b9d25197a0_0;
    %assign/vec4 v000001b9d25183a0_0, 0;
T_82.4 ;
T_82.2 ;
T_82.1 ;
    %jmp T_82;
    .thread T_82;
    .scope S_000001b9d24a8f80;
T_83 ;
    %wait E_000001b9d2481830;
    %load/vec4 v000001b9d2512740_0;
    %flag_set/vec4 8;
    %jmp/0xz  T_83.0, 8;
    %pushi/vec4 0, 0, 16;
    %assign/vec4 v000001b9d2519ca0_0, 0;
    %jmp T_83.1;
T_83.0 ;
    %load/vec4 v000001b9d25118e0_0;
    %flag_set/vec4 8;
    %jmp/0xz  T_83.2, 8;
    %load/vec4 v000001b9d2512060_0;
    %nor/r;
    %flag_set/vec4 8;
    %jmp/0xz  T_83.4, 8;
    %load/vec4 v000001b9d2519020_0;
    %assign/vec4 v000001b9d2519ca0_0, 0;
T_83.4 ;
T_83.2 ;
T_83.1 ;
    %jmp T_83;
    .thread T_83;
    .scope S_000001b9d24ac090;
T_84 ;
    %pushi/vec4 0, 0, 32;
    %store/vec4 v000001b9d2514660_0, 0, 32;
T_84.0 ; Top of for-loop
    %load/vec4 v000001b9d2514660_0;
    %cmpi/s 16, 0, 32;
	  %jmp/0xz T_84.1, 5;
    %pushi/vec4 0, 0, 256;
    %load/vec4 v000001b9d2514660_0;
    %muli 16, 0, 32;
    %part/s 16;
    %pushi/vec4 0, 0, 32;
    %load/vec4 v000001b9d2514660_0;
    %add;
    %ix/vec4/s 4;
    %store/vec4a v000001b9d25133a0, 4, 0;
    %pushi/vec4 0, 0, 256;
    %load/vec4 v000001b9d2514660_0;
    %muli 16, 0, 32;
    %part/s 16;
    %pushi/vec4 16, 0, 32;
    %load/vec4 v000001b9d2514660_0;
    %add;
    %ix/vec4/s 4;
    %store/vec4a v000001b9d25133a0, 4, 0;
    %pushi/vec4 0, 0, 256;
    %load/vec4 v000001b9d2514660_0;
    %muli 16, 0, 32;
    %part/s 16;
    %pushi/vec4 32, 0, 32;
    %load/vec4 v000001b9d2514660_0;
    %add;
    %ix/vec4/s 4;
    %store/vec4a v000001b9d25133a0, 4, 0;
    %pushi/vec4 0, 0, 256;
    %load/vec4 v000001b9d2514660_0;
    %muli 16, 0, 32;
    %part/s 16;
    %pushi/vec4 48, 0, 32;
    %load/vec4 v000001b9d2514660_0;
    %add;
    %ix/vec4/s 4;
    %store/vec4a v000001b9d25133a0, 4, 0;
    %pushi/vec4 0, 0, 256;
    %load/vec4 v000001b9d2514660_0;
    %muli 16, 0, 32;
    %part/s 16;
    %pushi/vec4 64, 0, 32;
    %load/vec4 v000001b9d2514660_0;
    %add;
    %ix/vec4/s 4;
    %store/vec4a v000001b9d25133a0, 4, 0;
    %pushi/vec4 0, 0, 256;
    %load/vec4 v000001b9d2514660_0;
    %muli 16, 0, 32;
    %part/s 16;
    %pushi/vec4 80, 0, 32;
    %load/vec4 v000001b9d2514660_0;
    %add;
    %ix/vec4/s 4;
    %store/vec4a v000001b9d25133a0, 4, 0;
    %pushi/vec4 0, 0, 256;
    %load/vec4 v000001b9d2514660_0;
    %muli 16, 0, 32;
    %part/s 16;
    %pushi/vec4 96, 0, 32;
    %load/vec4 v000001b9d2514660_0;
    %add;
    %ix/vec4/s 4;
    %store/vec4a v000001b9d25133a0, 4, 0;
    %pushi/vec4 0, 0, 256;
    %load/vec4 v000001b9d2514660_0;
    %muli 16, 0, 32;
    %part/s 16;
    %pushi/vec4 112, 0, 32;
    %load/vec4 v000001b9d2514660_0;
    %add;
    %ix/vec4/s 4;
    %store/vec4a v000001b9d25133a0, 4, 0;
    %pushi/vec4 0, 0, 256;
    %load/vec4 v000001b9d2514660_0;
    %muli 16, 0, 32;
    %part/s 16;
    %pushi/vec4 128, 0, 32;
    %load/vec4 v000001b9d2514660_0;
    %add;
    %ix/vec4/s 4;
    %store/vec4a v000001b9d25133a0, 4, 0;
    %pushi/vec4 0, 0, 256;
    %load/vec4 v000001b9d2514660_0;
    %muli 16, 0, 32;
    %part/s 16;
    %pushi/vec4 144, 0, 32;
    %load/vec4 v000001b9d2514660_0;
    %add;
    %ix/vec4/s 4;
    %store/vec4a v000001b9d25133a0, 4, 0;
    %pushi/vec4 0, 0, 256;
    %load/vec4 v000001b9d2514660_0;
    %muli 16, 0, 32;
    %part/s 16;
    %pushi/vec4 160, 0, 32;
    %load/vec4 v000001b9d2514660_0;
    %add;
    %ix/vec4/s 4;
    %store/vec4a v000001b9d25133a0, 4, 0;
    %pushi/vec4 0, 0, 256;
    %load/vec4 v000001b9d2514660_0;
    %muli 16, 0, 32;
    %part/s 16;
    %pushi/vec4 176, 0, 32;
    %load/vec4 v000001b9d2514660_0;
    %add;
    %ix/vec4/s 4;
    %store/vec4a v000001b9d25133a0, 4, 0;
    %pushi/vec4 0, 0, 256;
    %load/vec4 v000001b9d2514660_0;
    %muli 16, 0, 32;
    %part/s 16;
    %pushi/vec4 192, 0, 32;
    %load/vec4 v000001b9d2514660_0;
    %add;
    %ix/vec4/s 4;
    %store/vec4a v000001b9d25133a0, 4, 0;
    %pushi/vec4 0, 0, 256;
    %load/vec4 v000001b9d2514660_0;
    %muli 16, 0, 32;
    %part/s 16;
    %pushi/vec4 208, 0, 32;
    %load/vec4 v000001b9d2514660_0;
    %add;
    %ix/vec4/s 4;
    %store/vec4a v000001b9d25133a0, 4, 0;
    %pushi/vec4 0, 0, 256;
    %load/vec4 v000001b9d2514660_0;
    %muli 16, 0, 32;
    %part/s 16;
    %pushi/vec4 224, 0, 32;
    %load/vec4 v000001b9d2514660_0;
    %add;
    %ix/vec4/s 4;
    %store/vec4a v000001b9d25133a0, 4, 0;
    %pushi/vec4 0, 0, 256;
    %load/vec4 v000001b9d2514660_0;
    %muli 16, 0, 32;
    %part/s 16;
    %pushi/vec4 240, 0, 32;
    %load/vec4 v000001b9d2514660_0;
    %add;
    %ix/vec4/s 4;
    %store/vec4a v000001b9d25133a0, 4, 0;
T_84.2 ; for-loop step statement
    %load/vec4 v000001b9d2514660_0;
    %addi 1, 0, 32;
    %store/vec4 v000001b9d2514660_0, 0, 32;
    %jmp T_84.0;
T_84.1 ; for-loop exit label
    %end;
    .thread T_84;
    .scope S_000001b9d24ac090;
T_85 ;
    %wait E_000001b9d24813b0;
    %load/vec4 v000001b9d2513120_0;
    %flag_set/vec4 9;
    %flag_get/vec4 9;
    %jmp/0 T_85.2, 9;
    %load/vec4 v000001b9d25145c0_0;
    %and;
T_85.2;
    %flag_set/vec4 8;
    %jmp/0xz  T_85.0, 8;
    %load/vec4 v000001b9d2513a80_0;
    %parti/s 1, 0, 2;
    %nor/r;
    %flag_set/vec4 8;
    %jmp/0xz  T_85.3, 8;
    %load/vec4 v000001b9d25143e0_0;
    %parti/s 1, 0, 2;
    %load/vec4 v000001b9d2513620_0;
    %parti/s 8, 0, 2;
    %pad/u 10;
    %ix/vec4 3;
    %ix/load 4, 0, 0; Constant delay
    %assign/vec4/a/d v000001b9d25133a0, 0, 4;
T_85.3 ;
    %load/vec4 v000001b9d2513a80_0;
    %parti/s 1, 1, 2;
    %nor/r;
    %flag_set/vec4 8;
    %jmp/0xz  T_85.5, 8;
    %load/vec4 v000001b9d25143e0_0;
    %parti/s 1, 1, 2;
    %load/vec4 v000001b9d2513620_0;
    %parti/s 8, 0, 2;
    %pad/u 10;
    %ix/vec4 3;
    %ix/load 4, 1, 0; part off
    %ix/load 5, 0, 0; Constant delay
    %assign/vec4/a/d v000001b9d25133a0, 4, 5;
T_85.5 ;
    %load/vec4 v000001b9d2513a80_0;
    %parti/s 1, 2, 3;
    %nor/r;
    %flag_set/vec4 8;
    %jmp/0xz  T_85.7, 8;
    %load/vec4 v000001b9d25143e0_0;
    %parti/s 1, 2, 3;
    %load/vec4 v000001b9d2513620_0;
    %parti/s 8, 0, 2;
    %pad/u 10;
    %ix/vec4 3;
    %ix/load 4, 2, 0; part off
    %ix/load 5, 0, 0; Constant delay
    %assign/vec4/a/d v000001b9d25133a0, 4, 5;
T_85.7 ;
    %load/vec4 v000001b9d2513a80_0;
    %parti/s 1, 3, 3;
    %nor/r;
    %flag_set/vec4 8;
    %jmp/0xz  T_85.9, 8;
    %load/vec4 v000001b9d25143e0_0;
    %parti/s 1, 3, 3;
    %load/vec4 v000001b9d2513620_0;
    %parti/s 8, 0, 2;
    %pad/u 10;
    %ix/vec4 3;
    %ix/load 4, 3, 0; part off
    %ix/load 5, 0, 0; Constant delay
    %assign/vec4/a/d v000001b9d25133a0, 4, 5;
T_85.9 ;
    %load/vec4 v000001b9d2513a80_0;
    %parti/s 1, 4, 4;
    %nor/r;
    %flag_set/vec4 8;
    %jmp/0xz  T_85.11, 8;
    %load/vec4 v000001b9d25143e0_0;
    %parti/s 1, 4, 4;
    %load/vec4 v000001b9d2513620_0;
    %parti/s 8, 0, 2;
    %pad/u 10;
    %ix/vec4 3;
    %ix/load 4, 4, 0; part off
    %ix/load 5, 0, 0; Constant delay
    %assign/vec4/a/d v000001b9d25133a0, 4, 5;
T_85.11 ;
    %load/vec4 v000001b9d2513a80_0;
    %parti/s 1, 5, 4;
    %nor/r;
    %flag_set/vec4 8;
    %jmp/0xz  T_85.13, 8;
    %load/vec4 v000001b9d25143e0_0;
    %parti/s 1, 5, 4;
    %load/vec4 v000001b9d2513620_0;
    %parti/s 8, 0, 2;
    %pad/u 10;
    %ix/vec4 3;
    %ix/load 4, 5, 0; part off
    %ix/load 5, 0, 0; Constant delay
    %assign/vec4/a/d v000001b9d25133a0, 4, 5;
T_85.13 ;
    %load/vec4 v000001b9d2513a80_0;
    %parti/s 1, 6, 4;
    %nor/r;
    %flag_set/vec4 8;
    %jmp/0xz  T_85.15, 8;
    %load/vec4 v000001b9d25143e0_0;
    %parti/s 1, 6, 4;
    %load/vec4 v000001b9d2513620_0;
    %parti/s 8, 0, 2;
    %pad/u 10;
    %ix/vec4 3;
    %ix/load 4, 6, 0; part off
    %ix/load 5, 0, 0; Constant delay
    %assign/vec4/a/d v000001b9d25133a0, 4, 5;
T_85.15 ;
    %load/vec4 v000001b9d2513a80_0;
    %parti/s 1, 7, 4;
    %nor/r;
    %flag_set/vec4 8;
    %jmp/0xz  T_85.17, 8;
    %load/vec4 v000001b9d25143e0_0;
    %parti/s 1, 7, 4;
    %load/vec4 v000001b9d2513620_0;
    %parti/s 8, 0, 2;
    %pad/u 10;
    %ix/vec4 3;
    %ix/load 4, 7, 0; part off
    %ix/load 5, 0, 0; Constant delay
    %assign/vec4/a/d v000001b9d25133a0, 4, 5;
T_85.17 ;
    %load/vec4 v000001b9d2513a80_0;
    %parti/s 1, 8, 5;
    %nor/r;
    %flag_set/vec4 8;
    %jmp/0xz  T_85.19, 8;
    %load/vec4 v000001b9d25143e0_0;
    %parti/s 1, 8, 5;
    %load/vec4 v000001b9d2513620_0;
    %parti/s 8, 0, 2;
    %pad/u 10;
    %ix/vec4 3;
    %ix/load 4, 8, 0; part off
    %ix/load 5, 0, 0; Constant delay
    %assign/vec4/a/d v000001b9d25133a0, 4, 5;
T_85.19 ;
    %load/vec4 v000001b9d2513a80_0;
    %parti/s 1, 9, 5;
    %nor/r;
    %flag_set/vec4 8;
    %jmp/0xz  T_85.21, 8;
    %load/vec4 v000001b9d25143e0_0;
    %parti/s 1, 9, 5;
    %load/vec4 v000001b9d2513620_0;
    %parti/s 8, 0, 2;
    %pad/u 10;
    %ix/vec4 3;
    %ix/load 4, 9, 0; part off
    %ix/load 5, 0, 0; Constant delay
    %assign/vec4/a/d v000001b9d25133a0, 4, 5;
T_85.21 ;
    %load/vec4 v000001b9d2513a80_0;
    %parti/s 1, 10, 5;
    %nor/r;
    %flag_set/vec4 8;
    %jmp/0xz  T_85.23, 8;
    %load/vec4 v000001b9d25143e0_0;
    %parti/s 1, 10, 5;
    %load/vec4 v000001b9d2513620_0;
    %parti/s 8, 0, 2;
    %pad/u 10;
    %ix/vec4 3;
    %ix/load 4, 10, 0; part off
    %ix/load 5, 0, 0; Constant delay
    %assign/vec4/a/d v000001b9d25133a0, 4, 5;
T_85.23 ;
    %load/vec4 v000001b9d2513a80_0;
    %parti/s 1, 11, 5;
    %nor/r;
    %flag_set/vec4 8;
    %jmp/0xz  T_85.25, 8;
    %load/vec4 v000001b9d25143e0_0;
    %parti/s 1, 11, 5;
    %load/vec4 v000001b9d2513620_0;
    %parti/s 8, 0, 2;
    %pad/u 10;
    %ix/vec4 3;
    %ix/load 4, 11, 0; part off
    %ix/load 5, 0, 0; Constant delay
    %assign/vec4/a/d v000001b9d25133a0, 4, 5;
T_85.25 ;
    %load/vec4 v000001b9d2513a80_0;
    %parti/s 1, 12, 5;
    %nor/r;
    %flag_set/vec4 8;
    %jmp/0xz  T_85.27, 8;
    %load/vec4 v000001b9d25143e0_0;
    %parti/s 1, 12, 5;
    %load/vec4 v000001b9d2513620_0;
    %parti/s 8, 0, 2;
    %pad/u 10;
    %ix/vec4 3;
    %ix/load 4, 12, 0; part off
    %ix/load 5, 0, 0; Constant delay
    %assign/vec4/a/d v000001b9d25133a0, 4, 5;
T_85.27 ;
    %load/vec4 v000001b9d2513a80_0;
    %parti/s 1, 13, 5;
    %nor/r;
    %flag_set/vec4 8;
    %jmp/0xz  T_85.29, 8;
    %load/vec4 v000001b9d25143e0_0;
    %parti/s 1, 13, 5;
    %load/vec4 v000001b9d2513620_0;
    %parti/s 8, 0, 2;
    %pad/u 10;
    %ix/vec4 3;
    %ix/load 4, 13, 0; part off
    %ix/load 5, 0, 0; Constant delay
    %assign/vec4/a/d v000001b9d25133a0, 4, 5;
T_85.29 ;
    %load/vec4 v000001b9d2513a80_0;
    %parti/s 1, 14, 5;
    %nor/r;
    %flag_set/vec4 8;
    %jmp/0xz  T_85.31, 8;
    %load/vec4 v000001b9d25143e0_0;
    %parti/s 1, 14, 5;
    %load/vec4 v000001b9d2513620_0;
    %parti/s 8, 0, 2;
    %pad/u 10;
    %ix/vec4 3;
    %ix/load 4, 14, 0; part off
    %ix/load 5, 0, 0; Constant delay
    %assign/vec4/a/d v000001b9d25133a0, 4, 5;
T_85.31 ;
    %load/vec4 v000001b9d2513a80_0;
    %parti/s 1, 15, 5;
    %nor/r;
    %flag_set/vec4 8;
    %jmp/0xz  T_85.33, 8;
    %load/vec4 v000001b9d25143e0_0;
    %parti/s 1, 15, 5;
    %load/vec4 v000001b9d2513620_0;
    %parti/s 8, 0, 2;
    %pad/u 10;
    %ix/vec4 3;
    %ix/load 4, 15, 0; part off
    %ix/load 5, 0, 0; Constant delay
    %assign/vec4/a/d v000001b9d25133a0, 4, 5;
T_85.33 ;
T_85.0 ;
    %jmp T_85;
    .thread T_85;
    .scope S_000001b9d24ac090;
T_86 ;
    %wait E_000001b9d2481870;
    %load/vec4 v000001b9d2513800_0;
    %flag_set/vec4 9;
    %flag_get/vec4 9;
    %jmp/0 T_86.2, 9;
    %load/vec4 v000001b9d2513080_0;
    %and;
T_86.2;
    %flag_set/vec4 8;
    %jmp/0xz  T_86.0, 8;
    %load/vec4 v000001b9d2515560_0;
    %parti/s 8, 0, 2;
    %pad/u 10;
    %ix/vec4 4;
    %load/vec4a v000001b9d25133a0, 4;
    %load/vec4 v000001b9d2513260_0;
    %inv;
    %and;
    %assign/vec4 v000001b9d2512fe0_0, 0;
T_86.0 ;
    %jmp T_86;
    .thread T_86;
    .scope S_000001b9d2526f00;
T_87 ;
    %pushi/vec4 0, 0, 32;
    %store/vec4 v000001b9d252e210_0, 0, 32;
T_87.0 ; Top of for-loop
    %load/vec4 v000001b9d252e210_0;
    %cmpi/s 16, 0, 32;
	  %jmp/0xz T_87.1, 5;
    %pushi/vec4 0, 0, 256;
    %load/vec4 v000001b9d252e210_0;
    %muli 16, 0, 32;
    %part/s 16;
    %pushi/vec4 0, 0, 32;
    %load/vec4 v000001b9d252e210_0;
    %add;
    %ix/vec4/s 4;
    %store/vec4a v000001b9d252ed50, 4, 0;
    %pushi/vec4 0, 0, 256;
    %load/vec4 v000001b9d252e210_0;
    %muli 16, 0, 32;
    %part/s 16;
    %pushi/vec4 16, 0, 32;
    %load/vec4 v000001b9d252e210_0;
    %add;
    %ix/vec4/s 4;
    %store/vec4a v000001b9d252ed50, 4, 0;
    %pushi/vec4 0, 0, 256;
    %load/vec4 v000001b9d252e210_0;
    %muli 16, 0, 32;
    %part/s 16;
    %pushi/vec4 32, 0, 32;
    %load/vec4 v000001b9d252e210_0;
    %add;
    %ix/vec4/s 4;
    %store/vec4a v000001b9d252ed50, 4, 0;
    %pushi/vec4 0, 0, 256;
    %load/vec4 v000001b9d252e210_0;
    %muli 16, 0, 32;
    %part/s 16;
    %pushi/vec4 48, 0, 32;
    %load/vec4 v000001b9d252e210_0;
    %add;
    %ix/vec4/s 4;
    %store/vec4a v000001b9d252ed50, 4, 0;
    %pushi/vec4 0, 0, 256;
    %load/vec4 v000001b9d252e210_0;
    %muli 16, 0, 32;
    %part/s 16;
    %pushi/vec4 64, 0, 32;
    %load/vec4 v000001b9d252e210_0;
    %add;
    %ix/vec4/s 4;
    %store/vec4a v000001b9d252ed50, 4, 0;
    %pushi/vec4 0, 0, 256;
    %load/vec4 v000001b9d252e210_0;
    %muli 16, 0, 32;
    %part/s 16;
    %pushi/vec4 80, 0, 32;
    %load/vec4 v000001b9d252e210_0;
    %add;
    %ix/vec4/s 4;
    %store/vec4a v000001b9d252ed50, 4, 0;
    %pushi/vec4 0, 0, 256;
    %load/vec4 v000001b9d252e210_0;
    %muli 16, 0, 32;
    %part/s 16;
    %pushi/vec4 96, 0, 32;
    %load/vec4 v000001b9d252e210_0;
    %add;
    %ix/vec4/s 4;
    %store/vec4a v000001b9d252ed50, 4, 0;
    %pushi/vec4 0, 0, 256;
    %load/vec4 v000001b9d252e210_0;
    %muli 16, 0, 32;
    %part/s 16;
    %pushi/vec4 112, 0, 32;
    %load/vec4 v000001b9d252e210_0;
    %add;
    %ix/vec4/s 4;
    %store/vec4a v000001b9d252ed50, 4, 0;
    %pushi/vec4 0, 0, 256;
    %load/vec4 v000001b9d252e210_0;
    %muli 16, 0, 32;
    %part/s 16;
    %pushi/vec4 128, 0, 32;
    %load/vec4 v000001b9d252e210_0;
    %add;
    %ix/vec4/s 4;
    %store/vec4a v000001b9d252ed50, 4, 0;
    %pushi/vec4 0, 0, 256;
    %load/vec4 v000001b9d252e210_0;
    %muli 16, 0, 32;
    %part/s 16;
    %pushi/vec4 144, 0, 32;
    %load/vec4 v000001b9d252e210_0;
    %add;
    %ix/vec4/s 4;
    %store/vec4a v000001b9d252ed50, 4, 0;
    %pushi/vec4 0, 0, 256;
    %load/vec4 v000001b9d252e210_0;
    %muli 16, 0, 32;
    %part/s 16;
    %pushi/vec4 160, 0, 32;
    %load/vec4 v000001b9d252e210_0;
    %add;
    %ix/vec4/s 4;
    %store/vec4a v000001b9d252ed50, 4, 0;
    %pushi/vec4 0, 0, 256;
    %load/vec4 v000001b9d252e210_0;
    %muli 16, 0, 32;
    %part/s 16;
    %pushi/vec4 176, 0, 32;
    %load/vec4 v000001b9d252e210_0;
    %add;
    %ix/vec4/s 4;
    %store/vec4a v000001b9d252ed50, 4, 0;
    %pushi/vec4 0, 0, 256;
    %load/vec4 v000001b9d252e210_0;
    %muli 16, 0, 32;
    %part/s 16;
    %pushi/vec4 192, 0, 32;
    %load/vec4 v000001b9d252e210_0;
    %add;
    %ix/vec4/s 4;
    %store/vec4a v000001b9d252ed50, 4, 0;
    %pushi/vec4 0, 0, 256;
    %load/vec4 v000001b9d252e210_0;
    %muli 16, 0, 32;
    %part/s 16;
    %pushi/vec4 208, 0, 32;
    %load/vec4 v000001b9d252e210_0;
    %add;
    %ix/vec4/s 4;
    %store/vec4a v000001b9d252ed50, 4, 0;
    %pushi/vec4 0, 0, 256;
    %load/vec4 v000001b9d252e210_0;
    %muli 16, 0, 32;
    %part/s 16;
    %pushi/vec4 224, 0, 32;
    %load/vec4 v000001b9d252e210_0;
    %add;
    %ix/vec4/s 4;
    %store/vec4a v000001b9d252ed50, 4, 0;
    %pushi/vec4 0, 0, 256;
    %load/vec4 v000001b9d252e210_0;
    %muli 16, 0, 32;
    %part/s 16;
    %pushi/vec4 240, 0, 32;
    %load/vec4 v000001b9d252e210_0;
    %add;
    %ix/vec4/s 4;
    %store/vec4a v000001b9d252ed50, 4, 0;
T_87.2 ; for-loop step statement
    %load/vec4 v000001b9d252e210_0;
    %addi 1, 0, 32;
    %store/vec4 v000001b9d252e210_0, 0, 32;
    %jmp T_87.0;
T_87.1 ; for-loop exit label
    %end;
    .thread T_87;
    .scope S_000001b9d2526f00;
T_88 ;
    %wait E_000001b9d2480ef0;
    %load/vec4 v000001b9d252f570_0;
    %flag_set/vec4 9;
    %flag_get/vec4 9;
    %jmp/0 T_88.2, 9;
    %load/vec4 v000001b9d25152e0_0;
    %and;
T_88.2;
    %flag_set/vec4 8;
    %jmp/0xz  T_88.0, 8;
    %load/vec4 v000001b9d252e030_0;
    %parti/s 1, 0, 2;
    %nor/r;
    %flag_set/vec4 8;
    %jmp/0xz  T_88.3, 8;
    %load/vec4 v000001b9d252d6d0_0;
    %parti/s 1, 0, 2;
    %load/vec4 v000001b9d25151a0_0;
    %parti/s 8, 0, 2;
    %pad/u 10;
    %ix/vec4 3;
    %ix/load 4, 0, 0; Constant delay
    %assign/vec4/a/d v000001b9d252ed50, 0, 4;
T_88.3 ;
    %load/vec4 v000001b9d252e030_0;
    %parti/s 1, 1, 2;
    %nor/r;
    %flag_set/vec4 8;
    %jmp/0xz  T_88.5, 8;
    %load/vec4 v000001b9d252d6d0_0;
    %parti/s 1, 1, 2;
    %load/vec4 v000001b9d25151a0_0;
    %parti/s 8, 0, 2;
    %pad/u 10;
    %ix/vec4 3;
    %ix/load 4, 1, 0; part off
    %ix/load 5, 0, 0; Constant delay
    %assign/vec4/a/d v000001b9d252ed50, 4, 5;
T_88.5 ;
    %load/vec4 v000001b9d252e030_0;
    %parti/s 1, 2, 3;
    %nor/r;
    %flag_set/vec4 8;
    %jmp/0xz  T_88.7, 8;
    %load/vec4 v000001b9d252d6d0_0;
    %parti/s 1, 2, 3;
    %load/vec4 v000001b9d25151a0_0;
    %parti/s 8, 0, 2;
    %pad/u 10;
    %ix/vec4 3;
    %ix/load 4, 2, 0; part off
    %ix/load 5, 0, 0; Constant delay
    %assign/vec4/a/d v000001b9d252ed50, 4, 5;
T_88.7 ;
    %load/vec4 v000001b9d252e030_0;
    %parti/s 1, 3, 3;
    %nor/r;
    %flag_set/vec4 8;
    %jmp/0xz  T_88.9, 8;
    %load/vec4 v000001b9d252d6d0_0;
    %parti/s 1, 3, 3;
    %load/vec4 v000001b9d25151a0_0;
    %parti/s 8, 0, 2;
    %pad/u 10;
    %ix/vec4 3;
    %ix/load 4, 3, 0; part off
    %ix/load 5, 0, 0; Constant delay
    %assign/vec4/a/d v000001b9d252ed50, 4, 5;
T_88.9 ;
    %load/vec4 v000001b9d252e030_0;
    %parti/s 1, 4, 4;
    %nor/r;
    %flag_set/vec4 8;
    %jmp/0xz  T_88.11, 8;
    %load/vec4 v000001b9d252d6d0_0;
    %parti/s 1, 4, 4;
    %load/vec4 v000001b9d25151a0_0;
    %parti/s 8, 0, 2;
    %pad/u 10;
    %ix/vec4 3;
    %ix/load 4, 4, 0; part off
    %ix/load 5, 0, 0; Constant delay
    %assign/vec4/a/d v000001b9d252ed50, 4, 5;
T_88.11 ;
    %load/vec4 v000001b9d252e030_0;
    %parti/s 1, 5, 4;
    %nor/r;
    %flag_set/vec4 8;
    %jmp/0xz  T_88.13, 8;
    %load/vec4 v000001b9d252d6d0_0;
    %parti/s 1, 5, 4;
    %load/vec4 v000001b9d25151a0_0;
    %parti/s 8, 0, 2;
    %pad/u 10;
    %ix/vec4 3;
    %ix/load 4, 5, 0; part off
    %ix/load 5, 0, 0; Constant delay
    %assign/vec4/a/d v000001b9d252ed50, 4, 5;
T_88.13 ;
    %load/vec4 v000001b9d252e030_0;
    %parti/s 1, 6, 4;
    %nor/r;
    %flag_set/vec4 8;
    %jmp/0xz  T_88.15, 8;
    %load/vec4 v000001b9d252d6d0_0;
    %parti/s 1, 6, 4;
    %load/vec4 v000001b9d25151a0_0;
    %parti/s 8, 0, 2;
    %pad/u 10;
    %ix/vec4 3;
    %ix/load 4, 6, 0; part off
    %ix/load 5, 0, 0; Constant delay
    %assign/vec4/a/d v000001b9d252ed50, 4, 5;
T_88.15 ;
    %load/vec4 v000001b9d252e030_0;
    %parti/s 1, 7, 4;
    %nor/r;
    %flag_set/vec4 8;
    %jmp/0xz  T_88.17, 8;
    %load/vec4 v000001b9d252d6d0_0;
    %parti/s 1, 7, 4;
    %load/vec4 v000001b9d25151a0_0;
    %parti/s 8, 0, 2;
    %pad/u 10;
    %ix/vec4 3;
    %ix/load 4, 7, 0; part off
    %ix/load 5, 0, 0; Constant delay
    %assign/vec4/a/d v000001b9d252ed50, 4, 5;
T_88.17 ;
    %load/vec4 v000001b9d252e030_0;
    %parti/s 1, 8, 5;
    %nor/r;
    %flag_set/vec4 8;
    %jmp/0xz  T_88.19, 8;
    %load/vec4 v000001b9d252d6d0_0;
    %parti/s 1, 8, 5;
    %load/vec4 v000001b9d25151a0_0;
    %parti/s 8, 0, 2;
    %pad/u 10;
    %ix/vec4 3;
    %ix/load 4, 8, 0; part off
    %ix/load 5, 0, 0; Constant delay
    %assign/vec4/a/d v000001b9d252ed50, 4, 5;
T_88.19 ;
    %load/vec4 v000001b9d252e030_0;
    %parti/s 1, 9, 5;
    %nor/r;
    %flag_set/vec4 8;
    %jmp/0xz  T_88.21, 8;
    %load/vec4 v000001b9d252d6d0_0;
    %parti/s 1, 9, 5;
    %load/vec4 v000001b9d25151a0_0;
    %parti/s 8, 0, 2;
    %pad/u 10;
    %ix/vec4 3;
    %ix/load 4, 9, 0; part off
    %ix/load 5, 0, 0; Constant delay
    %assign/vec4/a/d v000001b9d252ed50, 4, 5;
T_88.21 ;
    %load/vec4 v000001b9d252e030_0;
    %parti/s 1, 10, 5;
    %nor/r;
    %flag_set/vec4 8;
    %jmp/0xz  T_88.23, 8;
    %load/vec4 v000001b9d252d6d0_0;
    %parti/s 1, 10, 5;
    %load/vec4 v000001b9d25151a0_0;
    %parti/s 8, 0, 2;
    %pad/u 10;
    %ix/vec4 3;
    %ix/load 4, 10, 0; part off
    %ix/load 5, 0, 0; Constant delay
    %assign/vec4/a/d v000001b9d252ed50, 4, 5;
T_88.23 ;
    %load/vec4 v000001b9d252e030_0;
    %parti/s 1, 11, 5;
    %nor/r;
    %flag_set/vec4 8;
    %jmp/0xz  T_88.25, 8;
    %load/vec4 v000001b9d252d6d0_0;
    %parti/s 1, 11, 5;
    %load/vec4 v000001b9d25151a0_0;
    %parti/s 8, 0, 2;
    %pad/u 10;
    %ix/vec4 3;
    %ix/load 4, 11, 0; part off
    %ix/load 5, 0, 0; Constant delay
    %assign/vec4/a/d v000001b9d252ed50, 4, 5;
T_88.25 ;
    %load/vec4 v000001b9d252e030_0;
    %parti/s 1, 12, 5;
    %nor/r;
    %flag_set/vec4 8;
    %jmp/0xz  T_88.27, 8;
    %load/vec4 v000001b9d252d6d0_0;
    %parti/s 1, 12, 5;
    %load/vec4 v000001b9d25151a0_0;
    %parti/s 8, 0, 2;
    %pad/u 10;
    %ix/vec4 3;
    %ix/load 4, 12, 0; part off
    %ix/load 5, 0, 0; Constant delay
    %assign/vec4/a/d v000001b9d252ed50, 4, 5;
T_88.27 ;
    %load/vec4 v000001b9d252e030_0;
    %parti/s 1, 13, 5;
    %nor/r;
    %flag_set/vec4 8;
    %jmp/0xz  T_88.29, 8;
    %load/vec4 v000001b9d252d6d0_0;
    %parti/s 1, 13, 5;
    %load/vec4 v000001b9d25151a0_0;
    %parti/s 8, 0, 2;
    %pad/u 10;
    %ix/vec4 3;
    %ix/load 4, 13, 0; part off
    %ix/load 5, 0, 0; Constant delay
    %assign/vec4/a/d v000001b9d252ed50, 4, 5;
T_88.29 ;
    %load/vec4 v000001b9d252e030_0;
    %parti/s 1, 14, 5;
    %nor/r;
    %flag_set/vec4 8;
    %jmp/0xz  T_88.31, 8;
    %load/vec4 v000001b9d252d6d0_0;
    %parti/s 1, 14, 5;
    %load/vec4 v000001b9d25151a0_0;
    %parti/s 8, 0, 2;
    %pad/u 10;
    %ix/vec4 3;
    %ix/load 4, 14, 0; part off
    %ix/load 5, 0, 0; Constant delay
    %assign/vec4/a/d v000001b9d252ed50, 4, 5;
T_88.31 ;
    %load/vec4 v000001b9d252e030_0;
    %parti/s 1, 15, 5;
    %nor/r;
    %flag_set/vec4 8;
    %jmp/0xz  T_88.33, 8;
    %load/vec4 v000001b9d252d6d0_0;
    %parti/s 1, 15, 5;
    %load/vec4 v000001b9d25151a0_0;
    %parti/s 8, 0, 2;
    %pad/u 10;
    %ix/vec4 3;
    %ix/load 4, 15, 0; part off
    %ix/load 5, 0, 0; Constant delay
    %assign/vec4/a/d v000001b9d252ed50, 4, 5;
T_88.33 ;
T_88.0 ;
    %jmp T_88;
    .thread T_88;
    .scope S_000001b9d2526f00;
T_89 ;
    %wait E_000001b9d2481530;
    %load/vec4 v000001b9d25134e0_0;
    %flag_set/vec4 9;
    %flag_get/vec4 9;
    %jmp/0 T_89.2, 9;
    %load/vec4 v000001b9d25139e0_0;
    %and;
T_89.2;
    %flag_set/vec4 8;
    %jmp/0xz  T_89.0, 8;
    %load/vec4 v000001b9d2514e80_0;
    %parti/s 8, 0, 2;
    %pad/u 10;
    %ix/vec4 4;
    %load/vec4a v000001b9d252ed50, 4;
    %load/vec4 v000001b9d2513580_0;
    %inv;
    %and;
    %assign/vec4 v000001b9d2515100_0, 0;
T_89.0 ;
    %jmp T_89;
    .thread T_89;
    .scope S_000001b9d2526410;
T_90 ;
    %pushi/vec4 0, 0, 32;
    %store/vec4 v000001b9d252edf0_0, 0, 32;
T_90.0 ; Top of for-loop
    %load/vec4 v000001b9d252edf0_0;
    %cmpi/s 16, 0, 32;
	  %jmp/0xz T_90.1, 5;
    %pushi/vec4 0, 0, 256;
    %load/vec4 v000001b9d252edf0_0;
    %muli 16, 0, 32;
    %part/s 16;
    %pushi/vec4 0, 0, 32;
    %load/vec4 v000001b9d252edf0_0;
    %add;
    %ix/vec4/s 4;
    %store/vec4a v000001b9d252f1b0, 4, 0;
    %pushi/vec4 0, 0, 256;
    %load/vec4 v000001b9d252edf0_0;
    %muli 16, 0, 32;
    %part/s 16;
    %pushi/vec4 16, 0, 32;
    %load/vec4 v000001b9d252edf0_0;
    %add;
    %ix/vec4/s 4;
    %store/vec4a v000001b9d252f1b0, 4, 0;
    %pushi/vec4 0, 0, 256;
    %load/vec4 v000001b9d252edf0_0;
    %muli 16, 0, 32;
    %part/s 16;
    %pushi/vec4 32, 0, 32;
    %load/vec4 v000001b9d252edf0_0;
    %add;
    %ix/vec4/s 4;
    %store/vec4a v000001b9d252f1b0, 4, 0;
    %pushi/vec4 0, 0, 256;
    %load/vec4 v000001b9d252edf0_0;
    %muli 16, 0, 32;
    %part/s 16;
    %pushi/vec4 48, 0, 32;
    %load/vec4 v000001b9d252edf0_0;
    %add;
    %ix/vec4/s 4;
    %store/vec4a v000001b9d252f1b0, 4, 0;
    %pushi/vec4 0, 0, 256;
    %load/vec4 v000001b9d252edf0_0;
    %muli 16, 0, 32;
    %part/s 16;
    %pushi/vec4 64, 0, 32;
    %load/vec4 v000001b9d252edf0_0;
    %add;
    %ix/vec4/s 4;
    %store/vec4a v000001b9d252f1b0, 4, 0;
    %pushi/vec4 0, 0, 256;
    %load/vec4 v000001b9d252edf0_0;
    %muli 16, 0, 32;
    %part/s 16;
    %pushi/vec4 80, 0, 32;
    %load/vec4 v000001b9d252edf0_0;
    %add;
    %ix/vec4/s 4;
    %store/vec4a v000001b9d252f1b0, 4, 0;
    %pushi/vec4 0, 0, 256;
    %load/vec4 v000001b9d252edf0_0;
    %muli 16, 0, 32;
    %part/s 16;
    %pushi/vec4 96, 0, 32;
    %load/vec4 v000001b9d252edf0_0;
    %add;
    %ix/vec4/s 4;
    %store/vec4a v000001b9d252f1b0, 4, 0;
    %pushi/vec4 0, 0, 256;
    %load/vec4 v000001b9d252edf0_0;
    %muli 16, 0, 32;
    %part/s 16;
    %pushi/vec4 112, 0, 32;
    %load/vec4 v000001b9d252edf0_0;
    %add;
    %ix/vec4/s 4;
    %store/vec4a v000001b9d252f1b0, 4, 0;
    %pushi/vec4 0, 0, 256;
    %load/vec4 v000001b9d252edf0_0;
    %muli 16, 0, 32;
    %part/s 16;
    %pushi/vec4 128, 0, 32;
    %load/vec4 v000001b9d252edf0_0;
    %add;
    %ix/vec4/s 4;
    %store/vec4a v000001b9d252f1b0, 4, 0;
    %pushi/vec4 0, 0, 256;
    %load/vec4 v000001b9d252edf0_0;
    %muli 16, 0, 32;
    %part/s 16;
    %pushi/vec4 144, 0, 32;
    %load/vec4 v000001b9d252edf0_0;
    %add;
    %ix/vec4/s 4;
    %store/vec4a v000001b9d252f1b0, 4, 0;
    %pushi/vec4 0, 0, 256;
    %load/vec4 v000001b9d252edf0_0;
    %muli 16, 0, 32;
    %part/s 16;
    %pushi/vec4 160, 0, 32;
    %load/vec4 v000001b9d252edf0_0;
    %add;
    %ix/vec4/s 4;
    %store/vec4a v000001b9d252f1b0, 4, 0;
    %pushi/vec4 0, 0, 256;
    %load/vec4 v000001b9d252edf0_0;
    %muli 16, 0, 32;
    %part/s 16;
    %pushi/vec4 176, 0, 32;
    %load/vec4 v000001b9d252edf0_0;
    %add;
    %ix/vec4/s 4;
    %store/vec4a v000001b9d252f1b0, 4, 0;
    %pushi/vec4 0, 0, 256;
    %load/vec4 v000001b9d252edf0_0;
    %muli 16, 0, 32;
    %part/s 16;
    %pushi/vec4 192, 0, 32;
    %load/vec4 v000001b9d252edf0_0;
    %add;
    %ix/vec4/s 4;
    %store/vec4a v000001b9d252f1b0, 4, 0;
    %pushi/vec4 0, 0, 256;
    %load/vec4 v000001b9d252edf0_0;
    %muli 16, 0, 32;
    %part/s 16;
    %pushi/vec4 208, 0, 32;
    %load/vec4 v000001b9d252edf0_0;
    %add;
    %ix/vec4/s 4;
    %store/vec4a v000001b9d252f1b0, 4, 0;
    %pushi/vec4 0, 0, 256;
    %load/vec4 v000001b9d252edf0_0;
    %muli 16, 0, 32;
    %part/s 16;
    %pushi/vec4 224, 0, 32;
    %load/vec4 v000001b9d252edf0_0;
    %add;
    %ix/vec4/s 4;
    %store/vec4a v000001b9d252f1b0, 4, 0;
    %pushi/vec4 0, 0, 256;
    %load/vec4 v000001b9d252edf0_0;
    %muli 16, 0, 32;
    %part/s 16;
    %pushi/vec4 240, 0, 32;
    %load/vec4 v000001b9d252edf0_0;
    %add;
    %ix/vec4/s 4;
    %store/vec4a v000001b9d252f1b0, 4, 0;
T_90.2 ; for-loop step statement
    %load/vec4 v000001b9d252edf0_0;
    %addi 1, 0, 32;
    %store/vec4 v000001b9d252edf0_0, 0, 32;
    %jmp T_90.0;
T_90.1 ; for-loop exit label
    %end;
    .thread T_90;
    .scope S_000001b9d2526410;
T_91 ;
    %wait E_000001b9d2481570;
    %load/vec4 v000001b9d252ecb0_0;
    %flag_set/vec4 9;
    %flag_get/vec4 9;
    %jmp/0 T_91.2, 9;
    %load/vec4 v000001b9d252f7f0_0;
    %and;
T_91.2;
    %flag_set/vec4 8;
    %jmp/0xz  T_91.0, 8;
    %load/vec4 v000001b9d252e530_0;
    %parti/s 1, 0, 2;
    %nor/r;
    %flag_set/vec4 8;
    %jmp/0xz  T_91.3, 8;
    %load/vec4 v000001b9d252d450_0;
    %parti/s 1, 0, 2;
    %load/vec4 v000001b9d252e850_0;
    %parti/s 8, 0, 2;
    %pad/u 10;
    %ix/vec4 3;
    %ix/load 4, 0, 0; Constant delay
    %assign/vec4/a/d v000001b9d252f1b0, 0, 4;
T_91.3 ;
    %load/vec4 v000001b9d252e530_0;
    %parti/s 1, 1, 2;
    %nor/r;
    %flag_set/vec4 8;
    %jmp/0xz  T_91.5, 8;
    %load/vec4 v000001b9d252d450_0;
    %parti/s 1, 1, 2;
    %load/vec4 v000001b9d252e850_0;
    %parti/s 8, 0, 2;
    %pad/u 10;
    %ix/vec4 3;
    %ix/load 4, 1, 0; part off
    %ix/load 5, 0, 0; Constant delay
    %assign/vec4/a/d v000001b9d252f1b0, 4, 5;
T_91.5 ;
    %load/vec4 v000001b9d252e530_0;
    %parti/s 1, 2, 3;
    %nor/r;
    %flag_set/vec4 8;
    %jmp/0xz  T_91.7, 8;
    %load/vec4 v000001b9d252d450_0;
    %parti/s 1, 2, 3;
    %load/vec4 v000001b9d252e850_0;
    %parti/s 8, 0, 2;
    %pad/u 10;
    %ix/vec4 3;
    %ix/load 4, 2, 0; part off
    %ix/load 5, 0, 0; Constant delay
    %assign/vec4/a/d v000001b9d252f1b0, 4, 5;
T_91.7 ;
    %load/vec4 v000001b9d252e530_0;
    %parti/s 1, 3, 3;
    %nor/r;
    %flag_set/vec4 8;
    %jmp/0xz  T_91.9, 8;
    %load/vec4 v000001b9d252d450_0;
    %parti/s 1, 3, 3;
    %load/vec4 v000001b9d252e850_0;
    %parti/s 8, 0, 2;
    %pad/u 10;
    %ix/vec4 3;
    %ix/load 4, 3, 0; part off
    %ix/load 5, 0, 0; Constant delay
    %assign/vec4/a/d v000001b9d252f1b0, 4, 5;
T_91.9 ;
    %load/vec4 v000001b9d252e530_0;
    %parti/s 1, 4, 4;
    %nor/r;
    %flag_set/vec4 8;
    %jmp/0xz  T_91.11, 8;
    %load/vec4 v000001b9d252d450_0;
    %parti/s 1, 4, 4;
    %load/vec4 v000001b9d252e850_0;
    %parti/s 8, 0, 2;
    %pad/u 10;
    %ix/vec4 3;
    %ix/load 4, 4, 0; part off
    %ix/load 5, 0, 0; Constant delay
    %assign/vec4/a/d v000001b9d252f1b0, 4, 5;
T_91.11 ;
    %load/vec4 v000001b9d252e530_0;
    %parti/s 1, 5, 4;
    %nor/r;
    %flag_set/vec4 8;
    %jmp/0xz  T_91.13, 8;
    %load/vec4 v000001b9d252d450_0;
    %parti/s 1, 5, 4;
    %load/vec4 v000001b9d252e850_0;
    %parti/s 8, 0, 2;
    %pad/u 10;
    %ix/vec4 3;
    %ix/load 4, 5, 0; part off
    %ix/load 5, 0, 0; Constant delay
    %assign/vec4/a/d v000001b9d252f1b0, 4, 5;
T_91.13 ;
    %load/vec4 v000001b9d252e530_0;
    %parti/s 1, 6, 4;
    %nor/r;
    %flag_set/vec4 8;
    %jmp/0xz  T_91.15, 8;
    %load/vec4 v000001b9d252d450_0;
    %parti/s 1, 6, 4;
    %load/vec4 v000001b9d252e850_0;
    %parti/s 8, 0, 2;
    %pad/u 10;
    %ix/vec4 3;
    %ix/load 4, 6, 0; part off
    %ix/load 5, 0, 0; Constant delay
    %assign/vec4/a/d v000001b9d252f1b0, 4, 5;
T_91.15 ;
    %load/vec4 v000001b9d252e530_0;
    %parti/s 1, 7, 4;
    %nor/r;
    %flag_set/vec4 8;
    %jmp/0xz  T_91.17, 8;
    %load/vec4 v000001b9d252d450_0;
    %parti/s 1, 7, 4;
    %load/vec4 v000001b9d252e850_0;
    %parti/s 8, 0, 2;
    %pad/u 10;
    %ix/vec4 3;
    %ix/load 4, 7, 0; part off
    %ix/load 5, 0, 0; Constant delay
    %assign/vec4/a/d v000001b9d252f1b0, 4, 5;
T_91.17 ;
    %load/vec4 v000001b9d252e530_0;
    %parti/s 1, 8, 5;
    %nor/r;
    %flag_set/vec4 8;
    %jmp/0xz  T_91.19, 8;
    %load/vec4 v000001b9d252d450_0;
    %parti/s 1, 8, 5;
    %load/vec4 v000001b9d252e850_0;
    %parti/s 8, 0, 2;
    %pad/u 10;
    %ix/vec4 3;
    %ix/load 4, 8, 0; part off
    %ix/load 5, 0, 0; Constant delay
    %assign/vec4/a/d v000001b9d252f1b0, 4, 5;
T_91.19 ;
    %load/vec4 v000001b9d252e530_0;
    %parti/s 1, 9, 5;
    %nor/r;
    %flag_set/vec4 8;
    %jmp/0xz  T_91.21, 8;
    %load/vec4 v000001b9d252d450_0;
    %parti/s 1, 9, 5;
    %load/vec4 v000001b9d252e850_0;
    %parti/s 8, 0, 2;
    %pad/u 10;
    %ix/vec4 3;
    %ix/load 4, 9, 0; part off
    %ix/load 5, 0, 0; Constant delay
    %assign/vec4/a/d v000001b9d252f1b0, 4, 5;
T_91.21 ;
    %load/vec4 v000001b9d252e530_0;
    %parti/s 1, 10, 5;
    %nor/r;
    %flag_set/vec4 8;
    %jmp/0xz  T_91.23, 8;
    %load/vec4 v000001b9d252d450_0;
    %parti/s 1, 10, 5;
    %load/vec4 v000001b9d252e850_0;
    %parti/s 8, 0, 2;
    %pad/u 10;
    %ix/vec4 3;
    %ix/load 4, 10, 0; part off
    %ix/load 5, 0, 0; Constant delay
    %assign/vec4/a/d v000001b9d252f1b0, 4, 5;
T_91.23 ;
    %load/vec4 v000001b9d252e530_0;
    %parti/s 1, 11, 5;
    %nor/r;
    %flag_set/vec4 8;
    %jmp/0xz  T_91.25, 8;
    %load/vec4 v000001b9d252d450_0;
    %parti/s 1, 11, 5;
    %load/vec4 v000001b9d252e850_0;
    %parti/s 8, 0, 2;
    %pad/u 10;
    %ix/vec4 3;
    %ix/load 4, 11, 0; part off
    %ix/load 5, 0, 0; Constant delay
    %assign/vec4/a/d v000001b9d252f1b0, 4, 5;
T_91.25 ;
    %load/vec4 v000001b9d252e530_0;
    %parti/s 1, 12, 5;
    %nor/r;
    %flag_set/vec4 8;
    %jmp/0xz  T_91.27, 8;
    %load/vec4 v000001b9d252d450_0;
    %parti/s 1, 12, 5;
    %load/vec4 v000001b9d252e850_0;
    %parti/s 8, 0, 2;
    %pad/u 10;
    %ix/vec4 3;
    %ix/load 4, 12, 0; part off
    %ix/load 5, 0, 0; Constant delay
    %assign/vec4/a/d v000001b9d252f1b0, 4, 5;
T_91.27 ;
    %load/vec4 v000001b9d252e530_0;
    %parti/s 1, 13, 5;
    %nor/r;
    %flag_set/vec4 8;
    %jmp/0xz  T_91.29, 8;
    %load/vec4 v000001b9d252d450_0;
    %parti/s 1, 13, 5;
    %load/vec4 v000001b9d252e850_0;
    %parti/s 8, 0, 2;
    %pad/u 10;
    %ix/vec4 3;
    %ix/load 4, 13, 0; part off
    %ix/load 5, 0, 0; Constant delay
    %assign/vec4/a/d v000001b9d252f1b0, 4, 5;
T_91.29 ;
    %load/vec4 v000001b9d252e530_0;
    %parti/s 1, 14, 5;
    %nor/r;
    %flag_set/vec4 8;
    %jmp/0xz  T_91.31, 8;
    %load/vec4 v000001b9d252d450_0;
    %parti/s 1, 14, 5;
    %load/vec4 v000001b9d252e850_0;
    %parti/s 8, 0, 2;
    %pad/u 10;
    %ix/vec4 3;
    %ix/load 4, 14, 0; part off
    %ix/load 5, 0, 0; Constant delay
    %assign/vec4/a/d v000001b9d252f1b0, 4, 5;
T_91.31 ;
    %load/vec4 v000001b9d252e530_0;
    %parti/s 1, 15, 5;
    %nor/r;
    %flag_set/vec4 8;
    %jmp/0xz  T_91.33, 8;
    %load/vec4 v000001b9d252d450_0;
    %parti/s 1, 15, 5;
    %load/vec4 v000001b9d252e850_0;
    %parti/s 8, 0, 2;
    %pad/u 10;
    %ix/vec4 3;
    %ix/load 4, 15, 0; part off
    %ix/load 5, 0, 0; Constant delay
    %assign/vec4/a/d v000001b9d252f1b0, 4, 5;
T_91.33 ;
T_91.0 ;
    %jmp T_91;
    .thread T_91;
    .scope S_000001b9d2526410;
T_92 ;
    %wait E_000001b9d24813f0;
    %load/vec4 v000001b9d252ead0_0;
    %flag_set/vec4 9;
    %flag_get/vec4 9;
    %jmp/0 T_92.2, 9;
    %load/vec4 v000001b9d252dbd0_0;
    %and;
T_92.2;
    %flag_set/vec4 8;
    %jmp/0xz  T_92.0, 8;
    %load/vec4 v000001b9d252f430_0;
    %parti/s 8, 0, 2;
    %pad/u 10;
    %ix/vec4 4;
    %load/vec4a v000001b9d252f1b0, 4;
    %load/vec4 v000001b9d252f110_0;
    %inv;
    %and;
    %assign/vec4 v000001b9d252d810_0, 0;
T_92.0 ;
    %jmp T_92;
    .thread T_92;
    .scope S_000001b9d24ad030;
T_93 ;
    %wait E_000001b9d2481c30;
    %pushi/vec4 0, 0, 32;
    %store/vec4 v000001b9d2528090_0, 0, 32;
T_93.0 ; Top of for-loop
    %load/vec4 v000001b9d2528090_0;
    %cmpi/s 16383, 0, 32;
    %flag_or 5, 4;
	  %jmp/0xz T_93.1, 5;
    %pushi/vec4 65535, 65535, 16;
    %ix/getv/s 4, v000001b9d2528090_0;
    %store/vec4a v000001b9d2528630, 4, 0;
T_93.2 ; for-loop step statement
    %load/vec4 v000001b9d2528090_0;
    %addi 1, 0, 32;
    %store/vec4 v000001b9d2528090_0, 0, 32;
    %jmp T_93.0;
T_93.1 ; for-loop exit label
    %jmp T_93;
    .thread T_93;
    .scope S_000001b9d24ad030;
T_94 ;
    %wait E_000001b9d2481930;
    %load/vec4 v000001b9d252a430_0;
    %flag_set/vec4 8;
    %jmp/0xz  T_94.0, 8;
    %pushi/vec4 0, 0, 16;
    %assign/vec4 v000001b9d2528a90_0, 0;
    %jmp T_94.1;
T_94.0 ;
    %load/vec4 v000001b9d252a2f0_0;
    %flag_set/vec4 8;
    %jmp/0xz  T_94.2, 8;
    %pushi/vec4 65535, 65535, 16;
    %assign/vec4 v000001b9d2528a90_0, 0;
    %jmp T_94.3;
T_94.2 ;
    %load/vec4 v000001b9d2529530_0;
    %flag_set/vec4 8;
    %jmp/0xz  T_94.4, 8;
    %load/vec4 v000001b9d2528c70_0;
    %nor/r;
    %flag_set/vec4 8;
    %jmp/0xz  T_94.6, 8;
    %load/vec4 v000001b9d2528450_0;
    %pad/u 16;
    %ix/vec4 4;
    %load/vec4a v000001b9d2528630, 4;
    %assign/vec4 v000001b9d2528a90_0, 0;
    %jmp T_94.7;
T_94.6 ;
    %load/vec4 v000001b9d2529350_0;
    %parti/s 1, 0, 2;
    %flag_set/vec4 8;
    %jmp/0xz  T_94.8, 8;
    %load/vec4 v000001b9d2529df0_0;
    %parti/s 4, 0, 2;
    %load/vec4 v000001b9d2528450_0;
    %pad/u 16;
    %ix/vec4 3;
    %ix/load 4, 0, 0; Constant delay
    %assign/vec4/a/d v000001b9d2528630, 0, 4;
T_94.8 ;
    %load/vec4 v000001b9d2529350_0;
    %parti/s 1, 1, 2;
    %flag_set/vec4 8;
    %jmp/0xz  T_94.10, 8;
    %load/vec4 v000001b9d2529df0_0;
    %parti/s 4, 4, 4;
    %load/vec4 v000001b9d2528450_0;
    %pad/u 16;
    %ix/vec4 3;
    %ix/load 4, 4, 0; part off
    %ix/load 5, 0, 0; Constant delay
    %assign/vec4/a/d v000001b9d2528630, 4, 5;
T_94.10 ;
    %load/vec4 v000001b9d2529350_0;
    %parti/s 1, 2, 3;
    %flag_set/vec4 8;
    %jmp/0xz  T_94.12, 8;
    %load/vec4 v000001b9d2529df0_0;
    %parti/s 4, 8, 5;
    %load/vec4 v000001b9d2528450_0;
    %pad/u 16;
    %ix/vec4 3;
    %ix/load 4, 8, 0; part off
    %ix/load 5, 0, 0; Constant delay
    %assign/vec4/a/d v000001b9d2528630, 4, 5;
T_94.12 ;
    %load/vec4 v000001b9d2529350_0;
    %parti/s 1, 3, 3;
    %flag_set/vec4 8;
    %jmp/0xz  T_94.14, 8;
    %load/vec4 v000001b9d2529df0_0;
    %parti/s 4, 12, 5;
    %load/vec4 v000001b9d2528450_0;
    %pad/u 16;
    %ix/vec4 3;
    %ix/load 4, 12, 0; part off
    %ix/load 5, 0, 0; Constant delay
    %assign/vec4/a/d v000001b9d2528630, 4, 5;
T_94.14 ;
    %pushi/vec4 65535, 65535, 16;
    %assign/vec4 v000001b9d2528a90_0, 0;
T_94.7 ;
T_94.4 ;
T_94.3 ;
T_94.1 ;
    %jmp T_94;
    .thread T_94;
    .scope S_000001b9d24acd10;
T_95 ;
    %wait E_000001b9d2481430;
    %load/vec4 v000001b9d252cf50_0;
    %flag_set/vec4 8;
    %jmp/0xz  T_95.0, 8;
    %pushi/vec4 0, 0, 32;
    %store/vec4 v000001b9d252acf0_0, 0, 32;
T_95.2 ; Top of for-loop
    %load/vec4 v000001b9d252acf0_0;
    %cmpi/s 4, 0, 32;
	  %jmp/0xz T_95.3, 5;
    %pushi/vec4 0, 0, 8;
    %ix/getv/s 3, v000001b9d252acf0_0;
    %ix/load 4, 0, 0; Constant delay
    %assign/vec4/a/d v000001b9d252bf10, 0, 4;
T_95.4 ; for-loop step statement
    %load/vec4 v000001b9d252acf0_0;
    %addi 1, 0, 32;
    %store/vec4 v000001b9d252acf0_0, 0, 32;
    %jmp T_95.2;
T_95.3 ; for-loop exit label
    %jmp T_95.1;
T_95.0 ;
    %pushi/vec4 3, 0, 32;
    %store/vec4 v000001b9d252acf0_0, 0, 32;
T_95.5 ; Top of for-loop
    %load/vec4 v000001b9d252acf0_0;
    %cmpi/s 0, 0, 32;
    %flag_or 5, 4; GT is !LE
    %flag_inv 5;
	  %jmp/0xz T_95.6, 5;
    %load/vec4 v000001b9d252acf0_0;
    %subi 1, 0, 32;
    %ix/vec4/s 4;
    %load/vec4a v000001b9d252bf10, 4;
    %ix/getv/s 3, v000001b9d252acf0_0;
    %ix/load 4, 0, 0; Constant delay
    %assign/vec4/a/d v000001b9d252bf10, 0, 4;
T_95.7 ; for-loop step statement
    %load/vec4 v000001b9d252acf0_0;
    %subi 1, 0, 32;
    %store/vec4 v000001b9d252acf0_0, 0, 32;
    %jmp T_95.5;
T_95.6 ; for-loop exit label
    %load/vec4 v000001b9d252b6f0_0;
    %ix/load 3, 0, 0;
    %flag_set/imm 4, 0;
    %ix/load 4, 0, 0; Constant delay
    %assign/vec4/a/d v000001b9d252bf10, 0, 4;
T_95.1 ;
    %jmp T_95;
    .thread T_95;
    .scope S_000001b9d2525dd0;
T_96 ;
    %wait E_000001b9d2481430;
    %load/vec4 v000001b9d252ce10_0;
    %flag_set/vec4 8;
    %jmp/0xz  T_96.0, 8;
    %pushi/vec4 0, 0, 18;
    %assign/vec4 v000001b9d252aa70_0, 0;
    %jmp T_96.1;
T_96.0 ;
    %load/vec4 v000001b9d252b790_0;
    %assign/vec4 v000001b9d252aa70_0, 0;
T_96.1 ;
    %jmp T_96;
    .thread T_96;
    .scope S_000001b9d24ad350;
T_97 ;
    %pushi/vec4 0, 0, 1;
    %store/vec4 v000001b9d252b290_0, 0, 1;
T_97.0 ;
    %delay 5000, 0;
    %load/vec4 v000001b9d252b290_0;
    %inv;
    %store/vec4 v000001b9d252b290_0, 0, 1;
    %jmp T_97.0;
T_97.1 ;
    %end;
    .thread T_97;
    .scope S_000001b9d24ad350;
T_98 ;
    %vpi_call/w 5 8 "$dumpvars", 32'sb00000000000000000000000000000000, S_000001b9d24ad350 {0 0 0};
    %pushi/vec4 1, 0, 1;
    %store/vec4 v000001b9d252c410_0, 0, 1;
    %pushi/vec4 0, 0, 8;
    %store/vec4 v000001b9d252c190_0, 0, 8;
    %delay 10000, 0;
    %pushi/vec4 0, 0, 1;
    %store/vec4 v000001b9d252c410_0, 0, 1;
    %pushi/vec4 100, 0, 8;
    %store/vec4 v000001b9d252c190_0, 0, 8;
    %delay 10000, 0;
    %pushi/vec4 0, 0, 8;
    %store/vec4 v000001b9d252c190_0, 0, 8;
    %delay 50000, 0;
    %vpi_call/w 5 12 "$finish" {0 0 0};
    %end;
    .thread T_98;
    .scope S_000001b9d2537ac0;
T_99 ;
    %wait E_000001b9d2480e30;
    %load/vec4 v000001b9d252bb50_0;
    %flag_set/vec4 8;
    %jmp/0xz  T_99.0, 8;
    %pushi/vec4 0, 0, 32;
    %store/vec4 v000001b9d252bd30_0, 0, 32;
T_99.2 ; Top of for-loop
    %load/vec4 v000001b9d252bd30_0;
    %cmpi/s 4, 0, 32;
	  %jmp/0xz T_99.3, 5;
    %pushi/vec4 0, 0, 8;
    %ix/getv/s 3, v000001b9d252bd30_0;
    %ix/load 4, 0, 0; Constant delay
    %assign/vec4/a/d v000001b9d252ca50, 0, 4;
T_99.4 ; for-loop step statement
    %load/vec4 v000001b9d252bd30_0;
    %addi 1, 0, 32;
    %store/vec4 v000001b9d252bd30_0, 0, 32;
    %jmp T_99.2;
T_99.3 ; for-loop exit label
    %jmp T_99.1;
T_99.0 ;
    %pushi/vec4 3, 0, 32;
    %store/vec4 v000001b9d252bd30_0, 0, 32;
T_99.5 ; Top of for-loop
    %load/vec4 v000001b9d252bd30_0;
    %cmpi/s 0, 0, 32;
    %flag_or 5, 4; GT is !LE
    %flag_inv 5;
	  %jmp/0xz T_99.6, 5;
    %load/vec4 v000001b9d252bd30_0;
    %subi 1, 0, 32;
    %ix/vec4/s 4;
    %load/vec4a v000001b9d252ca50, 4;
    %ix/getv/s 3, v000001b9d252bd30_0;
    %ix/load 4, 0, 0; Constant delay
    %assign/vec4/a/d v000001b9d252ca50, 0, 4;
T_99.7 ; for-loop step statement
    %load/vec4 v000001b9d252bd30_0;
    %subi 1, 0, 32;
    %store/vec4 v000001b9d252bd30_0, 0, 32;
    %jmp T_99.5;
T_99.6 ; for-loop exit label
    %load/vec4 v000001b9d252b650_0;
    %ix/load 3, 0, 0;
    %flag_set/imm 4, 0;
    %ix/load 4, 0, 0; Constant delay
    %assign/vec4/a/d v000001b9d252ca50, 0, 4;
T_99.1 ;
    %jmp T_99;
    .thread T_99;
    .scope S_000001b9d2537610;
T_100 ;
    %wait E_000001b9d2480e30;
    %load/vec4 v000001b9d252c690_0;
    %flag_set/vec4 8;
    %jmp/0xz  T_100.0, 8;
    %pushi/vec4 0, 0, 18;
    %assign/vec4 v000001b9d252c0f0_0, 0;
    %jmp T_100.1;
T_100.0 ;
    %load/vec4 v000001b9d252c730_0;
    %assign/vec4 v000001b9d252c0f0_0, 0;
T_100.1 ;
    %jmp T_100;
    .thread T_100;
# The file index is used to find the file name in the following table.
:file_names 9;
    "N/A";
    "<interactive>";
    "-";
    "C:\Users\beade\.apio\packages\oss-cad-suite\share\yosys\ice40\cells_sim.v";
    "ex8_adder_tree.v";
    "ex10_tb.v";
    "ex10_fir_filter.v";
    "ex9_regressor.v";
    "ex10_top.v";
