#! 
:ivl_version "14.0 (devel)" "(s20251012-140-gf5a178d47-dirty)";
:ivl_delay_selection "TYPICAL";
:vpi_time_precision - 12;
:vpi_module "C:\Users\beade\APIO~1\packages\OSS-CA~1\lib\ivl\system.vpi";
:vpi_module "C:\Users\beade\APIO~1\packages\OSS-CA~1\lib\ivl\vhdl_sys.vpi";
:vpi_module "C:\Users\beade\APIO~1\packages\OSS-CA~1\lib\ivl\vhdl_textio.vpi";
:vpi_module "C:\Users\beade\APIO~1\packages\OSS-CA~1\lib\ivl\v2005_math.vpi";
:vpi_module "C:\Users\beade\APIO~1\packages\OSS-CA~1\lib\ivl\va_math.vpi";
:vpi_module "C:\Users\beade\APIO~1\packages\OSS-CA~1\lib\ivl\v2009.vpi";
S_000002e5c7cc1690 .scope package, "$unit" "$unit" 2 1;
 .timescale 0 0;
S_000002e5c7cbb220 .scope module, "ICESTORM_LC" "ICESTORM_LC" 3 2136;
 .timescale -12 -12;
    .port_info 0 /INPUT 1 "I0";
    .port_info 1 /INPUT 1 "I1";
    .port_info 2 /INPUT 1 "I2";
    .port_info 3 /INPUT 1 "I3";
    .port_info 4 /INPUT 1 "CIN";
    .port_info 5 /INPUT 1 "CLK";
    .port_info 6 /INPUT 1 "CEN";
    .port_info 7 /INPUT 1 "SR";
    .port_info 8 /OUTPUT 1 "LO";
    .port_info 9 /OUTPUT 1 "O";
    .port_info 10 /OUTPUT 1 "COUT";
P_000002e5c7d35c40 .param/l "ASYNC_SR" 0 3 2148, C4<0>;
P_000002e5c7d35c78 .param/l "CARRY_ENABLE" 0 3 2145, C4<0>;
P_000002e5c7d35cb0 .param/l "CIN_CONST" 0 3 2150, C4<0>;
P_000002e5c7d35ce8 .param/l "CIN_SET" 0 3 2151, C4<0>;
P_000002e5c7d35d20 .param/l "DFF_ENABLE" 0 3 2146, C4<0>;
P_000002e5c7d35d58 .param/l "LUT_INIT" 0 3 2142, C4<0000000000000000>;
P_000002e5c7d35d90 .param/l "NEG_CLK" 0 3 2144, C4<0>;
P_000002e5c7d35dc8 .param/l "SET_NORESET" 0 3 2147, C4<0>;
o000002e5c7ea00e8 .functor BUFZ 1, c4<z>; HiZ drive
L_000002e5c7e5c5f0 .functor BUFZ 1, o000002e5c7ea00e8, C4<0>, C4<0>, C4<0>;
L_000002e5c7e5cdd0 .functor BUFZ 1, L_000002e5c7f0cc00, C4<0>, C4<0>, C4<0>;
o000002e5c7ea0118 .functor BUFZ 1, c4<z>; HiZ drive
L_000002e5c7f14620 .functor BUFT 1, C4<0>, C4<0>, C4<0>, C4<0>;
L_000002e5c7e5d3f0 .functor XOR 1, o000002e5c7ea0118, L_000002e5c7f14620, C4<0>, C4<0>;
L_000002e5c7e5c580 .functor BUFZ 1, L_000002e5c7f0cc00, C4<0>, C4<0>, C4<0>;
o000002e5c7ea0088 .functor BUFZ 1, c4<z>; HiZ drive
v000002e5c7e4a1e0_0 .net "CEN", 0 0, o000002e5c7ea0088;  0 drivers
v000002e5c7e4a640_0 .net "CEN_pu", 0 0, L_000002e5c7f0dec0;  1 drivers
v000002e5c7e4a820_0 .net "CIN", 0 0, o000002e5c7ea00e8;  0 drivers
v000002e5c7e4a320_0 .net "CLK", 0 0, o000002e5c7ea0118;  0 drivers
L_000002e5c7f14548 .functor BUFT 1, C4<x>, C4<0>, C4<0>, C4<0>;
v000002e5c7e4a3c0_0 .net "COUT", 0 0, L_000002e5c7f14548;  1 drivers
o000002e5c7ea0178 .functor BUFZ 1, c4<z>; HiZ drive
v000002e5c7e4a8c0_0 .net "I0", 0 0, o000002e5c7ea0178;  0 drivers
v000002e5c7e30e20_0 .net "I0_pd", 0 0, L_000002e5c7f0c520;  1 drivers
o000002e5c7ea01d8 .functor BUFZ 1, c4<z>; HiZ drive
v000002e5c7e30f60_0 .net "I1", 0 0, o000002e5c7ea01d8;  0 drivers
v000002e5c7e304c0_0 .net "I1_pd", 0 0, L_000002e5c7f0dba0;  1 drivers
o000002e5c7ea0238 .functor BUFZ 1, c4<z>; HiZ drive
v000002e5c7e31140_0 .net "I2", 0 0, o000002e5c7ea0238;  0 drivers
v000002e5c7e30240_0 .net "I2_pd", 0 0, L_000002e5c7f0e640;  1 drivers
o000002e5c7ea0298 .functor BUFZ 1, c4<z>; HiZ drive
v000002e5c7e31280_0 .net "I3", 0 0, o000002e5c7ea0298;  0 drivers
v000002e5c7e315a0_0 .net "I3_pd", 0 0, L_000002e5c7f0db00;  1 drivers
v000002e5c7e2fb60_0 .net "LO", 0 0, L_000002e5c7e5cdd0;  1 drivers
v000002e5c7dfb850_0 .net "O", 0 0, L_000002e5c7e5c580;  1 drivers
o000002e5c7ea0358 .functor BUFZ 1, c4<z>; HiZ drive
v000002e5c7dfd010_0 .net "SR", 0 0, o000002e5c7ea0358;  0 drivers
v000002e5c7dfd330_0 .net "SR_pd", 0 0, L_000002e5c7f0dc40;  1 drivers
o000002e5c7ea03b8 .functor BUFZ 1, c4<z>; HiZ drive
; Elide local net with no drivers, v000002e5c7dfc2f0_0 name=_ivl_0
v000002e5c7dfc930_0 .net *"_ivl_10", 0 0, L_000002e5c7f0c5c0;  1 drivers
L_000002e5c7f143e0 .functor BUFT 1, C4<0>, C4<0>, C4<0>, C4<0>;
v000002e5c7dfd0b0_0 .net/2u *"_ivl_12", 0 0, L_000002e5c7f143e0;  1 drivers
o000002e5c7ea0448 .functor BUFZ 1, c4<z>; HiZ drive
; Elide local net with no drivers, v000002e5c7dd78a0_0 name=_ivl_16
v000002e5c7e9c0f0_0 .net *"_ivl_18", 0 0, L_000002e5c7f0e280;  1 drivers
v000002e5c7e9bc90_0 .net *"_ivl_2", 0 0, L_000002e5c7f0c480;  1 drivers
L_000002e5c7f14428 .functor BUFT 1, C4<0>, C4<0>, C4<0>, C4<0>;
v000002e5c7e9b5b0_0 .net/2u *"_ivl_20", 0 0, L_000002e5c7f14428;  1 drivers
o000002e5c7ea0508 .functor BUFZ 1, c4<z>; HiZ drive
; Elide local net with no drivers, v000002e5c7e9b470_0 name=_ivl_24
v000002e5c7e9b6f0_0 .net *"_ivl_26", 0 0, L_000002e5c7f0d380;  1 drivers
L_000002e5c7f14470 .functor BUFT 1, C4<0>, C4<0>, C4<0>, C4<0>;
v000002e5c7e9ad90_0 .net/2u *"_ivl_28", 0 0, L_000002e5c7f14470;  1 drivers
o000002e5c7ea0598 .functor BUFZ 1, c4<z>; HiZ drive
; Elide local net with no drivers, v000002e5c7e9a570_0 name=_ivl_32
v000002e5c7e9bd30_0 .net *"_ivl_34", 0 0, L_000002e5c7f0e6e0;  1 drivers
L_000002e5c7f144b8 .functor BUFT 1, C4<0>, C4<0>, C4<0>, C4<0>;
v000002e5c7e9b650_0 .net/2u *"_ivl_36", 0 0, L_000002e5c7f144b8;  1 drivers
L_000002e5c7f14398 .functor BUFT 1, C4<0>, C4<0>, C4<0>, C4<0>;
v000002e5c7e9b510_0 .net/2u *"_ivl_4", 0 0, L_000002e5c7f14398;  1 drivers
o000002e5c7ea0658 .functor BUFZ 1, c4<z>; HiZ drive
; Elide local net with no drivers, v000002e5c7e9b790_0 name=_ivl_40
v000002e5c7e9af70_0 .net *"_ivl_42", 0 0, L_000002e5c7f0d420;  1 drivers
L_000002e5c7f14500 .functor BUFT 1, C4<1>, C4<0>, C4<0>, C4<0>;
v000002e5c7e9b830_0 .net/2u *"_ivl_44", 0 0, L_000002e5c7f14500;  1 drivers
L_000002e5c7f14590 .functor BUFT 1, C4<00000000>, C4<0>, C4<0>, C4<0>;
v000002e5c7e9b8d0_0 .net/2u *"_ivl_52", 7 0, L_000002e5c7f14590;  1 drivers
L_000002e5c7f145d8 .functor BUFT 1, C4<00000000>, C4<0>, C4<0>, C4<0>;
v000002e5c7e9b3d0_0 .net/2u *"_ivl_54", 7 0, L_000002e5c7f145d8;  1 drivers
v000002e5c7e9a6b0_0 .net *"_ivl_59", 3 0, L_000002e5c7f0edc0;  1 drivers
v000002e5c7e9b0b0_0 .net *"_ivl_61", 3 0, L_000002e5c7f0c7a0;  1 drivers
v000002e5c7e9ba10_0 .net *"_ivl_65", 1 0, L_000002e5c7f0c980;  1 drivers
v000002e5c7e9c050_0 .net *"_ivl_67", 1 0, L_000002e5c7f0e320;  1 drivers
v000002e5c7e9bdd0_0 .net *"_ivl_71", 0 0, L_000002e5c7f0e140;  1 drivers
v000002e5c7e9a9d0_0 .net *"_ivl_73", 0 0, L_000002e5c7f0ea00;  1 drivers
v000002e5c7e9aed0_0 .net/2u *"_ivl_78", 0 0, L_000002e5c7f14620;  1 drivers
o000002e5c7ea0898 .functor BUFZ 1, c4<z>; HiZ drive
; Elide local net with no drivers, v000002e5c7e9bab0_0 name=_ivl_8
v000002e5c7e9b1f0_0 .net "lut_o", 0 0, L_000002e5c7f0cc00;  1 drivers
v000002e5c7e9a2f0_0 .net "lut_s1", 1 0, L_000002e5c7f0eaa0;  1 drivers
v000002e5c7e9a890_0 .net "lut_s2", 3 0, L_000002e5c7f0d4c0;  1 drivers
v000002e5c7e9bfb0_0 .net "lut_s3", 7 0, L_000002e5c7f0ec80;  1 drivers
v000002e5c7e9abb0_0 .net "mux_cin", 0 0, L_000002e5c7e5c5f0;  1 drivers
v000002e5c7e9a390_0 .var "o_reg", 0 0;
v000002e5c7e9b970_0 .var "o_reg_async", 0 0;
v000002e5c7e9bb50_0 .net "polarized_clk", 0 0, L_000002e5c7e5d3f0;  1 drivers
E_000002e5c7e73d90 .event posedge, v000002e5c7dfd330_0, v000002e5c7e9bb50_0;
E_000002e5c7e73f90 .event posedge, v000002e5c7e9bb50_0;
L_000002e5c7f0c480 .cmp/eeq 1, o000002e5c7ea0178, o000002e5c7ea03b8;
L_000002e5c7f0c520 .functor MUXZ 1, o000002e5c7ea0178, L_000002e5c7f14398, L_000002e5c7f0c480, C4<>;
L_000002e5c7f0c5c0 .cmp/eeq 1, o000002e5c7ea01d8, o000002e5c7ea0898;
L_000002e5c7f0dba0 .functor MUXZ 1, o000002e5c7ea01d8, L_000002e5c7f143e0, L_000002e5c7f0c5c0, C4<>;
L_000002e5c7f0e280 .cmp/eeq 1, o000002e5c7ea0238, o000002e5c7ea0448;
L_000002e5c7f0e640 .functor MUXZ 1, o000002e5c7ea0238, L_000002e5c7f14428, L_000002e5c7f0e280, C4<>;
L_000002e5c7f0d380 .cmp/eeq 1, o000002e5c7ea0298, o000002e5c7ea0508;
L_000002e5c7f0db00 .functor MUXZ 1, o000002e5c7ea0298, L_000002e5c7f14470, L_000002e5c7f0d380, C4<>;
L_000002e5c7f0e6e0 .cmp/eeq 1, o000002e5c7ea0358, o000002e5c7ea0598;
L_000002e5c7f0dc40 .functor MUXZ 1, o000002e5c7ea0358, L_000002e5c7f144b8, L_000002e5c7f0e6e0, C4<>;
L_000002e5c7f0d420 .cmp/eeq 1, o000002e5c7ea0088, o000002e5c7ea0658;
L_000002e5c7f0dec0 .functor MUXZ 1, o000002e5c7ea0088, L_000002e5c7f14500, L_000002e5c7f0d420, C4<>;
L_000002e5c7f0ec80 .functor MUXZ 8, L_000002e5c7f145d8, L_000002e5c7f14590, L_000002e5c7f0db00, C4<>;
L_000002e5c7f0edc0 .part L_000002e5c7f0ec80, 4, 4;
L_000002e5c7f0c7a0 .part L_000002e5c7f0ec80, 0, 4;
L_000002e5c7f0d4c0 .functor MUXZ 4, L_000002e5c7f0c7a0, L_000002e5c7f0edc0, L_000002e5c7f0e640, C4<>;
L_000002e5c7f0c980 .part L_000002e5c7f0d4c0, 2, 2;
L_000002e5c7f0e320 .part L_000002e5c7f0d4c0, 0, 2;
L_000002e5c7f0eaa0 .functor MUXZ 2, L_000002e5c7f0e320, L_000002e5c7f0c980, L_000002e5c7f0dba0, C4<>;
L_000002e5c7f0e140 .part L_000002e5c7f0eaa0, 1, 1;
L_000002e5c7f0ea00 .part L_000002e5c7f0eaa0, 0, 1;
L_000002e5c7f0cc00 .functor MUXZ 1, L_000002e5c7f0ea00, L_000002e5c7f0e140, L_000002e5c7f0c520, C4<>;
S_000002e5c7bfb5a0 .scope module, "ICESTORM_RAM" "ICESTORM_RAM" 3 3167;
 .timescale -12 -12;
    .port_info 0 /OUTPUT 1 "RDATA_15";
    .port_info 1 /OUTPUT 1 "RDATA_14";
    .port_info 2 /OUTPUT 1 "RDATA_13";
    .port_info 3 /OUTPUT 1 "RDATA_12";
    .port_info 4 /OUTPUT 1 "RDATA_11";
    .port_info 5 /OUTPUT 1 "RDATA_10";
    .port_info 6 /OUTPUT 1 "RDATA_9";
    .port_info 7 /OUTPUT 1 "RDATA_8";
    .port_info 8 /OUTPUT 1 "RDATA_7";
    .port_info 9 /OUTPUT 1 "RDATA_6";
    .port_info 10 /OUTPUT 1 "RDATA_5";
    .port_info 11 /OUTPUT 1 "RDATA_4";
    .port_info 12 /OUTPUT 1 "RDATA_3";
    .port_info 13 /OUTPUT 1 "RDATA_2";
    .port_info 14 /OUTPUT 1 "RDATA_1";
    .port_info 15 /OUTPUT 1 "RDATA_0";
    .port_info 16 /INPUT 1 "RCLK";
    .port_info 17 /INPUT 1 "RCLKE";
    .port_info 18 /INPUT 1 "RE";
    .port_info 19 /INPUT 1 "RADDR_10";
    .port_info 20 /INPUT 1 "RADDR_9";
    .port_info 21 /INPUT 1 "RADDR_8";
    .port_info 22 /INPUT 1 "RADDR_7";
    .port_info 23 /INPUT 1 "RADDR_6";
    .port_info 24 /INPUT 1 "RADDR_5";
    .port_info 25 /INPUT 1 "RADDR_4";
    .port_info 26 /INPUT 1 "RADDR_3";
    .port_info 27 /INPUT 1 "RADDR_2";
    .port_info 28 /INPUT 1 "RADDR_1";
    .port_info 29 /INPUT 1 "RADDR_0";
    .port_info 30 /INPUT 1 "WCLK";
    .port_info 31 /INPUT 1 "WCLKE";
    .port_info 32 /INPUT 1 "WE";
    .port_info 33 /INPUT 1 "WADDR_10";
    .port_info 34 /INPUT 1 "WADDR_9";
    .port_info 35 /INPUT 1 "WADDR_8";
    .port_info 36 /INPUT 1 "WADDR_7";
    .port_info 37 /INPUT 1 "WADDR_6";
    .port_info 38 /INPUT 1 "WADDR_5";
    .port_info 39 /INPUT 1 "WADDR_4";
    .port_info 40 /INPUT 1 "WADDR_3";
    .port_info 41 /INPUT 1 "WADDR_2";
    .port_info 42 /INPUT 1 "WADDR_1";
    .port_info 43 /INPUT 1 "WADDR_0";
    .port_info 44 /INPUT 1 "MASK_15";
    .port_info 45 /INPUT 1 "MASK_14";
    .port_info 46 /INPUT 1 "MASK_13";
    .port_info 47 /INPUT 1 "MASK_12";
    .port_info 48 /INPUT 1 "MASK_11";
    .port_info 49 /INPUT 1 "MASK_10";
    .port_info 50 /INPUT 1 "MASK_9";
    .port_info 51 /INPUT 1 "MASK_8";
    .port_info 52 /INPUT 1 "MASK_7";
    .port_info 53 /INPUT 1 "MASK_6";
    .port_info 54 /INPUT 1 "MASK_5";
    .port_info 55 /INPUT 1 "MASK_4";
    .port_info 56 /INPUT 1 "MASK_3";
    .port_info 57 /INPUT 1 "MASK_2";
    .port_info 58 /INPUT 1 "MASK_1";
    .port_info 59 /INPUT 1 "MASK_0";
    .port_info 60 /INPUT 1 "WDATA_15";
    .port_info 61 /INPUT 1 "WDATA_14";
    .port_info 62 /INPUT 1 "WDATA_13";
    .port_info 63 /INPUT 1 "WDATA_12";
    .port_info 64 /INPUT 1 "WDATA_11";
    .port_info 65 /INPUT 1 "WDATA_10";
    .port_info 66 /INPUT 1 "WDATA_9";
    .port_info 67 /INPUT 1 "WDATA_8";
    .port_info 68 /INPUT 1 "WDATA_7";
    .port_info 69 /INPUT 1 "WDATA_6";
    .port_info 70 /INPUT 1 "WDATA_5";
    .port_info 71 /INPUT 1 "WDATA_4";
    .port_info 72 /INPUT 1 "WDATA_3";
    .port_info 73 /INPUT 1 "WDATA_2";
    .port_info 74 /INPUT 1 "WDATA_1";
    .port_info 75 /INPUT 1 "WDATA_0";
P_000002e5c7bf6010 .param/l "INIT_0" 0 3 3182, C4<0000000000000000000000000000000000000000000000000000000000000000000000000000000000000000000000000000000000000000000000000000000000000000000000000000000000000000000000000000000000000000000000000000000000000000000000000000000000000000000000000000000000000000>;
P_000002e5c7bf6048 .param/l "INIT_1" 0 3 3183, C4<0000000000000000000000000000000000000000000000000000000000000000000000000000000000000000000000000000000000000000000000000000000000000000000000000000000000000000000000000000000000000000000000000000000000000000000000000000000000000000000000000000000000000000>;
P_000002e5c7bf6080 .param/l "INIT_2" 0 3 3184, C4<0000000000000000000000000000000000000000000000000000000000000000000000000000000000000000000000000000000000000000000000000000000000000000000000000000000000000000000000000000000000000000000000000000000000000000000000000000000000000000000000000000000000000000>;
P_000002e5c7bf60b8 .param/l "INIT_3" 0 3 3185, C4<0000000000000000000000000000000000000000000000000000000000000000000000000000000000000000000000000000000000000000000000000000000000000000000000000000000000000000000000000000000000000000000000000000000000000000000000000000000000000000000000000000000000000000>;
P_000002e5c7bf60f0 .param/l "INIT_4" 0 3 3186, C4<0000000000000000000000000000000000000000000000000000000000000000000000000000000000000000000000000000000000000000000000000000000000000000000000000000000000000000000000000000000000000000000000000000000000000000000000000000000000000000000000000000000000000000>;
P_000002e5c7bf6128 .param/l "INIT_5" 0 3 3187, C4<0000000000000000000000000000000000000000000000000000000000000000000000000000000000000000000000000000000000000000000000000000000000000000000000000000000000000000000000000000000000000000000000000000000000000000000000000000000000000000000000000000000000000000>;
P_000002e5c7bf6160 .param/l "INIT_6" 0 3 3188, C4<0000000000000000000000000000000000000000000000000000000000000000000000000000000000000000000000000000000000000000000000000000000000000000000000000000000000000000000000000000000000000000000000000000000000000000000000000000000000000000000000000000000000000000>;
P_000002e5c7bf6198 .param/l "INIT_7" 0 3 3189, C4<0000000000000000000000000000000000000000000000000000000000000000000000000000000000000000000000000000000000000000000000000000000000000000000000000000000000000000000000000000000000000000000000000000000000000000000000000000000000000000000000000000000000000000>;
P_000002e5c7bf61d0 .param/l "INIT_8" 0 3 3190, C4<0000000000000000000000000000000000000000000000000000000000000000000000000000000000000000000000000000000000000000000000000000000000000000000000000000000000000000000000000000000000000000000000000000000000000000000000000000000000000000000000000000000000000000>;
P_000002e5c7bf6208 .param/l "INIT_9" 0 3 3191, C4<0000000000000000000000000000000000000000000000000000000000000000000000000000000000000000000000000000000000000000000000000000000000000000000000000000000000000000000000000000000000000000000000000000000000000000000000000000000000000000000000000000000000000000>;
P_000002e5c7bf6240 .param/l "INIT_A" 0 3 3192, C4<0000000000000000000000000000000000000000000000000000000000000000000000000000000000000000000000000000000000000000000000000000000000000000000000000000000000000000000000000000000000000000000000000000000000000000000000000000000000000000000000000000000000000000>;
P_000002e5c7bf6278 .param/l "INIT_B" 0 3 3193, C4<0000000000000000000000000000000000000000000000000000000000000000000000000000000000000000000000000000000000000000000000000000000000000000000000000000000000000000000000000000000000000000000000000000000000000000000000000000000000000000000000000000000000000000>;
P_000002e5c7bf62b0 .param/l "INIT_C" 0 3 3194, C4<0000000000000000000000000000000000000000000000000000000000000000000000000000000000000000000000000000000000000000000000000000000000000000000000000000000000000000000000000000000000000000000000000000000000000000000000000000000000000000000000000000000000000000>;
P_000002e5c7bf62e8 .param/l "INIT_D" 0 3 3195, C4<0000000000000000000000000000000000000000000000000000000000000000000000000000000000000000000000000000000000000000000000000000000000000000000000000000000000000000000000000000000000000000000000000000000000000000000000000000000000000000000000000000000000000000>;
P_000002e5c7bf6320 .param/l "INIT_E" 0 3 3196, C4<0000000000000000000000000000000000000000000000000000000000000000000000000000000000000000000000000000000000000000000000000000000000000000000000000000000000000000000000000000000000000000000000000000000000000000000000000000000000000000000000000000000000000000>;
P_000002e5c7bf6358 .param/l "INIT_F" 0 3 3197, C4<0000000000000000000000000000000000000000000000000000000000000000000000000000000000000000000000000000000000000000000000000000000000000000000000000000000000000000000000000000000000000000000000000000000000000000000000000000000000000000000000000000000000000000>;
P_000002e5c7bf6390 .param/l "NEG_CLK_R" 0 3 3179, C4<0>;
P_000002e5c7bf63c8 .param/l "NEG_CLK_W" 0 3 3180, C4<0>;
P_000002e5c7bf6400 .param/l "READ_MODE" 0 3 3177, +C4<00000000000000000000000000000000>;
P_000002e5c7bf6438 .param/l "WRITE_MODE" 0 3 3176, +C4<00000000000000000000000000000000>;
L_000002e5c7f146b0 .functor BUFT 1, C4<0>, C4<0>, C4<0>, C4<0>;
L_000002e5c7e5d2a0 .functor XOR 1, L_000002e5c7f0cde0, L_000002e5c7f146b0, C4<0>, C4<0>;
L_000002e5c7f146f8 .functor BUFT 1, C4<0>, C4<0>, C4<0>, C4<0>;
L_000002e5c7e5ca50 .functor XOR 1, L_000002e5c7f0cd40, L_000002e5c7f146f8, C4<0>, C4<0>;
o000002e5c7ea1228 .functor BUFZ 1, c4<z>; HiZ drive
v000002e5c7e9cb20_0 .net "MASK_0", 0 0, o000002e5c7ea1228;  0 drivers
o000002e5c7ea1258 .functor BUFZ 1, c4<z>; HiZ drive
v000002e5c7e9c580_0 .net "MASK_1", 0 0, o000002e5c7ea1258;  0 drivers
o000002e5c7ea1288 .functor BUFZ 1, c4<z>; HiZ drive
v000002e5c7e9db60_0 .net "MASK_10", 0 0, o000002e5c7ea1288;  0 drivers
o000002e5c7ea12b8 .functor BUFZ 1, c4<z>; HiZ drive
v000002e5c7e9d200_0 .net "MASK_11", 0 0, o000002e5c7ea12b8;  0 drivers
o000002e5c7ea12e8 .functor BUFZ 1, c4<z>; HiZ drive
v000002e5c7e9c4e0_0 .net "MASK_12", 0 0, o000002e5c7ea12e8;  0 drivers
o000002e5c7ea1318 .functor BUFZ 1, c4<z>; HiZ drive
v000002e5c7e9c800_0 .net "MASK_13", 0 0, o000002e5c7ea1318;  0 drivers
o000002e5c7ea1348 .functor BUFZ 1, c4<z>; HiZ drive
v000002e5c7e9d3e0_0 .net "MASK_14", 0 0, o000002e5c7ea1348;  0 drivers
o000002e5c7ea1378 .functor BUFZ 1, c4<z>; HiZ drive
v000002e5c7e9ce40_0 .net "MASK_15", 0 0, o000002e5c7ea1378;  0 drivers
o000002e5c7ea13a8 .functor BUFZ 1, c4<z>; HiZ drive
v000002e5c7e9d480_0 .net "MASK_2", 0 0, o000002e5c7ea13a8;  0 drivers
o000002e5c7ea13d8 .functor BUFZ 1, c4<z>; HiZ drive
v000002e5c7e9cd00_0 .net "MASK_3", 0 0, o000002e5c7ea13d8;  0 drivers
o000002e5c7ea1408 .functor BUFZ 1, c4<z>; HiZ drive
v000002e5c7e9cf80_0 .net "MASK_4", 0 0, o000002e5c7ea1408;  0 drivers
o000002e5c7ea1438 .functor BUFZ 1, c4<z>; HiZ drive
v000002e5c7e9d2a0_0 .net "MASK_5", 0 0, o000002e5c7ea1438;  0 drivers
o000002e5c7ea1468 .functor BUFZ 1, c4<z>; HiZ drive
v000002e5c7e9d660_0 .net "MASK_6", 0 0, o000002e5c7ea1468;  0 drivers
o000002e5c7ea1498 .functor BUFZ 1, c4<z>; HiZ drive
v000002e5c7e9c940_0 .net "MASK_7", 0 0, o000002e5c7ea1498;  0 drivers
o000002e5c7ea14c8 .functor BUFZ 1, c4<z>; HiZ drive
v000002e5c7e9dca0_0 .net "MASK_8", 0 0, o000002e5c7ea14c8;  0 drivers
o000002e5c7ea14f8 .functor BUFZ 1, c4<z>; HiZ drive
v000002e5c7e9d7a0_0 .net "MASK_9", 0 0, o000002e5c7ea14f8;  0 drivers
o000002e5c7ea1528 .functor BUFZ 1, c4<z>; HiZ drive
v000002e5c7e9cbc0_0 .net "RADDR_0", 0 0, o000002e5c7ea1528;  0 drivers
o000002e5c7ea1558 .functor BUFZ 1, c4<z>; HiZ drive
v000002e5c7e9d020_0 .net "RADDR_1", 0 0, o000002e5c7ea1558;  0 drivers
o000002e5c7ea1588 .functor BUFZ 1, c4<z>; HiZ drive
v000002e5c7e9d0c0_0 .net "RADDR_10", 0 0, o000002e5c7ea1588;  0 drivers
o000002e5c7ea15b8 .functor BUFZ 1, c4<z>; HiZ drive
v000002e5c7e9d5c0_0 .net "RADDR_2", 0 0, o000002e5c7ea15b8;  0 drivers
o000002e5c7ea15e8 .functor BUFZ 1, c4<z>; HiZ drive
v000002e5c7e9dac0_0 .net "RADDR_3", 0 0, o000002e5c7ea15e8;  0 drivers
o000002e5c7ea1618 .functor BUFZ 1, c4<z>; HiZ drive
v000002e5c7e9dd40_0 .net "RADDR_4", 0 0, o000002e5c7ea1618;  0 drivers
o000002e5c7ea1648 .functor BUFZ 1, c4<z>; HiZ drive
v000002e5c7e9d520_0 .net "RADDR_5", 0 0, o000002e5c7ea1648;  0 drivers
o000002e5c7ea1678 .functor BUFZ 1, c4<z>; HiZ drive
v000002e5c7e9d8e0_0 .net "RADDR_6", 0 0, o000002e5c7ea1678;  0 drivers
o000002e5c7ea16a8 .functor BUFZ 1, c4<z>; HiZ drive
v000002e5c7e9c9e0_0 .net "RADDR_7", 0 0, o000002e5c7ea16a8;  0 drivers
o000002e5c7ea16d8 .functor BUFZ 1, c4<z>; HiZ drive
v000002e5c7e9c6c0_0 .net "RADDR_8", 0 0, o000002e5c7ea16d8;  0 drivers
o000002e5c7ea1708 .functor BUFZ 1, c4<z>; HiZ drive
v000002e5c7e9dfc0_0 .net "RADDR_9", 0 0, o000002e5c7ea1708;  0 drivers
o000002e5c7ea1738 .functor BUFZ 1, c4<z>; HiZ drive
v000002e5c7e9c8a0_0 .net "RCLK", 0 0, o000002e5c7ea1738;  0 drivers
o000002e5c7ea1768 .functor BUFZ 1, c4<z>; HiZ drive
v000002e5c7e9c260_0 .net "RCLKE", 0 0, o000002e5c7ea1768;  0 drivers
v000002e5c7e9d700_0 .net "RDATA_0", 0 0, L_000002e5c7f0e460;  1 drivers
v000002e5c7e9d840_0 .net "RDATA_1", 0 0, L_000002e5c7f0d1a0;  1 drivers
v000002e5c7e9cda0_0 .net "RDATA_10", 0 0, L_000002e5c7f0e000;  1 drivers
v000002e5c7e9d980_0 .net "RDATA_11", 0 0, L_000002e5c7f0d740;  1 drivers
v000002e5c7e9dc00_0 .net "RDATA_12", 0 0, L_000002e5c7f0ca20;  1 drivers
v000002e5c7e9da20_0 .net "RDATA_13", 0 0, L_000002e5c7f0e3c0;  1 drivers
v000002e5c7e9c620_0 .net "RDATA_14", 0 0, L_000002e5c7f0df60;  1 drivers
v000002e5c7e9c300_0 .net "RDATA_15", 0 0, L_000002e5c7f0cfc0;  1 drivers
v000002e5c7e9d160_0 .net "RDATA_2", 0 0, L_000002e5c7f0d060;  1 drivers
v000002e5c7e9dde0_0 .net "RDATA_3", 0 0, L_000002e5c7f0d100;  1 drivers
v000002e5c7e9c440_0 .net "RDATA_4", 0 0, L_000002e5c7f0da60;  1 drivers
v000002e5c7e9ca80_0 .net "RDATA_5", 0 0, L_000002e5c7f0eb40;  1 drivers
v000002e5c7e9de80_0 .net "RDATA_6", 0 0, L_000002e5c7f0c840;  1 drivers
v000002e5c7e9cc60_0 .net "RDATA_7", 0 0, L_000002e5c7f0d920;  1 drivers
v000002e5c7e9d340_0 .net "RDATA_8", 0 0, L_000002e5c7f0d9c0;  1 drivers
v000002e5c7e9df20_0 .net "RDATA_9", 0 0, L_000002e5c7f0ed20;  1 drivers
o000002e5c7ea1a98 .functor BUFZ 1, c4<z>; HiZ drive
v000002e5c7e9e060_0 .net "RE", 0 0, o000002e5c7ea1a98;  0 drivers
o000002e5c7ea1ac8 .functor BUFZ 1, c4<z>; HiZ drive
v000002e5c7e9e100_0 .net "WADDR_0", 0 0, o000002e5c7ea1ac8;  0 drivers
o000002e5c7ea1af8 .functor BUFZ 1, c4<z>; HiZ drive
v000002e5c7e9c3a0_0 .net "WADDR_1", 0 0, o000002e5c7ea1af8;  0 drivers
o000002e5c7ea1b28 .functor BUFZ 1, c4<z>; HiZ drive
v000002e5c7ee30c0_0 .net "WADDR_10", 0 0, o000002e5c7ea1b28;  0 drivers
o000002e5c7ea1b58 .functor BUFZ 1, c4<z>; HiZ drive
v000002e5c7ee2800_0 .net "WADDR_2", 0 0, o000002e5c7ea1b58;  0 drivers
o000002e5c7ea1b88 .functor BUFZ 1, c4<z>; HiZ drive
v000002e5c7ee4ba0_0 .net "WADDR_3", 0 0, o000002e5c7ea1b88;  0 drivers
o000002e5c7ea1bb8 .functor BUFZ 1, c4<z>; HiZ drive
v000002e5c7ee3a20_0 .net "WADDR_4", 0 0, o000002e5c7ea1bb8;  0 drivers
o000002e5c7ea1be8 .functor BUFZ 1, c4<z>; HiZ drive
v000002e5c7ee2ee0_0 .net "WADDR_5", 0 0, o000002e5c7ea1be8;  0 drivers
o000002e5c7ea1c18 .functor BUFZ 1, c4<z>; HiZ drive
v000002e5c7ee28a0_0 .net "WADDR_6", 0 0, o000002e5c7ea1c18;  0 drivers
o000002e5c7ea1c48 .functor BUFZ 1, c4<z>; HiZ drive
v000002e5c7ee3ca0_0 .net "WADDR_7", 0 0, o000002e5c7ea1c48;  0 drivers
o000002e5c7ea1c78 .functor BUFZ 1, c4<z>; HiZ drive
v000002e5c7ee4a60_0 .net "WADDR_8", 0 0, o000002e5c7ea1c78;  0 drivers
o000002e5c7ea1ca8 .functor BUFZ 1, c4<z>; HiZ drive
v000002e5c7ee2a80_0 .net "WADDR_9", 0 0, o000002e5c7ea1ca8;  0 drivers
o000002e5c7ea1cd8 .functor BUFZ 1, c4<z>; HiZ drive
v000002e5c7ee2b20_0 .net "WCLK", 0 0, o000002e5c7ea1cd8;  0 drivers
o000002e5c7ea1d08 .functor BUFZ 1, c4<z>; HiZ drive
v000002e5c7ee3200_0 .net "WCLKE", 0 0, o000002e5c7ea1d08;  0 drivers
o000002e5c7ea1d38 .functor BUFZ 1, c4<z>; HiZ drive
v000002e5c7ee4240_0 .net "WDATA_0", 0 0, o000002e5c7ea1d38;  0 drivers
o000002e5c7ea1d68 .functor BUFZ 1, c4<z>; HiZ drive
v000002e5c7ee3b60_0 .net "WDATA_1", 0 0, o000002e5c7ea1d68;  0 drivers
o000002e5c7ea1d98 .functor BUFZ 1, c4<z>; HiZ drive
v000002e5c7ee4b00_0 .net "WDATA_10", 0 0, o000002e5c7ea1d98;  0 drivers
o000002e5c7ea1dc8 .functor BUFZ 1, c4<z>; HiZ drive
v000002e5c7ee42e0_0 .net "WDATA_11", 0 0, o000002e5c7ea1dc8;  0 drivers
o000002e5c7ea1df8 .functor BUFZ 1, c4<z>; HiZ drive
v000002e5c7ee4420_0 .net "WDATA_12", 0 0, o000002e5c7ea1df8;  0 drivers
o000002e5c7ea1e28 .functor BUFZ 1, c4<z>; HiZ drive
v000002e5c7ee4380_0 .net "WDATA_13", 0 0, o000002e5c7ea1e28;  0 drivers
o000002e5c7ea1e58 .functor BUFZ 1, c4<z>; HiZ drive
v000002e5c7ee3ac0_0 .net "WDATA_14", 0 0, o000002e5c7ea1e58;  0 drivers
o000002e5c7ea1e88 .functor BUFZ 1, c4<z>; HiZ drive
v000002e5c7ee29e0_0 .net "WDATA_15", 0 0, o000002e5c7ea1e88;  0 drivers
o000002e5c7ea1eb8 .functor BUFZ 1, c4<z>; HiZ drive
v000002e5c7ee3020_0 .net "WDATA_2", 0 0, o000002e5c7ea1eb8;  0 drivers
o000002e5c7ea1ee8 .functor BUFZ 1, c4<z>; HiZ drive
v000002e5c7ee3980_0 .net "WDATA_3", 0 0, o000002e5c7ea1ee8;  0 drivers
o000002e5c7ea1f18 .functor BUFZ 1, c4<z>; HiZ drive
v000002e5c7ee2e40_0 .net "WDATA_4", 0 0, o000002e5c7ea1f18;  0 drivers
o000002e5c7ea1f48 .functor BUFZ 1, c4<z>; HiZ drive
v000002e5c7ee2f80_0 .net "WDATA_5", 0 0, o000002e5c7ea1f48;  0 drivers
o000002e5c7ea1f78 .functor BUFZ 1, c4<z>; HiZ drive
v000002e5c7ee2d00_0 .net "WDATA_6", 0 0, o000002e5c7ea1f78;  0 drivers
o000002e5c7ea1fa8 .functor BUFZ 1, c4<z>; HiZ drive
v000002e5c7ee32a0_0 .net "WDATA_7", 0 0, o000002e5c7ea1fa8;  0 drivers
o000002e5c7ea1fd8 .functor BUFZ 1, c4<z>; HiZ drive
v000002e5c7ee41a0_0 .net "WDATA_8", 0 0, o000002e5c7ea1fd8;  0 drivers
o000002e5c7ea2008 .functor BUFZ 1, c4<z>; HiZ drive
v000002e5c7ee3840_0 .net "WDATA_9", 0 0, o000002e5c7ea2008;  0 drivers
o000002e5c7ea2038 .functor BUFZ 1, c4<z>; HiZ drive
v000002e5c7ee47e0_0 .net "WE", 0 0, o000002e5c7ea2038;  0 drivers
v000002e5c7ee2760_0 .net *"_ivl_100", 0 0, L_000002e5c7f777d0;  1 drivers
v000002e5c7ee2bc0_0 .net *"_ivl_102", 0 0, L_000002e5c7f77230;  1 drivers
v000002e5c7ee33e0_0 .net *"_ivl_104", 0 0, L_000002e5c7f795d0;  1 drivers
v000002e5c7ee4e20_0 .net *"_ivl_106", 0 0, L_000002e5c7f77af0;  1 drivers
v000002e5c7ee2da0_0 .net *"_ivl_108", 0 0, L_000002e5c7f78db0;  1 drivers
v000002e5c7ee3340_0 .net *"_ivl_110", 0 0, L_000002e5c7f77870;  1 drivers
v000002e5c7ee3d40_0 .net *"_ivl_112", 0 0, L_000002e5c7f788b0;  1 drivers
v000002e5c7ee44c0_0 .net *"_ivl_114", 0 0, L_000002e5c7f797b0;  1 drivers
v000002e5c7ee3f20_0 .net *"_ivl_116", 0 0, L_000002e5c7f770f0;  1 drivers
v000002e5c7ee4560_0 .net *"_ivl_120", 0 0, L_000002e5c7f78d10;  1 drivers
v000002e5c7ee3de0_0 .net *"_ivl_122", 0 0, L_000002e5c7f77d70;  1 drivers
v000002e5c7ee3160_0 .net *"_ivl_124", 0 0, L_000002e5c7f78f90;  1 drivers
v000002e5c7ee3c00_0 .net *"_ivl_126", 0 0, L_000002e5c7f77ff0;  1 drivers
v000002e5c7ee4600_0 .net *"_ivl_128", 0 0, L_000002e5c7f78310;  1 drivers
v000002e5c7ee4d80_0 .net *"_ivl_130", 0 0, L_000002e5c7f783b0;  1 drivers
v000002e5c7ee4c40_0 .net *"_ivl_132", 0 0, L_000002e5c7f78630;  1 drivers
v000002e5c7ee3480_0 .net *"_ivl_134", 0 0, L_000002e5c7f77b90;  1 drivers
v000002e5c7ee37a0_0 .net *"_ivl_136", 0 0, L_000002e5c7f78810;  1 drivers
v000002e5c7ee46a0_0 .net *"_ivl_138", 0 0, L_000002e5c7f77410;  1 drivers
v000002e5c7ee3e80_0 .net *"_ivl_140", 0 0, L_000002e5c7f78950;  1 drivers
v000002e5c7ee3fc0_0 .net *"_ivl_142", 0 0, L_000002e5c7f77c30;  1 drivers
v000002e5c7ee4740_0 .net *"_ivl_144", 0 0, L_000002e5c7f77e10;  1 drivers
v000002e5c7ee3520_0 .net *"_ivl_146", 0 0, L_000002e5c7f78ef0;  1 drivers
v000002e5c7ee35c0_0 .net *"_ivl_148", 0 0, L_000002e5c7f77910;  1 drivers
v000002e5c7ee4880_0 .net *"_ivl_150", 0 0, L_000002e5c7f78b30;  1 drivers
v000002e5c7ee3660_0 .net *"_ivl_18", 0 0, L_000002e5c7f0cde0;  1 drivers
v000002e5c7ee4060_0 .net/2u *"_ivl_19", 0 0, L_000002e5c7f146b0;  1 drivers
v000002e5c7ee38e0_0 .net *"_ivl_28", 0 0, L_000002e5c7f0dd80;  1 drivers
v000002e5c7ee4100_0 .net *"_ivl_30", 0 0, L_000002e5c7f0cac0;  1 drivers
v000002e5c7ee4920_0 .net *"_ivl_32", 0 0, L_000002e5c7f0e780;  1 drivers
v000002e5c7ee4ce0_0 .net *"_ivl_34", 0 0, L_000002e5c7f0cb60;  1 drivers
v000002e5c7ee49c0_0 .net *"_ivl_36", 0 0, L_000002e5c7f0d880;  1 drivers
v000002e5c7ee4ec0_0 .net *"_ivl_38", 0 0, L_000002e5c7f0cca0;  1 drivers
v000002e5c7ee2940_0 .net *"_ivl_40", 0 0, L_000002e5c7f0e5a0;  1 drivers
v000002e5c7ee2c60_0 .net *"_ivl_42", 0 0, L_000002e5c7f0e0a0;  1 drivers
v000002e5c7ee3700_0 .net *"_ivl_44", 0 0, L_000002e5c7f0ee60;  1 drivers
v000002e5c7ee5140_0 .net *"_ivl_46", 0 0, L_000002e5c7f0ebe0;  1 drivers
v000002e5c7ee58c0_0 .net *"_ivl_48", 0 0, L_000002e5c7f0dce0;  1 drivers
v000002e5c7ee56e0_0 .net *"_ivl_52", 0 0, L_000002e5c7f0cd40;  1 drivers
v000002e5c7ee55a0_0 .net/2u *"_ivl_53", 0 0, L_000002e5c7f146f8;  1 drivers
v000002e5c7ee5b40_0 .net *"_ivl_62", 0 0, L_000002e5c7f0d240;  1 drivers
v000002e5c7ee6400_0 .net *"_ivl_64", 0 0, L_000002e5c7f0ce80;  1 drivers
v000002e5c7ee5640_0 .net *"_ivl_66", 0 0, L_000002e5c7f0d7e0;  1 drivers
v000002e5c7ee4f60_0 .net *"_ivl_68", 0 0, L_000002e5c7f0cf20;  1 drivers
v000002e5c7ee5000_0 .net *"_ivl_70", 0 0, L_000002e5c7f0e8c0;  1 drivers
v000002e5c7ee5280_0 .net *"_ivl_72", 0 0, L_000002e5c7f0d2e0;  1 drivers
v000002e5c7ee53c0_0 .net *"_ivl_74", 0 0, L_000002e5c7f0d560;  1 drivers
v000002e5c7ee6040_0 .net *"_ivl_76", 0 0, L_000002e5c7f0de20;  1 drivers
v000002e5c7ee5e60_0 .net *"_ivl_78", 0 0, L_000002e5c7f0e960;  1 drivers
v000002e5c7ee60e0_0 .net *"_ivl_80", 0 0, L_000002e5c7f0d600;  1 drivers
v000002e5c7ee5c80_0 .net *"_ivl_82", 0 0, L_000002e5c7f0d6a0;  1 drivers
v000002e5c7ee6180_0 .net *"_ivl_86", 0 0, L_000002e5c7f77cd0;  1 drivers
v000002e5c7ee51e0_0 .net *"_ivl_88", 0 0, L_000002e5c7f79490;  1 drivers
v000002e5c7ee50a0_0 .net *"_ivl_90", 0 0, L_000002e5c7f786d0;  1 drivers
v000002e5c7ee5780_0 .net *"_ivl_92", 0 0, L_000002e5c7f77730;  1 drivers
v000002e5c7ee5d20_0 .net *"_ivl_94", 0 0, L_000002e5c7f784f0;  1 drivers
v000002e5c7ee5960_0 .net *"_ivl_96", 0 0, L_000002e5c7f78590;  1 drivers
v000002e5c7ee5820_0 .net *"_ivl_98", 0 0, L_000002e5c7f79710;  1 drivers
L_000002e5c7f0cfc0 .part v000002e5c7e9a250_0, 15, 1;
L_000002e5c7f0df60 .part v000002e5c7e9a250_0, 14, 1;
L_000002e5c7f0e3c0 .part v000002e5c7e9a250_0, 13, 1;
L_000002e5c7f0ca20 .part v000002e5c7e9a250_0, 12, 1;
L_000002e5c7f0d740 .part v000002e5c7e9a250_0, 11, 1;
L_000002e5c7f0e000 .part v000002e5c7e9a250_0, 10, 1;
L_000002e5c7f0ed20 .part v000002e5c7e9a250_0, 9, 1;
L_000002e5c7f0d9c0 .part v000002e5c7e9a250_0, 8, 1;
L_000002e5c7f0d920 .part v000002e5c7e9a250_0, 7, 1;
L_000002e5c7f0c840 .part v000002e5c7e9a250_0, 6, 1;
L_000002e5c7f0eb40 .part v000002e5c7e9a250_0, 5, 1;
L_000002e5c7f0da60 .part v000002e5c7e9a250_0, 4, 1;
L_000002e5c7f0d100 .part v000002e5c7e9a250_0, 3, 1;
L_000002e5c7f0d060 .part v000002e5c7e9a250_0, 2, 1;
L_000002e5c7f0d1a0 .part v000002e5c7e9a250_0, 1, 1;
L_000002e5c7f0e460 .part v000002e5c7e9a250_0, 0, 1;
L_000002e5c7f0cde0 .ufunc/vec4 TD_ICESTORM_RAM.pd, 1, o000002e5c7ea1738 (v000002e5c7e9b330_0) S_000002e5c7e88990;
L_000002e5c7f0e500 .ufunc/vec4 TD_ICESTORM_RAM.pu, 1, o000002e5c7ea1768 (v000002e5c7e9cee0_0) S_000002e5c7e88b20;
L_000002e5c7f0c8e0 .ufunc/vec4 TD_ICESTORM_RAM.pd, 1, o000002e5c7ea1a98 (v000002e5c7e9b330_0) S_000002e5c7e88990;
L_000002e5c7f0dd80 .ufunc/vec4 TD_ICESTORM_RAM.pd, 1, o000002e5c7ea1588 (v000002e5c7e9b330_0) S_000002e5c7e88990;
L_000002e5c7f0cac0 .ufunc/vec4 TD_ICESTORM_RAM.pd, 1, o000002e5c7ea1708 (v000002e5c7e9b330_0) S_000002e5c7e88990;
L_000002e5c7f0e780 .ufunc/vec4 TD_ICESTORM_RAM.pd, 1, o000002e5c7ea16d8 (v000002e5c7e9b330_0) S_000002e5c7e88990;
L_000002e5c7f0cb60 .ufunc/vec4 TD_ICESTORM_RAM.pd, 1, o000002e5c7ea16a8 (v000002e5c7e9b330_0) S_000002e5c7e88990;
L_000002e5c7f0d880 .ufunc/vec4 TD_ICESTORM_RAM.pd, 1, o000002e5c7ea1678 (v000002e5c7e9b330_0) S_000002e5c7e88990;
L_000002e5c7f0cca0 .ufunc/vec4 TD_ICESTORM_RAM.pd, 1, o000002e5c7ea1648 (v000002e5c7e9b330_0) S_000002e5c7e88990;
L_000002e5c7f0e5a0 .ufunc/vec4 TD_ICESTORM_RAM.pd, 1, o000002e5c7ea1618 (v000002e5c7e9b330_0) S_000002e5c7e88990;
L_000002e5c7f0e0a0 .ufunc/vec4 TD_ICESTORM_RAM.pd, 1, o000002e5c7ea15e8 (v000002e5c7e9b330_0) S_000002e5c7e88990;
L_000002e5c7f0ee60 .ufunc/vec4 TD_ICESTORM_RAM.pd, 1, o000002e5c7ea15b8 (v000002e5c7e9b330_0) S_000002e5c7e88990;
L_000002e5c7f0ebe0 .ufunc/vec4 TD_ICESTORM_RAM.pd, 1, o000002e5c7ea1558 (v000002e5c7e9b330_0) S_000002e5c7e88990;
L_000002e5c7f0dce0 .ufunc/vec4 TD_ICESTORM_RAM.pd, 1, o000002e5c7ea1528 (v000002e5c7e9b330_0) S_000002e5c7e88990;
LS_000002e5c7f0ef00_0_0 .concat [ 1 1 1 1], L_000002e5c7f0dce0, L_000002e5c7f0ebe0, L_000002e5c7f0ee60, L_000002e5c7f0e0a0;
LS_000002e5c7f0ef00_0_4 .concat [ 1 1 1 1], L_000002e5c7f0e5a0, L_000002e5c7f0cca0, L_000002e5c7f0d880, L_000002e5c7f0cb60;
LS_000002e5c7f0ef00_0_8 .concat [ 1 1 1 0], L_000002e5c7f0e780, L_000002e5c7f0cac0, L_000002e5c7f0dd80;
L_000002e5c7f0ef00 .concat [ 4 4 3 0], LS_000002e5c7f0ef00_0_0, LS_000002e5c7f0ef00_0_4, LS_000002e5c7f0ef00_0_8;
L_000002e5c7f0cd40 .ufunc/vec4 TD_ICESTORM_RAM.pd, 1, o000002e5c7ea1cd8 (v000002e5c7e9b330_0) S_000002e5c7e88990;
L_000002e5c7f0e820 .ufunc/vec4 TD_ICESTORM_RAM.pu, 1, o000002e5c7ea1d08 (v000002e5c7e9cee0_0) S_000002e5c7e88b20;
L_000002e5c7f0e1e0 .ufunc/vec4 TD_ICESTORM_RAM.pd, 1, o000002e5c7ea2038 (v000002e5c7e9b330_0) S_000002e5c7e88990;
L_000002e5c7f0d240 .ufunc/vec4 TD_ICESTORM_RAM.pd, 1, o000002e5c7ea1b28 (v000002e5c7e9b330_0) S_000002e5c7e88990;
L_000002e5c7f0ce80 .ufunc/vec4 TD_ICESTORM_RAM.pd, 1, o000002e5c7ea1ca8 (v000002e5c7e9b330_0) S_000002e5c7e88990;
L_000002e5c7f0d7e0 .ufunc/vec4 TD_ICESTORM_RAM.pd, 1, o000002e5c7ea1c78 (v000002e5c7e9b330_0) S_000002e5c7e88990;
L_000002e5c7f0cf20 .ufunc/vec4 TD_ICESTORM_RAM.pd, 1, o000002e5c7ea1c48 (v000002e5c7e9b330_0) S_000002e5c7e88990;
L_000002e5c7f0e8c0 .ufunc/vec4 TD_ICESTORM_RAM.pd, 1, o000002e5c7ea1c18 (v000002e5c7e9b330_0) S_000002e5c7e88990;
L_000002e5c7f0d2e0 .ufunc/vec4 TD_ICESTORM_RAM.pd, 1, o000002e5c7ea1be8 (v000002e5c7e9b330_0) S_000002e5c7e88990;
L_000002e5c7f0d560 .ufunc/vec4 TD_ICESTORM_RAM.pd, 1, o000002e5c7ea1bb8 (v000002e5c7e9b330_0) S_000002e5c7e88990;
L_000002e5c7f0de20 .ufunc/vec4 TD_ICESTORM_RAM.pd, 1, o000002e5c7ea1b88 (v000002e5c7e9b330_0) S_000002e5c7e88990;
L_000002e5c7f0e960 .ufunc/vec4 TD_ICESTORM_RAM.pd, 1, o000002e5c7ea1b58 (v000002e5c7e9b330_0) S_000002e5c7e88990;
L_000002e5c7f0d600 .ufunc/vec4 TD_ICESTORM_RAM.pd, 1, o000002e5c7ea1af8 (v000002e5c7e9b330_0) S_000002e5c7e88990;
L_000002e5c7f0d6a0 .ufunc/vec4 TD_ICESTORM_RAM.pd, 1, o000002e5c7ea1ac8 (v000002e5c7e9b330_0) S_000002e5c7e88990;
LS_000002e5c7f79850_0_0 .concat [ 1 1 1 1], L_000002e5c7f0d6a0, L_000002e5c7f0d600, L_000002e5c7f0e960, L_000002e5c7f0de20;
LS_000002e5c7f79850_0_4 .concat [ 1 1 1 1], L_000002e5c7f0d560, L_000002e5c7f0d2e0, L_000002e5c7f0e8c0, L_000002e5c7f0cf20;
LS_000002e5c7f79850_0_8 .concat [ 1 1 1 0], L_000002e5c7f0d7e0, L_000002e5c7f0ce80, L_000002e5c7f0d240;
L_000002e5c7f79850 .concat [ 4 4 3 0], LS_000002e5c7f79850_0_0, LS_000002e5c7f79850_0_4, LS_000002e5c7f79850_0_8;
L_000002e5c7f77cd0 .ufunc/vec4 TD_ICESTORM_RAM.pd, 1, o000002e5c7ea1378 (v000002e5c7e9b330_0) S_000002e5c7e88990;
L_000002e5c7f79490 .ufunc/vec4 TD_ICESTORM_RAM.pd, 1, o000002e5c7ea1348 (v000002e5c7e9b330_0) S_000002e5c7e88990;
L_000002e5c7f786d0 .ufunc/vec4 TD_ICESTORM_RAM.pd, 1, o000002e5c7ea1318 (v000002e5c7e9b330_0) S_000002e5c7e88990;
L_000002e5c7f77730 .ufunc/vec4 TD_ICESTORM_RAM.pd, 1, o000002e5c7ea12e8 (v000002e5c7e9b330_0) S_000002e5c7e88990;
L_000002e5c7f784f0 .ufunc/vec4 TD_ICESTORM_RAM.pd, 1, o000002e5c7ea12b8 (v000002e5c7e9b330_0) S_000002e5c7e88990;
L_000002e5c7f78590 .ufunc/vec4 TD_ICESTORM_RAM.pd, 1, o000002e5c7ea1288 (v000002e5c7e9b330_0) S_000002e5c7e88990;
L_000002e5c7f79710 .ufunc/vec4 TD_ICESTORM_RAM.pd, 1, o000002e5c7ea14f8 (v000002e5c7e9b330_0) S_000002e5c7e88990;
L_000002e5c7f777d0 .ufunc/vec4 TD_ICESTORM_RAM.pd, 1, o000002e5c7ea14c8 (v000002e5c7e9b330_0) S_000002e5c7e88990;
L_000002e5c7f77230 .ufunc/vec4 TD_ICESTORM_RAM.pd, 1, o000002e5c7ea1498 (v000002e5c7e9b330_0) S_000002e5c7e88990;
L_000002e5c7f795d0 .ufunc/vec4 TD_ICESTORM_RAM.pd, 1, o000002e5c7ea1468 (v000002e5c7e9b330_0) S_000002e5c7e88990;
L_000002e5c7f77af0 .ufunc/vec4 TD_ICESTORM_RAM.pd, 1, o000002e5c7ea1438 (v000002e5c7e9b330_0) S_000002e5c7e88990;
L_000002e5c7f78db0 .ufunc/vec4 TD_ICESTORM_RAM.pd, 1, o000002e5c7ea1408 (v000002e5c7e9b330_0) S_000002e5c7e88990;
L_000002e5c7f77870 .ufunc/vec4 TD_ICESTORM_RAM.pd, 1, o000002e5c7ea13d8 (v000002e5c7e9b330_0) S_000002e5c7e88990;
L_000002e5c7f788b0 .ufunc/vec4 TD_ICESTORM_RAM.pd, 1, o000002e5c7ea13a8 (v000002e5c7e9b330_0) S_000002e5c7e88990;
L_000002e5c7f797b0 .ufunc/vec4 TD_ICESTORM_RAM.pd, 1, o000002e5c7ea1258 (v000002e5c7e9b330_0) S_000002e5c7e88990;
L_000002e5c7f770f0 .ufunc/vec4 TD_ICESTORM_RAM.pd, 1, o000002e5c7ea1228 (v000002e5c7e9b330_0) S_000002e5c7e88990;
LS_000002e5c7f77a50_0_0 .concat [ 1 1 1 1], L_000002e5c7f770f0, L_000002e5c7f797b0, L_000002e5c7f788b0, L_000002e5c7f77870;
LS_000002e5c7f77a50_0_4 .concat [ 1 1 1 1], L_000002e5c7f78db0, L_000002e5c7f77af0, L_000002e5c7f795d0, L_000002e5c7f77230;
LS_000002e5c7f77a50_0_8 .concat [ 1 1 1 1], L_000002e5c7f777d0, L_000002e5c7f79710, L_000002e5c7f78590, L_000002e5c7f784f0;
LS_000002e5c7f77a50_0_12 .concat [ 1 1 1 1], L_000002e5c7f77730, L_000002e5c7f786d0, L_000002e5c7f79490, L_000002e5c7f77cd0;
L_000002e5c7f77a50 .concat [ 4 4 4 4], LS_000002e5c7f77a50_0_0, LS_000002e5c7f77a50_0_4, LS_000002e5c7f77a50_0_8, LS_000002e5c7f77a50_0_12;
L_000002e5c7f78d10 .ufunc/vec4 TD_ICESTORM_RAM.pd, 1, o000002e5c7ea1e88 (v000002e5c7e9b330_0) S_000002e5c7e88990;
L_000002e5c7f77d70 .ufunc/vec4 TD_ICESTORM_RAM.pd, 1, o000002e5c7ea1e58 (v000002e5c7e9b330_0) S_000002e5c7e88990;
L_000002e5c7f78f90 .ufunc/vec4 TD_ICESTORM_RAM.pd, 1, o000002e5c7ea1e28 (v000002e5c7e9b330_0) S_000002e5c7e88990;
L_000002e5c7f77ff0 .ufunc/vec4 TD_ICESTORM_RAM.pd, 1, o000002e5c7ea1df8 (v000002e5c7e9b330_0) S_000002e5c7e88990;
L_000002e5c7f78310 .ufunc/vec4 TD_ICESTORM_RAM.pd, 1, o000002e5c7ea1dc8 (v000002e5c7e9b330_0) S_000002e5c7e88990;
L_000002e5c7f783b0 .ufunc/vec4 TD_ICESTORM_RAM.pd, 1, o000002e5c7ea1d98 (v000002e5c7e9b330_0) S_000002e5c7e88990;
L_000002e5c7f78630 .ufunc/vec4 TD_ICESTORM_RAM.pd, 1, o000002e5c7ea2008 (v000002e5c7e9b330_0) S_000002e5c7e88990;
L_000002e5c7f77b90 .ufunc/vec4 TD_ICESTORM_RAM.pd, 1, o000002e5c7ea1fd8 (v000002e5c7e9b330_0) S_000002e5c7e88990;
L_000002e5c7f78810 .ufunc/vec4 TD_ICESTORM_RAM.pd, 1, o000002e5c7ea1fa8 (v000002e5c7e9b330_0) S_000002e5c7e88990;
L_000002e5c7f77410 .ufunc/vec4 TD_ICESTORM_RAM.pd, 1, o000002e5c7ea1f78 (v000002e5c7e9b330_0) S_000002e5c7e88990;
L_000002e5c7f78950 .ufunc/vec4 TD_ICESTORM_RAM.pd, 1, o000002e5c7ea1f48 (v000002e5c7e9b330_0) S_000002e5c7e88990;
L_000002e5c7f77c30 .ufunc/vec4 TD_ICESTORM_RAM.pd, 1, o000002e5c7ea1f18 (v000002e5c7e9b330_0) S_000002e5c7e88990;
L_000002e5c7f77e10 .ufunc/vec4 TD_ICESTORM_RAM.pd, 1, o000002e5c7ea1ee8 (v000002e5c7e9b330_0) S_000002e5c7e88990;
L_000002e5c7f78ef0 .ufunc/vec4 TD_ICESTORM_RAM.pd, 1, o000002e5c7ea1eb8 (v000002e5c7e9b330_0) S_000002e5c7e88990;
L_000002e5c7f77910 .ufunc/vec4 TD_ICESTORM_RAM.pd, 1, o000002e5c7ea1d68 (v000002e5c7e9b330_0) S_000002e5c7e88990;
L_000002e5c7f78b30 .ufunc/vec4 TD_ICESTORM_RAM.pd, 1, o000002e5c7ea1d38 (v000002e5c7e9b330_0) S_000002e5c7e88990;
LS_000002e5c7f78450_0_0 .concat [ 1 1 1 1], L_000002e5c7f78b30, L_000002e5c7f77910, L_000002e5c7f78ef0, L_000002e5c7f77e10;
LS_000002e5c7f78450_0_4 .concat [ 1 1 1 1], L_000002e5c7f77c30, L_000002e5c7f78950, L_000002e5c7f77410, L_000002e5c7f78810;
LS_000002e5c7f78450_0_8 .concat [ 1 1 1 1], L_000002e5c7f77b90, L_000002e5c7f78630, L_000002e5c7f783b0, L_000002e5c7f78310;
LS_000002e5c7f78450_0_12 .concat [ 1 1 1 1], L_000002e5c7f77ff0, L_000002e5c7f78f90, L_000002e5c7f77d70, L_000002e5c7f78d10;
L_000002e5c7f78450 .concat [ 4 4 4 4], LS_000002e5c7f78450_0_0, LS_000002e5c7f78450_0_4, LS_000002e5c7f78450_0_8, LS_000002e5c7f78450_0_12;
S_000002e5c7e86f00 .scope module, "RAM" "SB_RAM40_4K" 3 3233, 3 1487 0, S_000002e5c7bfb5a0;
 .timescale -12 -12;
    .port_info 0 /OUTPUT 16 "RDATA";
    .port_info 1 /INPUT 1 "RCLK";
    .port_info 2 /INPUT 1 "RCLKE";
    .port_info 3 /INPUT 1 "RE";
    .port_info 4 /INPUT 11 "RADDR";
    .port_info 5 /INPUT 1 "WCLK";
    .port_info 6 /INPUT 1 "WCLKE";
    .port_info 7 /INPUT 1 "WE";
    .port_info 8 /INPUT 11 "WADDR";
    .port_info 9 /INPUT 16 "MASK";
    .port_info 10 /INPUT 16 "WDATA";
P_000002e5c7ee22d0 .param/l "INIT_0" 0 3 1507, C4<0000000000000000000000000000000000000000000000000000000000000000000000000000000000000000000000000000000000000000000000000000000000000000000000000000000000000000000000000000000000000000000000000000000000000000000000000000000000000000000000000000000000000000>;
P_000002e5c7ee2308 .param/l "INIT_1" 0 3 1508, C4<0000000000000000000000000000000000000000000000000000000000000000000000000000000000000000000000000000000000000000000000000000000000000000000000000000000000000000000000000000000000000000000000000000000000000000000000000000000000000000000000000000000000000000>;
P_000002e5c7ee2340 .param/l "INIT_2" 0 3 1509, C4<0000000000000000000000000000000000000000000000000000000000000000000000000000000000000000000000000000000000000000000000000000000000000000000000000000000000000000000000000000000000000000000000000000000000000000000000000000000000000000000000000000000000000000>;
P_000002e5c7ee2378 .param/l "INIT_3" 0 3 1510, C4<0000000000000000000000000000000000000000000000000000000000000000000000000000000000000000000000000000000000000000000000000000000000000000000000000000000000000000000000000000000000000000000000000000000000000000000000000000000000000000000000000000000000000000>;
P_000002e5c7ee23b0 .param/l "INIT_4" 0 3 1511, C4<0000000000000000000000000000000000000000000000000000000000000000000000000000000000000000000000000000000000000000000000000000000000000000000000000000000000000000000000000000000000000000000000000000000000000000000000000000000000000000000000000000000000000000>;
P_000002e5c7ee23e8 .param/l "INIT_5" 0 3 1512, C4<0000000000000000000000000000000000000000000000000000000000000000000000000000000000000000000000000000000000000000000000000000000000000000000000000000000000000000000000000000000000000000000000000000000000000000000000000000000000000000000000000000000000000000>;
P_000002e5c7ee2420 .param/l "INIT_6" 0 3 1513, C4<0000000000000000000000000000000000000000000000000000000000000000000000000000000000000000000000000000000000000000000000000000000000000000000000000000000000000000000000000000000000000000000000000000000000000000000000000000000000000000000000000000000000000000>;
P_000002e5c7ee2458 .param/l "INIT_7" 0 3 1514, C4<0000000000000000000000000000000000000000000000000000000000000000000000000000000000000000000000000000000000000000000000000000000000000000000000000000000000000000000000000000000000000000000000000000000000000000000000000000000000000000000000000000000000000000>;
P_000002e5c7ee2490 .param/l "INIT_8" 0 3 1515, C4<0000000000000000000000000000000000000000000000000000000000000000000000000000000000000000000000000000000000000000000000000000000000000000000000000000000000000000000000000000000000000000000000000000000000000000000000000000000000000000000000000000000000000000>;
P_000002e5c7ee24c8 .param/l "INIT_9" 0 3 1516, C4<0000000000000000000000000000000000000000000000000000000000000000000000000000000000000000000000000000000000000000000000000000000000000000000000000000000000000000000000000000000000000000000000000000000000000000000000000000000000000000000000000000000000000000>;
P_000002e5c7ee2500 .param/l "INIT_A" 0 3 1517, C4<0000000000000000000000000000000000000000000000000000000000000000000000000000000000000000000000000000000000000000000000000000000000000000000000000000000000000000000000000000000000000000000000000000000000000000000000000000000000000000000000000000000000000000>;
P_000002e5c7ee2538 .param/l "INIT_B" 0 3 1518, C4<0000000000000000000000000000000000000000000000000000000000000000000000000000000000000000000000000000000000000000000000000000000000000000000000000000000000000000000000000000000000000000000000000000000000000000000000000000000000000000000000000000000000000000>;
P_000002e5c7ee2570 .param/l "INIT_C" 0 3 1519, C4<0000000000000000000000000000000000000000000000000000000000000000000000000000000000000000000000000000000000000000000000000000000000000000000000000000000000000000000000000000000000000000000000000000000000000000000000000000000000000000000000000000000000000000>;
P_000002e5c7ee25a8 .param/l "INIT_D" 0 3 1520, C4<0000000000000000000000000000000000000000000000000000000000000000000000000000000000000000000000000000000000000000000000000000000000000000000000000000000000000000000000000000000000000000000000000000000000000000000000000000000000000000000000000000000000000000>;
P_000002e5c7ee25e0 .param/l "INIT_E" 0 3 1521, C4<0000000000000000000000000000000000000000000000000000000000000000000000000000000000000000000000000000000000000000000000000000000000000000000000000000000000000000000000000000000000000000000000000000000000000000000000000000000000000000000000000000000000000000>;
P_000002e5c7ee2618 .param/l "INIT_F" 0 3 1522, C4<0000000000000000000000000000000000000000000000000000000000000000000000000000000000000000000000000000000000000000000000000000000000000000000000000000000000000000000000000000000000000000000000000000000000000000000000000000000000000000000000000000000000000000>;
P_000002e5c7ee2650 .param/str "INIT_FILE" 0 3 1524, "\000";
P_000002e5c7ee2688 .param/l "READ_MODE" 0 3 1505, +C4<00000000000000000000000000000000>;
P_000002e5c7ee26c0 .param/l "WRITE_MODE" 0 3 1504, +C4<00000000000000000000000000000000>;
v000002e5c7e9bbf0_0 .net "MASK", 15 0, L_000002e5c7f77a50;  1 drivers
v000002e5c7e9a930_0 .net "RADDR", 10 0, L_000002e5c7f0ef00;  1 drivers
v000002e5c7e9be70_0 .net "RCLK", 0 0, L_000002e5c7e5d2a0;  1 drivers
v000002e5c7e9bf10_0 .net "RCLKE", 0 0, L_000002e5c7f0e500;  1 drivers
v000002e5c7e9a430_0 .net "RDATA", 15 0, v000002e5c7e9a250_0;  1 drivers
v000002e5c7e9a250_0 .var "RDATA_I", 15 0;
v000002e5c7e9a750_0 .net "RE", 0 0, L_000002e5c7f0c8e0;  1 drivers
L_000002e5c7f14668 .functor BUFT 1, C4<0000000000000000>, C4<0>, C4<0>, C4<0>;
v000002e5c7e9a4d0_0 .net "RMASK_I", 15 0, L_000002e5c7f14668;  1 drivers
v000002e5c7e9a7f0_0 .net "WADDR", 10 0, L_000002e5c7f79850;  1 drivers
v000002e5c7e9ae30_0 .net "WCLK", 0 0, L_000002e5c7e5ca50;  1 drivers
v000002e5c7e9aa70_0 .net "WCLKE", 0 0, L_000002e5c7f0e820;  1 drivers
v000002e5c7e9acf0_0 .net "WDATA", 15 0, L_000002e5c7f78450;  1 drivers
v000002e5c7e9a610_0 .net "WDATA_I", 15 0, L_000002e5c7e5cba0;  1 drivers
v000002e5c7e9ab10_0 .net "WE", 0 0, L_000002e5c7f0e1e0;  1 drivers
v000002e5c7e9ac50_0 .net "WMASK_I", 15 0, L_000002e5c7e5d690;  1 drivers
v000002e5c7e9b010_0 .var/i "i", 31 0;
v000002e5c7e9b150 .array "memory", 255 0, 15 0;
E_000002e5c7e74090 .event posedge, v000002e5c7e9be70_0;
E_000002e5c7e73dd0 .event posedge, v000002e5c7e9ae30_0;
S_000002e5c7e873b0 .scope generate, "genblk1" "genblk1" 3 1534, 3 1534 0, S_000002e5c7e86f00;
 .timescale -12 -12;
L_000002e5c7e5d690 .functor BUFZ 16, L_000002e5c7f77a50, C4<0000000000000000>, C4<0000000000000000>, C4<0000000000000000>;
S_000002e5c7e879f0 .scope generate, "genblk2" "genblk2" 3 1555, 3 1555 0, S_000002e5c7e86f00;
 .timescale -12 -12;
S_000002e5c7e884e0 .scope generate, "genblk3" "genblk3" 3 1576, 3 1576 0, S_000002e5c7e86f00;
 .timescale -12 -12;
L_000002e5c7e5cba0 .functor BUFZ 16, L_000002e5c7f78450, C4<0000000000000000>, C4<0000000000000000>, C4<0000000000000000>;
S_000002e5c7e87860 .scope generate, "genblk4" "genblk4" 3 1595, 3 1595 0, S_000002e5c7e86f00;
 .timescale -12 -12;
S_000002e5c7e88990 .scope function.vec4.s1, "pd" "pd" 3 3200, 3 3200 0, S_000002e5c7bfb5a0;
 .timescale -12 -12;
; Variable pd is vec4 return value of scope S_000002e5c7e88990
v000002e5c7e9b330_0 .var "x", 0 0;
TD_ICESTORM_RAM.pd ;
    %load/vec4 v000002e5c7e9b330_0;
    %cmpi/e 0, 1, 1;
    %flag_mov 8, 6;
    %jmp/0 T_0.0, 8;
    %pushi/vec4 0, 0, 1;
    %jmp/1 T_0.1, 8;
T_0.0 ; End of true expr.
    %load/vec4 v000002e5c7e9b330_0;
    %jmp/0 T_0.1, 8;
 ; End of false expr.
    %blend;
T_0.1;
    %ret/vec4 0, 0, 1;  Assign to pd (store_vec4_to_lval)
    %end;
S_000002e5c7e88b20 .scope function.vec4.s1, "pu" "pu" 3 3207, 3 3207 0, S_000002e5c7bfb5a0;
 .timescale -12 -12;
; Variable pu is vec4 return value of scope S_000002e5c7e88b20
v000002e5c7e9cee0_0 .var "x", 0 0;
TD_ICESTORM_RAM.pu ;
    %load/vec4 v000002e5c7e9cee0_0;
    %cmpi/e 0, 1, 1;
    %flag_mov 8, 6;
    %jmp/0 T_1.2, 8;
    %pushi/vec4 1, 0, 1;
    %jmp/1 T_1.3, 8;
T_1.2 ; End of true expr.
    %load/vec4 v000002e5c7e9cee0_0;
    %jmp/0 T_1.3, 8;
 ; End of false expr.
    %blend;
T_1.3;
    %ret/vec4 0, 0, 1;  Assign to pu (store_vec4_to_lval)
    %end;
S_000002e5c7c12d20 .scope module, "SB_CARRY" "SB_CARRY" 3 228;
 .timescale -12 -12;
    .port_info 0 /OUTPUT 1 "CO";
    .port_info 1 /INPUT 1 "I0";
    .port_info 2 /INPUT 1 "I1";
    .port_info 3 /INPUT 1 "CI";
o000002e5c7ea39e8 .functor BUFZ 1, c4<z>; HiZ drive
o000002e5c7ea3a18 .functor BUFZ 1, c4<z>; HiZ drive
L_000002e5c7e5d620 .functor AND 1, o000002e5c7ea39e8, o000002e5c7ea3a18, C4<1>, C4<1>;
L_000002e5c7e5c660 .functor OR 1, o000002e5c7ea39e8, o000002e5c7ea3a18, C4<0>, C4<0>;
o000002e5c7ea3988 .functor BUFZ 1, c4<z>; HiZ drive
L_000002e5c7e5d150 .functor AND 1, L_000002e5c7e5c660, o000002e5c7ea3988, C4<1>, C4<1>;
L_000002e5c7e5c890 .functor OR 1, L_000002e5c7e5d620, L_000002e5c7e5d150, C4<0>, C4<0>;
v000002e5c7ee6220_0 .net "CI", 0 0, o000002e5c7ea3988;  0 drivers
v000002e5c7ee5320_0 .net "CO", 0 0, L_000002e5c7e5c890;  1 drivers
v000002e5c7ee62c0_0 .net "I0", 0 0, o000002e5c7ea39e8;  0 drivers
v000002e5c7ee5500_0 .net "I1", 0 0, o000002e5c7ea3a18;  0 drivers
v000002e5c7ee64a0_0 .net *"_ivl_1", 0 0, L_000002e5c7e5d620;  1 drivers
v000002e5c7ee5460_0 .net *"_ivl_3", 0 0, L_000002e5c7e5c660;  1 drivers
v000002e5c7ee5a00_0 .net *"_ivl_5", 0 0, L_000002e5c7e5d150;  1 drivers
S_000002e5c7bfb020 .scope module, "SB_DFF" "SB_DFF" 3 265;
 .timescale -12 -12;
    .port_info 0 /OUTPUT 1 "Q";
    .port_info 1 /INPUT 1 "C";
    .port_info 2 /INPUT 1 "D";
o000002e5c7ea3b98 .functor BUFZ 1, c4<z>; HiZ drive
v000002e5c7ee5dc0_0 .net "C", 0 0, o000002e5c7ea3b98;  0 drivers
o000002e5c7ea3bc8 .functor BUFZ 1, c4<z>; HiZ drive
v000002e5c7ee6540_0 .net "D", 0 0, o000002e5c7ea3bc8;  0 drivers
v000002e5c7ee5aa0_0 .var "Q", 0 0;
E_000002e5c7e73e10 .event posedge, v000002e5c7ee5dc0_0;
S_000002e5c7bfb1b0 .scope module, "SB_DFFE" "SB_DFFE" 3 303;
 .timescale -12 -12;
    .port_info 0 /OUTPUT 1 "Q";
    .port_info 1 /INPUT 1 "C";
    .port_info 2 /INPUT 1 "E";
    .port_info 3 /INPUT 1 "D";
o000002e5c7ea3cb8 .functor BUFZ 1, c4<z>; HiZ drive
v000002e5c7ee5be0_0 .net "C", 0 0, o000002e5c7ea3cb8;  0 drivers
o000002e5c7ea3ce8 .functor BUFZ 1, c4<z>; HiZ drive
v000002e5c7ee5f00_0 .net "D", 0 0, o000002e5c7ea3ce8;  0 drivers
o000002e5c7ea3d18 .functor BUFZ 1, c4<z>; HiZ drive
v000002e5c7ee6360_0 .net "E", 0 0, o000002e5c7ea3d18;  0 drivers
v000002e5c7ee5fa0_0 .var "Q", 0 0;
E_000002e5c7e73fd0 .event posedge, v000002e5c7ee5be0_0;
S_000002e5c7bfb340 .scope module, "SB_DFFER" "SB_DFFER" 3 653;
 .timescale -12 -12;
    .port_info 0 /OUTPUT 1 "Q";
    .port_info 1 /INPUT 1 "C";
    .port_info 2 /INPUT 1 "E";
    .port_info 3 /INPUT 1 "R";
    .port_info 4 /INPUT 1 "D";
o000002e5c7ea3e38 .functor BUFZ 1, c4<z>; HiZ drive
v000002e5c7ee65e0_0 .net "C", 0 0, o000002e5c7ea3e38;  0 drivers
o000002e5c7ea3e68 .functor BUFZ 1, c4<z>; HiZ drive
v000002e5c7ee6810_0 .net "D", 0 0, o000002e5c7ea3e68;  0 drivers
o000002e5c7ea3e98 .functor BUFZ 1, c4<z>; HiZ drive
v000002e5c7ee86b0_0 .net "E", 0 0, o000002e5c7ea3e98;  0 drivers
v000002e5c7ee7f30_0 .var "Q", 0 0;
o000002e5c7ea3ef8 .functor BUFZ 1, c4<z>; HiZ drive
v000002e5c7ee69f0_0 .net "R", 0 0, o000002e5c7ea3ef8;  0 drivers
E_000002e5c7e743d0 .event posedge, v000002e5c7ee69f0_0, v000002e5c7ee65e0_0;
S_000002e5c7c06e90 .scope module, "SB_DFFES" "SB_DFFES" 3 794;
 .timescale -12 -12;
    .port_info 0 /OUTPUT 1 "Q";
    .port_info 1 /INPUT 1 "C";
    .port_info 2 /INPUT 1 "E";
    .port_info 3 /INPUT 1 "S";
    .port_info 4 /INPUT 1 "D";
o000002e5c7ea4018 .functor BUFZ 1, c4<z>; HiZ drive
v000002e5c7ee7350_0 .net "C", 0 0, o000002e5c7ea4018;  0 drivers
o000002e5c7ea4048 .functor BUFZ 1, c4<z>; HiZ drive
v000002e5c7ee8070_0 .net "D", 0 0, o000002e5c7ea4048;  0 drivers
o000002e5c7ea4078 .functor BUFZ 1, c4<z>; HiZ drive
v000002e5c7ee7210_0 .net "E", 0 0, o000002e5c7ea4078;  0 drivers
v000002e5c7ee8610_0 .var "Q", 0 0;
o000002e5c7ea40d8 .functor BUFZ 1, c4<z>; HiZ drive
v000002e5c7ee7fd0_0 .net "S", 0 0, o000002e5c7ea40d8;  0 drivers
E_000002e5c7e74010 .event posedge, v000002e5c7ee7fd0_0, v000002e5c7ee7350_0;
S_000002e5c7c07020 .scope module, "SB_DFFESR" "SB_DFFESR" 3 592;
 .timescale -12 -12;
    .port_info 0 /OUTPUT 1 "Q";
    .port_info 1 /INPUT 1 "C";
    .port_info 2 /INPUT 1 "E";
    .port_info 3 /INPUT 1 "R";
    .port_info 4 /INPUT 1 "D";
o000002e5c7ea41f8 .functor BUFZ 1, c4<z>; HiZ drive
v000002e5c7ee6a90_0 .net "C", 0 0, o000002e5c7ea41f8;  0 drivers
o000002e5c7ea4228 .functor BUFZ 1, c4<z>; HiZ drive
v000002e5c7ee7710_0 .net "D", 0 0, o000002e5c7ea4228;  0 drivers
o000002e5c7ea4258 .functor BUFZ 1, c4<z>; HiZ drive
v000002e5c7ee7030_0 .net "E", 0 0, o000002e5c7ea4258;  0 drivers
v000002e5c7ee70d0_0 .var "Q", 0 0;
o000002e5c7ea42b8 .functor BUFZ 1, c4<z>; HiZ drive
v000002e5c7ee78f0_0 .net "R", 0 0, o000002e5c7ea42b8;  0 drivers
E_000002e5c7e74950 .event posedge, v000002e5c7ee6a90_0;
S_000002e5c7c071b0 .scope module, "SB_DFFESS" "SB_DFFESS" 3 733;
 .timescale -12 -12;
    .port_info 0 /OUTPUT 1 "Q";
    .port_info 1 /INPUT 1 "C";
    .port_info 2 /INPUT 1 "E";
    .port_info 3 /INPUT 1 "S";
    .port_info 4 /INPUT 1 "D";
o000002e5c7ea43d8 .functor BUFZ 1, c4<z>; HiZ drive
v000002e5c7ee8930_0 .net "C", 0 0, o000002e5c7ea43d8;  0 drivers
o000002e5c7ea4408 .functor BUFZ 1, c4<z>; HiZ drive
v000002e5c7ee6b30_0 .net "D", 0 0, o000002e5c7ea4408;  0 drivers
o000002e5c7ea4438 .functor BUFZ 1, c4<z>; HiZ drive
v000002e5c7ee7170_0 .net "E", 0 0, o000002e5c7ea4438;  0 drivers
v000002e5c7ee6770_0 .var "Q", 0 0;
o000002e5c7ea4498 .functor BUFZ 1, c4<z>; HiZ drive
v000002e5c7ee8e30_0 .net "S", 0 0, o000002e5c7ea4498;  0 drivers
E_000002e5c7e73e50 .event posedge, v000002e5c7ee8930_0;
S_000002e5c7c024c0 .scope module, "SB_DFFN" "SB_DFFN" 3 876;
 .timescale -12 -12;
    .port_info 0 /OUTPUT 1 "Q";
    .port_info 1 /INPUT 1 "C";
    .port_info 2 /INPUT 1 "D";
o000002e5c7ea45b8 .functor BUFZ 1, c4<z>; HiZ drive
v000002e5c7ee8750_0 .net "C", 0 0, o000002e5c7ea45b8;  0 drivers
o000002e5c7ea45e8 .functor BUFZ 1, c4<z>; HiZ drive
v000002e5c7ee8110_0 .net "D", 0 0, o000002e5c7ea45e8;  0 drivers
v000002e5c7ee8bb0_0 .var "Q", 0 0;
E_000002e5c7e74210 .event negedge, v000002e5c7ee8750_0;
S_000002e5c7c02650 .scope module, "SB_DFFNE" "SB_DFFNE" 3 914;
 .timescale -12 -12;
    .port_info 0 /OUTPUT 1 "Q";
    .port_info 1 /INPUT 1 "C";
    .port_info 2 /INPUT 1 "E";
    .port_info 3 /INPUT 1 "D";
o000002e5c7ea46d8 .functor BUFZ 1, c4<z>; HiZ drive
v000002e5c7ee87f0_0 .net "C", 0 0, o000002e5c7ea46d8;  0 drivers
o000002e5c7ea4708 .functor BUFZ 1, c4<z>; HiZ drive
v000002e5c7ee72b0_0 .net "D", 0 0, o000002e5c7ea4708;  0 drivers
o000002e5c7ea4738 .functor BUFZ 1, c4<z>; HiZ drive
v000002e5c7ee81b0_0 .net "E", 0 0, o000002e5c7ea4738;  0 drivers
v000002e5c7ee6bd0_0 .var "Q", 0 0;
E_000002e5c7e73e90 .event negedge, v000002e5c7ee87f0_0;
S_000002e5c7c027e0 .scope module, "SB_DFFNER" "SB_DFFNER" 3 1264;
 .timescale -12 -12;
    .port_info 0 /OUTPUT 1 "Q";
    .port_info 1 /INPUT 1 "C";
    .port_info 2 /INPUT 1 "E";
    .port_info 3 /INPUT 1 "R";
    .port_info 4 /INPUT 1 "D";
o000002e5c7ea4858 .functor BUFZ 1, c4<z>; HiZ drive
v000002e5c7ee6e50_0 .net "C", 0 0, o000002e5c7ea4858;  0 drivers
o000002e5c7ea4888 .functor BUFZ 1, c4<z>; HiZ drive
v000002e5c7ee7a30_0 .net "D", 0 0, o000002e5c7ea4888;  0 drivers
o000002e5c7ea48b8 .functor BUFZ 1, c4<z>; HiZ drive
v000002e5c7ee8250_0 .net "E", 0 0, o000002e5c7ea48b8;  0 drivers
v000002e5c7ee7cb0_0 .var "Q", 0 0;
o000002e5c7ea4918 .functor BUFZ 1, c4<z>; HiZ drive
v000002e5c7ee8a70_0 .net "R", 0 0, o000002e5c7ea4918;  0 drivers
E_000002e5c7e740d0/0 .event negedge, v000002e5c7ee6e50_0;
E_000002e5c7e740d0/1 .event posedge, v000002e5c7ee8a70_0;
E_000002e5c7e740d0 .event/or E_000002e5c7e740d0/0, E_000002e5c7e740d0/1;
S_000002e5c7c08370 .scope module, "SB_DFFNES" "SB_DFFNES" 3 1405;
 .timescale -12 -12;
    .port_info 0 /OUTPUT 1 "Q";
    .port_info 1 /INPUT 1 "C";
    .port_info 2 /INPUT 1 "E";
    .port_info 3 /INPUT 1 "S";
    .port_info 4 /INPUT 1 "D";
o000002e5c7ea4a38 .functor BUFZ 1, c4<z>; HiZ drive
v000002e5c7ee8b10_0 .net "C", 0 0, o000002e5c7ea4a38;  0 drivers
o000002e5c7ea4a68 .functor BUFZ 1, c4<z>; HiZ drive
v000002e5c7ee7530_0 .net "D", 0 0, o000002e5c7ea4a68;  0 drivers
o000002e5c7ea4a98 .functor BUFZ 1, c4<z>; HiZ drive
v000002e5c7ee8390_0 .net "E", 0 0, o000002e5c7ea4a98;  0 drivers
v000002e5c7ee7ad0_0 .var "Q", 0 0;
o000002e5c7ea4af8 .functor BUFZ 1, c4<z>; HiZ drive
v000002e5c7ee6c70_0 .net "S", 0 0, o000002e5c7ea4af8;  0 drivers
E_000002e5c7e74ad0/0 .event negedge, v000002e5c7ee8b10_0;
E_000002e5c7e74ad0/1 .event posedge, v000002e5c7ee6c70_0;
E_000002e5c7e74ad0 .event/or E_000002e5c7e74ad0/0, E_000002e5c7e74ad0/1;
S_000002e5c7e80fd0 .scope module, "SB_DFFNESR" "SB_DFFNESR" 3 1203;
 .timescale -12 -12;
    .port_info 0 /OUTPUT 1 "Q";
    .port_info 1 /INPUT 1 "C";
    .port_info 2 /INPUT 1 "E";
    .port_info 3 /INPUT 1 "R";
    .port_info 4 /INPUT 1 "D";
o000002e5c7ea4c18 .functor BUFZ 1, c4<z>; HiZ drive
v000002e5c7ee73f0_0 .net "C", 0 0, o000002e5c7ea4c18;  0 drivers
o000002e5c7ea4c48 .functor BUFZ 1, c4<z>; HiZ drive
v000002e5c7ee6d10_0 .net "D", 0 0, o000002e5c7ea4c48;  0 drivers
o000002e5c7ea4c78 .functor BUFZ 1, c4<z>; HiZ drive
v000002e5c7ee8890_0 .net "E", 0 0, o000002e5c7ea4c78;  0 drivers
v000002e5c7ee7b70_0 .var "Q", 0 0;
o000002e5c7ea4cd8 .functor BUFZ 1, c4<z>; HiZ drive
v000002e5c7ee6db0_0 .net "R", 0 0, o000002e5c7ea4cd8;  0 drivers
E_000002e5c7e74410 .event negedge, v000002e5c7ee73f0_0;
S_000002e5c7e817a0 .scope module, "SB_DFFNESS" "SB_DFFNESS" 3 1344;
 .timescale -12 -12;
    .port_info 0 /OUTPUT 1 "Q";
    .port_info 1 /INPUT 1 "C";
    .port_info 2 /INPUT 1 "E";
    .port_info 3 /INPUT 1 "S";
    .port_info 4 /INPUT 1 "D";
o000002e5c7ea4df8 .functor BUFZ 1, c4<z>; HiZ drive
v000002e5c7ee7490_0 .net "C", 0 0, o000002e5c7ea4df8;  0 drivers
o000002e5c7ea4e28 .functor BUFZ 1, c4<z>; HiZ drive
v000002e5c7ee7d50_0 .net "D", 0 0, o000002e5c7ea4e28;  0 drivers
o000002e5c7ea4e58 .functor BUFZ 1, c4<z>; HiZ drive
v000002e5c7ee82f0_0 .net "E", 0 0, o000002e5c7ea4e58;  0 drivers
v000002e5c7ee8430_0 .var "Q", 0 0;
o000002e5c7ea4eb8 .functor BUFZ 1, c4<z>; HiZ drive
v000002e5c7ee7990_0 .net "S", 0 0, o000002e5c7ea4eb8;  0 drivers
E_000002e5c7e74050 .event negedge, v000002e5c7ee7490_0;
S_000002e5c7e80cb0 .scope module, "SB_DFFNR" "SB_DFFNR" 3 1011;
 .timescale -12 -12;
    .port_info 0 /OUTPUT 1 "Q";
    .port_info 1 /INPUT 1 "C";
    .port_info 2 /INPUT 1 "R";
    .port_info 3 /INPUT 1 "D";
o000002e5c7ea4fd8 .functor BUFZ 1, c4<z>; HiZ drive
v000002e5c7ee8d90_0 .net "C", 0 0, o000002e5c7ea4fd8;  0 drivers
o000002e5c7ea5008 .functor BUFZ 1, c4<z>; HiZ drive
v000002e5c7ee75d0_0 .net "D", 0 0, o000002e5c7ea5008;  0 drivers
v000002e5c7ee7c10_0 .var "Q", 0 0;
o000002e5c7ea5068 .functor BUFZ 1, c4<z>; HiZ drive
v000002e5c7ee7df0_0 .net "R", 0 0, o000002e5c7ea5068;  0 drivers
E_000002e5c7e74750/0 .event negedge, v000002e5c7ee8d90_0;
E_000002e5c7e74750/1 .event posedge, v000002e5c7ee7df0_0;
E_000002e5c7e74750 .event/or E_000002e5c7e74750/0, E_000002e5c7e74750/1;
S_000002e5c7e80e40 .scope module, "SB_DFFNS" "SB_DFFNS" 3 1132;
 .timescale -12 -12;
    .port_info 0 /OUTPUT 1 "Q";
    .port_info 1 /INPUT 1 "C";
    .port_info 2 /INPUT 1 "S";
    .port_info 3 /INPUT 1 "D";
o000002e5c7ea5158 .functor BUFZ 1, c4<z>; HiZ drive
v000002e5c7ee7e90_0 .net "C", 0 0, o000002e5c7ea5158;  0 drivers
o000002e5c7ea5188 .functor BUFZ 1, c4<z>; HiZ drive
v000002e5c7ee84d0_0 .net "D", 0 0, o000002e5c7ea5188;  0 drivers
v000002e5c7ee89d0_0 .var "Q", 0 0;
o000002e5c7ea51e8 .functor BUFZ 1, c4<z>; HiZ drive
v000002e5c7ee7670_0 .net "S", 0 0, o000002e5c7ea51e8;  0 drivers
E_000002e5c7e74990/0 .event negedge, v000002e5c7ee7e90_0;
E_000002e5c7e74990/1 .event posedge, v000002e5c7ee7670_0;
E_000002e5c7e74990 .event/or E_000002e5c7e74990/0, E_000002e5c7e74990/1;
S_000002e5c7e81160 .scope module, "SB_DFFNSR" "SB_DFFNSR" 3 961;
 .timescale -12 -12;
    .port_info 0 /OUTPUT 1 "Q";
    .port_info 1 /INPUT 1 "C";
    .port_info 2 /INPUT 1 "R";
    .port_info 3 /INPUT 1 "D";
o000002e5c7ea52d8 .functor BUFZ 1, c4<z>; HiZ drive
v000002e5c7ee8570_0 .net "C", 0 0, o000002e5c7ea52d8;  0 drivers
o000002e5c7ea5308 .functor BUFZ 1, c4<z>; HiZ drive
v000002e5c7ee8c50_0 .net "D", 0 0, o000002e5c7ea5308;  0 drivers
v000002e5c7ee8cf0_0 .var "Q", 0 0;
o000002e5c7ea5368 .functor BUFZ 1, c4<z>; HiZ drive
v000002e5c7ee8ed0_0 .net "R", 0 0, o000002e5c7ea5368;  0 drivers
E_000002e5c7e73f10 .event negedge, v000002e5c7ee8570_0;
S_000002e5c7e812f0 .scope module, "SB_DFFNSS" "SB_DFFNSS" 3 1082;
 .timescale -12 -12;
    .port_info 0 /OUTPUT 1 "Q";
    .port_info 1 /INPUT 1 "C";
    .port_info 2 /INPUT 1 "S";
    .port_info 3 /INPUT 1 "D";
o000002e5c7ea5458 .functor BUFZ 1, c4<z>; HiZ drive
v000002e5c7ee68b0_0 .net "C", 0 0, o000002e5c7ea5458;  0 drivers
o000002e5c7ea5488 .functor BUFZ 1, c4<z>; HiZ drive
v000002e5c7ee6950_0 .net "D", 0 0, o000002e5c7ea5488;  0 drivers
v000002e5c7ee6ef0_0 .var "Q", 0 0;
o000002e5c7ea54e8 .functor BUFZ 1, c4<z>; HiZ drive
v000002e5c7ee6f90_0 .net "S", 0 0, o000002e5c7ea54e8;  0 drivers
E_000002e5c7e746d0 .event negedge, v000002e5c7ee68b0_0;
S_000002e5c7e81480 .scope module, "SB_DFFR" "SB_DFFR" 3 400;
 .timescale -12 -12;
    .port_info 0 /OUTPUT 1 "Q";
    .port_info 1 /INPUT 1 "C";
    .port_info 2 /INPUT 1 "R";
    .port_info 3 /INPUT 1 "D";
o000002e5c7ea55d8 .functor BUFZ 1, c4<z>; HiZ drive
v000002e5c7ee77b0_0 .net "C", 0 0, o000002e5c7ea55d8;  0 drivers
o000002e5c7ea5608 .functor BUFZ 1, c4<z>; HiZ drive
v000002e5c7ee7850_0 .net "D", 0 0, o000002e5c7ea5608;  0 drivers
v000002e5c7eea230_0 .var "Q", 0 0;
o000002e5c7ea5668 .functor BUFZ 1, c4<z>; HiZ drive
v000002e5c7ee9b50_0 .net "R", 0 0, o000002e5c7ea5668;  0 drivers
E_000002e5c7e74110 .event posedge, v000002e5c7ee9b50_0, v000002e5c7ee77b0_0;
S_000002e5c7e81ac0 .scope module, "SB_DFFS" "SB_DFFS" 3 521;
 .timescale -12 -12;
    .port_info 0 /OUTPUT 1 "Q";
    .port_info 1 /INPUT 1 "C";
    .port_info 2 /INPUT 1 "S";
    .port_info 3 /INPUT 1 "D";
o000002e5c7ea5758 .functor BUFZ 1, c4<z>; HiZ drive
v000002e5c7eea2d0_0 .net "C", 0 0, o000002e5c7ea5758;  0 drivers
o000002e5c7ea5788 .functor BUFZ 1, c4<z>; HiZ drive
v000002e5c7ee9790_0 .net "D", 0 0, o000002e5c7ea5788;  0 drivers
v000002e5c7ee9150_0 .var "Q", 0 0;
o000002e5c7ea57e8 .functor BUFZ 1, c4<z>; HiZ drive
v000002e5c7eea370_0 .net "S", 0 0, o000002e5c7ea57e8;  0 drivers
E_000002e5c7e74590 .event posedge, v000002e5c7eea370_0, v000002e5c7eea2d0_0;
S_000002e5c7e81610 .scope module, "SB_DFFSR" "SB_DFFSR" 3 350;
 .timescale -12 -12;
    .port_info 0 /OUTPUT 1 "Q";
    .port_info 1 /INPUT 1 "C";
    .port_info 2 /INPUT 1 "R";
    .port_info 3 /INPUT 1 "D";
o000002e5c7ea58d8 .functor BUFZ 1, c4<z>; HiZ drive
v000002e5c7ee9e70_0 .net "C", 0 0, o000002e5c7ea58d8;  0 drivers
o000002e5c7ea5908 .functor BUFZ 1, c4<z>; HiZ drive
v000002e5c7ee9c90_0 .net "D", 0 0, o000002e5c7ea5908;  0 drivers
v000002e5c7ee9f10_0 .var "Q", 0 0;
o000002e5c7ea5968 .functor BUFZ 1, c4<z>; HiZ drive
v000002e5c7ee9bf0_0 .net "R", 0 0, o000002e5c7ea5968;  0 drivers
E_000002e5c7e745d0 .event posedge, v000002e5c7ee9e70_0;
S_000002e5c7e81930 .scope module, "SB_DFFSS" "SB_DFFSS" 3 471;
 .timescale -12 -12;
    .port_info 0 /OUTPUT 1 "Q";
    .port_info 1 /INPUT 1 "C";
    .port_info 2 /INPUT 1 "S";
    .port_info 3 /INPUT 1 "D";
o000002e5c7ea5a58 .functor BUFZ 1, c4<z>; HiZ drive
v000002e5c7ee9a10_0 .net "C", 0 0, o000002e5c7ea5a58;  0 drivers
o000002e5c7ea5a88 .functor BUFZ 1, c4<z>; HiZ drive
v000002e5c7eea410_0 .net "D", 0 0, o000002e5c7ea5a88;  0 drivers
v000002e5c7ee9290_0 .var "Q", 0 0;
o000002e5c7ea5ae8 .functor BUFZ 1, c4<z>; HiZ drive
v000002e5c7ee9d30_0 .net "S", 0 0, o000002e5c7ea5ae8;  0 drivers
E_000002e5c7e74b90 .event posedge, v000002e5c7ee9a10_0;
S_000002e5c7e82df0 .scope module, "SB_FILTER_50NS" "SB_FILTER_50NS" 3 2856;
 .timescale -12 -12;
    .port_info 0 /INPUT 1 "FILTERIN";
    .port_info 1 /OUTPUT 1 "FILTEROUT";
o000002e5c7ea5bd8 .functor BUFZ 1, c4<z>; HiZ drive
v000002e5c7ee91f0_0 .net "FILTERIN", 0 0, o000002e5c7ea5bd8;  0 drivers
o000002e5c7ea5c08 .functor BUFZ 1, c4<z>; HiZ drive
v000002e5c7ee9010_0 .net "FILTEROUT", 0 0, o000002e5c7ea5c08;  0 drivers
S_000002e5c7e838e0 .scope module, "SB_GB" "SB_GB" 3 162;
 .timescale -12 -12;
    .port_info 0 /INPUT 1 "USER_SIGNAL_TO_GLOBAL_BUFFER";
    .port_info 1 /OUTPUT 1 "GLOBAL_BUFFER_OUTPUT";
o000002e5c7ea5cc8 .functor BUFZ 1, c4<z>; HiZ drive
L_000002e5c7e5c740 .functor BUFZ 1, o000002e5c7ea5cc8, C4<0>, C4<0>, C4<0>;
v000002e5c7eea550_0 .net "GLOBAL_BUFFER_OUTPUT", 0 0, L_000002e5c7e5c740;  1 drivers
v000002e5c7ee9650_0 .net "USER_SIGNAL_TO_GLOBAL_BUFFER", 0 0, o000002e5c7ea5cc8;  0 drivers
S_000002e5c7e81e50 .scope module, "SB_GB_IO" "SB_GB_IO" 3 123;
 .timescale -12 -12;
    .port_info 0 /INOUT 1 "PACKAGE_PIN";
    .port_info 1 /OUTPUT 1 "GLOBAL_BUFFER_OUTPUT";
    .port_info 2 /INPUT 1 "LATCH_INPUT_VALUE";
    .port_info 3 /INPUT 1 "CLOCK_ENABLE";
    .port_info 4 /INPUT 1 "INPUT_CLK";
    .port_info 5 /INPUT 1 "OUTPUT_CLK";
    .port_info 6 /INPUT 1 "OUTPUT_ENABLE";
    .port_info 7 /INPUT 1 "D_OUT_0";
    .port_info 8 /INPUT 1 "D_OUT_1";
    .port_info 9 /OUTPUT 1 "D_IN_0";
    .port_info 10 /OUTPUT 1 "D_IN_1";
P_000002e5c7cbb540 .param/str "IO_STANDARD" 0 3 139, "SB_LVCMOS";
P_000002e5c7cbb578 .param/l "NEG_TRIGGER" 0 3 138, C4<0>;
P_000002e5c7cbb5b0 .param/l "PIN_TYPE" 0 3 136, C4<000000>;
P_000002e5c7cbb5e8 .param/l "PULLUP" 0 3 137, C4<0>;
o000002e5c7ea5f08 .functor BUFZ 1, c4<z>; HiZ drive
L_000002e5c7e5bfd0 .functor BUFZ 1, o000002e5c7ea5f08, C4<0>, C4<0>, C4<0>;
o000002e5c7ea5d58 .functor BUFZ 1, c4<z>; HiZ drive
v000002e5c7eebb20_0 .net "CLOCK_ENABLE", 0 0, o000002e5c7ea5d58;  0 drivers
v000002e5c7eeaea0_0 .net "D_IN_0", 0 0, L_000002e5c7e5be80;  1 drivers
v000002e5c7eebbc0_0 .net "D_IN_1", 0 0, L_000002e5c7e5c0b0;  1 drivers
o000002e5c7ea5de8 .functor BUFZ 1, c4<z>; HiZ drive
v000002e5c7eeb8a0_0 .net "D_OUT_0", 0 0, o000002e5c7ea5de8;  0 drivers
o000002e5c7ea5e18 .functor BUFZ 1, c4<z>; HiZ drive
v000002e5c7eecde0_0 .net "D_OUT_1", 0 0, o000002e5c7ea5e18;  0 drivers
v000002e5c7eeb4e0_0 .net "GLOBAL_BUFFER_OUTPUT", 0 0, L_000002e5c7e5bfd0;  1 drivers
o000002e5c7ea5e48 .functor BUFZ 1, c4<z>; HiZ drive
v000002e5c7eeac20_0 .net "INPUT_CLK", 0 0, o000002e5c7ea5e48;  0 drivers
o000002e5c7ea5e78 .functor BUFZ 1, c4<z>; HiZ drive
v000002e5c7eecfc0_0 .net "LATCH_INPUT_VALUE", 0 0, o000002e5c7ea5e78;  0 drivers
o000002e5c7ea5ea8 .functor BUFZ 1, c4<z>; HiZ drive
v000002e5c7eebe40_0 .net "OUTPUT_CLK", 0 0, o000002e5c7ea5ea8;  0 drivers
o000002e5c7ea5ed8 .functor BUFZ 1, c4<z>; HiZ drive
v000002e5c7eec5c0_0 .net "OUTPUT_ENABLE", 0 0, o000002e5c7ea5ed8;  0 drivers
v000002e5c7eeafe0_0 .net "PACKAGE_PIN", 0 0, o000002e5c7ea5f08;  0 drivers
S_000002e5c7e87090 .scope module, "IO" "SB_IO" 3 148, 3 17 0, S_000002e5c7e81e50;
 .timescale -12 -12;
    .port_info 0 /INOUT 1 "PACKAGE_PIN";
    .port_info 1 /INPUT 1 "LATCH_INPUT_VALUE";
    .port_info 2 /INPUT 1 "CLOCK_ENABLE";
    .port_info 3 /INPUT 1 "INPUT_CLK";
    .port_info 4 /INPUT 1 "OUTPUT_CLK";
    .port_info 5 /INPUT 1 "OUTPUT_ENABLE";
    .port_info 6 /INPUT 1 "D_OUT_0";
    .port_info 7 /INPUT 1 "D_OUT_1";
    .port_info 8 /OUTPUT 1 "D_IN_0";
    .port_info 9 /OUTPUT 1 "D_IN_1";
P_000002e5c7bfb730 .param/str "IO_STANDARD" 0 3 32, "SB_LVCMOS";
P_000002e5c7bfb768 .param/l "NEG_TRIGGER" 0 3 31, C4<0>;
P_000002e5c7bfb7a0 .param/l "PIN_TYPE" 0 3 29, C4<000000>;
P_000002e5c7bfb7d8 .param/l "PULLUP" 0 3 30, C4<0>;
L_000002e5c7e5d310 .functor OR 1, o000002e5c7ea5d58, L_000002e5c7f77370, C4<0>, C4<0>;
L_000002e5c7e5be80 .functor BUFZ 1, v000002e5c7eea0f0_0, C4<0>, C4<0>, C4<0>;
L_000002e5c7e5c0b0 .functor BUFZ 1, v000002e5c7ee98d0_0, C4<0>, C4<0>, C4<0>;
v000002e5c7ee9dd0_0 .net "CLOCK_ENABLE", 0 0, o000002e5c7ea5d58;  alias, 0 drivers
v000002e5c7ee9830_0 .net "D_IN_0", 0 0, L_000002e5c7e5be80;  alias, 1 drivers
v000002e5c7ee9330_0 .net "D_IN_1", 0 0, L_000002e5c7e5c0b0;  alias, 1 drivers
v000002e5c7ee9fb0_0 .net "D_OUT_0", 0 0, o000002e5c7ea5de8;  alias, 0 drivers
v000002e5c7ee9470_0 .net "D_OUT_1", 0 0, o000002e5c7ea5e18;  alias, 0 drivers
v000002e5c7ee9510_0 .net "INPUT_CLK", 0 0, o000002e5c7ea5e48;  alias, 0 drivers
v000002e5c7ee9970_0 .net "LATCH_INPUT_VALUE", 0 0, o000002e5c7ea5e78;  alias, 0 drivers
v000002e5c7eea4b0_0 .net "OUTPUT_CLK", 0 0, o000002e5c7ea5ea8;  alias, 0 drivers
v000002e5c7ee93d0_0 .net "OUTPUT_ENABLE", 0 0, o000002e5c7ea5ed8;  alias, 0 drivers
v000002e5c7ee90b0_0 .net "PACKAGE_PIN", 0 0, o000002e5c7ea5f08;  alias, 0 drivers
o000002e5c7ea5f38 .functor BUFZ 1, c4<z>; HiZ drive
; Elide local net with no drivers, v000002e5c7ee8f70_0 name=_ivl_0
v000002e5c7ee95b0_0 .net *"_ivl_2", 0 0, L_000002e5c7f77370;  1 drivers
v000002e5c7eea5f0_0 .net "clken_pulled", 0 0, L_000002e5c7e5d310;  1 drivers
v000002e5c7ee96f0_0 .var "clken_pulled_ri", 0 0;
v000002e5c7eea050_0 .var "clken_pulled_ro", 0 0;
v000002e5c7eea0f0_0 .var "din_0", 0 0;
v000002e5c7ee98d0_0 .var "din_1", 0 0;
v000002e5c7ee9ab0_0 .var "din_q_0", 0 0;
v000002e5c7eea190_0 .var "din_q_1", 0 0;
v000002e5c7eec980_0 .var "dout", 0 0;
v000002e5c7eeb800_0 .var "dout_q_0", 0 0;
v000002e5c7eec660_0 .var "dout_q_1", 0 0;
v000002e5c7eeca20_0 .var "outclk_delayed_1", 0 0;
v000002e5c7eec340_0 .var "outclk_delayed_2", 0 0;
v000002e5c7eeaf40_0 .var "outena_q", 0 0;
E_000002e5c7e74150 .event anyedge, v000002e5c7eec340_0, v000002e5c7eeb800_0, v000002e5c7eec660_0;
E_000002e5c7e74710 .event anyedge, v000002e5c7eeca20_0;
E_000002e5c7e74790 .event anyedge, v000002e5c7eea4b0_0;
E_000002e5c7e74610 .event anyedge, v000002e5c7ee9ab0_0, v000002e5c7eea190_0;
L_000002e5c7f77370 .cmp/eeq 1, o000002e5c7ea5d58, o000002e5c7ea5f38;
S_000002e5c7e876d0 .scope generate, "genblk1" "genblk1" 3 45, 3 45 0, S_000002e5c7e87090;
 .timescale -12 -12;
E_000002e5c7e74250 .event posedge, v000002e5c7eea4b0_0;
E_000002e5c7e74650 .event negedge, v000002e5c7eea4b0_0;
E_000002e5c7e74450 .event negedge, v000002e5c7ee9510_0;
E_000002e5c7e74490 .event posedge, v000002e5c7ee9510_0;
S_000002e5c7e82ad0 .scope module, "SB_HFOSC" "SB_HFOSC" 3 2664;
 .timescale -12 -12;
    .port_info 0 /INPUT 1 "TRIM0";
    .port_info 1 /INPUT 1 "TRIM1";
    .port_info 2 /INPUT 1 "TRIM2";
    .port_info 3 /INPUT 1 "TRIM3";
    .port_info 4 /INPUT 1 "TRIM4";
    .port_info 5 /INPUT 1 "TRIM5";
    .port_info 6 /INPUT 1 "TRIM6";
    .port_info 7 /INPUT 1 "TRIM7";
    .port_info 8 /INPUT 1 "TRIM8";
    .port_info 9 /INPUT 1 "TRIM9";
    .port_info 10 /INPUT 1 "CLKHFPU";
    .port_info 11 /INPUT 1 "CLKHFEN";
    .port_info 12 /OUTPUT 1 "CLKHF";
P_000002e5c7ca6a80 .param/str "CLKHF_DIV" 0 3 2680, "0b00";
P_000002e5c7ca6ab8 .param/str "TRIM_EN" 0 3 2679, "0b0";
o000002e5c7ea6628 .functor BUFZ 1, c4<z>; HiZ drive
v000002e5c7eec3e0_0 .net "CLKHF", 0 0, o000002e5c7ea6628;  0 drivers
o000002e5c7ea6658 .functor BUFZ 1, c4<z>; HiZ drive
v000002e5c7eec700_0 .net "CLKHFEN", 0 0, o000002e5c7ea6658;  0 drivers
o000002e5c7ea6688 .functor BUFZ 1, c4<z>; HiZ drive
v000002e5c7eec020_0 .net "CLKHFPU", 0 0, o000002e5c7ea6688;  0 drivers
o000002e5c7ea66b8 .functor BUFZ 1, c4<z>; HiZ drive
v000002e5c7eec840_0 .net "TRIM0", 0 0, o000002e5c7ea66b8;  0 drivers
o000002e5c7ea66e8 .functor BUFZ 1, c4<z>; HiZ drive
v000002e5c7eec7a0_0 .net "TRIM1", 0 0, o000002e5c7ea66e8;  0 drivers
o000002e5c7ea6718 .functor BUFZ 1, c4<z>; HiZ drive
v000002e5c7eeb440_0 .net "TRIM2", 0 0, o000002e5c7ea6718;  0 drivers
o000002e5c7ea6748 .functor BUFZ 1, c4<z>; HiZ drive
v000002e5c7eebda0_0 .net "TRIM3", 0 0, o000002e5c7ea6748;  0 drivers
o000002e5c7ea6778 .functor BUFZ 1, c4<z>; HiZ drive
v000002e5c7eeb260_0 .net "TRIM4", 0 0, o000002e5c7ea6778;  0 drivers
o000002e5c7ea67a8 .functor BUFZ 1, c4<z>; HiZ drive
v000002e5c7eeb300_0 .net "TRIM5", 0 0, o000002e5c7ea67a8;  0 drivers
o000002e5c7ea67d8 .functor BUFZ 1, c4<z>; HiZ drive
v000002e5c7eec200_0 .net "TRIM6", 0 0, o000002e5c7ea67d8;  0 drivers
o000002e5c7ea6808 .functor BUFZ 1, c4<z>; HiZ drive
v000002e5c7eece80_0 .net "TRIM7", 0 0, o000002e5c7ea6808;  0 drivers
o000002e5c7ea6838 .functor BUFZ 1, c4<z>; HiZ drive
v000002e5c7eeb080_0 .net "TRIM8", 0 0, o000002e5c7ea6838;  0 drivers
o000002e5c7ea6868 .functor BUFZ 1, c4<z>; HiZ drive
v000002e5c7eeb120_0 .net "TRIM9", 0 0, o000002e5c7ea6868;  0 drivers
S_000002e5c7e82f80 .scope module, "SB_I2C" "SB_I2C" 3 2733;
 .timescale -12 -12;
    .port_info 0 /INPUT 1 "SBCLKI";
    .port_info 1 /INPUT 1 "SBRWI";
    .port_info 2 /INPUT 1 "SBSTBI";
    .port_info 3 /INPUT 1 "SBADRI7";
    .port_info 4 /INPUT 1 "SBADRI6";
    .port_info 5 /INPUT 1 "SBADRI5";
    .port_info 6 /INPUT 1 "SBADRI4";
    .port_info 7 /INPUT 1 "SBADRI3";
    .port_info 8 /INPUT 1 "SBADRI2";
    .port_info 9 /INPUT 1 "SBADRI1";
    .port_info 10 /INPUT 1 "SBADRI0";
    .port_info 11 /INPUT 1 "SBDATI7";
    .port_info 12 /INPUT 1 "SBDATI6";
    .port_info 13 /INPUT 1 "SBDATI5";
    .port_info 14 /INPUT 1 "SBDATI4";
    .port_info 15 /INPUT 1 "SBDATI3";
    .port_info 16 /INPUT 1 "SBDATI2";
    .port_info 17 /INPUT 1 "SBDATI1";
    .port_info 18 /INPUT 1 "SBDATI0";
    .port_info 19 /INPUT 1 "SCLI";
    .port_info 20 /INPUT 1 "SDAI";
    .port_info 21 /OUTPUT 1 "SBDATO7";
    .port_info 22 /OUTPUT 1 "SBDATO6";
    .port_info 23 /OUTPUT 1 "SBDATO5";
    .port_info 24 /OUTPUT 1 "SBDATO4";
    .port_info 25 /OUTPUT 1 "SBDATO3";
    .port_info 26 /OUTPUT 1 "SBDATO2";
    .port_info 27 /OUTPUT 1 "SBDATO1";
    .port_info 28 /OUTPUT 1 "SBDATO0";
    .port_info 29 /OUTPUT 1 "SBACKO";
    .port_info 30 /OUTPUT 1 "I2CIRQ";
    .port_info 31 /OUTPUT 1 "I2CWKUP";
    .port_info 32 /OUTPUT 1 "SCLO";
    .port_info 33 /OUTPUT 1 "SCLOE";
    .port_info 34 /OUTPUT 1 "SDAO";
    .port_info 35 /OUTPUT 1 "SDAOE";
P_000002e5c7ca5700 .param/str "BUS_ADDR74" 0 3 2772, "0b0001";
P_000002e5c7ca5738 .param/str "I2C_SLAVE_INIT_ADDR" 0 3 2771, "0b1111100001";
o000002e5c7ea6b08 .functor BUFZ 1, c4<z>; HiZ drive
v000002e5c7eeb620_0 .net "I2CIRQ", 0 0, o000002e5c7ea6b08;  0 drivers
o000002e5c7ea6b38 .functor BUFZ 1, c4<z>; HiZ drive
v000002e5c7eecac0_0 .net "I2CWKUP", 0 0, o000002e5c7ea6b38;  0 drivers
o000002e5c7ea6b68 .functor BUFZ 1, c4<z>; HiZ drive
v000002e5c7eeb3a0_0 .net "SBACKO", 0 0, o000002e5c7ea6b68;  0 drivers
o000002e5c7ea6b98 .functor BUFZ 1, c4<z>; HiZ drive
v000002e5c7eed2e0_0 .net "SBADRI0", 0 0, o000002e5c7ea6b98;  0 drivers
o000002e5c7ea6bc8 .functor BUFZ 1, c4<z>; HiZ drive
v000002e5c7eebc60_0 .net "SBADRI1", 0 0, o000002e5c7ea6bc8;  0 drivers
o000002e5c7ea6bf8 .functor BUFZ 1, c4<z>; HiZ drive
v000002e5c7eecb60_0 .net "SBADRI2", 0 0, o000002e5c7ea6bf8;  0 drivers
o000002e5c7ea6c28 .functor BUFZ 1, c4<z>; HiZ drive
v000002e5c7eeb6c0_0 .net "SBADRI3", 0 0, o000002e5c7ea6c28;  0 drivers
o000002e5c7ea6c58 .functor BUFZ 1, c4<z>; HiZ drive
v000002e5c7eecc00_0 .net "SBADRI4", 0 0, o000002e5c7ea6c58;  0 drivers
o000002e5c7ea6c88 .functor BUFZ 1, c4<z>; HiZ drive
v000002e5c7eebd00_0 .net "SBADRI5", 0 0, o000002e5c7ea6c88;  0 drivers
o000002e5c7ea6cb8 .functor BUFZ 1, c4<z>; HiZ drive
v000002e5c7eeb1c0_0 .net "SBADRI6", 0 0, o000002e5c7ea6cb8;  0 drivers
o000002e5c7ea6ce8 .functor BUFZ 1, c4<z>; HiZ drive
v000002e5c7eec2a0_0 .net "SBADRI7", 0 0, o000002e5c7ea6ce8;  0 drivers
o000002e5c7ea6d18 .functor BUFZ 1, c4<z>; HiZ drive
v000002e5c7eeae00_0 .net "SBCLKI", 0 0, o000002e5c7ea6d18;  0 drivers
o000002e5c7ea6d48 .functor BUFZ 1, c4<z>; HiZ drive
v000002e5c7eeb940_0 .net "SBDATI0", 0 0, o000002e5c7ea6d48;  0 drivers
o000002e5c7ea6d78 .functor BUFZ 1, c4<z>; HiZ drive
v000002e5c7eecf20_0 .net "SBDATI1", 0 0, o000002e5c7ea6d78;  0 drivers
o000002e5c7ea6da8 .functor BUFZ 1, c4<z>; HiZ drive
v000002e5c7eebee0_0 .net "SBDATI2", 0 0, o000002e5c7ea6da8;  0 drivers
o000002e5c7ea6dd8 .functor BUFZ 1, c4<z>; HiZ drive
v000002e5c7eec0c0_0 .net "SBDATI3", 0 0, o000002e5c7ea6dd8;  0 drivers
o000002e5c7ea6e08 .functor BUFZ 1, c4<z>; HiZ drive
v000002e5c7eeb580_0 .net "SBDATI4", 0 0, o000002e5c7ea6e08;  0 drivers
o000002e5c7ea6e38 .functor BUFZ 1, c4<z>; HiZ drive
v000002e5c7eebf80_0 .net "SBDATI5", 0 0, o000002e5c7ea6e38;  0 drivers
o000002e5c7ea6e68 .functor BUFZ 1, c4<z>; HiZ drive
v000002e5c7eeb760_0 .net "SBDATI6", 0 0, o000002e5c7ea6e68;  0 drivers
o000002e5c7ea6e98 .functor BUFZ 1, c4<z>; HiZ drive
v000002e5c7eeacc0_0 .net "SBDATI7", 0 0, o000002e5c7ea6e98;  0 drivers
o000002e5c7ea6ec8 .functor BUFZ 1, c4<z>; HiZ drive
v000002e5c7eec160_0 .net "SBDATO0", 0 0, o000002e5c7ea6ec8;  0 drivers
o000002e5c7ea6ef8 .functor BUFZ 1, c4<z>; HiZ drive
v000002e5c7eed060_0 .net "SBDATO1", 0 0, o000002e5c7ea6ef8;  0 drivers
o000002e5c7ea6f28 .functor BUFZ 1, c4<z>; HiZ drive
v000002e5c7eeb9e0_0 .net "SBDATO2", 0 0, o000002e5c7ea6f28;  0 drivers
o000002e5c7ea6f58 .functor BUFZ 1, c4<z>; HiZ drive
v000002e5c7eeba80_0 .net "SBDATO3", 0 0, o000002e5c7ea6f58;  0 drivers
o000002e5c7ea6f88 .functor BUFZ 1, c4<z>; HiZ drive
v000002e5c7eec480_0 .net "SBDATO4", 0 0, o000002e5c7ea6f88;  0 drivers
o000002e5c7ea6fb8 .functor BUFZ 1, c4<z>; HiZ drive
v000002e5c7eec8e0_0 .net "SBDATO5", 0 0, o000002e5c7ea6fb8;  0 drivers
o000002e5c7ea6fe8 .functor BUFZ 1, c4<z>; HiZ drive
v000002e5c7eec520_0 .net "SBDATO6", 0 0, o000002e5c7ea6fe8;  0 drivers
o000002e5c7ea7018 .functor BUFZ 1, c4<z>; HiZ drive
v000002e5c7eed100_0 .net "SBDATO7", 0 0, o000002e5c7ea7018;  0 drivers
o000002e5c7ea7048 .functor BUFZ 1, c4<z>; HiZ drive
v000002e5c7eecca0_0 .net "SBRWI", 0 0, o000002e5c7ea7048;  0 drivers
o000002e5c7ea7078 .functor BUFZ 1, c4<z>; HiZ drive
v000002e5c7eecd40_0 .net "SBSTBI", 0 0, o000002e5c7ea7078;  0 drivers
o000002e5c7ea70a8 .functor BUFZ 1, c4<z>; HiZ drive
v000002e5c7eed1a0_0 .net "SCLI", 0 0, o000002e5c7ea70a8;  0 drivers
o000002e5c7ea70d8 .functor BUFZ 1, c4<z>; HiZ drive
v000002e5c7eed240_0 .net "SCLO", 0 0, o000002e5c7ea70d8;  0 drivers
o000002e5c7ea7108 .functor BUFZ 1, c4<z>; HiZ drive
v000002e5c7eeab80_0 .net "SCLOE", 0 0, o000002e5c7ea7108;  0 drivers
o000002e5c7ea7138 .functor BUFZ 1, c4<z>; HiZ drive
v000002e5c7eead60_0 .net "SDAI", 0 0, o000002e5c7ea7138;  0 drivers
o000002e5c7ea7168 .functor BUFZ 1, c4<z>; HiZ drive
v000002e5c7eee960_0 .net "SDAO", 0 0, o000002e5c7ea7168;  0 drivers
o000002e5c7ea7198 .functor BUFZ 1, c4<z>; HiZ drive
v000002e5c7eee780_0 .net "SDAOE", 0 0, o000002e5c7ea7198;  0 drivers
S_000002e5c7e83110 .scope module, "SB_IO_I3C" "SB_IO_I3C" 3 2862;
 .timescale -12 -12;
    .port_info 0 /INOUT 1 "PACKAGE_PIN";
    .port_info 1 /INPUT 1 "LATCH_INPUT_VALUE";
    .port_info 2 /INPUT 1 "CLOCK_ENABLE";
    .port_info 3 /INPUT 1 "INPUT_CLK";
    .port_info 4 /INPUT 1 "OUTPUT_CLK";
    .port_info 5 /INPUT 1 "OUTPUT_ENABLE";
    .port_info 6 /INPUT 1 "D_OUT_0";
    .port_info 7 /INPUT 1 "D_OUT_1";
    .port_info 8 /OUTPUT 1 "D_IN_0";
    .port_info 9 /OUTPUT 1 "D_IN_1";
    .port_info 10 /INPUT 1 "PU_ENB";
    .port_info 11 /INPUT 1 "WEAK_PU_ENB";
P_000002e5c7c03d10 .param/str "IO_STANDARD" 0 3 2880, "SB_LVCMOS";
P_000002e5c7c03d48 .param/l "NEG_TRIGGER" 0 3 2879, C4<0>;
P_000002e5c7c03d80 .param/l "PIN_TYPE" 0 3 2876, C4<000000>;
P_000002e5c7c03db8 .param/l "PULLUP" 0 3 2877, C4<0>;
P_000002e5c7c03df0 .param/l "WEAK_PULLUP" 0 3 2878, C4<0>;
L_000002e5c7e5c9e0 .functor BUFZ 1, v000002e5c7eee0a0_0, C4<0>, C4<0>, C4<0>;
L_000002e5c7e5d380 .functor BUFZ 1, v000002e5c7eedd80_0, C4<0>, C4<0>, C4<0>;
o000002e5c7ea7888 .functor BUFZ 1, c4<z>; HiZ drive
v000002e5c7eee8c0_0 .net "CLOCK_ENABLE", 0 0, o000002e5c7ea7888;  0 drivers
v000002e5c7eed740_0 .net "D_IN_0", 0 0, L_000002e5c7e5c9e0;  1 drivers
v000002e5c7eed560_0 .net "D_IN_1", 0 0, L_000002e5c7e5d380;  1 drivers
o000002e5c7ea7918 .functor BUFZ 1, c4<z>; HiZ drive
v000002e5c7eed420_0 .net "D_OUT_0", 0 0, o000002e5c7ea7918;  0 drivers
o000002e5c7ea7948 .functor BUFZ 1, c4<z>; HiZ drive
v000002e5c7eedf60_0 .net "D_OUT_1", 0 0, o000002e5c7ea7948;  0 drivers
o000002e5c7ea7978 .functor BUFZ 1, c4<z>; HiZ drive
v000002e5c7eed9c0_0 .net "INPUT_CLK", 0 0, o000002e5c7ea7978;  0 drivers
o000002e5c7ea79a8 .functor BUFZ 1, c4<z>; HiZ drive
v000002e5c7eed920_0 .net "LATCH_INPUT_VALUE", 0 0, o000002e5c7ea79a8;  0 drivers
o000002e5c7ea79d8 .functor BUFZ 1, c4<z>; HiZ drive
v000002e5c7eeda60_0 .net "OUTPUT_CLK", 0 0, o000002e5c7ea79d8;  0 drivers
o000002e5c7ea7a08 .functor BUFZ 1, c4<z>; HiZ drive
v000002e5c7eed4c0_0 .net "OUTPUT_ENABLE", 0 0, o000002e5c7ea7a08;  0 drivers
o000002e5c7ea7a38 .functor BUFZ 1, c4<z>; HiZ drive
v000002e5c7eed600_0 .net "PACKAGE_PIN", 0 0, o000002e5c7ea7a38;  0 drivers
o000002e5c7ea7a68 .functor BUFZ 1, c4<z>; HiZ drive
v000002e5c7eed7e0_0 .net "PU_ENB", 0 0, o000002e5c7ea7a68;  0 drivers
o000002e5c7ea7a98 .functor BUFZ 1, c4<z>; HiZ drive
v000002e5c7eee6e0_0 .net "WEAK_PU_ENB", 0 0, o000002e5c7ea7a98;  0 drivers
v000002e5c7eee0a0_0 .var "din_0", 0 0;
v000002e5c7eedd80_0 .var "din_1", 0 0;
v000002e5c7eed6a0_0 .var "din_q_0", 0 0;
v000002e5c7eee3c0_0 .var "din_q_1", 0 0;
v000002e5c7eee820_0 .var "dout", 0 0;
v000002e5c7eeea00_0 .var "dout_q_0", 0 0;
v000002e5c7eee140_0 .var "dout_q_1", 0 0;
v000002e5c7eed880_0 .var "outclk_delayed_1", 0 0;
v000002e5c7eede20_0 .var "outclk_delayed_2", 0 0;
v000002e5c7eee000_0 .var "outena_q", 0 0;
E_000002e5c7e74b10 .event anyedge, v000002e5c7eede20_0, v000002e5c7eeea00_0, v000002e5c7eee140_0;
E_000002e5c7e74690 .event anyedge, v000002e5c7eed880_0;
E_000002e5c7e74850 .event anyedge, v000002e5c7eeda60_0;
E_000002e5c7e747d0 .event anyedge, v000002e5c7eed6a0_0, v000002e5c7eee3c0_0;
S_000002e5c7e87b80 .scope generate, "genblk1" "genblk1" 3 2888, 3 2888 0, S_000002e5c7e83110;
 .timescale -12 -12;
E_000002e5c7e74810 .event posedge, v000002e5c7eeda60_0;
E_000002e5c7e74890 .event negedge, v000002e5c7eeda60_0;
E_000002e5c7e748d0 .event negedge, v000002e5c7eed9c0_0;
E_000002e5c7e749d0 .event posedge, v000002e5c7eed9c0_0;
S_000002e5c7e82c60 .scope module, "SB_IO_OD" "SB_IO_OD" 3 2931;
 .timescale -12 -12;
    .port_info 0 /INOUT 1 "PACKAGEPIN";
    .port_info 1 /INPUT 1 "LATCHINPUTVALUE";
    .port_info 2 /INPUT 1 "CLOCKENABLE";
    .port_info 3 /INPUT 1 "INPUTCLK";
    .port_info 4 /INPUT 1 "OUTPUTCLK";
    .port_info 5 /INPUT 1 "OUTPUTENABLE";
    .port_info 6 /INPUT 1 "DOUT1";
    .port_info 7 /INPUT 1 "DOUT0";
    .port_info 8 /OUTPUT 1 "DIN1";
    .port_info 9 /OUTPUT 1 "DIN0";
P_000002e5c7ca6c80 .param/l "NEG_TRIGGER" 0 3 2944, C4<0>;
P_000002e5c7ca6cb8 .param/l "PIN_TYPE" 0 3 2943, C4<000000>;
L_000002e5c7e5d460 .functor BUFZ 1, v000002e5c7eedb00_0, C4<0>, C4<0>, C4<0>;
L_000002e5c7e5c7b0 .functor BUFZ 1, v000002e5c7eed380_0, C4<0>, C4<0>, C4<0>;
o000002e5c7ea7ee8 .functor BUFZ 1, c4<z>; HiZ drive
v000002e5c7eee1e0_0 .net "CLOCKENABLE", 0 0, o000002e5c7ea7ee8;  0 drivers
v000002e5c7eee280_0 .net "DIN0", 0 0, L_000002e5c7e5d460;  1 drivers
v000002e5c7eee320_0 .net "DIN1", 0 0, L_000002e5c7e5c7b0;  1 drivers
o000002e5c7ea7f78 .functor BUFZ 1, c4<z>; HiZ drive
v000002e5c7eedc40_0 .net "DOUT0", 0 0, o000002e5c7ea7f78;  0 drivers
o000002e5c7ea7fa8 .functor BUFZ 1, c4<z>; HiZ drive
v000002e5c7eee460_0 .net "DOUT1", 0 0, o000002e5c7ea7fa8;  0 drivers
o000002e5c7ea7fd8 .functor BUFZ 1, c4<z>; HiZ drive
v000002e5c7eedba0_0 .net "INPUTCLK", 0 0, o000002e5c7ea7fd8;  0 drivers
o000002e5c7ea8008 .functor BUFZ 1, c4<z>; HiZ drive
v000002e5c7eedec0_0 .net "LATCHINPUTVALUE", 0 0, o000002e5c7ea8008;  0 drivers
o000002e5c7ea8038 .functor BUFZ 1, c4<z>; HiZ drive
v000002e5c7eee500_0 .net "OUTPUTCLK", 0 0, o000002e5c7ea8038;  0 drivers
o000002e5c7ea8068 .functor BUFZ 1, c4<z>; HiZ drive
v000002e5c7eee5a0_0 .net "OUTPUTENABLE", 0 0, o000002e5c7ea8068;  0 drivers
o000002e5c7ea8098 .functor BUFZ 1, c4<z>; HiZ drive
v000002e5c7eee640_0 .net "PACKAGEPIN", 0 0, o000002e5c7ea8098;  0 drivers
v000002e5c7eedb00_0 .var "din_0", 0 0;
v000002e5c7eed380_0 .var "din_1", 0 0;
v000002e5c7eedce0_0 .var "din_q_0", 0 0;
v000002e5c7eeef40_0 .var "din_q_1", 0 0;
v000002e5c7ef0ac0_0 .var "dout", 0 0;
v000002e5c7eeecc0_0 .var "dout_q_0", 0 0;
v000002e5c7ef02a0_0 .var "dout_q_1", 0 0;
v000002e5c7ef0480_0 .var "outclk_delayed_1", 0 0;
v000002e5c7ef0980_0 .var "outclk_delayed_2", 0 0;
v000002e5c7eef580_0 .var "outena_q", 0 0;
E_000002e5c7e74a10 .event anyedge, v000002e5c7ef0980_0, v000002e5c7eeecc0_0, v000002e5c7ef02a0_0;
E_000002e5c7e74a50 .event anyedge, v000002e5c7ef0480_0;
E_000002e5c7e74b50 .event anyedge, v000002e5c7eee500_0;
E_000002e5c7e74bd0 .event anyedge, v000002e5c7eedce0_0, v000002e5c7eeef40_0;
S_000002e5c7e87d10 .scope generate, "genblk1" "genblk1" 3 2952, 3 2952 0, S_000002e5c7e82c60;
 .timescale -12 -12;
E_000002e5c7e74c10 .event posedge, v000002e5c7eee500_0;
E_000002e5c7e757d0 .event negedge, v000002e5c7eee500_0;
E_000002e5c7e75b90 .event negedge, v000002e5c7eedba0_0;
E_000002e5c7e753d0 .event posedge, v000002e5c7eedba0_0;
S_000002e5c7e832a0 .scope module, "SB_LEDDA_IP" "SB_LEDDA_IP" 3 2830;
 .timescale -12 -12;
    .port_info 0 /INPUT 1 "LEDDCS";
    .port_info 1 /INPUT 1 "LEDDCLK";
    .port_info 2 /INPUT 1 "LEDDDAT7";
    .port_info 3 /INPUT 1 "LEDDDAT6";
    .port_info 4 /INPUT 1 "LEDDDAT5";
    .port_info 5 /INPUT 1 "LEDDDAT4";
    .port_info 6 /INPUT 1 "LEDDDAT3";
    .port_info 7 /INPUT 1 "LEDDDAT2";
    .port_info 8 /INPUT 1 "LEDDDAT1";
    .port_info 9 /INPUT 1 "LEDDDAT0";
    .port_info 10 /INPUT 1 "LEDDADDR3";
    .port_info 11 /INPUT 1 "LEDDADDR2";
    .port_info 12 /INPUT 1 "LEDDADDR1";
    .port_info 13 /INPUT 1 "LEDDADDR0";
    .port_info 14 /INPUT 1 "LEDDDEN";
    .port_info 15 /INPUT 1 "LEDDEXE";
    .port_info 16 /INPUT 1 "LEDDRST";
    .port_info 17 /OUTPUT 1 "PWMOUT0";
    .port_info 18 /OUTPUT 1 "PWMOUT1";
    .port_info 19 /OUTPUT 1 "PWMOUT2";
    .port_info 20 /OUTPUT 1 "LEDDON";
o000002e5c7ea8488 .functor BUFZ 1, c4<z>; HiZ drive
v000002e5c7eeefe0_0 .net "LEDDADDR0", 0 0, o000002e5c7ea8488;  0 drivers
o000002e5c7ea84b8 .functor BUFZ 1, c4<z>; HiZ drive
v000002e5c7ef07a0_0 .net "LEDDADDR1", 0 0, o000002e5c7ea84b8;  0 drivers
o000002e5c7ea84e8 .functor BUFZ 1, c4<z>; HiZ drive
v000002e5c7eef620_0 .net "LEDDADDR2", 0 0, o000002e5c7ea84e8;  0 drivers
o000002e5c7ea8518 .functor BUFZ 1, c4<z>; HiZ drive
v000002e5c7eef080_0 .net "LEDDADDR3", 0 0, o000002e5c7ea8518;  0 drivers
o000002e5c7ea8548 .functor BUFZ 1, c4<z>; HiZ drive
v000002e5c7ef1420_0 .net "LEDDCLK", 0 0, o000002e5c7ea8548;  0 drivers
o000002e5c7ea8578 .functor BUFZ 1, c4<z>; HiZ drive
v000002e5c7ef0f20_0 .net "LEDDCS", 0 0, o000002e5c7ea8578;  0 drivers
o000002e5c7ea85a8 .functor BUFZ 1, c4<z>; HiZ drive
v000002e5c7ef0b60_0 .net "LEDDDAT0", 0 0, o000002e5c7ea85a8;  0 drivers
o000002e5c7ea85d8 .functor BUFZ 1, c4<z>; HiZ drive
v000002e5c7eef760_0 .net "LEDDDAT1", 0 0, o000002e5c7ea85d8;  0 drivers
o000002e5c7ea8608 .functor BUFZ 1, c4<z>; HiZ drive
v000002e5c7ef0ca0_0 .net "LEDDDAT2", 0 0, o000002e5c7ea8608;  0 drivers
o000002e5c7ea8638 .functor BUFZ 1, c4<z>; HiZ drive
v000002e5c7eef800_0 .net "LEDDDAT3", 0 0, o000002e5c7ea8638;  0 drivers
o000002e5c7ea8668 .functor BUFZ 1, c4<z>; HiZ drive
v000002e5c7eef120_0 .net "LEDDDAT4", 0 0, o000002e5c7ea8668;  0 drivers
o000002e5c7ea8698 .functor BUFZ 1, c4<z>; HiZ drive
v000002e5c7ef0340_0 .net "LEDDDAT5", 0 0, o000002e5c7ea8698;  0 drivers
o000002e5c7ea86c8 .functor BUFZ 1, c4<z>; HiZ drive
v000002e5c7eef1c0_0 .net "LEDDDAT6", 0 0, o000002e5c7ea86c8;  0 drivers
o000002e5c7ea86f8 .functor BUFZ 1, c4<z>; HiZ drive
v000002e5c7eef9e0_0 .net "LEDDDAT7", 0 0, o000002e5c7ea86f8;  0 drivers
o000002e5c7ea8728 .functor BUFZ 1, c4<z>; HiZ drive
v000002e5c7ef0fc0_0 .net "LEDDDEN", 0 0, o000002e5c7ea8728;  0 drivers
o000002e5c7ea8758 .functor BUFZ 1, c4<z>; HiZ drive
v000002e5c7eefe40_0 .net "LEDDEXE", 0 0, o000002e5c7ea8758;  0 drivers
o000002e5c7ea8788 .functor BUFZ 1, c4<z>; HiZ drive
v000002e5c7ef0200_0 .net "LEDDON", 0 0, o000002e5c7ea8788;  0 drivers
o000002e5c7ea87b8 .functor BUFZ 1, c4<z>; HiZ drive
v000002e5c7ef1100_0 .net "LEDDRST", 0 0, o000002e5c7ea87b8;  0 drivers
o000002e5c7ea87e8 .functor BUFZ 1, c4<z>; HiZ drive
v000002e5c7eeff80_0 .net "PWMOUT0", 0 0, o000002e5c7ea87e8;  0 drivers
o000002e5c7ea8818 .functor BUFZ 1, c4<z>; HiZ drive
v000002e5c7eef440_0 .net "PWMOUT1", 0 0, o000002e5c7ea8818;  0 drivers
o000002e5c7ea8848 .functor BUFZ 1, c4<z>; HiZ drive
v000002e5c7eeed60_0 .net "PWMOUT2", 0 0, o000002e5c7ea8848;  0 drivers
S_000002e5c7e82170 .scope module, "SB_LED_DRV_CUR" "SB_LED_DRV_CUR" 3 2709;
 .timescale -12 -12;
    .port_info 0 /INPUT 1 "EN";
    .port_info 1 /OUTPUT 1 "LEDPU";
o000002e5c7ea8c68 .functor BUFZ 1, c4<z>; HiZ drive
v000002e5c7ef0a20_0 .net "EN", 0 0, o000002e5c7ea8c68;  0 drivers
o000002e5c7ea8c98 .functor BUFZ 1, c4<z>; HiZ drive
v000002e5c7eef260_0 .net "LEDPU", 0 0, o000002e5c7ea8c98;  0 drivers
S_000002e5c7e83430 .scope module, "SB_LFOSC" "SB_LFOSC" 3 2684;
 .timescale -12 -12;
    .port_info 0 /INPUT 1 "CLKLFPU";
    .port_info 1 /INPUT 1 "CLKLFEN";
    .port_info 2 /OUTPUT 1 "CLKLF";
o000002e5c7ea8d28 .functor BUFZ 1, c4<z>; HiZ drive
v000002e5c7eef3a0_0 .net "CLKLF", 0 0, o000002e5c7ea8d28;  0 drivers
o000002e5c7ea8d58 .functor BUFZ 1, c4<z>; HiZ drive
v000002e5c7eefd00_0 .net "CLKLFEN", 0 0, o000002e5c7ea8d58;  0 drivers
o000002e5c7ea8d88 .functor BUFZ 1, c4<z>; HiZ drive
v000002e5c7eef8a0_0 .net "CLKLFPU", 0 0, o000002e5c7ea8d88;  0 drivers
S_000002e5c7e835c0 .scope module, "SB_LUT4" "SB_LUT4" 3 177;
 .timescale -12 -12;
    .port_info 0 /OUTPUT 1 "O";
    .port_info 1 /INPUT 1 "I0";
    .port_info 2 /INPUT 1 "I1";
    .port_info 3 /INPUT 1 "I2";
    .port_info 4 /INPUT 1 "I3";
P_000002e5c7e74190 .param/l "LUT_INIT" 0 3 184, C4<0000000000000000>;
o000002e5c7ea8e48 .functor BUFZ 1, c4<z>; HiZ drive
v000002e5c7ef00c0_0 .net "I0", 0 0, o000002e5c7ea8e48;  0 drivers
o000002e5c7ea8e78 .functor BUFZ 1, c4<z>; HiZ drive
v000002e5c7ef0e80_0 .net "I1", 0 0, o000002e5c7ea8e78;  0 drivers
o000002e5c7ea8ea8 .functor BUFZ 1, c4<z>; HiZ drive
v000002e5c7eefbc0_0 .net "I2", 0 0, o000002e5c7ea8ea8;  0 drivers
o000002e5c7ea8ed8 .functor BUFZ 1, c4<z>; HiZ drive
v000002e5c7eef300_0 .net "I3", 0 0, o000002e5c7ea8ed8;  0 drivers
v000002e5c7eefee0_0 .net "O", 0 0, L_000002e5c7f78bd0;  1 drivers
L_000002e5c7f14740 .functor BUFT 1, C4<00000000>, C4<0>, C4<0>, C4<0>;
v000002e5c7ef05c0_0 .net/2u *"_ivl_0", 7 0, L_000002e5c7f14740;  1 drivers
v000002e5c7ef03e0_0 .net *"_ivl_13", 1 0, L_000002e5c7f789f0;  1 drivers
v000002e5c7ef0700_0 .net *"_ivl_15", 1 0, L_000002e5c7f77190;  1 drivers
v000002e5c7eefda0_0 .net *"_ivl_19", 0 0, L_000002e5c7f77f50;  1 drivers
L_000002e5c7f14788 .functor BUFT 1, C4<00000000>, C4<0>, C4<0>, C4<0>;
v000002e5c7ef0020_0 .net/2u *"_ivl_2", 7 0, L_000002e5c7f14788;  1 drivers
v000002e5c7ef08e0_0 .net *"_ivl_21", 0 0, L_000002e5c7f774b0;  1 drivers
v000002e5c7eefc60_0 .net *"_ivl_7", 3 0, L_000002e5c7f77eb0;  1 drivers
v000002e5c7ef0660_0 .net *"_ivl_9", 3 0, L_000002e5c7f78770;  1 drivers
v000002e5c7ef12e0_0 .net "s1", 1 0, L_000002e5c7f779b0;  1 drivers
v000002e5c7eef940_0 .net "s2", 3 0, L_000002e5c7f78090;  1 drivers
v000002e5c7ef0160_0 .net "s3", 7 0, L_000002e5c7f79030;  1 drivers
L_000002e5c7f79030 .functor MUXZ 8, L_000002e5c7f14788, L_000002e5c7f14740, o000002e5c7ea8ed8, C4<>;
L_000002e5c7f77eb0 .part L_000002e5c7f79030, 4, 4;
L_000002e5c7f78770 .part L_000002e5c7f79030, 0, 4;
L_000002e5c7f78090 .functor MUXZ 4, L_000002e5c7f78770, L_000002e5c7f77eb0, o000002e5c7ea8ea8, C4<>;
L_000002e5c7f789f0 .part L_000002e5c7f78090, 2, 2;
L_000002e5c7f77190 .part L_000002e5c7f78090, 0, 2;
L_000002e5c7f779b0 .functor MUXZ 2, L_000002e5c7f77190, L_000002e5c7f789f0, o000002e5c7ea8e78, C4<>;
L_000002e5c7f77f50 .part L_000002e5c7f779b0, 1, 1;
L_000002e5c7f774b0 .part L_000002e5c7f779b0, 0, 1;
L_000002e5c7f78bd0 .functor MUXZ 1, L_000002e5c7f774b0, L_000002e5c7f77f50, o000002e5c7ea8e48, C4<>;
S_000002e5c7e81cc0 .scope module, "SB_MAC16" "SB_MAC16" 3 2996;
 .timescale -12 -12;
    .port_info 0 /INPUT 1 "CLK";
    .port_info 1 /INPUT 1 "CE";
    .port_info 2 /INPUT 16 "C";
    .port_info 3 /INPUT 16 "A";
    .port_info 4 /INPUT 16 "B";
    .port_info 5 /INPUT 16 "D";
    .port_info 6 /INPUT 1 "AHOLD";
    .port_info 7 /INPUT 1 "BHOLD";
    .port_info 8 /INPUT 1 "CHOLD";
    .port_info 9 /INPUT 1 "DHOLD";
    .port_info 10 /INPUT 1 "IRSTTOP";
    .port_info 11 /INPUT 1 "IRSTBOT";
    .port_info 12 /INPUT 1 "ORSTTOP";
    .port_info 13 /INPUT 1 "ORSTBOT";
    .port_info 14 /INPUT 1 "OLOADTOP";
    .port_info 15 /INPUT 1 "OLOADBOT";
    .port_info 16 /INPUT 1 "ADDSUBTOP";
    .port_info 17 /INPUT 1 "ADDSUBBOT";
    .port_info 18 /INPUT 1 "OHOLDTOP";
    .port_info 19 /INPUT 1 "OHOLDBOT";
    .port_info 20 /INPUT 1 "CI";
    .port_info 21 /INPUT 1 "ACCUMCI";
    .port_info 22 /INPUT 1 "SIGNEXTIN";
    .port_info 23 /OUTPUT 32 "O";
    .port_info 24 /OUTPUT 1 "CO";
    .port_info 25 /OUTPUT 1 "ACCUMCO";
    .port_info 26 /OUTPUT 1 "SIGNEXTOUT";
P_000002e5c7c0a850 .param/l "A_REG" 0 3 3011, C4<0>;
P_000002e5c7c0a888 .param/l "A_SIGNED" 0 3 3027, C4<0>;
P_000002e5c7c0a8c0 .param/l "BOTADDSUB_CARRYSELECT" 0 3 3025, C4<00>;
P_000002e5c7c0a8f8 .param/l "BOTADDSUB_LOWERINPUT" 0 3 3023, C4<00>;
P_000002e5c7c0a930 .param/l "BOTADDSUB_UPPERINPUT" 0 3 3024, C4<0>;
P_000002e5c7c0a968 .param/l "BOTOUTPUT_SELECT" 0 3 3022, C4<00>;
P_000002e5c7c0a9a0 .param/l "BOT_8x8_MULT_REG" 0 3 3015, C4<0>;
P_000002e5c7c0a9d8 .param/l "B_REG" 0 3 3012, C4<0>;
P_000002e5c7c0aa10 .param/l "B_SIGNED" 0 3 3028, C4<0>;
P_000002e5c7c0aa48 .param/l "C_REG" 0 3 3010, C4<0>;
P_000002e5c7c0aa80 .param/l "D_REG" 0 3 3013, C4<0>;
P_000002e5c7c0aab8 .param/l "MODE_8x8" 0 3 3026, C4<0>;
P_000002e5c7c0aaf0 .param/l "NEG_TRIGGER" 0 3 3009, C4<0>;
P_000002e5c7c0ab28 .param/l "PIPELINE_16x16_MULT_REG1" 0 3 3016, C4<0>;
P_000002e5c7c0ab60 .param/l "PIPELINE_16x16_MULT_REG2" 0 3 3017, C4<0>;
P_000002e5c7c0ab98 .param/l "TOPADDSUB_CARRYSELECT" 0 3 3021, C4<00>;
P_000002e5c7c0abd0 .param/l "TOPADDSUB_LOWERINPUT" 0 3 3019, C4<00>;
P_000002e5c7c0ac08 .param/l "TOPADDSUB_UPPERINPUT" 0 3 3020, C4<0>;
P_000002e5c7c0ac40 .param/l "TOPOUTPUT_SELECT" 0 3 3018, C4<00>;
P_000002e5c7c0ac78 .param/l "TOP_8x8_MULT_REG" 0 3 3014, C4<0>;
o000002e5c7ea9538 .functor BUFZ 1, c4<z>; HiZ drive
L_000002e5c7f147d0 .functor BUFT 1, C4<0>, C4<0>, C4<0>, C4<0>;
L_000002e5c7e5d540 .functor XOR 1, o000002e5c7ea9538, L_000002e5c7f147d0, C4<0>, C4<0>;
o000002e5c7ea9478 .functor BUFZ 16, c4<zzzzzzzzzzzzzzzz>; HiZ drive
L_000002e5c7e5d5b0 .functor BUFZ 16, o000002e5c7ea9478, C4<0000000000000000>, C4<0000000000000000>, C4<0000000000000000>;
o000002e5c7ea9238 .functor BUFZ 16, c4<zzzzzzzzzzzzzzzz>; HiZ drive
L_000002e5c7e5c900 .functor BUFZ 16, o000002e5c7ea9238, C4<0000000000000000>, C4<0000000000000000>, C4<0000000000000000>;
o000002e5c7ea93b8 .functor BUFZ 16, c4<zzzzzzzzzzzzzzzz>; HiZ drive
L_000002e5c7e5cb30 .functor BUFZ 16, o000002e5c7ea93b8, C4<0000000000000000>, C4<0000000000000000>, C4<0000000000000000>;
o000002e5c7ea9598 .functor BUFZ 16, c4<zzzzzzzzzzzzzzzz>; HiZ drive
L_000002e5c7e5bcc0 .functor BUFZ 16, o000002e5c7ea9598, C4<0000000000000000>, C4<0000000000000000>, C4<0000000000000000>;
L_000002e5c7e5cc10 .functor BUFZ 16, L_000002e5c7f790d0, C4<0000000000000000>, C4<0000000000000000>, C4<0000000000000000>;
L_000002e5c7e5cc80 .functor BUFZ 16, L_000002e5c7f775f0, C4<0000000000000000>, C4<0000000000000000>, C4<0000000000000000>;
L_000002e5c7e5ccf0 .functor BUFZ 16, L_000002e5c7f792b0, C4<0000000000000000>, C4<0000000000000000>, C4<0000000000000000>;
L_000002e5c7e5cd60 .functor BUFZ 16, L_000002e5c7f79350, C4<0000000000000000>, C4<0000000000000000>, C4<0000000000000000>;
L_000002e5c7e5ce40 .functor BUFZ 32, L_000002e5c7f7b3d0, C4<00000000000000000000000000000000>, C4<00000000000000000000000000000000>, C4<00000000000000000000000000000000>;
L_000002e5c7e5d8c0 .functor BUFZ 16, v000002e5c7ef6a70_0, C4<0000000000000000>, C4<0000000000000000>, C4<0000000000000000>;
L_000002e5c7e5d930 .functor BUFZ 16, L_000002e5c7e5c900, C4<0000000000000000>, C4<0000000000000000>, C4<0000000000000000>;
L_000002e5c7e5daf0 .functor XOR 17, L_000002e5c7f7a1b0, L_000002e5c7f79f30, C4<00000000000000000>, C4<00000000000000000>;
o000002e5c7ea92f8 .functor BUFZ 1, c4<z>; HiZ drive
L_000002e5c7e5db60 .functor XOR 1, L_000002e5c7f7b470, o000002e5c7ea92f8, C4<0>, C4<0>;
L_000002e5c7e5d9a0 .functor XOR 16, L_000002e5c7f7bbf0, L_000002e5c7f79c10, C4<0000000000000000>, C4<0000000000000000>;
L_000002e5c7e5da10 .functor BUFZ 16, L_000002e5c7f7a250, C4<0000000000000000>, C4<0000000000000000>, C4<0000000000000000>;
L_000002e5c7e5da80 .functor BUFZ 16, v000002e5c7ef6c50_0, C4<0000000000000000>, C4<0000000000000000>, C4<0000000000000000>;
L_000002e5c7e065f0 .functor BUFZ 16, L_000002e5c7e5cb30, C4<0000000000000000>, C4<0000000000000000>, C4<0000000000000000>;
L_000002e5c7e07000 .functor XOR 17, L_000002e5c7f7ba10, L_000002e5c7f79d50, C4<00000000000000000>, C4<00000000000000000>;
L_000002e5c7e06660 .functor XOR 16, L_000002e5c7f7a7f0, L_000002e5c7f7ad90, C4<0000000000000000>, C4<0000000000000000>;
L_000002e5c7e05b00 .functor BUFZ 16, L_000002e5c7f79fd0, C4<0000000000000000>, C4<0000000000000000>, C4<0000000000000000>;
v000002e5c7ef1380_0 .net "A", 15 0, o000002e5c7ea9238;  0 drivers
o000002e5c7ea9268 .functor BUFZ 1, c4<z>; HiZ drive
v000002e5c7eef4e0_0 .net "ACCUMCI", 0 0, o000002e5c7ea9268;  0 drivers
v000002e5c7ef0c00_0 .net "ACCUMCO", 0 0, L_000002e5c7f7b470;  1 drivers
o000002e5c7ea92c8 .functor BUFZ 1, c4<z>; HiZ drive
v000002e5c7eef6c0_0 .net "ADDSUBBOT", 0 0, o000002e5c7ea92c8;  0 drivers
v000002e5c7ef1060_0 .net "ADDSUBTOP", 0 0, o000002e5c7ea92f8;  0 drivers
o000002e5c7ea9328 .functor BUFZ 1, c4<z>; HiZ drive
v000002e5c7ef0520_0 .net "AHOLD", 0 0, o000002e5c7ea9328;  0 drivers
v000002e5c7ef11a0_0 .net "Ah", 15 0, L_000002e5c7f78130;  1 drivers
v000002e5c7ef0d40_0 .net "Al", 15 0, L_000002e5c7f78a90;  1 drivers
v000002e5c7eeee00_0 .net "B", 15 0, o000002e5c7ea93b8;  0 drivers
o000002e5c7ea93e8 .functor BUFZ 1, c4<z>; HiZ drive
v000002e5c7ef0840_0 .net "BHOLD", 0 0, o000002e5c7ea93e8;  0 drivers
v000002e5c7eefa80_0 .net "Bh", 15 0, L_000002e5c7f78270;  1 drivers
v000002e5c7eeeea0_0 .net "Bl", 15 0, L_000002e5c7f77550;  1 drivers
v000002e5c7eefb20_0 .net "C", 15 0, o000002e5c7ea9478;  0 drivers
o000002e5c7ea94a8 .functor BUFZ 1, c4<z>; HiZ drive
v000002e5c7ef0de0_0 .net "CE", 0 0, o000002e5c7ea94a8;  0 drivers
o000002e5c7ea94d8 .functor BUFZ 1, c4<z>; HiZ drive
v000002e5c7ef1240_0 .net "CHOLD", 0 0, o000002e5c7ea94d8;  0 drivers
o000002e5c7ea9508 .functor BUFZ 1, c4<z>; HiZ drive
v000002e5c7ef2140_0 .net "CI", 0 0, o000002e5c7ea9508;  0 drivers
v000002e5c7ef1ba0_0 .net "CLK", 0 0, o000002e5c7ea9538;  0 drivers
v000002e5c7ef21e0_0 .net "CO", 0 0, L_000002e5c7e5db60;  1 drivers
v000002e5c7ef26e0_0 .net "D", 15 0, o000002e5c7ea9598;  0 drivers
o000002e5c7ea95c8 .functor BUFZ 1, c4<z>; HiZ drive
v000002e5c7ef1b00_0 .net "DHOLD", 0 0, o000002e5c7ea95c8;  0 drivers
L_000002e5c7f14d28 .functor BUFT 1, C4<0>, C4<0>, C4<0>, C4<0>;
v000002e5c7ef16a0_0 .net "HCI", 0 0, L_000002e5c7f14d28;  1 drivers
o000002e5c7ea9628 .functor BUFZ 1, c4<z>; HiZ drive
v000002e5c7ef2280_0 .net "IRSTBOT", 0 0, o000002e5c7ea9628;  0 drivers
o000002e5c7ea9658 .functor BUFZ 1, c4<z>; HiZ drive
v000002e5c7ef1600_0 .net "IRSTTOP", 0 0, o000002e5c7ea9658;  0 drivers
L_000002e5c7f14e48 .functor BUFT 1, C4<0>, C4<0>, C4<0>, C4<0>;
v000002e5c7ef1c40_0 .net "LCI", 0 0, L_000002e5c7f14e48;  1 drivers
v000002e5c7ef28c0_0 .net "LCO", 0 0, L_000002e5c7f7c050;  1 drivers
v000002e5c7ef1ec0_0 .net "O", 31 0, L_000002e5c7f7a070;  1 drivers
o000002e5c7ea9718 .functor BUFZ 1, c4<z>; HiZ drive
v000002e5c7ef1560_0 .net "OHOLDBOT", 0 0, o000002e5c7ea9718;  0 drivers
o000002e5c7ea9748 .functor BUFZ 1, c4<z>; HiZ drive
v000002e5c7ef2960_0 .net "OHOLDTOP", 0 0, o000002e5c7ea9748;  0 drivers
o000002e5c7ea9778 .functor BUFZ 1, c4<z>; HiZ drive
v000002e5c7ef1f60_0 .net "OLOADBOT", 0 0, o000002e5c7ea9778;  0 drivers
o000002e5c7ea97a8 .functor BUFZ 1, c4<z>; HiZ drive
v000002e5c7ef1920_0 .net "OLOADTOP", 0 0, o000002e5c7ea97a8;  0 drivers
o000002e5c7ea97d8 .functor BUFZ 1, c4<z>; HiZ drive
v000002e5c7ef14c0_0 .net "ORSTBOT", 0 0, o000002e5c7ea97d8;  0 drivers
o000002e5c7ea9808 .functor BUFZ 1, c4<z>; HiZ drive
v000002e5c7ef23c0_0 .net "ORSTTOP", 0 0, o000002e5c7ea9808;  0 drivers
v000002e5c7ef2b40_0 .net "Oh", 15 0, L_000002e5c7e5da10;  1 drivers
v000002e5c7ef1740_0 .net "Ol", 15 0, L_000002e5c7e05b00;  1 drivers
o000002e5c7ea9898 .functor BUFZ 1, c4<z>; HiZ drive
v000002e5c7ef1a60_0 .net "SIGNEXTIN", 0 0, o000002e5c7ea9898;  0 drivers
v000002e5c7ef17e0_0 .net "SIGNEXTOUT", 0 0, L_000002e5c7f79e90;  1 drivers
v000002e5c7ef2640_0 .net "XW", 15 0, L_000002e5c7f7bbf0;  1 drivers
v000002e5c7ef2820_0 .net "YZ", 15 0, L_000002e5c7f7a7f0;  1 drivers
v000002e5c7ef2460_0 .net/2u *"_ivl_0", 0 0, L_000002e5c7f147d0;  1 drivers
v000002e5c7ef2a00_0 .net *"_ivl_100", 31 0, L_000002e5c7f7b330;  1 drivers
L_000002e5c7f14bc0 .functor BUFT 1, C4<0000000000000000>, C4<0>, C4<0>, C4<0>;
v000002e5c7ef19c0_0 .net *"_ivl_103", 15 0, L_000002e5c7f14bc0;  1 drivers
v000002e5c7ef1880_0 .net *"_ivl_104", 31 0, L_000002e5c7f7be70;  1 drivers
v000002e5c7ef20a0_0 .net *"_ivl_106", 15 0, L_000002e5c7f7af70;  1 drivers
L_000002e5c7f14c08 .functor BUFT 1, C4<0000000000000000>, C4<0>, C4<0>, C4<0>;
v000002e5c7ef2780_0 .net *"_ivl_108", 15 0, L_000002e5c7f14c08;  1 drivers
L_000002e5c7f14818 .functor BUFT 1, C4<00000000>, C4<0>, C4<0>, C4<0>;
v000002e5c7ef2320_0 .net/2u *"_ivl_12", 7 0, L_000002e5c7f14818;  1 drivers
v000002e5c7ef2000_0 .net *"_ivl_121", 16 0, L_000002e5c7f7aa70;  1 drivers
L_000002e5c7f14c50 .functor BUFT 1, C4<0>, C4<0>, C4<0>, C4<0>;
v000002e5c7ef1ce0_0 .net *"_ivl_124", 0 0, L_000002e5c7f14c50;  1 drivers
v000002e5c7ef2aa0_0 .net *"_ivl_125", 16 0, L_000002e5c7f7a1b0;  1 drivers
L_000002e5c7f14c98 .functor BUFT 1, C4<0>, C4<0>, C4<0>, C4<0>;
v000002e5c7ef2500_0 .net *"_ivl_128", 0 0, L_000002e5c7f14c98;  1 drivers
v000002e5c7ef1d80_0 .net *"_ivl_130", 15 0, L_000002e5c7f7b510;  1 drivers
v000002e5c7ef1e20_0 .net *"_ivl_131", 16 0, L_000002e5c7f79f30;  1 drivers
L_000002e5c7f14ce0 .functor BUFT 1, C4<0>, C4<0>, C4<0>, C4<0>;
v000002e5c7ef25a0_0 .net *"_ivl_134", 0 0, L_000002e5c7f14ce0;  1 drivers
v000002e5c7efc3d0_0 .net *"_ivl_135", 16 0, L_000002e5c7e5daf0;  1 drivers
v000002e5c7efb2f0_0 .net *"_ivl_137", 16 0, L_000002e5c7f7b5b0;  1 drivers
L_000002e5c7f15088 .functor BUFT 1, C4<00000000000000000>, C4<0>, C4<0>, C4<0>;
v000002e5c7efc1f0_0 .net *"_ivl_139", 16 0, L_000002e5c7f15088;  1 drivers
v000002e5c7efb070_0 .net *"_ivl_143", 16 0, L_000002e5c7f798f0;  1 drivers
v000002e5c7efbb10_0 .net *"_ivl_148", 15 0, L_000002e5c7f79c10;  1 drivers
v000002e5c7efadf0_0 .net *"_ivl_149", 15 0, L_000002e5c7e5d9a0;  1 drivers
v000002e5c7efb890_0 .net *"_ivl_15", 7 0, L_000002e5c7f772d0;  1 drivers
v000002e5c7efc510_0 .net *"_ivl_168", 16 0, L_000002e5c7f79cb0;  1 drivers
L_000002e5c7f14d70 .functor BUFT 1, C4<0>, C4<0>, C4<0>, C4<0>;
v000002e5c7efaad0_0 .net *"_ivl_171", 0 0, L_000002e5c7f14d70;  1 drivers
v000002e5c7efb390_0 .net *"_ivl_172", 16 0, L_000002e5c7f7ba10;  1 drivers
L_000002e5c7f14db8 .functor BUFT 1, C4<0>, C4<0>, C4<0>, C4<0>;
v000002e5c7efb250_0 .net *"_ivl_175", 0 0, L_000002e5c7f14db8;  1 drivers
v000002e5c7efc470_0 .net *"_ivl_177", 15 0, L_000002e5c7f7b650;  1 drivers
v000002e5c7efa530_0 .net *"_ivl_178", 16 0, L_000002e5c7f79d50;  1 drivers
L_000002e5c7f14860 .functor BUFT 1, C4<00000000>, C4<0>, C4<0>, C4<0>;
v000002e5c7efb430_0 .net/2u *"_ivl_18", 7 0, L_000002e5c7f14860;  1 drivers
L_000002e5c7f14e00 .functor BUFT 1, C4<0>, C4<0>, C4<0>, C4<0>;
v000002e5c7efb750_0 .net *"_ivl_181", 0 0, L_000002e5c7f14e00;  1 drivers
v000002e5c7efbed0_0 .net *"_ivl_182", 16 0, L_000002e5c7e07000;  1 drivers
v000002e5c7efa8f0_0 .net *"_ivl_184", 16 0, L_000002e5c7f7b290;  1 drivers
L_000002e5c7f150d0 .functor BUFT 1, C4<00000000000000000>, C4<0>, C4<0>, C4<0>;
v000002e5c7efa5d0_0 .net *"_ivl_186", 16 0, L_000002e5c7f150d0;  1 drivers
v000002e5c7efbcf0_0 .net *"_ivl_190", 16 0, L_000002e5c7f7abb0;  1 drivers
v000002e5c7efa710_0 .net *"_ivl_193", 15 0, L_000002e5c7f7ad90;  1 drivers
v000002e5c7efb570_0 .net *"_ivl_194", 15 0, L_000002e5c7e06660;  1 drivers
v000002e5c7efb110_0 .net *"_ivl_21", 7 0, L_000002e5c7f781d0;  1 drivers
L_000002e5c7f148a8 .functor BUFT 1, C4<00000000>, C4<0>, C4<0>, C4<0>;
v000002e5c7efb1b0_0 .net/2u *"_ivl_24", 7 0, L_000002e5c7f148a8;  1 drivers
v000002e5c7efc0b0_0 .net *"_ivl_27", 7 0, L_000002e5c7f78c70;  1 drivers
L_000002e5c7f148f0 .functor BUFT 1, C4<00000000>, C4<0>, C4<0>, C4<0>;
v000002e5c7efc5b0_0 .net/2u *"_ivl_30", 7 0, L_000002e5c7f148f0;  1 drivers
v000002e5c7efb6b0_0 .net *"_ivl_33", 7 0, L_000002e5c7f78e50;  1 drivers
L_000002e5c7f14938 .functor BUFT 1, C4<00000000>, C4<0>, C4<0>, C4<0>;
v000002e5c7efb4d0_0 .net/2u *"_ivl_38", 7 0, L_000002e5c7f14938;  1 drivers
v000002e5c7efb7f0_0 .net *"_ivl_41", 7 0, L_000002e5c7f79170;  1 drivers
v000002e5c7efa210_0 .net *"_ivl_42", 15 0, L_000002e5c7f79530;  1 drivers
L_000002e5c7f14980 .functor BUFT 1, C4<00000000>, C4<0>, C4<0>, C4<0>;
v000002e5c7efba70_0 .net/2u *"_ivl_46", 7 0, L_000002e5c7f14980;  1 drivers
v000002e5c7efbc50_0 .net *"_ivl_49", 7 0, L_000002e5c7f77690;  1 drivers
v000002e5c7efa0d0_0 .net *"_ivl_50", 15 0, L_000002e5c7f79210;  1 drivers
L_000002e5c7f149c8 .functor BUFT 1, C4<00000000>, C4<0>, C4<0>, C4<0>;
v000002e5c7efae90_0 .net/2u *"_ivl_64", 7 0, L_000002e5c7f149c8;  1 drivers
L_000002e5c7f14a10 .functor BUFT 1, C4<00000000>, C4<0>, C4<0>, C4<0>;
v000002e5c7efa990_0 .net/2u *"_ivl_68", 7 0, L_000002e5c7f14a10;  1 drivers
v000002e5c7efbf70_0 .net *"_ivl_72", 31 0, L_000002e5c7f7ab10;  1 drivers
L_000002e5c7f14a58 .functor BUFT 1, C4<0000000000000000>, C4<0>, C4<0>, C4<0>;
v000002e5c7efb610_0 .net *"_ivl_75", 15 0, L_000002e5c7f14a58;  1 drivers
v000002e5c7efc650_0 .net *"_ivl_76", 31 0, L_000002e5c7f7bf10;  1 drivers
L_000002e5c7f14aa0 .functor BUFT 1, C4<00000000>, C4<0>, C4<0>, C4<0>;
v000002e5c7efc150_0 .net *"_ivl_79", 7 0, L_000002e5c7f14aa0;  1 drivers
v000002e5c7efa350_0 .net *"_ivl_80", 31 0, L_000002e5c7f7bdd0;  1 drivers
v000002e5c7efc290_0 .net *"_ivl_82", 23 0, L_000002e5c7f7bc90;  1 drivers
L_000002e5c7f14ae8 .functor BUFT 1, C4<00000000>, C4<0>, C4<0>, C4<0>;
v000002e5c7efb930_0 .net *"_ivl_84", 7 0, L_000002e5c7f14ae8;  1 drivers
v000002e5c7ef9ef0_0 .net *"_ivl_86", 31 0, L_000002e5c7f79ad0;  1 drivers
v000002e5c7efc330_0 .net *"_ivl_88", 31 0, L_000002e5c7f7b150;  1 drivers
L_000002e5c7f14b30 .functor BUFT 1, C4<00000000>, C4<0>, C4<0>, C4<0>;
v000002e5c7efa170_0 .net *"_ivl_91", 7 0, L_000002e5c7f14b30;  1 drivers
v000002e5c7efa7b0_0 .net *"_ivl_92", 31 0, L_000002e5c7f79b70;  1 drivers
v000002e5c7ef9f90_0 .net *"_ivl_94", 23 0, L_000002e5c7f7a2f0;  1 drivers
L_000002e5c7f14b78 .functor BUFT 1, C4<00000000>, C4<0>, C4<0>, C4<0>;
v000002e5c7efaf30_0 .net *"_ivl_96", 7 0, L_000002e5c7f14b78;  1 drivers
v000002e5c7efb9d0_0 .net *"_ivl_98", 31 0, L_000002e5c7f7a110;  1 drivers
v000002e5c7efbd90_0 .net "clock", 0 0, L_000002e5c7e5d540;  1 drivers
v000002e5c7efab70_0 .net "iA", 15 0, L_000002e5c7e5c900;  1 drivers
v000002e5c7efbe30_0 .net "iB", 15 0, L_000002e5c7e5cb30;  1 drivers
v000002e5c7efbbb0_0 .net "iC", 15 0, L_000002e5c7e5d5b0;  1 drivers
v000002e5c7efa030_0 .net "iD", 15 0, L_000002e5c7e5bcc0;  1 drivers
v000002e5c7efafd0_0 .net "iF", 15 0, L_000002e5c7e5cc10;  1 drivers
v000002e5c7efc010_0 .net "iG", 15 0, L_000002e5c7e5cd60;  1 drivers
v000002e5c7efa2b0_0 .net "iH", 31 0, L_000002e5c7e5ce40;  1 drivers
v000002e5c7efa3f0_0 .net "iJ", 15 0, L_000002e5c7e5cc80;  1 drivers
v000002e5c7efa490_0 .net "iJ_e", 23 0, L_000002e5c7f79670;  1 drivers
v000002e5c7efa670_0 .net "iK", 15 0, L_000002e5c7e5ccf0;  1 drivers
v000002e5c7efa850_0 .net "iK_e", 23 0, L_000002e5c7f793f0;  1 drivers
v000002e5c7efaa30_0 .net "iL", 31 0, L_000002e5c7f7b3d0;  1 drivers
v000002e5c7efac10_0 .net "iP", 15 0, L_000002e5c7f7a250;  1 drivers
v000002e5c7efacb0_0 .net "iQ", 15 0, v000002e5c7ef6a70_0;  1 drivers
v000002e5c7efad50_0 .net "iR", 15 0, L_000002e5c7f79fd0;  1 drivers
v000002e5c7efc970_0 .net "iS", 15 0, v000002e5c7ef6c50_0;  1 drivers
v000002e5c7efcc90_0 .net "iW", 15 0, L_000002e5c7e5d8c0;  1 drivers
v000002e5c7efcab0_0 .net "iX", 15 0, L_000002e5c7e5d930;  1 drivers
v000002e5c7efcb50_0 .net "iY", 15 0, L_000002e5c7e5da80;  1 drivers
v000002e5c7efcd30_0 .net "iZ", 15 0, L_000002e5c7e065f0;  1 drivers
v000002e5c7efc8d0_0 .net "p_Ah_Bh", 15 0, L_000002e5c7f790d0;  1 drivers
v000002e5c7efc830_0 .net "p_Ah_Bl", 15 0, L_000002e5c7f792b0;  1 drivers
v000002e5c7efcdd0_0 .net "p_Al_Bh", 15 0, L_000002e5c7f775f0;  1 drivers
v000002e5c7efca10_0 .net "p_Al_Bl", 15 0, L_000002e5c7f79350;  1 drivers
v000002e5c7efcbf0_0 .var "rA", 15 0;
v000002e5c7efc6f0_0 .var "rB", 15 0;
v000002e5c7efc790_0 .var "rC", 15 0;
v000002e5c7ef70b0_0 .var "rD", 15 0;
v000002e5c7ef73d0_0 .var "rF", 15 0;
v000002e5c7ef66b0_0 .var "rG", 15 0;
v000002e5c7ef6070_0 .var "rH", 31 0;
v000002e5c7ef6750_0 .var "rJ", 15 0;
v000002e5c7ef5210_0 .var "rK", 15 0;
v000002e5c7ef6a70_0 .var "rQ", 15 0;
v000002e5c7ef6c50_0 .var "rS", 15 0;
E_000002e5c7e74f90 .event posedge, v000002e5c7ef14c0_0, v000002e5c7efbd90_0;
E_000002e5c7e74e50 .event posedge, v000002e5c7ef23c0_0, v000002e5c7efbd90_0;
E_000002e5c7e74d90 .event posedge, v000002e5c7ef2280_0, v000002e5c7efbd90_0;
E_000002e5c7e75050 .event posedge, v000002e5c7ef1600_0, v000002e5c7efbd90_0;
L_000002e5c7f772d0 .part L_000002e5c7e5c900, 8, 8;
L_000002e5c7f78130 .concat [ 8 8 0 0], L_000002e5c7f772d0, L_000002e5c7f14818;
L_000002e5c7f781d0 .part L_000002e5c7e5c900, 0, 8;
L_000002e5c7f78a90 .concat [ 8 8 0 0], L_000002e5c7f781d0, L_000002e5c7f14860;
L_000002e5c7f78c70 .part L_000002e5c7e5cb30, 8, 8;
L_000002e5c7f78270 .concat [ 8 8 0 0], L_000002e5c7f78c70, L_000002e5c7f148a8;
L_000002e5c7f78e50 .part L_000002e5c7e5cb30, 0, 8;
L_000002e5c7f77550 .concat [ 8 8 0 0], L_000002e5c7f78e50, L_000002e5c7f148f0;
L_000002e5c7f790d0 .arith/mult 16, L_000002e5c7f78130, L_000002e5c7f78270;
L_000002e5c7f79170 .part L_000002e5c7f78a90, 0, 8;
L_000002e5c7f79530 .concat [ 8 8 0 0], L_000002e5c7f79170, L_000002e5c7f14938;
L_000002e5c7f775f0 .arith/mult 16, L_000002e5c7f79530, L_000002e5c7f78270;
L_000002e5c7f77690 .part L_000002e5c7f77550, 0, 8;
L_000002e5c7f79210 .concat [ 8 8 0 0], L_000002e5c7f77690, L_000002e5c7f14980;
L_000002e5c7f792b0 .arith/mult 16, L_000002e5c7f78130, L_000002e5c7f79210;
L_000002e5c7f79350 .arith/mult 16, L_000002e5c7f78a90, L_000002e5c7f77550;
L_000002e5c7f793f0 .concat [ 16 8 0 0], L_000002e5c7e5ccf0, L_000002e5c7f149c8;
L_000002e5c7f79670 .concat [ 16 8 0 0], L_000002e5c7e5cc80, L_000002e5c7f14a10;
L_000002e5c7f7ab10 .concat [ 16 16 0 0], L_000002e5c7e5cd60, L_000002e5c7f14a58;
L_000002e5c7f7bf10 .concat [ 24 8 0 0], L_000002e5c7f793f0, L_000002e5c7f14aa0;
L_000002e5c7f7bc90 .part L_000002e5c7f7bf10, 0, 24;
L_000002e5c7f7bdd0 .concat [ 8 24 0 0], L_000002e5c7f14ae8, L_000002e5c7f7bc90;
L_000002e5c7f79ad0 .arith/sum 32, L_000002e5c7f7ab10, L_000002e5c7f7bdd0;
L_000002e5c7f7b150 .concat [ 24 8 0 0], L_000002e5c7f79670, L_000002e5c7f14b30;
L_000002e5c7f7a2f0 .part L_000002e5c7f7b150, 0, 24;
L_000002e5c7f79b70 .concat [ 8 24 0 0], L_000002e5c7f14b78, L_000002e5c7f7a2f0;
L_000002e5c7f7a110 .arith/sum 32, L_000002e5c7f79ad0, L_000002e5c7f79b70;
L_000002e5c7f7b330 .concat [ 16 16 0 0], L_000002e5c7e5cc10, L_000002e5c7f14bc0;
L_000002e5c7f7af70 .part L_000002e5c7f7b330, 0, 16;
L_000002e5c7f7be70 .concat [ 16 16 0 0], L_000002e5c7f14c08, L_000002e5c7f7af70;
L_000002e5c7f7b3d0 .arith/sum 32, L_000002e5c7f7a110, L_000002e5c7f7be70;
L_000002e5c7f7b470 .part L_000002e5c7f798f0, 16, 1;
L_000002e5c7f7bbf0 .part L_000002e5c7f798f0, 0, 16;
L_000002e5c7f7aa70 .concat [ 16 1 0 0], L_000002e5c7e5d930, L_000002e5c7f14c50;
L_000002e5c7f7a1b0 .concat [ 16 1 0 0], L_000002e5c7e5d8c0, L_000002e5c7f14c98;
L_000002e5c7f7b510 .repeat 16, 16, o000002e5c7ea92f8;
L_000002e5c7f79f30 .concat [ 16 1 0 0], L_000002e5c7f7b510, L_000002e5c7f14ce0;
L_000002e5c7f7b5b0 .arith/sum 17, L_000002e5c7f7aa70, L_000002e5c7e5daf0;
L_000002e5c7f798f0 .arith/sum 17, L_000002e5c7f7b5b0, L_000002e5c7f15088;
L_000002e5c7f79c10 .repeat 16, 16, o000002e5c7ea92f8;
L_000002e5c7f7a250 .functor MUXZ 16, L_000002e5c7e5d9a0, L_000002e5c7e5d5b0, o000002e5c7ea97a8, C4<>;
L_000002e5c7f79e90 .part L_000002e5c7e5d930, 15, 1;
L_000002e5c7f7c050 .part L_000002e5c7f7abb0, 16, 1;
L_000002e5c7f7a7f0 .part L_000002e5c7f7abb0, 0, 16;
L_000002e5c7f79cb0 .concat [ 16 1 0 0], L_000002e5c7e065f0, L_000002e5c7f14d70;
L_000002e5c7f7ba10 .concat [ 16 1 0 0], L_000002e5c7e5da80, L_000002e5c7f14db8;
L_000002e5c7f7b650 .repeat 16, 16, o000002e5c7ea92c8;
L_000002e5c7f79d50 .concat [ 16 1 0 0], L_000002e5c7f7b650, L_000002e5c7f14e00;
L_000002e5c7f7b290 .arith/sum 17, L_000002e5c7f79cb0, L_000002e5c7e07000;
L_000002e5c7f7abb0 .arith/sum 17, L_000002e5c7f7b290, L_000002e5c7f150d0;
L_000002e5c7f7ad90 .repeat 16, 16, o000002e5c7ea92c8;
L_000002e5c7f79fd0 .functor MUXZ 16, L_000002e5c7e06660, L_000002e5c7e5bcc0, o000002e5c7ea9778, C4<>;
L_000002e5c7f7a070 .concat [ 16 16 0 0], L_000002e5c7e05b00, L_000002e5c7e5da10;
S_000002e5c7e83750 .scope module, "SB_PLL40_2F_CORE" "SB_PLL40_2F_CORE" 3 2521;
 .timescale -12 -12;
    .port_info 0 /INPUT 1 "REFERENCECLK";
    .port_info 1 /OUTPUT 1 "PLLOUTCOREA";
    .port_info 2 /OUTPUT 1 "PLLOUTGLOBALA";
    .port_info 3 /OUTPUT 1 "PLLOUTCOREB";
    .port_info 4 /OUTPUT 1 "PLLOUTGLOBALB";
    .port_info 5 /INPUT 1 "EXTFEEDBACK";
    .port_info 6 /INPUT 8 "DYNAMICDELAY";
    .port_info 7 /OUTPUT 1 "LOCK";
    .port_info 8 /INPUT 1 "BYPASS";
    .port_info 9 /INPUT 1 "RESETB";
    .port_info 10 /INPUT 1 "LATCHINPUTVALUE";
    .port_info 11 /OUTPUT 1 "SDO";
    .port_info 12 /INPUT 1 "SDI";
    .port_info 13 /INPUT 1 "SCLK";
P_000002e5c7c0b830 .param/str "DELAY_ADJUSTMENT_MODE_FEEDBACK" 0 3 2538, "FIXED";
P_000002e5c7c0b868 .param/str "DELAY_ADJUSTMENT_MODE_RELATIVE" 0 3 2539, "FIXED";
P_000002e5c7c0b8a0 .param/l "DIVF" 0 3 2546, C4<0000000>;
P_000002e5c7c0b8d8 .param/l "DIVQ" 0 3 2547, C4<000>;
P_000002e5c7c0b910 .param/l "DIVR" 0 3 2545, C4<0000>;
P_000002e5c7c0b948 .param/l "ENABLE_ICEGATE_PORTA" 0 3 2549, C4<0>;
P_000002e5c7c0b980 .param/l "ENABLE_ICEGATE_PORTB" 0 3 2550, C4<0>;
P_000002e5c7c0b9b8 .param/l "EXTERNAL_DIVIDE_FACTOR" 0 3 2552, +C4<00000000000000000000000000000001>;
P_000002e5c7c0b9f0 .param/l "FDA_FEEDBACK" 0 3 2541, C4<0000>;
P_000002e5c7c0ba28 .param/l "FDA_RELATIVE" 0 3 2542, C4<0000>;
P_000002e5c7c0ba60 .param/str "FEEDBACK_PATH" 0 3 2537, "SIMPLE";
P_000002e5c7c0ba98 .param/l "FILTER_RANGE" 0 3 2548, C4<000>;
P_000002e5c7c0bad0 .param/str "PLLOUT_SELECT_PORTA" 0 3 2543, "GENCLK";
P_000002e5c7c0bb08 .param/str "PLLOUT_SELECT_PORTB" 0 3 2544, "GENCLK";
P_000002e5c7c0bb40 .param/l "SHIFTREG_DIV_MODE" 0 3 2540, C4<0>;
P_000002e5c7c0bb78 .param/l "TEST_MODE" 0 3 2551, C4<0>;
o000002e5c7eab0c8 .functor BUFZ 1, c4<z>; HiZ drive
v000002e5c7ef6cf0_0 .net "BYPASS", 0 0, o000002e5c7eab0c8;  0 drivers
o000002e5c7eab0f8 .functor BUFZ 8, c4<zzzzzzzz>; HiZ drive
v000002e5c7ef6e30_0 .net "DYNAMICDELAY", 7 0, o000002e5c7eab0f8;  0 drivers
o000002e5c7eab128 .functor BUFZ 1, c4<z>; HiZ drive
v000002e5c7ef67f0_0 .net "EXTFEEDBACK", 0 0, o000002e5c7eab128;  0 drivers
o000002e5c7eab158 .functor BUFZ 1, c4<z>; HiZ drive
v000002e5c7ef52b0_0 .net "LATCHINPUTVALUE", 0 0, o000002e5c7eab158;  0 drivers
o000002e5c7eab188 .functor BUFZ 1, c4<z>; HiZ drive
v000002e5c7ef5850_0 .net "LOCK", 0 0, o000002e5c7eab188;  0 drivers
o000002e5c7eab1b8 .functor BUFZ 1, c4<z>; HiZ drive
v000002e5c7ef7470_0 .net "PLLOUTCOREA", 0 0, o000002e5c7eab1b8;  0 drivers
o000002e5c7eab1e8 .functor BUFZ 1, c4<z>; HiZ drive
v000002e5c7ef5f30_0 .net "PLLOUTCOREB", 0 0, o000002e5c7eab1e8;  0 drivers
o000002e5c7eab218 .functor BUFZ 1, c4<z>; HiZ drive
v000002e5c7ef61b0_0 .net "PLLOUTGLOBALA", 0 0, o000002e5c7eab218;  0 drivers
o000002e5c7eab248 .functor BUFZ 1, c4<z>; HiZ drive
v000002e5c7ef4ef0_0 .net "PLLOUTGLOBALB", 0 0, o000002e5c7eab248;  0 drivers
o000002e5c7eab278 .functor BUFZ 1, c4<z>; HiZ drive
v000002e5c7ef5350_0 .net "REFERENCECLK", 0 0, o000002e5c7eab278;  0 drivers
o000002e5c7eab2a8 .functor BUFZ 1, c4<z>; HiZ drive
v000002e5c7ef5990_0 .net "RESETB", 0 0, o000002e5c7eab2a8;  0 drivers
o000002e5c7eab2d8 .functor BUFZ 1, c4<z>; HiZ drive
v000002e5c7ef6ed0_0 .net "SCLK", 0 0, o000002e5c7eab2d8;  0 drivers
o000002e5c7eab308 .functor BUFZ 1, c4<z>; HiZ drive
v000002e5c7ef58f0_0 .net "SDI", 0 0, o000002e5c7eab308;  0 drivers
o000002e5c7eab338 .functor BUFZ 1, c4<z>; HiZ drive
v000002e5c7ef5710_0 .net "SDO", 0 0, o000002e5c7eab338;  0 drivers
S_000002e5c7e83a70 .scope module, "SB_PLL40_2F_PAD" "SB_PLL40_2F_PAD" 3 2556;
 .timescale -12 -12;
    .port_info 0 /INPUT 1 "PACKAGEPIN";
    .port_info 1 /OUTPUT 1 "PLLOUTCOREA";
    .port_info 2 /OUTPUT 1 "PLLOUTGLOBALA";
    .port_info 3 /OUTPUT 1 "PLLOUTCOREB";
    .port_info 4 /OUTPUT 1 "PLLOUTGLOBALB";
    .port_info 5 /INPUT 1 "EXTFEEDBACK";
    .port_info 6 /INPUT 8 "DYNAMICDELAY";
    .port_info 7 /OUTPUT 1 "LOCK";
    .port_info 8 /INPUT 1 "BYPASS";
    .port_info 9 /INPUT 1 "RESETB";
    .port_info 10 /INPUT 1 "LATCHINPUTVALUE";
    .port_info 11 /OUTPUT 1 "SDO";
    .port_info 12 /INPUT 1 "SDI";
    .port_info 13 /INPUT 1 "SCLK";
P_000002e5c7c00fe0 .param/str "DELAY_ADJUSTMENT_MODE_FEEDBACK" 0 3 2573, "FIXED";
P_000002e5c7c01018 .param/str "DELAY_ADJUSTMENT_MODE_RELATIVE" 0 3 2574, "FIXED";
P_000002e5c7c01050 .param/l "DIVF" 0 3 2581, C4<0000000>;
P_000002e5c7c01088 .param/l "DIVQ" 0 3 2582, C4<000>;
P_000002e5c7c010c0 .param/l "DIVR" 0 3 2580, C4<0000>;
P_000002e5c7c010f8 .param/l "ENABLE_ICEGATE_PORTA" 0 3 2584, C4<0>;
P_000002e5c7c01130 .param/l "ENABLE_ICEGATE_PORTB" 0 3 2585, C4<0>;
P_000002e5c7c01168 .param/l "EXTERNAL_DIVIDE_FACTOR" 0 3 2587, +C4<00000000000000000000000000000001>;
P_000002e5c7c011a0 .param/l "FDA_FEEDBACK" 0 3 2576, C4<0000>;
P_000002e5c7c011d8 .param/l "FDA_RELATIVE" 0 3 2577, C4<0000>;
P_000002e5c7c01210 .param/str "FEEDBACK_PATH" 0 3 2572, "SIMPLE";
P_000002e5c7c01248 .param/l "FILTER_RANGE" 0 3 2583, C4<000>;
P_000002e5c7c01280 .param/str "PLLOUT_SELECT_PORTA" 0 3 2578, "GENCLK";
P_000002e5c7c012b8 .param/str "PLLOUT_SELECT_PORTB" 0 3 2579, "GENCLK";
P_000002e5c7c012f0 .param/l "SHIFTREG_DIV_MODE" 0 3 2575, C4<00>;
P_000002e5c7c01328 .param/l "TEST_MODE" 0 3 2586, C4<0>;
o000002e5c7eab608 .functor BUFZ 1, c4<z>; HiZ drive
v000002e5c7ef53f0_0 .net "BYPASS", 0 0, o000002e5c7eab608;  0 drivers
o000002e5c7eab638 .functor BUFZ 8, c4<zzzzzzzz>; HiZ drive
v000002e5c7ef5fd0_0 .net "DYNAMICDELAY", 7 0, o000002e5c7eab638;  0 drivers
o000002e5c7eab668 .functor BUFZ 1, c4<z>; HiZ drive
v000002e5c7ef7290_0 .net "EXTFEEDBACK", 0 0, o000002e5c7eab668;  0 drivers
o000002e5c7eab698 .functor BUFZ 1, c4<z>; HiZ drive
v000002e5c7ef6110_0 .net "LATCHINPUTVALUE", 0 0, o000002e5c7eab698;  0 drivers
o000002e5c7eab6c8 .functor BUFZ 1, c4<z>; HiZ drive
v000002e5c7ef6430_0 .net "LOCK", 0 0, o000002e5c7eab6c8;  0 drivers
o000002e5c7eab6f8 .functor BUFZ 1, c4<z>; HiZ drive
v000002e5c7ef7330_0 .net "PACKAGEPIN", 0 0, o000002e5c7eab6f8;  0 drivers
o000002e5c7eab728 .functor BUFZ 1, c4<z>; HiZ drive
v000002e5c7ef6250_0 .net "PLLOUTCOREA", 0 0, o000002e5c7eab728;  0 drivers
o000002e5c7eab758 .functor BUFZ 1, c4<z>; HiZ drive
v000002e5c7ef5670_0 .net "PLLOUTCOREB", 0 0, o000002e5c7eab758;  0 drivers
o000002e5c7eab788 .functor BUFZ 1, c4<z>; HiZ drive
v000002e5c7ef4f90_0 .net "PLLOUTGLOBALA", 0 0, o000002e5c7eab788;  0 drivers
o000002e5c7eab7b8 .functor BUFZ 1, c4<z>; HiZ drive
v000002e5c7ef5490_0 .net "PLLOUTGLOBALB", 0 0, o000002e5c7eab7b8;  0 drivers
o000002e5c7eab7e8 .functor BUFZ 1, c4<z>; HiZ drive
v000002e5c7ef62f0_0 .net "RESETB", 0 0, o000002e5c7eab7e8;  0 drivers
o000002e5c7eab818 .functor BUFZ 1, c4<z>; HiZ drive
v000002e5c7ef5530_0 .net "SCLK", 0 0, o000002e5c7eab818;  0 drivers
o000002e5c7eab848 .functor BUFZ 1, c4<z>; HiZ drive
v000002e5c7ef5a30_0 .net "SDI", 0 0, o000002e5c7eab848;  0 drivers
o000002e5c7eab878 .functor BUFZ 1, c4<z>; HiZ drive
v000002e5c7ef69d0_0 .net "SDO", 0 0, o000002e5c7eab878;  0 drivers
S_000002e5c7e81fe0 .scope module, "SB_PLL40_2_PAD" "SB_PLL40_2_PAD" 3 2487;
 .timescale -12 -12;
    .port_info 0 /INPUT 1 "PACKAGEPIN";
    .port_info 1 /OUTPUT 1 "PLLOUTCOREA";
    .port_info 2 /OUTPUT 1 "PLLOUTGLOBALA";
    .port_info 3 /OUTPUT 1 "PLLOUTCOREB";
    .port_info 4 /OUTPUT 1 "PLLOUTGLOBALB";
    .port_info 5 /INPUT 1 "EXTFEEDBACK";
    .port_info 6 /INPUT 8 "DYNAMICDELAY";
    .port_info 7 /OUTPUT 1 "LOCK";
    .port_info 8 /INPUT 1 "BYPASS";
    .port_info 9 /INPUT 1 "RESETB";
    .port_info 10 /INPUT 1 "LATCHINPUTVALUE";
    .port_info 11 /OUTPUT 1 "SDO";
    .port_info 12 /INPUT 1 "SDI";
    .port_info 13 /INPUT 1 "SCLK";
P_000002e5c7bff450 .param/str "DELAY_ADJUSTMENT_MODE_FEEDBACK" 0 3 2504, "FIXED";
P_000002e5c7bff488 .param/str "DELAY_ADJUSTMENT_MODE_RELATIVE" 0 3 2505, "FIXED";
P_000002e5c7bff4c0 .param/l "DIVF" 0 3 2511, C4<0000000>;
P_000002e5c7bff4f8 .param/l "DIVQ" 0 3 2512, C4<000>;
P_000002e5c7bff530 .param/l "DIVR" 0 3 2510, C4<0000>;
P_000002e5c7bff568 .param/l "ENABLE_ICEGATE_PORTA" 0 3 2514, C4<0>;
P_000002e5c7bff5a0 .param/l "ENABLE_ICEGATE_PORTB" 0 3 2515, C4<0>;
P_000002e5c7bff5d8 .param/l "EXTERNAL_DIVIDE_FACTOR" 0 3 2517, +C4<00000000000000000000000000000001>;
P_000002e5c7bff610 .param/l "FDA_FEEDBACK" 0 3 2507, C4<0000>;
P_000002e5c7bff648 .param/l "FDA_RELATIVE" 0 3 2508, C4<0000>;
P_000002e5c7bff680 .param/str "FEEDBACK_PATH" 0 3 2503, "SIMPLE";
P_000002e5c7bff6b8 .param/l "FILTER_RANGE" 0 3 2513, C4<000>;
P_000002e5c7bff6f0 .param/str "PLLOUT_SELECT_PORTB" 0 3 2509, "GENCLK";
P_000002e5c7bff728 .param/l "SHIFTREG_DIV_MODE" 0 3 2506, C4<0>;
P_000002e5c7bff760 .param/l "TEST_MODE" 0 3 2516, C4<0>;
o000002e5c7eabb48 .functor BUFZ 1, c4<z>; HiZ drive
v000002e5c7ef57b0_0 .net "BYPASS", 0 0, o000002e5c7eabb48;  0 drivers
o000002e5c7eabb78 .functor BUFZ 8, c4<zzzzzzzz>; HiZ drive
v000002e5c7ef71f0_0 .net "DYNAMICDELAY", 7 0, o000002e5c7eabb78;  0 drivers
o000002e5c7eabba8 .functor BUFZ 1, c4<z>; HiZ drive
v000002e5c7ef6390_0 .net "EXTFEEDBACK", 0 0, o000002e5c7eabba8;  0 drivers
o000002e5c7eabbd8 .functor BUFZ 1, c4<z>; HiZ drive
v000002e5c7ef5ad0_0 .net "LATCHINPUTVALUE", 0 0, o000002e5c7eabbd8;  0 drivers
o000002e5c7eabc08 .functor BUFZ 1, c4<z>; HiZ drive
v000002e5c7ef6930_0 .net "LOCK", 0 0, o000002e5c7eabc08;  0 drivers
o000002e5c7eabc38 .functor BUFZ 1, c4<z>; HiZ drive
v000002e5c7ef7010_0 .net "PACKAGEPIN", 0 0, o000002e5c7eabc38;  0 drivers
o000002e5c7eabc68 .functor BUFZ 1, c4<z>; HiZ drive
v000002e5c7ef64d0_0 .net "PLLOUTCOREA", 0 0, o000002e5c7eabc68;  0 drivers
o000002e5c7eabc98 .functor BUFZ 1, c4<z>; HiZ drive
v000002e5c7ef6570_0 .net "PLLOUTCOREB", 0 0, o000002e5c7eabc98;  0 drivers
o000002e5c7eabcc8 .functor BUFZ 1, c4<z>; HiZ drive
v000002e5c7ef55d0_0 .net "PLLOUTGLOBALA", 0 0, o000002e5c7eabcc8;  0 drivers
o000002e5c7eabcf8 .functor BUFZ 1, c4<z>; HiZ drive
v000002e5c7ef5b70_0 .net "PLLOUTGLOBALB", 0 0, o000002e5c7eabcf8;  0 drivers
o000002e5c7eabd28 .functor BUFZ 1, c4<z>; HiZ drive
v000002e5c7ef5c10_0 .net "RESETB", 0 0, o000002e5c7eabd28;  0 drivers
o000002e5c7eabd58 .functor BUFZ 1, c4<z>; HiZ drive
v000002e5c7ef6610_0 .net "SCLK", 0 0, o000002e5c7eabd58;  0 drivers
o000002e5c7eabd88 .functor BUFZ 1, c4<z>; HiZ drive
v000002e5c7ef6890_0 .net "SDI", 0 0, o000002e5c7eabd88;  0 drivers
o000002e5c7eabdb8 .functor BUFZ 1, c4<z>; HiZ drive
v000002e5c7ef7150_0 .net "SDO", 0 0, o000002e5c7eabdb8;  0 drivers
S_000002e5c7e82620 .scope module, "SB_PLL40_CORE" "SB_PLL40_CORE" 3 2425;
 .timescale -12 -12;
    .port_info 0 /INPUT 1 "REFERENCECLK";
    .port_info 1 /OUTPUT 1 "PLLOUTCORE";
    .port_info 2 /OUTPUT 1 "PLLOUTGLOBAL";
    .port_info 3 /INPUT 1 "EXTFEEDBACK";
    .port_info 4 /INPUT 8 "DYNAMICDELAY";
    .port_info 5 /OUTPUT 1 "LOCK";
    .port_info 6 /INPUT 1 "BYPASS";
    .port_info 7 /INPUT 1 "RESETB";
    .port_info 8 /INPUT 1 "LATCHINPUTVALUE";
    .port_info 9 /OUTPUT 1 "SDO";
    .port_info 10 /INPUT 1 "SDI";
    .port_info 11 /INPUT 1 "SCLK";
P_000002e5c7bfeed0 .param/str "DELAY_ADJUSTMENT_MODE_FEEDBACK" 0 3 2440, "FIXED";
P_000002e5c7bfef08 .param/str "DELAY_ADJUSTMENT_MODE_RELATIVE" 0 3 2441, "FIXED";
P_000002e5c7bfef40 .param/l "DIVF" 0 3 2447, C4<0000000>;
P_000002e5c7bfef78 .param/l "DIVQ" 0 3 2448, C4<000>;
P_000002e5c7bfefb0 .param/l "DIVR" 0 3 2446, C4<0000>;
P_000002e5c7bfefe8 .param/l "ENABLE_ICEGATE" 0 3 2450, C4<0>;
P_000002e5c7bff020 .param/l "EXTERNAL_DIVIDE_FACTOR" 0 3 2452, +C4<00000000000000000000000000000001>;
P_000002e5c7bff058 .param/l "FDA_FEEDBACK" 0 3 2443, C4<0000>;
P_000002e5c7bff090 .param/l "FDA_RELATIVE" 0 3 2444, C4<0000>;
P_000002e5c7bff0c8 .param/str "FEEDBACK_PATH" 0 3 2439, "SIMPLE";
P_000002e5c7bff100 .param/l "FILTER_RANGE" 0 3 2449, C4<000>;
P_000002e5c7bff138 .param/str "PLLOUT_SELECT" 0 3 2445, "GENCLK";
P_000002e5c7bff170 .param/l "SHIFTREG_DIV_MODE" 0 3 2442, C4<0>;
P_000002e5c7bff1a8 .param/l "TEST_MODE" 0 3 2451, C4<0>;
o000002e5c7eac088 .functor BUFZ 1, c4<z>; HiZ drive
v000002e5c7ef6b10_0 .net "BYPASS", 0 0, o000002e5c7eac088;  0 drivers
o000002e5c7eac0b8 .functor BUFZ 8, c4<zzzzzzzz>; HiZ drive
v000002e5c7ef5030_0 .net "DYNAMICDELAY", 7 0, o000002e5c7eac0b8;  0 drivers
o000002e5c7eac0e8 .functor BUFZ 1, c4<z>; HiZ drive
v000002e5c7ef7510_0 .net "EXTFEEDBACK", 0 0, o000002e5c7eac0e8;  0 drivers
o000002e5c7eac118 .functor BUFZ 1, c4<z>; HiZ drive
v000002e5c7ef75b0_0 .net "LATCHINPUTVALUE", 0 0, o000002e5c7eac118;  0 drivers
o000002e5c7eac148 .functor BUFZ 1, c4<z>; HiZ drive
v000002e5c7ef6bb0_0 .net "LOCK", 0 0, o000002e5c7eac148;  0 drivers
o000002e5c7eac178 .functor BUFZ 1, c4<z>; HiZ drive
v000002e5c7ef6d90_0 .net "PLLOUTCORE", 0 0, o000002e5c7eac178;  0 drivers
o000002e5c7eac1a8 .functor BUFZ 1, c4<z>; HiZ drive
v000002e5c7ef7650_0 .net "PLLOUTGLOBAL", 0 0, o000002e5c7eac1a8;  0 drivers
o000002e5c7eac1d8 .functor BUFZ 1, c4<z>; HiZ drive
v000002e5c7ef6f70_0 .net "REFERENCECLK", 0 0, o000002e5c7eac1d8;  0 drivers
o000002e5c7eac208 .functor BUFZ 1, c4<z>; HiZ drive
v000002e5c7ef50d0_0 .net "RESETB", 0 0, o000002e5c7eac208;  0 drivers
o000002e5c7eac238 .functor BUFZ 1, c4<z>; HiZ drive
v000002e5c7ef5170_0 .net "SCLK", 0 0, o000002e5c7eac238;  0 drivers
o000002e5c7eac268 .functor BUFZ 1, c4<z>; HiZ drive
v000002e5c7ef5cb0_0 .net "SDI", 0 0, o000002e5c7eac268;  0 drivers
o000002e5c7eac298 .functor BUFZ 1, c4<z>; HiZ drive
v000002e5c7ef5d50_0 .net "SDO", 0 0, o000002e5c7eac298;  0 drivers
S_000002e5c7e82300 .scope module, "SB_PLL40_PAD" "SB_PLL40_PAD" 3 2456;
 .timescale -12 -12;
    .port_info 0 /INPUT 1 "PACKAGEPIN";
    .port_info 1 /OUTPUT 1 "PLLOUTCORE";
    .port_info 2 /OUTPUT 1 "PLLOUTGLOBAL";
    .port_info 3 /INPUT 1 "EXTFEEDBACK";
    .port_info 4 /INPUT 8 "DYNAMICDELAY";
    .port_info 5 /OUTPUT 1 "LOCK";
    .port_info 6 /INPUT 1 "BYPASS";
    .port_info 7 /INPUT 1 "RESETB";
    .port_info 8 /INPUT 1 "LATCHINPUTVALUE";
    .port_info 9 /OUTPUT 1 "SDO";
    .port_info 10 /INPUT 1 "SDI";
    .port_info 11 /INPUT 1 "SCLK";
P_000002e5c7bb6780 .param/str "DELAY_ADJUSTMENT_MODE_FEEDBACK" 0 3 2471, "FIXED";
P_000002e5c7bb67b8 .param/str "DELAY_ADJUSTMENT_MODE_RELATIVE" 0 3 2472, "FIXED";
P_000002e5c7bb67f0 .param/l "DIVF" 0 3 2478, C4<0000000>;
P_000002e5c7bb6828 .param/l "DIVQ" 0 3 2479, C4<000>;
P_000002e5c7bb6860 .param/l "DIVR" 0 3 2477, C4<0000>;
P_000002e5c7bb6898 .param/l "ENABLE_ICEGATE" 0 3 2481, C4<0>;
P_000002e5c7bb68d0 .param/l "EXTERNAL_DIVIDE_FACTOR" 0 3 2483, +C4<00000000000000000000000000000001>;
P_000002e5c7bb6908 .param/l "FDA_FEEDBACK" 0 3 2474, C4<0000>;
P_000002e5c7bb6940 .param/l "FDA_RELATIVE" 0 3 2475, C4<0000>;
P_000002e5c7bb6978 .param/str "FEEDBACK_PATH" 0 3 2470, "SIMPLE";
P_000002e5c7bb69b0 .param/l "FILTER_RANGE" 0 3 2480, C4<000>;
P_000002e5c7bb69e8 .param/str "PLLOUT_SELECT" 0 3 2476, "GENCLK";
P_000002e5c7bb6a20 .param/l "SHIFTREG_DIV_MODE" 0 3 2473, C4<0>;
P_000002e5c7bb6a58 .param/l "TEST_MODE" 0 3 2482, C4<0>;
o000002e5c7eac508 .functor BUFZ 1, c4<z>; HiZ drive
v000002e5c7ef5df0_0 .net "BYPASS", 0 0, o000002e5c7eac508;  0 drivers
o000002e5c7eac538 .functor BUFZ 8, c4<zzzzzzzz>; HiZ drive
v000002e5c7ef5e90_0 .net "DYNAMICDELAY", 7 0, o000002e5c7eac538;  0 drivers
o000002e5c7eac568 .functor BUFZ 1, c4<z>; HiZ drive
v000002e5c7ef8050_0 .net "EXTFEEDBACK", 0 0, o000002e5c7eac568;  0 drivers
o000002e5c7eac598 .functor BUFZ 1, c4<z>; HiZ drive
v000002e5c7ef9310_0 .net "LATCHINPUTVALUE", 0 0, o000002e5c7eac598;  0 drivers
o000002e5c7eac5c8 .functor BUFZ 1, c4<z>; HiZ drive
v000002e5c7ef99f0_0 .net "LOCK", 0 0, o000002e5c7eac5c8;  0 drivers
o000002e5c7eac5f8 .functor BUFZ 1, c4<z>; HiZ drive
v000002e5c7ef8ff0_0 .net "PACKAGEPIN", 0 0, o000002e5c7eac5f8;  0 drivers
o000002e5c7eac628 .functor BUFZ 1, c4<z>; HiZ drive
v000002e5c7ef9090_0 .net "PLLOUTCORE", 0 0, o000002e5c7eac628;  0 drivers
o000002e5c7eac658 .functor BUFZ 1, c4<z>; HiZ drive
v000002e5c7ef9630_0 .net "PLLOUTGLOBAL", 0 0, o000002e5c7eac658;  0 drivers
o000002e5c7eac688 .functor BUFZ 1, c4<z>; HiZ drive
v000002e5c7ef98b0_0 .net "RESETB", 0 0, o000002e5c7eac688;  0 drivers
o000002e5c7eac6b8 .functor BUFZ 1, c4<z>; HiZ drive
v000002e5c7ef7970_0 .net "SCLK", 0 0, o000002e5c7eac6b8;  0 drivers
o000002e5c7eac6e8 .functor BUFZ 1, c4<z>; HiZ drive
v000002e5c7ef7ab0_0 .net "SDI", 0 0, o000002e5c7eac6e8;  0 drivers
o000002e5c7eac718 .functor BUFZ 1, c4<z>; HiZ drive
v000002e5c7ef80f0_0 .net "SDO", 0 0, o000002e5c7eac718;  0 drivers
S_000002e5c7e82490 .scope module, "SB_RAM40_4KNR" "SB_RAM40_4KNR" 3 1726;
 .timescale -12 -12;
    .port_info 0 /OUTPUT 16 "RDATA";
    .port_info 1 /INPUT 1 "RCLKN";
    .port_info 2 /INPUT 1 "RCLKE";
    .port_info 3 /INPUT 1 "RE";
    .port_info 4 /INPUT 11 "RADDR";
    .port_info 5 /INPUT 1 "WCLK";
    .port_info 6 /INPUT 1 "WCLKE";
    .port_info 7 /INPUT 1 "WE";
    .port_info 8 /INPUT 11 "WADDR";
    .port_info 9 /INPUT 16 "MASK";
    .port_info 10 /INPUT 16 "WDATA";
P_000002e5c7e84080 .param/l "INIT_0" 0 3 1742, C4<0000000000000000000000000000000000000000000000000000000000000000000000000000000000000000000000000000000000000000000000000000000000000000000000000000000000000000000000000000000000000000000000000000000000000000000000000000000000000000000000000000000000000000>;
P_000002e5c7e840b8 .param/l "INIT_1" 0 3 1743, C4<0000000000000000000000000000000000000000000000000000000000000000000000000000000000000000000000000000000000000000000000000000000000000000000000000000000000000000000000000000000000000000000000000000000000000000000000000000000000000000000000000000000000000000>;
P_000002e5c7e840f0 .param/l "INIT_2" 0 3 1744, C4<0000000000000000000000000000000000000000000000000000000000000000000000000000000000000000000000000000000000000000000000000000000000000000000000000000000000000000000000000000000000000000000000000000000000000000000000000000000000000000000000000000000000000000>;
P_000002e5c7e84128 .param/l "INIT_3" 0 3 1745, C4<0000000000000000000000000000000000000000000000000000000000000000000000000000000000000000000000000000000000000000000000000000000000000000000000000000000000000000000000000000000000000000000000000000000000000000000000000000000000000000000000000000000000000000>;
P_000002e5c7e84160 .param/l "INIT_4" 0 3 1746, C4<0000000000000000000000000000000000000000000000000000000000000000000000000000000000000000000000000000000000000000000000000000000000000000000000000000000000000000000000000000000000000000000000000000000000000000000000000000000000000000000000000000000000000000>;
P_000002e5c7e84198 .param/l "INIT_5" 0 3 1747, C4<0000000000000000000000000000000000000000000000000000000000000000000000000000000000000000000000000000000000000000000000000000000000000000000000000000000000000000000000000000000000000000000000000000000000000000000000000000000000000000000000000000000000000000>;
P_000002e5c7e841d0 .param/l "INIT_6" 0 3 1748, C4<0000000000000000000000000000000000000000000000000000000000000000000000000000000000000000000000000000000000000000000000000000000000000000000000000000000000000000000000000000000000000000000000000000000000000000000000000000000000000000000000000000000000000000>;
P_000002e5c7e84208 .param/l "INIT_7" 0 3 1749, C4<0000000000000000000000000000000000000000000000000000000000000000000000000000000000000000000000000000000000000000000000000000000000000000000000000000000000000000000000000000000000000000000000000000000000000000000000000000000000000000000000000000000000000000>;
P_000002e5c7e84240 .param/l "INIT_8" 0 3 1750, C4<0000000000000000000000000000000000000000000000000000000000000000000000000000000000000000000000000000000000000000000000000000000000000000000000000000000000000000000000000000000000000000000000000000000000000000000000000000000000000000000000000000000000000000>;
P_000002e5c7e84278 .param/l "INIT_9" 0 3 1751, C4<0000000000000000000000000000000000000000000000000000000000000000000000000000000000000000000000000000000000000000000000000000000000000000000000000000000000000000000000000000000000000000000000000000000000000000000000000000000000000000000000000000000000000000>;
P_000002e5c7e842b0 .param/l "INIT_A" 0 3 1752, C4<0000000000000000000000000000000000000000000000000000000000000000000000000000000000000000000000000000000000000000000000000000000000000000000000000000000000000000000000000000000000000000000000000000000000000000000000000000000000000000000000000000000000000000>;
P_000002e5c7e842e8 .param/l "INIT_B" 0 3 1753, C4<0000000000000000000000000000000000000000000000000000000000000000000000000000000000000000000000000000000000000000000000000000000000000000000000000000000000000000000000000000000000000000000000000000000000000000000000000000000000000000000000000000000000000000>;
P_000002e5c7e84320 .param/l "INIT_C" 0 3 1754, C4<0000000000000000000000000000000000000000000000000000000000000000000000000000000000000000000000000000000000000000000000000000000000000000000000000000000000000000000000000000000000000000000000000000000000000000000000000000000000000000000000000000000000000000>;
P_000002e5c7e84358 .param/l "INIT_D" 0 3 1755, C4<0000000000000000000000000000000000000000000000000000000000000000000000000000000000000000000000000000000000000000000000000000000000000000000000000000000000000000000000000000000000000000000000000000000000000000000000000000000000000000000000000000000000000000>;
P_000002e5c7e84390 .param/l "INIT_E" 0 3 1756, C4<0000000000000000000000000000000000000000000000000000000000000000000000000000000000000000000000000000000000000000000000000000000000000000000000000000000000000000000000000000000000000000000000000000000000000000000000000000000000000000000000000000000000000000>;
P_000002e5c7e843c8 .param/l "INIT_F" 0 3 1757, C4<0000000000000000000000000000000000000000000000000000000000000000000000000000000000000000000000000000000000000000000000000000000000000000000000000000000000000000000000000000000000000000000000000000000000000000000000000000000000000000000000000000000000000000>;
P_000002e5c7e84400 .param/str "INIT_FILE" 0 3 1759, "\000";
P_000002e5c7e84438 .param/l "READ_MODE" 0 3 1740, +C4<00000000000000000000000000000000>;
P_000002e5c7e84470 .param/l "WRITE_MODE" 0 3 1739, +C4<00000000000000000000000000000000>;
o000002e5c7eace98 .functor BUFZ 1, c4<z>; HiZ drive
L_000002e5c7d34150 .functor NOT 1, o000002e5c7eace98, C4<0>, C4<0>, C4<0>;
o000002e5c7eac988 .functor BUFZ 16, c4<zzzzzzzzzzzzzzzz>; HiZ drive
v000002e5c7ef8eb0_0 .net "MASK", 15 0, o000002e5c7eac988;  0 drivers
o000002e5c7eac9b8 .functor BUFZ 11, c4<zzzzzzzzzzz>; HiZ drive
v000002e5c7ef7a10_0 .net "RADDR", 10 0, o000002e5c7eac9b8;  0 drivers
o000002e5c7eaca18 .functor BUFZ 1, c4<z>; HiZ drive
v000002e5c7ef8f50_0 .net "RCLKE", 0 0, o000002e5c7eaca18;  0 drivers
v000002e5c7ef96d0_0 .net "RCLKN", 0 0, o000002e5c7eace98;  0 drivers
v000002e5c7ef9d10_0 .net "RDATA", 15 0, L_000002e5c7d33f90;  1 drivers
o000002e5c7eacaa8 .functor BUFZ 1, c4<z>; HiZ drive
v000002e5c7ef7dd0_0 .net "RE", 0 0, o000002e5c7eacaa8;  0 drivers
o000002e5c7eacb08 .functor BUFZ 11, c4<zzzzzzzzzzz>; HiZ drive
v000002e5c7ef7f10_0 .net "WADDR", 10 0, o000002e5c7eacb08;  0 drivers
o000002e5c7eacb38 .functor BUFZ 1, c4<z>; HiZ drive
v000002e5c7ef9270_0 .net "WCLK", 0 0, o000002e5c7eacb38;  0 drivers
o000002e5c7eacb68 .functor BUFZ 1, c4<z>; HiZ drive
v000002e5c7ef9450_0 .net "WCLKE", 0 0, o000002e5c7eacb68;  0 drivers
o000002e5c7eacb98 .functor BUFZ 16, c4<zzzzzzzzzzzzzzzz>; HiZ drive
v000002e5c7ef8190_0 .net "WDATA", 15 0, o000002e5c7eacb98;  0 drivers
o000002e5c7eacbf8 .functor BUFZ 1, c4<z>; HiZ drive
v000002e5c7ef9c70_0 .net "WE", 0 0, o000002e5c7eacbf8;  0 drivers
S_000002e5c7e87ea0 .scope module, "RAM" "SB_RAM40_4K" 3 1781, 3 1487 0, S_000002e5c7e82490;
 .timescale -12 -12;
    .port_info 0 /OUTPUT 16 "RDATA";
    .port_info 1 /INPUT 1 "RCLK";
    .port_info 2 /INPUT 1 "RCLKE";
    .port_info 3 /INPUT 1 "RE";
    .port_info 4 /INPUT 11 "RADDR";
    .port_info 5 /INPUT 1 "WCLK";
    .port_info 6 /INPUT 1 "WCLKE";
    .port_info 7 /INPUT 1 "WE";
    .port_info 8 /INPUT 11 "WADDR";
    .port_info 9 /INPUT 16 "MASK";
    .port_info 10 /INPUT 16 "WDATA";
P_000002e5c7f056c0 .param/l "INIT_0" 0 3 1507, C4<0000000000000000000000000000000000000000000000000000000000000000000000000000000000000000000000000000000000000000000000000000000000000000000000000000000000000000000000000000000000000000000000000000000000000000000000000000000000000000000000000000000000000000>;
P_000002e5c7f056f8 .param/l "INIT_1" 0 3 1508, C4<0000000000000000000000000000000000000000000000000000000000000000000000000000000000000000000000000000000000000000000000000000000000000000000000000000000000000000000000000000000000000000000000000000000000000000000000000000000000000000000000000000000000000000>;
P_000002e5c7f05730 .param/l "INIT_2" 0 3 1509, C4<0000000000000000000000000000000000000000000000000000000000000000000000000000000000000000000000000000000000000000000000000000000000000000000000000000000000000000000000000000000000000000000000000000000000000000000000000000000000000000000000000000000000000000>;
P_000002e5c7f05768 .param/l "INIT_3" 0 3 1510, C4<0000000000000000000000000000000000000000000000000000000000000000000000000000000000000000000000000000000000000000000000000000000000000000000000000000000000000000000000000000000000000000000000000000000000000000000000000000000000000000000000000000000000000000>;
P_000002e5c7f057a0 .param/l "INIT_4" 0 3 1511, C4<0000000000000000000000000000000000000000000000000000000000000000000000000000000000000000000000000000000000000000000000000000000000000000000000000000000000000000000000000000000000000000000000000000000000000000000000000000000000000000000000000000000000000000>;
P_000002e5c7f057d8 .param/l "INIT_5" 0 3 1512, C4<0000000000000000000000000000000000000000000000000000000000000000000000000000000000000000000000000000000000000000000000000000000000000000000000000000000000000000000000000000000000000000000000000000000000000000000000000000000000000000000000000000000000000000>;
P_000002e5c7f05810 .param/l "INIT_6" 0 3 1513, C4<0000000000000000000000000000000000000000000000000000000000000000000000000000000000000000000000000000000000000000000000000000000000000000000000000000000000000000000000000000000000000000000000000000000000000000000000000000000000000000000000000000000000000000>;
P_000002e5c7f05848 .param/l "INIT_7" 0 3 1514, C4<0000000000000000000000000000000000000000000000000000000000000000000000000000000000000000000000000000000000000000000000000000000000000000000000000000000000000000000000000000000000000000000000000000000000000000000000000000000000000000000000000000000000000000>;
P_000002e5c7f05880 .param/l "INIT_8" 0 3 1515, C4<0000000000000000000000000000000000000000000000000000000000000000000000000000000000000000000000000000000000000000000000000000000000000000000000000000000000000000000000000000000000000000000000000000000000000000000000000000000000000000000000000000000000000000>;
P_000002e5c7f058b8 .param/l "INIT_9" 0 3 1516, C4<0000000000000000000000000000000000000000000000000000000000000000000000000000000000000000000000000000000000000000000000000000000000000000000000000000000000000000000000000000000000000000000000000000000000000000000000000000000000000000000000000000000000000000>;
P_000002e5c7f058f0 .param/l "INIT_A" 0 3 1517, C4<0000000000000000000000000000000000000000000000000000000000000000000000000000000000000000000000000000000000000000000000000000000000000000000000000000000000000000000000000000000000000000000000000000000000000000000000000000000000000000000000000000000000000000>;
P_000002e5c7f05928 .param/l "INIT_B" 0 3 1518, C4<0000000000000000000000000000000000000000000000000000000000000000000000000000000000000000000000000000000000000000000000000000000000000000000000000000000000000000000000000000000000000000000000000000000000000000000000000000000000000000000000000000000000000000>;
P_000002e5c7f05960 .param/l "INIT_C" 0 3 1519, C4<0000000000000000000000000000000000000000000000000000000000000000000000000000000000000000000000000000000000000000000000000000000000000000000000000000000000000000000000000000000000000000000000000000000000000000000000000000000000000000000000000000000000000000>;
P_000002e5c7f05998 .param/l "INIT_D" 0 3 1520, C4<0000000000000000000000000000000000000000000000000000000000000000000000000000000000000000000000000000000000000000000000000000000000000000000000000000000000000000000000000000000000000000000000000000000000000000000000000000000000000000000000000000000000000000>;
P_000002e5c7f059d0 .param/l "INIT_E" 0 3 1521, C4<0000000000000000000000000000000000000000000000000000000000000000000000000000000000000000000000000000000000000000000000000000000000000000000000000000000000000000000000000000000000000000000000000000000000000000000000000000000000000000000000000000000000000000>;
P_000002e5c7f05a08 .param/l "INIT_F" 0 3 1522, C4<0000000000000000000000000000000000000000000000000000000000000000000000000000000000000000000000000000000000000000000000000000000000000000000000000000000000000000000000000000000000000000000000000000000000000000000000000000000000000000000000000000000000000000>;
P_000002e5c7f05a40 .param/str "INIT_FILE" 0 3 1524, "\000";
P_000002e5c7f05a78 .param/l "READ_MODE" 0 3 1505, +C4<00000000000000000000000000000000>;
P_000002e5c7f05ab0 .param/l "WRITE_MODE" 0 3 1504, +C4<00000000000000000000000000000000>;
v000002e5c7ef7c90_0 .net "MASK", 15 0, o000002e5c7eac988;  alias, 0 drivers
v000002e5c7ef9130_0 .net "RADDR", 10 0, o000002e5c7eac9b8;  alias, 0 drivers
v000002e5c7ef9770_0 .net "RCLK", 0 0, L_000002e5c7d34150;  1 drivers
v000002e5c7ef8af0_0 .net "RCLKE", 0 0, o000002e5c7eaca18;  alias, 0 drivers
v000002e5c7ef7b50_0 .net "RDATA", 15 0, L_000002e5c7d33f90;  alias, 1 drivers
v000002e5c7ef8cd0_0 .var "RDATA_I", 15 0;
v000002e5c7ef8870_0 .net "RE", 0 0, o000002e5c7eacaa8;  alias, 0 drivers
L_000002e5c7f14e90 .functor BUFT 1, C4<0000000000000000>, C4<0>, C4<0>, C4<0>;
v000002e5c7ef8e10_0 .net "RMASK_I", 15 0, L_000002e5c7f14e90;  1 drivers
v000002e5c7ef76f0_0 .net "WADDR", 10 0, o000002e5c7eacb08;  alias, 0 drivers
v000002e5c7ef8910_0 .net "WCLK", 0 0, o000002e5c7eacb38;  alias, 0 drivers
v000002e5c7ef91d0_0 .net "WCLKE", 0 0, o000002e5c7eacb68;  alias, 0 drivers
v000002e5c7ef9a90_0 .net "WDATA", 15 0, o000002e5c7eacb98;  alias, 0 drivers
v000002e5c7ef89b0_0 .net "WDATA_I", 15 0, L_000002e5c7e07310;  1 drivers
v000002e5c7ef93b0_0 .net "WE", 0 0, o000002e5c7eacbf8;  alias, 0 drivers
v000002e5c7ef8a50_0 .net "WMASK_I", 15 0, L_000002e5c7e05f60;  1 drivers
v000002e5c7ef9590_0 .var/i "i", 31 0;
v000002e5c7ef9b30 .array "memory", 255 0, 15 0;
E_000002e5c7e75290 .event posedge, v000002e5c7ef9770_0;
E_000002e5c7e75850 .event posedge, v000002e5c7ef8910_0;
S_000002e5c7f09130 .scope generate, "genblk1" "genblk1" 3 1534, 3 1534 0, S_000002e5c7e87ea0;
 .timescale -12 -12;
L_000002e5c7e05f60 .functor BUFZ 16, o000002e5c7eac988, C4<0000000000000000>, C4<0000000000000000>, C4<0000000000000000>;
S_000002e5c7f08190 .scope generate, "genblk2" "genblk2" 3 1555, 3 1555 0, S_000002e5c7e87ea0;
 .timescale -12 -12;
S_000002e5c7f095e0 .scope generate, "genblk3" "genblk3" 3 1576, 3 1576 0, S_000002e5c7e87ea0;
 .timescale -12 -12;
L_000002e5c7e07310 .functor BUFZ 16, o000002e5c7eacb98, C4<0000000000000000>, C4<0000000000000000>, C4<0000000000000000>;
S_000002e5c7f08000 .scope generate, "genblk4" "genblk4" 3 1595, 3 1595 0, S_000002e5c7e87ea0;
 .timescale -12 -12;
L_000002e5c7d33f90 .functor BUFZ 16, v000002e5c7ef8cd0_0, C4<0000000000000000>, C4<0000000000000000>, C4<0000000000000000>;
S_000002e5c7e827b0 .scope module, "SB_RAM40_4KNRNW" "SB_RAM40_4KNRNW" 3 1998;
 .timescale -12 -12;
    .port_info 0 /OUTPUT 16 "RDATA";
    .port_info 1 /INPUT 1 "RCLKN";
    .port_info 2 /INPUT 1 "RCLKE";
    .port_info 3 /INPUT 1 "RE";
    .port_info 4 /INPUT 11 "RADDR";
    .port_info 5 /INPUT 1 "WCLKN";
    .port_info 6 /INPUT 1 "WCLKE";
    .port_info 7 /INPUT 1 "WE";
    .port_info 8 /INPUT 11 "WADDR";
    .port_info 9 /INPUT 16 "MASK";
    .port_info 10 /INPUT 16 "WDATA";
P_000002e5c7e844b0 .param/l "INIT_0" 0 3 2014, C4<0000000000000000000000000000000000000000000000000000000000000000000000000000000000000000000000000000000000000000000000000000000000000000000000000000000000000000000000000000000000000000000000000000000000000000000000000000000000000000000000000000000000000000>;
P_000002e5c7e844e8 .param/l "INIT_1" 0 3 2015, C4<0000000000000000000000000000000000000000000000000000000000000000000000000000000000000000000000000000000000000000000000000000000000000000000000000000000000000000000000000000000000000000000000000000000000000000000000000000000000000000000000000000000000000000>;
P_000002e5c7e84520 .param/l "INIT_2" 0 3 2016, C4<0000000000000000000000000000000000000000000000000000000000000000000000000000000000000000000000000000000000000000000000000000000000000000000000000000000000000000000000000000000000000000000000000000000000000000000000000000000000000000000000000000000000000000>;
P_000002e5c7e84558 .param/l "INIT_3" 0 3 2017, C4<0000000000000000000000000000000000000000000000000000000000000000000000000000000000000000000000000000000000000000000000000000000000000000000000000000000000000000000000000000000000000000000000000000000000000000000000000000000000000000000000000000000000000000>;
P_000002e5c7e84590 .param/l "INIT_4" 0 3 2018, C4<0000000000000000000000000000000000000000000000000000000000000000000000000000000000000000000000000000000000000000000000000000000000000000000000000000000000000000000000000000000000000000000000000000000000000000000000000000000000000000000000000000000000000000>;
P_000002e5c7e845c8 .param/l "INIT_5" 0 3 2019, C4<0000000000000000000000000000000000000000000000000000000000000000000000000000000000000000000000000000000000000000000000000000000000000000000000000000000000000000000000000000000000000000000000000000000000000000000000000000000000000000000000000000000000000000>;
P_000002e5c7e84600 .param/l "INIT_6" 0 3 2020, C4<0000000000000000000000000000000000000000000000000000000000000000000000000000000000000000000000000000000000000000000000000000000000000000000000000000000000000000000000000000000000000000000000000000000000000000000000000000000000000000000000000000000000000000>;
P_000002e5c7e84638 .param/l "INIT_7" 0 3 2021, C4<0000000000000000000000000000000000000000000000000000000000000000000000000000000000000000000000000000000000000000000000000000000000000000000000000000000000000000000000000000000000000000000000000000000000000000000000000000000000000000000000000000000000000000>;
P_000002e5c7e84670 .param/l "INIT_8" 0 3 2022, C4<0000000000000000000000000000000000000000000000000000000000000000000000000000000000000000000000000000000000000000000000000000000000000000000000000000000000000000000000000000000000000000000000000000000000000000000000000000000000000000000000000000000000000000>;
P_000002e5c7e846a8 .param/l "INIT_9" 0 3 2023, C4<0000000000000000000000000000000000000000000000000000000000000000000000000000000000000000000000000000000000000000000000000000000000000000000000000000000000000000000000000000000000000000000000000000000000000000000000000000000000000000000000000000000000000000>;
P_000002e5c7e846e0 .param/l "INIT_A" 0 3 2024, C4<0000000000000000000000000000000000000000000000000000000000000000000000000000000000000000000000000000000000000000000000000000000000000000000000000000000000000000000000000000000000000000000000000000000000000000000000000000000000000000000000000000000000000000>;
P_000002e5c7e84718 .param/l "INIT_B" 0 3 2025, C4<0000000000000000000000000000000000000000000000000000000000000000000000000000000000000000000000000000000000000000000000000000000000000000000000000000000000000000000000000000000000000000000000000000000000000000000000000000000000000000000000000000000000000000>;
P_000002e5c7e84750 .param/l "INIT_C" 0 3 2026, C4<0000000000000000000000000000000000000000000000000000000000000000000000000000000000000000000000000000000000000000000000000000000000000000000000000000000000000000000000000000000000000000000000000000000000000000000000000000000000000000000000000000000000000000>;
P_000002e5c7e84788 .param/l "INIT_D" 0 3 2027, C4<0000000000000000000000000000000000000000000000000000000000000000000000000000000000000000000000000000000000000000000000000000000000000000000000000000000000000000000000000000000000000000000000000000000000000000000000000000000000000000000000000000000000000000>;
P_000002e5c7e847c0 .param/l "INIT_E" 0 3 2028, C4<0000000000000000000000000000000000000000000000000000000000000000000000000000000000000000000000000000000000000000000000000000000000000000000000000000000000000000000000000000000000000000000000000000000000000000000000000000000000000000000000000000000000000000>;
P_000002e5c7e847f8 .param/l "INIT_F" 0 3 2029, C4<0000000000000000000000000000000000000000000000000000000000000000000000000000000000000000000000000000000000000000000000000000000000000000000000000000000000000000000000000000000000000000000000000000000000000000000000000000000000000000000000000000000000000000>;
P_000002e5c7e84830 .param/str "INIT_FILE" 0 3 2031, "\000";
P_000002e5c7e84868 .param/l "READ_MODE" 0 3 2012, +C4<00000000000000000000000000000000>;
P_000002e5c7e848a0 .param/l "WRITE_MODE" 0 3 2011, +C4<00000000000000000000000000000000>;
o000002e5c7ead5e8 .functor BUFZ 1, c4<z>; HiZ drive
L_000002e5c7c80200 .functor NOT 1, o000002e5c7ead5e8, C4<0>, C4<0>, C4<0>;
o000002e5c7ead618 .functor BUFZ 1, c4<z>; HiZ drive
L_000002e5c7c7fc50 .functor NOT 1, o000002e5c7ead618, C4<0>, C4<0>, C4<0>;
o000002e5c7ead0d8 .functor BUFZ 16, c4<zzzzzzzzzzzzzzzz>; HiZ drive
v000002e5c7ef82d0_0 .net "MASK", 15 0, o000002e5c7ead0d8;  0 drivers
o000002e5c7ead108 .functor BUFZ 11, c4<zzzzzzzzzzz>; HiZ drive
v000002e5c7ef8370_0 .net "RADDR", 10 0, o000002e5c7ead108;  0 drivers
o000002e5c7ead168 .functor BUFZ 1, c4<z>; HiZ drive
v000002e5c7ef8410_0 .net "RCLKE", 0 0, o000002e5c7ead168;  0 drivers
v000002e5c7ef84b0_0 .net "RCLKN", 0 0, o000002e5c7ead5e8;  0 drivers
v000002e5c7ef8550_0 .net "RDATA", 15 0, L_000002e5c7cae670;  1 drivers
o000002e5c7ead1f8 .functor BUFZ 1, c4<z>; HiZ drive
v000002e5c7ef85f0_0 .net "RE", 0 0, o000002e5c7ead1f8;  0 drivers
o000002e5c7ead258 .functor BUFZ 11, c4<zzzzzzzzzzz>; HiZ drive
v000002e5c7ef8690_0 .net "WADDR", 10 0, o000002e5c7ead258;  0 drivers
o000002e5c7ead2b8 .functor BUFZ 1, c4<z>; HiZ drive
v000002e5c7ef8730_0 .net "WCLKE", 0 0, o000002e5c7ead2b8;  0 drivers
v000002e5c7ef87d0_0 .net "WCLKN", 0 0, o000002e5c7ead618;  0 drivers
o000002e5c7ead2e8 .functor BUFZ 16, c4<zzzzzzzzzzzzzzzz>; HiZ drive
v000002e5c7f109e0_0 .net "WDATA", 15 0, o000002e5c7ead2e8;  0 drivers
o000002e5c7ead348 .functor BUFZ 1, c4<z>; HiZ drive
v000002e5c7f10620_0 .net "WE", 0 0, o000002e5c7ead348;  0 drivers
S_000002e5c7f092c0 .scope module, "RAM" "SB_RAM40_4K" 3 2053, 3 1487 0, S_000002e5c7e827b0;
 .timescale -12 -12;
    .port_info 0 /OUTPUT 16 "RDATA";
    .port_info 1 /INPUT 1 "RCLK";
    .port_info 2 /INPUT 1 "RCLKE";
    .port_info 3 /INPUT 1 "RE";
    .port_info 4 /INPUT 11 "RADDR";
    .port_info 5 /INPUT 1 "WCLK";
    .port_info 6 /INPUT 1 "WCLKE";
    .port_info 7 /INPUT 1 "WE";
    .port_info 8 /INPUT 11 "WADDR";
    .port_info 9 /INPUT 16 "MASK";
    .port_info 10 /INPUT 16 "WDATA";
P_000002e5c7f09b10 .param/l "INIT_0" 0 3 1507, C4<0000000000000000000000000000000000000000000000000000000000000000000000000000000000000000000000000000000000000000000000000000000000000000000000000000000000000000000000000000000000000000000000000000000000000000000000000000000000000000000000000000000000000000>;
P_000002e5c7f09b48 .param/l "INIT_1" 0 3 1508, C4<0000000000000000000000000000000000000000000000000000000000000000000000000000000000000000000000000000000000000000000000000000000000000000000000000000000000000000000000000000000000000000000000000000000000000000000000000000000000000000000000000000000000000000>;
P_000002e5c7f09b80 .param/l "INIT_2" 0 3 1509, C4<0000000000000000000000000000000000000000000000000000000000000000000000000000000000000000000000000000000000000000000000000000000000000000000000000000000000000000000000000000000000000000000000000000000000000000000000000000000000000000000000000000000000000000>;
P_000002e5c7f09bb8 .param/l "INIT_3" 0 3 1510, C4<0000000000000000000000000000000000000000000000000000000000000000000000000000000000000000000000000000000000000000000000000000000000000000000000000000000000000000000000000000000000000000000000000000000000000000000000000000000000000000000000000000000000000000>;
P_000002e5c7f09bf0 .param/l "INIT_4" 0 3 1511, C4<0000000000000000000000000000000000000000000000000000000000000000000000000000000000000000000000000000000000000000000000000000000000000000000000000000000000000000000000000000000000000000000000000000000000000000000000000000000000000000000000000000000000000000>;
P_000002e5c7f09c28 .param/l "INIT_5" 0 3 1512, C4<0000000000000000000000000000000000000000000000000000000000000000000000000000000000000000000000000000000000000000000000000000000000000000000000000000000000000000000000000000000000000000000000000000000000000000000000000000000000000000000000000000000000000000>;
P_000002e5c7f09c60 .param/l "INIT_6" 0 3 1513, C4<0000000000000000000000000000000000000000000000000000000000000000000000000000000000000000000000000000000000000000000000000000000000000000000000000000000000000000000000000000000000000000000000000000000000000000000000000000000000000000000000000000000000000000>;
P_000002e5c7f09c98 .param/l "INIT_7" 0 3 1514, C4<0000000000000000000000000000000000000000000000000000000000000000000000000000000000000000000000000000000000000000000000000000000000000000000000000000000000000000000000000000000000000000000000000000000000000000000000000000000000000000000000000000000000000000>;
P_000002e5c7f09cd0 .param/l "INIT_8" 0 3 1515, C4<0000000000000000000000000000000000000000000000000000000000000000000000000000000000000000000000000000000000000000000000000000000000000000000000000000000000000000000000000000000000000000000000000000000000000000000000000000000000000000000000000000000000000000>;
P_000002e5c7f09d08 .param/l "INIT_9" 0 3 1516, C4<0000000000000000000000000000000000000000000000000000000000000000000000000000000000000000000000000000000000000000000000000000000000000000000000000000000000000000000000000000000000000000000000000000000000000000000000000000000000000000000000000000000000000000>;
P_000002e5c7f09d40 .param/l "INIT_A" 0 3 1517, C4<0000000000000000000000000000000000000000000000000000000000000000000000000000000000000000000000000000000000000000000000000000000000000000000000000000000000000000000000000000000000000000000000000000000000000000000000000000000000000000000000000000000000000000>;
P_000002e5c7f09d78 .param/l "INIT_B" 0 3 1518, C4<0000000000000000000000000000000000000000000000000000000000000000000000000000000000000000000000000000000000000000000000000000000000000000000000000000000000000000000000000000000000000000000000000000000000000000000000000000000000000000000000000000000000000000>;
P_000002e5c7f09db0 .param/l "INIT_C" 0 3 1519, C4<0000000000000000000000000000000000000000000000000000000000000000000000000000000000000000000000000000000000000000000000000000000000000000000000000000000000000000000000000000000000000000000000000000000000000000000000000000000000000000000000000000000000000000>;
P_000002e5c7f09de8 .param/l "INIT_D" 0 3 1520, C4<0000000000000000000000000000000000000000000000000000000000000000000000000000000000000000000000000000000000000000000000000000000000000000000000000000000000000000000000000000000000000000000000000000000000000000000000000000000000000000000000000000000000000000>;
P_000002e5c7f09e20 .param/l "INIT_E" 0 3 1521, C4<0000000000000000000000000000000000000000000000000000000000000000000000000000000000000000000000000000000000000000000000000000000000000000000000000000000000000000000000000000000000000000000000000000000000000000000000000000000000000000000000000000000000000000>;
P_000002e5c7f09e58 .param/l "INIT_F" 0 3 1522, C4<0000000000000000000000000000000000000000000000000000000000000000000000000000000000000000000000000000000000000000000000000000000000000000000000000000000000000000000000000000000000000000000000000000000000000000000000000000000000000000000000000000000000000000>;
P_000002e5c7f09e90 .param/str "INIT_FILE" 0 3 1524, "\000";
P_000002e5c7f09ec8 .param/l "READ_MODE" 0 3 1505, +C4<00000000000000000000000000000000>;
P_000002e5c7f09f00 .param/l "WRITE_MODE" 0 3 1504, +C4<00000000000000000000000000000000>;
v000002e5c7ef7d30_0 .net "MASK", 15 0, o000002e5c7ead0d8;  alias, 0 drivers
v000002e5c7ef94f0_0 .net "RADDR", 10 0, o000002e5c7ead108;  alias, 0 drivers
v000002e5c7ef9810_0 .net "RCLK", 0 0, L_000002e5c7c80200;  1 drivers
v000002e5c7ef8b90_0 .net "RCLKE", 0 0, o000002e5c7ead168;  alias, 0 drivers
v000002e5c7ef7bf0_0 .net "RDATA", 15 0, L_000002e5c7cae670;  alias, 1 drivers
v000002e5c7ef8d70_0 .var "RDATA_I", 15 0;
v000002e5c7ef8c30_0 .net "RE", 0 0, o000002e5c7ead1f8;  alias, 0 drivers
L_000002e5c7f14ed8 .functor BUFT 1, C4<0000000000000000>, C4<0>, C4<0>, C4<0>;
v000002e5c7ef9950_0 .net "RMASK_I", 15 0, L_000002e5c7f14ed8;  1 drivers
v000002e5c7ef7790_0 .net "WADDR", 10 0, o000002e5c7ead258;  alias, 0 drivers
v000002e5c7ef9bd0_0 .net "WCLK", 0 0, L_000002e5c7c7fc50;  1 drivers
v000002e5c7ef9db0_0 .net "WCLKE", 0 0, o000002e5c7ead2b8;  alias, 0 drivers
v000002e5c7ef9e50_0 .net "WDATA", 15 0, o000002e5c7ead2e8;  alias, 0 drivers
v000002e5c7ef7830_0 .net "WDATA_I", 15 0, L_000002e5c7cae130;  1 drivers
v000002e5c7ef78d0_0 .net "WE", 0 0, o000002e5c7ead348;  alias, 0 drivers
v000002e5c7ef7e70_0 .net "WMASK_I", 15 0, L_000002e5c7d34230;  1 drivers
v000002e5c7ef7fb0_0 .var/i "i", 31 0;
v000002e5c7ef8230 .array "memory", 255 0, 15 0;
E_000002e5c7e75950 .event posedge, v000002e5c7ef9810_0;
E_000002e5c7e75c90 .event posedge, v000002e5c7ef9bd0_0;
S_000002e5c7f09450 .scope generate, "genblk1" "genblk1" 3 1534, 3 1534 0, S_000002e5c7f092c0;
 .timescale -12 -12;
L_000002e5c7d34230 .functor BUFZ 16, o000002e5c7ead0d8, C4<0000000000000000>, C4<0000000000000000>, C4<0000000000000000>;
S_000002e5c7f08320 .scope generate, "genblk2" "genblk2" 3 1555, 3 1555 0, S_000002e5c7f092c0;
 .timescale -12 -12;
S_000002e5c7f09770 .scope generate, "genblk3" "genblk3" 3 1576, 3 1576 0, S_000002e5c7f092c0;
 .timescale -12 -12;
L_000002e5c7cae130 .functor BUFZ 16, o000002e5c7ead2e8, C4<0000000000000000>, C4<0000000000000000>, C4<0000000000000000>;
S_000002e5c7f084b0 .scope generate, "genblk4" "genblk4" 3 1595, 3 1595 0, S_000002e5c7f092c0;
 .timescale -12 -12;
L_000002e5c7cae670 .functor BUFZ 16, v000002e5c7ef8d70_0, C4<0000000000000000>, C4<0000000000000000>, C4<0000000000000000>;
S_000002e5c7e82940 .scope module, "SB_RAM40_4KNW" "SB_RAM40_4KNW" 3 1862;
 .timescale -12 -12;
    .port_info 0 /OUTPUT 16 "RDATA";
    .port_info 1 /INPUT 1 "RCLK";
    .port_info 2 /INPUT 1 "RCLKE";
    .port_info 3 /INPUT 1 "RE";
    .port_info 4 /INPUT 11 "RADDR";
    .port_info 5 /INPUT 1 "WCLKN";
    .port_info 6 /INPUT 1 "WCLKE";
    .port_info 7 /INPUT 1 "WE";
    .port_info 8 /INPUT 11 "WADDR";
    .port_info 9 /INPUT 16 "MASK";
    .port_info 10 /INPUT 16 "WDATA";
P_000002e5c7e868f0 .param/l "INIT_0" 0 3 1878, C4<0000000000000000000000000000000000000000000000000000000000000000000000000000000000000000000000000000000000000000000000000000000000000000000000000000000000000000000000000000000000000000000000000000000000000000000000000000000000000000000000000000000000000000>;
P_000002e5c7e86928 .param/l "INIT_1" 0 3 1879, C4<0000000000000000000000000000000000000000000000000000000000000000000000000000000000000000000000000000000000000000000000000000000000000000000000000000000000000000000000000000000000000000000000000000000000000000000000000000000000000000000000000000000000000000>;
P_000002e5c7e86960 .param/l "INIT_2" 0 3 1880, C4<0000000000000000000000000000000000000000000000000000000000000000000000000000000000000000000000000000000000000000000000000000000000000000000000000000000000000000000000000000000000000000000000000000000000000000000000000000000000000000000000000000000000000000>;
P_000002e5c7e86998 .param/l "INIT_3" 0 3 1881, C4<0000000000000000000000000000000000000000000000000000000000000000000000000000000000000000000000000000000000000000000000000000000000000000000000000000000000000000000000000000000000000000000000000000000000000000000000000000000000000000000000000000000000000000>;
P_000002e5c7e869d0 .param/l "INIT_4" 0 3 1882, C4<0000000000000000000000000000000000000000000000000000000000000000000000000000000000000000000000000000000000000000000000000000000000000000000000000000000000000000000000000000000000000000000000000000000000000000000000000000000000000000000000000000000000000000>;
P_000002e5c7e86a08 .param/l "INIT_5" 0 3 1883, C4<0000000000000000000000000000000000000000000000000000000000000000000000000000000000000000000000000000000000000000000000000000000000000000000000000000000000000000000000000000000000000000000000000000000000000000000000000000000000000000000000000000000000000000>;
P_000002e5c7e86a40 .param/l "INIT_6" 0 3 1884, C4<0000000000000000000000000000000000000000000000000000000000000000000000000000000000000000000000000000000000000000000000000000000000000000000000000000000000000000000000000000000000000000000000000000000000000000000000000000000000000000000000000000000000000000>;
P_000002e5c7e86a78 .param/l "INIT_7" 0 3 1885, C4<0000000000000000000000000000000000000000000000000000000000000000000000000000000000000000000000000000000000000000000000000000000000000000000000000000000000000000000000000000000000000000000000000000000000000000000000000000000000000000000000000000000000000000>;
P_000002e5c7e86ab0 .param/l "INIT_8" 0 3 1886, C4<0000000000000000000000000000000000000000000000000000000000000000000000000000000000000000000000000000000000000000000000000000000000000000000000000000000000000000000000000000000000000000000000000000000000000000000000000000000000000000000000000000000000000000>;
P_000002e5c7e86ae8 .param/l "INIT_9" 0 3 1887, C4<0000000000000000000000000000000000000000000000000000000000000000000000000000000000000000000000000000000000000000000000000000000000000000000000000000000000000000000000000000000000000000000000000000000000000000000000000000000000000000000000000000000000000000>;
P_000002e5c7e86b20 .param/l "INIT_A" 0 3 1888, C4<0000000000000000000000000000000000000000000000000000000000000000000000000000000000000000000000000000000000000000000000000000000000000000000000000000000000000000000000000000000000000000000000000000000000000000000000000000000000000000000000000000000000000000>;
P_000002e5c7e86b58 .param/l "INIT_B" 0 3 1889, C4<0000000000000000000000000000000000000000000000000000000000000000000000000000000000000000000000000000000000000000000000000000000000000000000000000000000000000000000000000000000000000000000000000000000000000000000000000000000000000000000000000000000000000000>;
P_000002e5c7e86b90 .param/l "INIT_C" 0 3 1890, C4<0000000000000000000000000000000000000000000000000000000000000000000000000000000000000000000000000000000000000000000000000000000000000000000000000000000000000000000000000000000000000000000000000000000000000000000000000000000000000000000000000000000000000000>;
P_000002e5c7e86bc8 .param/l "INIT_D" 0 3 1891, C4<0000000000000000000000000000000000000000000000000000000000000000000000000000000000000000000000000000000000000000000000000000000000000000000000000000000000000000000000000000000000000000000000000000000000000000000000000000000000000000000000000000000000000000>;
P_000002e5c7e86c00 .param/l "INIT_E" 0 3 1892, C4<0000000000000000000000000000000000000000000000000000000000000000000000000000000000000000000000000000000000000000000000000000000000000000000000000000000000000000000000000000000000000000000000000000000000000000000000000000000000000000000000000000000000000000>;
P_000002e5c7e86c38 .param/l "INIT_F" 0 3 1893, C4<0000000000000000000000000000000000000000000000000000000000000000000000000000000000000000000000000000000000000000000000000000000000000000000000000000000000000000000000000000000000000000000000000000000000000000000000000000000000000000000000000000000000000000>;
P_000002e5c7e86c70 .param/str "INIT_FILE" 0 3 1895, "\000";
P_000002e5c7e86ca8 .param/l "READ_MODE" 0 3 1876, +C4<00000000000000000000000000000000>;
P_000002e5c7e86ce0 .param/l "WRITE_MODE" 0 3 1875, +C4<00000000000000000000000000000000>;
o000002e5c7eadd68 .functor BUFZ 1, c4<z>; HiZ drive
L_000002e5c7f87e90 .functor NOT 1, o000002e5c7eadd68, C4<0>, C4<0>, C4<0>;
o000002e5c7ead858 .functor BUFZ 16, c4<zzzzzzzzzzzzzzzz>; HiZ drive
v000002e5c7f0f540_0 .net "MASK", 15 0, o000002e5c7ead858;  0 drivers
o000002e5c7ead888 .functor BUFZ 11, c4<zzzzzzzzzzz>; HiZ drive
v000002e5c7f10b20_0 .net "RADDR", 10 0, o000002e5c7ead888;  0 drivers
o000002e5c7ead8b8 .functor BUFZ 1, c4<z>; HiZ drive
v000002e5c7f11340_0 .net "RCLK", 0 0, o000002e5c7ead8b8;  0 drivers
o000002e5c7ead8e8 .functor BUFZ 1, c4<z>; HiZ drive
v000002e5c7f0f5e0_0 .net "RCLKE", 0 0, o000002e5c7ead8e8;  0 drivers
v000002e5c7f0f720_0 .net "RDATA", 15 0, L_000002e5c7f880c0;  1 drivers
o000002e5c7ead978 .functor BUFZ 1, c4<z>; HiZ drive
v000002e5c7f10d00_0 .net "RE", 0 0, o000002e5c7ead978;  0 drivers
o000002e5c7ead9d8 .functor BUFZ 11, c4<zzzzzzzzzzz>; HiZ drive
v000002e5c7f0f220_0 .net "WADDR", 10 0, o000002e5c7ead9d8;  0 drivers
o000002e5c7eada38 .functor BUFZ 1, c4<z>; HiZ drive
v000002e5c7f115c0_0 .net "WCLKE", 0 0, o000002e5c7eada38;  0 drivers
v000002e5c7f113e0_0 .net "WCLKN", 0 0, o000002e5c7eadd68;  0 drivers
o000002e5c7eada68 .functor BUFZ 16, c4<zzzzzzzzzzzzzzzz>; HiZ drive
v000002e5c7f0f7c0_0 .net "WDATA", 15 0, o000002e5c7eada68;  0 drivers
o000002e5c7eadac8 .functor BUFZ 1, c4<z>; HiZ drive
v000002e5c7f108a0_0 .net "WE", 0 0, o000002e5c7eadac8;  0 drivers
S_000002e5c7f09900 .scope module, "RAM" "SB_RAM40_4K" 3 1917, 3 1487 0, S_000002e5c7e82940;
 .timescale -12 -12;
    .port_info 0 /OUTPUT 16 "RDATA";
    .port_info 1 /INPUT 1 "RCLK";
    .port_info 2 /INPUT 1 "RCLKE";
    .port_info 3 /INPUT 1 "RE";
    .port_info 4 /INPUT 11 "RADDR";
    .port_info 5 /INPUT 1 "WCLK";
    .port_info 6 /INPUT 1 "WCLKE";
    .port_info 7 /INPUT 1 "WE";
    .port_info 8 /INPUT 11 "WADDR";
    .port_info 9 /INPUT 16 "MASK";
    .port_info 10 /INPUT 16 "WDATA";
P_000002e5c7f11f50 .param/l "INIT_0" 0 3 1507, C4<0000000000000000000000000000000000000000000000000000000000000000000000000000000000000000000000000000000000000000000000000000000000000000000000000000000000000000000000000000000000000000000000000000000000000000000000000000000000000000000000000000000000000000>;
P_000002e5c7f11f88 .param/l "INIT_1" 0 3 1508, C4<0000000000000000000000000000000000000000000000000000000000000000000000000000000000000000000000000000000000000000000000000000000000000000000000000000000000000000000000000000000000000000000000000000000000000000000000000000000000000000000000000000000000000000>;
P_000002e5c7f11fc0 .param/l "INIT_2" 0 3 1509, C4<0000000000000000000000000000000000000000000000000000000000000000000000000000000000000000000000000000000000000000000000000000000000000000000000000000000000000000000000000000000000000000000000000000000000000000000000000000000000000000000000000000000000000000>;
P_000002e5c7f11ff8 .param/l "INIT_3" 0 3 1510, C4<0000000000000000000000000000000000000000000000000000000000000000000000000000000000000000000000000000000000000000000000000000000000000000000000000000000000000000000000000000000000000000000000000000000000000000000000000000000000000000000000000000000000000000>;
P_000002e5c7f12030 .param/l "INIT_4" 0 3 1511, C4<0000000000000000000000000000000000000000000000000000000000000000000000000000000000000000000000000000000000000000000000000000000000000000000000000000000000000000000000000000000000000000000000000000000000000000000000000000000000000000000000000000000000000000>;
P_000002e5c7f12068 .param/l "INIT_5" 0 3 1512, C4<0000000000000000000000000000000000000000000000000000000000000000000000000000000000000000000000000000000000000000000000000000000000000000000000000000000000000000000000000000000000000000000000000000000000000000000000000000000000000000000000000000000000000000>;
P_000002e5c7f120a0 .param/l "INIT_6" 0 3 1513, C4<0000000000000000000000000000000000000000000000000000000000000000000000000000000000000000000000000000000000000000000000000000000000000000000000000000000000000000000000000000000000000000000000000000000000000000000000000000000000000000000000000000000000000000>;
P_000002e5c7f120d8 .param/l "INIT_7" 0 3 1514, C4<0000000000000000000000000000000000000000000000000000000000000000000000000000000000000000000000000000000000000000000000000000000000000000000000000000000000000000000000000000000000000000000000000000000000000000000000000000000000000000000000000000000000000000>;
P_000002e5c7f12110 .param/l "INIT_8" 0 3 1515, C4<0000000000000000000000000000000000000000000000000000000000000000000000000000000000000000000000000000000000000000000000000000000000000000000000000000000000000000000000000000000000000000000000000000000000000000000000000000000000000000000000000000000000000000>;
P_000002e5c7f12148 .param/l "INIT_9" 0 3 1516, C4<0000000000000000000000000000000000000000000000000000000000000000000000000000000000000000000000000000000000000000000000000000000000000000000000000000000000000000000000000000000000000000000000000000000000000000000000000000000000000000000000000000000000000000>;
P_000002e5c7f12180 .param/l "INIT_A" 0 3 1517, C4<0000000000000000000000000000000000000000000000000000000000000000000000000000000000000000000000000000000000000000000000000000000000000000000000000000000000000000000000000000000000000000000000000000000000000000000000000000000000000000000000000000000000000000>;
P_000002e5c7f121b8 .param/l "INIT_B" 0 3 1518, C4<0000000000000000000000000000000000000000000000000000000000000000000000000000000000000000000000000000000000000000000000000000000000000000000000000000000000000000000000000000000000000000000000000000000000000000000000000000000000000000000000000000000000000000>;
P_000002e5c7f121f0 .param/l "INIT_C" 0 3 1519, C4<0000000000000000000000000000000000000000000000000000000000000000000000000000000000000000000000000000000000000000000000000000000000000000000000000000000000000000000000000000000000000000000000000000000000000000000000000000000000000000000000000000000000000000>;
P_000002e5c7f12228 .param/l "INIT_D" 0 3 1520, C4<0000000000000000000000000000000000000000000000000000000000000000000000000000000000000000000000000000000000000000000000000000000000000000000000000000000000000000000000000000000000000000000000000000000000000000000000000000000000000000000000000000000000000000>;
P_000002e5c7f12260 .param/l "INIT_E" 0 3 1521, C4<0000000000000000000000000000000000000000000000000000000000000000000000000000000000000000000000000000000000000000000000000000000000000000000000000000000000000000000000000000000000000000000000000000000000000000000000000000000000000000000000000000000000000000>;
P_000002e5c7f12298 .param/l "INIT_F" 0 3 1522, C4<0000000000000000000000000000000000000000000000000000000000000000000000000000000000000000000000000000000000000000000000000000000000000000000000000000000000000000000000000000000000000000000000000000000000000000000000000000000000000000000000000000000000000000>;
P_000002e5c7f122d0 .param/str "INIT_FILE" 0 3 1524, "\000";
P_000002e5c7f12308 .param/l "READ_MODE" 0 3 1505, +C4<00000000000000000000000000000000>;
P_000002e5c7f12340 .param/l "WRITE_MODE" 0 3 1504, +C4<00000000000000000000000000000000>;
v000002e5c7f11660_0 .net "MASK", 15 0, o000002e5c7ead858;  alias, 0 drivers
v000002e5c7f10800_0 .net "RADDR", 10 0, o000002e5c7ead888;  alias, 0 drivers
v000002e5c7f0f2c0_0 .net "RCLK", 0 0, o000002e5c7ead8b8;  alias, 0 drivers
v000002e5c7f10a80_0 .net "RCLKE", 0 0, o000002e5c7ead8e8;  alias, 0 drivers
v000002e5c7f10e40_0 .net "RDATA", 15 0, L_000002e5c7f880c0;  alias, 1 drivers
v000002e5c7f0f360_0 .var "RDATA_I", 15 0;
v000002e5c7f106c0_0 .net "RE", 0 0, o000002e5c7ead978;  alias, 0 drivers
L_000002e5c7f14f20 .functor BUFT 1, C4<0000000000000000>, C4<0>, C4<0>, C4<0>;
v000002e5c7f11200_0 .net "RMASK_I", 15 0, L_000002e5c7f14f20;  1 drivers
v000002e5c7f0f040_0 .net "WADDR", 10 0, o000002e5c7ead9d8;  alias, 0 drivers
v000002e5c7f10c60_0 .net "WCLK", 0 0, L_000002e5c7f87e90;  1 drivers
v000002e5c7f0fa40_0 .net "WCLKE", 0 0, o000002e5c7eada38;  alias, 0 drivers
v000002e5c7f10760_0 .net "WDATA", 15 0, o000002e5c7eada68;  alias, 0 drivers
v000002e5c7f11480_0 .net "WDATA_I", 15 0, L_000002e5c7f881a0;  1 drivers
v000002e5c7f0f400_0 .net "WE", 0 0, o000002e5c7eadac8;  alias, 0 drivers
v000002e5c7f112a0_0 .net "WMASK_I", 15 0, L_000002e5c7f87020;  1 drivers
v000002e5c7f0f900_0 .var/i "i", 31 0;
v000002e5c7f0f680 .array "memory", 255 0, 15 0;
E_000002e5c7e75710 .event posedge, v000002e5c7f0f2c0_0;
E_000002e5c7e74d10 .event posedge, v000002e5c7f10c60_0;
S_000002e5c7f07b50 .scope generate, "genblk1" "genblk1" 3 1534, 3 1534 0, S_000002e5c7f09900;
 .timescale -12 -12;
L_000002e5c7f87020 .functor BUFZ 16, o000002e5c7ead858, C4<0000000000000000>, C4<0000000000000000>, C4<0000000000000000>;
S_000002e5c7f07e70 .scope generate, "genblk2" "genblk2" 3 1555, 3 1555 0, S_000002e5c7f09900;
 .timescale -12 -12;
S_000002e5c7f08640 .scope generate, "genblk3" "genblk3" 3 1576, 3 1576 0, S_000002e5c7f09900;
 .timescale -12 -12;
L_000002e5c7f881a0 .functor BUFZ 16, o000002e5c7eada68, C4<0000000000000000>, C4<0000000000000000>, C4<0000000000000000>;
S_000002e5c7f07ce0 .scope generate, "genblk4" "genblk4" 3 1595, 3 1595 0, S_000002e5c7f09900;
 .timescale -12 -12;
L_000002e5c7f880c0 .functor BUFZ 16, v000002e5c7f0f360_0, C4<0000000000000000>, C4<0000000000000000>, C4<0000000000000000>;
S_000002e5c7e88350 .scope module, "SB_RGBA_DRV" "SB_RGBA_DRV" 3 2692;
 .timescale -12 -12;
    .port_info 0 /INPUT 1 "CURREN";
    .port_info 1 /INPUT 1 "RGBLEDEN";
    .port_info 2 /INPUT 1 "RGB0PWM";
    .port_info 3 /INPUT 1 "RGB1PWM";
    .port_info 4 /INPUT 1 "RGB2PWM";
    .port_info 5 /OUTPUT 1 "RGB0";
    .port_info 6 /OUTPUT 1 "RGB1";
    .port_info 7 /OUTPUT 1 "RGB2";
P_000002e5c7c08730 .param/str "CURRENT_MODE" 0 3 2702, "0b0";
P_000002e5c7c08768 .param/str "RGB0_CURRENT" 0 3 2703, "0b000000";
P_000002e5c7c087a0 .param/str "RGB1_CURRENT" 0 3 2704, "0b000000";
P_000002e5c7c087d8 .param/str "RGB2_CURRENT" 0 3 2705, "0b000000";
o000002e5c7eadfa8 .functor BUFZ 1, c4<z>; HiZ drive
v000002e5c7f0fea0_0 .net "CURREN", 0 0, o000002e5c7eadfa8;  0 drivers
o000002e5c7eadfd8 .functor BUFZ 1, c4<z>; HiZ drive
v000002e5c7f0f4a0_0 .net "RGB0", 0 0, o000002e5c7eadfd8;  0 drivers
o000002e5c7eae008 .functor BUFZ 1, c4<z>; HiZ drive
v000002e5c7f11160_0 .net "RGB0PWM", 0 0, o000002e5c7eae008;  0 drivers
o000002e5c7eae038 .functor BUFZ 1, c4<z>; HiZ drive
v000002e5c7f110c0_0 .net "RGB1", 0 0, o000002e5c7eae038;  0 drivers
o000002e5c7eae068 .functor BUFZ 1, c4<z>; HiZ drive
v000002e5c7f10940_0 .net "RGB1PWM", 0 0, o000002e5c7eae068;  0 drivers
o000002e5c7eae098 .functor BUFZ 1, c4<z>; HiZ drive
v000002e5c7f10120_0 .net "RGB2", 0 0, o000002e5c7eae098;  0 drivers
o000002e5c7eae0c8 .functor BUFZ 1, c4<z>; HiZ drive
v000002e5c7f10bc0_0 .net "RGB2PWM", 0 0, o000002e5c7eae0c8;  0 drivers
o000002e5c7eae0f8 .functor BUFZ 1, c4<z>; HiZ drive
v000002e5c7f11520_0 .net "RGBLEDEN", 0 0, o000002e5c7eae0f8;  0 drivers
S_000002e5c7e88670 .scope module, "SB_RGB_DRV" "SB_RGB_DRV" 3 2716;
 .timescale -12 -12;
    .port_info 0 /INPUT 1 "RGBLEDEN";
    .port_info 1 /INPUT 1 "RGB0PWM";
    .port_info 2 /INPUT 1 "RGB1PWM";
    .port_info 3 /INPUT 1 "RGB2PWM";
    .port_info 4 /INPUT 1 "RGBPU";
    .port_info 5 /OUTPUT 1 "RGB0";
    .port_info 6 /OUTPUT 1 "RGB1";
    .port_info 7 /OUTPUT 1 "RGB2";
P_000002e5c7bb6aa0 .param/str "CURRENT_MODE" 0 3 2726, "0b0";
P_000002e5c7bb6ad8 .param/str "RGB0_CURRENT" 0 3 2727, "0b000000";
P_000002e5c7bb6b10 .param/str "RGB1_CURRENT" 0 3 2728, "0b000000";
P_000002e5c7bb6b48 .param/str "RGB2_CURRENT" 0 3 2729, "0b000000";
o000002e5c7eae2a8 .functor BUFZ 1, c4<z>; HiZ drive
v000002e5c7f10ee0_0 .net "RGB0", 0 0, o000002e5c7eae2a8;  0 drivers
o000002e5c7eae2d8 .functor BUFZ 1, c4<z>; HiZ drive
v000002e5c7f11700_0 .net "RGB0PWM", 0 0, o000002e5c7eae2d8;  0 drivers
o000002e5c7eae308 .functor BUFZ 1, c4<z>; HiZ drive
v000002e5c7f101c0_0 .net "RGB1", 0 0, o000002e5c7eae308;  0 drivers
o000002e5c7eae338 .functor BUFZ 1, c4<z>; HiZ drive
v000002e5c7f11020_0 .net "RGB1PWM", 0 0, o000002e5c7eae338;  0 drivers
o000002e5c7eae368 .functor BUFZ 1, c4<z>; HiZ drive
v000002e5c7f0efa0_0 .net "RGB2", 0 0, o000002e5c7eae368;  0 drivers
o000002e5c7eae398 .functor BUFZ 1, c4<z>; HiZ drive
v000002e5c7f0f9a0_0 .net "RGB2PWM", 0 0, o000002e5c7eae398;  0 drivers
o000002e5c7eae3c8 .functor BUFZ 1, c4<z>; HiZ drive
v000002e5c7f0f0e0_0 .net "RGBLEDEN", 0 0, o000002e5c7eae3c8;  0 drivers
o000002e5c7eae3f8 .functor BUFZ 1, c4<z>; HiZ drive
v000002e5c7f10da0_0 .net "RGBPU", 0 0, o000002e5c7eae3f8;  0 drivers
S_000002e5c7e88800 .scope module, "SB_SPI" "SB_SPI" 3 2776;
 .timescale -12 -12;
    .port_info 0 /INPUT 1 "SBCLKI";
    .port_info 1 /INPUT 1 "SBRWI";
    .port_info 2 /INPUT 1 "SBSTBI";
    .port_info 3 /INPUT 1 "SBADRI7";
    .port_info 4 /INPUT 1 "SBADRI6";
    .port_info 5 /INPUT 1 "SBADRI5";
    .port_info 6 /INPUT 1 "SBADRI4";
    .port_info 7 /INPUT 1 "SBADRI3";
    .port_info 8 /INPUT 1 "SBADRI2";
    .port_info 9 /INPUT 1 "SBADRI1";
    .port_info 10 /INPUT 1 "SBADRI0";
    .port_info 11 /INPUT 1 "SBDATI7";
    .port_info 12 /INPUT 1 "SBDATI6";
    .port_info 13 /INPUT 1 "SBDATI5";
    .port_info 14 /INPUT 1 "SBDATI4";
    .port_info 15 /INPUT 1 "SBDATI3";
    .port_info 16 /INPUT 1 "SBDATI2";
    .port_info 17 /INPUT 1 "SBDATI1";
    .port_info 18 /INPUT 1 "SBDATI0";
    .port_info 19 /INPUT 1 "MI";
    .port_info 20 /INPUT 1 "SI";
    .port_info 21 /INPUT 1 "SCKI";
    .port_info 22 /INPUT 1 "SCSNI";
    .port_info 23 /OUTPUT 1 "SBDATO7";
    .port_info 24 /OUTPUT 1 "SBDATO6";
    .port_info 25 /OUTPUT 1 "SBDATO5";
    .port_info 26 /OUTPUT 1 "SBDATO4";
    .port_info 27 /OUTPUT 1 "SBDATO3";
    .port_info 28 /OUTPUT 1 "SBDATO2";
    .port_info 29 /OUTPUT 1 "SBDATO1";
    .port_info 30 /OUTPUT 1 "SBDATO0";
    .port_info 31 /OUTPUT 1 "SBACKO";
    .port_info 32 /OUTPUT 1 "SPIIRQ";
    .port_info 33 /OUTPUT 1 "SPIWKUP";
    .port_info 34 /OUTPUT 1 "SO";
    .port_info 35 /OUTPUT 1 "SOE";
    .port_info 36 /OUTPUT 1 "MO";
    .port_info 37 /OUTPUT 1 "MOE";
    .port_info 38 /OUTPUT 1 "SCKO";
    .port_info 39 /OUTPUT 1 "SCKOE";
    .port_info 40 /OUTPUT 1 "MCSNO3";
    .port_info 41 /OUTPUT 1 "MCSNO2";
    .port_info 42 /OUTPUT 1 "MCSNO1";
    .port_info 43 /OUTPUT 1 "MCSNO0";
    .port_info 44 /OUTPUT 1 "MCSNOE3";
    .port_info 45 /OUTPUT 1 "MCSNOE2";
    .port_info 46 /OUTPUT 1 "MCSNOE1";
    .port_info 47 /OUTPUT 1 "MCSNOE0";
P_000002e5c7e74c90 .param/str "BUS_ADDR74" 0 3 2826, "0b0000";
o000002e5c7eae5a8 .functor BUFZ 1, c4<z>; HiZ drive
v000002e5c7f10f80_0 .net "MCSNO0", 0 0, o000002e5c7eae5a8;  0 drivers
o000002e5c7eae5d8 .functor BUFZ 1, c4<z>; HiZ drive
v000002e5c7f0fae0_0 .net "MCSNO1", 0 0, o000002e5c7eae5d8;  0 drivers
o000002e5c7eae608 .functor BUFZ 1, c4<z>; HiZ drive
v000002e5c7f0f860_0 .net "MCSNO2", 0 0, o000002e5c7eae608;  0 drivers
o000002e5c7eae638 .functor BUFZ 1, c4<z>; HiZ drive
v000002e5c7f0f180_0 .net "MCSNO3", 0 0, o000002e5c7eae638;  0 drivers
o000002e5c7eae668 .functor BUFZ 1, c4<z>; HiZ drive
v000002e5c7f0fb80_0 .net "MCSNOE0", 0 0, o000002e5c7eae668;  0 drivers
o000002e5c7eae698 .functor BUFZ 1, c4<z>; HiZ drive
v000002e5c7f0fc20_0 .net "MCSNOE1", 0 0, o000002e5c7eae698;  0 drivers
o000002e5c7eae6c8 .functor BUFZ 1, c4<z>; HiZ drive
v000002e5c7f0fcc0_0 .net "MCSNOE2", 0 0, o000002e5c7eae6c8;  0 drivers
o000002e5c7eae6f8 .functor BUFZ 1, c4<z>; HiZ drive
v000002e5c7f0fd60_0 .net "MCSNOE3", 0 0, o000002e5c7eae6f8;  0 drivers
o000002e5c7eae728 .functor BUFZ 1, c4<z>; HiZ drive
v000002e5c7f0fe00_0 .net "MI", 0 0, o000002e5c7eae728;  0 drivers
o000002e5c7eae758 .functor BUFZ 1, c4<z>; HiZ drive
v000002e5c7f0ff40_0 .net "MO", 0 0, o000002e5c7eae758;  0 drivers
o000002e5c7eae788 .functor BUFZ 1, c4<z>; HiZ drive
v000002e5c7f0ffe0_0 .net "MOE", 0 0, o000002e5c7eae788;  0 drivers
o000002e5c7eae7b8 .functor BUFZ 1, c4<z>; HiZ drive
v000002e5c7f10080_0 .net "SBACKO", 0 0, o000002e5c7eae7b8;  0 drivers
o000002e5c7eae7e8 .functor BUFZ 1, c4<z>; HiZ drive
v000002e5c7f10260_0 .net "SBADRI0", 0 0, o000002e5c7eae7e8;  0 drivers
o000002e5c7eae818 .functor BUFZ 1, c4<z>; HiZ drive
v000002e5c7f10300_0 .net "SBADRI1", 0 0, o000002e5c7eae818;  0 drivers
o000002e5c7eae848 .functor BUFZ 1, c4<z>; HiZ drive
v000002e5c7f103a0_0 .net "SBADRI2", 0 0, o000002e5c7eae848;  0 drivers
o000002e5c7eae878 .functor BUFZ 1, c4<z>; HiZ drive
v000002e5c7f104e0_0 .net "SBADRI3", 0 0, o000002e5c7eae878;  0 drivers
o000002e5c7eae8a8 .functor BUFZ 1, c4<z>; HiZ drive
v000002e5c7f10440_0 .net "SBADRI4", 0 0, o000002e5c7eae8a8;  0 drivers
o000002e5c7eae8d8 .functor BUFZ 1, c4<z>; HiZ drive
v000002e5c7f10580_0 .net "SBADRI5", 0 0, o000002e5c7eae8d8;  0 drivers
o000002e5c7eae908 .functor BUFZ 1, c4<z>; HiZ drive
v000002e5c7f118e0_0 .net "SBADRI6", 0 0, o000002e5c7eae908;  0 drivers
o000002e5c7eae938 .functor BUFZ 1, c4<z>; HiZ drive
v000002e5c7f11a20_0 .net "SBADRI7", 0 0, o000002e5c7eae938;  0 drivers
o000002e5c7eae968 .functor BUFZ 1, c4<z>; HiZ drive
v000002e5c7f11980_0 .net "SBCLKI", 0 0, o000002e5c7eae968;  0 drivers
o000002e5c7eae998 .functor BUFZ 1, c4<z>; HiZ drive
v000002e5c7f117a0_0 .net "SBDATI0", 0 0, o000002e5c7eae998;  0 drivers
o000002e5c7eae9c8 .functor BUFZ 1, c4<z>; HiZ drive
v000002e5c7f11ac0_0 .net "SBDATI1", 0 0, o000002e5c7eae9c8;  0 drivers
o000002e5c7eae9f8 .functor BUFZ 1, c4<z>; HiZ drive
v000002e5c7f11d40_0 .net "SBDATI2", 0 0, o000002e5c7eae9f8;  0 drivers
o000002e5c7eaea28 .functor BUFZ 1, c4<z>; HiZ drive
v000002e5c7f11b60_0 .net "SBDATI3", 0 0, o000002e5c7eaea28;  0 drivers
o000002e5c7eaea58 .functor BUFZ 1, c4<z>; HiZ drive
v000002e5c7f11c00_0 .net "SBDATI4", 0 0, o000002e5c7eaea58;  0 drivers
o000002e5c7eaea88 .functor BUFZ 1, c4<z>; HiZ drive
v000002e5c7f11ca0_0 .net "SBDATI5", 0 0, o000002e5c7eaea88;  0 drivers
o000002e5c7eaeab8 .functor BUFZ 1, c4<z>; HiZ drive
v000002e5c7f11de0_0 .net "SBDATI6", 0 0, o000002e5c7eaeab8;  0 drivers
o000002e5c7eaeae8 .functor BUFZ 1, c4<z>; HiZ drive
v000002e5c7f11e80_0 .net "SBDATI7", 0 0, o000002e5c7eaeae8;  0 drivers
o000002e5c7eaeb18 .functor BUFZ 1, c4<z>; HiZ drive
v000002e5c7f11840_0 .net "SBDATO0", 0 0, o000002e5c7eaeb18;  0 drivers
o000002e5c7eaeb48 .functor BUFZ 1, c4<z>; HiZ drive
v000002e5c7f0b620_0 .net "SBDATO1", 0 0, o000002e5c7eaeb48;  0 drivers
o000002e5c7eaeb78 .functor BUFZ 1, c4<z>; HiZ drive
v000002e5c7f0c2a0_0 .net "SBDATO2", 0 0, o000002e5c7eaeb78;  0 drivers
o000002e5c7eaeba8 .functor BUFZ 1, c4<z>; HiZ drive
v000002e5c7f0c020_0 .net "SBDATO3", 0 0, o000002e5c7eaeba8;  0 drivers
o000002e5c7eaebd8 .functor BUFZ 1, c4<z>; HiZ drive
v000002e5c7f0a720_0 .net "SBDATO4", 0 0, o000002e5c7eaebd8;  0 drivers
o000002e5c7eaec08 .functor BUFZ 1, c4<z>; HiZ drive
v000002e5c7f0a900_0 .net "SBDATO5", 0 0, o000002e5c7eaec08;  0 drivers
o000002e5c7eaec38 .functor BUFZ 1, c4<z>; HiZ drive
v000002e5c7f0c700_0 .net "SBDATO6", 0 0, o000002e5c7eaec38;  0 drivers
o000002e5c7eaec68 .functor BUFZ 1, c4<z>; HiZ drive
v000002e5c7f0bd00_0 .net "SBDATO7", 0 0, o000002e5c7eaec68;  0 drivers
o000002e5c7eaec98 .functor BUFZ 1, c4<z>; HiZ drive
v000002e5c7f0a9a0_0 .net "SBRWI", 0 0, o000002e5c7eaec98;  0 drivers
o000002e5c7eaecc8 .functor BUFZ 1, c4<z>; HiZ drive
v000002e5c7f0a400_0 .net "SBSTBI", 0 0, o000002e5c7eaecc8;  0 drivers
o000002e5c7eaecf8 .functor BUFZ 1, c4<z>; HiZ drive
v000002e5c7f0aa40_0 .net "SCKI", 0 0, o000002e5c7eaecf8;  0 drivers
o000002e5c7eaed28 .functor BUFZ 1, c4<z>; HiZ drive
v000002e5c7f0a5e0_0 .net "SCKO", 0 0, o000002e5c7eaed28;  0 drivers
o000002e5c7eaed58 .functor BUFZ 1, c4<z>; HiZ drive
v000002e5c7f0b8a0_0 .net "SCKOE", 0 0, o000002e5c7eaed58;  0 drivers
o000002e5c7eaed88 .functor BUFZ 1, c4<z>; HiZ drive
v000002e5c7f0b940_0 .net "SCSNI", 0 0, o000002e5c7eaed88;  0 drivers
o000002e5c7eaedb8 .functor BUFZ 1, c4<z>; HiZ drive
v000002e5c7f0bee0_0 .net "SI", 0 0, o000002e5c7eaedb8;  0 drivers
o000002e5c7eaede8 .functor BUFZ 1, c4<z>; HiZ drive
v000002e5c7f0c160_0 .net "SO", 0 0, o000002e5c7eaede8;  0 drivers
o000002e5c7eaee18 .functor BUFZ 1, c4<z>; HiZ drive
v000002e5c7f0b760_0 .net "SOE", 0 0, o000002e5c7eaee18;  0 drivers
o000002e5c7eaee48 .functor BUFZ 1, c4<z>; HiZ drive
v000002e5c7f0bc60_0 .net "SPIIRQ", 0 0, o000002e5c7eaee48;  0 drivers
o000002e5c7eaee78 .functor BUFZ 1, c4<z>; HiZ drive
v000002e5c7f0a860_0 .net "SPIWKUP", 0 0, o000002e5c7eaee78;  0 drivers
S_000002e5c7e86d70 .scope module, "SB_SPRAM256KA" "SB_SPRAM256KA" 3 2600;
 .timescale -12 -12;
    .port_info 0 /INPUT 14 "ADDRESS";
    .port_info 1 /INPUT 16 "DATAIN";
    .port_info 2 /INPUT 4 "MASKWREN";
    .port_info 3 /INPUT 1 "WREN";
    .port_info 4 /INPUT 1 "CHIPSELECT";
    .port_info 5 /INPUT 1 "CLOCK";
    .port_info 6 /INPUT 1 "STANDBY";
    .port_info 7 /INPUT 1 "SLEEP";
    .port_info 8 /INPUT 1 "POWEROFF";
    .port_info 9 /OUTPUT 16 "DATAOUT";
o000002e5c7eaf8f8 .functor BUFZ 1, c4<z>; HiZ drive
L_000002e5c7f86ed0 .functor OR 1, o000002e5c7eaf8f8, L_000002e5c7f7aed0, C4<0>, C4<0>;
o000002e5c7eaf7a8 .functor BUFZ 14, c4<zzzzzzzzzzzzzz>; HiZ drive
v000002e5c7f0a7c0_0 .net "ADDRESS", 13 0, o000002e5c7eaf7a8;  0 drivers
o000002e5c7eaf7d8 .functor BUFZ 1, c4<z>; HiZ drive
v000002e5c7f0b4e0_0 .net "CHIPSELECT", 0 0, o000002e5c7eaf7d8;  0 drivers
o000002e5c7eaf808 .functor BUFZ 1, c4<z>; HiZ drive
v000002e5c7f0aae0_0 .net "CLOCK", 0 0, o000002e5c7eaf808;  0 drivers
o000002e5c7eaf838 .functor BUFZ 16, c4<zzzzzzzzzzzzzzzz>; HiZ drive
v000002e5c7f0a540_0 .net "DATAIN", 15 0, o000002e5c7eaf838;  0 drivers
v000002e5c7f0a4a0_0 .var "DATAOUT", 15 0;
o000002e5c7eaf898 .functor BUFZ 4, c4<zzzz>; HiZ drive
v000002e5c7f0b800_0 .net "MASKWREN", 3 0, o000002e5c7eaf898;  0 drivers
o000002e5c7eaf8c8 .functor BUFZ 1, c4<z>; HiZ drive
v000002e5c7f0bb20_0 .net "POWEROFF", 0 0, o000002e5c7eaf8c8;  0 drivers
v000002e5c7f0be40_0 .net "SLEEP", 0 0, o000002e5c7eaf8f8;  0 drivers
o000002e5c7eaf928 .functor BUFZ 1, c4<z>; HiZ drive
v000002e5c7f0c660_0 .net "STANDBY", 0 0, o000002e5c7eaf928;  0 drivers
o000002e5c7eaf958 .functor BUFZ 1, c4<z>; HiZ drive
v000002e5c7f0bda0_0 .net "WREN", 0 0, o000002e5c7eaf958;  0 drivers
v000002e5c7f0a220_0 .net *"_ivl_1", 0 0, L_000002e5c7f7aed0;  1 drivers
v000002e5c7f0ab80_0 .var/i "i", 31 0;
v000002e5c7f0c340 .array "mem", 16383 0, 15 0;
v000002e5c7f0b9e0_0 .net "off", 0 0, L_000002e5c7f86ed0;  1 drivers
E_000002e5c7e74d50 .event posedge, v000002e5c7f0b9e0_0, v000002e5c7f0aae0_0;
E_000002e5c7e75cd0 .event negedge, v000002e5c7f0bb20_0;
L_000002e5c7f7aed0 .reduce/nor o000002e5c7eaf8c8;
S_000002e5c7e881c0 .scope module, "SB_WARMBOOT" "SB_WARMBOOT" 3 2593;
 .timescale -12 -12;
    .port_info 0 /INPUT 1 "BOOT";
    .port_info 1 /INPUT 1 "S1";
    .port_info 2 /INPUT 1 "S0";
o000002e5c7eafbf8 .functor BUFZ 1, c4<z>; HiZ drive
v000002e5c7f09fa0_0 .net "BOOT", 0 0, o000002e5c7eafbf8;  0 drivers
o000002e5c7eafc28 .functor BUFZ 1, c4<z>; HiZ drive
v000002e5c7f0a360_0 .net "S0", 0 0, o000002e5c7eafc28;  0 drivers
o000002e5c7eafc58 .functor BUFZ 1, c4<z>; HiZ drive
v000002e5c7f0ac20_0 .net "S1", 0 0, o000002e5c7eafc58;  0 drivers
S_000002e5c7e87220 .scope module, "ex6_tb" "ex6_tb" 4 2;
 .timescale -9 -12;
v000002e5c7f0bf80_0 .var/s "din", 15 0;
v000002e5c7f0a040_0 .net/s "r", 7 0, L_000002e5c7f79df0;  1 drivers
v000002e5c7f0ad60_0 .net/s "s", 7 0, v000002e5c7f0b440_0;  1 drivers
v000002e5c7f0ae00_0 .net/s "t", 7 0, L_000002e5c7f79990;  1 drivers
S_000002e5c7f087d0 .scope module, "uut" "trunc_round_sat" 4 5, 5 17 0, S_000002e5c7e87220;
 .timescale -12 -12;
    .port_info 0 /INPUT 16 "data_in";
    .port_info 1 /OUTPUT 8 "data_trunc";
    .port_info 2 /OUTPUT 8 "data_round";
    .port_info 3 /OUTPUT 8 "data_sat";
P_000002e5c7e9eeb0 .param/l "DISCARD_LSBS" 1 5 34, +C4<000000000000000000000000000001000>;
P_000002e5c7e9eee8 .param/l "IN_WIDTH" 0 5 18, +C4<00000000000000000000000000010000>;
P_000002e5c7e9ef20 .param/l "MAX_VAL" 1 5 63, +C4<01111111>;
P_000002e5c7e9ef58 .param/l "MIN_VAL" 1 5 64, +C4<10000000>;
P_000002e5c7e9ef90 .param/l "OUT_WIDTH" 0 5 19, +C4<00000000000000000000000000001000>;
v000002e5c7f0b1c0_0 .net/s "data_in", 15 0, v000002e5c7f0bf80_0;  1 drivers
v000002e5c7f0b260_0 .net/s "data_round", 7 0, L_000002e5c7f79df0;  alias, 1 drivers
v000002e5c7f0b440_0 .var/s "data_sat", 7 0;
v000002e5c7f0acc0_0 .net/s "data_trunc", 7 0, L_000002e5c7f79990;  alias, 1 drivers
L_000002e5c7f14f68 .functor BUFT 1, C4<0000000010000000>, C4<0>, C4<0>, C4<0>;
v000002e5c7f0afe0_0 .net/s "round_add", 15 0, L_000002e5c7f14f68;  1 drivers
v000002e5c7f0a180_0 .net/s "rounded_full", 15 0, L_000002e5c7f7ac50;  1 drivers
E_000002e5c7e74f50 .event anyedge, v000002e5c7f0b1c0_0;
L_000002e5c7f79990 .part v000002e5c7f0bf80_0, 8, 8;
L_000002e5c7f7ac50 .arith/sum 16, v000002e5c7f0bf80_0, L_000002e5c7f14f68;
L_000002e5c7f79df0 .part L_000002e5c7f7ac50, 8, 8;
S_000002e5c7e87540 .scope module, "ex6_top" "ex6_top" 6 1;
 .timescale -12 -12;
    .port_info 0 /OUTPUT 1 "LED_B";
    .port_info 1 /OUTPUT 1 "LED_G";
    .port_info 2 /OUTPUT 1 "LED_R";
    .port_info 3 /INPUT 1 "ICE_SW2";
o000002e5c7eb00d8 .functor BUFZ 1, c4<z>; HiZ drive
v000002e5c7f0b120_0 .net "ICE_SW2", 0 0, o000002e5c7eb00d8;  0 drivers
v000002e5c7f0c200_0 .net "LED_B", 0 0, L_000002e5c7f7bb50;  1 drivers
v000002e5c7f0c3e0_0 .net "LED_G", 0 0, L_000002e5c7f7acf0;  1 drivers
v000002e5c7f0a680_0 .net "LED_R", 0 0, L_000002e5c7f7a890;  1 drivers
L_000002e5c7f14fb0 .functor BUFT 1, C4<0000000010100101>, C4<0>, C4<0>, C4<0>;
v000002e5c7f0b300_0 .net/2u *"_ivl_0", 15 0, L_000002e5c7f14fb0;  1 drivers
L_000002e5c7f14ff8 .functor BUFT 1, C4<1000101000000000>, C4<0>, C4<0>, C4<0>;
v000002e5c7f0c0c0_0 .net/2u *"_ivl_2", 15 0, L_000002e5c7f14ff8;  1 drivers
v000002e5c7f0b3a0_0 .net/s "din", 15 0, L_000002e5c7f7a390;  1 drivers
v000002e5c7f0b6c0_0 .net/s "r", 7 0, L_000002e5c7f7a430;  1 drivers
v000002e5c7f0ba80_0 .net/s "s", 7 0, v000002e5c7f0af40_0;  1 drivers
v000002e5c7f0bbc0_0 .net/s "t", 7 0, L_000002e5c7f7a9d0;  1 drivers
L_000002e5c7f7a390 .functor MUXZ 16, L_000002e5c7f14ff8, L_000002e5c7f14fb0, o000002e5c7eb00d8, C4<>;
L_000002e5c7f7acf0 .part L_000002e5c7f7a9d0, 0, 1;
L_000002e5c7f7a890 .part L_000002e5c7f7a430, 0, 1;
L_000002e5c7f7bb50 .part v000002e5c7f0af40_0, 0, 1;
S_000002e5c7f08e10 .scope module, "inst" "trunc_round_sat" 6 6, 5 17 0, S_000002e5c7e87540;
 .timescale -12 -12;
    .port_info 0 /INPUT 16 "data_in";
    .port_info 1 /OUTPUT 8 "data_trunc";
    .port_info 2 /OUTPUT 8 "data_round";
    .port_info 3 /OUTPUT 8 "data_sat";
P_000002e5c7d35e10 .param/l "DISCARD_LSBS" 1 5 34, +C4<000000000000000000000000000001000>;
P_000002e5c7d35e48 .param/l "IN_WIDTH" 0 5 18, +C4<00000000000000000000000000010000>;
P_000002e5c7d35e80 .param/l "MAX_VAL" 1 5 63, +C4<01111111>;
P_000002e5c7d35eb8 .param/l "MIN_VAL" 1 5 64, +C4<10000000>;
P_000002e5c7d35ef0 .param/l "OUT_WIDTH" 0 5 19, +C4<00000000000000000000000000001000>;
v000002e5c7f0a0e0_0 .net/s "data_in", 15 0, L_000002e5c7f7a390;  alias, 1 drivers
v000002e5c7f0aea0_0 .net/s "data_round", 7 0, L_000002e5c7f7a430;  alias, 1 drivers
v000002e5c7f0af40_0 .var/s "data_sat", 7 0;
v000002e5c7f0a2c0_0 .net/s "data_trunc", 7 0, L_000002e5c7f7a9d0;  alias, 1 drivers
L_000002e5c7f15040 .functor BUFT 1, C4<0000000010000000>, C4<0>, C4<0>, C4<0>;
v000002e5c7f0b080_0 .net/s "round_add", 15 0, L_000002e5c7f15040;  1 drivers
v000002e5c7f0b580_0 .net/s "rounded_full", 15 0, L_000002e5c7f79a30;  1 drivers
E_000002e5c7e75590 .event anyedge, v000002e5c7f0a0e0_0;
L_000002e5c7f7a9d0 .part L_000002e5c7f7a390, 8, 8;
L_000002e5c7f79a30 .arith/sum 16, L_000002e5c7f7a390, L_000002e5c7f15040;
L_000002e5c7f7a430 .part L_000002e5c7f79a30, 8, 8;
    .scope S_000002e5c7cbb220;
T_2 ;
    %pushi/vec4 0, 0, 1;
    %store/vec4 v000002e5c7e9a390_0, 0, 1;
    %pushi/vec4 0, 0, 1;
    %store/vec4 v000002e5c7e9b970_0, 0, 1;
    %end;
    .thread T_2, $init;
    .scope S_000002e5c7cbb220;
T_3 ;
    %wait E_000002e5c7e73f90;
    %load/vec4 v000002e5c7e4a640_0;
    %flag_set/vec4 8;
    %jmp/0xz  T_3.0, 8;
    %load/vec4 v000002e5c7dfd330_0;
    %flag_set/vec4 8;
    %jmp/0 T_3.2, 8;
    %pushi/vec4 0, 0, 1;
    %jmp/1 T_3.3, 8;
T_3.2 ; End of true expr.
    %load/vec4 v000002e5c7e9b1f0_0;
    %jmp/0 T_3.3, 8;
 ; End of false expr.
    %blend;
T_3.3;
    %assign/vec4 v000002e5c7e9a390_0, 0;
T_3.0 ;
    %jmp T_3;
    .thread T_3;
    .scope S_000002e5c7cbb220;
T_4 ;
    %wait E_000002e5c7e73d90;
    %load/vec4 v000002e5c7dfd330_0;
    %flag_set/vec4 8;
    %jmp/0xz  T_4.0, 8;
    %pushi/vec4 0, 0, 1;
    %assign/vec4 v000002e5c7e9b970_0, 0;
    %jmp T_4.1;
T_4.0 ;
    %load/vec4 v000002e5c7e4a640_0;
    %flag_set/vec4 8;
    %jmp/0xz  T_4.2, 8;
    %load/vec4 v000002e5c7e9b1f0_0;
    %assign/vec4 v000002e5c7e9b970_0, 0;
T_4.2 ;
T_4.1 ;
    %jmp T_4;
    .thread T_4;
    .scope S_000002e5c7e86f00;
T_5 ;
    %pushi/vec4 0, 0, 32;
    %store/vec4 v000002e5c7e9b010_0, 0, 32;
T_5.0 ; Top of for-loop
    %load/vec4 v000002e5c7e9b010_0;
    %cmpi/s 16, 0, 32;
	  %jmp/0xz T_5.1, 5;
    %pushi/vec4 0, 0, 256;
    %load/vec4 v000002e5c7e9b010_0;
    %muli 16, 0, 32;
    %part/s 16;
    %pushi/vec4 0, 0, 32;
    %load/vec4 v000002e5c7e9b010_0;
    %add;
    %ix/vec4/s 4;
    %store/vec4a v000002e5c7e9b150, 4, 0;
    %pushi/vec4 0, 0, 256;
    %load/vec4 v000002e5c7e9b010_0;
    %muli 16, 0, 32;
    %part/s 16;
    %pushi/vec4 16, 0, 32;
    %load/vec4 v000002e5c7e9b010_0;
    %add;
    %ix/vec4/s 4;
    %store/vec4a v000002e5c7e9b150, 4, 0;
    %pushi/vec4 0, 0, 256;
    %load/vec4 v000002e5c7e9b010_0;
    %muli 16, 0, 32;
    %part/s 16;
    %pushi/vec4 32, 0, 32;
    %load/vec4 v000002e5c7e9b010_0;
    %add;
    %ix/vec4/s 4;
    %store/vec4a v000002e5c7e9b150, 4, 0;
    %pushi/vec4 0, 0, 256;
    %load/vec4 v000002e5c7e9b010_0;
    %muli 16, 0, 32;
    %part/s 16;
    %pushi/vec4 48, 0, 32;
    %load/vec4 v000002e5c7e9b010_0;
    %add;
    %ix/vec4/s 4;
    %store/vec4a v000002e5c7e9b150, 4, 0;
    %pushi/vec4 0, 0, 256;
    %load/vec4 v000002e5c7e9b010_0;
    %muli 16, 0, 32;
    %part/s 16;
    %pushi/vec4 64, 0, 32;
    %load/vec4 v000002e5c7e9b010_0;
    %add;
    %ix/vec4/s 4;
    %store/vec4a v000002e5c7e9b150, 4, 0;
    %pushi/vec4 0, 0, 256;
    %load/vec4 v000002e5c7e9b010_0;
    %muli 16, 0, 32;
    %part/s 16;
    %pushi/vec4 80, 0, 32;
    %load/vec4 v000002e5c7e9b010_0;
    %add;
    %ix/vec4/s 4;
    %store/vec4a v000002e5c7e9b150, 4, 0;
    %pushi/vec4 0, 0, 256;
    %load/vec4 v000002e5c7e9b010_0;
    %muli 16, 0, 32;
    %part/s 16;
    %pushi/vec4 96, 0, 32;
    %load/vec4 v000002e5c7e9b010_0;
    %add;
    %ix/vec4/s 4;
    %store/vec4a v000002e5c7e9b150, 4, 0;
    %pushi/vec4 0, 0, 256;
    %load/vec4 v000002e5c7e9b010_0;
    %muli 16, 0, 32;
    %part/s 16;
    %pushi/vec4 112, 0, 32;
    %load/vec4 v000002e5c7e9b010_0;
    %add;
    %ix/vec4/s 4;
    %store/vec4a v000002e5c7e9b150, 4, 0;
    %pushi/vec4 0, 0, 256;
    %load/vec4 v000002e5c7e9b010_0;
    %muli 16, 0, 32;
    %part/s 16;
    %pushi/vec4 128, 0, 32;
    %load/vec4 v000002e5c7e9b010_0;
    %add;
    %ix/vec4/s 4;
    %store/vec4a v000002e5c7e9b150, 4, 0;
    %pushi/vec4 0, 0, 256;
    %load/vec4 v000002e5c7e9b010_0;
    %muli 16, 0, 32;
    %part/s 16;
    %pushi/vec4 144, 0, 32;
    %load/vec4 v000002e5c7e9b010_0;
    %add;
    %ix/vec4/s 4;
    %store/vec4a v000002e5c7e9b150, 4, 0;
    %pushi/vec4 0, 0, 256;
    %load/vec4 v000002e5c7e9b010_0;
    %muli 16, 0, 32;
    %part/s 16;
    %pushi/vec4 160, 0, 32;
    %load/vec4 v000002e5c7e9b010_0;
    %add;
    %ix/vec4/s 4;
    %store/vec4a v000002e5c7e9b150, 4, 0;
    %pushi/vec4 0, 0, 256;
    %load/vec4 v000002e5c7e9b010_0;
    %muli 16, 0, 32;
    %part/s 16;
    %pushi/vec4 176, 0, 32;
    %load/vec4 v000002e5c7e9b010_0;
    %add;
    %ix/vec4/s 4;
    %store/vec4a v000002e5c7e9b150, 4, 0;
    %pushi/vec4 0, 0, 256;
    %load/vec4 v000002e5c7e9b010_0;
    %muli 16, 0, 32;
    %part/s 16;
    %pushi/vec4 192, 0, 32;
    %load/vec4 v000002e5c7e9b010_0;
    %add;
    %ix/vec4/s 4;
    %store/vec4a v000002e5c7e9b150, 4, 0;
    %pushi/vec4 0, 0, 256;
    %load/vec4 v000002e5c7e9b010_0;
    %muli 16, 0, 32;
    %part/s 16;
    %pushi/vec4 208, 0, 32;
    %load/vec4 v000002e5c7e9b010_0;
    %add;
    %ix/vec4/s 4;
    %store/vec4a v000002e5c7e9b150, 4, 0;
    %pushi/vec4 0, 0, 256;
    %load/vec4 v000002e5c7e9b010_0;
    %muli 16, 0, 32;
    %part/s 16;
    %pushi/vec4 224, 0, 32;
    %load/vec4 v000002e5c7e9b010_0;
    %add;
    %ix/vec4/s 4;
    %store/vec4a v000002e5c7e9b150, 4, 0;
    %pushi/vec4 0, 0, 256;
    %load/vec4 v000002e5c7e9b010_0;
    %muli 16, 0, 32;
    %part/s 16;
    %pushi/vec4 240, 0, 32;
    %load/vec4 v000002e5c7e9b010_0;
    %add;
    %ix/vec4/s 4;
    %store/vec4a v000002e5c7e9b150, 4, 0;
T_5.2 ; for-loop step statement
    %load/vec4 v000002e5c7e9b010_0;
    %addi 1, 0, 32;
    %store/vec4 v000002e5c7e9b010_0, 0, 32;
    %jmp T_5.0;
T_5.1 ; for-loop exit label
    %end;
    .thread T_5;
    .scope S_000002e5c7e86f00;
T_6 ;
    %wait E_000002e5c7e73dd0;
    %load/vec4 v000002e5c7e9ab10_0;
    %flag_set/vec4 9;
    %flag_get/vec4 9;
    %jmp/0 T_6.2, 9;
    %load/vec4 v000002e5c7e9aa70_0;
    %and;
T_6.2;
    %flag_set/vec4 8;
    %jmp/0xz  T_6.0, 8;
    %load/vec4 v000002e5c7e9ac50_0;
    %parti/s 1, 0, 2;
    %nor/r;
    %flag_set/vec4 8;
    %jmp/0xz  T_6.3, 8;
    %load/vec4 v000002e5c7e9a610_0;
    %parti/s 1, 0, 2;
    %load/vec4 v000002e5c7e9a7f0_0;
    %parti/s 8, 0, 2;
    %pad/u 10;
    %ix/vec4 3;
    %ix/load 4, 0, 0; Constant delay
    %assign/vec4/a/d v000002e5c7e9b150, 0, 4;
T_6.3 ;
    %load/vec4 v000002e5c7e9ac50_0;
    %parti/s 1, 1, 2;
    %nor/r;
    %flag_set/vec4 8;
    %jmp/0xz  T_6.5, 8;
    %load/vec4 v000002e5c7e9a610_0;
    %parti/s 1, 1, 2;
    %load/vec4 v000002e5c7e9a7f0_0;
    %parti/s 8, 0, 2;
    %pad/u 10;
    %ix/vec4 3;
    %ix/load 4, 1, 0; part off
    %ix/load 5, 0, 0; Constant delay
    %assign/vec4/a/d v000002e5c7e9b150, 4, 5;
T_6.5 ;
    %load/vec4 v000002e5c7e9ac50_0;
    %parti/s 1, 2, 3;
    %nor/r;
    %flag_set/vec4 8;
    %jmp/0xz  T_6.7, 8;
    %load/vec4 v000002e5c7e9a610_0;
    %parti/s 1, 2, 3;
    %load/vec4 v000002e5c7e9a7f0_0;
    %parti/s 8, 0, 2;
    %pad/u 10;
    %ix/vec4 3;
    %ix/load 4, 2, 0; part off
    %ix/load 5, 0, 0; Constant delay
    %assign/vec4/a/d v000002e5c7e9b150, 4, 5;
T_6.7 ;
    %load/vec4 v000002e5c7e9ac50_0;
    %parti/s 1, 3, 3;
    %nor/r;
    %flag_set/vec4 8;
    %jmp/0xz  T_6.9, 8;
    %load/vec4 v000002e5c7e9a610_0;
    %parti/s 1, 3, 3;
    %load/vec4 v000002e5c7e9a7f0_0;
    %parti/s 8, 0, 2;
    %pad/u 10;
    %ix/vec4 3;
    %ix/load 4, 3, 0; part off
    %ix/load 5, 0, 0; Constant delay
    %assign/vec4/a/d v000002e5c7e9b150, 4, 5;
T_6.9 ;
    %load/vec4 v000002e5c7e9ac50_0;
    %parti/s 1, 4, 4;
    %nor/r;
    %flag_set/vec4 8;
    %jmp/0xz  T_6.11, 8;
    %load/vec4 v000002e5c7e9a610_0;
    %parti/s 1, 4, 4;
    %load/vec4 v000002e5c7e9a7f0_0;
    %parti/s 8, 0, 2;
    %pad/u 10;
    %ix/vec4 3;
    %ix/load 4, 4, 0; part off
    %ix/load 5, 0, 0; Constant delay
    %assign/vec4/a/d v000002e5c7e9b150, 4, 5;
T_6.11 ;
    %load/vec4 v000002e5c7e9ac50_0;
    %parti/s 1, 5, 4;
    %nor/r;
    %flag_set/vec4 8;
    %jmp/0xz  T_6.13, 8;
    %load/vec4 v000002e5c7e9a610_0;
    %parti/s 1, 5, 4;
    %load/vec4 v000002e5c7e9a7f0_0;
    %parti/s 8, 0, 2;
    %pad/u 10;
    %ix/vec4 3;
    %ix/load 4, 5, 0; part off
    %ix/load 5, 0, 0; Constant delay
    %assign/vec4/a/d v000002e5c7e9b150, 4, 5;
T_6.13 ;
    %load/vec4 v000002e5c7e9ac50_0;
    %parti/s 1, 6, 4;
    %nor/r;
    %flag_set/vec4 8;
    %jmp/0xz  T_6.15, 8;
    %load/vec4 v000002e5c7e9a610_0;
    %parti/s 1, 6, 4;
    %load/vec4 v000002e5c7e9a7f0_0;
    %parti/s 8, 0, 2;
    %pad/u 10;
    %ix/vec4 3;
    %ix/load 4, 6, 0; part off
    %ix/load 5, 0, 0; Constant delay
    %assign/vec4/a/d v000002e5c7e9b150, 4, 5;
T_6.15 ;
    %load/vec4 v000002e5c7e9ac50_0;
    %parti/s 1, 7, 4;
    %nor/r;
    %flag_set/vec4 8;
    %jmp/0xz  T_6.17, 8;
    %load/vec4 v000002e5c7e9a610_0;
    %parti/s 1, 7, 4;
    %load/vec4 v000002e5c7e9a7f0_0;
    %parti/s 8, 0, 2;
    %pad/u 10;
    %ix/vec4 3;
    %ix/load 4, 7, 0; part off
    %ix/load 5, 0, 0; Constant delay
    %assign/vec4/a/d v000002e5c7e9b150, 4, 5;
T_6.17 ;
    %load/vec4 v000002e5c7e9ac50_0;
    %parti/s 1, 8, 5;
    %nor/r;
    %flag_set/vec4 8;
    %jmp/0xz  T_6.19, 8;
    %load/vec4 v000002e5c7e9a610_0;
    %parti/s 1, 8, 5;
    %load/vec4 v000002e5c7e9a7f0_0;
    %parti/s 8, 0, 2;
    %pad/u 10;
    %ix/vec4 3;
    %ix/load 4, 8, 0; part off
    %ix/load 5, 0, 0; Constant delay
    %assign/vec4/a/d v000002e5c7e9b150, 4, 5;
T_6.19 ;
    %load/vec4 v000002e5c7e9ac50_0;
    %parti/s 1, 9, 5;
    %nor/r;
    %flag_set/vec4 8;
    %jmp/0xz  T_6.21, 8;
    %load/vec4 v000002e5c7e9a610_0;
    %parti/s 1, 9, 5;
    %load/vec4 v000002e5c7e9a7f0_0;
    %parti/s 8, 0, 2;
    %pad/u 10;
    %ix/vec4 3;
    %ix/load 4, 9, 0; part off
    %ix/load 5, 0, 0; Constant delay
    %assign/vec4/a/d v000002e5c7e9b150, 4, 5;
T_6.21 ;
    %load/vec4 v000002e5c7e9ac50_0;
    %parti/s 1, 10, 5;
    %nor/r;
    %flag_set/vec4 8;
    %jmp/0xz  T_6.23, 8;
    %load/vec4 v000002e5c7e9a610_0;
    %parti/s 1, 10, 5;
    %load/vec4 v000002e5c7e9a7f0_0;
    %parti/s 8, 0, 2;
    %pad/u 10;
    %ix/vec4 3;
    %ix/load 4, 10, 0; part off
    %ix/load 5, 0, 0; Constant delay
    %assign/vec4/a/d v000002e5c7e9b150, 4, 5;
T_6.23 ;
    %load/vec4 v000002e5c7e9ac50_0;
    %parti/s 1, 11, 5;
    %nor/r;
    %flag_set/vec4 8;
    %jmp/0xz  T_6.25, 8;
    %load/vec4 v000002e5c7e9a610_0;
    %parti/s 1, 11, 5;
    %load/vec4 v000002e5c7e9a7f0_0;
    %parti/s 8, 0, 2;
    %pad/u 10;
    %ix/vec4 3;
    %ix/load 4, 11, 0; part off
    %ix/load 5, 0, 0; Constant delay
    %assign/vec4/a/d v000002e5c7e9b150, 4, 5;
T_6.25 ;
    %load/vec4 v000002e5c7e9ac50_0;
    %parti/s 1, 12, 5;
    %nor/r;
    %flag_set/vec4 8;
    %jmp/0xz  T_6.27, 8;
    %load/vec4 v000002e5c7e9a610_0;
    %parti/s 1, 12, 5;
    %load/vec4 v000002e5c7e9a7f0_0;
    %parti/s 8, 0, 2;
    %pad/u 10;
    %ix/vec4 3;
    %ix/load 4, 12, 0; part off
    %ix/load 5, 0, 0; Constant delay
    %assign/vec4/a/d v000002e5c7e9b150, 4, 5;
T_6.27 ;
    %load/vec4 v000002e5c7e9ac50_0;
    %parti/s 1, 13, 5;
    %nor/r;
    %flag_set/vec4 8;
    %jmp/0xz  T_6.29, 8;
    %load/vec4 v000002e5c7e9a610_0;
    %parti/s 1, 13, 5;
    %load/vec4 v000002e5c7e9a7f0_0;
    %parti/s 8, 0, 2;
    %pad/u 10;
    %ix/vec4 3;
    %ix/load 4, 13, 0; part off
    %ix/load 5, 0, 0; Constant delay
    %assign/vec4/a/d v000002e5c7e9b150, 4, 5;
T_6.29 ;
    %load/vec4 v000002e5c7e9ac50_0;
    %parti/s 1, 14, 5;
    %nor/r;
    %flag_set/vec4 8;
    %jmp/0xz  T_6.31, 8;
    %load/vec4 v000002e5c7e9a610_0;
    %parti/s 1, 14, 5;
    %load/vec4 v000002e5c7e9a7f0_0;
    %parti/s 8, 0, 2;
    %pad/u 10;
    %ix/vec4 3;
    %ix/load 4, 14, 0; part off
    %ix/load 5, 0, 0; Constant delay
    %assign/vec4/a/d v000002e5c7e9b150, 4, 5;
T_6.31 ;
    %load/vec4 v000002e5c7e9ac50_0;
    %parti/s 1, 15, 5;
    %nor/r;
    %flag_set/vec4 8;
    %jmp/0xz  T_6.33, 8;
    %load/vec4 v000002e5c7e9a610_0;
    %parti/s 1, 15, 5;
    %load/vec4 v000002e5c7e9a7f0_0;
    %parti/s 8, 0, 2;
    %pad/u 10;
    %ix/vec4 3;
    %ix/load 4, 15, 0; part off
    %ix/load 5, 0, 0; Constant delay
    %assign/vec4/a/d v000002e5c7e9b150, 4, 5;
T_6.33 ;
T_6.0 ;
    %jmp T_6;
    .thread T_6;
    .scope S_000002e5c7e86f00;
T_7 ;
    %wait E_000002e5c7e74090;
    %load/vec4 v000002e5c7e9a750_0;
    %flag_set/vec4 9;
    %flag_get/vec4 9;
    %jmp/0 T_7.2, 9;
    %load/vec4 v000002e5c7e9bf10_0;
    %and;
T_7.2;
    %flag_set/vec4 8;
    %jmp/0xz  T_7.0, 8;
    %load/vec4 v000002e5c7e9a930_0;
    %parti/s 8, 0, 2;
    %pad/u 10;
    %ix/vec4 4;
    %load/vec4a v000002e5c7e9b150, 4;
    %load/vec4 v000002e5c7e9a4d0_0;
    %inv;
    %and;
    %assign/vec4 v000002e5c7e9a250_0, 0;
T_7.0 ;
    %jmp T_7;
    .thread T_7;
    .scope S_000002e5c7bfb020;
T_8 ;
    %pushi/vec4 0, 0, 1;
    %store/vec4 v000002e5c7ee5aa0_0, 0, 1;
    %end;
    .thread T_8;
    .scope S_000002e5c7bfb020;
T_9 ;
    %wait E_000002e5c7e73e10;
    %load/vec4 v000002e5c7ee6540_0;
    %assign/vec4 v000002e5c7ee5aa0_0, 0;
    %jmp T_9;
    .thread T_9;
    .scope S_000002e5c7bfb1b0;
T_10 ;
    %pushi/vec4 0, 0, 1;
    %store/vec4 v000002e5c7ee5fa0_0, 0, 1;
    %end;
    .thread T_10;
    .scope S_000002e5c7bfb1b0;
T_11 ;
    %wait E_000002e5c7e73fd0;
    %load/vec4 v000002e5c7ee6360_0;
    %flag_set/vec4 8;
    %jmp/0xz  T_11.0, 8;
    %load/vec4 v000002e5c7ee5f00_0;
    %assign/vec4 v000002e5c7ee5fa0_0, 0;
T_11.0 ;
    %jmp T_11;
    .thread T_11;
    .scope S_000002e5c7bfb340;
T_12 ;
    %pushi/vec4 0, 0, 1;
    %store/vec4 v000002e5c7ee7f30_0, 0, 1;
    %end;
    .thread T_12;
    .scope S_000002e5c7bfb340;
T_13 ;
    %wait E_000002e5c7e743d0;
    %load/vec4 v000002e5c7ee69f0_0;
    %flag_set/vec4 8;
    %jmp/0xz  T_13.0, 8;
    %pushi/vec4 0, 0, 1;
    %assign/vec4 v000002e5c7ee7f30_0, 0;
    %jmp T_13.1;
T_13.0 ;
    %load/vec4 v000002e5c7ee86b0_0;
    %flag_set/vec4 8;
    %jmp/0xz  T_13.2, 8;
    %load/vec4 v000002e5c7ee6810_0;
    %assign/vec4 v000002e5c7ee7f30_0, 0;
T_13.2 ;
T_13.1 ;
    %jmp T_13;
    .thread T_13;
    .scope S_000002e5c7c06e90;
T_14 ;
    %pushi/vec4 0, 0, 1;
    %store/vec4 v000002e5c7ee8610_0, 0, 1;
    %end;
    .thread T_14;
    .scope S_000002e5c7c06e90;
T_15 ;
    %wait E_000002e5c7e74010;
    %load/vec4 v000002e5c7ee7fd0_0;
    %flag_set/vec4 8;
    %jmp/0xz  T_15.0, 8;
    %pushi/vec4 1, 0, 1;
    %assign/vec4 v000002e5c7ee8610_0, 0;
    %jmp T_15.1;
T_15.0 ;
    %load/vec4 v000002e5c7ee7210_0;
    %flag_set/vec4 8;
    %jmp/0xz  T_15.2, 8;
    %load/vec4 v000002e5c7ee8070_0;
    %assign/vec4 v000002e5c7ee8610_0, 0;
T_15.2 ;
T_15.1 ;
    %jmp T_15;
    .thread T_15;
    .scope S_000002e5c7c07020;
T_16 ;
    %pushi/vec4 0, 0, 1;
    %store/vec4 v000002e5c7ee70d0_0, 0, 1;
    %end;
    .thread T_16;
    .scope S_000002e5c7c07020;
T_17 ;
    %wait E_000002e5c7e74950;
    %load/vec4 v000002e5c7ee7030_0;
    %flag_set/vec4 8;
    %jmp/0xz  T_17.0, 8;
    %load/vec4 v000002e5c7ee78f0_0;
    %flag_set/vec4 8;
    %jmp/0xz  T_17.2, 8;
    %pushi/vec4 0, 0, 1;
    %assign/vec4 v000002e5c7ee70d0_0, 0;
    %jmp T_17.3;
T_17.2 ;
    %load/vec4 v000002e5c7ee7710_0;
    %assign/vec4 v000002e5c7ee70d0_0, 0;
T_17.3 ;
T_17.0 ;
    %jmp T_17;
    .thread T_17;
    .scope S_000002e5c7c071b0;
T_18 ;
    %pushi/vec4 0, 0, 1;
    %store/vec4 v000002e5c7ee6770_0, 0, 1;
    %end;
    .thread T_18;
    .scope S_000002e5c7c071b0;
T_19 ;
    %wait E_000002e5c7e73e50;
    %load/vec4 v000002e5c7ee7170_0;
    %flag_set/vec4 8;
    %jmp/0xz  T_19.0, 8;
    %load/vec4 v000002e5c7ee8e30_0;
    %flag_set/vec4 8;
    %jmp/0xz  T_19.2, 8;
    %pushi/vec4 1, 0, 1;
    %assign/vec4 v000002e5c7ee6770_0, 0;
    %jmp T_19.3;
T_19.2 ;
    %load/vec4 v000002e5c7ee6b30_0;
    %assign/vec4 v000002e5c7ee6770_0, 0;
T_19.3 ;
T_19.0 ;
    %jmp T_19;
    .thread T_19;
    .scope S_000002e5c7c024c0;
T_20 ;
    %pushi/vec4 0, 0, 1;
    %store/vec4 v000002e5c7ee8bb0_0, 0, 1;
    %end;
    .thread T_20;
    .scope S_000002e5c7c024c0;
T_21 ;
    %wait E_000002e5c7e74210;
    %load/vec4 v000002e5c7ee8110_0;
    %assign/vec4 v000002e5c7ee8bb0_0, 0;
    %jmp T_21;
    .thread T_21;
    .scope S_000002e5c7c02650;
T_22 ;
    %pushi/vec4 0, 0, 1;
    %store/vec4 v000002e5c7ee6bd0_0, 0, 1;
    %end;
    .thread T_22;
    .scope S_000002e5c7c02650;
T_23 ;
    %wait E_000002e5c7e73e90;
    %load/vec4 v000002e5c7ee81b0_0;
    %flag_set/vec4 8;
    %jmp/0xz  T_23.0, 8;
    %load/vec4 v000002e5c7ee72b0_0;
    %assign/vec4 v000002e5c7ee6bd0_0, 0;
T_23.0 ;
    %jmp T_23;
    .thread T_23;
    .scope S_000002e5c7c027e0;
T_24 ;
    %pushi/vec4 0, 0, 1;
    %store/vec4 v000002e5c7ee7cb0_0, 0, 1;
    %end;
    .thread T_24;
    .scope S_000002e5c7c027e0;
T_25 ;
    %wait E_000002e5c7e740d0;
    %load/vec4 v000002e5c7ee8a70_0;
    %flag_set/vec4 8;
    %jmp/0xz  T_25.0, 8;
    %pushi/vec4 0, 0, 1;
    %assign/vec4 v000002e5c7ee7cb0_0, 0;
    %jmp T_25.1;
T_25.0 ;
    %load/vec4 v000002e5c7ee8250_0;
    %flag_set/vec4 8;
    %jmp/0xz  T_25.2, 8;
    %load/vec4 v000002e5c7ee7a30_0;
    %assign/vec4 v000002e5c7ee7cb0_0, 0;
T_25.2 ;
T_25.1 ;
    %jmp T_25;
    .thread T_25;
    .scope S_000002e5c7c08370;
T_26 ;
    %pushi/vec4 0, 0, 1;
    %store/vec4 v000002e5c7ee7ad0_0, 0, 1;
    %end;
    .thread T_26;
    .scope S_000002e5c7c08370;
T_27 ;
    %wait E_000002e5c7e74ad0;
    %load/vec4 v000002e5c7ee6c70_0;
    %flag_set/vec4 8;
    %jmp/0xz  T_27.0, 8;
    %pushi/vec4 1, 0, 1;
    %assign/vec4 v000002e5c7ee7ad0_0, 0;
    %jmp T_27.1;
T_27.0 ;
    %load/vec4 v000002e5c7ee8390_0;
    %flag_set/vec4 8;
    %jmp/0xz  T_27.2, 8;
    %load/vec4 v000002e5c7ee7530_0;
    %assign/vec4 v000002e5c7ee7ad0_0, 0;
T_27.2 ;
T_27.1 ;
    %jmp T_27;
    .thread T_27;
    .scope S_000002e5c7e80fd0;
T_28 ;
    %pushi/vec4 0, 0, 1;
    %store/vec4 v000002e5c7ee7b70_0, 0, 1;
    %end;
    .thread T_28;
    .scope S_000002e5c7e80fd0;
T_29 ;
    %wait E_000002e5c7e74410;
    %load/vec4 v000002e5c7ee8890_0;
    %flag_set/vec4 8;
    %jmp/0xz  T_29.0, 8;
    %load/vec4 v000002e5c7ee6db0_0;
    %flag_set/vec4 8;
    %jmp/0xz  T_29.2, 8;
    %pushi/vec4 0, 0, 1;
    %assign/vec4 v000002e5c7ee7b70_0, 0;
    %jmp T_29.3;
T_29.2 ;
    %load/vec4 v000002e5c7ee6d10_0;
    %assign/vec4 v000002e5c7ee7b70_0, 0;
T_29.3 ;
T_29.0 ;
    %jmp T_29;
    .thread T_29;
    .scope S_000002e5c7e817a0;
T_30 ;
    %pushi/vec4 0, 0, 1;
    %store/vec4 v000002e5c7ee8430_0, 0, 1;
    %end;
    .thread T_30;
    .scope S_000002e5c7e817a0;
T_31 ;
    %wait E_000002e5c7e74050;
    %load/vec4 v000002e5c7ee82f0_0;
    %flag_set/vec4 8;
    %jmp/0xz  T_31.0, 8;
    %load/vec4 v000002e5c7ee7990_0;
    %flag_set/vec4 8;
    %jmp/0xz  T_31.2, 8;
    %pushi/vec4 1, 0, 1;
    %assign/vec4 v000002e5c7ee8430_0, 0;
    %jmp T_31.3;
T_31.2 ;
    %load/vec4 v000002e5c7ee7d50_0;
    %assign/vec4 v000002e5c7ee8430_0, 0;
T_31.3 ;
T_31.0 ;
    %jmp T_31;
    .thread T_31;
    .scope S_000002e5c7e80cb0;
T_32 ;
    %pushi/vec4 0, 0, 1;
    %store/vec4 v000002e5c7ee7c10_0, 0, 1;
    %end;
    .thread T_32;
    .scope S_000002e5c7e80cb0;
T_33 ;
    %wait E_000002e5c7e74750;
    %load/vec4 v000002e5c7ee7df0_0;
    %flag_set/vec4 8;
    %jmp/0xz  T_33.0, 8;
    %pushi/vec4 0, 0, 1;
    %assign/vec4 v000002e5c7ee7c10_0, 0;
    %jmp T_33.1;
T_33.0 ;
    %load/vec4 v000002e5c7ee75d0_0;
    %assign/vec4 v000002e5c7ee7c10_0, 0;
T_33.1 ;
    %jmp T_33;
    .thread T_33;
    .scope S_000002e5c7e80e40;
T_34 ;
    %pushi/vec4 0, 0, 1;
    %store/vec4 v000002e5c7ee89d0_0, 0, 1;
    %end;
    .thread T_34;
    .scope S_000002e5c7e80e40;
T_35 ;
    %wait E_000002e5c7e74990;
    %load/vec4 v000002e5c7ee7670_0;
    %flag_set/vec4 8;
    %jmp/0xz  T_35.0, 8;
    %pushi/vec4 1, 0, 1;
    %assign/vec4 v000002e5c7ee89d0_0, 0;
    %jmp T_35.1;
T_35.0 ;
    %load/vec4 v000002e5c7ee84d0_0;
    %assign/vec4 v000002e5c7ee89d0_0, 0;
T_35.1 ;
    %jmp T_35;
    .thread T_35;
    .scope S_000002e5c7e81160;
T_36 ;
    %pushi/vec4 0, 0, 1;
    %store/vec4 v000002e5c7ee8cf0_0, 0, 1;
    %end;
    .thread T_36;
    .scope S_000002e5c7e81160;
T_37 ;
    %wait E_000002e5c7e73f10;
    %load/vec4 v000002e5c7ee8ed0_0;
    %flag_set/vec4 8;
    %jmp/0xz  T_37.0, 8;
    %pushi/vec4 0, 0, 1;
    %assign/vec4 v000002e5c7ee8cf0_0, 0;
    %jmp T_37.1;
T_37.0 ;
    %load/vec4 v000002e5c7ee8c50_0;
    %assign/vec4 v000002e5c7ee8cf0_0, 0;
T_37.1 ;
    %jmp T_37;
    .thread T_37;
    .scope S_000002e5c7e812f0;
T_38 ;
    %pushi/vec4 0, 0, 1;
    %store/vec4 v000002e5c7ee6ef0_0, 0, 1;
    %end;
    .thread T_38;
    .scope S_000002e5c7e812f0;
T_39 ;
    %wait E_000002e5c7e746d0;
    %load/vec4 v000002e5c7ee6f90_0;
    %flag_set/vec4 8;
    %jmp/0xz  T_39.0, 8;
    %pushi/vec4 1, 0, 1;
    %assign/vec4 v000002e5c7ee6ef0_0, 0;
    %jmp T_39.1;
T_39.0 ;
    %load/vec4 v000002e5c7ee6950_0;
    %assign/vec4 v000002e5c7ee6ef0_0, 0;
T_39.1 ;
    %jmp T_39;
    .thread T_39;
    .scope S_000002e5c7e81480;
T_40 ;
    %pushi/vec4 0, 0, 1;
    %store/vec4 v000002e5c7eea230_0, 0, 1;
    %end;
    .thread T_40;
    .scope S_000002e5c7e81480;
T_41 ;
    %wait E_000002e5c7e74110;
    %load/vec4 v000002e5c7ee9b50_0;
    %flag_set/vec4 8;
    %jmp/0xz  T_41.0, 8;
    %pushi/vec4 0, 0, 1;
    %assign/vec4 v000002e5c7eea230_0, 0;
    %jmp T_41.1;
T_41.0 ;
    %load/vec4 v000002e5c7ee7850_0;
    %assign/vec4 v000002e5c7eea230_0, 0;
T_41.1 ;
    %jmp T_41;
    .thread T_41;
    .scope S_000002e5c7e81ac0;
T_42 ;
    %pushi/vec4 0, 0, 1;
    %store/vec4 v000002e5c7ee9150_0, 0, 1;
    %end;
    .thread T_42;
    .scope S_000002e5c7e81ac0;
T_43 ;
    %wait E_000002e5c7e74590;
    %load/vec4 v000002e5c7eea370_0;
    %flag_set/vec4 8;
    %jmp/0xz  T_43.0, 8;
    %pushi/vec4 1, 0, 1;
    %assign/vec4 v000002e5c7ee9150_0, 0;
    %jmp T_43.1;
T_43.0 ;
    %load/vec4 v000002e5c7ee9790_0;
    %assign/vec4 v000002e5c7ee9150_0, 0;
T_43.1 ;
    %jmp T_43;
    .thread T_43;
    .scope S_000002e5c7e81610;
T_44 ;
    %pushi/vec4 0, 0, 1;
    %store/vec4 v000002e5c7ee9f10_0, 0, 1;
    %end;
    .thread T_44;
    .scope S_000002e5c7e81610;
T_45 ;
    %wait E_000002e5c7e745d0;
    %load/vec4 v000002e5c7ee9bf0_0;
    %flag_set/vec4 8;
    %jmp/0xz  T_45.0, 8;
    %pushi/vec4 0, 0, 1;
    %assign/vec4 v000002e5c7ee9f10_0, 0;
    %jmp T_45.1;
T_45.0 ;
    %load/vec4 v000002e5c7ee9c90_0;
    %assign/vec4 v000002e5c7ee9f10_0, 0;
T_45.1 ;
    %jmp T_45;
    .thread T_45;
    .scope S_000002e5c7e81930;
T_46 ;
    %pushi/vec4 0, 0, 1;
    %store/vec4 v000002e5c7ee9290_0, 0, 1;
    %end;
    .thread T_46;
    .scope S_000002e5c7e81930;
T_47 ;
    %wait E_000002e5c7e74b90;
    %load/vec4 v000002e5c7ee9d30_0;
    %flag_set/vec4 8;
    %jmp/0xz  T_47.0, 8;
    %pushi/vec4 1, 0, 1;
    %assign/vec4 v000002e5c7ee9290_0, 0;
    %jmp T_47.1;
T_47.0 ;
    %load/vec4 v000002e5c7eea410_0;
    %assign/vec4 v000002e5c7ee9290_0, 0;
T_47.1 ;
    %jmp T_47;
    .thread T_47;
    .scope S_000002e5c7e876d0;
T_48 ;
    %wait E_000002e5c7e74490;
    %load/vec4 v000002e5c7eea5f0_0;
    %assign/vec4 v000002e5c7ee96f0_0, 0;
    %jmp T_48;
    .thread T_48;
    .scope S_000002e5c7e876d0;
T_49 ;
    %wait E_000002e5c7e74490;
    %load/vec4 v000002e5c7eea5f0_0;
    %flag_set/vec4 8;
    %jmp/0xz  T_49.0, 8;
    %load/vec4 v000002e5c7ee90b0_0;
    %assign/vec4 v000002e5c7ee9ab0_0, 0;
T_49.0 ;
    %jmp T_49;
    .thread T_49;
    .scope S_000002e5c7e876d0;
T_50 ;
    %wait E_000002e5c7e74450;
    %load/vec4 v000002e5c7ee96f0_0;
    %flag_set/vec4 8;
    %jmp/0xz  T_50.0, 8;
    %load/vec4 v000002e5c7ee90b0_0;
    %assign/vec4 v000002e5c7eea190_0, 0;
T_50.0 ;
    %jmp T_50;
    .thread T_50;
    .scope S_000002e5c7e876d0;
T_51 ;
    %wait E_000002e5c7e74250;
    %load/vec4 v000002e5c7eea5f0_0;
    %assign/vec4 v000002e5c7eea050_0, 0;
    %jmp T_51;
    .thread T_51;
    .scope S_000002e5c7e876d0;
T_52 ;
    %wait E_000002e5c7e74250;
    %load/vec4 v000002e5c7eea5f0_0;
    %flag_set/vec4 8;
    %jmp/0xz  T_52.0, 8;
    %load/vec4 v000002e5c7ee9fb0_0;
    %assign/vec4 v000002e5c7eeb800_0, 0;
T_52.0 ;
    %jmp T_52;
    .thread T_52;
    .scope S_000002e5c7e876d0;
T_53 ;
    %wait E_000002e5c7e74650;
    %load/vec4 v000002e5c7eea050_0;
    %flag_set/vec4 8;
    %jmp/0xz  T_53.0, 8;
    %load/vec4 v000002e5c7ee9470_0;
    %assign/vec4 v000002e5c7eec660_0, 0;
T_53.0 ;
    %jmp T_53;
    .thread T_53;
    .scope S_000002e5c7e876d0;
T_54 ;
    %wait E_000002e5c7e74250;
    %load/vec4 v000002e5c7eea5f0_0;
    %flag_set/vec4 8;
    %jmp/0xz  T_54.0, 8;
    %load/vec4 v000002e5c7ee93d0_0;
    %assign/vec4 v000002e5c7eeaf40_0, 0;
T_54.0 ;
    %jmp T_54;
    .thread T_54;
    .scope S_000002e5c7e87090;
T_55 ;
    %wait E_000002e5c7e74610;
    %load/vec4 v000002e5c7ee9ab0_0;
    %store/vec4 v000002e5c7eea0f0_0, 0, 1;
    %load/vec4 v000002e5c7eea190_0;
    %store/vec4 v000002e5c7ee98d0_0, 0, 1;
    %jmp T_55;
    .thread T_55, $push;
    .scope S_000002e5c7e87090;
T_56 ;
    %wait E_000002e5c7e74790;
    %load/vec4 v000002e5c7eea4b0_0;
    %assign/vec4 v000002e5c7eeca20_0, 0;
    %jmp T_56;
    .thread T_56, $push;
    .scope S_000002e5c7e87090;
T_57 ;
    %wait E_000002e5c7e74710;
    %load/vec4 v000002e5c7eeca20_0;
    %assign/vec4 v000002e5c7eec340_0, 0;
    %jmp T_57;
    .thread T_57, $push;
    .scope S_000002e5c7e87090;
T_58 ;
    %wait E_000002e5c7e74150;
    %load/vec4 v000002e5c7eec340_0;
    %pushi/vec4 0, 0, 1;
    %xor;
    %flag_set/vec4 8;
    %jmp/1 T_58.2, 8;
    %pushi/vec4 0, 0, 1;
    %flag_set/vec4 9;
    %flag_or 8, 9;
T_58.2;
    %jmp/0 T_58.0, 8;
    %load/vec4 v000002e5c7eeb800_0;
    %jmp/1 T_58.1, 8;
T_58.0 ; End of true expr.
    %load/vec4 v000002e5c7eec660_0;
    %jmp/0 T_58.1, 8;
 ; End of false expr.
    %blend;
T_58.1;
    %store/vec4 v000002e5c7eec980_0, 0, 1;
    %jmp T_58;
    .thread T_58, $push;
    .scope S_000002e5c7e87b80;
T_59 ;
    %wait E_000002e5c7e749d0;
    %load/vec4 v000002e5c7eee8c0_0;
    %flag_set/vec4 8;
    %jmp/0xz  T_59.0, 8;
    %load/vec4 v000002e5c7eed600_0;
    %assign/vec4 v000002e5c7eed6a0_0, 0;
T_59.0 ;
    %jmp T_59;
    .thread T_59;
    .scope S_000002e5c7e87b80;
T_60 ;
    %wait E_000002e5c7e748d0;
    %load/vec4 v000002e5c7eee8c0_0;
    %flag_set/vec4 8;
    %jmp/0xz  T_60.0, 8;
    %load/vec4 v000002e5c7eed600_0;
    %assign/vec4 v000002e5c7eee3c0_0, 0;
T_60.0 ;
    %jmp T_60;
    .thread T_60;
    .scope S_000002e5c7e87b80;
T_61 ;
    %wait E_000002e5c7e74810;
    %load/vec4 v000002e5c7eee8c0_0;
    %flag_set/vec4 8;
    %jmp/0xz  T_61.0, 8;
    %load/vec4 v000002e5c7eed420_0;
    %assign/vec4 v000002e5c7eeea00_0, 0;
T_61.0 ;
    %jmp T_61;
    .thread T_61;
    .scope S_000002e5c7e87b80;
T_62 ;
    %wait E_000002e5c7e74890;
    %load/vec4 v000002e5c7eee8c0_0;
    %flag_set/vec4 8;
    %jmp/0xz  T_62.0, 8;
    %load/vec4 v000002e5c7eedf60_0;
    %assign/vec4 v000002e5c7eee140_0, 0;
T_62.0 ;
    %jmp T_62;
    .thread T_62;
    .scope S_000002e5c7e87b80;
T_63 ;
    %wait E_000002e5c7e74810;
    %load/vec4 v000002e5c7eee8c0_0;
    %flag_set/vec4 8;
    %jmp/0xz  T_63.0, 8;
    %load/vec4 v000002e5c7eed4c0_0;
    %assign/vec4 v000002e5c7eee000_0, 0;
T_63.0 ;
    %jmp T_63;
    .thread T_63;
    .scope S_000002e5c7e83110;
T_64 ;
    %wait E_000002e5c7e747d0;
    %load/vec4 v000002e5c7eed6a0_0;
    %store/vec4 v000002e5c7eee0a0_0, 0, 1;
    %load/vec4 v000002e5c7eee3c0_0;
    %store/vec4 v000002e5c7eedd80_0, 0, 1;
    %jmp T_64;
    .thread T_64, $push;
    .scope S_000002e5c7e83110;
T_65 ;
    %wait E_000002e5c7e74850;
    %load/vec4 v000002e5c7eeda60_0;
    %assign/vec4 v000002e5c7eed880_0, 0;
    %jmp T_65;
    .thread T_65, $push;
    .scope S_000002e5c7e83110;
T_66 ;
    %wait E_000002e5c7e74690;
    %load/vec4 v000002e5c7eed880_0;
    %assign/vec4 v000002e5c7eede20_0, 0;
    %jmp T_66;
    .thread T_66, $push;
    .scope S_000002e5c7e83110;
T_67 ;
    %wait E_000002e5c7e74b10;
    %load/vec4 v000002e5c7eede20_0;
    %pushi/vec4 0, 0, 1;
    %xor;
    %flag_set/vec4 8;
    %jmp/1 T_67.2, 8;
    %pushi/vec4 0, 0, 1;
    %flag_set/vec4 9;
    %flag_or 8, 9;
T_67.2;
    %jmp/0 T_67.0, 8;
    %load/vec4 v000002e5c7eeea00_0;
    %jmp/1 T_67.1, 8;
T_67.0 ; End of true expr.
    %load/vec4 v000002e5c7eee140_0;
    %jmp/0 T_67.1, 8;
 ; End of false expr.
    %blend;
T_67.1;
    %store/vec4 v000002e5c7eee820_0, 0, 1;
    %jmp T_67;
    .thread T_67, $push;
    .scope S_000002e5c7e87d10;
T_68 ;
    %wait E_000002e5c7e753d0;
    %load/vec4 v000002e5c7eee1e0_0;
    %flag_set/vec4 8;
    %jmp/0xz  T_68.0, 8;
    %load/vec4 v000002e5c7eee640_0;
    %assign/vec4 v000002e5c7eedce0_0, 0;
T_68.0 ;
    %jmp T_68;
    .thread T_68;
    .scope S_000002e5c7e87d10;
T_69 ;
    %wait E_000002e5c7e75b90;
    %load/vec4 v000002e5c7eee1e0_0;
    %flag_set/vec4 8;
    %jmp/0xz  T_69.0, 8;
    %load/vec4 v000002e5c7eee640_0;
    %assign/vec4 v000002e5c7eeef40_0, 0;
T_69.0 ;
    %jmp T_69;
    .thread T_69;
    .scope S_000002e5c7e87d10;
T_70 ;
    %wait E_000002e5c7e74c10;
    %load/vec4 v000002e5c7eee1e0_0;
    %flag_set/vec4 8;
    %jmp/0xz  T_70.0, 8;
    %load/vec4 v000002e5c7eedc40_0;
    %assign/vec4 v000002e5c7eeecc0_0, 0;
T_70.0 ;
    %jmp T_70;
    .thread T_70;
    .scope S_000002e5c7e87d10;
T_71 ;
    %wait E_000002e5c7e757d0;
    %load/vec4 v000002e5c7eee1e0_0;
    %flag_set/vec4 8;
    %jmp/0xz  T_71.0, 8;
    %load/vec4 v000002e5c7eee460_0;
    %assign/vec4 v000002e5c7ef02a0_0, 0;
T_71.0 ;
    %jmp T_71;
    .thread T_71;
    .scope S_000002e5c7e87d10;
T_72 ;
    %wait E_000002e5c7e74c10;
    %load/vec4 v000002e5c7eee1e0_0;
    %flag_set/vec4 8;
    %jmp/0xz  T_72.0, 8;
    %load/vec4 v000002e5c7eee5a0_0;
    %assign/vec4 v000002e5c7eef580_0, 0;
T_72.0 ;
    %jmp T_72;
    .thread T_72;
    .scope S_000002e5c7e82c60;
T_73 ;
    %wait E_000002e5c7e74bd0;
    %load/vec4 v000002e5c7eedce0_0;
    %store/vec4 v000002e5c7eedb00_0, 0, 1;
    %load/vec4 v000002e5c7eeef40_0;
    %store/vec4 v000002e5c7eed380_0, 0, 1;
    %jmp T_73;
    .thread T_73, $push;
    .scope S_000002e5c7e82c60;
T_74 ;
    %wait E_000002e5c7e74b50;
    %load/vec4 v000002e5c7eee500_0;
    %assign/vec4 v000002e5c7ef0480_0, 0;
    %jmp T_74;
    .thread T_74, $push;
    .scope S_000002e5c7e82c60;
T_75 ;
    %wait E_000002e5c7e74a50;
    %load/vec4 v000002e5c7ef0480_0;
    %assign/vec4 v000002e5c7ef0980_0, 0;
    %jmp T_75;
    .thread T_75, $push;
    .scope S_000002e5c7e82c60;
T_76 ;
    %wait E_000002e5c7e74a10;
    %load/vec4 v000002e5c7ef0980_0;
    %pushi/vec4 0, 0, 1;
    %xor;
    %flag_set/vec4 8;
    %jmp/1 T_76.2, 8;
    %pushi/vec4 0, 0, 1;
    %flag_set/vec4 9;
    %flag_or 8, 9;
T_76.2;
    %jmp/0 T_76.0, 8;
    %load/vec4 v000002e5c7eeecc0_0;
    %jmp/1 T_76.1, 8;
T_76.0 ; End of true expr.
    %load/vec4 v000002e5c7ef02a0_0;
    %jmp/0 T_76.1, 8;
 ; End of false expr.
    %blend;
T_76.1;
    %store/vec4 v000002e5c7ef0ac0_0, 0, 1;
    %jmp T_76;
    .thread T_76, $push;
    .scope S_000002e5c7e81cc0;
T_77 ;
    %wait E_000002e5c7e75050;
    %load/vec4 v000002e5c7ef1600_0;
    %flag_set/vec4 8;
    %jmp/0xz  T_77.0, 8;
    %pushi/vec4 0, 0, 16;
    %assign/vec4 v000002e5c7efc790_0, 0;
    %pushi/vec4 0, 0, 16;
    %assign/vec4 v000002e5c7efcbf0_0, 0;
    %jmp T_77.1;
T_77.0 ;
    %load/vec4 v000002e5c7ef0de0_0;
    %flag_set/vec4 8;
    %jmp/0xz  T_77.2, 8;
    %load/vec4 v000002e5c7ef1240_0;
    %nor/r;
    %flag_set/vec4 8;
    %jmp/0xz  T_77.4, 8;
    %load/vec4 v000002e5c7eefb20_0;
    %assign/vec4 v000002e5c7efc790_0, 0;
T_77.4 ;
    %load/vec4 v000002e5c7ef0520_0;
    %nor/r;
    %flag_set/vec4 8;
    %jmp/0xz  T_77.6, 8;
    %load/vec4 v000002e5c7ef1380_0;
    %assign/vec4 v000002e5c7efcbf0_0, 0;
T_77.6 ;
T_77.2 ;
T_77.1 ;
    %jmp T_77;
    .thread T_77;
    .scope S_000002e5c7e81cc0;
T_78 ;
    %wait E_000002e5c7e74d90;
    %load/vec4 v000002e5c7ef2280_0;
    %flag_set/vec4 8;
    %jmp/0xz  T_78.0, 8;
    %pushi/vec4 0, 0, 16;
    %assign/vec4 v000002e5c7efc6f0_0, 0;
    %pushi/vec4 0, 0, 16;
    %assign/vec4 v000002e5c7ef70b0_0, 0;
    %jmp T_78.1;
T_78.0 ;
    %load/vec4 v000002e5c7ef0de0_0;
    %flag_set/vec4 8;
    %jmp/0xz  T_78.2, 8;
    %load/vec4 v000002e5c7ef0840_0;
    %nor/r;
    %flag_set/vec4 8;
    %jmp/0xz  T_78.4, 8;
    %load/vec4 v000002e5c7eeee00_0;
    %assign/vec4 v000002e5c7efc6f0_0, 0;
T_78.4 ;
    %load/vec4 v000002e5c7ef1b00_0;
    %nor/r;
    %flag_set/vec4 8;
    %jmp/0xz  T_78.6, 8;
    %load/vec4 v000002e5c7ef26e0_0;
    %assign/vec4 v000002e5c7ef70b0_0, 0;
T_78.6 ;
T_78.2 ;
T_78.1 ;
    %jmp T_78;
    .thread T_78;
    .scope S_000002e5c7e81cc0;
T_79 ;
    %wait E_000002e5c7e75050;
    %load/vec4 v000002e5c7ef1600_0;
    %flag_set/vec4 8;
    %jmp/0xz  T_79.0, 8;
    %pushi/vec4 0, 0, 16;
    %assign/vec4 v000002e5c7ef73d0_0, 0;
    %pushi/vec4 0, 0, 16;
    %assign/vec4 v000002e5c7ef6750_0, 0;
    %jmp T_79.1;
T_79.0 ;
    %load/vec4 v000002e5c7ef0de0_0;
    %flag_set/vec4 8;
    %jmp/0xz  T_79.2, 8;
    %load/vec4 v000002e5c7efc8d0_0;
    %assign/vec4 v000002e5c7ef73d0_0, 0;
    %load/vec4 v000002e5c7efcdd0_0;
    %assign/vec4 v000002e5c7ef6750_0, 0;
T_79.2 ;
T_79.1 ;
    %jmp T_79;
    .thread T_79;
    .scope S_000002e5c7e81cc0;
T_80 ;
    %wait E_000002e5c7e74d90;
    %load/vec4 v000002e5c7ef2280_0;
    %flag_set/vec4 8;
    %jmp/0xz  T_80.0, 8;
    %pushi/vec4 0, 0, 16;
    %assign/vec4 v000002e5c7ef5210_0, 0;
    %pushi/vec4 0, 0, 16;
    %assign/vec4 v000002e5c7ef66b0_0, 0;
    %jmp T_80.1;
T_80.0 ;
    %load/vec4 v000002e5c7ef0de0_0;
    %flag_set/vec4 8;
    %jmp/0xz  T_80.2, 8;
    %load/vec4 v000002e5c7efc830_0;
    %assign/vec4 v000002e5c7ef5210_0, 0;
    %load/vec4 v000002e5c7efca10_0;
    %assign/vec4 v000002e5c7ef66b0_0, 0;
T_80.2 ;
T_80.1 ;
    %jmp T_80;
    .thread T_80;
    .scope S_000002e5c7e81cc0;
T_81 ;
    %wait E_000002e5c7e74d90;
    %load/vec4 v000002e5c7ef2280_0;
    %flag_set/vec4 8;
    %jmp/0xz  T_81.0, 8;
    %pushi/vec4 0, 0, 32;
    %assign/vec4 v000002e5c7ef6070_0, 0;
    %jmp T_81.1;
T_81.0 ;
    %load/vec4 v000002e5c7ef0de0_0;
    %flag_set/vec4 8;
    %jmp/0xz  T_81.2, 8;
    %load/vec4 v000002e5c7efaa30_0;
    %assign/vec4 v000002e5c7ef6070_0, 0;
T_81.2 ;
T_81.1 ;
    %jmp T_81;
    .thread T_81;
    .scope S_000002e5c7e81cc0;
T_82 ;
    %wait E_000002e5c7e74e50;
    %load/vec4 v000002e5c7ef23c0_0;
    %flag_set/vec4 8;
    %jmp/0xz  T_82.0, 8;
    %pushi/vec4 0, 0, 16;
    %assign/vec4 v000002e5c7ef6a70_0, 0;
    %jmp T_82.1;
T_82.0 ;
    %load/vec4 v000002e5c7ef0de0_0;
    %flag_set/vec4 8;
    %jmp/0xz  T_82.2, 8;
    %load/vec4 v000002e5c7ef2960_0;
    %nor/r;
    %flag_set/vec4 8;
    %jmp/0xz  T_82.4, 8;
    %load/vec4 v000002e5c7efac10_0;
    %assign/vec4 v000002e5c7ef6a70_0, 0;
T_82.4 ;
T_82.2 ;
T_82.1 ;
    %jmp T_82;
    .thread T_82;
    .scope S_000002e5c7e81cc0;
T_83 ;
    %wait E_000002e5c7e74f90;
    %load/vec4 v000002e5c7ef14c0_0;
    %flag_set/vec4 8;
    %jmp/0xz  T_83.0, 8;
    %pushi/vec4 0, 0, 16;
    %assign/vec4 v000002e5c7ef6c50_0, 0;
    %jmp T_83.1;
T_83.0 ;
    %load/vec4 v000002e5c7ef0de0_0;
    %flag_set/vec4 8;
    %jmp/0xz  T_83.2, 8;
    %load/vec4 v000002e5c7ef1560_0;
    %nor/r;
    %flag_set/vec4 8;
    %jmp/0xz  T_83.4, 8;
    %load/vec4 v000002e5c7efad50_0;
    %assign/vec4 v000002e5c7ef6c50_0, 0;
T_83.4 ;
T_83.2 ;
T_83.1 ;
    %jmp T_83;
    .thread T_83;
    .scope S_000002e5c7e87ea0;
T_84 ;
    %pushi/vec4 0, 0, 32;
    %store/vec4 v000002e5c7ef9590_0, 0, 32;
T_84.0 ; Top of for-loop
    %load/vec4 v000002e5c7ef9590_0;
    %cmpi/s 16, 0, 32;
	  %jmp/0xz T_84.1, 5;
    %pushi/vec4 0, 0, 256;
    %load/vec4 v000002e5c7ef9590_0;
    %muli 16, 0, 32;
    %part/s 16;
    %pushi/vec4 0, 0, 32;
    %load/vec4 v000002e5c7ef9590_0;
    %add;
    %ix/vec4/s 4;
    %store/vec4a v000002e5c7ef9b30, 4, 0;
    %pushi/vec4 0, 0, 256;
    %load/vec4 v000002e5c7ef9590_0;
    %muli 16, 0, 32;
    %part/s 16;
    %pushi/vec4 16, 0, 32;
    %load/vec4 v000002e5c7ef9590_0;
    %add;
    %ix/vec4/s 4;
    %store/vec4a v000002e5c7ef9b30, 4, 0;
    %pushi/vec4 0, 0, 256;
    %load/vec4 v000002e5c7ef9590_0;
    %muli 16, 0, 32;
    %part/s 16;
    %pushi/vec4 32, 0, 32;
    %load/vec4 v000002e5c7ef9590_0;
    %add;
    %ix/vec4/s 4;
    %store/vec4a v000002e5c7ef9b30, 4, 0;
    %pushi/vec4 0, 0, 256;
    %load/vec4 v000002e5c7ef9590_0;
    %muli 16, 0, 32;
    %part/s 16;
    %pushi/vec4 48, 0, 32;
    %load/vec4 v000002e5c7ef9590_0;
    %add;
    %ix/vec4/s 4;
    %store/vec4a v000002e5c7ef9b30, 4, 0;
    %pushi/vec4 0, 0, 256;
    %load/vec4 v000002e5c7ef9590_0;
    %muli 16, 0, 32;
    %part/s 16;
    %pushi/vec4 64, 0, 32;
    %load/vec4 v000002e5c7ef9590_0;
    %add;
    %ix/vec4/s 4;
    %store/vec4a v000002e5c7ef9b30, 4, 0;
    %pushi/vec4 0, 0, 256;
    %load/vec4 v000002e5c7ef9590_0;
    %muli 16, 0, 32;
    %part/s 16;
    %pushi/vec4 80, 0, 32;
    %load/vec4 v000002e5c7ef9590_0;
    %add;
    %ix/vec4/s 4;
    %store/vec4a v000002e5c7ef9b30, 4, 0;
    %pushi/vec4 0, 0, 256;
    %load/vec4 v000002e5c7ef9590_0;
    %muli 16, 0, 32;
    %part/s 16;
    %pushi/vec4 96, 0, 32;
    %load/vec4 v000002e5c7ef9590_0;
    %add;
    %ix/vec4/s 4;
    %store/vec4a v000002e5c7ef9b30, 4, 0;
    %pushi/vec4 0, 0, 256;
    %load/vec4 v000002e5c7ef9590_0;
    %muli 16, 0, 32;
    %part/s 16;
    %pushi/vec4 112, 0, 32;
    %load/vec4 v000002e5c7ef9590_0;
    %add;
    %ix/vec4/s 4;
    %store/vec4a v000002e5c7ef9b30, 4, 0;
    %pushi/vec4 0, 0, 256;
    %load/vec4 v000002e5c7ef9590_0;
    %muli 16, 0, 32;
    %part/s 16;
    %pushi/vec4 128, 0, 32;
    %load/vec4 v000002e5c7ef9590_0;
    %add;
    %ix/vec4/s 4;
    %store/vec4a v000002e5c7ef9b30, 4, 0;
    %pushi/vec4 0, 0, 256;
    %load/vec4 v000002e5c7ef9590_0;
    %muli 16, 0, 32;
    %part/s 16;
    %pushi/vec4 144, 0, 32;
    %load/vec4 v000002e5c7ef9590_0;
    %add;
    %ix/vec4/s 4;
    %store/vec4a v000002e5c7ef9b30, 4, 0;
    %pushi/vec4 0, 0, 256;
    %load/vec4 v000002e5c7ef9590_0;
    %muli 16, 0, 32;
    %part/s 16;
    %pushi/vec4 160, 0, 32;
    %load/vec4 v000002e5c7ef9590_0;
    %add;
    %ix/vec4/s 4;
    %store/vec4a v000002e5c7ef9b30, 4, 0;
    %pushi/vec4 0, 0, 256;
    %load/vec4 v000002e5c7ef9590_0;
    %muli 16, 0, 32;
    %part/s 16;
    %pushi/vec4 176, 0, 32;
    %load/vec4 v000002e5c7ef9590_0;
    %add;
    %ix/vec4/s 4;
    %store/vec4a v000002e5c7ef9b30, 4, 0;
    %pushi/vec4 0, 0, 256;
    %load/vec4 v000002e5c7ef9590_0;
    %muli 16, 0, 32;
    %part/s 16;
    %pushi/vec4 192, 0, 32;
    %load/vec4 v000002e5c7ef9590_0;
    %add;
    %ix/vec4/s 4;
    %store/vec4a v000002e5c7ef9b30, 4, 0;
    %pushi/vec4 0, 0, 256;
    %load/vec4 v000002e5c7ef9590_0;
    %muli 16, 0, 32;
    %part/s 16;
    %pushi/vec4 208, 0, 32;
    %load/vec4 v000002e5c7ef9590_0;
    %add;
    %ix/vec4/s 4;
    %store/vec4a v000002e5c7ef9b30, 4, 0;
    %pushi/vec4 0, 0, 256;
    %load/vec4 v000002e5c7ef9590_0;
    %muli 16, 0, 32;
    %part/s 16;
    %pushi/vec4 224, 0, 32;
    %load/vec4 v000002e5c7ef9590_0;
    %add;
    %ix/vec4/s 4;
    %store/vec4a v000002e5c7ef9b30, 4, 0;
    %pushi/vec4 0, 0, 256;
    %load/vec4 v000002e5c7ef9590_0;
    %muli 16, 0, 32;
    %part/s 16;
    %pushi/vec4 240, 0, 32;
    %load/vec4 v000002e5c7ef9590_0;
    %add;
    %ix/vec4/s 4;
    %store/vec4a v000002e5c7ef9b30, 4, 0;
T_84.2 ; for-loop step statement
    %load/vec4 v000002e5c7ef9590_0;
    %addi 1, 0, 32;
    %store/vec4 v000002e5c7ef9590_0, 0, 32;
    %jmp T_84.0;
T_84.1 ; for-loop exit label
    %end;
    .thread T_84;
    .scope S_000002e5c7e87ea0;
T_85 ;
    %wait E_000002e5c7e75850;
    %load/vec4 v000002e5c7ef93b0_0;
    %flag_set/vec4 9;
    %flag_get/vec4 9;
    %jmp/0 T_85.2, 9;
    %load/vec4 v000002e5c7ef91d0_0;
    %and;
T_85.2;
    %flag_set/vec4 8;
    %jmp/0xz  T_85.0, 8;
    %load/vec4 v000002e5c7ef8a50_0;
    %parti/s 1, 0, 2;
    %nor/r;
    %flag_set/vec4 8;
    %jmp/0xz  T_85.3, 8;
    %load/vec4 v000002e5c7ef89b0_0;
    %parti/s 1, 0, 2;
    %load/vec4 v000002e5c7ef76f0_0;
    %parti/s 8, 0, 2;
    %pad/u 10;
    %ix/vec4 3;
    %ix/load 4, 0, 0; Constant delay
    %assign/vec4/a/d v000002e5c7ef9b30, 0, 4;
T_85.3 ;
    %load/vec4 v000002e5c7ef8a50_0;
    %parti/s 1, 1, 2;
    %nor/r;
    %flag_set/vec4 8;
    %jmp/0xz  T_85.5, 8;
    %load/vec4 v000002e5c7ef89b0_0;
    %parti/s 1, 1, 2;
    %load/vec4 v000002e5c7ef76f0_0;
    %parti/s 8, 0, 2;
    %pad/u 10;
    %ix/vec4 3;
    %ix/load 4, 1, 0; part off
    %ix/load 5, 0, 0; Constant delay
    %assign/vec4/a/d v000002e5c7ef9b30, 4, 5;
T_85.5 ;
    %load/vec4 v000002e5c7ef8a50_0;
    %parti/s 1, 2, 3;
    %nor/r;
    %flag_set/vec4 8;
    %jmp/0xz  T_85.7, 8;
    %load/vec4 v000002e5c7ef89b0_0;
    %parti/s 1, 2, 3;
    %load/vec4 v000002e5c7ef76f0_0;
    %parti/s 8, 0, 2;
    %pad/u 10;
    %ix/vec4 3;
    %ix/load 4, 2, 0; part off
    %ix/load 5, 0, 0; Constant delay
    %assign/vec4/a/d v000002e5c7ef9b30, 4, 5;
T_85.7 ;
    %load/vec4 v000002e5c7ef8a50_0;
    %parti/s 1, 3, 3;
    %nor/r;
    %flag_set/vec4 8;
    %jmp/0xz  T_85.9, 8;
    %load/vec4 v000002e5c7ef89b0_0;
    %parti/s 1, 3, 3;
    %load/vec4 v000002e5c7ef76f0_0;
    %parti/s 8, 0, 2;
    %pad/u 10;
    %ix/vec4 3;
    %ix/load 4, 3, 0; part off
    %ix/load 5, 0, 0; Constant delay
    %assign/vec4/a/d v000002e5c7ef9b30, 4, 5;
T_85.9 ;
    %load/vec4 v000002e5c7ef8a50_0;
    %parti/s 1, 4, 4;
    %nor/r;
    %flag_set/vec4 8;
    %jmp/0xz  T_85.11, 8;
    %load/vec4 v000002e5c7ef89b0_0;
    %parti/s 1, 4, 4;
    %load/vec4 v000002e5c7ef76f0_0;
    %parti/s 8, 0, 2;
    %pad/u 10;
    %ix/vec4 3;
    %ix/load 4, 4, 0; part off
    %ix/load 5, 0, 0; Constant delay
    %assign/vec4/a/d v000002e5c7ef9b30, 4, 5;
T_85.11 ;
    %load/vec4 v000002e5c7ef8a50_0;
    %parti/s 1, 5, 4;
    %nor/r;
    %flag_set/vec4 8;
    %jmp/0xz  T_85.13, 8;
    %load/vec4 v000002e5c7ef89b0_0;
    %parti/s 1, 5, 4;
    %load/vec4 v000002e5c7ef76f0_0;
    %parti/s 8, 0, 2;
    %pad/u 10;
    %ix/vec4 3;
    %ix/load 4, 5, 0; part off
    %ix/load 5, 0, 0; Constant delay
    %assign/vec4/a/d v000002e5c7ef9b30, 4, 5;
T_85.13 ;
    %load/vec4 v000002e5c7ef8a50_0;
    %parti/s 1, 6, 4;
    %nor/r;
    %flag_set/vec4 8;
    %jmp/0xz  T_85.15, 8;
    %load/vec4 v000002e5c7ef89b0_0;
    %parti/s 1, 6, 4;
    %load/vec4 v000002e5c7ef76f0_0;
    %parti/s 8, 0, 2;
    %pad/u 10;
    %ix/vec4 3;
    %ix/load 4, 6, 0; part off
    %ix/load 5, 0, 0; Constant delay
    %assign/vec4/a/d v000002e5c7ef9b30, 4, 5;
T_85.15 ;
    %load/vec4 v000002e5c7ef8a50_0;
    %parti/s 1, 7, 4;
    %nor/r;
    %flag_set/vec4 8;
    %jmp/0xz  T_85.17, 8;
    %load/vec4 v000002e5c7ef89b0_0;
    %parti/s 1, 7, 4;
    %load/vec4 v000002e5c7ef76f0_0;
    %parti/s 8, 0, 2;
    %pad/u 10;
    %ix/vec4 3;
    %ix/load 4, 7, 0; part off
    %ix/load 5, 0, 0; Constant delay
    %assign/vec4/a/d v000002e5c7ef9b30, 4, 5;
T_85.17 ;
    %load/vec4 v000002e5c7ef8a50_0;
    %parti/s 1, 8, 5;
    %nor/r;
    %flag_set/vec4 8;
    %jmp/0xz  T_85.19, 8;
    %load/vec4 v000002e5c7ef89b0_0;
    %parti/s 1, 8, 5;
    %load/vec4 v000002e5c7ef76f0_0;
    %parti/s 8, 0, 2;
    %pad/u 10;
    %ix/vec4 3;
    %ix/load 4, 8, 0; part off
    %ix/load 5, 0, 0; Constant delay
    %assign/vec4/a/d v000002e5c7ef9b30, 4, 5;
T_85.19 ;
    %load/vec4 v000002e5c7ef8a50_0;
    %parti/s 1, 9, 5;
    %nor/r;
    %flag_set/vec4 8;
    %jmp/0xz  T_85.21, 8;
    %load/vec4 v000002e5c7ef89b0_0;
    %parti/s 1, 9, 5;
    %load/vec4 v000002e5c7ef76f0_0;
    %parti/s 8, 0, 2;
    %pad/u 10;
    %ix/vec4 3;
    %ix/load 4, 9, 0; part off
    %ix/load 5, 0, 0; Constant delay
    %assign/vec4/a/d v000002e5c7ef9b30, 4, 5;
T_85.21 ;
    %load/vec4 v000002e5c7ef8a50_0;
    %parti/s 1, 10, 5;
    %nor/r;
    %flag_set/vec4 8;
    %jmp/0xz  T_85.23, 8;
    %load/vec4 v000002e5c7ef89b0_0;
    %parti/s 1, 10, 5;
    %load/vec4 v000002e5c7ef76f0_0;
    %parti/s 8, 0, 2;
    %pad/u 10;
    %ix/vec4 3;
    %ix/load 4, 10, 0; part off
    %ix/load 5, 0, 0; Constant delay
    %assign/vec4/a/d v000002e5c7ef9b30, 4, 5;
T_85.23 ;
    %load/vec4 v000002e5c7ef8a50_0;
    %parti/s 1, 11, 5;
    %nor/r;
    %flag_set/vec4 8;
    %jmp/0xz  T_85.25, 8;
    %load/vec4 v000002e5c7ef89b0_0;
    %parti/s 1, 11, 5;
    %load/vec4 v000002e5c7ef76f0_0;
    %parti/s 8, 0, 2;
    %pad/u 10;
    %ix/vec4 3;
    %ix/load 4, 11, 0; part off
    %ix/load 5, 0, 0; Constant delay
    %assign/vec4/a/d v000002e5c7ef9b30, 4, 5;
T_85.25 ;
    %load/vec4 v000002e5c7ef8a50_0;
    %parti/s 1, 12, 5;
    %nor/r;
    %flag_set/vec4 8;
    %jmp/0xz  T_85.27, 8;
    %load/vec4 v000002e5c7ef89b0_0;
    %parti/s 1, 12, 5;
    %load/vec4 v000002e5c7ef76f0_0;
    %parti/s 8, 0, 2;
    %pad/u 10;
    %ix/vec4 3;
    %ix/load 4, 12, 0; part off
    %ix/load 5, 0, 0; Constant delay
    %assign/vec4/a/d v000002e5c7ef9b30, 4, 5;
T_85.27 ;
    %load/vec4 v000002e5c7ef8a50_0;
    %parti/s 1, 13, 5;
    %nor/r;
    %flag_set/vec4 8;
    %jmp/0xz  T_85.29, 8;
    %load/vec4 v000002e5c7ef89b0_0;
    %parti/s 1, 13, 5;
    %load/vec4 v000002e5c7ef76f0_0;
    %parti/s 8, 0, 2;
    %pad/u 10;
    %ix/vec4 3;
    %ix/load 4, 13, 0; part off
    %ix/load 5, 0, 0; Constant delay
    %assign/vec4/a/d v000002e5c7ef9b30, 4, 5;
T_85.29 ;
    %load/vec4 v000002e5c7ef8a50_0;
    %parti/s 1, 14, 5;
    %nor/r;
    %flag_set/vec4 8;
    %jmp/0xz  T_85.31, 8;
    %load/vec4 v000002e5c7ef89b0_0;
    %parti/s 1, 14, 5;
    %load/vec4 v000002e5c7ef76f0_0;
    %parti/s 8, 0, 2;
    %pad/u 10;
    %ix/vec4 3;
    %ix/load 4, 14, 0; part off
    %ix/load 5, 0, 0; Constant delay
    %assign/vec4/a/d v000002e5c7ef9b30, 4, 5;
T_85.31 ;
    %load/vec4 v000002e5c7ef8a50_0;
    %parti/s 1, 15, 5;
    %nor/r;
    %flag_set/vec4 8;
    %jmp/0xz  T_85.33, 8;
    %load/vec4 v000002e5c7ef89b0_0;
    %parti/s 1, 15, 5;
    %load/vec4 v000002e5c7ef76f0_0;
    %parti/s 8, 0, 2;
    %pad/u 10;
    %ix/vec4 3;
    %ix/load 4, 15, 0; part off
    %ix/load 5, 0, 0; Constant delay
    %assign/vec4/a/d v000002e5c7ef9b30, 4, 5;
T_85.33 ;
T_85.0 ;
    %jmp T_85;
    .thread T_85;
    .scope S_000002e5c7e87ea0;
T_86 ;
    %wait E_000002e5c7e75290;
    %load/vec4 v000002e5c7ef8870_0;
    %flag_set/vec4 9;
    %flag_get/vec4 9;
    %jmp/0 T_86.2, 9;
    %load/vec4 v000002e5c7ef8af0_0;
    %and;
T_86.2;
    %flag_set/vec4 8;
    %jmp/0xz  T_86.0, 8;
    %load/vec4 v000002e5c7ef9130_0;
    %parti/s 8, 0, 2;
    %pad/u 10;
    %ix/vec4 4;
    %load/vec4a v000002e5c7ef9b30, 4;
    %load/vec4 v000002e5c7ef8e10_0;
    %inv;
    %and;
    %assign/vec4 v000002e5c7ef8cd0_0, 0;
T_86.0 ;
    %jmp T_86;
    .thread T_86;
    .scope S_000002e5c7f092c0;
T_87 ;
    %pushi/vec4 0, 0, 32;
    %store/vec4 v000002e5c7ef7fb0_0, 0, 32;
T_87.0 ; Top of for-loop
    %load/vec4 v000002e5c7ef7fb0_0;
    %cmpi/s 16, 0, 32;
	  %jmp/0xz T_87.1, 5;
    %pushi/vec4 0, 0, 256;
    %load/vec4 v000002e5c7ef7fb0_0;
    %muli 16, 0, 32;
    %part/s 16;
    %pushi/vec4 0, 0, 32;
    %load/vec4 v000002e5c7ef7fb0_0;
    %add;
    %ix/vec4/s 4;
    %store/vec4a v000002e5c7ef8230, 4, 0;
    %pushi/vec4 0, 0, 256;
    %load/vec4 v000002e5c7ef7fb0_0;
    %muli 16, 0, 32;
    %part/s 16;
    %pushi/vec4 16, 0, 32;
    %load/vec4 v000002e5c7ef7fb0_0;
    %add;
    %ix/vec4/s 4;
    %store/vec4a v000002e5c7ef8230, 4, 0;
    %pushi/vec4 0, 0, 256;
    %load/vec4 v000002e5c7ef7fb0_0;
    %muli 16, 0, 32;
    %part/s 16;
    %pushi/vec4 32, 0, 32;
    %load/vec4 v000002e5c7ef7fb0_0;
    %add;
    %ix/vec4/s 4;
    %store/vec4a v000002e5c7ef8230, 4, 0;
    %pushi/vec4 0, 0, 256;
    %load/vec4 v000002e5c7ef7fb0_0;
    %muli 16, 0, 32;
    %part/s 16;
    %pushi/vec4 48, 0, 32;
    %load/vec4 v000002e5c7ef7fb0_0;
    %add;
    %ix/vec4/s 4;
    %store/vec4a v000002e5c7ef8230, 4, 0;
    %pushi/vec4 0, 0, 256;
    %load/vec4 v000002e5c7ef7fb0_0;
    %muli 16, 0, 32;
    %part/s 16;
    %pushi/vec4 64, 0, 32;
    %load/vec4 v000002e5c7ef7fb0_0;
    %add;
    %ix/vec4/s 4;
    %store/vec4a v000002e5c7ef8230, 4, 0;
    %pushi/vec4 0, 0, 256;
    %load/vec4 v000002e5c7ef7fb0_0;
    %muli 16, 0, 32;
    %part/s 16;
    %pushi/vec4 80, 0, 32;
    %load/vec4 v000002e5c7ef7fb0_0;
    %add;
    %ix/vec4/s 4;
    %store/vec4a v000002e5c7ef8230, 4, 0;
    %pushi/vec4 0, 0, 256;
    %load/vec4 v000002e5c7ef7fb0_0;
    %muli 16, 0, 32;
    %part/s 16;
    %pushi/vec4 96, 0, 32;
    %load/vec4 v000002e5c7ef7fb0_0;
    %add;
    %ix/vec4/s 4;
    %store/vec4a v000002e5c7ef8230, 4, 0;
    %pushi/vec4 0, 0, 256;
    %load/vec4 v000002e5c7ef7fb0_0;
    %muli 16, 0, 32;
    %part/s 16;
    %pushi/vec4 112, 0, 32;
    %load/vec4 v000002e5c7ef7fb0_0;
    %add;
    %ix/vec4/s 4;
    %store/vec4a v000002e5c7ef8230, 4, 0;
    %pushi/vec4 0, 0, 256;
    %load/vec4 v000002e5c7ef7fb0_0;
    %muli 16, 0, 32;
    %part/s 16;
    %pushi/vec4 128, 0, 32;
    %load/vec4 v000002e5c7ef7fb0_0;
    %add;
    %ix/vec4/s 4;
    %store/vec4a v000002e5c7ef8230, 4, 0;
    %pushi/vec4 0, 0, 256;
    %load/vec4 v000002e5c7ef7fb0_0;
    %muli 16, 0, 32;
    %part/s 16;
    %pushi/vec4 144, 0, 32;
    %load/vec4 v000002e5c7ef7fb0_0;
    %add;
    %ix/vec4/s 4;
    %store/vec4a v000002e5c7ef8230, 4, 0;
    %pushi/vec4 0, 0, 256;
    %load/vec4 v000002e5c7ef7fb0_0;
    %muli 16, 0, 32;
    %part/s 16;
    %pushi/vec4 160, 0, 32;
    %load/vec4 v000002e5c7ef7fb0_0;
    %add;
    %ix/vec4/s 4;
    %store/vec4a v000002e5c7ef8230, 4, 0;
    %pushi/vec4 0, 0, 256;
    %load/vec4 v000002e5c7ef7fb0_0;
    %muli 16, 0, 32;
    %part/s 16;
    %pushi/vec4 176, 0, 32;
    %load/vec4 v000002e5c7ef7fb0_0;
    %add;
    %ix/vec4/s 4;
    %store/vec4a v000002e5c7ef8230, 4, 0;
    %pushi/vec4 0, 0, 256;
    %load/vec4 v000002e5c7ef7fb0_0;
    %muli 16, 0, 32;
    %part/s 16;
    %pushi/vec4 192, 0, 32;
    %load/vec4 v000002e5c7ef7fb0_0;
    %add;
    %ix/vec4/s 4;
    %store/vec4a v000002e5c7ef8230, 4, 0;
    %pushi/vec4 0, 0, 256;
    %load/vec4 v000002e5c7ef7fb0_0;
    %muli 16, 0, 32;
    %part/s 16;
    %pushi/vec4 208, 0, 32;
    %load/vec4 v000002e5c7ef7fb0_0;
    %add;
    %ix/vec4/s 4;
    %store/vec4a v000002e5c7ef8230, 4, 0;
    %pushi/vec4 0, 0, 256;
    %load/vec4 v000002e5c7ef7fb0_0;
    %muli 16, 0, 32;
    %part/s 16;
    %pushi/vec4 224, 0, 32;
    %load/vec4 v000002e5c7ef7fb0_0;
    %add;
    %ix/vec4/s 4;
    %store/vec4a v000002e5c7ef8230, 4, 0;
    %pushi/vec4 0, 0, 256;
    %load/vec4 v000002e5c7ef7fb0_0;
    %muli 16, 0, 32;
    %part/s 16;
    %pushi/vec4 240, 0, 32;
    %load/vec4 v000002e5c7ef7fb0_0;
    %add;
    %ix/vec4/s 4;
    %store/vec4a v000002e5c7ef8230, 4, 0;
T_87.2 ; for-loop step statement
    %load/vec4 v000002e5c7ef7fb0_0;
    %addi 1, 0, 32;
    %store/vec4 v000002e5c7ef7fb0_0, 0, 32;
    %jmp T_87.0;
T_87.1 ; for-loop exit label
    %end;
    .thread T_87;
    .scope S_000002e5c7f092c0;
T_88 ;
    %wait E_000002e5c7e75c90;
    %load/vec4 v000002e5c7ef78d0_0;
    %flag_set/vec4 9;
    %flag_get/vec4 9;
    %jmp/0 T_88.2, 9;
    %load/vec4 v000002e5c7ef9db0_0;
    %and;
T_88.2;
    %flag_set/vec4 8;
    %jmp/0xz  T_88.0, 8;
    %load/vec4 v000002e5c7ef7e70_0;
    %parti/s 1, 0, 2;
    %nor/r;
    %flag_set/vec4 8;
    %jmp/0xz  T_88.3, 8;
    %load/vec4 v000002e5c7ef7830_0;
    %parti/s 1, 0, 2;
    %load/vec4 v000002e5c7ef7790_0;
    %parti/s 8, 0, 2;
    %pad/u 10;
    %ix/vec4 3;
    %ix/load 4, 0, 0; Constant delay
    %assign/vec4/a/d v000002e5c7ef8230, 0, 4;
T_88.3 ;
    %load/vec4 v000002e5c7ef7e70_0;
    %parti/s 1, 1, 2;
    %nor/r;
    %flag_set/vec4 8;
    %jmp/0xz  T_88.5, 8;
    %load/vec4 v000002e5c7ef7830_0;
    %parti/s 1, 1, 2;
    %load/vec4 v000002e5c7ef7790_0;
    %parti/s 8, 0, 2;
    %pad/u 10;
    %ix/vec4 3;
    %ix/load 4, 1, 0; part off
    %ix/load 5, 0, 0; Constant delay
    %assign/vec4/a/d v000002e5c7ef8230, 4, 5;
T_88.5 ;
    %load/vec4 v000002e5c7ef7e70_0;
    %parti/s 1, 2, 3;
    %nor/r;
    %flag_set/vec4 8;
    %jmp/0xz  T_88.7, 8;
    %load/vec4 v000002e5c7ef7830_0;
    %parti/s 1, 2, 3;
    %load/vec4 v000002e5c7ef7790_0;
    %parti/s 8, 0, 2;
    %pad/u 10;
    %ix/vec4 3;
    %ix/load 4, 2, 0; part off
    %ix/load 5, 0, 0; Constant delay
    %assign/vec4/a/d v000002e5c7ef8230, 4, 5;
T_88.7 ;
    %load/vec4 v000002e5c7ef7e70_0;
    %parti/s 1, 3, 3;
    %nor/r;
    %flag_set/vec4 8;
    %jmp/0xz  T_88.9, 8;
    %load/vec4 v000002e5c7ef7830_0;
    %parti/s 1, 3, 3;
    %load/vec4 v000002e5c7ef7790_0;
    %parti/s 8, 0, 2;
    %pad/u 10;
    %ix/vec4 3;
    %ix/load 4, 3, 0; part off
    %ix/load 5, 0, 0; Constant delay
    %assign/vec4/a/d v000002e5c7ef8230, 4, 5;
T_88.9 ;
    %load/vec4 v000002e5c7ef7e70_0;
    %parti/s 1, 4, 4;
    %nor/r;
    %flag_set/vec4 8;
    %jmp/0xz  T_88.11, 8;
    %load/vec4 v000002e5c7ef7830_0;
    %parti/s 1, 4, 4;
    %load/vec4 v000002e5c7ef7790_0;
    %parti/s 8, 0, 2;
    %pad/u 10;
    %ix/vec4 3;
    %ix/load 4, 4, 0; part off
    %ix/load 5, 0, 0; Constant delay
    %assign/vec4/a/d v000002e5c7ef8230, 4, 5;
T_88.11 ;
    %load/vec4 v000002e5c7ef7e70_0;
    %parti/s 1, 5, 4;
    %nor/r;
    %flag_set/vec4 8;
    %jmp/0xz  T_88.13, 8;
    %load/vec4 v000002e5c7ef7830_0;
    %parti/s 1, 5, 4;
    %load/vec4 v000002e5c7ef7790_0;
    %parti/s 8, 0, 2;
    %pad/u 10;
    %ix/vec4 3;
    %ix/load 4, 5, 0; part off
    %ix/load 5, 0, 0; Constant delay
    %assign/vec4/a/d v000002e5c7ef8230, 4, 5;
T_88.13 ;
    %load/vec4 v000002e5c7ef7e70_0;
    %parti/s 1, 6, 4;
    %nor/r;
    %flag_set/vec4 8;
    %jmp/0xz  T_88.15, 8;
    %load/vec4 v000002e5c7ef7830_0;
    %parti/s 1, 6, 4;
    %load/vec4 v000002e5c7ef7790_0;
    %parti/s 8, 0, 2;
    %pad/u 10;
    %ix/vec4 3;
    %ix/load 4, 6, 0; part off
    %ix/load 5, 0, 0; Constant delay
    %assign/vec4/a/d v000002e5c7ef8230, 4, 5;
T_88.15 ;
    %load/vec4 v000002e5c7ef7e70_0;
    %parti/s 1, 7, 4;
    %nor/r;
    %flag_set/vec4 8;
    %jmp/0xz  T_88.17, 8;
    %load/vec4 v000002e5c7ef7830_0;
    %parti/s 1, 7, 4;
    %load/vec4 v000002e5c7ef7790_0;
    %parti/s 8, 0, 2;
    %pad/u 10;
    %ix/vec4 3;
    %ix/load 4, 7, 0; part off
    %ix/load 5, 0, 0; Constant delay
    %assign/vec4/a/d v000002e5c7ef8230, 4, 5;
T_88.17 ;
    %load/vec4 v000002e5c7ef7e70_0;
    %parti/s 1, 8, 5;
    %nor/r;
    %flag_set/vec4 8;
    %jmp/0xz  T_88.19, 8;
    %load/vec4 v000002e5c7ef7830_0;
    %parti/s 1, 8, 5;
    %load/vec4 v000002e5c7ef7790_0;
    %parti/s 8, 0, 2;
    %pad/u 10;
    %ix/vec4 3;
    %ix/load 4, 8, 0; part off
    %ix/load 5, 0, 0; Constant delay
    %assign/vec4/a/d v000002e5c7ef8230, 4, 5;
T_88.19 ;
    %load/vec4 v000002e5c7ef7e70_0;
    %parti/s 1, 9, 5;
    %nor/r;
    %flag_set/vec4 8;
    %jmp/0xz  T_88.21, 8;
    %load/vec4 v000002e5c7ef7830_0;
    %parti/s 1, 9, 5;
    %load/vec4 v000002e5c7ef7790_0;
    %parti/s 8, 0, 2;
    %pad/u 10;
    %ix/vec4 3;
    %ix/load 4, 9, 0; part off
    %ix/load 5, 0, 0; Constant delay
    %assign/vec4/a/d v000002e5c7ef8230, 4, 5;
T_88.21 ;
    %load/vec4 v000002e5c7ef7e70_0;
    %parti/s 1, 10, 5;
    %nor/r;
    %flag_set/vec4 8;
    %jmp/0xz  T_88.23, 8;
    %load/vec4 v000002e5c7ef7830_0;
    %parti/s 1, 10, 5;
    %load/vec4 v000002e5c7ef7790_0;
    %parti/s 8, 0, 2;
    %pad/u 10;
    %ix/vec4 3;
    %ix/load 4, 10, 0; part off
    %ix/load 5, 0, 0; Constant delay
    %assign/vec4/a/d v000002e5c7ef8230, 4, 5;
T_88.23 ;
    %load/vec4 v000002e5c7ef7e70_0;
    %parti/s 1, 11, 5;
    %nor/r;
    %flag_set/vec4 8;
    %jmp/0xz  T_88.25, 8;
    %load/vec4 v000002e5c7ef7830_0;
    %parti/s 1, 11, 5;
    %load/vec4 v000002e5c7ef7790_0;
    %parti/s 8, 0, 2;
    %pad/u 10;
    %ix/vec4 3;
    %ix/load 4, 11, 0; part off
    %ix/load 5, 0, 0; Constant delay
    %assign/vec4/a/d v000002e5c7ef8230, 4, 5;
T_88.25 ;
    %load/vec4 v000002e5c7ef7e70_0;
    %parti/s 1, 12, 5;
    %nor/r;
    %flag_set/vec4 8;
    %jmp/0xz  T_88.27, 8;
    %load/vec4 v000002e5c7ef7830_0;
    %parti/s 1, 12, 5;
    %load/vec4 v000002e5c7ef7790_0;
    %parti/s 8, 0, 2;
    %pad/u 10;
    %ix/vec4 3;
    %ix/load 4, 12, 0; part off
    %ix/load 5, 0, 0; Constant delay
    %assign/vec4/a/d v000002e5c7ef8230, 4, 5;
T_88.27 ;
    %load/vec4 v000002e5c7ef7e70_0;
    %parti/s 1, 13, 5;
    %nor/r;
    %flag_set/vec4 8;
    %jmp/0xz  T_88.29, 8;
    %load/vec4 v000002e5c7ef7830_0;
    %parti/s 1, 13, 5;
    %load/vec4 v000002e5c7ef7790_0;
    %parti/s 8, 0, 2;
    %pad/u 10;
    %ix/vec4 3;
    %ix/load 4, 13, 0; part off
    %ix/load 5, 0, 0; Constant delay
    %assign/vec4/a/d v000002e5c7ef8230, 4, 5;
T_88.29 ;
    %load/vec4 v000002e5c7ef7e70_0;
    %parti/s 1, 14, 5;
    %nor/r;
    %flag_set/vec4 8;
    %jmp/0xz  T_88.31, 8;
    %load/vec4 v000002e5c7ef7830_0;
    %parti/s 1, 14, 5;
    %load/vec4 v000002e5c7ef7790_0;
    %parti/s 8, 0, 2;
    %pad/u 10;
    %ix/vec4 3;
    %ix/load 4, 14, 0; part off
    %ix/load 5, 0, 0; Constant delay
    %assign/vec4/a/d v000002e5c7ef8230, 4, 5;
T_88.31 ;
    %load/vec4 v000002e5c7ef7e70_0;
    %parti/s 1, 15, 5;
    %nor/r;
    %flag_set/vec4 8;
    %jmp/0xz  T_88.33, 8;
    %load/vec4 v000002e5c7ef7830_0;
    %parti/s 1, 15, 5;
    %load/vec4 v000002e5c7ef7790_0;
    %parti/s 8, 0, 2;
    %pad/u 10;
    %ix/vec4 3;
    %ix/load 4, 15, 0; part off
    %ix/load 5, 0, 0; Constant delay
    %assign/vec4/a/d v000002e5c7ef8230, 4, 5;
T_88.33 ;
T_88.0 ;
    %jmp T_88;
    .thread T_88;
    .scope S_000002e5c7f092c0;
T_89 ;
    %wait E_000002e5c7e75950;
    %load/vec4 v000002e5c7ef8c30_0;
    %flag_set/vec4 9;
    %flag_get/vec4 9;
    %jmp/0 T_89.2, 9;
    %load/vec4 v000002e5c7ef8b90_0;
    %and;
T_89.2;
    %flag_set/vec4 8;
    %jmp/0xz  T_89.0, 8;
    %load/vec4 v000002e5c7ef94f0_0;
    %parti/s 8, 0, 2;
    %pad/u 10;
    %ix/vec4 4;
    %load/vec4a v000002e5c7ef8230, 4;
    %load/vec4 v000002e5c7ef9950_0;
    %inv;
    %and;
    %assign/vec4 v000002e5c7ef8d70_0, 0;
T_89.0 ;
    %jmp T_89;
    .thread T_89;
    .scope S_000002e5c7f09900;
T_90 ;
    %pushi/vec4 0, 0, 32;
    %store/vec4 v000002e5c7f0f900_0, 0, 32;
T_90.0 ; Top of for-loop
    %load/vec4 v000002e5c7f0f900_0;
    %cmpi/s 16, 0, 32;
	  %jmp/0xz T_90.1, 5;
    %pushi/vec4 0, 0, 256;
    %load/vec4 v000002e5c7f0f900_0;
    %muli 16, 0, 32;
    %part/s 16;
    %pushi/vec4 0, 0, 32;
    %load/vec4 v000002e5c7f0f900_0;
    %add;
    %ix/vec4/s 4;
    %store/vec4a v000002e5c7f0f680, 4, 0;
    %pushi/vec4 0, 0, 256;
    %load/vec4 v000002e5c7f0f900_0;
    %muli 16, 0, 32;
    %part/s 16;
    %pushi/vec4 16, 0, 32;
    %load/vec4 v000002e5c7f0f900_0;
    %add;
    %ix/vec4/s 4;
    %store/vec4a v000002e5c7f0f680, 4, 0;
    %pushi/vec4 0, 0, 256;
    %load/vec4 v000002e5c7f0f900_0;
    %muli 16, 0, 32;
    %part/s 16;
    %pushi/vec4 32, 0, 32;
    %load/vec4 v000002e5c7f0f900_0;
    %add;
    %ix/vec4/s 4;
    %store/vec4a v000002e5c7f0f680, 4, 0;
    %pushi/vec4 0, 0, 256;
    %load/vec4 v000002e5c7f0f900_0;
    %muli 16, 0, 32;
    %part/s 16;
    %pushi/vec4 48, 0, 32;
    %load/vec4 v000002e5c7f0f900_0;
    %add;
    %ix/vec4/s 4;
    %store/vec4a v000002e5c7f0f680, 4, 0;
    %pushi/vec4 0, 0, 256;
    %load/vec4 v000002e5c7f0f900_0;
    %muli 16, 0, 32;
    %part/s 16;
    %pushi/vec4 64, 0, 32;
    %load/vec4 v000002e5c7f0f900_0;
    %add;
    %ix/vec4/s 4;
    %store/vec4a v000002e5c7f0f680, 4, 0;
    %pushi/vec4 0, 0, 256;
    %load/vec4 v000002e5c7f0f900_0;
    %muli 16, 0, 32;
    %part/s 16;
    %pushi/vec4 80, 0, 32;
    %load/vec4 v000002e5c7f0f900_0;
    %add;
    %ix/vec4/s 4;
    %store/vec4a v000002e5c7f0f680, 4, 0;
    %pushi/vec4 0, 0, 256;
    %load/vec4 v000002e5c7f0f900_0;
    %muli 16, 0, 32;
    %part/s 16;
    %pushi/vec4 96, 0, 32;
    %load/vec4 v000002e5c7f0f900_0;
    %add;
    %ix/vec4/s 4;
    %store/vec4a v000002e5c7f0f680, 4, 0;
    %pushi/vec4 0, 0, 256;
    %load/vec4 v000002e5c7f0f900_0;
    %muli 16, 0, 32;
    %part/s 16;
    %pushi/vec4 112, 0, 32;
    %load/vec4 v000002e5c7f0f900_0;
    %add;
    %ix/vec4/s 4;
    %store/vec4a v000002e5c7f0f680, 4, 0;
    %pushi/vec4 0, 0, 256;
    %load/vec4 v000002e5c7f0f900_0;
    %muli 16, 0, 32;
    %part/s 16;
    %pushi/vec4 128, 0, 32;
    %load/vec4 v000002e5c7f0f900_0;
    %add;
    %ix/vec4/s 4;
    %store/vec4a v000002e5c7f0f680, 4, 0;
    %pushi/vec4 0, 0, 256;
    %load/vec4 v000002e5c7f0f900_0;
    %muli 16, 0, 32;
    %part/s 16;
    %pushi/vec4 144, 0, 32;
    %load/vec4 v000002e5c7f0f900_0;
    %add;
    %ix/vec4/s 4;
    %store/vec4a v000002e5c7f0f680, 4, 0;
    %pushi/vec4 0, 0, 256;
    %load/vec4 v000002e5c7f0f900_0;
    %muli 16, 0, 32;
    %part/s 16;
    %pushi/vec4 160, 0, 32;
    %load/vec4 v000002e5c7f0f900_0;
    %add;
    %ix/vec4/s 4;
    %store/vec4a v000002e5c7f0f680, 4, 0;
    %pushi/vec4 0, 0, 256;
    %load/vec4 v000002e5c7f0f900_0;
    %muli 16, 0, 32;
    %part/s 16;
    %pushi/vec4 176, 0, 32;
    %load/vec4 v000002e5c7f0f900_0;
    %add;
    %ix/vec4/s 4;
    %store/vec4a v000002e5c7f0f680, 4, 0;
    %pushi/vec4 0, 0, 256;
    %load/vec4 v000002e5c7f0f900_0;
    %muli 16, 0, 32;
    %part/s 16;
    %pushi/vec4 192, 0, 32;
    %load/vec4 v000002e5c7f0f900_0;
    %add;
    %ix/vec4/s 4;
    %store/vec4a v000002e5c7f0f680, 4, 0;
    %pushi/vec4 0, 0, 256;
    %load/vec4 v000002e5c7f0f900_0;
    %muli 16, 0, 32;
    %part/s 16;
    %pushi/vec4 208, 0, 32;
    %load/vec4 v000002e5c7f0f900_0;
    %add;
    %ix/vec4/s 4;
    %store/vec4a v000002e5c7f0f680, 4, 0;
    %pushi/vec4 0, 0, 256;
    %load/vec4 v000002e5c7f0f900_0;
    %muli 16, 0, 32;
    %part/s 16;
    %pushi/vec4 224, 0, 32;
    %load/vec4 v000002e5c7f0f900_0;
    %add;
    %ix/vec4/s 4;
    %store/vec4a v000002e5c7f0f680, 4, 0;
    %pushi/vec4 0, 0, 256;
    %load/vec4 v000002e5c7f0f900_0;
    %muli 16, 0, 32;
    %part/s 16;
    %pushi/vec4 240, 0, 32;
    %load/vec4 v000002e5c7f0f900_0;
    %add;
    %ix/vec4/s 4;
    %store/vec4a v000002e5c7f0f680, 4, 0;
T_90.2 ; for-loop step statement
    %load/vec4 v000002e5c7f0f900_0;
    %addi 1, 0, 32;
    %store/vec4 v000002e5c7f0f900_0, 0, 32;
    %jmp T_90.0;
T_90.1 ; for-loop exit label
    %end;
    .thread T_90;
    .scope S_000002e5c7f09900;
T_91 ;
    %wait E_000002e5c7e74d10;
    %load/vec4 v000002e5c7f0f400_0;
    %flag_set/vec4 9;
    %flag_get/vec4 9;
    %jmp/0 T_91.2, 9;
    %load/vec4 v000002e5c7f0fa40_0;
    %and;
T_91.2;
    %flag_set/vec4 8;
    %jmp/0xz  T_91.0, 8;
    %load/vec4 v000002e5c7f112a0_0;
    %parti/s 1, 0, 2;
    %nor/r;
    %flag_set/vec4 8;
    %jmp/0xz  T_91.3, 8;
    %load/vec4 v000002e5c7f11480_0;
    %parti/s 1, 0, 2;
    %load/vec4 v000002e5c7f0f040_0;
    %parti/s 8, 0, 2;
    %pad/u 10;
    %ix/vec4 3;
    %ix/load 4, 0, 0; Constant delay
    %assign/vec4/a/d v000002e5c7f0f680, 0, 4;
T_91.3 ;
    %load/vec4 v000002e5c7f112a0_0;
    %parti/s 1, 1, 2;
    %nor/r;
    %flag_set/vec4 8;
    %jmp/0xz  T_91.5, 8;
    %load/vec4 v000002e5c7f11480_0;
    %parti/s 1, 1, 2;
    %load/vec4 v000002e5c7f0f040_0;
    %parti/s 8, 0, 2;
    %pad/u 10;
    %ix/vec4 3;
    %ix/load 4, 1, 0; part off
    %ix/load 5, 0, 0; Constant delay
    %assign/vec4/a/d v000002e5c7f0f680, 4, 5;
T_91.5 ;
    %load/vec4 v000002e5c7f112a0_0;
    %parti/s 1, 2, 3;
    %nor/r;
    %flag_set/vec4 8;
    %jmp/0xz  T_91.7, 8;
    %load/vec4 v000002e5c7f11480_0;
    %parti/s 1, 2, 3;
    %load/vec4 v000002e5c7f0f040_0;
    %parti/s 8, 0, 2;
    %pad/u 10;
    %ix/vec4 3;
    %ix/load 4, 2, 0; part off
    %ix/load 5, 0, 0; Constant delay
    %assign/vec4/a/d v000002e5c7f0f680, 4, 5;
T_91.7 ;
    %load/vec4 v000002e5c7f112a0_0;
    %parti/s 1, 3, 3;
    %nor/r;
    %flag_set/vec4 8;
    %jmp/0xz  T_91.9, 8;
    %load/vec4 v000002e5c7f11480_0;
    %parti/s 1, 3, 3;
    %load/vec4 v000002e5c7f0f040_0;
    %parti/s 8, 0, 2;
    %pad/u 10;
    %ix/vec4 3;
    %ix/load 4, 3, 0; part off
    %ix/load 5, 0, 0; Constant delay
    %assign/vec4/a/d v000002e5c7f0f680, 4, 5;
T_91.9 ;
    %load/vec4 v000002e5c7f112a0_0;
    %parti/s 1, 4, 4;
    %nor/r;
    %flag_set/vec4 8;
    %jmp/0xz  T_91.11, 8;
    %load/vec4 v000002e5c7f11480_0;
    %parti/s 1, 4, 4;
    %load/vec4 v000002e5c7f0f040_0;
    %parti/s 8, 0, 2;
    %pad/u 10;
    %ix/vec4 3;
    %ix/load 4, 4, 0; part off
    %ix/load 5, 0, 0; Constant delay
    %assign/vec4/a/d v000002e5c7f0f680, 4, 5;
T_91.11 ;
    %load/vec4 v000002e5c7f112a0_0;
    %parti/s 1, 5, 4;
    %nor/r;
    %flag_set/vec4 8;
    %jmp/0xz  T_91.13, 8;
    %load/vec4 v000002e5c7f11480_0;
    %parti/s 1, 5, 4;
    %load/vec4 v000002e5c7f0f040_0;
    %parti/s 8, 0, 2;
    %pad/u 10;
    %ix/vec4 3;
    %ix/load 4, 5, 0; part off
    %ix/load 5, 0, 0; Constant delay
    %assign/vec4/a/d v000002e5c7f0f680, 4, 5;
T_91.13 ;
    %load/vec4 v000002e5c7f112a0_0;
    %parti/s 1, 6, 4;
    %nor/r;
    %flag_set/vec4 8;
    %jmp/0xz  T_91.15, 8;
    %load/vec4 v000002e5c7f11480_0;
    %parti/s 1, 6, 4;
    %load/vec4 v000002e5c7f0f040_0;
    %parti/s 8, 0, 2;
    %pad/u 10;
    %ix/vec4 3;
    %ix/load 4, 6, 0; part off
    %ix/load 5, 0, 0; Constant delay
    %assign/vec4/a/d v000002e5c7f0f680, 4, 5;
T_91.15 ;
    %load/vec4 v000002e5c7f112a0_0;
    %parti/s 1, 7, 4;
    %nor/r;
    %flag_set/vec4 8;
    %jmp/0xz  T_91.17, 8;
    %load/vec4 v000002e5c7f11480_0;
    %parti/s 1, 7, 4;
    %load/vec4 v000002e5c7f0f040_0;
    %parti/s 8, 0, 2;
    %pad/u 10;
    %ix/vec4 3;
    %ix/load 4, 7, 0; part off
    %ix/load 5, 0, 0; Constant delay
    %assign/vec4/a/d v000002e5c7f0f680, 4, 5;
T_91.17 ;
    %load/vec4 v000002e5c7f112a0_0;
    %parti/s 1, 8, 5;
    %nor/r;
    %flag_set/vec4 8;
    %jmp/0xz  T_91.19, 8;
    %load/vec4 v000002e5c7f11480_0;
    %parti/s 1, 8, 5;
    %load/vec4 v000002e5c7f0f040_0;
    %parti/s 8, 0, 2;
    %pad/u 10;
    %ix/vec4 3;
    %ix/load 4, 8, 0; part off
    %ix/load 5, 0, 0; Constant delay
    %assign/vec4/a/d v000002e5c7f0f680, 4, 5;
T_91.19 ;
    %load/vec4 v000002e5c7f112a0_0;
    %parti/s 1, 9, 5;
    %nor/r;
    %flag_set/vec4 8;
    %jmp/0xz  T_91.21, 8;
    %load/vec4 v000002e5c7f11480_0;
    %parti/s 1, 9, 5;
    %load/vec4 v000002e5c7f0f040_0;
    %parti/s 8, 0, 2;
    %pad/u 10;
    %ix/vec4 3;
    %ix/load 4, 9, 0; part off
    %ix/load 5, 0, 0; Constant delay
    %assign/vec4/a/d v000002e5c7f0f680, 4, 5;
T_91.21 ;
    %load/vec4 v000002e5c7f112a0_0;
    %parti/s 1, 10, 5;
    %nor/r;
    %flag_set/vec4 8;
    %jmp/0xz  T_91.23, 8;
    %load/vec4 v000002e5c7f11480_0;
    %parti/s 1, 10, 5;
    %load/vec4 v000002e5c7f0f040_0;
    %parti/s 8, 0, 2;
    %pad/u 10;
    %ix/vec4 3;
    %ix/load 4, 10, 0; part off
    %ix/load 5, 0, 0; Constant delay
    %assign/vec4/a/d v000002e5c7f0f680, 4, 5;
T_91.23 ;
    %load/vec4 v000002e5c7f112a0_0;
    %parti/s 1, 11, 5;
    %nor/r;
    %flag_set/vec4 8;
    %jmp/0xz  T_91.25, 8;
    %load/vec4 v000002e5c7f11480_0;
    %parti/s 1, 11, 5;
    %load/vec4 v000002e5c7f0f040_0;
    %parti/s 8, 0, 2;
    %pad/u 10;
    %ix/vec4 3;
    %ix/load 4, 11, 0; part off
    %ix/load 5, 0, 0; Constant delay
    %assign/vec4/a/d v000002e5c7f0f680, 4, 5;
T_91.25 ;
    %load/vec4 v000002e5c7f112a0_0;
    %parti/s 1, 12, 5;
    %nor/r;
    %flag_set/vec4 8;
    %jmp/0xz  T_91.27, 8;
    %load/vec4 v000002e5c7f11480_0;
    %parti/s 1, 12, 5;
    %load/vec4 v000002e5c7f0f040_0;
    %parti/s 8, 0, 2;
    %pad/u 10;
    %ix/vec4 3;
    %ix/load 4, 12, 0; part off
    %ix/load 5, 0, 0; Constant delay
    %assign/vec4/a/d v000002e5c7f0f680, 4, 5;
T_91.27 ;
    %load/vec4 v000002e5c7f112a0_0;
    %parti/s 1, 13, 5;
    %nor/r;
    %flag_set/vec4 8;
    %jmp/0xz  T_91.29, 8;
    %load/vec4 v000002e5c7f11480_0;
    %parti/s 1, 13, 5;
    %load/vec4 v000002e5c7f0f040_0;
    %parti/s 8, 0, 2;
    %pad/u 10;
    %ix/vec4 3;
    %ix/load 4, 13, 0; part off
    %ix/load 5, 0, 0; Constant delay
    %assign/vec4/a/d v000002e5c7f0f680, 4, 5;
T_91.29 ;
    %load/vec4 v000002e5c7f112a0_0;
    %parti/s 1, 14, 5;
    %nor/r;
    %flag_set/vec4 8;
    %jmp/0xz  T_91.31, 8;
    %load/vec4 v000002e5c7f11480_0;
    %parti/s 1, 14, 5;
    %load/vec4 v000002e5c7f0f040_0;
    %parti/s 8, 0, 2;
    %pad/u 10;
    %ix/vec4 3;
    %ix/load 4, 14, 0; part off
    %ix/load 5, 0, 0; Constant delay
    %assign/vec4/a/d v000002e5c7f0f680, 4, 5;
T_91.31 ;
    %load/vec4 v000002e5c7f112a0_0;
    %parti/s 1, 15, 5;
    %nor/r;
    %flag_set/vec4 8;
    %jmp/0xz  T_91.33, 8;
    %load/vec4 v000002e5c7f11480_0;
    %parti/s 1, 15, 5;
    %load/vec4 v000002e5c7f0f040_0;
    %parti/s 8, 0, 2;
    %pad/u 10;
    %ix/vec4 3;
    %ix/load 4, 15, 0; part off
    %ix/load 5, 0, 0; Constant delay
    %assign/vec4/a/d v000002e5c7f0f680, 4, 5;
T_91.33 ;
T_91.0 ;
    %jmp T_91;
    .thread T_91;
    .scope S_000002e5c7f09900;
T_92 ;
    %wait E_000002e5c7e75710;
    %load/vec4 v000002e5c7f106c0_0;
    %flag_set/vec4 9;
    %flag_get/vec4 9;
    %jmp/0 T_92.2, 9;
    %load/vec4 v000002e5c7f10a80_0;
    %and;
T_92.2;
    %flag_set/vec4 8;
    %jmp/0xz  T_92.0, 8;
    %load/vec4 v000002e5c7f10800_0;
    %parti/s 8, 0, 2;
    %pad/u 10;
    %ix/vec4 4;
    %load/vec4a v000002e5c7f0f680, 4;
    %load/vec4 v000002e5c7f11200_0;
    %inv;
    %and;
    %assign/vec4 v000002e5c7f0f360_0, 0;
T_92.0 ;
    %jmp T_92;
    .thread T_92;
    .scope S_000002e5c7e86d70;
T_93 ;
    %wait E_000002e5c7e75cd0;
    %pushi/vec4 0, 0, 32;
    %store/vec4 v000002e5c7f0ab80_0, 0, 32;
T_93.0 ; Top of for-loop
    %load/vec4 v000002e5c7f0ab80_0;
    %cmpi/s 16383, 0, 32;
    %flag_or 5, 4;
	  %jmp/0xz T_93.1, 5;
    %pushi/vec4 65535, 65535, 16;
    %ix/getv/s 4, v000002e5c7f0ab80_0;
    %store/vec4a v000002e5c7f0c340, 4, 0;
T_93.2 ; for-loop step statement
    %load/vec4 v000002e5c7f0ab80_0;
    %addi 1, 0, 32;
    %store/vec4 v000002e5c7f0ab80_0, 0, 32;
    %jmp T_93.0;
T_93.1 ; for-loop exit label
    %jmp T_93;
    .thread T_93;
    .scope S_000002e5c7e86d70;
T_94 ;
    %wait E_000002e5c7e74d50;
    %load/vec4 v000002e5c7f0b9e0_0;
    %flag_set/vec4 8;
    %jmp/0xz  T_94.0, 8;
    %pushi/vec4 0, 0, 16;
    %assign/vec4 v000002e5c7f0a4a0_0, 0;
    %jmp T_94.1;
T_94.0 ;
    %load/vec4 v000002e5c7f0c660_0;
    %flag_set/vec4 8;
    %jmp/0xz  T_94.2, 8;
    %pushi/vec4 65535, 65535, 16;
    %assign/vec4 v000002e5c7f0a4a0_0, 0;
    %jmp T_94.3;
T_94.2 ;
    %load/vec4 v000002e5c7f0b4e0_0;
    %flag_set/vec4 8;
    %jmp/0xz  T_94.4, 8;
    %load/vec4 v000002e5c7f0bda0_0;
    %nor/r;
    %flag_set/vec4 8;
    %jmp/0xz  T_94.6, 8;
    %load/vec4 v000002e5c7f0a7c0_0;
    %pad/u 16;
    %ix/vec4 4;
    %load/vec4a v000002e5c7f0c340, 4;
    %assign/vec4 v000002e5c7f0a4a0_0, 0;
    %jmp T_94.7;
T_94.6 ;
    %load/vec4 v000002e5c7f0b800_0;
    %parti/s 1, 0, 2;
    %flag_set/vec4 8;
    %jmp/0xz  T_94.8, 8;
    %load/vec4 v000002e5c7f0a540_0;
    %parti/s 4, 0, 2;
    %load/vec4 v000002e5c7f0a7c0_0;
    %pad/u 16;
    %ix/vec4 3;
    %ix/load 4, 0, 0; Constant delay
    %assign/vec4/a/d v000002e5c7f0c340, 0, 4;
T_94.8 ;
    %load/vec4 v000002e5c7f0b800_0;
    %parti/s 1, 1, 2;
    %flag_set/vec4 8;
    %jmp/0xz  T_94.10, 8;
    %load/vec4 v000002e5c7f0a540_0;
    %parti/s 4, 4, 4;
    %load/vec4 v000002e5c7f0a7c0_0;
    %pad/u 16;
    %ix/vec4 3;
    %ix/load 4, 4, 0; part off
    %ix/load 5, 0, 0; Constant delay
    %assign/vec4/a/d v000002e5c7f0c340, 4, 5;
T_94.10 ;
    %load/vec4 v000002e5c7f0b800_0;
    %parti/s 1, 2, 3;
    %flag_set/vec4 8;
    %jmp/0xz  T_94.12, 8;
    %load/vec4 v000002e5c7f0a540_0;
    %parti/s 4, 8, 5;
    %load/vec4 v000002e5c7f0a7c0_0;
    %pad/u 16;
    %ix/vec4 3;
    %ix/load 4, 8, 0; part off
    %ix/load 5, 0, 0; Constant delay
    %assign/vec4/a/d v000002e5c7f0c340, 4, 5;
T_94.12 ;
    %load/vec4 v000002e5c7f0b800_0;
    %parti/s 1, 3, 3;
    %flag_set/vec4 8;
    %jmp/0xz  T_94.14, 8;
    %load/vec4 v000002e5c7f0a540_0;
    %parti/s 4, 12, 5;
    %load/vec4 v000002e5c7f0a7c0_0;
    %pad/u 16;
    %ix/vec4 3;
    %ix/load 4, 12, 0; part off
    %ix/load 5, 0, 0; Constant delay
    %assign/vec4/a/d v000002e5c7f0c340, 4, 5;
T_94.14 ;
    %pushi/vec4 65535, 65535, 16;
    %assign/vec4 v000002e5c7f0a4a0_0, 0;
T_94.7 ;
T_94.4 ;
T_94.3 ;
T_94.1 ;
    %jmp T_94;
    .thread T_94;
    .scope S_000002e5c7f087d0;
T_95 ;
    %wait E_000002e5c7e74f50;
    %load/vec4 v000002e5c7f0b1c0_0;
    %cmpi/s 127, 0, 16;
    %flag_or 5, 4; GT is !LE
    %flag_inv 5;
    %jmp/0xz  T_95.0, 5;
    %pushi/vec4 127, 0, 8;
    %store/vec4 v000002e5c7f0b440_0, 0, 8;
    %jmp T_95.1;
T_95.0 ;
    %load/vec4 v000002e5c7f0b1c0_0;
    %cmpi/s 65408, 0, 16;
    %jmp/0xz  T_95.2, 5;
    %pushi/vec4 128, 0, 8;
    %store/vec4 v000002e5c7f0b440_0, 0, 8;
    %jmp T_95.3;
T_95.2 ;
    %load/vec4 v000002e5c7f0b1c0_0;
    %parti/s 8, 0, 2;
    %store/vec4 v000002e5c7f0b440_0, 0, 8;
T_95.3 ;
T_95.1 ;
    %jmp T_95;
    .thread T_95, $push;
    .scope S_000002e5c7e87220;
T_96 ;
    %vpi_call/w 4 7 "$dumpvars", 32'sb00000000000000000000000000000000, S_000002e5c7e87220 {0 0 0};
    %pushi/vec4 255, 0, 16;
    %store/vec4 v000002e5c7f0bf80_0, 0, 16;
    %delay 10000, 0;
    %pushi/vec4 32767, 0, 16;
    %store/vec4 v000002e5c7f0bf80_0, 0, 16;
    %delay 10000, 0;
    %pushi/vec4 32768, 0, 16;
    %store/vec4 v000002e5c7f0bf80_0, 0, 16;
    %delay 10000, 0;
    %vpi_call/w 4 11 "$finish" {0 0 0};
    %end;
    .thread T_96;
    .scope S_000002e5c7f08e10;
T_97 ;
    %wait E_000002e5c7e75590;
    %load/vec4 v000002e5c7f0a0e0_0;
    %cmpi/s 127, 0, 16;
    %flag_or 5, 4; GT is !LE
    %flag_inv 5;
    %jmp/0xz  T_97.0, 5;
    %pushi/vec4 127, 0, 8;
    %store/vec4 v000002e5c7f0af40_0, 0, 8;
    %jmp T_97.1;
T_97.0 ;
    %load/vec4 v000002e5c7f0a0e0_0;
    %cmpi/s 65408, 0, 16;
    %jmp/0xz  T_97.2, 5;
    %pushi/vec4 128, 0, 8;
    %store/vec4 v000002e5c7f0af40_0, 0, 8;
    %jmp T_97.3;
T_97.2 ;
    %load/vec4 v000002e5c7f0a0e0_0;
    %parti/s 8, 0, 2;
    %store/vec4 v000002e5c7f0af40_0, 0, 8;
T_97.3 ;
T_97.1 ;
    %jmp T_97;
    .thread T_97, $push;
# The file index is used to find the file name in the following table.
:file_names 7;
    "N/A";
    "<interactive>";
    "-";
    "C:\Users\beade\.apio\packages\oss-cad-suite\share\yosys\ice40\cells_sim.v";
    "ex6_tb.v";
    "ex6_trunc_round.v";
    "ex6_top.v";
