#! 
:ivl_version "14.0 (devel)" "(s20251012-140-gf5a178d47-dirty)";
:ivl_delay_selection "TYPICAL";
:vpi_time_precision - 12;
:vpi_module "C:\Users\beade\APIO~1\packages\OSS-CA~1\lib\ivl\system.vpi";
:vpi_module "C:\Users\beade\APIO~1\packages\OSS-CA~1\lib\ivl\vhdl_sys.vpi";
:vpi_module "C:\Users\beade\APIO~1\packages\OSS-CA~1\lib\ivl\vhdl_textio.vpi";
:vpi_module "C:\Users\beade\APIO~1\packages\OSS-CA~1\lib\ivl\v2005_math.vpi";
:vpi_module "C:\Users\beade\APIO~1\packages\OSS-CA~1\lib\ivl\va_math.vpi";
:vpi_module "C:\Users\beade\APIO~1\packages\OSS-CA~1\lib\ivl\v2009.vpi";
S_00000227adc81e30 .scope package, "$unit" "$unit" 2 1;
 .timescale 0 0;
S_00000227adc5ee20 .scope module, "ICESTORM_LC" "ICESTORM_LC" 3 2136;
 .timescale -12 -12;
    .port_info 0 /INPUT 1 "I0";
    .port_info 1 /INPUT 1 "I1";
    .port_info 2 /INPUT 1 "I2";
    .port_info 3 /INPUT 1 "I3";
    .port_info 4 /INPUT 1 "CIN";
    .port_info 5 /INPUT 1 "CLK";
    .port_info 6 /INPUT 1 "CEN";
    .port_info 7 /INPUT 1 "SR";
    .port_info 8 /OUTPUT 1 "LO";
    .port_info 9 /OUTPUT 1 "O";
    .port_info 10 /OUTPUT 1 "COUT";
P_00000227adc5eb00 .param/l "ASYNC_SR" 0 3 2148, C4<0>;
P_00000227adc5eb38 .param/l "CARRY_ENABLE" 0 3 2145, C4<0>;
P_00000227adc5eb70 .param/l "CIN_CONST" 0 3 2150, C4<0>;
P_00000227adc5eba8 .param/l "CIN_SET" 0 3 2151, C4<0>;
P_00000227adc5ebe0 .param/l "DFF_ENABLE" 0 3 2146, C4<0>;
P_00000227adc5ec18 .param/l "LUT_INIT" 0 3 2142, C4<0000000000000000>;
P_00000227adc5ec50 .param/l "NEG_CLK" 0 3 2144, C4<0>;
P_00000227adc5ec88 .param/l "SET_NORESET" 0 3 2147, C4<0>;
o00000227ade600e8 .functor BUFZ 1, c4<z>; HiZ drive
L_00000227adc5e130 .functor BUFZ 1, o00000227ade600e8, C4<0>, C4<0>, C4<0>;
L_00000227adc5d9c0 .functor BUFZ 1, L_00000227adeceda0, C4<0>, C4<0>, C4<0>;
o00000227ade60118 .functor BUFZ 1, c4<z>; HiZ drive
L_00000227aded2e70 .functor BUFT 1, C4<0>, C4<0>, C4<0>, C4<0>;
L_00000227adc3f690 .functor XOR 1, o00000227ade60118, L_00000227aded2e70, C4<0>, C4<0>;
L_00000227adc3faf0 .functor BUFZ 1, L_00000227adeceda0, C4<0>, C4<0>, C4<0>;
o00000227ade60088 .functor BUFZ 1, c4<z>; HiZ drive
v00000227ade037b0_0 .net "CEN", 0 0, o00000227ade60088;  0 drivers
v00000227ade03210_0 .net "CEN_pu", 0 0, L_00000227adecb920;  1 drivers
v00000227ade03350_0 .net "CIN", 0 0, o00000227ade600e8;  0 drivers
v00000227ade023b0_0 .net "CLK", 0 0, o00000227ade60118;  0 drivers
L_00000227aded2d98 .functor BUFT 1, C4<x>, C4<0>, C4<0>, C4<0>;
v00000227ade02810_0 .net "COUT", 0 0, L_00000227aded2d98;  1 drivers
o00000227ade60178 .functor BUFZ 1, c4<z>; HiZ drive
v00000227ade029f0_0 .net "I0", 0 0, o00000227ade60178;  0 drivers
v00000227ade02a90_0 .net "I0_pd", 0 0, L_00000227adecc780;  1 drivers
o00000227ade601d8 .functor BUFZ 1, c4<z>; HiZ drive
v00000227ade02c70_0 .net "I1", 0 0, o00000227ade601d8;  0 drivers
v00000227ade03030_0 .net "I1_pd", 0 0, L_00000227adecb380;  1 drivers
o00000227ade60238 .functor BUFZ 1, c4<z>; HiZ drive
v00000227ade02f90_0 .net "I2", 0 0, o00000227ade60238;  0 drivers
v00000227ade030d0_0 .net "I2_pd", 0 0, L_00000227adecb4c0;  1 drivers
o00000227ade60298 .functor BUFZ 1, c4<z>; HiZ drive
v00000227ade03170_0 .net "I3", 0 0, o00000227ade60298;  0 drivers
v00000227addde1f0_0 .net "I3_pd", 0 0, L_00000227adecb6a0;  1 drivers
v00000227adddec90_0 .net "LO", 0 0, L_00000227adc5d9c0;  1 drivers
v00000227addde3d0_0 .net "O", 0 0, L_00000227adc3faf0;  1 drivers
o00000227ade60358 .functor BUFZ 1, c4<z>; HiZ drive
v00000227addde650_0 .net "SR", 0 0, o00000227ade60358;  0 drivers
v00000227adddf0f0_0 .net "SR_pd", 0 0, L_00000227adecb7e0;  1 drivers
o00000227ade603b8 .functor BUFZ 1, c4<z>; HiZ drive
; Elide local net with no drivers, v00000227addded30_0 name=_ivl_0
v00000227adddf230_0 .net *"_ivl_10", 0 0, L_00000227adecb100;  1 drivers
L_00000227aded2c30 .functor BUFT 1, C4<0>, C4<0>, C4<0>, C4<0>;
v00000227adddf2d0_0 .net/2u *"_ivl_12", 0 0, L_00000227aded2c30;  1 drivers
o00000227ade60448 .functor BUFZ 1, c4<z>; HiZ drive
; Elide local net with no drivers, v00000227addbc6c0_0 name=_ivl_16
v00000227addbd480_0 .net *"_ivl_18", 0 0, L_00000227adecb420;  1 drivers
v00000227addbbfe0_0 .net *"_ivl_2", 0 0, L_00000227adecafc0;  1 drivers
L_00000227aded2c78 .functor BUFT 1, C4<0>, C4<0>, C4<0>, C4<0>;
v00000227addbce40_0 .net/2u *"_ivl_20", 0 0, L_00000227aded2c78;  1 drivers
o00000227ade60508 .functor BUFZ 1, c4<z>; HiZ drive
; Elide local net with no drivers, v00000227addbcf80_0 name=_ivl_24
v00000227addbd660_0 .net *"_ivl_26", 0 0, L_00000227adecb600;  1 drivers
L_00000227aded2cc0 .functor BUFT 1, C4<0>, C4<0>, C4<0>, C4<0>;
v00000227add98f30_0 .net/2u *"_ivl_28", 0 0, L_00000227aded2cc0;  1 drivers
o00000227ade60598 .functor BUFZ 1, c4<z>; HiZ drive
; Elide local net with no drivers, v00000227ade5b520_0 name=_ivl_32
v00000227ade5ac60_0 .net *"_ivl_34", 0 0, L_00000227adecb740;  1 drivers
L_00000227aded2d08 .functor BUFT 1, C4<0>, C4<0>, C4<0>, C4<0>;
v00000227ade5b7a0_0 .net/2u *"_ivl_36", 0 0, L_00000227aded2d08;  1 drivers
L_00000227aded2be8 .functor BUFT 1, C4<0>, C4<0>, C4<0>, C4<0>;
v00000227ade5bfc0_0 .net/2u *"_ivl_4", 0 0, L_00000227aded2be8;  1 drivers
o00000227ade60658 .functor BUFZ 1, c4<z>; HiZ drive
; Elide local net with no drivers, v00000227ade5c060_0 name=_ivl_40
v00000227ade5bc00_0 .net *"_ivl_42", 0 0, L_00000227adecb880;  1 drivers
L_00000227aded2d50 .functor BUFT 1, C4<1>, C4<0>, C4<0>, C4<0>;
v00000227ade5b8e0_0 .net/2u *"_ivl_44", 0 0, L_00000227aded2d50;  1 drivers
L_00000227aded2de0 .functor BUFT 1, C4<00000000>, C4<0>, C4<0>, C4<0>;
v00000227ade5b160_0 .net/2u *"_ivl_52", 7 0, L_00000227aded2de0;  1 drivers
L_00000227aded2e28 .functor BUFT 1, C4<00000000>, C4<0>, C4<0>, C4<0>;
v00000227ade5bf20_0 .net/2u *"_ivl_54", 7 0, L_00000227aded2e28;  1 drivers
v00000227ade5b980_0 .net *"_ivl_59", 3 0, L_00000227adecbe20;  1 drivers
v00000227ade5b200_0 .net *"_ivl_61", 3 0, L_00000227adecc0a0;  1 drivers
v00000227ade5b5c0_0 .net *"_ivl_65", 1 0, L_00000227adecbce0;  1 drivers
v00000227ade5b480_0 .net *"_ivl_67", 1 0, L_00000227adeced00;  1 drivers
v00000227ade5b2a0_0 .net *"_ivl_71", 0 0, L_00000227adecf520;  1 drivers
v00000227ade5aa80_0 .net *"_ivl_73", 0 0, L_00000227adecea80;  1 drivers
v00000227ade5b700_0 .net/2u *"_ivl_78", 0 0, L_00000227aded2e70;  1 drivers
o00000227ade60898 .functor BUFZ 1, c4<z>; HiZ drive
; Elide local net with no drivers, v00000227ade5c100_0 name=_ivl_8
v00000227ade5bde0_0 .net "lut_o", 0 0, L_00000227adeceda0;  1 drivers
v00000227ade5b840_0 .net "lut_s1", 1 0, L_00000227adece760;  1 drivers
v00000227ade5be80_0 .net "lut_s2", 3 0, L_00000227adecbc40;  1 drivers
v00000227ade5c2e0_0 .net "lut_s3", 7 0, L_00000227adecbba0;  1 drivers
v00000227ade5ab20_0 .net "mux_cin", 0 0, L_00000227adc5e130;  1 drivers
v00000227ade5c1a0_0 .var "o_reg", 0 0;
v00000227ade5b340_0 .var "o_reg_async", 0 0;
v00000227ade5ad00_0 .net "polarized_clk", 0 0, L_00000227adc3f690;  1 drivers
E_00000227ade2f530 .event posedge, v00000227adddf0f0_0, v00000227ade5ad00_0;
E_00000227ade2fbb0 .event posedge, v00000227ade5ad00_0;
L_00000227adecafc0 .cmp/eeq 1, o00000227ade60178, o00000227ade603b8;
L_00000227adecc780 .functor MUXZ 1, o00000227ade60178, L_00000227aded2be8, L_00000227adecafc0, C4<>;
L_00000227adecb100 .cmp/eeq 1, o00000227ade601d8, o00000227ade60898;
L_00000227adecb380 .functor MUXZ 1, o00000227ade601d8, L_00000227aded2c30, L_00000227adecb100, C4<>;
L_00000227adecb420 .cmp/eeq 1, o00000227ade60238, o00000227ade60448;
L_00000227adecb4c0 .functor MUXZ 1, o00000227ade60238, L_00000227aded2c78, L_00000227adecb420, C4<>;
L_00000227adecb600 .cmp/eeq 1, o00000227ade60298, o00000227ade60508;
L_00000227adecb6a0 .functor MUXZ 1, o00000227ade60298, L_00000227aded2cc0, L_00000227adecb600, C4<>;
L_00000227adecb740 .cmp/eeq 1, o00000227ade60358, o00000227ade60598;
L_00000227adecb7e0 .functor MUXZ 1, o00000227ade60358, L_00000227aded2d08, L_00000227adecb740, C4<>;
L_00000227adecb880 .cmp/eeq 1, o00000227ade60088, o00000227ade60658;
L_00000227adecb920 .functor MUXZ 1, o00000227ade60088, L_00000227aded2d50, L_00000227adecb880, C4<>;
L_00000227adecbba0 .functor MUXZ 8, L_00000227aded2e28, L_00000227aded2de0, L_00000227adecb6a0, C4<>;
L_00000227adecbe20 .part L_00000227adecbba0, 4, 4;
L_00000227adecc0a0 .part L_00000227adecbba0, 0, 4;
L_00000227adecbc40 .functor MUXZ 4, L_00000227adecc0a0, L_00000227adecbe20, L_00000227adecb4c0, C4<>;
L_00000227adecbce0 .part L_00000227adecbc40, 2, 2;
L_00000227adeced00 .part L_00000227adecbc40, 0, 2;
L_00000227adece760 .functor MUXZ 2, L_00000227adeced00, L_00000227adecbce0, L_00000227adecb380, C4<>;
L_00000227adecf520 .part L_00000227adece760, 1, 1;
L_00000227adecea80 .part L_00000227adece760, 0, 1;
L_00000227adeceda0 .functor MUXZ 1, L_00000227adecea80, L_00000227adecf520, L_00000227adecc780, C4<>;
S_00000227adcf4470 .scope module, "ICESTORM_RAM" "ICESTORM_RAM" 3 3167;
 .timescale -12 -12;
    .port_info 0 /OUTPUT 1 "RDATA_15";
    .port_info 1 /OUTPUT 1 "RDATA_14";
    .port_info 2 /OUTPUT 1 "RDATA_13";
    .port_info 3 /OUTPUT 1 "RDATA_12";
    .port_info 4 /OUTPUT 1 "RDATA_11";
    .port_info 5 /OUTPUT 1 "RDATA_10";
    .port_info 6 /OUTPUT 1 "RDATA_9";
    .port_info 7 /OUTPUT 1 "RDATA_8";
    .port_info 8 /OUTPUT 1 "RDATA_7";
    .port_info 9 /OUTPUT 1 "RDATA_6";
    .port_info 10 /OUTPUT 1 "RDATA_5";
    .port_info 11 /OUTPUT 1 "RDATA_4";
    .port_info 12 /OUTPUT 1 "RDATA_3";
    .port_info 13 /OUTPUT 1 "RDATA_2";
    .port_info 14 /OUTPUT 1 "RDATA_1";
    .port_info 15 /OUTPUT 1 "RDATA_0";
    .port_info 16 /INPUT 1 "RCLK";
    .port_info 17 /INPUT 1 "RCLKE";
    .port_info 18 /INPUT 1 "RE";
    .port_info 19 /INPUT 1 "RADDR_10";
    .port_info 20 /INPUT 1 "RADDR_9";
    .port_info 21 /INPUT 1 "RADDR_8";
    .port_info 22 /INPUT 1 "RADDR_7";
    .port_info 23 /INPUT 1 "RADDR_6";
    .port_info 24 /INPUT 1 "RADDR_5";
    .port_info 25 /INPUT 1 "RADDR_4";
    .port_info 26 /INPUT 1 "RADDR_3";
    .port_info 27 /INPUT 1 "RADDR_2";
    .port_info 28 /INPUT 1 "RADDR_1";
    .port_info 29 /INPUT 1 "RADDR_0";
    .port_info 30 /INPUT 1 "WCLK";
    .port_info 31 /INPUT 1 "WCLKE";
    .port_info 32 /INPUT 1 "WE";
    .port_info 33 /INPUT 1 "WADDR_10";
    .port_info 34 /INPUT 1 "WADDR_9";
    .port_info 35 /INPUT 1 "WADDR_8";
    .port_info 36 /INPUT 1 "WADDR_7";
    .port_info 37 /INPUT 1 "WADDR_6";
    .port_info 38 /INPUT 1 "WADDR_5";
    .port_info 39 /INPUT 1 "WADDR_4";
    .port_info 40 /INPUT 1 "WADDR_3";
    .port_info 41 /INPUT 1 "WADDR_2";
    .port_info 42 /INPUT 1 "WADDR_1";
    .port_info 43 /INPUT 1 "WADDR_0";
    .port_info 44 /INPUT 1 "MASK_15";
    .port_info 45 /INPUT 1 "MASK_14";
    .port_info 46 /INPUT 1 "MASK_13";
    .port_info 47 /INPUT 1 "MASK_12";
    .port_info 48 /INPUT 1 "MASK_11";
    .port_info 49 /INPUT 1 "MASK_10";
    .port_info 50 /INPUT 1 "MASK_9";
    .port_info 51 /INPUT 1 "MASK_8";
    .port_info 52 /INPUT 1 "MASK_7";
    .port_info 53 /INPUT 1 "MASK_6";
    .port_info 54 /INPUT 1 "MASK_5";
    .port_info 55 /INPUT 1 "MASK_4";
    .port_info 56 /INPUT 1 "MASK_3";
    .port_info 57 /INPUT 1 "MASK_2";
    .port_info 58 /INPUT 1 "MASK_1";
    .port_info 59 /INPUT 1 "MASK_0";
    .port_info 60 /INPUT 1 "WDATA_15";
    .port_info 61 /INPUT 1 "WDATA_14";
    .port_info 62 /INPUT 1 "WDATA_13";
    .port_info 63 /INPUT 1 "WDATA_12";
    .port_info 64 /INPUT 1 "WDATA_11";
    .port_info 65 /INPUT 1 "WDATA_10";
    .port_info 66 /INPUT 1 "WDATA_9";
    .port_info 67 /INPUT 1 "WDATA_8";
    .port_info 68 /INPUT 1 "WDATA_7";
    .port_info 69 /INPUT 1 "WDATA_6";
    .port_info 70 /INPUT 1 "WDATA_5";
    .port_info 71 /INPUT 1 "WDATA_4";
    .port_info 72 /INPUT 1 "WDATA_3";
    .port_info 73 /INPUT 1 "WDATA_2";
    .port_info 74 /INPUT 1 "WDATA_1";
    .port_info 75 /INPUT 1 "WDATA_0";
P_00000227adbbbdb0 .param/l "INIT_0" 0 3 3182, C4<0000000000000000000000000000000000000000000000000000000000000000000000000000000000000000000000000000000000000000000000000000000000000000000000000000000000000000000000000000000000000000000000000000000000000000000000000000000000000000000000000000000000000000>;
P_00000227adbbbde8 .param/l "INIT_1" 0 3 3183, C4<0000000000000000000000000000000000000000000000000000000000000000000000000000000000000000000000000000000000000000000000000000000000000000000000000000000000000000000000000000000000000000000000000000000000000000000000000000000000000000000000000000000000000000>;
P_00000227adbbbe20 .param/l "INIT_2" 0 3 3184, C4<0000000000000000000000000000000000000000000000000000000000000000000000000000000000000000000000000000000000000000000000000000000000000000000000000000000000000000000000000000000000000000000000000000000000000000000000000000000000000000000000000000000000000000>;
P_00000227adbbbe58 .param/l "INIT_3" 0 3 3185, C4<0000000000000000000000000000000000000000000000000000000000000000000000000000000000000000000000000000000000000000000000000000000000000000000000000000000000000000000000000000000000000000000000000000000000000000000000000000000000000000000000000000000000000000>;
P_00000227adbbbe90 .param/l "INIT_4" 0 3 3186, C4<0000000000000000000000000000000000000000000000000000000000000000000000000000000000000000000000000000000000000000000000000000000000000000000000000000000000000000000000000000000000000000000000000000000000000000000000000000000000000000000000000000000000000000>;
P_00000227adbbbec8 .param/l "INIT_5" 0 3 3187, C4<0000000000000000000000000000000000000000000000000000000000000000000000000000000000000000000000000000000000000000000000000000000000000000000000000000000000000000000000000000000000000000000000000000000000000000000000000000000000000000000000000000000000000000>;
P_00000227adbbbf00 .param/l "INIT_6" 0 3 3188, C4<0000000000000000000000000000000000000000000000000000000000000000000000000000000000000000000000000000000000000000000000000000000000000000000000000000000000000000000000000000000000000000000000000000000000000000000000000000000000000000000000000000000000000000>;
P_00000227adbbbf38 .param/l "INIT_7" 0 3 3189, C4<0000000000000000000000000000000000000000000000000000000000000000000000000000000000000000000000000000000000000000000000000000000000000000000000000000000000000000000000000000000000000000000000000000000000000000000000000000000000000000000000000000000000000000>;
P_00000227adbbbf70 .param/l "INIT_8" 0 3 3190, C4<0000000000000000000000000000000000000000000000000000000000000000000000000000000000000000000000000000000000000000000000000000000000000000000000000000000000000000000000000000000000000000000000000000000000000000000000000000000000000000000000000000000000000000>;
P_00000227adbbbfa8 .param/l "INIT_9" 0 3 3191, C4<0000000000000000000000000000000000000000000000000000000000000000000000000000000000000000000000000000000000000000000000000000000000000000000000000000000000000000000000000000000000000000000000000000000000000000000000000000000000000000000000000000000000000000>;
P_00000227adbbbfe0 .param/l "INIT_A" 0 3 3192, C4<0000000000000000000000000000000000000000000000000000000000000000000000000000000000000000000000000000000000000000000000000000000000000000000000000000000000000000000000000000000000000000000000000000000000000000000000000000000000000000000000000000000000000000>;
P_00000227adbbc018 .param/l "INIT_B" 0 3 3193, C4<0000000000000000000000000000000000000000000000000000000000000000000000000000000000000000000000000000000000000000000000000000000000000000000000000000000000000000000000000000000000000000000000000000000000000000000000000000000000000000000000000000000000000000>;
P_00000227adbbc050 .param/l "INIT_C" 0 3 3194, C4<0000000000000000000000000000000000000000000000000000000000000000000000000000000000000000000000000000000000000000000000000000000000000000000000000000000000000000000000000000000000000000000000000000000000000000000000000000000000000000000000000000000000000000>;
P_00000227adbbc088 .param/l "INIT_D" 0 3 3195, C4<0000000000000000000000000000000000000000000000000000000000000000000000000000000000000000000000000000000000000000000000000000000000000000000000000000000000000000000000000000000000000000000000000000000000000000000000000000000000000000000000000000000000000000>;
P_00000227adbbc0c0 .param/l "INIT_E" 0 3 3196, C4<0000000000000000000000000000000000000000000000000000000000000000000000000000000000000000000000000000000000000000000000000000000000000000000000000000000000000000000000000000000000000000000000000000000000000000000000000000000000000000000000000000000000000000>;
P_00000227adbbc0f8 .param/l "INIT_F" 0 3 3197, C4<0000000000000000000000000000000000000000000000000000000000000000000000000000000000000000000000000000000000000000000000000000000000000000000000000000000000000000000000000000000000000000000000000000000000000000000000000000000000000000000000000000000000000000>;
P_00000227adbbc130 .param/l "NEG_CLK_R" 0 3 3179, C4<0>;
P_00000227adbbc168 .param/l "NEG_CLK_W" 0 3 3180, C4<0>;
P_00000227adbbc1a0 .param/l "READ_MODE" 0 3 3177, +C4<00000000000000000000000000000000>;
P_00000227adbbc1d8 .param/l "WRITE_MODE" 0 3 3176, +C4<00000000000000000000000000000000>;
L_00000227aded2f00 .functor BUFT 1, C4<0>, C4<0>, C4<0>, C4<0>;
L_00000227adf1ba40 .functor XOR 1, L_00000227adecf7a0, L_00000227aded2f00, C4<0>, C4<0>;
L_00000227aded2f48 .functor BUFT 1, C4<0>, C4<0>, C4<0>, C4<0>;
L_00000227adf1b1f0 .functor XOR 1, L_00000227adece300, L_00000227aded2f48, C4<0>, C4<0>;
o00000227ade61228 .functor BUFZ 1, c4<z>; HiZ drive
v00000227ade5c880_0 .net "MASK_0", 0 0, o00000227ade61228;  0 drivers
o00000227ade61258 .functor BUFZ 1, c4<z>; HiZ drive
v00000227ade5b020_0 .net "MASK_1", 0 0, o00000227ade61258;  0 drivers
o00000227ade61288 .functor BUFZ 1, c4<z>; HiZ drive
v00000227ade5b0c0_0 .net "MASK_10", 0 0, o00000227ade61288;  0 drivers
o00000227ade612b8 .functor BUFZ 1, c4<z>; HiZ drive
v00000227ade5b3e0_0 .net "MASK_11", 0 0, o00000227ade612b8;  0 drivers
o00000227ade612e8 .functor BUFZ 1, c4<z>; HiZ drive
v00000227ade5dfa0_0 .net "MASK_12", 0 0, o00000227ade612e8;  0 drivers
o00000227ade61318 .functor BUFZ 1, c4<z>; HiZ drive
v00000227ade5e400_0 .net "MASK_13", 0 0, o00000227ade61318;  0 drivers
o00000227ade61348 .functor BUFZ 1, c4<z>; HiZ drive
v00000227ade5dbe0_0 .net "MASK_14", 0 0, o00000227ade61348;  0 drivers
o00000227ade61378 .functor BUFZ 1, c4<z>; HiZ drive
v00000227ade5da00_0 .net "MASK_15", 0 0, o00000227ade61378;  0 drivers
o00000227ade613a8 .functor BUFZ 1, c4<z>; HiZ drive
v00000227ade5d780_0 .net "MASK_2", 0 0, o00000227ade613a8;  0 drivers
o00000227ade613d8 .functor BUFZ 1, c4<z>; HiZ drive
v00000227ade5e0e0_0 .net "MASK_3", 0 0, o00000227ade613d8;  0 drivers
o00000227ade61408 .functor BUFZ 1, c4<z>; HiZ drive
v00000227ade5ec20_0 .net "MASK_4", 0 0, o00000227ade61408;  0 drivers
o00000227ade61438 .functor BUFZ 1, c4<z>; HiZ drive
v00000227ade5db40_0 .net "MASK_5", 0 0, o00000227ade61438;  0 drivers
o00000227ade61468 .functor BUFZ 1, c4<z>; HiZ drive
v00000227ade5ed60_0 .net "MASK_6", 0 0, o00000227ade61468;  0 drivers
o00000227ade61498 .functor BUFZ 1, c4<z>; HiZ drive
v00000227ade5e4a0_0 .net "MASK_7", 0 0, o00000227ade61498;  0 drivers
o00000227ade614c8 .functor BUFZ 1, c4<z>; HiZ drive
v00000227ade5daa0_0 .net "MASK_8", 0 0, o00000227ade614c8;  0 drivers
o00000227ade614f8 .functor BUFZ 1, c4<z>; HiZ drive
v00000227ade5d820_0 .net "MASK_9", 0 0, o00000227ade614f8;  0 drivers
o00000227ade61528 .functor BUFZ 1, c4<z>; HiZ drive
v00000227ade5e040_0 .net "RADDR_0", 0 0, o00000227ade61528;  0 drivers
o00000227ade61558 .functor BUFZ 1, c4<z>; HiZ drive
v00000227ade5d280_0 .net "RADDR_1", 0 0, o00000227ade61558;  0 drivers
o00000227ade61588 .functor BUFZ 1, c4<z>; HiZ drive
v00000227ade5e180_0 .net "RADDR_10", 0 0, o00000227ade61588;  0 drivers
o00000227ade615b8 .functor BUFZ 1, c4<z>; HiZ drive
v00000227ade5d8c0_0 .net "RADDR_2", 0 0, o00000227ade615b8;  0 drivers
o00000227ade615e8 .functor BUFZ 1, c4<z>; HiZ drive
v00000227ade5e900_0 .net "RADDR_3", 0 0, o00000227ade615e8;  0 drivers
o00000227ade61618 .functor BUFZ 1, c4<z>; HiZ drive
v00000227ade5e720_0 .net "RADDR_4", 0 0, o00000227ade61618;  0 drivers
o00000227ade61648 .functor BUFZ 1, c4<z>; HiZ drive
v00000227ade5dd20_0 .net "RADDR_5", 0 0, o00000227ade61648;  0 drivers
o00000227ade61678 .functor BUFZ 1, c4<z>; HiZ drive
v00000227ade5d1e0_0 .net "RADDR_6", 0 0, o00000227ade61678;  0 drivers
o00000227ade616a8 .functor BUFZ 1, c4<z>; HiZ drive
v00000227ade5dc80_0 .net "RADDR_7", 0 0, o00000227ade616a8;  0 drivers
o00000227ade616d8 .functor BUFZ 1, c4<z>; HiZ drive
v00000227ade5ddc0_0 .net "RADDR_8", 0 0, o00000227ade616d8;  0 drivers
o00000227ade61708 .functor BUFZ 1, c4<z>; HiZ drive
v00000227ade5e860_0 .net "RADDR_9", 0 0, o00000227ade61708;  0 drivers
o00000227ade61738 .functor BUFZ 1, c4<z>; HiZ drive
v00000227ade5eae0_0 .net "RCLK", 0 0, o00000227ade61738;  0 drivers
o00000227ade61768 .functor BUFZ 1, c4<z>; HiZ drive
v00000227ade5e5e0_0 .net "RCLKE", 0 0, o00000227ade61768;  0 drivers
v00000227ade5df00_0 .net "RDATA_0", 0 0, L_00000227adece9e0;  1 drivers
v00000227ade5cf60_0 .net "RDATA_1", 0 0, L_00000227adecdae0;  1 drivers
v00000227ade5d960_0 .net "RDATA_10", 0 0, L_00000227adecec60;  1 drivers
v00000227ade5d140_0 .net "RDATA_11", 0 0, L_00000227adecf5c0;  1 drivers
v00000227ade5e680_0 .net "RDATA_12", 0 0, L_00000227adecebc0;  1 drivers
v00000227ade5e360_0 .net "RDATA_13", 0 0, L_00000227adecee40;  1 drivers
v00000227ade5cec0_0 .net "RDATA_14", 0 0, L_00000227adecdfe0;  1 drivers
v00000227ade5eb80_0 .net "RDATA_15", 0 0, L_00000227adecf700;  1 drivers
v00000227ade5ecc0_0 .net "RDATA_2", 0 0, L_00000227adecf980;  1 drivers
v00000227ade5de60_0 .net "RDATA_3", 0 0, L_00000227adece080;  1 drivers
v00000227ade5e540_0 .net "RDATA_4", 0 0, L_00000227adecdf40;  1 drivers
v00000227ade5e220_0 .net "RDATA_5", 0 0, L_00000227adecd860;  1 drivers
v00000227ade5d0a0_0 .net "RDATA_6", 0 0, L_00000227adecdb80;  1 drivers
v00000227ade5d640_0 .net "RDATA_7", 0 0, L_00000227adecd9a0;  1 drivers
v00000227ade5e2c0_0 .net "RDATA_8", 0 0, L_00000227adece4e0;  1 drivers
v00000227ade5d000_0 .net "RDATA_9", 0 0, L_00000227adecf660;  1 drivers
o00000227ade61a98 .functor BUFZ 1, c4<z>; HiZ drive
v00000227ade5e7c0_0 .net "RE", 0 0, o00000227ade61a98;  0 drivers
o00000227ade61ac8 .functor BUFZ 1, c4<z>; HiZ drive
v00000227ade5d320_0 .net "WADDR_0", 0 0, o00000227ade61ac8;  0 drivers
o00000227ade61af8 .functor BUFZ 1, c4<z>; HiZ drive
v00000227ade5e9a0_0 .net "WADDR_1", 0 0, o00000227ade61af8;  0 drivers
o00000227ade61b28 .functor BUFZ 1, c4<z>; HiZ drive
v00000227ade5ea40_0 .net "WADDR_10", 0 0, o00000227ade61b28;  0 drivers
o00000227ade61b58 .functor BUFZ 1, c4<z>; HiZ drive
v00000227ade5d3c0_0 .net "WADDR_2", 0 0, o00000227ade61b58;  0 drivers
o00000227ade61b88 .functor BUFZ 1, c4<z>; HiZ drive
v00000227ade5d460_0 .net "WADDR_3", 0 0, o00000227ade61b88;  0 drivers
o00000227ade61bb8 .functor BUFZ 1, c4<z>; HiZ drive
v00000227ade5d500_0 .net "WADDR_4", 0 0, o00000227ade61bb8;  0 drivers
o00000227ade61be8 .functor BUFZ 1, c4<z>; HiZ drive
v00000227ade5d6e0_0 .net "WADDR_5", 0 0, o00000227ade61be8;  0 drivers
o00000227ade61c18 .functor BUFZ 1, c4<z>; HiZ drive
v00000227ade5d5a0_0 .net "WADDR_6", 0 0, o00000227ade61c18;  0 drivers
o00000227ade61c48 .functor BUFZ 1, c4<z>; HiZ drive
v00000227adea1610_0 .net "WADDR_7", 0 0, o00000227ade61c48;  0 drivers
o00000227ade61c78 .functor BUFZ 1, c4<z>; HiZ drive
v00000227adea2290_0 .net "WADDR_8", 0 0, o00000227ade61c78;  0 drivers
o00000227ade61ca8 .functor BUFZ 1, c4<z>; HiZ drive
v00000227adea0f30_0 .net "WADDR_9", 0 0, o00000227ade61ca8;  0 drivers
o00000227ade61cd8 .functor BUFZ 1, c4<z>; HiZ drive
v00000227adea2510_0 .net "WCLK", 0 0, o00000227ade61cd8;  0 drivers
o00000227ade61d08 .functor BUFZ 1, c4<z>; HiZ drive
v00000227adea1e30_0 .net "WCLKE", 0 0, o00000227ade61d08;  0 drivers
o00000227ade61d38 .functor BUFZ 1, c4<z>; HiZ drive
v00000227adea25b0_0 .net "WDATA_0", 0 0, o00000227ade61d38;  0 drivers
o00000227ade61d68 .functor BUFZ 1, c4<z>; HiZ drive
v00000227adea2470_0 .net "WDATA_1", 0 0, o00000227ade61d68;  0 drivers
o00000227ade61d98 .functor BUFZ 1, c4<z>; HiZ drive
v00000227adea1890_0 .net "WDATA_10", 0 0, o00000227ade61d98;  0 drivers
o00000227ade61dc8 .functor BUFZ 1, c4<z>; HiZ drive
v00000227adea0fd0_0 .net "WDATA_11", 0 0, o00000227ade61dc8;  0 drivers
o00000227ade61df8 .functor BUFZ 1, c4<z>; HiZ drive
v00000227adea07b0_0 .net "WDATA_12", 0 0, o00000227ade61df8;  0 drivers
o00000227ade61e28 .functor BUFZ 1, c4<z>; HiZ drive
v00000227adea1d90_0 .net "WDATA_13", 0 0, o00000227ade61e28;  0 drivers
o00000227ade61e58 .functor BUFZ 1, c4<z>; HiZ drive
v00000227adea0df0_0 .net "WDATA_14", 0 0, o00000227ade61e58;  0 drivers
o00000227ade61e88 .functor BUFZ 1, c4<z>; HiZ drive
v00000227adea0990_0 .net "WDATA_15", 0 0, o00000227ade61e88;  0 drivers
o00000227ade61eb8 .functor BUFZ 1, c4<z>; HiZ drive
v00000227adea23d0_0 .net "WDATA_2", 0 0, o00000227ade61eb8;  0 drivers
o00000227ade61ee8 .functor BUFZ 1, c4<z>; HiZ drive
v00000227adea2650_0 .net "WDATA_3", 0 0, o00000227ade61ee8;  0 drivers
o00000227ade61f18 .functor BUFZ 1, c4<z>; HiZ drive
v00000227adea12f0_0 .net "WDATA_4", 0 0, o00000227ade61f18;  0 drivers
o00000227ade61f48 .functor BUFZ 1, c4<z>; HiZ drive
v00000227adea26f0_0 .net "WDATA_5", 0 0, o00000227ade61f48;  0 drivers
o00000227ade61f78 .functor BUFZ 1, c4<z>; HiZ drive
v00000227adea1430_0 .net "WDATA_6", 0 0, o00000227ade61f78;  0 drivers
o00000227ade61fa8 .functor BUFZ 1, c4<z>; HiZ drive
v00000227adea2150_0 .net "WDATA_7", 0 0, o00000227ade61fa8;  0 drivers
o00000227ade61fd8 .functor BUFZ 1, c4<z>; HiZ drive
v00000227adea20b0_0 .net "WDATA_8", 0 0, o00000227ade61fd8;  0 drivers
o00000227ade62008 .functor BUFZ 1, c4<z>; HiZ drive
v00000227adea28d0_0 .net "WDATA_9", 0 0, o00000227ade62008;  0 drivers
o00000227ade62038 .functor BUFZ 1, c4<z>; HiZ drive
v00000227adea21f0_0 .net "WE", 0 0, o00000227ade62038;  0 drivers
v00000227adea1bb0_0 .net *"_ivl_100", 0 0, L_00000227adecdea0;  1 drivers
v00000227adea1070_0 .net *"_ivl_102", 0 0, L_00000227adece620;  1 drivers
v00000227adea2ab0_0 .net *"_ivl_104", 0 0, L_00000227adece800;  1 drivers
v00000227adea2330_0 .net *"_ivl_106", 0 0, L_00000227adece6c0;  1 drivers
v00000227adea1110_0 .net *"_ivl_108", 0 0, L_00000227adece8a0;  1 drivers
v00000227adea16b0_0 .net *"_ivl_110", 0 0, L_00000227adece940;  1 drivers
v00000227adea2010_0 .net *"_ivl_112", 0 0, L_00000227adf2d110;  1 drivers
v00000227adea2a10_0 .net *"_ivl_114", 0 0, L_00000227adf2e6f0;  1 drivers
v00000227adea1390_0 .net *"_ivl_116", 0 0, L_00000227adf2ea10;  1 drivers
v00000227adea2bf0_0 .net *"_ivl_120", 0 0, L_00000227adf2d070;  1 drivers
v00000227adea1c50_0 .net *"_ivl_122", 0 0, L_00000227adf2d2f0;  1 drivers
v00000227adea2790_0 .net *"_ivl_124", 0 0, L_00000227adf2d250;  1 drivers
v00000227adea2830_0 .net *"_ivl_126", 0 0, L_00000227adf2d930;  1 drivers
v00000227adea0cb0_0 .net *"_ivl_128", 0 0, L_00000227adf2e830;  1 drivers
v00000227adea11b0_0 .net *"_ivl_130", 0 0, L_00000227adf2d6b0;  1 drivers
v00000227adea2c90_0 .net *"_ivl_132", 0 0, L_00000227adf2ed30;  1 drivers
v00000227adea2970_0 .net *"_ivl_134", 0 0, L_00000227adf2eab0;  1 drivers
v00000227adea0c10_0 .net *"_ivl_136", 0 0, L_00000227adf2d4d0;  1 drivers
v00000227adea2b50_0 .net *"_ivl_138", 0 0, L_00000227adf2e1f0;  1 drivers
v00000227adea1cf0_0 .net *"_ivl_140", 0 0, L_00000227adf2f4b0;  1 drivers
v00000227adea08f0_0 .net *"_ivl_142", 0 0, L_00000227adf2e510;  1 drivers
v00000227adea0530_0 .net *"_ivl_144", 0 0, L_00000227adf2f5f0;  1 drivers
v00000227adea1750_0 .net *"_ivl_146", 0 0, L_00000227adf2d390;  1 drivers
v00000227adea05d0_0 .net *"_ivl_148", 0 0, L_00000227adf2d9d0;  1 drivers
v00000227adea1250_0 .net *"_ivl_150", 0 0, L_00000227adf2e8d0;  1 drivers
v00000227adea1a70_0 .net *"_ivl_18", 0 0, L_00000227adecf7a0;  1 drivers
v00000227adea0670_0 .net/2u *"_ivl_19", 0 0, L_00000227aded2f00;  1 drivers
v00000227adea0710_0 .net *"_ivl_28", 0 0, L_00000227adecf020;  1 drivers
v00000227adea0a30_0 .net *"_ivl_30", 0 0, L_00000227adecf160;  1 drivers
v00000227adea0850_0 .net *"_ivl_32", 0 0, L_00000227adecf840;  1 drivers
v00000227adea0d50_0 .net *"_ivl_34", 0 0, L_00000227adecd220;  1 drivers
v00000227adea1ed0_0 .net *"_ivl_36", 0 0, L_00000227adecda40;  1 drivers
v00000227adea0ad0_0 .net *"_ivl_38", 0 0, L_00000227adecdc20;  1 drivers
v00000227adea1f70_0 .net *"_ivl_40", 0 0, L_00000227adecf340;  1 drivers
v00000227adea0b70_0 .net *"_ivl_42", 0 0, L_00000227adeceb20;  1 drivers
v00000227adea0e90_0 .net *"_ivl_44", 0 0, L_00000227adece1c0;  1 drivers
v00000227adea14d0_0 .net *"_ivl_46", 0 0, L_00000227adecf200;  1 drivers
v00000227adea1570_0 .net *"_ivl_48", 0 0, L_00000227adecf8e0;  1 drivers
v00000227adea17f0_0 .net *"_ivl_52", 0 0, L_00000227adece300;  1 drivers
v00000227adea1930_0 .net/2u *"_ivl_53", 0 0, L_00000227aded2f48;  1 drivers
v00000227adea19d0_0 .net *"_ivl_62", 0 0, L_00000227adeceee0;  1 drivers
v00000227adea1b10_0 .net *"_ivl_64", 0 0, L_00000227adecdd60;  1 drivers
v00000227adea3cd0_0 .net *"_ivl_66", 0 0, L_00000227adecf0c0;  1 drivers
v00000227adea3730_0 .net *"_ivl_68", 0 0, L_00000227adece120;  1 drivers
v00000227adea4090_0 .net *"_ivl_70", 0 0, L_00000227adece260;  1 drivers
v00000227adea3eb0_0 .net *"_ivl_72", 0 0, L_00000227adecef80;  1 drivers
v00000227adea2d30_0 .net *"_ivl_74", 0 0, L_00000227adecd2c0;  1 drivers
v00000227adea34b0_0 .net *"_ivl_76", 0 0, L_00000227adecd7c0;  1 drivers
v00000227adea2fb0_0 .net *"_ivl_78", 0 0, L_00000227adecf3e0;  1 drivers
v00000227adea3d70_0 .net *"_ivl_80", 0 0, L_00000227adecde00;  1 drivers
v00000227adea32d0_0 .net *"_ivl_82", 0 0, L_00000227adece440;  1 drivers
v00000227adea4310_0 .net *"_ivl_86", 0 0, L_00000227adecd4a0;  1 drivers
v00000227adea43b0_0 .net *"_ivl_88", 0 0, L_00000227adecd540;  1 drivers
v00000227adea39b0_0 .net *"_ivl_90", 0 0, L_00000227adecd5e0;  1 drivers
v00000227adea3690_0 .net *"_ivl_92", 0 0, L_00000227adecd720;  1 drivers
v00000227adea3550_0 .net *"_ivl_94", 0 0, L_00000227adecd900;  1 drivers
v00000227adea3e10_0 .net *"_ivl_96", 0 0, L_00000227adece3a0;  1 drivers
v00000227adea4270_0 .net *"_ivl_98", 0 0, L_00000227adece580;  1 drivers
L_00000227adecf700 .part v00000227ade5b660_0, 15, 1;
L_00000227adecdfe0 .part v00000227ade5b660_0, 14, 1;
L_00000227adecee40 .part v00000227ade5b660_0, 13, 1;
L_00000227adecebc0 .part v00000227ade5b660_0, 12, 1;
L_00000227adecf5c0 .part v00000227ade5b660_0, 11, 1;
L_00000227adecec60 .part v00000227ade5b660_0, 10, 1;
L_00000227adecf660 .part v00000227ade5b660_0, 9, 1;
L_00000227adece4e0 .part v00000227ade5b660_0, 8, 1;
L_00000227adecd9a0 .part v00000227ade5b660_0, 7, 1;
L_00000227adecdb80 .part v00000227ade5b660_0, 6, 1;
L_00000227adecd860 .part v00000227ade5b660_0, 5, 1;
L_00000227adecdf40 .part v00000227ade5b660_0, 4, 1;
L_00000227adece080 .part v00000227ade5b660_0, 3, 1;
L_00000227adecf980 .part v00000227ade5b660_0, 2, 1;
L_00000227adecdae0 .part v00000227ade5b660_0, 1, 1;
L_00000227adece9e0 .part v00000227ade5b660_0, 0, 1;
L_00000227adecf7a0 .ufunc/vec4 TD_ICESTORM_RAM.pd, 1, o00000227ade61738 (v00000227ade5c740_0) S_00000227ade46a90;
L_00000227adecd680 .ufunc/vec4 TD_ICESTORM_RAM.pu, 1, o00000227ade61768 (v00000227ade5c7e0_0) S_00000227ade46900;
L_00000227adecf2a0 .ufunc/vec4 TD_ICESTORM_RAM.pd, 1, o00000227ade61a98 (v00000227ade5c740_0) S_00000227ade46a90;
L_00000227adecf020 .ufunc/vec4 TD_ICESTORM_RAM.pd, 1, o00000227ade61588 (v00000227ade5c740_0) S_00000227ade46a90;
L_00000227adecf160 .ufunc/vec4 TD_ICESTORM_RAM.pd, 1, o00000227ade61708 (v00000227ade5c740_0) S_00000227ade46a90;
L_00000227adecf840 .ufunc/vec4 TD_ICESTORM_RAM.pd, 1, o00000227ade616d8 (v00000227ade5c740_0) S_00000227ade46a90;
L_00000227adecd220 .ufunc/vec4 TD_ICESTORM_RAM.pd, 1, o00000227ade616a8 (v00000227ade5c740_0) S_00000227ade46a90;
L_00000227adecda40 .ufunc/vec4 TD_ICESTORM_RAM.pd, 1, o00000227ade61678 (v00000227ade5c740_0) S_00000227ade46a90;
L_00000227adecdc20 .ufunc/vec4 TD_ICESTORM_RAM.pd, 1, o00000227ade61648 (v00000227ade5c740_0) S_00000227ade46a90;
L_00000227adecf340 .ufunc/vec4 TD_ICESTORM_RAM.pd, 1, o00000227ade61618 (v00000227ade5c740_0) S_00000227ade46a90;
L_00000227adeceb20 .ufunc/vec4 TD_ICESTORM_RAM.pd, 1, o00000227ade615e8 (v00000227ade5c740_0) S_00000227ade46a90;
L_00000227adece1c0 .ufunc/vec4 TD_ICESTORM_RAM.pd, 1, o00000227ade615b8 (v00000227ade5c740_0) S_00000227ade46a90;
L_00000227adecf200 .ufunc/vec4 TD_ICESTORM_RAM.pd, 1, o00000227ade61558 (v00000227ade5c740_0) S_00000227ade46a90;
L_00000227adecf8e0 .ufunc/vec4 TD_ICESTORM_RAM.pd, 1, o00000227ade61528 (v00000227ade5c740_0) S_00000227ade46a90;
LS_00000227adecf480_0_0 .concat [ 1 1 1 1], L_00000227adecf8e0, L_00000227adecf200, L_00000227adece1c0, L_00000227adeceb20;
LS_00000227adecf480_0_4 .concat [ 1 1 1 1], L_00000227adecf340, L_00000227adecdc20, L_00000227adecda40, L_00000227adecd220;
LS_00000227adecf480_0_8 .concat [ 1 1 1 0], L_00000227adecf840, L_00000227adecf160, L_00000227adecf020;
L_00000227adecf480 .concat [ 4 4 3 0], LS_00000227adecf480_0_0, LS_00000227adecf480_0_4, LS_00000227adecf480_0_8;
L_00000227adece300 .ufunc/vec4 TD_ICESTORM_RAM.pd, 1, o00000227ade61cd8 (v00000227ade5c740_0) S_00000227ade46a90;
L_00000227adecd360 .ufunc/vec4 TD_ICESTORM_RAM.pu, 1, o00000227ade61d08 (v00000227ade5c7e0_0) S_00000227ade46900;
L_00000227adecdcc0 .ufunc/vec4 TD_ICESTORM_RAM.pd, 1, o00000227ade62038 (v00000227ade5c740_0) S_00000227ade46a90;
L_00000227adeceee0 .ufunc/vec4 TD_ICESTORM_RAM.pd, 1, o00000227ade61b28 (v00000227ade5c740_0) S_00000227ade46a90;
L_00000227adecdd60 .ufunc/vec4 TD_ICESTORM_RAM.pd, 1, o00000227ade61ca8 (v00000227ade5c740_0) S_00000227ade46a90;
L_00000227adecf0c0 .ufunc/vec4 TD_ICESTORM_RAM.pd, 1, o00000227ade61c78 (v00000227ade5c740_0) S_00000227ade46a90;
L_00000227adece120 .ufunc/vec4 TD_ICESTORM_RAM.pd, 1, o00000227ade61c48 (v00000227ade5c740_0) S_00000227ade46a90;
L_00000227adece260 .ufunc/vec4 TD_ICESTORM_RAM.pd, 1, o00000227ade61c18 (v00000227ade5c740_0) S_00000227ade46a90;
L_00000227adecef80 .ufunc/vec4 TD_ICESTORM_RAM.pd, 1, o00000227ade61be8 (v00000227ade5c740_0) S_00000227ade46a90;
L_00000227adecd2c0 .ufunc/vec4 TD_ICESTORM_RAM.pd, 1, o00000227ade61bb8 (v00000227ade5c740_0) S_00000227ade46a90;
L_00000227adecd7c0 .ufunc/vec4 TD_ICESTORM_RAM.pd, 1, o00000227ade61b88 (v00000227ade5c740_0) S_00000227ade46a90;
L_00000227adecf3e0 .ufunc/vec4 TD_ICESTORM_RAM.pd, 1, o00000227ade61b58 (v00000227ade5c740_0) S_00000227ade46a90;
L_00000227adecde00 .ufunc/vec4 TD_ICESTORM_RAM.pd, 1, o00000227ade61af8 (v00000227ade5c740_0) S_00000227ade46a90;
L_00000227adece440 .ufunc/vec4 TD_ICESTORM_RAM.pd, 1, o00000227ade61ac8 (v00000227ade5c740_0) S_00000227ade46a90;
LS_00000227adecd400_0_0 .concat [ 1 1 1 1], L_00000227adece440, L_00000227adecde00, L_00000227adecf3e0, L_00000227adecd7c0;
LS_00000227adecd400_0_4 .concat [ 1 1 1 1], L_00000227adecd2c0, L_00000227adecef80, L_00000227adece260, L_00000227adece120;
LS_00000227adecd400_0_8 .concat [ 1 1 1 0], L_00000227adecf0c0, L_00000227adecdd60, L_00000227adeceee0;
L_00000227adecd400 .concat [ 4 4 3 0], LS_00000227adecd400_0_0, LS_00000227adecd400_0_4, LS_00000227adecd400_0_8;
L_00000227adecd4a0 .ufunc/vec4 TD_ICESTORM_RAM.pd, 1, o00000227ade61378 (v00000227ade5c740_0) S_00000227ade46a90;
L_00000227adecd540 .ufunc/vec4 TD_ICESTORM_RAM.pd, 1, o00000227ade61348 (v00000227ade5c740_0) S_00000227ade46a90;
L_00000227adecd5e0 .ufunc/vec4 TD_ICESTORM_RAM.pd, 1, o00000227ade61318 (v00000227ade5c740_0) S_00000227ade46a90;
L_00000227adecd720 .ufunc/vec4 TD_ICESTORM_RAM.pd, 1, o00000227ade612e8 (v00000227ade5c740_0) S_00000227ade46a90;
L_00000227adecd900 .ufunc/vec4 TD_ICESTORM_RAM.pd, 1, o00000227ade612b8 (v00000227ade5c740_0) S_00000227ade46a90;
L_00000227adece3a0 .ufunc/vec4 TD_ICESTORM_RAM.pd, 1, o00000227ade61288 (v00000227ade5c740_0) S_00000227ade46a90;
L_00000227adece580 .ufunc/vec4 TD_ICESTORM_RAM.pd, 1, o00000227ade614f8 (v00000227ade5c740_0) S_00000227ade46a90;
L_00000227adecdea0 .ufunc/vec4 TD_ICESTORM_RAM.pd, 1, o00000227ade614c8 (v00000227ade5c740_0) S_00000227ade46a90;
L_00000227adece620 .ufunc/vec4 TD_ICESTORM_RAM.pd, 1, o00000227ade61498 (v00000227ade5c740_0) S_00000227ade46a90;
L_00000227adece800 .ufunc/vec4 TD_ICESTORM_RAM.pd, 1, o00000227ade61468 (v00000227ade5c740_0) S_00000227ade46a90;
L_00000227adece6c0 .ufunc/vec4 TD_ICESTORM_RAM.pd, 1, o00000227ade61438 (v00000227ade5c740_0) S_00000227ade46a90;
L_00000227adece8a0 .ufunc/vec4 TD_ICESTORM_RAM.pd, 1, o00000227ade61408 (v00000227ade5c740_0) S_00000227ade46a90;
L_00000227adece940 .ufunc/vec4 TD_ICESTORM_RAM.pd, 1, o00000227ade613d8 (v00000227ade5c740_0) S_00000227ade46a90;
L_00000227adf2d110 .ufunc/vec4 TD_ICESTORM_RAM.pd, 1, o00000227ade613a8 (v00000227ade5c740_0) S_00000227ade46a90;
L_00000227adf2e6f0 .ufunc/vec4 TD_ICESTORM_RAM.pd, 1, o00000227ade61258 (v00000227ade5c740_0) S_00000227ade46a90;
L_00000227adf2ea10 .ufunc/vec4 TD_ICESTORM_RAM.pd, 1, o00000227ade61228 (v00000227ade5c740_0) S_00000227ade46a90;
LS_00000227adf2efb0_0_0 .concat [ 1 1 1 1], L_00000227adf2ea10, L_00000227adf2e6f0, L_00000227adf2d110, L_00000227adece940;
LS_00000227adf2efb0_0_4 .concat [ 1 1 1 1], L_00000227adece8a0, L_00000227adece6c0, L_00000227adece800, L_00000227adece620;
LS_00000227adf2efb0_0_8 .concat [ 1 1 1 1], L_00000227adecdea0, L_00000227adece580, L_00000227adece3a0, L_00000227adecd900;
LS_00000227adf2efb0_0_12 .concat [ 1 1 1 1], L_00000227adecd720, L_00000227adecd5e0, L_00000227adecd540, L_00000227adecd4a0;
L_00000227adf2efb0 .concat [ 4 4 4 4], LS_00000227adf2efb0_0_0, LS_00000227adf2efb0_0_4, LS_00000227adf2efb0_0_8, LS_00000227adf2efb0_0_12;
L_00000227adf2d070 .ufunc/vec4 TD_ICESTORM_RAM.pd, 1, o00000227ade61e88 (v00000227ade5c740_0) S_00000227ade46a90;
L_00000227adf2d2f0 .ufunc/vec4 TD_ICESTORM_RAM.pd, 1, o00000227ade61e58 (v00000227ade5c740_0) S_00000227ade46a90;
L_00000227adf2d250 .ufunc/vec4 TD_ICESTORM_RAM.pd, 1, o00000227ade61e28 (v00000227ade5c740_0) S_00000227ade46a90;
L_00000227adf2d930 .ufunc/vec4 TD_ICESTORM_RAM.pd, 1, o00000227ade61df8 (v00000227ade5c740_0) S_00000227ade46a90;
L_00000227adf2e830 .ufunc/vec4 TD_ICESTORM_RAM.pd, 1, o00000227ade61dc8 (v00000227ade5c740_0) S_00000227ade46a90;
L_00000227adf2d6b0 .ufunc/vec4 TD_ICESTORM_RAM.pd, 1, o00000227ade61d98 (v00000227ade5c740_0) S_00000227ade46a90;
L_00000227adf2ed30 .ufunc/vec4 TD_ICESTORM_RAM.pd, 1, o00000227ade62008 (v00000227ade5c740_0) S_00000227ade46a90;
L_00000227adf2eab0 .ufunc/vec4 TD_ICESTORM_RAM.pd, 1, o00000227ade61fd8 (v00000227ade5c740_0) S_00000227ade46a90;
L_00000227adf2d4d0 .ufunc/vec4 TD_ICESTORM_RAM.pd, 1, o00000227ade61fa8 (v00000227ade5c740_0) S_00000227ade46a90;
L_00000227adf2e1f0 .ufunc/vec4 TD_ICESTORM_RAM.pd, 1, o00000227ade61f78 (v00000227ade5c740_0) S_00000227ade46a90;
L_00000227adf2f4b0 .ufunc/vec4 TD_ICESTORM_RAM.pd, 1, o00000227ade61f48 (v00000227ade5c740_0) S_00000227ade46a90;
L_00000227adf2e510 .ufunc/vec4 TD_ICESTORM_RAM.pd, 1, o00000227ade61f18 (v00000227ade5c740_0) S_00000227ade46a90;
L_00000227adf2f5f0 .ufunc/vec4 TD_ICESTORM_RAM.pd, 1, o00000227ade61ee8 (v00000227ade5c740_0) S_00000227ade46a90;
L_00000227adf2d390 .ufunc/vec4 TD_ICESTORM_RAM.pd, 1, o00000227ade61eb8 (v00000227ade5c740_0) S_00000227ade46a90;
L_00000227adf2d9d0 .ufunc/vec4 TD_ICESTORM_RAM.pd, 1, o00000227ade61d68 (v00000227ade5c740_0) S_00000227ade46a90;
L_00000227adf2e8d0 .ufunc/vec4 TD_ICESTORM_RAM.pd, 1, o00000227ade61d38 (v00000227ade5c740_0) S_00000227ade46a90;
LS_00000227adf2d750_0_0 .concat [ 1 1 1 1], L_00000227adf2e8d0, L_00000227adf2d9d0, L_00000227adf2d390, L_00000227adf2f5f0;
LS_00000227adf2d750_0_4 .concat [ 1 1 1 1], L_00000227adf2e510, L_00000227adf2f4b0, L_00000227adf2e1f0, L_00000227adf2d4d0;
LS_00000227adf2d750_0_8 .concat [ 1 1 1 1], L_00000227adf2eab0, L_00000227adf2ed30, L_00000227adf2d6b0, L_00000227adf2e830;
LS_00000227adf2d750_0_12 .concat [ 1 1 1 1], L_00000227adf2d930, L_00000227adf2d250, L_00000227adf2d2f0, L_00000227adf2d070;
L_00000227adf2d750 .concat [ 4 4 4 4], LS_00000227adf2d750_0_0, LS_00000227adf2d750_0_4, LS_00000227adf2d750_0_8, LS_00000227adf2d750_0_12;
S_00000227ade454b0 .scope module, "RAM" "SB_RAM40_4K" 3 3233, 3 1487 0, S_00000227adcf4470;
 .timescale -12 -12;
    .port_info 0 /OUTPUT 16 "RDATA";
    .port_info 1 /INPUT 1 "RCLK";
    .port_info 2 /INPUT 1 "RCLKE";
    .port_info 3 /INPUT 1 "RE";
    .port_info 4 /INPUT 11 "RADDR";
    .port_info 5 /INPUT 1 "WCLK";
    .port_info 6 /INPUT 1 "WCLKE";
    .port_info 7 /INPUT 1 "WE";
    .port_info 8 /INPUT 11 "WADDR";
    .port_info 9 /INPUT 16 "MASK";
    .port_info 10 /INPUT 16 "WDATA";
P_00000227ade5ca40 .param/l "INIT_0" 0 3 1507, C4<0000000000000000000000000000000000000000000000000000000000000000000000000000000000000000000000000000000000000000000000000000000000000000000000000000000000000000000000000000000000000000000000000000000000000000000000000000000000000000000000000000000000000000>;
P_00000227ade5ca78 .param/l "INIT_1" 0 3 1508, C4<0000000000000000000000000000000000000000000000000000000000000000000000000000000000000000000000000000000000000000000000000000000000000000000000000000000000000000000000000000000000000000000000000000000000000000000000000000000000000000000000000000000000000000>;
P_00000227ade5cab0 .param/l "INIT_2" 0 3 1509, C4<0000000000000000000000000000000000000000000000000000000000000000000000000000000000000000000000000000000000000000000000000000000000000000000000000000000000000000000000000000000000000000000000000000000000000000000000000000000000000000000000000000000000000000>;
P_00000227ade5cae8 .param/l "INIT_3" 0 3 1510, C4<0000000000000000000000000000000000000000000000000000000000000000000000000000000000000000000000000000000000000000000000000000000000000000000000000000000000000000000000000000000000000000000000000000000000000000000000000000000000000000000000000000000000000000>;
P_00000227ade5cb20 .param/l "INIT_4" 0 3 1511, C4<0000000000000000000000000000000000000000000000000000000000000000000000000000000000000000000000000000000000000000000000000000000000000000000000000000000000000000000000000000000000000000000000000000000000000000000000000000000000000000000000000000000000000000>;
P_00000227ade5cb58 .param/l "INIT_5" 0 3 1512, C4<0000000000000000000000000000000000000000000000000000000000000000000000000000000000000000000000000000000000000000000000000000000000000000000000000000000000000000000000000000000000000000000000000000000000000000000000000000000000000000000000000000000000000000>;
P_00000227ade5cb90 .param/l "INIT_6" 0 3 1513, C4<0000000000000000000000000000000000000000000000000000000000000000000000000000000000000000000000000000000000000000000000000000000000000000000000000000000000000000000000000000000000000000000000000000000000000000000000000000000000000000000000000000000000000000>;
P_00000227ade5cbc8 .param/l "INIT_7" 0 3 1514, C4<0000000000000000000000000000000000000000000000000000000000000000000000000000000000000000000000000000000000000000000000000000000000000000000000000000000000000000000000000000000000000000000000000000000000000000000000000000000000000000000000000000000000000000>;
P_00000227ade5cc00 .param/l "INIT_8" 0 3 1515, C4<0000000000000000000000000000000000000000000000000000000000000000000000000000000000000000000000000000000000000000000000000000000000000000000000000000000000000000000000000000000000000000000000000000000000000000000000000000000000000000000000000000000000000000>;
P_00000227ade5cc38 .param/l "INIT_9" 0 3 1516, C4<0000000000000000000000000000000000000000000000000000000000000000000000000000000000000000000000000000000000000000000000000000000000000000000000000000000000000000000000000000000000000000000000000000000000000000000000000000000000000000000000000000000000000000>;
P_00000227ade5cc70 .param/l "INIT_A" 0 3 1517, C4<0000000000000000000000000000000000000000000000000000000000000000000000000000000000000000000000000000000000000000000000000000000000000000000000000000000000000000000000000000000000000000000000000000000000000000000000000000000000000000000000000000000000000000>;
P_00000227ade5cca8 .param/l "INIT_B" 0 3 1518, C4<0000000000000000000000000000000000000000000000000000000000000000000000000000000000000000000000000000000000000000000000000000000000000000000000000000000000000000000000000000000000000000000000000000000000000000000000000000000000000000000000000000000000000000>;
P_00000227ade5cce0 .param/l "INIT_C" 0 3 1519, C4<0000000000000000000000000000000000000000000000000000000000000000000000000000000000000000000000000000000000000000000000000000000000000000000000000000000000000000000000000000000000000000000000000000000000000000000000000000000000000000000000000000000000000000>;
P_00000227ade5cd18 .param/l "INIT_D" 0 3 1520, C4<0000000000000000000000000000000000000000000000000000000000000000000000000000000000000000000000000000000000000000000000000000000000000000000000000000000000000000000000000000000000000000000000000000000000000000000000000000000000000000000000000000000000000000>;
P_00000227ade5cd50 .param/l "INIT_E" 0 3 1521, C4<0000000000000000000000000000000000000000000000000000000000000000000000000000000000000000000000000000000000000000000000000000000000000000000000000000000000000000000000000000000000000000000000000000000000000000000000000000000000000000000000000000000000000000>;
P_00000227ade5cd88 .param/l "INIT_F" 0 3 1522, C4<0000000000000000000000000000000000000000000000000000000000000000000000000000000000000000000000000000000000000000000000000000000000000000000000000000000000000000000000000000000000000000000000000000000000000000000000000000000000000000000000000000000000000000>;
P_00000227ade5cdc0 .param/str "INIT_FILE" 0 3 1524, "\000";
P_00000227ade5cdf8 .param/l "READ_MODE" 0 3 1505, +C4<00000000000000000000000000000000>;
P_00000227ade5ce30 .param/l "WRITE_MODE" 0 3 1504, +C4<00000000000000000000000000000000>;
v00000227ade5c420_0 .net "MASK", 15 0, L_00000227adf2efb0;  1 drivers
v00000227ade5af80_0 .net "RADDR", 10 0, L_00000227adecf480;  1 drivers
v00000227ade5c560_0 .net "RCLK", 0 0, L_00000227adf1ba40;  1 drivers
v00000227ade5c380_0 .net "RCLKE", 0 0, L_00000227adecd680;  1 drivers
v00000227ade5bca0_0 .net "RDATA", 15 0, v00000227ade5b660_0;  1 drivers
v00000227ade5b660_0 .var "RDATA_I", 15 0;
v00000227ade5ae40_0 .net "RE", 0 0, L_00000227adecf2a0;  1 drivers
L_00000227aded2eb8 .functor BUFT 1, C4<0000000000000000>, C4<0>, C4<0>, C4<0>;
v00000227ade5ba20_0 .net "RMASK_I", 15 0, L_00000227aded2eb8;  1 drivers
v00000227ade5abc0_0 .net "WADDR", 10 0, L_00000227adecd400;  1 drivers
v00000227ade5ada0_0 .net "WCLK", 0 0, L_00000227adf1b1f0;  1 drivers
v00000227ade5bd40_0 .net "WCLKE", 0 0, L_00000227adecd360;  1 drivers
v00000227ade5c4c0_0 .net "WDATA", 15 0, L_00000227adf2d750;  1 drivers
v00000227ade5c240_0 .net "WDATA_I", 15 0, L_00000227addcddb0;  1 drivers
v00000227ade5bac0_0 .net "WE", 0 0, L_00000227adecdcc0;  1 drivers
v00000227ade5bb60_0 .net "WMASK_I", 15 0, L_00000227addcdcd0;  1 drivers
v00000227ade5c600_0 .var/i "i", 31 0;
v00000227ade5aee0 .array "memory", 255 0, 15 0;
E_00000227ade2f930 .event posedge, v00000227ade5c560_0;
E_00000227ade2fe30 .event posedge, v00000227ade5ada0_0;
S_00000227ade45640 .scope generate, "genblk1" "genblk1" 3 1534, 3 1534 0, S_00000227ade454b0;
 .timescale -12 -12;
L_00000227addcdcd0 .functor BUFZ 16, L_00000227adf2efb0, C4<0000000000000000>, C4<0000000000000000>, C4<0000000000000000>;
S_00000227ade46450 .scope generate, "genblk2" "genblk2" 3 1555, 3 1555 0, S_00000227ade454b0;
 .timescale -12 -12;
S_00000227ade45320 .scope generate, "genblk3" "genblk3" 3 1576, 3 1576 0, S_00000227ade454b0;
 .timescale -12 -12;
L_00000227addcddb0 .functor BUFZ 16, L_00000227adf2d750, C4<0000000000000000>, C4<0000000000000000>, C4<0000000000000000>;
S_00000227ade45e10 .scope generate, "genblk4" "genblk4" 3 1595, 3 1595 0, S_00000227ade454b0;
 .timescale -12 -12;
S_00000227ade46a90 .scope function.vec4.s1, "pd" "pd" 3 3200, 3 3200 0, S_00000227adcf4470;
 .timescale -12 -12;
; Variable pd is vec4 return value of scope S_00000227ade46a90
v00000227ade5c740_0 .var "x", 0 0;
TD_ICESTORM_RAM.pd ;
    %load/vec4 v00000227ade5c740_0;
    %cmpi/e 0, 1, 1;
    %flag_mov 8, 6;
    %jmp/0 T_0.0, 8;
    %pushi/vec4 0, 0, 1;
    %jmp/1 T_0.1, 8;
T_0.0 ; End of true expr.
    %load/vec4 v00000227ade5c740_0;
    %jmp/0 T_0.1, 8;
 ; End of false expr.
    %blend;
T_0.1;
    %ret/vec4 0, 0, 1;  Assign to pd (store_vec4_to_lval)
    %end;
S_00000227ade46900 .scope function.vec4.s1, "pu" "pu" 3 3207, 3 3207 0, S_00000227adcf4470;
 .timescale -12 -12;
; Variable pu is vec4 return value of scope S_00000227ade46900
v00000227ade5c7e0_0 .var "x", 0 0;
TD_ICESTORM_RAM.pu ;
    %load/vec4 v00000227ade5c7e0_0;
    %cmpi/e 0, 1, 1;
    %flag_mov 8, 6;
    %jmp/0 T_1.2, 8;
    %pushi/vec4 1, 0, 1;
    %jmp/1 T_1.3, 8;
T_1.2 ; End of true expr.
    %load/vec4 v00000227ade5c7e0_0;
    %jmp/0 T_1.3, 8;
 ; End of false expr.
    %blend;
T_1.3;
    %ret/vec4 0, 0, 1;  Assign to pu (store_vec4_to_lval)
    %end;
S_00000227adbb6a90 .scope module, "SB_CARRY" "SB_CARRY" 3 228;
 .timescale -12 -12;
    .port_info 0 /OUTPUT 1 "CO";
    .port_info 1 /INPUT 1 "I0";
    .port_info 2 /INPUT 1 "I1";
    .port_info 3 /INPUT 1 "CI";
o00000227ade639e8 .functor BUFZ 1, c4<z>; HiZ drive
o00000227ade63a18 .functor BUFZ 1, c4<z>; HiZ drive
L_00000227adf1c370 .functor AND 1, o00000227ade639e8, o00000227ade63a18, C4<1>, C4<1>;
L_00000227adf1ac40 .functor OR 1, o00000227ade639e8, o00000227ade63a18, C4<0>, C4<0>;
o00000227ade63988 .functor BUFZ 1, c4<z>; HiZ drive
L_00000227adf1c060 .functor AND 1, L_00000227adf1ac40, o00000227ade63988, C4<1>, C4<1>;
L_00000227adf1b260 .functor OR 1, L_00000227adf1c370, L_00000227adf1c060, C4<0>, C4<0>;
v00000227adea35f0_0 .net "CI", 0 0, o00000227ade63988;  0 drivers
v00000227adea37d0_0 .net "CO", 0 0, L_00000227adf1b260;  1 drivers
v00000227adea3370_0 .net "I0", 0 0, o00000227ade639e8;  0 drivers
v00000227adea2dd0_0 .net "I1", 0 0, o00000227ade63a18;  0 drivers
v00000227adea3410_0 .net *"_ivl_1", 0 0, L_00000227adf1c370;  1 drivers
v00000227adea2e70_0 .net *"_ivl_3", 0 0, L_00000227adf1ac40;  1 drivers
v00000227adea2f10_0 .net *"_ivl_5", 0 0, L_00000227adf1c060;  1 drivers
S_00000227adbd3530 .scope module, "SB_DFF" "SB_DFF" 3 265;
 .timescale -12 -12;
    .port_info 0 /OUTPUT 1 "Q";
    .port_info 1 /INPUT 1 "C";
    .port_info 2 /INPUT 1 "D";
o00000227ade63b98 .functor BUFZ 1, c4<z>; HiZ drive
v00000227adea3ff0_0 .net "C", 0 0, o00000227ade63b98;  0 drivers
o00000227ade63bc8 .functor BUFZ 1, c4<z>; HiZ drive
v00000227adea3b90_0 .net "D", 0 0, o00000227ade63bc8;  0 drivers
v00000227adea4130_0 .var "Q", 0 0;
E_00000227ade2fef0 .event posedge, v00000227adea3ff0_0;
S_00000227adbbb830 .scope module, "SB_DFFE" "SB_DFFE" 3 303;
 .timescale -12 -12;
    .port_info 0 /OUTPUT 1 "Q";
    .port_info 1 /INPUT 1 "C";
    .port_info 2 /INPUT 1 "E";
    .port_info 3 /INPUT 1 "D";
o00000227ade63cb8 .functor BUFZ 1, c4<z>; HiZ drive
v00000227adea3870_0 .net "C", 0 0, o00000227ade63cb8;  0 drivers
o00000227ade63ce8 .functor BUFZ 1, c4<z>; HiZ drive
v00000227adea3050_0 .net "D", 0 0, o00000227ade63ce8;  0 drivers
o00000227ade63d18 .functor BUFZ 1, c4<z>; HiZ drive
v00000227adea41d0_0 .net "E", 0 0, o00000227ade63d18;  0 drivers
v00000227adea3c30_0 .var "Q", 0 0;
E_00000227ade2ffb0 .event posedge, v00000227adea3870_0;
S_00000227adbbb9c0 .scope module, "SB_DFFER" "SB_DFFER" 3 653;
 .timescale -12 -12;
    .port_info 0 /OUTPUT 1 "Q";
    .port_info 1 /INPUT 1 "C";
    .port_info 2 /INPUT 1 "E";
    .port_info 3 /INPUT 1 "R";
    .port_info 4 /INPUT 1 "D";
o00000227ade63e38 .functor BUFZ 1, c4<z>; HiZ drive
v00000227adea30f0_0 .net "C", 0 0, o00000227ade63e38;  0 drivers
o00000227ade63e68 .functor BUFZ 1, c4<z>; HiZ drive
v00000227adea3910_0 .net "D", 0 0, o00000227ade63e68;  0 drivers
o00000227ade63e98 .functor BUFZ 1, c4<z>; HiZ drive
v00000227adea3a50_0 .net "E", 0 0, o00000227ade63e98;  0 drivers
v00000227adea3190_0 .var "Q", 0 0;
o00000227ade63ef8 .functor BUFZ 1, c4<z>; HiZ drive
v00000227adea3230_0 .net "R", 0 0, o00000227ade63ef8;  0 drivers
E_00000227ade2fdb0 .event posedge, v00000227adea3230_0, v00000227adea30f0_0;
S_00000227adbbbb50 .scope module, "SB_DFFES" "SB_DFFES" 3 794;
 .timescale -12 -12;
    .port_info 0 /OUTPUT 1 "Q";
    .port_info 1 /INPUT 1 "C";
    .port_info 2 /INPUT 1 "E";
    .port_info 3 /INPUT 1 "S";
    .port_info 4 /INPUT 1 "D";
o00000227ade64018 .functor BUFZ 1, c4<z>; HiZ drive
v00000227adea3af0_0 .net "C", 0 0, o00000227ade64018;  0 drivers
o00000227ade64048 .functor BUFZ 1, c4<z>; HiZ drive
v00000227adea3f50_0 .net "D", 0 0, o00000227ade64048;  0 drivers
o00000227ade64078 .functor BUFZ 1, c4<z>; HiZ drive
v00000227adea6000_0 .net "E", 0 0, o00000227ade64078;  0 drivers
v00000227adea7400_0 .var "Q", 0 0;
o00000227ade640d8 .functor BUFZ 1, c4<z>; HiZ drive
v00000227adea6dc0_0 .net "S", 0 0, o00000227ade640d8;  0 drivers
E_00000227ade2fcf0 .event posedge, v00000227adea6dc0_0, v00000227adea3af0_0;
S_00000227adbc5690 .scope module, "SB_DFFESR" "SB_DFFESR" 3 592;
 .timescale -12 -12;
    .port_info 0 /OUTPUT 1 "Q";
    .port_info 1 /INPUT 1 "C";
    .port_info 2 /INPUT 1 "E";
    .port_info 3 /INPUT 1 "R";
    .port_info 4 /INPUT 1 "D";
o00000227ade641f8 .functor BUFZ 1, c4<z>; HiZ drive
v00000227adea7720_0 .net "C", 0 0, o00000227ade641f8;  0 drivers
o00000227ade64228 .functor BUFZ 1, c4<z>; HiZ drive
v00000227adea68c0_0 .net "D", 0 0, o00000227ade64228;  0 drivers
o00000227ade64258 .functor BUFZ 1, c4<z>; HiZ drive
v00000227adea5100_0 .net "E", 0 0, o00000227ade64258;  0 drivers
v00000227adea6320_0 .var "Q", 0 0;
o00000227ade642b8 .functor BUFZ 1, c4<z>; HiZ drive
v00000227adea5a60_0 .net "R", 0 0, o00000227ade642b8;  0 drivers
E_00000227ade2fe70 .event posedge, v00000227adea7720_0;
S_00000227adbc5820 .scope module, "SB_DFFESS" "SB_DFFESS" 3 733;
 .timescale -12 -12;
    .port_info 0 /OUTPUT 1 "Q";
    .port_info 1 /INPUT 1 "C";
    .port_info 2 /INPUT 1 "E";
    .port_info 3 /INPUT 1 "S";
    .port_info 4 /INPUT 1 "D";
o00000227ade643d8 .functor BUFZ 1, c4<z>; HiZ drive
v00000227adea63c0_0 .net "C", 0 0, o00000227ade643d8;  0 drivers
o00000227ade64408 .functor BUFZ 1, c4<z>; HiZ drive
v00000227adea5d80_0 .net "D", 0 0, o00000227ade64408;  0 drivers
o00000227ade64438 .functor BUFZ 1, c4<z>; HiZ drive
v00000227adea5240_0 .net "E", 0 0, o00000227ade64438;  0 drivers
v00000227adea6be0_0 .var "Q", 0 0;
o00000227ade64498 .functor BUFZ 1, c4<z>; HiZ drive
v00000227adea6b40_0 .net "S", 0 0, o00000227ade64498;  0 drivers
E_00000227ade2f6f0 .event posedge, v00000227adea63c0_0;
S_00000227adbc59b0 .scope module, "SB_DFFN" "SB_DFFN" 3 876;
 .timescale -12 -12;
    .port_info 0 /OUTPUT 1 "Q";
    .port_info 1 /INPUT 1 "C";
    .port_info 2 /INPUT 1 "D";
o00000227ade645b8 .functor BUFZ 1, c4<z>; HiZ drive
v00000227adea7540_0 .net "C", 0 0, o00000227ade645b8;  0 drivers
o00000227ade645e8 .functor BUFZ 1, c4<z>; HiZ drive
v00000227adea6c80_0 .net "D", 0 0, o00000227ade645e8;  0 drivers
v00000227adea5b00_0 .var "Q", 0 0;
E_00000227ade2f9b0 .event negedge, v00000227adea7540_0;
S_00000227adbc2cd0 .scope module, "SB_DFFNE" "SB_DFFNE" 3 914;
 .timescale -12 -12;
    .port_info 0 /OUTPUT 1 "Q";
    .port_info 1 /INPUT 1 "C";
    .port_info 2 /INPUT 1 "E";
    .port_info 3 /INPUT 1 "D";
o00000227ade646d8 .functor BUFZ 1, c4<z>; HiZ drive
v00000227adea5f60_0 .net "C", 0 0, o00000227ade646d8;  0 drivers
o00000227ade64708 .functor BUFZ 1, c4<z>; HiZ drive
v00000227adea6640_0 .net "D", 0 0, o00000227ade64708;  0 drivers
o00000227ade64738 .functor BUFZ 1, c4<z>; HiZ drive
v00000227adea5ba0_0 .net "E", 0 0, o00000227ade64738;  0 drivers
v00000227adea72c0_0 .var "Q", 0 0;
E_00000227ade2fff0 .event negedge, v00000227adea5f60_0;
S_00000227adbc2e60 .scope module, "SB_DFFNER" "SB_DFFNER" 3 1264;
 .timescale -12 -12;
    .port_info 0 /OUTPUT 1 "Q";
    .port_info 1 /INPUT 1 "C";
    .port_info 2 /INPUT 1 "E";
    .port_info 3 /INPUT 1 "R";
    .port_info 4 /INPUT 1 "D";
o00000227ade64858 .functor BUFZ 1, c4<z>; HiZ drive
v00000227adea6e60_0 .net "C", 0 0, o00000227ade64858;  0 drivers
o00000227ade64888 .functor BUFZ 1, c4<z>; HiZ drive
v00000227adea51a0_0 .net "D", 0 0, o00000227ade64888;  0 drivers
o00000227ade648b8 .functor BUFZ 1, c4<z>; HiZ drive
v00000227adea6960_0 .net "E", 0 0, o00000227ade648b8;  0 drivers
v00000227adea6780_0 .var "Q", 0 0;
o00000227ade64918 .functor BUFZ 1, c4<z>; HiZ drive
v00000227adea6a00_0 .net "R", 0 0, o00000227ade64918;  0 drivers
E_00000227ade2f9f0/0 .event negedge, v00000227adea6e60_0;
E_00000227ade2f9f0/1 .event posedge, v00000227adea6a00_0;
E_00000227ade2f9f0 .event/or E_00000227ade2f9f0/0, E_00000227ade2f9f0/1;
S_00000227adbc2ff0 .scope module, "SB_DFFNES" "SB_DFFNES" 3 1405;
 .timescale -12 -12;
    .port_info 0 /OUTPUT 1 "Q";
    .port_info 1 /INPUT 1 "C";
    .port_info 2 /INPUT 1 "E";
    .port_info 3 /INPUT 1 "S";
    .port_info 4 /INPUT 1 "D";
o00000227ade64a38 .functor BUFZ 1, c4<z>; HiZ drive
v00000227adea7220_0 .net "C", 0 0, o00000227ade64a38;  0 drivers
o00000227ade64a68 .functor BUFZ 1, c4<z>; HiZ drive
v00000227adea6460_0 .net "D", 0 0, o00000227ade64a68;  0 drivers
o00000227ade64a98 .functor BUFZ 1, c4<z>; HiZ drive
v00000227adea5560_0 .net "E", 0 0, o00000227ade64a98;  0 drivers
v00000227adea75e0_0 .var "Q", 0 0;
o00000227ade64af8 .functor BUFZ 1, c4<z>; HiZ drive
v00000227adea6500_0 .net "S", 0 0, o00000227ade64af8;  0 drivers
E_00000227ade2f5b0/0 .event negedge, v00000227adea7220_0;
E_00000227ade2f5b0/1 .event posedge, v00000227adea6500_0;
E_00000227ade2f5b0 .event/or E_00000227ade2f5b0/0, E_00000227ade2f5b0/1;
S_00000227ade3f4d0 .scope module, "SB_DFFNESR" "SB_DFFNESR" 3 1203;
 .timescale -12 -12;
    .port_info 0 /OUTPUT 1 "Q";
    .port_info 1 /INPUT 1 "C";
    .port_info 2 /INPUT 1 "E";
    .port_info 3 /INPUT 1 "R";
    .port_info 4 /INPUT 1 "D";
o00000227ade64c18 .functor BUFZ 1, c4<z>; HiZ drive
v00000227adea6fa0_0 .net "C", 0 0, o00000227ade64c18;  0 drivers
o00000227ade64c48 .functor BUFZ 1, c4<z>; HiZ drive
v00000227adea5740_0 .net "D", 0 0, o00000227ade64c48;  0 drivers
o00000227ade64c78 .functor BUFZ 1, c4<z>; HiZ drive
v00000227adea6aa0_0 .net "E", 0 0, o00000227ade64c78;  0 drivers
v00000227adea7360_0 .var "Q", 0 0;
o00000227ade64cd8 .functor BUFZ 1, c4<z>; HiZ drive
v00000227adea65a0_0 .net "R", 0 0, o00000227ade64cd8;  0 drivers
E_00000227ade2f730 .event negedge, v00000227adea6fa0_0;
S_00000227ade3f660 .scope module, "SB_DFFNESS" "SB_DFFNESS" 3 1344;
 .timescale -12 -12;
    .port_info 0 /OUTPUT 1 "Q";
    .port_info 1 /INPUT 1 "C";
    .port_info 2 /INPUT 1 "E";
    .port_info 3 /INPUT 1 "S";
    .port_info 4 /INPUT 1 "D";
o00000227ade64df8 .functor BUFZ 1, c4<z>; HiZ drive
v00000227adea6820_0 .net "C", 0 0, o00000227ade64df8;  0 drivers
o00000227ade64e28 .functor BUFZ 1, c4<z>; HiZ drive
v00000227adea6f00_0 .net "D", 0 0, o00000227ade64e28;  0 drivers
o00000227ade64e58 .functor BUFZ 1, c4<z>; HiZ drive
v00000227adea5c40_0 .net "E", 0 0, o00000227ade64e58;  0 drivers
v00000227adea66e0_0 .var "Q", 0 0;
o00000227ade64eb8 .functor BUFZ 1, c4<z>; HiZ drive
v00000227adea7680_0 .net "S", 0 0, o00000227ade64eb8;  0 drivers
E_00000227ade2fa70 .event negedge, v00000227adea6820_0;
S_00000227ade3fca0 .scope module, "SB_DFFNR" "SB_DFFNR" 3 1011;
 .timescale -12 -12;
    .port_info 0 /OUTPUT 1 "Q";
    .port_info 1 /INPUT 1 "C";
    .port_info 2 /INPUT 1 "R";
    .port_info 3 /INPUT 1 "D";
o00000227ade64fd8 .functor BUFZ 1, c4<z>; HiZ drive
v00000227adea6d20_0 .net "C", 0 0, o00000227ade64fd8;  0 drivers
o00000227ade65008 .functor BUFZ 1, c4<z>; HiZ drive
v00000227adea54c0_0 .net "D", 0 0, o00000227ade65008;  0 drivers
v00000227adea7040_0 .var "Q", 0 0;
o00000227ade65068 .functor BUFZ 1, c4<z>; HiZ drive
v00000227adea7180_0 .net "R", 0 0, o00000227ade65068;  0 drivers
E_00000227ade2fa30/0 .event negedge, v00000227adea6d20_0;
E_00000227ade2fa30/1 .event posedge, v00000227adea7180_0;
E_00000227ade2fa30 .event/or E_00000227ade2fa30/0, E_00000227ade2fa30/1;
S_00000227ade3f7f0 .scope module, "SB_DFFNS" "SB_DFFNS" 3 1132;
 .timescale -12 -12;
    .port_info 0 /OUTPUT 1 "Q";
    .port_info 1 /INPUT 1 "C";
    .port_info 2 /INPUT 1 "S";
    .port_info 3 /INPUT 1 "D";
o00000227ade65158 .functor BUFZ 1, c4<z>; HiZ drive
v00000227adea6140_0 .net "C", 0 0, o00000227ade65158;  0 drivers
o00000227ade65188 .functor BUFZ 1, c4<z>; HiZ drive
v00000227adea70e0_0 .net "D", 0 0, o00000227ade65188;  0 drivers
v00000227adea74a0_0 .var "Q", 0 0;
o00000227ade651e8 .functor BUFZ 1, c4<z>; HiZ drive
v00000227adea4fc0_0 .net "S", 0 0, o00000227ade651e8;  0 drivers
E_00000227ade30030/0 .event negedge, v00000227adea6140_0;
E_00000227ade30030/1 .event posedge, v00000227adea4fc0_0;
E_00000227ade30030 .event/or E_00000227ade30030/0, E_00000227ade30030/1;
S_00000227ade3fe30 .scope module, "SB_DFFNSR" "SB_DFFNSR" 3 961;
 .timescale -12 -12;
    .port_info 0 /OUTPUT 1 "Q";
    .port_info 1 /INPUT 1 "C";
    .port_info 2 /INPUT 1 "R";
    .port_info 3 /INPUT 1 "D";
o00000227ade652d8 .functor BUFZ 1, c4<z>; HiZ drive
v00000227adea5060_0 .net "C", 0 0, o00000227ade652d8;  0 drivers
o00000227ade65308 .functor BUFZ 1, c4<z>; HiZ drive
v00000227adea52e0_0 .net "D", 0 0, o00000227ade65308;  0 drivers
v00000227adea5380_0 .var "Q", 0 0;
o00000227ade65368 .functor BUFZ 1, c4<z>; HiZ drive
v00000227adea5420_0 .net "R", 0 0, o00000227ade65368;  0 drivers
E_00000227ade300f0 .event negedge, v00000227adea5060_0;
S_00000227ade3ffc0 .scope module, "SB_DFFNSS" "SB_DFFNSS" 3 1082;
 .timescale -12 -12;
    .port_info 0 /OUTPUT 1 "Q";
    .port_info 1 /INPUT 1 "C";
    .port_info 2 /INPUT 1 "S";
    .port_info 3 /INPUT 1 "D";
o00000227ade65458 .functor BUFZ 1, c4<z>; HiZ drive
v00000227adea5600_0 .net "C", 0 0, o00000227ade65458;  0 drivers
o00000227ade65488 .functor BUFZ 1, c4<z>; HiZ drive
v00000227adea56a0_0 .net "D", 0 0, o00000227ade65488;  0 drivers
v00000227adea57e0_0 .var "Q", 0 0;
o00000227ade654e8 .functor BUFZ 1, c4<z>; HiZ drive
v00000227adea5880_0 .net "S", 0 0, o00000227ade654e8;  0 drivers
E_00000227ade2f570 .event negedge, v00000227adea5600_0;
S_00000227ade40150 .scope module, "SB_DFFR" "SB_DFFR" 3 400;
 .timescale -12 -12;
    .port_info 0 /OUTPUT 1 "Q";
    .port_info 1 /INPUT 1 "C";
    .port_info 2 /INPUT 1 "R";
    .port_info 3 /INPUT 1 "D";
o00000227ade655d8 .functor BUFZ 1, c4<z>; HiZ drive
v00000227adea5920_0 .net "C", 0 0, o00000227ade655d8;  0 drivers
o00000227ade65608 .functor BUFZ 1, c4<z>; HiZ drive
v00000227adea59c0_0 .net "D", 0 0, o00000227ade65608;  0 drivers
v00000227adea5ce0_0 .var "Q", 0 0;
o00000227ade65668 .functor BUFZ 1, c4<z>; HiZ drive
v00000227adea5e20_0 .net "R", 0 0, o00000227ade65668;  0 drivers
E_00000227ade2f5f0 .event posedge, v00000227adea5e20_0, v00000227adea5920_0;
S_00000227ade3fb10 .scope module, "SB_DFFS" "SB_DFFS" 3 521;
 .timescale -12 -12;
    .port_info 0 /OUTPUT 1 "Q";
    .port_info 1 /INPUT 1 "C";
    .port_info 2 /INPUT 1 "S";
    .port_info 3 /INPUT 1 "D";
o00000227ade65758 .functor BUFZ 1, c4<z>; HiZ drive
v00000227adea5ec0_0 .net "C", 0 0, o00000227ade65758;  0 drivers
o00000227ade65788 .functor BUFZ 1, c4<z>; HiZ drive
v00000227adea60a0_0 .net "D", 0 0, o00000227ade65788;  0 drivers
v00000227adea61e0_0 .var "Q", 0 0;
o00000227ade657e8 .functor BUFZ 1, c4<z>; HiZ drive
v00000227adea6280_0 .net "S", 0 0, o00000227ade657e8;  0 drivers
E_00000227ade2fb70 .event posedge, v00000227adea6280_0, v00000227adea5ec0_0;
S_00000227ade402e0 .scope module, "SB_DFFSR" "SB_DFFSR" 3 350;
 .timescale -12 -12;
    .port_info 0 /OUTPUT 1 "Q";
    .port_info 1 /INPUT 1 "C";
    .port_info 2 /INPUT 1 "R";
    .port_info 3 /INPUT 1 "D";
o00000227ade658d8 .functor BUFZ 1, c4<z>; HiZ drive
v00000227adea8e40_0 .net "C", 0 0, o00000227ade658d8;  0 drivers
o00000227ade65908 .functor BUFZ 1, c4<z>; HiZ drive
v00000227adea81c0_0 .net "D", 0 0, o00000227ade65908;  0 drivers
v00000227adea8260_0 .var "Q", 0 0;
o00000227ade65968 .functor BUFZ 1, c4<z>; HiZ drive
v00000227adea8580_0 .net "R", 0 0, o00000227ade65968;  0 drivers
E_00000227ade2fab0 .event posedge, v00000227adea8e40_0;
S_00000227ade3f980 .scope module, "SB_DFFSS" "SB_DFFSS" 3 471;
 .timescale -12 -12;
    .port_info 0 /OUTPUT 1 "Q";
    .port_info 1 /INPUT 1 "C";
    .port_info 2 /INPUT 1 "S";
    .port_info 3 /INPUT 1 "D";
o00000227ade65a58 .functor BUFZ 1, c4<z>; HiZ drive
v00000227adea8800_0 .net "C", 0 0, o00000227ade65a58;  0 drivers
o00000227ade65a88 .functor BUFZ 1, c4<z>; HiZ drive
v00000227adea8c60_0 .net "D", 0 0, o00000227ade65a88;  0 drivers
v00000227adea77c0_0 .var "Q", 0 0;
o00000227ade65ae8 .functor BUFZ 1, c4<z>; HiZ drive
v00000227adea8d00_0 .net "S", 0 0, o00000227ade65ae8;  0 drivers
E_00000227ade2faf0 .event posedge, v00000227adea8800_0;
S_00000227ade41160 .scope module, "SB_FILTER_50NS" "SB_FILTER_50NS" 3 2856;
 .timescale -12 -12;
    .port_info 0 /INPUT 1 "FILTERIN";
    .port_info 1 /OUTPUT 1 "FILTEROUT";
o00000227ade65bd8 .functor BUFZ 1, c4<z>; HiZ drive
v00000227adea7d60_0 .net "FILTERIN", 0 0, o00000227ade65bd8;  0 drivers
o00000227ade65c08 .functor BUFZ 1, c4<z>; HiZ drive
v00000227adea7e00_0 .net "FILTEROUT", 0 0, o00000227ade65c08;  0 drivers
S_00000227ade40b20 .scope module, "SB_GB" "SB_GB" 3 162;
 .timescale -12 -12;
    .port_info 0 /INPUT 1 "USER_SIGNAL_TO_GLOBAL_BUFFER";
    .port_info 1 /OUTPUT 1 "GLOBAL_BUFFER_OUTPUT";
o00000227ade65cc8 .functor BUFZ 1, c4<z>; HiZ drive
L_00000227adf1c610 .functor BUFZ 1, o00000227ade65cc8, C4<0>, C4<0>, C4<0>;
v00000227adea7cc0_0 .net "GLOBAL_BUFFER_OUTPUT", 0 0, L_00000227adf1c610;  1 drivers
v00000227adea86c0_0 .net "USER_SIGNAL_TO_GLOBAL_BUFFER", 0 0, o00000227ade65cc8;  0 drivers
S_00000227ade40cb0 .scope module, "SB_GB_IO" "SB_GB_IO" 3 123;
 .timescale -12 -12;
    .port_info 0 /INOUT 1 "PACKAGE_PIN";
    .port_info 1 /OUTPUT 1 "GLOBAL_BUFFER_OUTPUT";
    .port_info 2 /INPUT 1 "LATCH_INPUT_VALUE";
    .port_info 3 /INPUT 1 "CLOCK_ENABLE";
    .port_info 4 /INPUT 1 "INPUT_CLK";
    .port_info 5 /INPUT 1 "OUTPUT_CLK";
    .port_info 6 /INPUT 1 "OUTPUT_ENABLE";
    .port_info 7 /INPUT 1 "D_OUT_0";
    .port_info 8 /INPUT 1 "D_OUT_1";
    .port_info 9 /OUTPUT 1 "D_IN_0";
    .port_info 10 /OUTPUT 1 "D_IN_1";
P_00000227adcf4600 .param/str "IO_STANDARD" 0 3 139, "SB_LVCMOS";
P_00000227adcf4638 .param/l "NEG_TRIGGER" 0 3 138, C4<0>;
P_00000227adcf4670 .param/l "PIN_TYPE" 0 3 136, C4<000000>;
P_00000227adcf46a8 .param/l "PULLUP" 0 3 137, C4<0>;
o00000227ade65f08 .functor BUFZ 1, c4<z>; HiZ drive
L_00000227adf1acb0 .functor BUFZ 1, o00000227ade65f08, C4<0>, C4<0>, C4<0>;
o00000227ade65d58 .functor BUFZ 1, c4<z>; HiZ drive
v00000227adea9a70_0 .net "CLOCK_ENABLE", 0 0, o00000227ade65d58;  0 drivers
v00000227adeaa510_0 .net "D_IN_0", 0 0, L_00000227adf1b6c0;  1 drivers
v00000227adea9d90_0 .net "D_IN_1", 0 0, L_00000227adf1aee0;  1 drivers
o00000227ade65de8 .functor BUFZ 1, c4<z>; HiZ drive
v00000227adeaab50_0 .net "D_OUT_0", 0 0, o00000227ade65de8;  0 drivers
o00000227ade65e18 .functor BUFZ 1, c4<z>; HiZ drive
v00000227adeaa1f0_0 .net "D_OUT_1", 0 0, o00000227ade65e18;  0 drivers
v00000227adea9bb0_0 .net "GLOBAL_BUFFER_OUTPUT", 0 0, L_00000227adf1acb0;  1 drivers
o00000227ade65e48 .functor BUFZ 1, c4<z>; HiZ drive
v00000227adeab2d0_0 .net "INPUT_CLK", 0 0, o00000227ade65e48;  0 drivers
o00000227ade65e78 .functor BUFZ 1, c4<z>; HiZ drive
v00000227adeaa330_0 .net "LATCH_INPUT_VALUE", 0 0, o00000227ade65e78;  0 drivers
o00000227ade65ea8 .functor BUFZ 1, c4<z>; HiZ drive
v00000227adea9b10_0 .net "OUTPUT_CLK", 0 0, o00000227ade65ea8;  0 drivers
o00000227ade65ed8 .functor BUFZ 1, c4<z>; HiZ drive
v00000227adeaa3d0_0 .net "OUTPUT_ENABLE", 0 0, o00000227ade65ed8;  0 drivers
v00000227adeaa010_0 .net "PACKAGE_PIN", 0 0, o00000227ade65f08;  0 drivers
S_00000227ade46770 .scope module, "IO" "SB_IO" 3 148, 3 17 0, S_00000227ade40cb0;
 .timescale -12 -12;
    .port_info 0 /INOUT 1 "PACKAGE_PIN";
    .port_info 1 /INPUT 1 "LATCH_INPUT_VALUE";
    .port_info 2 /INPUT 1 "CLOCK_ENABLE";
    .port_info 3 /INPUT 1 "INPUT_CLK";
    .port_info 4 /INPUT 1 "OUTPUT_CLK";
    .port_info 5 /INPUT 1 "OUTPUT_ENABLE";
    .port_info 6 /INPUT 1 "D_OUT_0";
    .port_info 7 /INPUT 1 "D_OUT_1";
    .port_info 8 /OUTPUT 1 "D_IN_0";
    .port_info 9 /OUTPUT 1 "D_IN_1";
P_00000227ade5ee80 .param/str "IO_STANDARD" 0 3 32, "SB_LVCMOS";
P_00000227ade5eeb8 .param/l "NEG_TRIGGER" 0 3 31, C4<0>;
P_00000227ade5eef0 .param/l "PIN_TYPE" 0 3 29, C4<000000>;
P_00000227ade5ef28 .param/l "PULLUP" 0 3 30, C4<0>;
L_00000227adf1c530 .functor OR 1, o00000227ade65d58, L_00000227adf2f050, C4<0>, C4<0>;
L_00000227adf1b6c0 .functor BUFZ 1, v00000227adea8940_0, C4<0>, C4<0>, C4<0>;
L_00000227adf1aee0 .functor BUFZ 1, v00000227adea8a80_0, C4<0>, C4<0>, C4<0>;
v00000227adea83a0_0 .net "CLOCK_ENABLE", 0 0, o00000227ade65d58;  alias, 0 drivers
v00000227adea7ea0_0 .net "D_IN_0", 0 0, L_00000227adf1b6c0;  alias, 1 drivers
v00000227adea8080_0 .net "D_IN_1", 0 0, L_00000227adf1aee0;  alias, 1 drivers
v00000227adea7f40_0 .net "D_OUT_0", 0 0, o00000227ade65de8;  alias, 0 drivers
v00000227adea8120_0 .net "D_OUT_1", 0 0, o00000227ade65e18;  alias, 0 drivers
v00000227adea8620_0 .net "INPUT_CLK", 0 0, o00000227ade65e48;  alias, 0 drivers
v00000227adea7860_0 .net "LATCH_INPUT_VALUE", 0 0, o00000227ade65e78;  alias, 0 drivers
v00000227adea8300_0 .net "OUTPUT_CLK", 0 0, o00000227ade65ea8;  alias, 0 drivers
v00000227adea8da0_0 .net "OUTPUT_ENABLE", 0 0, o00000227ade65ed8;  alias, 0 drivers
v00000227adea7900_0 .net "PACKAGE_PIN", 0 0, o00000227ade65f08;  alias, 0 drivers
o00000227ade65f38 .functor BUFZ 1, c4<z>; HiZ drive
; Elide local net with no drivers, v00000227adea79a0_0 name=_ivl_0
v00000227adea7fe0_0 .net *"_ivl_2", 0 0, L_00000227adf2f050;  1 drivers
v00000227adea8bc0_0 .net "clken_pulled", 0 0, L_00000227adf1c530;  1 drivers
v00000227adea89e0_0 .var "clken_pulled_ri", 0 0;
v00000227adea7a40_0 .var "clken_pulled_ro", 0 0;
v00000227adea8940_0 .var "din_0", 0 0;
v00000227adea8a80_0 .var "din_1", 0 0;
v00000227adea8b20_0 .var "din_q_0", 0 0;
v00000227adea7ae0_0 .var "din_q_1", 0 0;
v00000227adea7b80_0 .var "dout", 0 0;
v00000227adea7c20_0 .var "dout_q_0", 0 0;
v00000227adea8760_0 .var "dout_q_1", 0 0;
v00000227adea8440_0 .var "outclk_delayed_1", 0 0;
v00000227adea84e0_0 .var "outclk_delayed_2", 0 0;
v00000227adea88a0_0 .var "outena_q", 0 0;
E_00000227ade301b0 .event anyedge, v00000227adea84e0_0, v00000227adea7c20_0, v00000227adea8760_0;
E_00000227ade2f870 .event anyedge, v00000227adea8440_0;
E_00000227ade2fb30 .event anyedge, v00000227adea8300_0;
E_00000227ade2f770 .event anyedge, v00000227adea8b20_0, v00000227adea7ae0_0;
L_00000227adf2f050 .cmp/eeq 1, o00000227ade65d58, o00000227ade65f38;
S_00000227ade457d0 .scope generate, "genblk1" "genblk1" 3 45, 3 45 0, S_00000227ade46770;
 .timescale -12 -12;
E_00000227ade2f7b0 .event posedge, v00000227adea8300_0;
E_00000227ade2fcb0 .event negedge, v00000227adea8300_0;
E_00000227ade2f8b0 .event negedge, v00000227adea8620_0;
E_00000227ade30070 .event posedge, v00000227adea8620_0;
S_00000227ade40990 .scope module, "SB_I2C" "SB_I2C" 3 2733;
 .timescale -12 -12;
    .port_info 0 /INPUT 1 "SBCLKI";
    .port_info 1 /INPUT 1 "SBRWI";
    .port_info 2 /INPUT 1 "SBSTBI";
    .port_info 3 /INPUT 1 "SBADRI7";
    .port_info 4 /INPUT 1 "SBADRI6";
    .port_info 5 /INPUT 1 "SBADRI5";
    .port_info 6 /INPUT 1 "SBADRI4";
    .port_info 7 /INPUT 1 "SBADRI3";
    .port_info 8 /INPUT 1 "SBADRI2";
    .port_info 9 /INPUT 1 "SBADRI1";
    .port_info 10 /INPUT 1 "SBADRI0";
    .port_info 11 /INPUT 1 "SBDATI7";
    .port_info 12 /INPUT 1 "SBDATI6";
    .port_info 13 /INPUT 1 "SBDATI5";
    .port_info 14 /INPUT 1 "SBDATI4";
    .port_info 15 /INPUT 1 "SBDATI3";
    .port_info 16 /INPUT 1 "SBDATI2";
    .port_info 17 /INPUT 1 "SBDATI1";
    .port_info 18 /INPUT 1 "SBDATI0";
    .port_info 19 /INPUT 1 "SCLI";
    .port_info 20 /INPUT 1 "SDAI";
    .port_info 21 /OUTPUT 1 "SBDATO7";
    .port_info 22 /OUTPUT 1 "SBDATO6";
    .port_info 23 /OUTPUT 1 "SBDATO5";
    .port_info 24 /OUTPUT 1 "SBDATO4";
    .port_info 25 /OUTPUT 1 "SBDATO3";
    .port_info 26 /OUTPUT 1 "SBDATO2";
    .port_info 27 /OUTPUT 1 "SBDATO1";
    .port_info 28 /OUTPUT 1 "SBDATO0";
    .port_info 29 /OUTPUT 1 "SBACKO";
    .port_info 30 /OUTPUT 1 "I2CIRQ";
    .port_info 31 /OUTPUT 1 "I2CWKUP";
    .port_info 32 /OUTPUT 1 "SCLO";
    .port_info 33 /OUTPUT 1 "SCLOE";
    .port_info 34 /OUTPUT 1 "SDAO";
    .port_info 35 /OUTPUT 1 "SDAOE";
P_00000227adc69290 .param/str "BUS_ADDR74" 0 3 2772, "0b0001";
P_00000227adc692c8 .param/str "I2C_SLAVE_INIT_ADDR" 0 3 2771, "0b1111100001";
o00000227ade66628 .functor BUFZ 1, c4<z>; HiZ drive
v00000227adeaa6f0_0 .net "I2CIRQ", 0 0, o00000227ade66628;  0 drivers
o00000227ade66658 .functor BUFZ 1, c4<z>; HiZ drive
v00000227adeaa790_0 .net "I2CWKUP", 0 0, o00000227ade66658;  0 drivers
o00000227ade66688 .functor BUFZ 1, c4<z>; HiZ drive
v00000227adeab730_0 .net "SBACKO", 0 0, o00000227ade66688;  0 drivers
o00000227ade666b8 .functor BUFZ 1, c4<z>; HiZ drive
v00000227adea9890_0 .net "SBADRI0", 0 0, o00000227ade666b8;  0 drivers
o00000227ade666e8 .functor BUFZ 1, c4<z>; HiZ drive
v00000227adea99d0_0 .net "SBADRI1", 0 0, o00000227ade666e8;  0 drivers
o00000227ade66718 .functor BUFZ 1, c4<z>; HiZ drive
v00000227adeaa650_0 .net "SBADRI2", 0 0, o00000227ade66718;  0 drivers
o00000227ade66748 .functor BUFZ 1, c4<z>; HiZ drive
v00000227adea9f70_0 .net "SBADRI3", 0 0, o00000227ade66748;  0 drivers
o00000227ade66778 .functor BUFZ 1, c4<z>; HiZ drive
v00000227adea9390_0 .net "SBADRI4", 0 0, o00000227ade66778;  0 drivers
o00000227ade667a8 .functor BUFZ 1, c4<z>; HiZ drive
v00000227adeaa5b0_0 .net "SBADRI5", 0 0, o00000227ade667a8;  0 drivers
o00000227ade667d8 .functor BUFZ 1, c4<z>; HiZ drive
v00000227adeab190_0 .net "SBADRI6", 0 0, o00000227ade667d8;  0 drivers
o00000227ade66808 .functor BUFZ 1, c4<z>; HiZ drive
v00000227adeaa470_0 .net "SBADRI7", 0 0, o00000227ade66808;  0 drivers
o00000227ade66838 .functor BUFZ 1, c4<z>; HiZ drive
v00000227adea91b0_0 .net "SBCLKI", 0 0, o00000227ade66838;  0 drivers
o00000227ade66868 .functor BUFZ 1, c4<z>; HiZ drive
v00000227adea97f0_0 .net "SBDATI0", 0 0, o00000227ade66868;  0 drivers
o00000227ade66898 .functor BUFZ 1, c4<z>; HiZ drive
v00000227adea9250_0 .net "SBDATI1", 0 0, o00000227ade66898;  0 drivers
o00000227ade668c8 .functor BUFZ 1, c4<z>; HiZ drive
v00000227adeaa0b0_0 .net "SBDATI2", 0 0, o00000227ade668c8;  0 drivers
o00000227ade668f8 .functor BUFZ 1, c4<z>; HiZ drive
v00000227adea94d0_0 .net "SBDATI3", 0 0, o00000227ade668f8;  0 drivers
o00000227ade66928 .functor BUFZ 1, c4<z>; HiZ drive
v00000227adeaa150_0 .net "SBDATI4", 0 0, o00000227ade66928;  0 drivers
o00000227ade66958 .functor BUFZ 1, c4<z>; HiZ drive
v00000227adeaac90_0 .net "SBDATI5", 0 0, o00000227ade66958;  0 drivers
o00000227ade66988 .functor BUFZ 1, c4<z>; HiZ drive
v00000227adeaa830_0 .net "SBDATI6", 0 0, o00000227ade66988;  0 drivers
o00000227ade669b8 .functor BUFZ 1, c4<z>; HiZ drive
v00000227adeaa290_0 .net "SBDATI7", 0 0, o00000227ade669b8;  0 drivers
o00000227ade669e8 .functor BUFZ 1, c4<z>; HiZ drive
v00000227adeab5f0_0 .net "SBDATO0", 0 0, o00000227ade669e8;  0 drivers
o00000227ade66a18 .functor BUFZ 1, c4<z>; HiZ drive
v00000227adeab550_0 .net "SBDATO1", 0 0, o00000227ade66a18;  0 drivers
o00000227ade66a48 .functor BUFZ 1, c4<z>; HiZ drive
v00000227adeaaab0_0 .net "SBDATO2", 0 0, o00000227ade66a48;  0 drivers
o00000227ade66a78 .functor BUFZ 1, c4<z>; HiZ drive
v00000227adeaa8d0_0 .net "SBDATO3", 0 0, o00000227ade66a78;  0 drivers
o00000227ade66aa8 .functor BUFZ 1, c4<z>; HiZ drive
v00000227adea9c50_0 .net "SBDATO4", 0 0, o00000227ade66aa8;  0 drivers
o00000227ade66ad8 .functor BUFZ 1, c4<z>; HiZ drive
v00000227adea9cf0_0 .net "SBDATO5", 0 0, o00000227ade66ad8;  0 drivers
o00000227ade66b08 .functor BUFZ 1, c4<z>; HiZ drive
v00000227adea9930_0 .net "SBDATO6", 0 0, o00000227ade66b08;  0 drivers
o00000227ade66b38 .functor BUFZ 1, c4<z>; HiZ drive
v00000227adeaabf0_0 .net "SBDATO7", 0 0, o00000227ade66b38;  0 drivers
o00000227ade66b68 .functor BUFZ 1, c4<z>; HiZ drive
v00000227adea9e30_0 .net "SBRWI", 0 0, o00000227ade66b68;  0 drivers
o00000227ade66b98 .functor BUFZ 1, c4<z>; HiZ drive
v00000227adeaa970_0 .net "SBSTBI", 0 0, o00000227ade66b98;  0 drivers
o00000227ade66bc8 .functor BUFZ 1, c4<z>; HiZ drive
v00000227adea9ed0_0 .net "SCLI", 0 0, o00000227ade66bc8;  0 drivers
o00000227ade66bf8 .functor BUFZ 1, c4<z>; HiZ drive
v00000227adea8fd0_0 .net "SCLO", 0 0, o00000227ade66bf8;  0 drivers
o00000227ade66c28 .functor BUFZ 1, c4<z>; HiZ drive
v00000227adeaaa10_0 .net "SCLOE", 0 0, o00000227ade66c28;  0 drivers
o00000227ade66c58 .functor BUFZ 1, c4<z>; HiZ drive
v00000227adeaad30_0 .net "SDAI", 0 0, o00000227ade66c58;  0 drivers
o00000227ade66c88 .functor BUFZ 1, c4<z>; HiZ drive
v00000227adeaadd0_0 .net "SDAO", 0 0, o00000227ade66c88;  0 drivers
o00000227ade66cb8 .functor BUFZ 1, c4<z>; HiZ drive
v00000227adea9070_0 .net "SDAOE", 0 0, o00000227ade66cb8;  0 drivers
S_00000227ade41f70 .scope module, "SB_IO_I3C" "SB_IO_I3C" 3 2862;
 .timescale -12 -12;
    .port_info 0 /INOUT 1 "PACKAGE_PIN";
    .port_info 1 /INPUT 1 "LATCH_INPUT_VALUE";
    .port_info 2 /INPUT 1 "CLOCK_ENABLE";
    .port_info 3 /INPUT 1 "INPUT_CLK";
    .port_info 4 /INPUT 1 "OUTPUT_CLK";
    .port_info 5 /INPUT 1 "OUTPUT_ENABLE";
    .port_info 6 /INPUT 1 "D_OUT_0";
    .port_info 7 /INPUT 1 "D_OUT_1";
    .port_info 8 /OUTPUT 1 "D_IN_0";
    .port_info 9 /OUTPUT 1 "D_IN_1";
    .port_info 10 /INPUT 1 "PU_ENB";
    .port_info 11 /INPUT 1 "WEAK_PU_ENB";
P_00000227adbc41b0 .param/str "IO_STANDARD" 0 3 2880, "SB_LVCMOS";
P_00000227adbc41e8 .param/l "NEG_TRIGGER" 0 3 2879, C4<0>;
P_00000227adbc4220 .param/l "PIN_TYPE" 0 3 2876, C4<000000>;
P_00000227adbc4258 .param/l "PULLUP" 0 3 2877, C4<0>;
P_00000227adbc4290 .param/l "WEAK_PULLUP" 0 3 2878, C4<0>;
L_00000227adf1bd50 .functor BUFZ 1, v00000227adeab4b0_0, C4<0>, C4<0>, C4<0>;
L_00000227adf1b0a0 .functor BUFZ 1, v00000227adea9430_0, C4<0>, C4<0>, C4<0>;
o00000227ade673a8 .functor BUFZ 1, c4<z>; HiZ drive
v00000227adeaae70_0 .net "CLOCK_ENABLE", 0 0, o00000227ade673a8;  0 drivers
v00000227adeab370_0 .net "D_IN_0", 0 0, L_00000227adf1bd50;  1 drivers
v00000227adeaaf10_0 .net "D_IN_1", 0 0, L_00000227adf1b0a0;  1 drivers
o00000227ade67438 .functor BUFZ 1, c4<z>; HiZ drive
v00000227adeaafb0_0 .net "D_OUT_0", 0 0, o00000227ade67438;  0 drivers
o00000227ade67468 .functor BUFZ 1, c4<z>; HiZ drive
v00000227adeab050_0 .net "D_OUT_1", 0 0, o00000227ade67468;  0 drivers
o00000227ade67498 .functor BUFZ 1, c4<z>; HiZ drive
v00000227adeab0f0_0 .net "INPUT_CLK", 0 0, o00000227ade67498;  0 drivers
o00000227ade674c8 .functor BUFZ 1, c4<z>; HiZ drive
v00000227adea9610_0 .net "LATCH_INPUT_VALUE", 0 0, o00000227ade674c8;  0 drivers
o00000227ade674f8 .functor BUFZ 1, c4<z>; HiZ drive
v00000227adeab690_0 .net "OUTPUT_CLK", 0 0, o00000227ade674f8;  0 drivers
o00000227ade67528 .functor BUFZ 1, c4<z>; HiZ drive
v00000227adeab230_0 .net "OUTPUT_ENABLE", 0 0, o00000227ade67528;  0 drivers
o00000227ade67558 .functor BUFZ 1, c4<z>; HiZ drive
v00000227adeab410_0 .net "PACKAGE_PIN", 0 0, o00000227ade67558;  0 drivers
o00000227ade67588 .functor BUFZ 1, c4<z>; HiZ drive
v00000227adea92f0_0 .net "PU_ENB", 0 0, o00000227ade67588;  0 drivers
o00000227ade675b8 .functor BUFZ 1, c4<z>; HiZ drive
v00000227adea9110_0 .net "WEAK_PU_ENB", 0 0, o00000227ade675b8;  0 drivers
v00000227adeab4b0_0 .var "din_0", 0 0;
v00000227adea9430_0 .var "din_1", 0 0;
v00000227adea9570_0 .var "din_q_0", 0 0;
v00000227adea96b0_0 .var "din_q_1", 0 0;
v00000227adea9750_0 .var "dout", 0 0;
v00000227adeac450_0 .var "dout_q_0", 0 0;
v00000227adeac950_0 .var "dout_q_1", 0 0;
v00000227adeac8b0_0 .var "outclk_delayed_1", 0 0;
v00000227adeabc30_0 .var "outclk_delayed_2", 0 0;
v00000227adeac9f0_0 .var "outena_q", 0 0;
E_00000227ade2fbf0 .event anyedge, v00000227adeabc30_0, v00000227adeac450_0, v00000227adeac950_0;
E_00000227ade2f630 .event anyedge, v00000227adeac8b0_0;
E_00000227ade2fc30 .event anyedge, v00000227adeab690_0;
E_00000227ade30430 .event anyedge, v00000227adea9570_0, v00000227adea96b0_0;
S_00000227ade45fa0 .scope generate, "genblk1" "genblk1" 3 2888, 3 2888 0, S_00000227ade41f70;
 .timescale -12 -12;
E_00000227ade301f0 .event posedge, v00000227adeab690_0;
E_00000227ade2f830 .event negedge, v00000227adeab690_0;
E_00000227ade300b0 .event negedge, v00000227adeab0f0_0;
E_00000227ade303b0 .event posedge, v00000227adeab0f0_0;
S_00000227ade40e40 .scope module, "SB_IO_OD" "SB_IO_OD" 3 2931;
 .timescale -12 -12;
    .port_info 0 /INOUT 1 "PACKAGEPIN";
    .port_info 1 /INPUT 1 "LATCHINPUTVALUE";
    .port_info 2 /INPUT 1 "CLOCKENABLE";
    .port_info 3 /INPUT 1 "INPUTCLK";
    .port_info 4 /INPUT 1 "OUTPUTCLK";
    .port_info 5 /INPUT 1 "OUTPUTENABLE";
    .port_info 6 /INPUT 1 "DOUT1";
    .port_info 7 /INPUT 1 "DOUT0";
    .port_info 8 /OUTPUT 1 "DIN1";
    .port_info 9 /OUTPUT 1 "DIN0";
P_00000227adc67710 .param/l "NEG_TRIGGER" 0 3 2944, C4<0>;
P_00000227adc67748 .param/l "PIN_TYPE" 0 3 2943, C4<000000>;
L_00000227adf1be30 .functor BUFZ 1, v00000227adeabaf0_0, C4<0>, C4<0>, C4<0>;
L_00000227adf1c1b0 .functor BUFZ 1, v00000227adeabd70_0, C4<0>, C4<0>, C4<0>;
o00000227ade67a08 .functor BUFZ 1, c4<z>; HiZ drive
v00000227adeaca90_0 .net "CLOCKENABLE", 0 0, o00000227ade67a08;  0 drivers
v00000227adeac630_0 .net "DIN0", 0 0, L_00000227adf1be30;  1 drivers
v00000227adeac4f0_0 .net "DIN1", 0 0, L_00000227adf1c1b0;  1 drivers
o00000227ade67a98 .functor BUFZ 1, c4<z>; HiZ drive
v00000227adeaba50_0 .net "DOUT0", 0 0, o00000227ade67a98;  0 drivers
o00000227ade67ac8 .functor BUFZ 1, c4<z>; HiZ drive
v00000227adeacc70_0 .net "DOUT1", 0 0, o00000227ade67ac8;  0 drivers
o00000227ade67af8 .functor BUFZ 1, c4<z>; HiZ drive
v00000227adeac590_0 .net "INPUTCLK", 0 0, o00000227ade67af8;  0 drivers
o00000227ade67b28 .functor BUFZ 1, c4<z>; HiZ drive
v00000227adeab910_0 .net "LATCHINPUTVALUE", 0 0, o00000227ade67b28;  0 drivers
o00000227ade67b58 .functor BUFZ 1, c4<z>; HiZ drive
v00000227adeabcd0_0 .net "OUTPUTCLK", 0 0, o00000227ade67b58;  0 drivers
o00000227ade67b88 .functor BUFZ 1, c4<z>; HiZ drive
v00000227adeac6d0_0 .net "OUTPUTENABLE", 0 0, o00000227ade67b88;  0 drivers
o00000227ade67bb8 .functor BUFZ 1, c4<z>; HiZ drive
v00000227adeacb30_0 .net "PACKAGEPIN", 0 0, o00000227ade67bb8;  0 drivers
v00000227adeabaf0_0 .var "din_0", 0 0;
v00000227adeabd70_0 .var "din_1", 0 0;
v00000227adeabb90_0 .var "din_q_0", 0 0;
v00000227adeabe10_0 .var "din_q_1", 0 0;
v00000227adeab870_0 .var "dout", 0 0;
v00000227adeacbd0_0 .var "dout_q_0", 0 0;
v00000227adeabeb0_0 .var "dout_q_1", 0 0;
v00000227adeab9b0_0 .var "outclk_delayed_1", 0 0;
v00000227adeac770_0 .var "outclk_delayed_2", 0 0;
v00000227adeacdb0_0 .var "outena_q", 0 0;
E_00000227ade2f670 .event anyedge, v00000227adeac770_0, v00000227adeacbd0_0, v00000227adeabeb0_0;
E_00000227ade2f8f0 .event anyedge, v00000227adeab9b0_0;
E_00000227ade30130 .event anyedge, v00000227adeabcd0_0;
E_00000227ade2feb0 .event anyedge, v00000227adeabb90_0, v00000227adeabe10_0;
S_00000227ade45960 .scope generate, "genblk1" "genblk1" 3 2952, 3 2952 0, S_00000227ade40e40;
 .timescale -12 -12;
E_00000227ade30270 .event posedge, v00000227adeabcd0_0;
E_00000227ade30170 .event negedge, v00000227adeabcd0_0;
E_00000227ade2fd30 .event negedge, v00000227adeac590_0;
E_00000227ade2fc70 .event posedge, v00000227adeac590_0;
S_00000227ade412f0 .scope module, "SB_LEDDA_IP" "SB_LEDDA_IP" 3 2830;
 .timescale -12 -12;
    .port_info 0 /INPUT 1 "LEDDCS";
    .port_info 1 /INPUT 1 "LEDDCLK";
    .port_info 2 /INPUT 1 "LEDDDAT7";
    .port_info 3 /INPUT 1 "LEDDDAT6";
    .port_info 4 /INPUT 1 "LEDDDAT5";
    .port_info 5 /INPUT 1 "LEDDDAT4";
    .port_info 6 /INPUT 1 "LEDDDAT3";
    .port_info 7 /INPUT 1 "LEDDDAT2";
    .port_info 8 /INPUT 1 "LEDDDAT1";
    .port_info 9 /INPUT 1 "LEDDDAT0";
    .port_info 10 /INPUT 1 "LEDDADDR3";
    .port_info 11 /INPUT 1 "LEDDADDR2";
    .port_info 12 /INPUT 1 "LEDDADDR1";
    .port_info 13 /INPUT 1 "LEDDADDR0";
    .port_info 14 /INPUT 1 "LEDDDEN";
    .port_info 15 /INPUT 1 "LEDDEXE";
    .port_info 16 /INPUT 1 "LEDDRST";
    .port_info 17 /OUTPUT 1 "PWMOUT0";
    .port_info 18 /OUTPUT 1 "PWMOUT1";
    .port_info 19 /OUTPUT 1 "PWMOUT2";
    .port_info 20 /OUTPUT 1 "LEDDON";
o00000227ade67fa8 .functor BUFZ 1, c4<z>; HiZ drive
v00000227adeabf50_0 .net "LEDDADDR0", 0 0, o00000227ade67fa8;  0 drivers
o00000227ade67fd8 .functor BUFZ 1, c4<z>; HiZ drive
v00000227adeacd10_0 .net "LEDDADDR1", 0 0, o00000227ade67fd8;  0 drivers
o00000227ade68008 .functor BUFZ 1, c4<z>; HiZ drive
v00000227adeac810_0 .net "LEDDADDR2", 0 0, o00000227ade68008;  0 drivers
o00000227ade68038 .functor BUFZ 1, c4<z>; HiZ drive
v00000227adeace50_0 .net "LEDDADDR3", 0 0, o00000227ade68038;  0 drivers
o00000227ade68068 .functor BUFZ 1, c4<z>; HiZ drive
v00000227adeab7d0_0 .net "LEDDCLK", 0 0, o00000227ade68068;  0 drivers
o00000227ade68098 .functor BUFZ 1, c4<z>; HiZ drive
v00000227adeabff0_0 .net "LEDDCS", 0 0, o00000227ade68098;  0 drivers
o00000227ade680c8 .functor BUFZ 1, c4<z>; HiZ drive
v00000227adeac090_0 .net "LEDDDAT0", 0 0, o00000227ade680c8;  0 drivers
o00000227ade680f8 .functor BUFZ 1, c4<z>; HiZ drive
v00000227adeac130_0 .net "LEDDDAT1", 0 0, o00000227ade680f8;  0 drivers
o00000227ade68128 .functor BUFZ 1, c4<z>; HiZ drive
v00000227adeac1d0_0 .net "LEDDDAT2", 0 0, o00000227ade68128;  0 drivers
o00000227ade68158 .functor BUFZ 1, c4<z>; HiZ drive
v00000227adeac270_0 .net "LEDDDAT3", 0 0, o00000227ade68158;  0 drivers
o00000227ade68188 .functor BUFZ 1, c4<z>; HiZ drive
v00000227adeac310_0 .net "LEDDDAT4", 0 0, o00000227ade68188;  0 drivers
o00000227ade681b8 .functor BUFZ 1, c4<z>; HiZ drive
v00000227adeac3b0_0 .net "LEDDDAT5", 0 0, o00000227ade681b8;  0 drivers
o00000227ade681e8 .functor BUFZ 1, c4<z>; HiZ drive
v00000227adeafbd0_0 .net "LEDDDAT6", 0 0, o00000227ade681e8;  0 drivers
o00000227ade68218 .functor BUFZ 1, c4<z>; HiZ drive
v00000227adeaf770_0 .net "LEDDDAT7", 0 0, o00000227ade68218;  0 drivers
o00000227ade68248 .functor BUFZ 1, c4<z>; HiZ drive
v00000227adeae410_0 .net "LEDDDEN", 0 0, o00000227ade68248;  0 drivers
o00000227ade68278 .functor BUFZ 1, c4<z>; HiZ drive
v00000227adeaf810_0 .net "LEDDEXE", 0 0, o00000227ade68278;  0 drivers
o00000227ade682a8 .functor BUFZ 1, c4<z>; HiZ drive
v00000227adeaeaf0_0 .net "LEDDON", 0 0, o00000227ade682a8;  0 drivers
o00000227ade682d8 .functor BUFZ 1, c4<z>; HiZ drive
v00000227adead6f0_0 .net "LEDDRST", 0 0, o00000227ade682d8;  0 drivers
o00000227ade68308 .functor BUFZ 1, c4<z>; HiZ drive
v00000227adeadb50_0 .net "PWMOUT0", 0 0, o00000227ade68308;  0 drivers
o00000227ade68338 .functor BUFZ 1, c4<z>; HiZ drive
v00000227adeaddd0_0 .net "PWMOUT1", 0 0, o00000227ade68338;  0 drivers
o00000227ade68368 .functor BUFZ 1, c4<z>; HiZ drive
v00000227adeaf270_0 .net "PWMOUT2", 0 0, o00000227ade68368;  0 drivers
S_00000227ade41480 .scope module, "SB_LED_DRV_CUR" "SB_LED_DRV_CUR" 3 2709;
 .timescale -12 -12;
    .port_info 0 /INPUT 1 "EN";
    .port_info 1 /OUTPUT 1 "LEDPU";
o00000227ade68788 .functor BUFZ 1, c4<z>; HiZ drive
v00000227adead970_0 .net "EN", 0 0, o00000227ade68788;  0 drivers
o00000227ade687b8 .functor BUFZ 1, c4<z>; HiZ drive
v00000227adeae910_0 .net "LEDPU", 0 0, o00000227ade687b8;  0 drivers
S_00000227ade404e0 .scope module, "SB_LFOSC" "SB_LFOSC" 3 2684;
 .timescale -12 -12;
    .port_info 0 /INPUT 1 "CLKLFPU";
    .port_info 1 /INPUT 1 "CLKLFEN";
    .port_info 2 /OUTPUT 1 "CLKLF";
o00000227ade68848 .functor BUFZ 1, c4<z>; HiZ drive
v00000227adead790_0 .net "CLKLF", 0 0, o00000227ade68848;  0 drivers
o00000227ade68878 .functor BUFZ 1, c4<z>; HiZ drive
v00000227adeaf130_0 .net "CLKLFEN", 0 0, o00000227ade68878;  0 drivers
o00000227ade688a8 .functor BUFZ 1, c4<z>; HiZ drive
v00000227adeae4b0_0 .net "CLKLFPU", 0 0, o00000227ade688a8;  0 drivers
S_00000227ade41930 .scope module, "SB_LUT4" "SB_LUT4" 3 177;
 .timescale -12 -12;
    .port_info 0 /OUTPUT 1 "O";
    .port_info 1 /INPUT 1 "I0";
    .port_info 2 /INPUT 1 "I1";
    .port_info 3 /INPUT 1 "I2";
    .port_info 4 /INPUT 1 "I3";
P_00000227ade30330 .param/l "LUT_INIT" 0 3 184, C4<0000000000000000>;
o00000227ade68968 .functor BUFZ 1, c4<z>; HiZ drive
v00000227adeae7d0_0 .net "I0", 0 0, o00000227ade68968;  0 drivers
o00000227ade68998 .functor BUFZ 1, c4<z>; HiZ drive
v00000227adeade70_0 .net "I1", 0 0, o00000227ade68998;  0 drivers
o00000227ade689c8 .functor BUFZ 1, c4<z>; HiZ drive
v00000227adeaeff0_0 .net "I2", 0 0, o00000227ade689c8;  0 drivers
o00000227ade689f8 .functor BUFZ 1, c4<z>; HiZ drive
v00000227adeae870_0 .net "I3", 0 0, o00000227ade689f8;  0 drivers
v00000227adeaf590_0 .net "O", 0 0, L_00000227adf2dd90;  1 drivers
L_00000227aded2f90 .functor BUFT 1, C4<00000000>, C4<0>, C4<0>, C4<0>;
v00000227adeadd30_0 .net/2u *"_ivl_0", 7 0, L_00000227aded2f90;  1 drivers
v00000227adeaee10_0 .net *"_ivl_13", 1 0, L_00000227adf2d610;  1 drivers
v00000227adeae550_0 .net *"_ivl_15", 1 0, L_00000227adf2da70;  1 drivers
v00000227adeaeb90_0 .net *"_ivl_19", 0 0, L_00000227adf2db10;  1 drivers
L_00000227aded2fd8 .functor BUFT 1, C4<00000000>, C4<0>, C4<0>, C4<0>;
v00000227adeae5f0_0 .net/2u *"_ivl_2", 7 0, L_00000227aded2fd8;  1 drivers
v00000227adeaf1d0_0 .net *"_ivl_21", 0 0, L_00000227adf2e290;  1 drivers
v00000227adeaecd0_0 .net *"_ivl_7", 3 0, L_00000227adf2ef10;  1 drivers
v00000227adeadfb0_0 .net *"_ivl_9", 3 0, L_00000227adf2de30;  1 drivers
v00000227adeaf310_0 .net "s1", 1 0, L_00000227adf2f7d0;  1 drivers
v00000227adead830_0 .net "s2", 3 0, L_00000227adf2d430;  1 drivers
v00000227adeaeeb0_0 .net "s3", 7 0, L_00000227adf2e970;  1 drivers
L_00000227adf2e970 .functor MUXZ 8, L_00000227aded2fd8, L_00000227aded2f90, o00000227ade689f8, C4<>;
L_00000227adf2ef10 .part L_00000227adf2e970, 4, 4;
L_00000227adf2de30 .part L_00000227adf2e970, 0, 4;
L_00000227adf2d430 .functor MUXZ 4, L_00000227adf2de30, L_00000227adf2ef10, o00000227ade689c8, C4<>;
L_00000227adf2d610 .part L_00000227adf2d430, 2, 2;
L_00000227adf2da70 .part L_00000227adf2d430, 0, 2;
L_00000227adf2f7d0 .functor MUXZ 2, L_00000227adf2da70, L_00000227adf2d610, o00000227ade68998, C4<>;
L_00000227adf2db10 .part L_00000227adf2f7d0, 1, 1;
L_00000227adf2e290 .part L_00000227adf2f7d0, 0, 1;
L_00000227adf2dd90 .functor MUXZ 1, L_00000227adf2e290, L_00000227adf2db10, o00000227ade68968, C4<>;
S_00000227ade40fd0 .scope module, "SB_MAC16" "SB_MAC16" 3 2996;
 .timescale -12 -12;
    .port_info 0 /INPUT 1 "CLK";
    .port_info 1 /INPUT 1 "CE";
    .port_info 2 /INPUT 16 "C";
    .port_info 3 /INPUT 16 "A";
    .port_info 4 /INPUT 16 "B";
    .port_info 5 /INPUT 16 "D";
    .port_info 6 /INPUT 1 "AHOLD";
    .port_info 7 /INPUT 1 "BHOLD";
    .port_info 8 /INPUT 1 "CHOLD";
    .port_info 9 /INPUT 1 "DHOLD";
    .port_info 10 /INPUT 1 "IRSTTOP";
    .port_info 11 /INPUT 1 "IRSTBOT";
    .port_info 12 /INPUT 1 "ORSTTOP";
    .port_info 13 /INPUT 1 "ORSTBOT";
    .port_info 14 /INPUT 1 "OLOADTOP";
    .port_info 15 /INPUT 1 "OLOADBOT";
    .port_info 16 /INPUT 1 "ADDSUBTOP";
    .port_info 17 /INPUT 1 "ADDSUBBOT";
    .port_info 18 /INPUT 1 "OHOLDTOP";
    .port_info 19 /INPUT 1 "OHOLDBOT";
    .port_info 20 /INPUT 1 "CI";
    .port_info 21 /INPUT 1 "ACCUMCI";
    .port_info 22 /INPUT 1 "SIGNEXTIN";
    .port_info 23 /OUTPUT 32 "O";
    .port_info 24 /OUTPUT 1 "CO";
    .port_info 25 /OUTPUT 1 "ACCUMCO";
    .port_info 26 /OUTPUT 1 "SIGNEXTOUT";
P_00000227adbcb060 .param/l "A_REG" 0 3 3011, C4<0>;
P_00000227adbcb098 .param/l "A_SIGNED" 0 3 3027, C4<0>;
P_00000227adbcb0d0 .param/l "BOTADDSUB_CARRYSELECT" 0 3 3025, C4<00>;
P_00000227adbcb108 .param/l "BOTADDSUB_LOWERINPUT" 0 3 3023, C4<00>;
P_00000227adbcb140 .param/l "BOTADDSUB_UPPERINPUT" 0 3 3024, C4<0>;
P_00000227adbcb178 .param/l "BOTOUTPUT_SELECT" 0 3 3022, C4<00>;
P_00000227adbcb1b0 .param/l "BOT_8x8_MULT_REG" 0 3 3015, C4<0>;
P_00000227adbcb1e8 .param/l "B_REG" 0 3 3012, C4<0>;
P_00000227adbcb220 .param/l "B_SIGNED" 0 3 3028, C4<0>;
P_00000227adbcb258 .param/l "C_REG" 0 3 3010, C4<0>;
P_00000227adbcb290 .param/l "D_REG" 0 3 3013, C4<0>;
P_00000227adbcb2c8 .param/l "MODE_8x8" 0 3 3026, C4<0>;
P_00000227adbcb300 .param/l "NEG_TRIGGER" 0 3 3009, C4<0>;
P_00000227adbcb338 .param/l "PIPELINE_16x16_MULT_REG1" 0 3 3016, C4<0>;
P_00000227adbcb370 .param/l "PIPELINE_16x16_MULT_REG2" 0 3 3017, C4<0>;
P_00000227adbcb3a8 .param/l "TOPADDSUB_CARRYSELECT" 0 3 3021, C4<00>;
P_00000227adbcb3e0 .param/l "TOPADDSUB_LOWERINPUT" 0 3 3019, C4<00>;
P_00000227adbcb418 .param/l "TOPADDSUB_UPPERINPUT" 0 3 3020, C4<0>;
P_00000227adbcb450 .param/l "TOPOUTPUT_SELECT" 0 3 3018, C4<00>;
P_00000227adbcb488 .param/l "TOP_8x8_MULT_REG" 0 3 3014, C4<0>;
o00000227ade69058 .functor BUFZ 1, c4<z>; HiZ drive
L_00000227aded3020 .functor BUFT 1, C4<0>, C4<0>, C4<0>, C4<0>;
L_00000227adf1ae70 .functor XOR 1, o00000227ade69058, L_00000227aded3020, C4<0>, C4<0>;
o00000227ade68f98 .functor BUFZ 16, c4<zzzzzzzzzzzzzzzz>; HiZ drive
L_00000227adf1bc70 .functor BUFZ 16, o00000227ade68f98, C4<0000000000000000>, C4<0000000000000000>, C4<0000000000000000>;
o00000227ade68d58 .functor BUFZ 16, c4<zzzzzzzzzzzzzzzz>; HiZ drive
L_00000227adf1c4c0 .functor BUFZ 16, o00000227ade68d58, C4<0000000000000000>, C4<0000000000000000>, C4<0000000000000000>;
o00000227ade68ed8 .functor BUFZ 16, c4<zzzzzzzzzzzzzzzz>; HiZ drive
L_00000227adf1c140 .functor BUFZ 16, o00000227ade68ed8, C4<0000000000000000>, C4<0000000000000000>, C4<0000000000000000>;
o00000227ade690b8 .functor BUFZ 16, c4<zzzzzzzzzzzzzzzz>; HiZ drive
L_00000227adf1b9d0 .functor BUFZ 16, o00000227ade690b8, C4<0000000000000000>, C4<0000000000000000>, C4<0000000000000000>;
L_00000227adf1c220 .functor BUFZ 16, L_00000227adf2dc50, C4<0000000000000000>, C4<0000000000000000>, C4<0000000000000000>;
L_00000227adf1bea0 .functor BUFZ 16, L_00000227adf2ebf0, C4<0000000000000000>, C4<0000000000000000>, C4<0000000000000000>;
L_00000227adf1bf80 .functor BUFZ 16, L_00000227adf2f230, C4<0000000000000000>, C4<0000000000000000>, C4<0000000000000000>;
L_00000227adf1c300 .functor BUFZ 16, L_00000227adf2df70, C4<0000000000000000>, C4<0000000000000000>, C4<0000000000000000>;
L_00000227adf1b5e0 .functor BUFZ 32, L_00000227adf2e650, C4<00000000000000000000000000000000>, C4<00000000000000000000000000000000>, C4<00000000000000000000000000000000>;
L_00000227adf1b810 .functor BUFZ 16, v00000227adeb6ac0_0, C4<0000000000000000>, C4<0000000000000000>, C4<0000000000000000>;
L_00000227adf1b110 .functor BUFZ 16, L_00000227adf1c4c0, C4<0000000000000000>, C4<0000000000000000>, C4<0000000000000000>;
L_00000227adf1b180 .functor XOR 17, L_00000227adf30950, L_00000227adf2fa50, C4<00000000000000000>, C4<00000000000000000>;
o00000227ade68e18 .functor BUFZ 1, c4<z>; HiZ drive
L_00000227adf1bf10 .functor XOR 1, L_00000227adf2e790, o00000227ade68e18, C4<0>, C4<0>;
L_00000227adf1c680 .functor XOR 16, L_00000227adf30db0, L_00000227adf31350, C4<0000000000000000>, C4<0000000000000000>;
L_00000227adf1bb90 .functor BUFZ 16, L_00000227adf31e90, C4<0000000000000000>, C4<0000000000000000>, C4<0000000000000000>;
L_00000227adf1bff0 .functor BUFZ 16, v00000227adeb8d20_0, C4<0000000000000000>, C4<0000000000000000>, C4<0000000000000000>;
L_00000227adf1c6f0 .functor BUFZ 16, L_00000227adf1c140, C4<0000000000000000>, C4<0000000000000000>, C4<0000000000000000>;
L_00000227adf1bce0 .functor XOR 17, L_00000227adf312b0, L_00000227adf309f0, C4<00000000000000000>, C4<00000000000000000>;
L_00000227adf1c0d0 .functor XOR 16, L_00000227adf31df0, L_00000227adf31f30, C4<0000000000000000>, C4<0000000000000000>;
L_00000227adf1b960 .functor BUFZ 16, L_00000227adf30130, C4<0000000000000000>, C4<0000000000000000>, C4<0000000000000000>;
v00000227adeae9b0_0 .net "A", 15 0, o00000227ade68d58;  0 drivers
o00000227ade68d88 .functor BUFZ 1, c4<z>; HiZ drive
v00000227adeae050_0 .net "ACCUMCI", 0 0, o00000227ade68d88;  0 drivers
v00000227adead8d0_0 .net "ACCUMCO", 0 0, L_00000227adf2e790;  1 drivers
o00000227ade68de8 .functor BUFZ 1, c4<z>; HiZ drive
v00000227adeae190_0 .net "ADDSUBBOT", 0 0, o00000227ade68de8;  0 drivers
v00000227adeae0f0_0 .net "ADDSUBTOP", 0 0, o00000227ade68e18;  0 drivers
o00000227ade68e48 .functor BUFZ 1, c4<z>; HiZ drive
v00000227adeaea50_0 .net "AHOLD", 0 0, o00000227ade68e48;  0 drivers
v00000227adeada10_0 .net "Ah", 15 0, L_00000227adf2f2d0;  1 drivers
v00000227adeaec30_0 .net "Al", 15 0, L_00000227adf2eb50;  1 drivers
v00000227adeae730_0 .net "B", 15 0, o00000227ade68ed8;  0 drivers
o00000227ade68f08 .functor BUFZ 1, c4<z>; HiZ drive
v00000227adeaf630_0 .net "BHOLD", 0 0, o00000227ade68f08;  0 drivers
v00000227adeaf450_0 .net "Bh", 15 0, L_00000227adf2dcf0;  1 drivers
v00000227adeae230_0 .net "Bl", 15 0, L_00000227adf2f0f0;  1 drivers
v00000227adeaed70_0 .net "C", 15 0, o00000227ade68f98;  0 drivers
o00000227ade68fc8 .functor BUFZ 1, c4<z>; HiZ drive
v00000227adeaef50_0 .net "CE", 0 0, o00000227ade68fc8;  0 drivers
o00000227ade68ff8 .functor BUFZ 1, c4<z>; HiZ drive
v00000227adeae690_0 .net "CHOLD", 0 0, o00000227ade68ff8;  0 drivers
o00000227ade69028 .functor BUFZ 1, c4<z>; HiZ drive
v00000227adeaf090_0 .net "CI", 0 0, o00000227ade69028;  0 drivers
v00000227adeadf10_0 .net "CLK", 0 0, o00000227ade69058;  0 drivers
v00000227adeadbf0_0 .net "CO", 0 0, L_00000227adf1bf10;  1 drivers
v00000227adeafa90_0 .net "D", 15 0, o00000227ade690b8;  0 drivers
o00000227ade690e8 .functor BUFZ 1, c4<z>; HiZ drive
v00000227adeadab0_0 .net "DHOLD", 0 0, o00000227ade690e8;  0 drivers
L_00000227aded3578 .functor BUFT 1, C4<0>, C4<0>, C4<0>, C4<0>;
v00000227adeaf3b0_0 .net "HCI", 0 0, L_00000227aded3578;  1 drivers
o00000227ade69148 .functor BUFZ 1, c4<z>; HiZ drive
v00000227adeadc90_0 .net "IRSTBOT", 0 0, o00000227ade69148;  0 drivers
o00000227ade69178 .functor BUFZ 1, c4<z>; HiZ drive
v00000227adeafb30_0 .net "IRSTTOP", 0 0, o00000227ade69178;  0 drivers
L_00000227aded3698 .functor BUFT 1, C4<0>, C4<0>, C4<0>, C4<0>;
v00000227adeae2d0_0 .net "LCI", 0 0, L_00000227aded3698;  1 drivers
v00000227adeae370_0 .net "LCO", 0 0, L_00000227adf31fd0;  1 drivers
v00000227adeaf4f0_0 .net "O", 31 0, L_00000227adf30450;  1 drivers
o00000227ade69238 .functor BUFZ 1, c4<z>; HiZ drive
v00000227adeaf6d0_0 .net "OHOLDBOT", 0 0, o00000227ade69238;  0 drivers
o00000227ade69268 .functor BUFZ 1, c4<z>; HiZ drive
v00000227adeaf8b0_0 .net "OHOLDTOP", 0 0, o00000227ade69268;  0 drivers
o00000227ade69298 .functor BUFZ 1, c4<z>; HiZ drive
v00000227adeaf950_0 .net "OLOADBOT", 0 0, o00000227ade69298;  0 drivers
o00000227ade692c8 .functor BUFZ 1, c4<z>; HiZ drive
v00000227adeaf9f0_0 .net "OLOADTOP", 0 0, o00000227ade692c8;  0 drivers
o00000227ade692f8 .functor BUFZ 1, c4<z>; HiZ drive
v00000227adeafc70_0 .net "ORSTBOT", 0 0, o00000227ade692f8;  0 drivers
o00000227ade69328 .functor BUFZ 1, c4<z>; HiZ drive
v00000227adead510_0 .net "ORSTTOP", 0 0, o00000227ade69328;  0 drivers
v00000227adead5b0_0 .net "Oh", 15 0, L_00000227adf1bb90;  1 drivers
v00000227adead650_0 .net "Ol", 15 0, L_00000227adf1b960;  1 drivers
o00000227ade693b8 .functor BUFZ 1, c4<z>; HiZ drive
v00000227adeb0fd0_0 .net "SIGNEXTIN", 0 0, o00000227ade693b8;  0 drivers
v00000227adeb1070_0 .net "SIGNEXTOUT", 0 0, L_00000227adf2faf0;  1 drivers
v00000227adeb1110_0 .net "XW", 15 0, L_00000227adf30db0;  1 drivers
v00000227adeb0df0_0 .net "YZ", 15 0, L_00000227adf31df0;  1 drivers
v00000227adeb07b0_0 .net/2u *"_ivl_0", 0 0, L_00000227aded3020;  1 drivers
v00000227adeb11b0_0 .net *"_ivl_100", 31 0, L_00000227adf2e330;  1 drivers
L_00000227aded3410 .functor BUFT 1, C4<0000000000000000>, C4<0>, C4<0>, C4<0>;
v00000227adeb0ad0_0 .net *"_ivl_103", 15 0, L_00000227aded3410;  1 drivers
v00000227adeb0cb0_0 .net *"_ivl_104", 31 0, L_00000227adf2e470;  1 drivers
v00000227adeb0350_0 .net *"_ivl_106", 15 0, L_00000227adf2e3d0;  1 drivers
L_00000227aded3458 .functor BUFT 1, C4<0000000000000000>, C4<0>, C4<0>, C4<0>;
v00000227adeb0990_0 .net *"_ivl_108", 15 0, L_00000227aded3458;  1 drivers
L_00000227aded3068 .functor BUFT 1, C4<00000000>, C4<0>, C4<0>, C4<0>;
v00000227adeb0490_0 .net/2u *"_ivl_12", 7 0, L_00000227aded3068;  1 drivers
v00000227adeb0d50_0 .net *"_ivl_121", 16 0, L_00000227adf30bd0;  1 drivers
L_00000227aded34a0 .functor BUFT 1, C4<0>, C4<0>, C4<0>, C4<0>;
v00000227adeb0850_0 .net *"_ivl_124", 0 0, L_00000227aded34a0;  1 drivers
v00000227adeb1250_0 .net *"_ivl_125", 16 0, L_00000227adf30950;  1 drivers
L_00000227aded34e8 .functor BUFT 1, C4<0>, C4<0>, C4<0>, C4<0>;
v00000227adeb08f0_0 .net *"_ivl_128", 0 0, L_00000227aded34e8;  1 drivers
v00000227adeb0670_0 .net *"_ivl_130", 15 0, L_00000227adf31170;  1 drivers
v00000227adeb0e90_0 .net *"_ivl_131", 16 0, L_00000227adf2fa50;  1 drivers
L_00000227aded3530 .functor BUFT 1, C4<0>, C4<0>, C4<0>, C4<0>;
v00000227adeb0530_0 .net *"_ivl_134", 0 0, L_00000227aded3530;  1 drivers
v00000227adeb0b70_0 .net *"_ivl_135", 16 0, L_00000227adf1b180;  1 drivers
v00000227adeb0f30_0 .net *"_ivl_137", 16 0, L_00000227adf303b0;  1 drivers
L_00000227aded3848 .functor BUFT 1, C4<00000000000000000>, C4<0>, C4<0>, C4<0>;
v00000227adeb03f0_0 .net *"_ivl_139", 16 0, L_00000227aded3848;  1 drivers
v00000227adeb0a30_0 .net *"_ivl_143", 16 0, L_00000227adf2fff0;  1 drivers
v00000227adeb0c10_0 .net *"_ivl_148", 15 0, L_00000227adf31350;  1 drivers
v00000227adeb1390_0 .net *"_ivl_149", 15 0, L_00000227adf1c680;  1 drivers
v00000227adeb0210_0 .net *"_ivl_15", 7 0, L_00000227adf2f370;  1 drivers
v00000227adeb05d0_0 .net *"_ivl_168", 16 0, L_00000227adf31210;  1 drivers
L_00000227aded35c0 .functor BUFT 1, C4<0>, C4<0>, C4<0>, C4<0>;
v00000227adeafd10_0 .net *"_ivl_171", 0 0, L_00000227aded35c0;  1 drivers
v00000227adeaff90_0 .net *"_ivl_172", 16 0, L_00000227adf312b0;  1 drivers
L_00000227aded3608 .functor BUFT 1, C4<0>, C4<0>, C4<0>, C4<0>;
v00000227adeb0710_0 .net *"_ivl_175", 0 0, L_00000227aded3608;  1 drivers
v00000227adeb12f0_0 .net *"_ivl_177", 15 0, L_00000227adf308b0;  1 drivers
v00000227adeafdb0_0 .net *"_ivl_178", 16 0, L_00000227adf309f0;  1 drivers
L_00000227aded30b0 .functor BUFT 1, C4<00000000>, C4<0>, C4<0>, C4<0>;
v00000227adeafe50_0 .net/2u *"_ivl_18", 7 0, L_00000227aded30b0;  1 drivers
L_00000227aded3650 .functor BUFT 1, C4<0>, C4<0>, C4<0>, C4<0>;
v00000227adeafef0_0 .net *"_ivl_181", 0 0, L_00000227aded3650;  1 drivers
v00000227adeb0030_0 .net *"_ivl_182", 16 0, L_00000227adf1bce0;  1 drivers
v00000227adeb00d0_0 .net *"_ivl_184", 16 0, L_00000227adf2fb90;  1 drivers
L_00000227aded3890 .functor BUFT 1, C4<00000000000000000>, C4<0>, C4<0>, C4<0>;
v00000227adeb02b0_0 .net *"_ivl_186", 16 0, L_00000227aded3890;  1 drivers
v00000227adeb0170_0 .net *"_ivl_190", 16 0, L_00000227adf2f870;  1 drivers
v00000227adeb6ca0_0 .net *"_ivl_193", 15 0, L_00000227adf31f30;  1 drivers
v00000227adeb8c80_0 .net *"_ivl_194", 15 0, L_00000227adf1c0d0;  1 drivers
v00000227adeb7600_0 .net *"_ivl_21", 7 0, L_00000227adf2f410;  1 drivers
L_00000227aded30f8 .functor BUFT 1, C4<00000000>, C4<0>, C4<0>, C4<0>;
v00000227adeb77e0_0 .net/2u *"_ivl_24", 7 0, L_00000227aded30f8;  1 drivers
v00000227adeb7d80_0 .net *"_ivl_27", 7 0, L_00000227adf2d570;  1 drivers
L_00000227aded3140 .functor BUFT 1, C4<00000000>, C4<0>, C4<0>, C4<0>;
v00000227adeb65c0_0 .net/2u *"_ivl_30", 7 0, L_00000227aded3140;  1 drivers
v00000227adeb6660_0 .net *"_ivl_33", 7 0, L_00000227adf2d1b0;  1 drivers
L_00000227aded3188 .functor BUFT 1, C4<00000000>, C4<0>, C4<0>, C4<0>;
v00000227adeb8b40_0 .net/2u *"_ivl_38", 7 0, L_00000227aded3188;  1 drivers
v00000227adeb8820_0 .net *"_ivl_41", 7 0, L_00000227adf2dbb0;  1 drivers
v00000227adeb6d40_0 .net *"_ivl_42", 15 0, L_00000227adf2edd0;  1 drivers
L_00000227aded31d0 .functor BUFT 1, C4<00000000>, C4<0>, C4<0>, C4<0>;
v00000227adeb7420_0 .net/2u *"_ivl_46", 7 0, L_00000227aded31d0;  1 drivers
v00000227adeb8be0_0 .net *"_ivl_49", 7 0, L_00000227adf2f190;  1 drivers
v00000227adeb67a0_0 .net *"_ivl_50", 15 0, L_00000227adf2ded0;  1 drivers
L_00000227aded3218 .functor BUFT 1, C4<00000000>, C4<0>, C4<0>, C4<0>;
v00000227adeb6b60_0 .net/2u *"_ivl_64", 7 0, L_00000227aded3218;  1 drivers
L_00000227aded3260 .functor BUFT 1, C4<00000000>, C4<0>, C4<0>, C4<0>;
v00000227adeb76a0_0 .net/2u *"_ivl_68", 7 0, L_00000227aded3260;  1 drivers
v00000227adeb6c00_0 .net *"_ivl_72", 31 0, L_00000227adf2e010;  1 drivers
L_00000227aded32a8 .functor BUFT 1, C4<0000000000000000>, C4<0>, C4<0>, C4<0>;
v00000227adeb8500_0 .net *"_ivl_75", 15 0, L_00000227aded32a8;  1 drivers
v00000227adeb6fc0_0 .net *"_ivl_76", 31 0, L_00000227adf2ec90;  1 drivers
L_00000227aded32f0 .functor BUFT 1, C4<00000000>, C4<0>, C4<0>, C4<0>;
v00000227adeb8460_0 .net *"_ivl_79", 7 0, L_00000227aded32f0;  1 drivers
v00000227adeb6de0_0 .net *"_ivl_80", 31 0, L_00000227adf2f550;  1 drivers
v00000227adeb6840_0 .net *"_ivl_82", 23 0, L_00000227adf2d7f0;  1 drivers
L_00000227aded3338 .functor BUFT 1, C4<00000000>, C4<0>, C4<0>, C4<0>;
v00000227adeb7060_0 .net *"_ivl_84", 7 0, L_00000227aded3338;  1 drivers
v00000227adeb7740_0 .net *"_ivl_86", 31 0, L_00000227adf2f690;  1 drivers
v00000227adeb83c0_0 .net *"_ivl_88", 31 0, L_00000227adf2f730;  1 drivers
L_00000227aded3380 .functor BUFT 1, C4<00000000>, C4<0>, C4<0>, C4<0>;
v00000227adeb6700_0 .net *"_ivl_91", 7 0, L_00000227aded3380;  1 drivers
v00000227adeb85a0_0 .net *"_ivl_92", 31 0, L_00000227adf2e0b0;  1 drivers
v00000227adeb7880_0 .net *"_ivl_94", 23 0, L_00000227adf2d890;  1 drivers
L_00000227aded33c8 .functor BUFT 1, C4<00000000>, C4<0>, C4<0>, C4<0>;
v00000227adeb80a0_0 .net *"_ivl_96", 7 0, L_00000227aded33c8;  1 drivers
v00000227adeb8140_0 .net *"_ivl_98", 31 0, L_00000227adf2e150;  1 drivers
v00000227adeb7ba0_0 .net "clock", 0 0, L_00000227adf1ae70;  1 drivers
v00000227adeb7920_0 .net "iA", 15 0, L_00000227adf1c4c0;  1 drivers
v00000227adeb6e80_0 .net "iB", 15 0, L_00000227adf1c140;  1 drivers
v00000227adeb8000_0 .net "iC", 15 0, L_00000227adf1bc70;  1 drivers
v00000227adeb79c0_0 .net "iD", 15 0, L_00000227adf1b9d0;  1 drivers
v00000227adeb6f20_0 .net "iF", 15 0, L_00000227adf1c220;  1 drivers
v00000227adeb7380_0 .net "iG", 15 0, L_00000227adf1c300;  1 drivers
v00000227adeb71a0_0 .net "iH", 31 0, L_00000227adf1b5e0;  1 drivers
v00000227adeb7100_0 .net "iJ", 15 0, L_00000227adf1bea0;  1 drivers
v00000227adeb6520_0 .net "iJ_e", 23 0, L_00000227adf2ee70;  1 drivers
v00000227adeb74c0_0 .net "iK", 15 0, L_00000227adf1bf80;  1 drivers
v00000227adeb81e0_0 .net "iK_e", 23 0, L_00000227adf2e5b0;  1 drivers
v00000227adeb7ce0_0 .net "iL", 31 0, L_00000227adf2e650;  1 drivers
v00000227adeb7240_0 .net "iP", 15 0, L_00000227adf31e90;  1 drivers
v00000227adeb8320_0 .net "iQ", 15 0, v00000227adeb6ac0_0;  1 drivers
v00000227adeb68e0_0 .net "iR", 15 0, L_00000227adf30130;  1 drivers
v00000227adeb7ec0_0 .net "iS", 15 0, v00000227adeb8d20_0;  1 drivers
v00000227adeb7e20_0 .net "iW", 15 0, L_00000227adf1b810;  1 drivers
v00000227adeb6980_0 .net "iX", 15 0, L_00000227adf1b110;  1 drivers
v00000227adeb7f60_0 .net "iY", 15 0, L_00000227adf1bff0;  1 drivers
v00000227adeb72e0_0 .net "iZ", 15 0, L_00000227adf1c6f0;  1 drivers
v00000227adeb6a20_0 .net "p_Ah_Bh", 15 0, L_00000227adf2dc50;  1 drivers
v00000227adeb7560_0 .net "p_Ah_Bl", 15 0, L_00000227adf2f230;  1 drivers
v00000227adeb8aa0_0 .net "p_Al_Bh", 15 0, L_00000227adf2ebf0;  1 drivers
v00000227adeb7a60_0 .net "p_Al_Bl", 15 0, L_00000227adf2df70;  1 drivers
v00000227adeb8280_0 .var "rA", 15 0;
v00000227adeb7b00_0 .var "rB", 15 0;
v00000227adeb7c40_0 .var "rC", 15 0;
v00000227adeb8640_0 .var "rD", 15 0;
v00000227adeb86e0_0 .var "rF", 15 0;
v00000227adeb8780_0 .var "rG", 15 0;
v00000227adeb88c0_0 .var "rH", 31 0;
v00000227adeb8960_0 .var "rJ", 15 0;
v00000227adeb8a00_0 .var "rK", 15 0;
v00000227adeb6ac0_0 .var "rQ", 15 0;
v00000227adeb8d20_0 .var "rS", 15 0;
E_00000227ade30230 .event posedge, v00000227adeafc70_0, v00000227adeb7ba0_0;
E_00000227ade2fd70 .event posedge, v00000227adead510_0, v00000227adeb7ba0_0;
E_00000227ade302b0 .event posedge, v00000227adeadc90_0, v00000227adeb7ba0_0;
E_00000227ade302f0 .event posedge, v00000227adeafb30_0, v00000227adeb7ba0_0;
L_00000227adf2f370 .part L_00000227adf1c4c0, 8, 8;
L_00000227adf2f2d0 .concat [ 8 8 0 0], L_00000227adf2f370, L_00000227aded3068;
L_00000227adf2f410 .part L_00000227adf1c4c0, 0, 8;
L_00000227adf2eb50 .concat [ 8 8 0 0], L_00000227adf2f410, L_00000227aded30b0;
L_00000227adf2d570 .part L_00000227adf1c140, 8, 8;
L_00000227adf2dcf0 .concat [ 8 8 0 0], L_00000227adf2d570, L_00000227aded30f8;
L_00000227adf2d1b0 .part L_00000227adf1c140, 0, 8;
L_00000227adf2f0f0 .concat [ 8 8 0 0], L_00000227adf2d1b0, L_00000227aded3140;
L_00000227adf2dc50 .arith/mult 16, L_00000227adf2f2d0, L_00000227adf2dcf0;
L_00000227adf2dbb0 .part L_00000227adf2eb50, 0, 8;
L_00000227adf2edd0 .concat [ 8 8 0 0], L_00000227adf2dbb0, L_00000227aded3188;
L_00000227adf2ebf0 .arith/mult 16, L_00000227adf2edd0, L_00000227adf2dcf0;
L_00000227adf2f190 .part L_00000227adf2f0f0, 0, 8;
L_00000227adf2ded0 .concat [ 8 8 0 0], L_00000227adf2f190, L_00000227aded31d0;
L_00000227adf2f230 .arith/mult 16, L_00000227adf2f2d0, L_00000227adf2ded0;
L_00000227adf2df70 .arith/mult 16, L_00000227adf2eb50, L_00000227adf2f0f0;
L_00000227adf2e5b0 .concat [ 16 8 0 0], L_00000227adf1bf80, L_00000227aded3218;
L_00000227adf2ee70 .concat [ 16 8 0 0], L_00000227adf1bea0, L_00000227aded3260;
L_00000227adf2e010 .concat [ 16 16 0 0], L_00000227adf1c300, L_00000227aded32a8;
L_00000227adf2ec90 .concat [ 24 8 0 0], L_00000227adf2e5b0, L_00000227aded32f0;
L_00000227adf2d7f0 .part L_00000227adf2ec90, 0, 24;
L_00000227adf2f550 .concat [ 8 24 0 0], L_00000227aded3338, L_00000227adf2d7f0;
L_00000227adf2f690 .arith/sum 32, L_00000227adf2e010, L_00000227adf2f550;
L_00000227adf2f730 .concat [ 24 8 0 0], L_00000227adf2ee70, L_00000227aded3380;
L_00000227adf2d890 .part L_00000227adf2f730, 0, 24;
L_00000227adf2e0b0 .concat [ 8 24 0 0], L_00000227aded33c8, L_00000227adf2d890;
L_00000227adf2e150 .arith/sum 32, L_00000227adf2f690, L_00000227adf2e0b0;
L_00000227adf2e330 .concat [ 16 16 0 0], L_00000227adf1c220, L_00000227aded3410;
L_00000227adf2e3d0 .part L_00000227adf2e330, 0, 16;
L_00000227adf2e470 .concat [ 16 16 0 0], L_00000227aded3458, L_00000227adf2e3d0;
L_00000227adf2e650 .arith/sum 32, L_00000227adf2e150, L_00000227adf2e470;
L_00000227adf2e790 .part L_00000227adf2fff0, 16, 1;
L_00000227adf30db0 .part L_00000227adf2fff0, 0, 16;
L_00000227adf30bd0 .concat [ 16 1 0 0], L_00000227adf1b110, L_00000227aded34a0;
L_00000227adf30950 .concat [ 16 1 0 0], L_00000227adf1b810, L_00000227aded34e8;
L_00000227adf31170 .repeat 16, 16, o00000227ade68e18;
L_00000227adf2fa50 .concat [ 16 1 0 0], L_00000227adf31170, L_00000227aded3530;
L_00000227adf303b0 .arith/sum 17, L_00000227adf30bd0, L_00000227adf1b180;
L_00000227adf2fff0 .arith/sum 17, L_00000227adf303b0, L_00000227aded3848;
L_00000227adf31350 .repeat 16, 16, o00000227ade68e18;
L_00000227adf31e90 .functor MUXZ 16, L_00000227adf1c680, L_00000227adf1bc70, o00000227ade692c8, C4<>;
L_00000227adf2faf0 .part L_00000227adf1b110, 15, 1;
L_00000227adf31fd0 .part L_00000227adf2f870, 16, 1;
L_00000227adf31df0 .part L_00000227adf2f870, 0, 16;
L_00000227adf31210 .concat [ 16 1 0 0], L_00000227adf1c6f0, L_00000227aded35c0;
L_00000227adf312b0 .concat [ 16 1 0 0], L_00000227adf1bff0, L_00000227aded3608;
L_00000227adf308b0 .repeat 16, 16, o00000227ade68de8;
L_00000227adf309f0 .concat [ 16 1 0 0], L_00000227adf308b0, L_00000227aded3650;
L_00000227adf2fb90 .arith/sum 17, L_00000227adf31210, L_00000227adf1bce0;
L_00000227adf2f870 .arith/sum 17, L_00000227adf2fb90, L_00000227aded3890;
L_00000227adf31f30 .repeat 16, 16, o00000227ade68de8;
L_00000227adf30130 .functor MUXZ 16, L_00000227adf1c0d0, L_00000227adf1b9d0, o00000227ade69298, C4<>;
L_00000227adf30450 .concat [ 16 16 0 0], L_00000227adf1b960, L_00000227adf1bb90;
S_00000227ade40670 .scope module, "SB_PLL40_2F_CORE" "SB_PLL40_2F_CORE" 3 2521;
 .timescale -12 -12;
    .port_info 0 /INPUT 1 "REFERENCECLK";
    .port_info 1 /OUTPUT 1 "PLLOUTCOREA";
    .port_info 2 /OUTPUT 1 "PLLOUTGLOBALA";
    .port_info 3 /OUTPUT 1 "PLLOUTCOREB";
    .port_info 4 /OUTPUT 1 "PLLOUTGLOBALB";
    .port_info 5 /INPUT 1 "EXTFEEDBACK";
    .port_info 6 /INPUT 8 "DYNAMICDELAY";
    .port_info 7 /OUTPUT 1 "LOCK";
    .port_info 8 /INPUT 1 "BYPASS";
    .port_info 9 /INPUT 1 "RESETB";
    .port_info 10 /INPUT 1 "LATCHINPUTVALUE";
    .port_info 11 /OUTPUT 1 "SDO";
    .port_info 12 /INPUT 1 "SDI";
    .port_info 13 /INPUT 1 "SCLK";
P_00000227adbcc040 .param/str "DELAY_ADJUSTMENT_MODE_FEEDBACK" 0 3 2538, "FIXED";
P_00000227adbcc078 .param/str "DELAY_ADJUSTMENT_MODE_RELATIVE" 0 3 2539, "FIXED";
P_00000227adbcc0b0 .param/l "DIVF" 0 3 2546, C4<0000000>;
P_00000227adbcc0e8 .param/l "DIVQ" 0 3 2547, C4<000>;
P_00000227adbcc120 .param/l "DIVR" 0 3 2545, C4<0000>;
P_00000227adbcc158 .param/l "ENABLE_ICEGATE_PORTA" 0 3 2549, C4<0>;
P_00000227adbcc190 .param/l "ENABLE_ICEGATE_PORTB" 0 3 2550, C4<0>;
P_00000227adbcc1c8 .param/l "EXTERNAL_DIVIDE_FACTOR" 0 3 2552, +C4<00000000000000000000000000000001>;
P_00000227adbcc200 .param/l "FDA_FEEDBACK" 0 3 2541, C4<0000>;
P_00000227adbcc238 .param/l "FDA_RELATIVE" 0 3 2542, C4<0000>;
P_00000227adbcc270 .param/str "FEEDBACK_PATH" 0 3 2537, "SIMPLE";
P_00000227adbcc2a8 .param/l "FILTER_RANGE" 0 3 2548, C4<000>;
P_00000227adbcc2e0 .param/str "PLLOUT_SELECT_PORTA" 0 3 2543, "GENCLK";
P_00000227adbcc318 .param/str "PLLOUT_SELECT_PORTB" 0 3 2544, "GENCLK";
P_00000227adbcc350 .param/l "SHIFTREG_DIV_MODE" 0 3 2540, C4<0>;
P_00000227adbcc388 .param/l "TEST_MODE" 0 3 2551, C4<0>;
o00000227ade6abe8 .functor BUFZ 1, c4<z>; HiZ drive
v00000227adeb9400_0 .net "BYPASS", 0 0, o00000227ade6abe8;  0 drivers
o00000227ade6ac18 .functor BUFZ 8, c4<zzzzzzzz>; HiZ drive
v00000227adeb8f00_0 .net "DYNAMICDELAY", 7 0, o00000227ade6ac18;  0 drivers
o00000227ade6ac48 .functor BUFZ 1, c4<z>; HiZ drive
v00000227adeb8dc0_0 .net "EXTFEEDBACK", 0 0, o00000227ade6ac48;  0 drivers
o00000227ade6ac78 .functor BUFZ 1, c4<z>; HiZ drive
v00000227adeb9220_0 .net "LATCHINPUTVALUE", 0 0, o00000227ade6ac78;  0 drivers
o00000227ade6aca8 .functor BUFZ 1, c4<z>; HiZ drive
v00000227adeb8e60_0 .net "LOCK", 0 0, o00000227ade6aca8;  0 drivers
o00000227ade6acd8 .functor BUFZ 1, c4<z>; HiZ drive
v00000227adeb90e0_0 .net "PLLOUTCOREA", 0 0, o00000227ade6acd8;  0 drivers
o00000227ade6ad08 .functor BUFZ 1, c4<z>; HiZ drive
v00000227adeb9180_0 .net "PLLOUTCOREB", 0 0, o00000227ade6ad08;  0 drivers
o00000227ade6ad38 .functor BUFZ 1, c4<z>; HiZ drive
v00000227adeb8fa0_0 .net "PLLOUTGLOBALA", 0 0, o00000227ade6ad38;  0 drivers
o00000227ade6ad68 .functor BUFZ 1, c4<z>; HiZ drive
v00000227adeb92c0_0 .net "PLLOUTGLOBALB", 0 0, o00000227ade6ad68;  0 drivers
o00000227ade6ad98 .functor BUFZ 1, c4<z>; HiZ drive
v00000227adeb9040_0 .net "REFERENCECLK", 0 0, o00000227ade6ad98;  0 drivers
o00000227ade6adc8 .functor BUFZ 1, c4<z>; HiZ drive
v00000227adeb9360_0 .net "RESETB", 0 0, o00000227ade6adc8;  0 drivers
o00000227ade6adf8 .functor BUFZ 1, c4<z>; HiZ drive
v00000227adeb35a0_0 .net "SCLK", 0 0, o00000227ade6adf8;  0 drivers
o00000227ade6ae28 .functor BUFZ 1, c4<z>; HiZ drive
v00000227adeb3460_0 .net "SDI", 0 0, o00000227ade6ae28;  0 drivers
o00000227ade6ae58 .functor BUFZ 1, c4<z>; HiZ drive
v00000227adeb2880_0 .net "SDO", 0 0, o00000227ade6ae58;  0 drivers
S_00000227ade41de0 .scope module, "SB_PLL40_2F_PAD" "SB_PLL40_2F_PAD" 3 2556;
 .timescale -12 -12;
    .port_info 0 /INPUT 1 "PACKAGEPIN";
    .port_info 1 /OUTPUT 1 "PLLOUTCOREA";
    .port_info 2 /OUTPUT 1 "PLLOUTGLOBALA";
    .port_info 3 /OUTPUT 1 "PLLOUTCOREB";
    .port_info 4 /OUTPUT 1 "PLLOUTGLOBALB";
    .port_info 5 /INPUT 1 "EXTFEEDBACK";
    .port_info 6 /INPUT 8 "DYNAMICDELAY";
    .port_info 7 /OUTPUT 1 "LOCK";
    .port_info 8 /INPUT 1 "BYPASS";
    .port_info 9 /INPUT 1 "RESETB";
    .port_info 10 /INPUT 1 "LATCHINPUTVALUE";
    .port_info 11 /OUTPUT 1 "SDO";
    .port_info 12 /INPUT 1 "SDI";
    .port_info 13 /INPUT 1 "SCLK";
P_00000227adbc17f0 .param/str "DELAY_ADJUSTMENT_MODE_FEEDBACK" 0 3 2573, "FIXED";
P_00000227adbc1828 .param/str "DELAY_ADJUSTMENT_MODE_RELATIVE" 0 3 2574, "FIXED";
P_00000227adbc1860 .param/l "DIVF" 0 3 2581, C4<0000000>;
P_00000227adbc1898 .param/l "DIVQ" 0 3 2582, C4<000>;
P_00000227adbc18d0 .param/l "DIVR" 0 3 2580, C4<0000>;
P_00000227adbc1908 .param/l "ENABLE_ICEGATE_PORTA" 0 3 2584, C4<0>;
P_00000227adbc1940 .param/l "ENABLE_ICEGATE_PORTB" 0 3 2585, C4<0>;
P_00000227adbc1978 .param/l "EXTERNAL_DIVIDE_FACTOR" 0 3 2587, +C4<00000000000000000000000000000001>;
P_00000227adbc19b0 .param/l "FDA_FEEDBACK" 0 3 2576, C4<0000>;
P_00000227adbc19e8 .param/l "FDA_RELATIVE" 0 3 2577, C4<0000>;
P_00000227adbc1a20 .param/str "FEEDBACK_PATH" 0 3 2572, "SIMPLE";
P_00000227adbc1a58 .param/l "FILTER_RANGE" 0 3 2583, C4<000>;
P_00000227adbc1a90 .param/str "PLLOUT_SELECT_PORTA" 0 3 2578, "GENCLK";
P_00000227adbc1ac8 .param/str "PLLOUT_SELECT_PORTB" 0 3 2579, "GENCLK";
P_00000227adbc1b00 .param/l "SHIFTREG_DIV_MODE" 0 3 2575, C4<00>;
P_00000227adbc1b38 .param/l "TEST_MODE" 0 3 2586, C4<0>;
o00000227ade6b128 .functor BUFZ 1, c4<z>; HiZ drive
v00000227adeb22e0_0 .net "BYPASS", 0 0, o00000227ade6b128;  0 drivers
o00000227ade6b158 .functor BUFZ 8, c4<zzzzzzzz>; HiZ drive
v00000227adeb17a0_0 .net "DYNAMICDELAY", 7 0, o00000227ade6b158;  0 drivers
o00000227ade6b188 .functor BUFZ 1, c4<z>; HiZ drive
v00000227adeb1a20_0 .net "EXTFEEDBACK", 0 0, o00000227ade6b188;  0 drivers
o00000227ade6b1b8 .functor BUFZ 1, c4<z>; HiZ drive
v00000227adeb38c0_0 .net "LATCHINPUTVALUE", 0 0, o00000227ade6b1b8;  0 drivers
o00000227ade6b1e8 .functor BUFZ 1, c4<z>; HiZ drive
v00000227adeb31e0_0 .net "LOCK", 0 0, o00000227ade6b1e8;  0 drivers
o00000227ade6b218 .functor BUFZ 1, c4<z>; HiZ drive
v00000227adeb3280_0 .net "PACKAGEPIN", 0 0, o00000227ade6b218;  0 drivers
o00000227ade6b248 .functor BUFZ 1, c4<z>; HiZ drive
v00000227adeb1fc0_0 .net "PLLOUTCOREA", 0 0, o00000227ade6b248;  0 drivers
o00000227ade6b278 .functor BUFZ 1, c4<z>; HiZ drive
v00000227adeb1de0_0 .net "PLLOUTCOREB", 0 0, o00000227ade6b278;  0 drivers
o00000227ade6b2a8 .functor BUFZ 1, c4<z>; HiZ drive
v00000227adeb3960_0 .net "PLLOUTGLOBALA", 0 0, o00000227ade6b2a8;  0 drivers
o00000227ade6b2d8 .functor BUFZ 1, c4<z>; HiZ drive
v00000227adeb2740_0 .net "PLLOUTGLOBALB", 0 0, o00000227ade6b2d8;  0 drivers
o00000227ade6b308 .functor BUFZ 1, c4<z>; HiZ drive
v00000227adeb2060_0 .net "RESETB", 0 0, o00000227ade6b308;  0 drivers
o00000227ade6b338 .functor BUFZ 1, c4<z>; HiZ drive
v00000227adeb1f20_0 .net "SCLK", 0 0, o00000227ade6b338;  0 drivers
o00000227ade6b368 .functor BUFZ 1, c4<z>; HiZ drive
v00000227adeb1d40_0 .net "SDI", 0 0, o00000227ade6b368;  0 drivers
o00000227ade6b398 .functor BUFZ 1, c4<z>; HiZ drive
v00000227adeb3000_0 .net "SDO", 0 0, o00000227ade6b398;  0 drivers
S_00000227ade42100 .scope module, "SB_PLL40_2_PAD" "SB_PLL40_2_PAD" 3 2487;
 .timescale -12 -12;
    .port_info 0 /INPUT 1 "PACKAGEPIN";
    .port_info 1 /OUTPUT 1 "PLLOUTCOREA";
    .port_info 2 /OUTPUT 1 "PLLOUTGLOBALA";
    .port_info 3 /OUTPUT 1 "PLLOUTCOREB";
    .port_info 4 /OUTPUT 1 "PLLOUTGLOBALB";
    .port_info 5 /INPUT 1 "EXTFEEDBACK";
    .port_info 6 /INPUT 8 "DYNAMICDELAY";
    .port_info 7 /OUTPUT 1 "LOCK";
    .port_info 8 /INPUT 1 "BYPASS";
    .port_info 9 /INPUT 1 "RESETB";
    .port_info 10 /INPUT 1 "LATCHINPUTVALUE";
    .port_info 11 /OUTPUT 1 "SDO";
    .port_info 12 /INPUT 1 "SDI";
    .port_info 13 /INPUT 1 "SCLK";
P_00000227adbbfb00 .param/str "DELAY_ADJUSTMENT_MODE_FEEDBACK" 0 3 2504, "FIXED";
P_00000227adbbfb38 .param/str "DELAY_ADJUSTMENT_MODE_RELATIVE" 0 3 2505, "FIXED";
P_00000227adbbfb70 .param/l "DIVF" 0 3 2511, C4<0000000>;
P_00000227adbbfba8 .param/l "DIVQ" 0 3 2512, C4<000>;
P_00000227adbbfbe0 .param/l "DIVR" 0 3 2510, C4<0000>;
P_00000227adbbfc18 .param/l "ENABLE_ICEGATE_PORTA" 0 3 2514, C4<0>;
P_00000227adbbfc50 .param/l "ENABLE_ICEGATE_PORTB" 0 3 2515, C4<0>;
P_00000227adbbfc88 .param/l "EXTERNAL_DIVIDE_FACTOR" 0 3 2517, +C4<00000000000000000000000000000001>;
P_00000227adbbfcc0 .param/l "FDA_FEEDBACK" 0 3 2507, C4<0000>;
P_00000227adbbfcf8 .param/l "FDA_RELATIVE" 0 3 2508, C4<0000>;
P_00000227adbbfd30 .param/str "FEEDBACK_PATH" 0 3 2503, "SIMPLE";
P_00000227adbbfd68 .param/l "FILTER_RANGE" 0 3 2513, C4<000>;
P_00000227adbbfda0 .param/str "PLLOUT_SELECT_PORTB" 0 3 2509, "GENCLK";
P_00000227adbbfdd8 .param/l "SHIFTREG_DIV_MODE" 0 3 2506, C4<0>;
P_00000227adbbfe10 .param/l "TEST_MODE" 0 3 2516, C4<0>;
o00000227ade6b668 .functor BUFZ 1, c4<z>; HiZ drive
v00000227adeb2ce0_0 .net "BYPASS", 0 0, o00000227ade6b668;  0 drivers
o00000227ade6b698 .functor BUFZ 8, c4<zzzzzzzz>; HiZ drive
v00000227adeb2100_0 .net "DYNAMICDELAY", 7 0, o00000227ade6b698;  0 drivers
o00000227ade6b6c8 .functor BUFZ 1, c4<z>; HiZ drive
v00000227adeb21a0_0 .net "EXTFEEDBACK", 0 0, o00000227ade6b6c8;  0 drivers
o00000227ade6b6f8 .functor BUFZ 1, c4<z>; HiZ drive
v00000227adeb3c80_0 .net "LATCHINPUTVALUE", 0 0, o00000227ade6b6f8;  0 drivers
o00000227ade6b728 .functor BUFZ 1, c4<z>; HiZ drive
v00000227adeb2ec0_0 .net "LOCK", 0 0, o00000227ade6b728;  0 drivers
o00000227ade6b758 .functor BUFZ 1, c4<z>; HiZ drive
v00000227adeb2d80_0 .net "PACKAGEPIN", 0 0, o00000227ade6b758;  0 drivers
o00000227ade6b788 .functor BUFZ 1, c4<z>; HiZ drive
v00000227adeb2f60_0 .net "PLLOUTCOREA", 0 0, o00000227ade6b788;  0 drivers
o00000227ade6b7b8 .functor BUFZ 1, c4<z>; HiZ drive
v00000227adeb3a00_0 .net "PLLOUTCOREB", 0 0, o00000227ade6b7b8;  0 drivers
o00000227ade6b7e8 .functor BUFZ 1, c4<z>; HiZ drive
v00000227adeb30a0_0 .net "PLLOUTGLOBALA", 0 0, o00000227ade6b7e8;  0 drivers
o00000227ade6b818 .functor BUFZ 1, c4<z>; HiZ drive
v00000227adeb2240_0 .net "PLLOUTGLOBALB", 0 0, o00000227ade6b818;  0 drivers
o00000227ade6b848 .functor BUFZ 1, c4<z>; HiZ drive
v00000227adeb1660_0 .net "RESETB", 0 0, o00000227ade6b848;  0 drivers
o00000227ade6b878 .functor BUFZ 1, c4<z>; HiZ drive
v00000227adeb3140_0 .net "SCLK", 0 0, o00000227ade6b878;  0 drivers
o00000227ade6b8a8 .functor BUFZ 1, c4<z>; HiZ drive
v00000227adeb3320_0 .net "SDI", 0 0, o00000227ade6b8a8;  0 drivers
o00000227ade6b8d8 .functor BUFZ 1, c4<z>; HiZ drive
v00000227adeb2920_0 .net "SDO", 0 0, o00000227ade6b8d8;  0 drivers
S_00000227ade41ac0 .scope module, "SB_PLL40_CORE" "SB_PLL40_CORE" 3 2425;
 .timescale -12 -12;
    .port_info 0 /INPUT 1 "REFERENCECLK";
    .port_info 1 /OUTPUT 1 "PLLOUTCORE";
    .port_info 2 /OUTPUT 1 "PLLOUTGLOBAL";
    .port_info 3 /INPUT 1 "EXTFEEDBACK";
    .port_info 4 /INPUT 8 "DYNAMICDELAY";
    .port_info 5 /OUTPUT 1 "LOCK";
    .port_info 6 /INPUT 1 "BYPASS";
    .port_info 7 /INPUT 1 "RESETB";
    .port_info 8 /INPUT 1 "LATCHINPUTVALUE";
    .port_info 9 /OUTPUT 1 "SDO";
    .port_info 10 /INPUT 1 "SDI";
    .port_info 11 /INPUT 1 "SCLK";
P_00000227adbbf580 .param/str "DELAY_ADJUSTMENT_MODE_FEEDBACK" 0 3 2440, "FIXED";
P_00000227adbbf5b8 .param/str "DELAY_ADJUSTMENT_MODE_RELATIVE" 0 3 2441, "FIXED";
P_00000227adbbf5f0 .param/l "DIVF" 0 3 2447, C4<0000000>;
P_00000227adbbf628 .param/l "DIVQ" 0 3 2448, C4<000>;
P_00000227adbbf660 .param/l "DIVR" 0 3 2446, C4<0000>;
P_00000227adbbf698 .param/l "ENABLE_ICEGATE" 0 3 2450, C4<0>;
P_00000227adbbf6d0 .param/l "EXTERNAL_DIVIDE_FACTOR" 0 3 2452, +C4<00000000000000000000000000000001>;
P_00000227adbbf708 .param/l "FDA_FEEDBACK" 0 3 2443, C4<0000>;
P_00000227adbbf740 .param/l "FDA_RELATIVE" 0 3 2444, C4<0000>;
P_00000227adbbf778 .param/str "FEEDBACK_PATH" 0 3 2439, "SIMPLE";
P_00000227adbbf7b0 .param/l "FILTER_RANGE" 0 3 2449, C4<000>;
P_00000227adbbf7e8 .param/str "PLLOUT_SELECT" 0 3 2445, "GENCLK";
P_00000227adbbf820 .param/l "SHIFTREG_DIV_MODE" 0 3 2442, C4<0>;
P_00000227adbbf858 .param/l "TEST_MODE" 0 3 2451, C4<0>;
o00000227ade6bba8 .functor BUFZ 1, c4<z>; HiZ drive
v00000227adeb1ac0_0 .net "BYPASS", 0 0, o00000227ade6bba8;  0 drivers
o00000227ade6bbd8 .functor BUFZ 8, c4<zzzzzzzz>; HiZ drive
v00000227adeb3500_0 .net "DYNAMICDELAY", 7 0, o00000227ade6bbd8;  0 drivers
o00000227ade6bc08 .functor BUFZ 1, c4<z>; HiZ drive
v00000227adeb27e0_0 .net "EXTFEEDBACK", 0 0, o00000227ade6bc08;  0 drivers
o00000227ade6bc38 .functor BUFZ 1, c4<z>; HiZ drive
v00000227adeb2380_0 .net "LATCHINPUTVALUE", 0 0, o00000227ade6bc38;  0 drivers
o00000227ade6bc68 .functor BUFZ 1, c4<z>; HiZ drive
v00000227adeb3820_0 .net "LOCK", 0 0, o00000227ade6bc68;  0 drivers
o00000227ade6bc98 .functor BUFZ 1, c4<z>; HiZ drive
v00000227adeb33c0_0 .net "PLLOUTCORE", 0 0, o00000227ade6bc98;  0 drivers
o00000227ade6bcc8 .functor BUFZ 1, c4<z>; HiZ drive
v00000227adeb2560_0 .net "PLLOUTGLOBAL", 0 0, o00000227ade6bcc8;  0 drivers
o00000227ade6bcf8 .functor BUFZ 1, c4<z>; HiZ drive
v00000227adeb29c0_0 .net "REFERENCECLK", 0 0, o00000227ade6bcf8;  0 drivers
o00000227ade6bd28 .functor BUFZ 1, c4<z>; HiZ drive
v00000227adeb2600_0 .net "RESETB", 0 0, o00000227ade6bd28;  0 drivers
o00000227ade6bd58 .functor BUFZ 1, c4<z>; HiZ drive
v00000227adeb26a0_0 .net "SCLK", 0 0, o00000227ade6bd58;  0 drivers
o00000227ade6bd88 .functor BUFZ 1, c4<z>; HiZ drive
v00000227adeb2e20_0 .net "SDI", 0 0, o00000227ade6bd88;  0 drivers
o00000227ade6bdb8 .functor BUFZ 1, c4<z>; HiZ drive
v00000227adeb1e80_0 .net "SDO", 0 0, o00000227ade6bdb8;  0 drivers
S_00000227ade41610 .scope module, "SB_PLL40_PAD" "SB_PLL40_PAD" 3 2456;
 .timescale -12 -12;
    .port_info 0 /INPUT 1 "PACKAGEPIN";
    .port_info 1 /OUTPUT 1 "PLLOUTCORE";
    .port_info 2 /OUTPUT 1 "PLLOUTGLOBAL";
    .port_info 3 /INPUT 1 "EXTFEEDBACK";
    .port_info 4 /INPUT 8 "DYNAMICDELAY";
    .port_info 5 /OUTPUT 1 "LOCK";
    .port_info 6 /INPUT 1 "BYPASS";
    .port_info 7 /INPUT 1 "RESETB";
    .port_info 8 /INPUT 1 "LATCHINPUTVALUE";
    .port_info 9 /OUTPUT 1 "SDO";
    .port_info 10 /INPUT 1 "SDI";
    .port_info 11 /INPUT 1 "SCLK";
P_00000227adb76780 .param/str "DELAY_ADJUSTMENT_MODE_FEEDBACK" 0 3 2471, "FIXED";
P_00000227adb767b8 .param/str "DELAY_ADJUSTMENT_MODE_RELATIVE" 0 3 2472, "FIXED";
P_00000227adb767f0 .param/l "DIVF" 0 3 2478, C4<0000000>;
P_00000227adb76828 .param/l "DIVQ" 0 3 2479, C4<000>;
P_00000227adb76860 .param/l "DIVR" 0 3 2477, C4<0000>;
P_00000227adb76898 .param/l "ENABLE_ICEGATE" 0 3 2481, C4<0>;
P_00000227adb768d0 .param/l "EXTERNAL_DIVIDE_FACTOR" 0 3 2483, +C4<00000000000000000000000000000001>;
P_00000227adb76908 .param/l "FDA_FEEDBACK" 0 3 2474, C4<0000>;
P_00000227adb76940 .param/l "FDA_RELATIVE" 0 3 2475, C4<0000>;
P_00000227adb76978 .param/str "FEEDBACK_PATH" 0 3 2470, "SIMPLE";
P_00000227adb769b0 .param/l "FILTER_RANGE" 0 3 2480, C4<000>;
P_00000227adb769e8 .param/str "PLLOUT_SELECT" 0 3 2476, "GENCLK";
P_00000227adb76a20 .param/l "SHIFTREG_DIV_MODE" 0 3 2473, C4<0>;
P_00000227adb76a58 .param/l "TEST_MODE" 0 3 2482, C4<0>;
o00000227ade6c028 .functor BUFZ 1, c4<z>; HiZ drive
v00000227adeb3aa0_0 .net "BYPASS", 0 0, o00000227ade6c028;  0 drivers
o00000227ade6c058 .functor BUFZ 8, c4<zzzzzzzz>; HiZ drive
v00000227adeb1ca0_0 .net "DYNAMICDELAY", 7 0, o00000227ade6c058;  0 drivers
o00000227ade6c088 .functor BUFZ 1, c4<z>; HiZ drive
v00000227adeb3b40_0 .net "EXTFEEDBACK", 0 0, o00000227ade6c088;  0 drivers
o00000227ade6c0b8 .functor BUFZ 1, c4<z>; HiZ drive
v00000227adeb2b00_0 .net "LATCHINPUTVALUE", 0 0, o00000227ade6c0b8;  0 drivers
o00000227ade6c0e8 .functor BUFZ 1, c4<z>; HiZ drive
v00000227adeb1840_0 .net "LOCK", 0 0, o00000227ade6c0e8;  0 drivers
o00000227ade6c118 .functor BUFZ 1, c4<z>; HiZ drive
v00000227adeb1b60_0 .net "PACKAGEPIN", 0 0, o00000227ade6c118;  0 drivers
o00000227ade6c148 .functor BUFZ 1, c4<z>; HiZ drive
v00000227adeb2420_0 .net "PLLOUTCORE", 0 0, o00000227ade6c148;  0 drivers
o00000227ade6c178 .functor BUFZ 1, c4<z>; HiZ drive
v00000227adeb3640_0 .net "PLLOUTGLOBAL", 0 0, o00000227ade6c178;  0 drivers
o00000227ade6c1a8 .functor BUFZ 1, c4<z>; HiZ drive
v00000227adeb1c00_0 .net "RESETB", 0 0, o00000227ade6c1a8;  0 drivers
o00000227ade6c1d8 .functor BUFZ 1, c4<z>; HiZ drive
v00000227adeb36e0_0 .net "SCLK", 0 0, o00000227ade6c1d8;  0 drivers
o00000227ade6c208 .functor BUFZ 1, c4<z>; HiZ drive
v00000227adeb3780_0 .net "SDI", 0 0, o00000227ade6c208;  0 drivers
o00000227ade6c238 .functor BUFZ 1, c4<z>; HiZ drive
v00000227adeb3be0_0 .net "SDO", 0 0, o00000227ade6c238;  0 drivers
S_00000227ade42290 .scope module, "SB_RAM40_4KNR" "SB_RAM40_4KNR" 3 1726;
 .timescale -12 -12;
    .port_info 0 /OUTPUT 16 "RDATA";
    .port_info 1 /INPUT 1 "RCLKN";
    .port_info 2 /INPUT 1 "RCLKE";
    .port_info 3 /INPUT 1 "RE";
    .port_info 4 /INPUT 11 "RADDR";
    .port_info 5 /INPUT 1 "WCLK";
    .port_info 6 /INPUT 1 "WCLKE";
    .port_info 7 /INPUT 1 "WE";
    .port_info 8 /INPUT 11 "WADDR";
    .port_info 9 /INPUT 16 "MASK";
    .port_info 10 /INPUT 16 "WDATA";
P_00000227ade424a0 .param/l "INIT_0" 0 3 1742, C4<0000000000000000000000000000000000000000000000000000000000000000000000000000000000000000000000000000000000000000000000000000000000000000000000000000000000000000000000000000000000000000000000000000000000000000000000000000000000000000000000000000000000000000>;
P_00000227ade424d8 .param/l "INIT_1" 0 3 1743, C4<0000000000000000000000000000000000000000000000000000000000000000000000000000000000000000000000000000000000000000000000000000000000000000000000000000000000000000000000000000000000000000000000000000000000000000000000000000000000000000000000000000000000000000>;
P_00000227ade42510 .param/l "INIT_2" 0 3 1744, C4<0000000000000000000000000000000000000000000000000000000000000000000000000000000000000000000000000000000000000000000000000000000000000000000000000000000000000000000000000000000000000000000000000000000000000000000000000000000000000000000000000000000000000000>;
P_00000227ade42548 .param/l "INIT_3" 0 3 1745, C4<0000000000000000000000000000000000000000000000000000000000000000000000000000000000000000000000000000000000000000000000000000000000000000000000000000000000000000000000000000000000000000000000000000000000000000000000000000000000000000000000000000000000000000>;
P_00000227ade42580 .param/l "INIT_4" 0 3 1746, C4<0000000000000000000000000000000000000000000000000000000000000000000000000000000000000000000000000000000000000000000000000000000000000000000000000000000000000000000000000000000000000000000000000000000000000000000000000000000000000000000000000000000000000000>;
P_00000227ade425b8 .param/l "INIT_5" 0 3 1747, C4<0000000000000000000000000000000000000000000000000000000000000000000000000000000000000000000000000000000000000000000000000000000000000000000000000000000000000000000000000000000000000000000000000000000000000000000000000000000000000000000000000000000000000000>;
P_00000227ade425f0 .param/l "INIT_6" 0 3 1748, C4<0000000000000000000000000000000000000000000000000000000000000000000000000000000000000000000000000000000000000000000000000000000000000000000000000000000000000000000000000000000000000000000000000000000000000000000000000000000000000000000000000000000000000000>;
P_00000227ade42628 .param/l "INIT_7" 0 3 1749, C4<0000000000000000000000000000000000000000000000000000000000000000000000000000000000000000000000000000000000000000000000000000000000000000000000000000000000000000000000000000000000000000000000000000000000000000000000000000000000000000000000000000000000000000>;
P_00000227ade42660 .param/l "INIT_8" 0 3 1750, C4<0000000000000000000000000000000000000000000000000000000000000000000000000000000000000000000000000000000000000000000000000000000000000000000000000000000000000000000000000000000000000000000000000000000000000000000000000000000000000000000000000000000000000000>;
P_00000227ade42698 .param/l "INIT_9" 0 3 1751, C4<0000000000000000000000000000000000000000000000000000000000000000000000000000000000000000000000000000000000000000000000000000000000000000000000000000000000000000000000000000000000000000000000000000000000000000000000000000000000000000000000000000000000000000>;
P_00000227ade426d0 .param/l "INIT_A" 0 3 1752, C4<0000000000000000000000000000000000000000000000000000000000000000000000000000000000000000000000000000000000000000000000000000000000000000000000000000000000000000000000000000000000000000000000000000000000000000000000000000000000000000000000000000000000000000>;
P_00000227ade42708 .param/l "INIT_B" 0 3 1753, C4<0000000000000000000000000000000000000000000000000000000000000000000000000000000000000000000000000000000000000000000000000000000000000000000000000000000000000000000000000000000000000000000000000000000000000000000000000000000000000000000000000000000000000000>;
P_00000227ade42740 .param/l "INIT_C" 0 3 1754, C4<0000000000000000000000000000000000000000000000000000000000000000000000000000000000000000000000000000000000000000000000000000000000000000000000000000000000000000000000000000000000000000000000000000000000000000000000000000000000000000000000000000000000000000>;
P_00000227ade42778 .param/l "INIT_D" 0 3 1755, C4<0000000000000000000000000000000000000000000000000000000000000000000000000000000000000000000000000000000000000000000000000000000000000000000000000000000000000000000000000000000000000000000000000000000000000000000000000000000000000000000000000000000000000000>;
P_00000227ade427b0 .param/l "INIT_E" 0 3 1756, C4<0000000000000000000000000000000000000000000000000000000000000000000000000000000000000000000000000000000000000000000000000000000000000000000000000000000000000000000000000000000000000000000000000000000000000000000000000000000000000000000000000000000000000000>;
P_00000227ade427e8 .param/l "INIT_F" 0 3 1757, C4<0000000000000000000000000000000000000000000000000000000000000000000000000000000000000000000000000000000000000000000000000000000000000000000000000000000000000000000000000000000000000000000000000000000000000000000000000000000000000000000000000000000000000000>;
P_00000227ade42820 .param/str "INIT_FILE" 0 3 1759, "\000";
P_00000227ade42858 .param/l "READ_MODE" 0 3 1740, +C4<00000000000000000000000000000000>;
P_00000227ade42890 .param/l "WRITE_MODE" 0 3 1739, +C4<00000000000000000000000000000000>;
o00000227ade6c9b8 .functor BUFZ 1, c4<z>; HiZ drive
L_00000227adf1c290 .functor NOT 1, o00000227ade6c9b8, C4<0>, C4<0>, C4<0>;
o00000227ade6c4a8 .functor BUFZ 16, c4<zzzzzzzzzzzzzzzz>; HiZ drive
v00000227adeb3f00_0 .net "MASK", 15 0, o00000227ade6c4a8;  0 drivers
o00000227ade6c4d8 .functor BUFZ 11, c4<zzzzzzzzzzz>; HiZ drive
v00000227adeb45e0_0 .net "RADDR", 10 0, o00000227ade6c4d8;  0 drivers
o00000227ade6c538 .functor BUFZ 1, c4<z>; HiZ drive
v00000227adeb5620_0 .net "RCLKE", 0 0, o00000227ade6c538;  0 drivers
v00000227adeb4cc0_0 .net "RCLKN", 0 0, o00000227ade6c9b8;  0 drivers
v00000227adeb40e0_0 .net "RDATA", 15 0, L_00000227adf1af50;  1 drivers
o00000227ade6c5c8 .functor BUFZ 1, c4<z>; HiZ drive
v00000227adeb5bc0_0 .net "RE", 0 0, o00000227ade6c5c8;  0 drivers
o00000227ade6c628 .functor BUFZ 11, c4<zzzzzzzzzzz>; HiZ drive
v00000227adeb5a80_0 .net "WADDR", 10 0, o00000227ade6c628;  0 drivers
o00000227ade6c658 .functor BUFZ 1, c4<z>; HiZ drive
v00000227adeb51c0_0 .net "WCLK", 0 0, o00000227ade6c658;  0 drivers
o00000227ade6c688 .functor BUFZ 1, c4<z>; HiZ drive
v00000227adeb4180_0 .net "WCLKE", 0 0, o00000227ade6c688;  0 drivers
o00000227ade6c6b8 .functor BUFZ 16, c4<zzzzzzzzzzzzzzzz>; HiZ drive
v00000227adeb4220_0 .net "WDATA", 15 0, o00000227ade6c6b8;  0 drivers
o00000227ade6c718 .functor BUFZ 1, c4<z>; HiZ drive
v00000227adeb5da0_0 .net "WE", 0 0, o00000227ade6c718;  0 drivers
S_00000227ade46130 .scope module, "RAM" "SB_RAM40_4K" 3 1781, 3 1487 0, S_00000227ade42290;
 .timescale -12 -12;
    .port_info 0 /OUTPUT 16 "RDATA";
    .port_info 1 /INPUT 1 "RCLK";
    .port_info 2 /INPUT 1 "RCLKE";
    .port_info 3 /INPUT 1 "RE";
    .port_info 4 /INPUT 11 "RADDR";
    .port_info 5 /INPUT 1 "WCLK";
    .port_info 6 /INPUT 1 "WCLKE";
    .port_info 7 /INPUT 1 "WE";
    .port_info 8 /INPUT 11 "WADDR";
    .port_info 9 /INPUT 16 "MASK";
    .port_info 10 /INPUT 16 "WDATA";
P_00000227adeb9ce0 .param/l "INIT_0" 0 3 1507, C4<0000000000000000000000000000000000000000000000000000000000000000000000000000000000000000000000000000000000000000000000000000000000000000000000000000000000000000000000000000000000000000000000000000000000000000000000000000000000000000000000000000000000000000>;
P_00000227adeb9d18 .param/l "INIT_1" 0 3 1508, C4<0000000000000000000000000000000000000000000000000000000000000000000000000000000000000000000000000000000000000000000000000000000000000000000000000000000000000000000000000000000000000000000000000000000000000000000000000000000000000000000000000000000000000000>;
P_00000227adeb9d50 .param/l "INIT_2" 0 3 1509, C4<0000000000000000000000000000000000000000000000000000000000000000000000000000000000000000000000000000000000000000000000000000000000000000000000000000000000000000000000000000000000000000000000000000000000000000000000000000000000000000000000000000000000000000>;
P_00000227adeb9d88 .param/l "INIT_3" 0 3 1510, C4<0000000000000000000000000000000000000000000000000000000000000000000000000000000000000000000000000000000000000000000000000000000000000000000000000000000000000000000000000000000000000000000000000000000000000000000000000000000000000000000000000000000000000000>;
P_00000227adeb9dc0 .param/l "INIT_4" 0 3 1511, C4<0000000000000000000000000000000000000000000000000000000000000000000000000000000000000000000000000000000000000000000000000000000000000000000000000000000000000000000000000000000000000000000000000000000000000000000000000000000000000000000000000000000000000000>;
P_00000227adeb9df8 .param/l "INIT_5" 0 3 1512, C4<0000000000000000000000000000000000000000000000000000000000000000000000000000000000000000000000000000000000000000000000000000000000000000000000000000000000000000000000000000000000000000000000000000000000000000000000000000000000000000000000000000000000000000>;
P_00000227adeb9e30 .param/l "INIT_6" 0 3 1513, C4<0000000000000000000000000000000000000000000000000000000000000000000000000000000000000000000000000000000000000000000000000000000000000000000000000000000000000000000000000000000000000000000000000000000000000000000000000000000000000000000000000000000000000000>;
P_00000227adeb9e68 .param/l "INIT_7" 0 3 1514, C4<0000000000000000000000000000000000000000000000000000000000000000000000000000000000000000000000000000000000000000000000000000000000000000000000000000000000000000000000000000000000000000000000000000000000000000000000000000000000000000000000000000000000000000>;
P_00000227adeb9ea0 .param/l "INIT_8" 0 3 1515, C4<0000000000000000000000000000000000000000000000000000000000000000000000000000000000000000000000000000000000000000000000000000000000000000000000000000000000000000000000000000000000000000000000000000000000000000000000000000000000000000000000000000000000000000>;
P_00000227adeb9ed8 .param/l "INIT_9" 0 3 1516, C4<0000000000000000000000000000000000000000000000000000000000000000000000000000000000000000000000000000000000000000000000000000000000000000000000000000000000000000000000000000000000000000000000000000000000000000000000000000000000000000000000000000000000000000>;
P_00000227adeb9f10 .param/l "INIT_A" 0 3 1517, C4<0000000000000000000000000000000000000000000000000000000000000000000000000000000000000000000000000000000000000000000000000000000000000000000000000000000000000000000000000000000000000000000000000000000000000000000000000000000000000000000000000000000000000000>;
P_00000227adeb9f48 .param/l "INIT_B" 0 3 1518, C4<0000000000000000000000000000000000000000000000000000000000000000000000000000000000000000000000000000000000000000000000000000000000000000000000000000000000000000000000000000000000000000000000000000000000000000000000000000000000000000000000000000000000000000>;
P_00000227adeb9f80 .param/l "INIT_C" 0 3 1519, C4<0000000000000000000000000000000000000000000000000000000000000000000000000000000000000000000000000000000000000000000000000000000000000000000000000000000000000000000000000000000000000000000000000000000000000000000000000000000000000000000000000000000000000000>;
P_00000227adeb9fb8 .param/l "INIT_D" 0 3 1520, C4<0000000000000000000000000000000000000000000000000000000000000000000000000000000000000000000000000000000000000000000000000000000000000000000000000000000000000000000000000000000000000000000000000000000000000000000000000000000000000000000000000000000000000000>;
P_00000227adeb9ff0 .param/l "INIT_E" 0 3 1521, C4<0000000000000000000000000000000000000000000000000000000000000000000000000000000000000000000000000000000000000000000000000000000000000000000000000000000000000000000000000000000000000000000000000000000000000000000000000000000000000000000000000000000000000000>;
P_00000227adeba028 .param/l "INIT_F" 0 3 1522, C4<0000000000000000000000000000000000000000000000000000000000000000000000000000000000000000000000000000000000000000000000000000000000000000000000000000000000000000000000000000000000000000000000000000000000000000000000000000000000000000000000000000000000000000>;
P_00000227adeba060 .param/str "INIT_FILE" 0 3 1524, "\000";
P_00000227adeba098 .param/l "READ_MODE" 0 3 1505, +C4<00000000000000000000000000000000>;
P_00000227adeba0d0 .param/l "WRITE_MODE" 0 3 1504, +C4<00000000000000000000000000000000>;
v00000227adeb1700_0 .net "MASK", 15 0, o00000227ade6c4a8;  alias, 0 drivers
v00000227adeb1520_0 .net "RADDR", 10 0, o00000227ade6c4d8;  alias, 0 drivers
v00000227adeb15c0_0 .net "RCLK", 0 0, L_00000227adf1c290;  1 drivers
v00000227adeb24c0_0 .net "RCLKE", 0 0, o00000227ade6c538;  alias, 0 drivers
v00000227adeb18e0_0 .net "RDATA", 15 0, L_00000227adf1af50;  alias, 1 drivers
v00000227adeb1980_0 .var "RDATA_I", 15 0;
v00000227adeb2a60_0 .net "RE", 0 0, o00000227ade6c5c8;  alias, 0 drivers
L_00000227aded36e0 .functor BUFT 1, C4<0000000000000000>, C4<0>, C4<0>, C4<0>;
v00000227adeb2ba0_0 .net "RMASK_I", 15 0, L_00000227aded36e0;  1 drivers
v00000227adeb2c40_0 .net "WADDR", 10 0, o00000227ade6c628;  alias, 0 drivers
v00000227adeb4f40_0 .net "WCLK", 0 0, o00000227ade6c658;  alias, 0 drivers
v00000227adeb56c0_0 .net "WCLKE", 0 0, o00000227ade6c688;  alias, 0 drivers
v00000227adeb5e40_0 .net "WDATA", 15 0, o00000227ade6c6b8;  alias, 0 drivers
v00000227adeb5080_0 .net "WDATA_I", 15 0, L_00000227adf1b730;  1 drivers
v00000227adeb4d60_0 .net "WE", 0 0, o00000227ade6c718;  alias, 0 drivers
v00000227adeb5120_0 .net "WMASK_I", 15 0, L_00000227adf1c5a0;  1 drivers
v00000227adeb4fe0_0 .var/i "i", 31 0;
v00000227adeb44a0 .array "memory", 255 0, 15 0;
E_00000227ade303f0 .event posedge, v00000227adeb15c0_0;
E_00000227ade2fdf0 .event posedge, v00000227adeb4f40_0;
S_00000227ade45af0 .scope generate, "genblk1" "genblk1" 3 1534, 3 1534 0, S_00000227ade46130;
 .timescale -12 -12;
L_00000227adf1c5a0 .functor BUFZ 16, o00000227ade6c4a8, C4<0000000000000000>, C4<0000000000000000>, C4<0000000000000000>;
S_00000227ade46c20 .scope generate, "genblk2" "genblk2" 3 1555, 3 1555 0, S_00000227ade46130;
 .timescale -12 -12;
S_00000227adebeae0 .scope generate, "genblk3" "genblk3" 3 1576, 3 1576 0, S_00000227ade46130;
 .timescale -12 -12;
L_00000227adf1b730 .functor BUFZ 16, o00000227ade6c6b8, C4<0000000000000000>, C4<0000000000000000>, C4<0000000000000000>;
S_00000227adebec70 .scope generate, "genblk4" "genblk4" 3 1595, 3 1595 0, S_00000227ade46130;
 .timescale -12 -12;
L_00000227adf1af50 .functor BUFZ 16, v00000227adeb1980_0, C4<0000000000000000>, C4<0000000000000000>, C4<0000000000000000>;
S_00000227ade417a0 .scope module, "SB_RAM40_4KNRNW" "SB_RAM40_4KNRNW" 3 1998;
 .timescale -12 -12;
    .port_info 0 /OUTPUT 16 "RDATA";
    .port_info 1 /INPUT 1 "RCLKN";
    .port_info 2 /INPUT 1 "RCLKE";
    .port_info 3 /INPUT 1 "RE";
    .port_info 4 /INPUT 11 "RADDR";
    .port_info 5 /INPUT 1 "WCLKN";
    .port_info 6 /INPUT 1 "WCLKE";
    .port_info 7 /INPUT 1 "WE";
    .port_info 8 /INPUT 11 "WADDR";
    .port_info 9 /INPUT 16 "MASK";
    .port_info 10 /INPUT 16 "WDATA";
P_00000227ade428d0 .param/l "INIT_0" 0 3 2014, C4<0000000000000000000000000000000000000000000000000000000000000000000000000000000000000000000000000000000000000000000000000000000000000000000000000000000000000000000000000000000000000000000000000000000000000000000000000000000000000000000000000000000000000000>;
P_00000227ade42908 .param/l "INIT_1" 0 3 2015, C4<0000000000000000000000000000000000000000000000000000000000000000000000000000000000000000000000000000000000000000000000000000000000000000000000000000000000000000000000000000000000000000000000000000000000000000000000000000000000000000000000000000000000000000>;
P_00000227ade42940 .param/l "INIT_2" 0 3 2016, C4<0000000000000000000000000000000000000000000000000000000000000000000000000000000000000000000000000000000000000000000000000000000000000000000000000000000000000000000000000000000000000000000000000000000000000000000000000000000000000000000000000000000000000000>;
P_00000227ade42978 .param/l "INIT_3" 0 3 2017, C4<0000000000000000000000000000000000000000000000000000000000000000000000000000000000000000000000000000000000000000000000000000000000000000000000000000000000000000000000000000000000000000000000000000000000000000000000000000000000000000000000000000000000000000>;
P_00000227ade429b0 .param/l "INIT_4" 0 3 2018, C4<0000000000000000000000000000000000000000000000000000000000000000000000000000000000000000000000000000000000000000000000000000000000000000000000000000000000000000000000000000000000000000000000000000000000000000000000000000000000000000000000000000000000000000>;
P_00000227ade429e8 .param/l "INIT_5" 0 3 2019, C4<0000000000000000000000000000000000000000000000000000000000000000000000000000000000000000000000000000000000000000000000000000000000000000000000000000000000000000000000000000000000000000000000000000000000000000000000000000000000000000000000000000000000000000>;
P_00000227ade42a20 .param/l "INIT_6" 0 3 2020, C4<0000000000000000000000000000000000000000000000000000000000000000000000000000000000000000000000000000000000000000000000000000000000000000000000000000000000000000000000000000000000000000000000000000000000000000000000000000000000000000000000000000000000000000>;
P_00000227ade42a58 .param/l "INIT_7" 0 3 2021, C4<0000000000000000000000000000000000000000000000000000000000000000000000000000000000000000000000000000000000000000000000000000000000000000000000000000000000000000000000000000000000000000000000000000000000000000000000000000000000000000000000000000000000000000>;
P_00000227ade42a90 .param/l "INIT_8" 0 3 2022, C4<0000000000000000000000000000000000000000000000000000000000000000000000000000000000000000000000000000000000000000000000000000000000000000000000000000000000000000000000000000000000000000000000000000000000000000000000000000000000000000000000000000000000000000>;
P_00000227ade42ac8 .param/l "INIT_9" 0 3 2023, C4<0000000000000000000000000000000000000000000000000000000000000000000000000000000000000000000000000000000000000000000000000000000000000000000000000000000000000000000000000000000000000000000000000000000000000000000000000000000000000000000000000000000000000000>;
P_00000227ade42b00 .param/l "INIT_A" 0 3 2024, C4<0000000000000000000000000000000000000000000000000000000000000000000000000000000000000000000000000000000000000000000000000000000000000000000000000000000000000000000000000000000000000000000000000000000000000000000000000000000000000000000000000000000000000000>;
P_00000227ade42b38 .param/l "INIT_B" 0 3 2025, C4<0000000000000000000000000000000000000000000000000000000000000000000000000000000000000000000000000000000000000000000000000000000000000000000000000000000000000000000000000000000000000000000000000000000000000000000000000000000000000000000000000000000000000000>;
P_00000227ade42b70 .param/l "INIT_C" 0 3 2026, C4<0000000000000000000000000000000000000000000000000000000000000000000000000000000000000000000000000000000000000000000000000000000000000000000000000000000000000000000000000000000000000000000000000000000000000000000000000000000000000000000000000000000000000000>;
P_00000227ade42ba8 .param/l "INIT_D" 0 3 2027, C4<0000000000000000000000000000000000000000000000000000000000000000000000000000000000000000000000000000000000000000000000000000000000000000000000000000000000000000000000000000000000000000000000000000000000000000000000000000000000000000000000000000000000000000>;
P_00000227ade42be0 .param/l "INIT_E" 0 3 2028, C4<0000000000000000000000000000000000000000000000000000000000000000000000000000000000000000000000000000000000000000000000000000000000000000000000000000000000000000000000000000000000000000000000000000000000000000000000000000000000000000000000000000000000000000>;
P_00000227ade42c18 .param/l "INIT_F" 0 3 2029, C4<0000000000000000000000000000000000000000000000000000000000000000000000000000000000000000000000000000000000000000000000000000000000000000000000000000000000000000000000000000000000000000000000000000000000000000000000000000000000000000000000000000000000000000>;
P_00000227ade42c50 .param/str "INIT_FILE" 0 3 2031, "\000";
P_00000227ade42c88 .param/l "READ_MODE" 0 3 2012, +C4<00000000000000000000000000000000>;
P_00000227ade42cc0 .param/l "WRITE_MODE" 0 3 2011, +C4<00000000000000000000000000000000>;
o00000227ade6d108 .functor BUFZ 1, c4<z>; HiZ drive
L_00000227adf1c3e0 .functor NOT 1, o00000227ade6d108, C4<0>, C4<0>, C4<0>;
o00000227ade6d138 .functor BUFZ 1, c4<z>; HiZ drive
L_00000227adf1b880 .functor NOT 1, o00000227ade6d138, C4<0>, C4<0>, C4<0>;
o00000227ade6cbf8 .functor BUFZ 16, c4<zzzzzzzzzzzzzzzz>; HiZ drive
v00000227adeb4720_0 .net "MASK", 15 0, o00000227ade6cbf8;  0 drivers
o00000227ade6cc28 .functor BUFZ 11, c4<zzzzzzzzzzz>; HiZ drive
v00000227adeb4e00_0 .net "RADDR", 10 0, o00000227ade6cc28;  0 drivers
o00000227ade6cc88 .functor BUFZ 1, c4<z>; HiZ drive
v00000227adeb47c0_0 .net "RCLKE", 0 0, o00000227ade6cc88;  0 drivers
v00000227adeb4360_0 .net "RCLKN", 0 0, o00000227ade6d108;  0 drivers
v00000227adeb4860_0 .net "RDATA", 15 0, L_00000227adf1bab0;  1 drivers
o00000227ade6cd18 .functor BUFZ 1, c4<z>; HiZ drive
v00000227adeb5c60_0 .net "RE", 0 0, o00000227ade6cd18;  0 drivers
o00000227ade6cd78 .functor BUFZ 11, c4<zzzzzzzzzzz>; HiZ drive
v00000227adeb4900_0 .net "WADDR", 10 0, o00000227ade6cd78;  0 drivers
o00000227ade6cdd8 .functor BUFZ 1, c4<z>; HiZ drive
v00000227adeb3fa0_0 .net "WCLKE", 0 0, o00000227ade6cdd8;  0 drivers
v00000227adeb5800_0 .net "WCLKN", 0 0, o00000227ade6d138;  0 drivers
o00000227ade6ce08 .functor BUFZ 16, c4<zzzzzzzzzzzzzzzz>; HiZ drive
v00000227adeb49a0_0 .net "WDATA", 15 0, o00000227ade6ce08;  0 drivers
o00000227ade6ce68 .functor BUFZ 1, c4<z>; HiZ drive
v00000227adeb6020_0 .net "WE", 0 0, o00000227ade6ce68;  0 drivers
S_00000227adebfc10 .scope module, "RAM" "SB_RAM40_4K" 3 2053, 3 1487 0, S_00000227ade417a0;
 .timescale -12 -12;
    .port_info 0 /OUTPUT 16 "RDATA";
    .port_info 1 /INPUT 1 "RCLK";
    .port_info 2 /INPUT 1 "RCLKE";
    .port_info 3 /INPUT 1 "RE";
    .port_info 4 /INPUT 11 "RADDR";
    .port_info 5 /INPUT 1 "WCLK";
    .port_info 6 /INPUT 1 "WCLKE";
    .port_info 7 /INPUT 1 "WE";
    .port_info 8 /INPUT 11 "WADDR";
    .port_info 9 /INPUT 16 "MASK";
    .port_info 10 /INPUT 16 "WDATA";
P_00000227adec8150 .param/l "INIT_0" 0 3 1507, C4<0000000000000000000000000000000000000000000000000000000000000000000000000000000000000000000000000000000000000000000000000000000000000000000000000000000000000000000000000000000000000000000000000000000000000000000000000000000000000000000000000000000000000000>;
P_00000227adec8188 .param/l "INIT_1" 0 3 1508, C4<0000000000000000000000000000000000000000000000000000000000000000000000000000000000000000000000000000000000000000000000000000000000000000000000000000000000000000000000000000000000000000000000000000000000000000000000000000000000000000000000000000000000000000>;
P_00000227adec81c0 .param/l "INIT_2" 0 3 1509, C4<0000000000000000000000000000000000000000000000000000000000000000000000000000000000000000000000000000000000000000000000000000000000000000000000000000000000000000000000000000000000000000000000000000000000000000000000000000000000000000000000000000000000000000>;
P_00000227adec81f8 .param/l "INIT_3" 0 3 1510, C4<0000000000000000000000000000000000000000000000000000000000000000000000000000000000000000000000000000000000000000000000000000000000000000000000000000000000000000000000000000000000000000000000000000000000000000000000000000000000000000000000000000000000000000>;
P_00000227adec8230 .param/l "INIT_4" 0 3 1511, C4<0000000000000000000000000000000000000000000000000000000000000000000000000000000000000000000000000000000000000000000000000000000000000000000000000000000000000000000000000000000000000000000000000000000000000000000000000000000000000000000000000000000000000000>;
P_00000227adec8268 .param/l "INIT_5" 0 3 1512, C4<0000000000000000000000000000000000000000000000000000000000000000000000000000000000000000000000000000000000000000000000000000000000000000000000000000000000000000000000000000000000000000000000000000000000000000000000000000000000000000000000000000000000000000>;
P_00000227adec82a0 .param/l "INIT_6" 0 3 1513, C4<0000000000000000000000000000000000000000000000000000000000000000000000000000000000000000000000000000000000000000000000000000000000000000000000000000000000000000000000000000000000000000000000000000000000000000000000000000000000000000000000000000000000000000>;
P_00000227adec82d8 .param/l "INIT_7" 0 3 1514, C4<0000000000000000000000000000000000000000000000000000000000000000000000000000000000000000000000000000000000000000000000000000000000000000000000000000000000000000000000000000000000000000000000000000000000000000000000000000000000000000000000000000000000000000>;
P_00000227adec8310 .param/l "INIT_8" 0 3 1515, C4<0000000000000000000000000000000000000000000000000000000000000000000000000000000000000000000000000000000000000000000000000000000000000000000000000000000000000000000000000000000000000000000000000000000000000000000000000000000000000000000000000000000000000000>;
P_00000227adec8348 .param/l "INIT_9" 0 3 1516, C4<0000000000000000000000000000000000000000000000000000000000000000000000000000000000000000000000000000000000000000000000000000000000000000000000000000000000000000000000000000000000000000000000000000000000000000000000000000000000000000000000000000000000000000>;
P_00000227adec8380 .param/l "INIT_A" 0 3 1517, C4<0000000000000000000000000000000000000000000000000000000000000000000000000000000000000000000000000000000000000000000000000000000000000000000000000000000000000000000000000000000000000000000000000000000000000000000000000000000000000000000000000000000000000000>;
P_00000227adec83b8 .param/l "INIT_B" 0 3 1518, C4<0000000000000000000000000000000000000000000000000000000000000000000000000000000000000000000000000000000000000000000000000000000000000000000000000000000000000000000000000000000000000000000000000000000000000000000000000000000000000000000000000000000000000000>;
P_00000227adec83f0 .param/l "INIT_C" 0 3 1519, C4<0000000000000000000000000000000000000000000000000000000000000000000000000000000000000000000000000000000000000000000000000000000000000000000000000000000000000000000000000000000000000000000000000000000000000000000000000000000000000000000000000000000000000000>;
P_00000227adec8428 .param/l "INIT_D" 0 3 1520, C4<0000000000000000000000000000000000000000000000000000000000000000000000000000000000000000000000000000000000000000000000000000000000000000000000000000000000000000000000000000000000000000000000000000000000000000000000000000000000000000000000000000000000000000>;
P_00000227adec8460 .param/l "INIT_E" 0 3 1521, C4<0000000000000000000000000000000000000000000000000000000000000000000000000000000000000000000000000000000000000000000000000000000000000000000000000000000000000000000000000000000000000000000000000000000000000000000000000000000000000000000000000000000000000000>;
P_00000227adec8498 .param/l "INIT_F" 0 3 1522, C4<0000000000000000000000000000000000000000000000000000000000000000000000000000000000000000000000000000000000000000000000000000000000000000000000000000000000000000000000000000000000000000000000000000000000000000000000000000000000000000000000000000000000000000>;
P_00000227adec84d0 .param/str "INIT_FILE" 0 3 1524, "\000";
P_00000227adec8508 .param/l "READ_MODE" 0 3 1505, +C4<00000000000000000000000000000000>;
P_00000227adec8540 .param/l "WRITE_MODE" 0 3 1504, +C4<00000000000000000000000000000000>;
v00000227adeb4540_0 .net "MASK", 15 0, o00000227ade6cbf8;  alias, 0 drivers
v00000227adeb58a0_0 .net "RADDR", 10 0, o00000227ade6cc28;  alias, 0 drivers
v00000227adeb5ee0_0 .net "RCLK", 0 0, L_00000227adf1c3e0;  1 drivers
v00000227adeb6160_0 .net "RCLKE", 0 0, o00000227ade6cc88;  alias, 0 drivers
v00000227adeb5b20_0 .net "RDATA", 15 0, L_00000227adf1bab0;  alias, 1 drivers
v00000227adeb3e60_0 .var "RDATA_I", 15 0;
v00000227adeb5260_0 .net "RE", 0 0, o00000227ade6cd18;  alias, 0 drivers
L_00000227aded3728 .functor BUFT 1, C4<0000000000000000>, C4<0>, C4<0>, C4<0>;
v00000227adeb59e0_0 .net "RMASK_I", 15 0, L_00000227aded3728;  1 drivers
v00000227adeb5f80_0 .net "WADDR", 10 0, o00000227ade6cd78;  alias, 0 drivers
v00000227adeb60c0_0 .net "WCLK", 0 0, L_00000227adf1b880;  1 drivers
v00000227adeb6200_0 .net "WCLKE", 0 0, o00000227ade6cdd8;  alias, 0 drivers
v00000227adeb5300_0 .net "WDATA", 15 0, o00000227ade6ce08;  alias, 0 drivers
v00000227adeb5580_0 .net "WDATA_I", 15 0, L_00000227adf1b3b0;  1 drivers
v00000227adeb3dc0_0 .net "WE", 0 0, o00000227ade6ce68;  alias, 0 drivers
v00000227adeb4680_0 .net "WMASK_I", 15 0, L_00000227adf1b2d0;  1 drivers
v00000227adeb5d00_0 .var/i "i", 31 0;
v00000227adeb5760 .array "memory", 255 0, 15 0;
E_00000227ade30470 .event posedge, v00000227adeb5ee0_0;
E_00000227ade304b0 .event posedge, v00000227adeb60c0_0;
S_00000227adebe180 .scope generate, "genblk1" "genblk1" 3 1534, 3 1534 0, S_00000227adebfc10;
 .timescale -12 -12;
L_00000227adf1b2d0 .functor BUFZ 16, o00000227ade6cbf8, C4<0000000000000000>, C4<0000000000000000>, C4<0000000000000000>;
S_00000227adebe630 .scope generate, "genblk2" "genblk2" 3 1555, 3 1555 0, S_00000227adebfc10;
 .timescale -12 -12;
S_00000227adebee00 .scope generate, "genblk3" "genblk3" 3 1576, 3 1576 0, S_00000227adebfc10;
 .timescale -12 -12;
L_00000227adf1b3b0 .functor BUFZ 16, o00000227ade6ce08, C4<0000000000000000>, C4<0000000000000000>, C4<0000000000000000>;
S_00000227adebf8f0 .scope generate, "genblk4" "genblk4" 3 1595, 3 1595 0, S_00000227adebfc10;
 .timescale -12 -12;
L_00000227adf1bab0 .functor BUFZ 16, v00000227adeb3e60_0, C4<0000000000000000>, C4<0000000000000000>, C4<0000000000000000>;
S_00000227ade41c50 .scope module, "SB_RAM40_4KNW" "SB_RAM40_4KNW" 3 1862;
 .timescale -12 -12;
    .port_info 0 /OUTPUT 16 "RDATA";
    .port_info 1 /INPUT 1 "RCLK";
    .port_info 2 /INPUT 1 "RCLKE";
    .port_info 3 /INPUT 1 "RE";
    .port_info 4 /INPUT 11 "RADDR";
    .port_info 5 /INPUT 1 "WCLKN";
    .port_info 6 /INPUT 1 "WCLKE";
    .port_info 7 /INPUT 1 "WE";
    .port_info 8 /INPUT 11 "WADDR";
    .port_info 9 /INPUT 16 "MASK";
    .port_info 10 /INPUT 16 "WDATA";
P_00000227ade44d10 .param/l "INIT_0" 0 3 1878, C4<0000000000000000000000000000000000000000000000000000000000000000000000000000000000000000000000000000000000000000000000000000000000000000000000000000000000000000000000000000000000000000000000000000000000000000000000000000000000000000000000000000000000000000>;
P_00000227ade44d48 .param/l "INIT_1" 0 3 1879, C4<0000000000000000000000000000000000000000000000000000000000000000000000000000000000000000000000000000000000000000000000000000000000000000000000000000000000000000000000000000000000000000000000000000000000000000000000000000000000000000000000000000000000000000>;
P_00000227ade44d80 .param/l "INIT_2" 0 3 1880, C4<0000000000000000000000000000000000000000000000000000000000000000000000000000000000000000000000000000000000000000000000000000000000000000000000000000000000000000000000000000000000000000000000000000000000000000000000000000000000000000000000000000000000000000>;
P_00000227ade44db8 .param/l "INIT_3" 0 3 1881, C4<0000000000000000000000000000000000000000000000000000000000000000000000000000000000000000000000000000000000000000000000000000000000000000000000000000000000000000000000000000000000000000000000000000000000000000000000000000000000000000000000000000000000000000>;
P_00000227ade44df0 .param/l "INIT_4" 0 3 1882, C4<0000000000000000000000000000000000000000000000000000000000000000000000000000000000000000000000000000000000000000000000000000000000000000000000000000000000000000000000000000000000000000000000000000000000000000000000000000000000000000000000000000000000000000>;
P_00000227ade44e28 .param/l "INIT_5" 0 3 1883, C4<0000000000000000000000000000000000000000000000000000000000000000000000000000000000000000000000000000000000000000000000000000000000000000000000000000000000000000000000000000000000000000000000000000000000000000000000000000000000000000000000000000000000000000>;
P_00000227ade44e60 .param/l "INIT_6" 0 3 1884, C4<0000000000000000000000000000000000000000000000000000000000000000000000000000000000000000000000000000000000000000000000000000000000000000000000000000000000000000000000000000000000000000000000000000000000000000000000000000000000000000000000000000000000000000>;
P_00000227ade44e98 .param/l "INIT_7" 0 3 1885, C4<0000000000000000000000000000000000000000000000000000000000000000000000000000000000000000000000000000000000000000000000000000000000000000000000000000000000000000000000000000000000000000000000000000000000000000000000000000000000000000000000000000000000000000>;
P_00000227ade44ed0 .param/l "INIT_8" 0 3 1886, C4<0000000000000000000000000000000000000000000000000000000000000000000000000000000000000000000000000000000000000000000000000000000000000000000000000000000000000000000000000000000000000000000000000000000000000000000000000000000000000000000000000000000000000000>;
P_00000227ade44f08 .param/l "INIT_9" 0 3 1887, C4<0000000000000000000000000000000000000000000000000000000000000000000000000000000000000000000000000000000000000000000000000000000000000000000000000000000000000000000000000000000000000000000000000000000000000000000000000000000000000000000000000000000000000000>;
P_00000227ade44f40 .param/l "INIT_A" 0 3 1888, C4<0000000000000000000000000000000000000000000000000000000000000000000000000000000000000000000000000000000000000000000000000000000000000000000000000000000000000000000000000000000000000000000000000000000000000000000000000000000000000000000000000000000000000000>;
P_00000227ade44f78 .param/l "INIT_B" 0 3 1889, C4<0000000000000000000000000000000000000000000000000000000000000000000000000000000000000000000000000000000000000000000000000000000000000000000000000000000000000000000000000000000000000000000000000000000000000000000000000000000000000000000000000000000000000000>;
P_00000227ade44fb0 .param/l "INIT_C" 0 3 1890, C4<0000000000000000000000000000000000000000000000000000000000000000000000000000000000000000000000000000000000000000000000000000000000000000000000000000000000000000000000000000000000000000000000000000000000000000000000000000000000000000000000000000000000000000>;
P_00000227ade44fe8 .param/l "INIT_D" 0 3 1891, C4<0000000000000000000000000000000000000000000000000000000000000000000000000000000000000000000000000000000000000000000000000000000000000000000000000000000000000000000000000000000000000000000000000000000000000000000000000000000000000000000000000000000000000000>;
P_00000227ade45020 .param/l "INIT_E" 0 3 1892, C4<0000000000000000000000000000000000000000000000000000000000000000000000000000000000000000000000000000000000000000000000000000000000000000000000000000000000000000000000000000000000000000000000000000000000000000000000000000000000000000000000000000000000000000>;
P_00000227ade45058 .param/l "INIT_F" 0 3 1893, C4<0000000000000000000000000000000000000000000000000000000000000000000000000000000000000000000000000000000000000000000000000000000000000000000000000000000000000000000000000000000000000000000000000000000000000000000000000000000000000000000000000000000000000000>;
P_00000227ade45090 .param/str "INIT_FILE" 0 3 1895, "\000";
P_00000227ade450c8 .param/l "READ_MODE" 0 3 1876, +C4<00000000000000000000000000000000>;
P_00000227ade45100 .param/l "WRITE_MODE" 0 3 1875, +C4<00000000000000000000000000000000>;
o00000227ade6d888 .functor BUFZ 1, c4<z>; HiZ drive
L_00000227adf1b340 .functor NOT 1, o00000227ade6d888, C4<0>, C4<0>, C4<0>;
o00000227ade6d378 .functor BUFZ 16, c4<zzzzzzzzzzzzzzzz>; HiZ drive
v00000227aded0560_0 .net "MASK", 15 0, o00000227ade6d378;  0 drivers
o00000227ade6d3a8 .functor BUFZ 11, c4<zzzzzzzzzzz>; HiZ drive
v00000227aded18c0_0 .net "RADDR", 10 0, o00000227ade6d3a8;  0 drivers
o00000227ade6d3d8 .functor BUFZ 1, c4<z>; HiZ drive
v00000227aded01a0_0 .net "RCLK", 0 0, o00000227ade6d3d8;  0 drivers
o00000227ade6d408 .functor BUFZ 1, c4<z>; HiZ drive
v00000227aded1140_0 .net "RCLKE", 0 0, o00000227ade6d408;  0 drivers
v00000227aded0ce0_0 .net "RDATA", 15 0, L_00000227adf1b8f0;  1 drivers
o00000227ade6d498 .functor BUFZ 1, c4<z>; HiZ drive
v00000227aded0a60_0 .net "RE", 0 0, o00000227ade6d498;  0 drivers
o00000227ade6d4f8 .functor BUFZ 11, c4<zzzzzzzzzzz>; HiZ drive
v00000227aded0240_0 .net "WADDR", 10 0, o00000227ade6d4f8;  0 drivers
o00000227ade6d558 .functor BUFZ 1, c4<z>; HiZ drive
v00000227aded0600_0 .net "WCLKE", 0 0, o00000227ade6d558;  0 drivers
v00000227adecfc00_0 .net "WCLKN", 0 0, o00000227ade6d888;  0 drivers
o00000227ade6d588 .functor BUFZ 16, c4<zzzzzzzzzzzzzzzz>; HiZ drive
v00000227aded13c0_0 .net "WDATA", 15 0, o00000227ade6d588;  0 drivers
o00000227ade6d5e8 .functor BUFZ 1, c4<z>; HiZ drive
v00000227aded11e0_0 .net "WE", 0 0, o00000227ade6d5e8;  0 drivers
S_00000227adebef90 .scope module, "RAM" "SB_RAM40_4K" 3 1917, 3 1487 0, S_00000227ade41c50;
 .timescale -12 -12;
    .port_info 0 /OUTPUT 16 "RDATA";
    .port_info 1 /INPUT 1 "RCLK";
    .port_info 2 /INPUT 1 "RCLKE";
    .port_info 3 /INPUT 1 "RE";
    .port_info 4 /INPUT 11 "RADDR";
    .port_info 5 /INPUT 1 "WCLK";
    .port_info 6 /INPUT 1 "WCLKE";
    .port_info 7 /INPUT 1 "WE";
    .port_info 8 /INPUT 11 "WADDR";
    .port_info 9 /INPUT 16 "MASK";
    .port_info 10 /INPUT 16 "WDATA";
P_00000227adec8580 .param/l "INIT_0" 0 3 1507, C4<0000000000000000000000000000000000000000000000000000000000000000000000000000000000000000000000000000000000000000000000000000000000000000000000000000000000000000000000000000000000000000000000000000000000000000000000000000000000000000000000000000000000000000>;
P_00000227adec85b8 .param/l "INIT_1" 0 3 1508, C4<0000000000000000000000000000000000000000000000000000000000000000000000000000000000000000000000000000000000000000000000000000000000000000000000000000000000000000000000000000000000000000000000000000000000000000000000000000000000000000000000000000000000000000>;
P_00000227adec85f0 .param/l "INIT_2" 0 3 1509, C4<0000000000000000000000000000000000000000000000000000000000000000000000000000000000000000000000000000000000000000000000000000000000000000000000000000000000000000000000000000000000000000000000000000000000000000000000000000000000000000000000000000000000000000>;
P_00000227adec8628 .param/l "INIT_3" 0 3 1510, C4<0000000000000000000000000000000000000000000000000000000000000000000000000000000000000000000000000000000000000000000000000000000000000000000000000000000000000000000000000000000000000000000000000000000000000000000000000000000000000000000000000000000000000000>;
P_00000227adec8660 .param/l "INIT_4" 0 3 1511, C4<0000000000000000000000000000000000000000000000000000000000000000000000000000000000000000000000000000000000000000000000000000000000000000000000000000000000000000000000000000000000000000000000000000000000000000000000000000000000000000000000000000000000000000>;
P_00000227adec8698 .param/l "INIT_5" 0 3 1512, C4<0000000000000000000000000000000000000000000000000000000000000000000000000000000000000000000000000000000000000000000000000000000000000000000000000000000000000000000000000000000000000000000000000000000000000000000000000000000000000000000000000000000000000000>;
P_00000227adec86d0 .param/l "INIT_6" 0 3 1513, C4<0000000000000000000000000000000000000000000000000000000000000000000000000000000000000000000000000000000000000000000000000000000000000000000000000000000000000000000000000000000000000000000000000000000000000000000000000000000000000000000000000000000000000000>;
P_00000227adec8708 .param/l "INIT_7" 0 3 1514, C4<0000000000000000000000000000000000000000000000000000000000000000000000000000000000000000000000000000000000000000000000000000000000000000000000000000000000000000000000000000000000000000000000000000000000000000000000000000000000000000000000000000000000000000>;
P_00000227adec8740 .param/l "INIT_8" 0 3 1515, C4<0000000000000000000000000000000000000000000000000000000000000000000000000000000000000000000000000000000000000000000000000000000000000000000000000000000000000000000000000000000000000000000000000000000000000000000000000000000000000000000000000000000000000000>;
P_00000227adec8778 .param/l "INIT_9" 0 3 1516, C4<0000000000000000000000000000000000000000000000000000000000000000000000000000000000000000000000000000000000000000000000000000000000000000000000000000000000000000000000000000000000000000000000000000000000000000000000000000000000000000000000000000000000000000>;
P_00000227adec87b0 .param/l "INIT_A" 0 3 1517, C4<0000000000000000000000000000000000000000000000000000000000000000000000000000000000000000000000000000000000000000000000000000000000000000000000000000000000000000000000000000000000000000000000000000000000000000000000000000000000000000000000000000000000000000>;
P_00000227adec87e8 .param/l "INIT_B" 0 3 1518, C4<0000000000000000000000000000000000000000000000000000000000000000000000000000000000000000000000000000000000000000000000000000000000000000000000000000000000000000000000000000000000000000000000000000000000000000000000000000000000000000000000000000000000000000>;
P_00000227adec8820 .param/l "INIT_C" 0 3 1519, C4<0000000000000000000000000000000000000000000000000000000000000000000000000000000000000000000000000000000000000000000000000000000000000000000000000000000000000000000000000000000000000000000000000000000000000000000000000000000000000000000000000000000000000000>;
P_00000227adec8858 .param/l "INIT_D" 0 3 1520, C4<0000000000000000000000000000000000000000000000000000000000000000000000000000000000000000000000000000000000000000000000000000000000000000000000000000000000000000000000000000000000000000000000000000000000000000000000000000000000000000000000000000000000000000>;
P_00000227adec8890 .param/l "INIT_E" 0 3 1521, C4<0000000000000000000000000000000000000000000000000000000000000000000000000000000000000000000000000000000000000000000000000000000000000000000000000000000000000000000000000000000000000000000000000000000000000000000000000000000000000000000000000000000000000000>;
P_00000227adec88c8 .param/l "INIT_F" 0 3 1522, C4<0000000000000000000000000000000000000000000000000000000000000000000000000000000000000000000000000000000000000000000000000000000000000000000000000000000000000000000000000000000000000000000000000000000000000000000000000000000000000000000000000000000000000000>;
P_00000227adec8900 .param/str "INIT_FILE" 0 3 1524, "\000";
P_00000227adec8938 .param/l "READ_MODE" 0 3 1505, +C4<00000000000000000000000000000000>;
P_00000227adec8970 .param/l "WRITE_MODE" 0 3 1504, +C4<00000000000000000000000000000000>;
v00000227adeb4040_0 .net "MASK", 15 0, o00000227ade6d378;  alias, 0 drivers
v00000227adeb4a40_0 .net "RADDR", 10 0, o00000227ade6d3a8;  alias, 0 drivers
v00000227adeb62a0_0 .net "RCLK", 0 0, o00000227ade6d3d8;  alias, 0 drivers
v00000227adeb6340_0 .net "RCLKE", 0 0, o00000227ade6d408;  alias, 0 drivers
v00000227adeb4ae0_0 .net "RDATA", 15 0, L_00000227adf1b8f0;  alias, 1 drivers
v00000227adeb54e0_0 .var "RDATA_I", 15 0;
v00000227adeb63e0_0 .net "RE", 0 0, o00000227ade6d498;  alias, 0 drivers
L_00000227aded3770 .functor BUFT 1, C4<0000000000000000>, C4<0>, C4<0>, C4<0>;
v00000227adeb4ea0_0 .net "RMASK_I", 15 0, L_00000227aded3770;  1 drivers
v00000227adeb6480_0 .net "WADDR", 10 0, o00000227ade6d4f8;  alias, 0 drivers
v00000227adeb4b80_0 .net "WCLK", 0 0, L_00000227adf1b340;  1 drivers
v00000227adeb3d20_0 .net "WCLKE", 0 0, o00000227ade6d558;  alias, 0 drivers
v00000227adeb4c20_0 .net "WDATA", 15 0, o00000227ade6d588;  alias, 0 drivers
v00000227adeb42c0_0 .net "WDATA_I", 15 0, L_00000227adf1b7a0;  1 drivers
v00000227adeb4400_0 .net "WE", 0 0, o00000227ade6d5e8;  alias, 0 drivers
v00000227adeb53a0_0 .net "WMASK_I", 15 0, L_00000227adf1c7d0;  1 drivers
v00000227adeb5440_0 .var/i "i", 31 0;
v00000227adeb5940 .array "memory", 255 0, 15 0;
E_00000227ade304f0 .event posedge, v00000227adeb62a0_0;
E_00000227ade2f6b0 .event posedge, v00000227adeb4b80_0;
S_00000227adebfa80 .scope generate, "genblk1" "genblk1" 3 1534, 3 1534 0, S_00000227adebef90;
 .timescale -12 -12;
L_00000227adf1c7d0 .functor BUFZ 16, o00000227ade6d378, C4<0000000000000000>, C4<0000000000000000>, C4<0000000000000000>;
S_00000227adebf120 .scope generate, "genblk2" "genblk2" 3 1555, 3 1555 0, S_00000227adebef90;
 .timescale -12 -12;
S_00000227adebf2b0 .scope generate, "genblk3" "genblk3" 3 1576, 3 1576 0, S_00000227adebef90;
 .timescale -12 -12;
L_00000227adf1b7a0 .functor BUFZ 16, o00000227ade6d588, C4<0000000000000000>, C4<0000000000000000>, C4<0000000000000000>;
S_00000227adebfda0 .scope generate, "genblk4" "genblk4" 3 1595, 3 1595 0, S_00000227adebef90;
 .timescale -12 -12;
L_00000227adf1b8f0 .functor BUFZ 16, v00000227adeb54e0_0, C4<0000000000000000>, C4<0000000000000000>, C4<0000000000000000>;
S_00000227ade40800 .scope module, "SB_RGBA_DRV" "SB_RGBA_DRV" 3 2692;
 .timescale -12 -12;
    .port_info 0 /INPUT 1 "CURREN";
    .port_info 1 /INPUT 1 "RGBLEDEN";
    .port_info 2 /INPUT 1 "RGB0PWM";
    .port_info 3 /INPUT 1 "RGB1PWM";
    .port_info 4 /INPUT 1 "RGB2PWM";
    .port_info 5 /OUTPUT 1 "RGB0";
    .port_info 6 /OUTPUT 1 "RGB1";
    .port_info 7 /OUTPUT 1 "RGB2";
P_00000227adbbf8a0 .param/str "CURRENT_MODE" 0 3 2702, "0b0";
P_00000227adbbf8d8 .param/str "RGB0_CURRENT" 0 3 2703, "0b000000";
P_00000227adbbf910 .param/str "RGB1_CURRENT" 0 3 2704, "0b000000";
P_00000227adbbf948 .param/str "RGB2_CURRENT" 0 3 2705, "0b000000";
o00000227ade6dac8 .functor BUFZ 1, c4<z>; HiZ drive
v00000227aded1c80_0 .net "CURREN", 0 0, o00000227ade6dac8;  0 drivers
o00000227ade6daf8 .functor BUFZ 1, c4<z>; HiZ drive
v00000227aded1280_0 .net "RGB0", 0 0, o00000227ade6daf8;  0 drivers
o00000227ade6db28 .functor BUFZ 1, c4<z>; HiZ drive
v00000227aded06a0_0 .net "RGB0PWM", 0 0, o00000227ade6db28;  0 drivers
o00000227ade6db58 .functor BUFZ 1, c4<z>; HiZ drive
v00000227aded1320_0 .net "RGB1", 0 0, o00000227ade6db58;  0 drivers
o00000227ade6db88 .functor BUFZ 1, c4<z>; HiZ drive
v00000227adecfca0_0 .net "RGB1PWM", 0 0, o00000227ade6db88;  0 drivers
o00000227ade6dbb8 .functor BUFZ 1, c4<z>; HiZ drive
v00000227aded0740_0 .net "RGB2", 0 0, o00000227ade6dbb8;  0 drivers
o00000227ade6dbe8 .functor BUFZ 1, c4<z>; HiZ drive
v00000227aded04c0_0 .net "RGB2PWM", 0 0, o00000227ade6dbe8;  0 drivers
o00000227ade6dc18 .functor BUFZ 1, c4<z>; HiZ drive
v00000227aded1f00_0 .net "RGBLEDEN", 0 0, o00000227ade6dc18;  0 drivers
S_00000227ade46f40 .scope module, "SB_RGB_DRV" "SB_RGB_DRV" 3 2716;
 .timescale -12 -12;
    .port_info 0 /INPUT 1 "RGBLEDEN";
    .port_info 1 /INPUT 1 "RGB0PWM";
    .port_info 2 /INPUT 1 "RGB1PWM";
    .port_info 3 /INPUT 1 "RGB2PWM";
    .port_info 4 /INPUT 1 "RGBPU";
    .port_info 5 /OUTPUT 1 "RGB0";
    .port_info 6 /OUTPUT 1 "RGB1";
    .port_info 7 /OUTPUT 1 "RGB2";
P_00000227adb76aa0 .param/str "CURRENT_MODE" 0 3 2726, "0b0";
P_00000227adb76ad8 .param/str "RGB0_CURRENT" 0 3 2727, "0b000000";
P_00000227adb76b10 .param/str "RGB1_CURRENT" 0 3 2728, "0b000000";
P_00000227adb76b48 .param/str "RGB2_CURRENT" 0 3 2729, "0b000000";
o00000227ade6ddc8 .functor BUFZ 1, c4<z>; HiZ drive
v00000227aded1460_0 .net "RGB0", 0 0, o00000227ade6ddc8;  0 drivers
o00000227ade6ddf8 .functor BUFZ 1, c4<z>; HiZ drive
v00000227aded1d20_0 .net "RGB0PWM", 0 0, o00000227ade6ddf8;  0 drivers
o00000227ade6de28 .functor BUFZ 1, c4<z>; HiZ drive
v00000227aded1500_0 .net "RGB1", 0 0, o00000227ade6de28;  0 drivers
o00000227ade6de58 .functor BUFZ 1, c4<z>; HiZ drive
v00000227aded1dc0_0 .net "RGB1PWM", 0 0, o00000227ade6de58;  0 drivers
o00000227ade6de88 .functor BUFZ 1, c4<z>; HiZ drive
v00000227aded1780_0 .net "RGB2", 0 0, o00000227ade6de88;  0 drivers
o00000227ade6deb8 .functor BUFZ 1, c4<z>; HiZ drive
v00000227aded07e0_0 .net "RGB2PWM", 0 0, o00000227ade6deb8;  0 drivers
o00000227ade6dee8 .functor BUFZ 1, c4<z>; HiZ drive
v00000227aded02e0_0 .net "RGBLEDEN", 0 0, o00000227ade6dee8;  0 drivers
o00000227ade6df18 .functor BUFZ 1, c4<z>; HiZ drive
v00000227aded1e60_0 .net "RGBPU", 0 0, o00000227ade6df18;  0 drivers
S_00000227ade465e0 .scope module, "SB_SPI" "SB_SPI" 3 2776;
 .timescale -12 -12;
    .port_info 0 /INPUT 1 "SBCLKI";
    .port_info 1 /INPUT 1 "SBRWI";
    .port_info 2 /INPUT 1 "SBSTBI";
    .port_info 3 /INPUT 1 "SBADRI7";
    .port_info 4 /INPUT 1 "SBADRI6";
    .port_info 5 /INPUT 1 "SBADRI5";
    .port_info 6 /INPUT 1 "SBADRI4";
    .port_info 7 /INPUT 1 "SBADRI3";
    .port_info 8 /INPUT 1 "SBADRI2";
    .port_info 9 /INPUT 1 "SBADRI1";
    .port_info 10 /INPUT 1 "SBADRI0";
    .port_info 11 /INPUT 1 "SBDATI7";
    .port_info 12 /INPUT 1 "SBDATI6";
    .port_info 13 /INPUT 1 "SBDATI5";
    .port_info 14 /INPUT 1 "SBDATI4";
    .port_info 15 /INPUT 1 "SBDATI3";
    .port_info 16 /INPUT 1 "SBDATI2";
    .port_info 17 /INPUT 1 "SBDATI1";
    .port_info 18 /INPUT 1 "SBDATI0";
    .port_info 19 /INPUT 1 "MI";
    .port_info 20 /INPUT 1 "SI";
    .port_info 21 /INPUT 1 "SCKI";
    .port_info 22 /INPUT 1 "SCSNI";
    .port_info 23 /OUTPUT 1 "SBDATO7";
    .port_info 24 /OUTPUT 1 "SBDATO6";
    .port_info 25 /OUTPUT 1 "SBDATO5";
    .port_info 26 /OUTPUT 1 "SBDATO4";
    .port_info 27 /OUTPUT 1 "SBDATO3";
    .port_info 28 /OUTPUT 1 "SBDATO2";
    .port_info 29 /OUTPUT 1 "SBDATO1";
    .port_info 30 /OUTPUT 1 "SBDATO0";
    .port_info 31 /OUTPUT 1 "SBACKO";
    .port_info 32 /OUTPUT 1 "SPIIRQ";
    .port_info 33 /OUTPUT 1 "SPIWKUP";
    .port_info 34 /OUTPUT 1 "SO";
    .port_info 35 /OUTPUT 1 "SOE";
    .port_info 36 /OUTPUT 1 "MO";
    .port_info 37 /OUTPUT 1 "MOE";
    .port_info 38 /OUTPUT 1 "SCKO";
    .port_info 39 /OUTPUT 1 "SCKOE";
    .port_info 40 /OUTPUT 1 "MCSNO3";
    .port_info 41 /OUTPUT 1 "MCSNO2";
    .port_info 42 /OUTPUT 1 "MCSNO1";
    .port_info 43 /OUTPUT 1 "MCSNO0";
    .port_info 44 /OUTPUT 1 "MCSNOE3";
    .port_info 45 /OUTPUT 1 "MCSNOE2";
    .port_info 46 /OUTPUT 1 "MCSNOE1";
    .port_info 47 /OUTPUT 1 "MCSNOE0";
P_00000227ade2ff30 .param/str "BUS_ADDR74" 0 3 2826, "0b0000";
o00000227ade6e0c8 .functor BUFZ 1, c4<z>; HiZ drive
v00000227aded15a0_0 .net "MCSNO0", 0 0, o00000227ade6e0c8;  0 drivers
o00000227ade6e0f8 .functor BUFZ 1, c4<z>; HiZ drive
v00000227aded2180_0 .net "MCSNO1", 0 0, o00000227ade6e0f8;  0 drivers
o00000227ade6e128 .functor BUFZ 1, c4<z>; HiZ drive
v00000227aded0380_0 .net "MCSNO2", 0 0, o00000227ade6e128;  0 drivers
o00000227ade6e158 .functor BUFZ 1, c4<z>; HiZ drive
v00000227aded0880_0 .net "MCSNO3", 0 0, o00000227ade6e158;  0 drivers
o00000227ade6e188 .functor BUFZ 1, c4<z>; HiZ drive
v00000227aded10a0_0 .net "MCSNOE0", 0 0, o00000227ade6e188;  0 drivers
o00000227ade6e1b8 .functor BUFZ 1, c4<z>; HiZ drive
v00000227adecff20_0 .net "MCSNOE1", 0 0, o00000227ade6e1b8;  0 drivers
o00000227ade6e1e8 .functor BUFZ 1, c4<z>; HiZ drive
v00000227aded0f60_0 .net "MCSNOE2", 0 0, o00000227ade6e1e8;  0 drivers
o00000227ade6e218 .functor BUFZ 1, c4<z>; HiZ drive
v00000227aded0920_0 .net "MCSNOE3", 0 0, o00000227ade6e218;  0 drivers
o00000227ade6e248 .functor BUFZ 1, c4<z>; HiZ drive
v00000227aded1be0_0 .net "MI", 0 0, o00000227ade6e248;  0 drivers
o00000227ade6e278 .functor BUFZ 1, c4<z>; HiZ drive
v00000227aded0420_0 .net "MO", 0 0, o00000227ade6e278;  0 drivers
o00000227ade6e2a8 .functor BUFZ 1, c4<z>; HiZ drive
v00000227aded1960_0 .net "MOE", 0 0, o00000227ade6e2a8;  0 drivers
o00000227ade6e2d8 .functor BUFZ 1, c4<z>; HiZ drive
v00000227aded1640_0 .net "SBACKO", 0 0, o00000227ade6e2d8;  0 drivers
o00000227ade6e308 .functor BUFZ 1, c4<z>; HiZ drive
v00000227adecffc0_0 .net "SBADRI0", 0 0, o00000227ade6e308;  0 drivers
o00000227ade6e338 .functor BUFZ 1, c4<z>; HiZ drive
v00000227aded1aa0_0 .net "SBADRI1", 0 0, o00000227ade6e338;  0 drivers
o00000227ade6e368 .functor BUFZ 1, c4<z>; HiZ drive
v00000227aded1b40_0 .net "SBADRI2", 0 0, o00000227ade6e368;  0 drivers
o00000227ade6e398 .functor BUFZ 1, c4<z>; HiZ drive
v00000227aded16e0_0 .net "SBADRI3", 0 0, o00000227ade6e398;  0 drivers
o00000227ade6e3c8 .functor BUFZ 1, c4<z>; HiZ drive
v00000227aded1fa0_0 .net "SBADRI4", 0 0, o00000227ade6e3c8;  0 drivers
o00000227ade6e3f8 .functor BUFZ 1, c4<z>; HiZ drive
v00000227adecfb60_0 .net "SBADRI5", 0 0, o00000227ade6e3f8;  0 drivers
o00000227ade6e428 .functor BUFZ 1, c4<z>; HiZ drive
v00000227aded2040_0 .net "SBADRI6", 0 0, o00000227ade6e428;  0 drivers
o00000227ade6e458 .functor BUFZ 1, c4<z>; HiZ drive
v00000227aded0b00_0 .net "SBADRI7", 0 0, o00000227ade6e458;  0 drivers
o00000227ade6e488 .functor BUFZ 1, c4<z>; HiZ drive
v00000227aded20e0_0 .net "SBCLKI", 0 0, o00000227ade6e488;  0 drivers
o00000227ade6e4b8 .functor BUFZ 1, c4<z>; HiZ drive
v00000227adecfa20_0 .net "SBDATI0", 0 0, o00000227ade6e4b8;  0 drivers
o00000227ade6e4e8 .functor BUFZ 1, c4<z>; HiZ drive
v00000227adecfac0_0 .net "SBDATI1", 0 0, o00000227ade6e4e8;  0 drivers
o00000227ade6e518 .functor BUFZ 1, c4<z>; HiZ drive
v00000227adecfd40_0 .net "SBDATI2", 0 0, o00000227ade6e518;  0 drivers
o00000227ade6e548 .functor BUFZ 1, c4<z>; HiZ drive
v00000227adecfde0_0 .net "SBDATI3", 0 0, o00000227ade6e548;  0 drivers
o00000227ade6e578 .functor BUFZ 1, c4<z>; HiZ drive
v00000227aded0d80_0 .net "SBDATI4", 0 0, o00000227ade6e578;  0 drivers
o00000227ade6e5a8 .functor BUFZ 1, c4<z>; HiZ drive
v00000227aded1820_0 .net "SBDATI5", 0 0, o00000227ade6e5a8;  0 drivers
o00000227ade6e5d8 .functor BUFZ 1, c4<z>; HiZ drive
v00000227aded0ec0_0 .net "SBDATI6", 0 0, o00000227ade6e5d8;  0 drivers
o00000227ade6e608 .functor BUFZ 1, c4<z>; HiZ drive
v00000227adecfe80_0 .net "SBDATI7", 0 0, o00000227ade6e608;  0 drivers
o00000227ade6e638 .functor BUFZ 1, c4<z>; HiZ drive
v00000227aded09c0_0 .net "SBDATO0", 0 0, o00000227ade6e638;  0 drivers
o00000227ade6e668 .functor BUFZ 1, c4<z>; HiZ drive
v00000227aded0ba0_0 .net "SBDATO1", 0 0, o00000227ade6e668;  0 drivers
o00000227ade6e698 .functor BUFZ 1, c4<z>; HiZ drive
v00000227aded0060_0 .net "SBDATO2", 0 0, o00000227ade6e698;  0 drivers
o00000227ade6e6c8 .functor BUFZ 1, c4<z>; HiZ drive
v00000227aded1a00_0 .net "SBDATO3", 0 0, o00000227ade6e6c8;  0 drivers
o00000227ade6e6f8 .functor BUFZ 1, c4<z>; HiZ drive
v00000227aded0100_0 .net "SBDATO4", 0 0, o00000227ade6e6f8;  0 drivers
o00000227ade6e728 .functor BUFZ 1, c4<z>; HiZ drive
v00000227aded0c40_0 .net "SBDATO5", 0 0, o00000227ade6e728;  0 drivers
o00000227ade6e758 .functor BUFZ 1, c4<z>; HiZ drive
v00000227aded0e20_0 .net "SBDATO6", 0 0, o00000227ade6e758;  0 drivers
o00000227ade6e788 .functor BUFZ 1, c4<z>; HiZ drive
v00000227aded1000_0 .net "SBDATO7", 0 0, o00000227ade6e788;  0 drivers
o00000227ade6e7b8 .functor BUFZ 1, c4<z>; HiZ drive
v00000227aded2900_0 .net "SBRWI", 0 0, o00000227ade6e7b8;  0 drivers
o00000227ade6e7e8 .functor BUFZ 1, c4<z>; HiZ drive
v00000227aded22c0_0 .net "SBSTBI", 0 0, o00000227ade6e7e8;  0 drivers
o00000227ade6e818 .functor BUFZ 1, c4<z>; HiZ drive
v00000227aded2220_0 .net "SCKI", 0 0, o00000227ade6e818;  0 drivers
o00000227ade6e848 .functor BUFZ 1, c4<z>; HiZ drive
v00000227aded24a0_0 .net "SCKO", 0 0, o00000227ade6e848;  0 drivers
o00000227ade6e878 .functor BUFZ 1, c4<z>; HiZ drive
v00000227aded2540_0 .net "SCKOE", 0 0, o00000227ade6e878;  0 drivers
o00000227ade6e8a8 .functor BUFZ 1, c4<z>; HiZ drive
v00000227aded2860_0 .net "SCSNI", 0 0, o00000227ade6e8a8;  0 drivers
o00000227ade6e8d8 .functor BUFZ 1, c4<z>; HiZ drive
v00000227aded2400_0 .net "SI", 0 0, o00000227ade6e8d8;  0 drivers
o00000227ade6e908 .functor BUFZ 1, c4<z>; HiZ drive
v00000227aded25e0_0 .net "SO", 0 0, o00000227ade6e908;  0 drivers
o00000227ade6e938 .functor BUFZ 1, c4<z>; HiZ drive
v00000227aded2680_0 .net "SOE", 0 0, o00000227ade6e938;  0 drivers
o00000227ade6e968 .functor BUFZ 1, c4<z>; HiZ drive
v00000227aded2720_0 .net "SPIIRQ", 0 0, o00000227ade6e968;  0 drivers
o00000227ade6e998 .functor BUFZ 1, c4<z>; HiZ drive
v00000227aded2360_0 .net "SPIWKUP", 0 0, o00000227ade6e998;  0 drivers
S_00000227ade462c0 .scope module, "SB_SPRAM256KA" "SB_SPRAM256KA" 3 2600;
 .timescale -12 -12;
    .port_info 0 /INPUT 14 "ADDRESS";
    .port_info 1 /INPUT 16 "DATAIN";
    .port_info 2 /INPUT 4 "MASKWREN";
    .port_info 3 /INPUT 1 "WREN";
    .port_info 4 /INPUT 1 "CHIPSELECT";
    .port_info 5 /INPUT 1 "CLOCK";
    .port_info 6 /INPUT 1 "STANDBY";
    .port_info 7 /INPUT 1 "SLEEP";
    .port_info 8 /INPUT 1 "POWEROFF";
    .port_info 9 /OUTPUT 16 "DATAOUT";
o00000227ade6f418 .functor BUFZ 1, c4<z>; HiZ drive
L_00000227adf1bb20 .functor OR 1, o00000227ade6f418, L_00000227adf30810, C4<0>, C4<0>;
o00000227ade6f2c8 .functor BUFZ 14, c4<zzzzzzzzzzzzzz>; HiZ drive
v00000227aded27c0_0 .net "ADDRESS", 13 0, o00000227ade6f2c8;  0 drivers
o00000227ade6f2f8 .functor BUFZ 1, c4<z>; HiZ drive
v00000227adecb240_0 .net "CHIPSELECT", 0 0, o00000227ade6f2f8;  0 drivers
o00000227ade6f328 .functor BUFZ 1, c4<z>; HiZ drive
v00000227adecc320_0 .net "CLOCK", 0 0, o00000227ade6f328;  0 drivers
o00000227ade6f358 .functor BUFZ 16, c4<zzzzzzzzzzzzzzzz>; HiZ drive
v00000227adecac00_0 .net "DATAIN", 15 0, o00000227ade6f358;  0 drivers
v00000227adecad40_0 .var "DATAOUT", 15 0;
o00000227ade6f3b8 .functor BUFZ 4, c4<zzzz>; HiZ drive
v00000227adecbf60_0 .net "MASKWREN", 3 0, o00000227ade6f3b8;  0 drivers
o00000227ade6f3e8 .functor BUFZ 1, c4<z>; HiZ drive
v00000227adecd0e0_0 .net "POWEROFF", 0 0, o00000227ade6f3e8;  0 drivers
v00000227adecb560_0 .net "SLEEP", 0 0, o00000227ade6f418;  0 drivers
o00000227ade6f448 .functor BUFZ 1, c4<z>; HiZ drive
v00000227adeccd20_0 .net "STANDBY", 0 0, o00000227ade6f448;  0 drivers
o00000227ade6f478 .functor BUFZ 1, c4<z>; HiZ drive
v00000227adecb1a0_0 .net "WREN", 0 0, o00000227ade6f478;  0 drivers
v00000227adecc820_0 .net *"_ivl_1", 0 0, L_00000227adf30810;  1 drivers
v00000227adecc500_0 .var/i "i", 31 0;
v00000227adecbd80 .array "mem", 16383 0, 15 0;
v00000227adecce60_0 .net "off", 0 0, L_00000227adf1bb20;  1 drivers
E_00000227ade2f7f0 .event posedge, v00000227adecce60_0, v00000227adecc320_0;
E_00000227ade30cf0 .event negedge, v00000227adecd0e0_0;
L_00000227adf30810 .reduce/nor o00000227ade6f3e8;
S_00000227ade45190 .scope module, "SB_WARMBOOT" "SB_WARMBOOT" 3 2593;
 .timescale -12 -12;
    .port_info 0 /INPUT 1 "BOOT";
    .port_info 1 /INPUT 1 "S1";
    .port_info 2 /INPUT 1 "S0";
o00000227ade6f718 .functor BUFZ 1, c4<z>; HiZ drive
v00000227adecab60_0 .net "BOOT", 0 0, o00000227ade6f718;  0 drivers
o00000227ade6f748 .functor BUFZ 1, c4<z>; HiZ drive
v00000227adeccc80_0 .net "S0", 0 0, o00000227ade6f748;  0 drivers
o00000227ade6f778 .functor BUFZ 1, c4<z>; HiZ drive
v00000227adecc280_0 .net "S1", 0 0, o00000227ade6f778;  0 drivers
S_00000227ade46db0 .scope module, "ex2_tb" "ex2_tb" 4 2;
 .timescale -9 -12;
v00000227adecc6e0_0 .net "ICE_31", 0 0, L_00000227adf1ad90;  1 drivers
v00000227adecaac0_0 .var "ICE_SW2", 0 0;
v00000227adecade0_0 .net "LED_B", 0 0, L_00000227adf1b420;  1 drivers
v00000227adecae80_0 .net "LED_G", 0 0, L_00000227adf1ad20;  1 drivers
v00000227adecaf20_0 .net "LED_R", 0 0, L_00000227adf1b650;  1 drivers
S_00000227adebe310 .scope module, "uut" "ex2_top" 4 5, 5 1 0, S_00000227ade46db0;
 .timescale -12 -12;
    .port_info 0 /OUTPUT 1 "LED_B";
    .port_info 1 /OUTPUT 1 "LED_G";
    .port_info 2 /OUTPUT 1 "LED_R";
    .port_info 3 /OUTPUT 1 "ICE_31";
    .port_info 4 /INPUT 1 "ICE_SW2";
v00000227adecc5a0_0 .net "ICE_31", 0 0, L_00000227adf1ad90;  alias, 1 drivers
v00000227adecd180_0 .net "ICE_SW2", 0 0, v00000227adecaac0_0;  1 drivers
v00000227adecaa20_0 .net "LED_B", 0 0, L_00000227adf1b420;  alias, 1 drivers
v00000227adecc640_0 .net "LED_G", 0 0, L_00000227adf1ad20;  alias, 1 drivers
v00000227adecc000_0 .net "LED_R", 0 0, L_00000227adf1b650;  alias, 1 drivers
S_00000227adebf5d0 .scope module, "inst" "clock_divider" 5 4, 6 18 0, S_00000227adebe310;
 .timescale -12 -12;
    .port_info 0 /OUTPUT 1 "LED_B";
    .port_info 1 /OUTPUT 1 "LED_G";
    .port_info 2 /OUTPUT 1 "LED_R";
    .port_info 3 /OUTPUT 1 "ICE_31";
    .port_info 4 /INPUT 1 "ICE_SW2";
L_00000227adf1b650 .functor BUFZ 1, v00000227adecaac0_0, C4<0>, C4<0>, C4<0>;
L_00000227adf1ad20 .functor NOT 1, L_00000227adf30590, C4<0>, C4<0>, C4<0>;
L_00000227adf1b420 .functor BUFZ 1, L_00000227adf30590, C4<0>, C4<0>, C4<0>;
o00000227ade6f838 .functor BUFZ 1, c4<z>; HiZ drive
L_00000227adf1ad90 .functor BUFZ 1, o00000227ade6f838, C4<0>, C4<0>, C4<0>;
v00000227adecc960_0 .net "ICE_31", 0 0, L_00000227adf1ad90;  alias, 1 drivers
v00000227adecca00_0 .net "ICE_SW2", 0 0, v00000227adecaac0_0;  alias, 1 drivers
v00000227adecb9c0_0 .net "LED_B", 0 0, L_00000227adf1b420;  alias, 1 drivers
v00000227adeccaa0_0 .net "LED_G", 0 0, L_00000227adf1ad20;  alias, 1 drivers
v00000227adeccb40_0 .net "LED_R", 0 0, L_00000227adf1b650;  alias, 1 drivers
v00000227adeccbe0_0 .net "clk_hf", 0 0, o00000227ade6f838;  0 drivers
v00000227adecbec0_0 .var "divider", 22 0;
v00000227adeccf00_0 .net "slow_clk", 0 0, L_00000227adf30590;  1 drivers
E_00000227ade30730 .event posedge, v00000227adecc460_0;
L_00000227adf30590 .part v00000227adecbec0_0, 22, 1;
S_00000227adebe4a0 .scope module, "u_hfosc" "SB_HFOSC" 6 28, 3 2664 0, S_00000227adebf5d0;
 .timescale -12 -12;
    .port_info 0 /INPUT 1 "TRIM0";
    .port_info 1 /INPUT 1 "TRIM1";
    .port_info 2 /INPUT 1 "TRIM2";
    .port_info 3 /INPUT 1 "TRIM3";
    .port_info 4 /INPUT 1 "TRIM4";
    .port_info 5 /INPUT 1 "TRIM5";
    .port_info 6 /INPUT 1 "TRIM6";
    .port_info 7 /INPUT 1 "TRIM7";
    .port_info 8 /INPUT 1 "TRIM8";
    .port_info 9 /INPUT 1 "TRIM9";
    .port_info 10 /INPUT 1 "CLKHFPU";
    .port_info 11 /INPUT 1 "CLKHFEN";
    .port_info 12 /OUTPUT 1 "CLKHF";
P_00000227adbb4600 .param/str "CLKHF_DIV" 0 3 2680, "0b10";
P_00000227adbb4638 .param/str "TRIM_EN" 0 3 2679, "0b0";
v00000227adecc460_0 .net "CLKHF", 0 0, o00000227ade6f838;  alias, 0 drivers
L_00000227aded3800 .functor BUFT 1, C4<1>, C4<0>, C4<0>, C4<0>;
v00000227adeccdc0_0 .net "CLKHFEN", 0 0, L_00000227aded3800;  1 drivers
L_00000227aded37b8 .functor BUFT 1, C4<1>, C4<0>, C4<0>, C4<0>;
v00000227adecba60_0 .net "CLKHFPU", 0 0, L_00000227aded37b8;  1 drivers
o00000227ade6f8c8 .functor BUFZ 1, c4<z>; HiZ drive
v00000227adecbb00_0 .net "TRIM0", 0 0, o00000227ade6f8c8;  0 drivers
o00000227ade6f8f8 .functor BUFZ 1, c4<z>; HiZ drive
v00000227adecc3c0_0 .net "TRIM1", 0 0, o00000227ade6f8f8;  0 drivers
o00000227ade6f928 .functor BUFZ 1, c4<z>; HiZ drive
v00000227adecc8c0_0 .net "TRIM2", 0 0, o00000227ade6f928;  0 drivers
o00000227ade6f958 .functor BUFZ 1, c4<z>; HiZ drive
v00000227adecb060_0 .net "TRIM3", 0 0, o00000227ade6f958;  0 drivers
o00000227ade6f988 .functor BUFZ 1, c4<z>; HiZ drive
v00000227adeccfa0_0 .net "TRIM4", 0 0, o00000227ade6f988;  0 drivers
o00000227ade6f9b8 .functor BUFZ 1, c4<z>; HiZ drive
v00000227adecc140_0 .net "TRIM5", 0 0, o00000227ade6f9b8;  0 drivers
o00000227ade6f9e8 .functor BUFZ 1, c4<z>; HiZ drive
v00000227adecc1e0_0 .net "TRIM6", 0 0, o00000227ade6f9e8;  0 drivers
o00000227ade6fa18 .functor BUFZ 1, c4<z>; HiZ drive
v00000227adecaca0_0 .net "TRIM7", 0 0, o00000227ade6fa18;  0 drivers
o00000227ade6fa48 .functor BUFZ 1, c4<z>; HiZ drive
v00000227adecd040_0 .net "TRIM8", 0 0, o00000227ade6fa48;  0 drivers
o00000227ade6fa78 .functor BUFZ 1, c4<z>; HiZ drive
v00000227adecb2e0_0 .net "TRIM9", 0 0, o00000227ade6fa78;  0 drivers
    .scope S_00000227adc5ee20;
T_2 ;
    %pushi/vec4 0, 0, 1;
    %store/vec4 v00000227ade5c1a0_0, 0, 1;
    %pushi/vec4 0, 0, 1;
    %store/vec4 v00000227ade5b340_0, 0, 1;
    %end;
    .thread T_2, $init;
    .scope S_00000227adc5ee20;
T_3 ;
    %wait E_00000227ade2fbb0;
    %load/vec4 v00000227ade03210_0;
    %flag_set/vec4 8;
    %jmp/0xz  T_3.0, 8;
    %load/vec4 v00000227adddf0f0_0;
    %flag_set/vec4 8;
    %jmp/0 T_3.2, 8;
    %pushi/vec4 0, 0, 1;
    %jmp/1 T_3.3, 8;
T_3.2 ; End of true expr.
    %load/vec4 v00000227ade5bde0_0;
    %jmp/0 T_3.3, 8;
 ; End of false expr.
    %blend;
T_3.3;
    %assign/vec4 v00000227ade5c1a0_0, 0;
T_3.0 ;
    %jmp T_3;
    .thread T_3;
    .scope S_00000227adc5ee20;
T_4 ;
    %wait E_00000227ade2f530;
    %load/vec4 v00000227adddf0f0_0;
    %flag_set/vec4 8;
    %jmp/0xz  T_4.0, 8;
    %pushi/vec4 0, 0, 1;
    %assign/vec4 v00000227ade5b340_0, 0;
    %jmp T_4.1;
T_4.0 ;
    %load/vec4 v00000227ade03210_0;
    %flag_set/vec4 8;
    %jmp/0xz  T_4.2, 8;
    %load/vec4 v00000227ade5bde0_0;
    %assign/vec4 v00000227ade5b340_0, 0;
T_4.2 ;
T_4.1 ;
    %jmp T_4;
    .thread T_4;
    .scope S_00000227ade454b0;
T_5 ;
    %pushi/vec4 0, 0, 32;
    %store/vec4 v00000227ade5c600_0, 0, 32;
T_5.0 ; Top of for-loop
    %load/vec4 v00000227ade5c600_0;
    %cmpi/s 16, 0, 32;
	  %jmp/0xz T_5.1, 5;
    %pushi/vec4 0, 0, 256;
    %load/vec4 v00000227ade5c600_0;
    %muli 16, 0, 32;
    %part/s 16;
    %pushi/vec4 0, 0, 32;
    %load/vec4 v00000227ade5c600_0;
    %add;
    %ix/vec4/s 4;
    %store/vec4a v00000227ade5aee0, 4, 0;
    %pushi/vec4 0, 0, 256;
    %load/vec4 v00000227ade5c600_0;
    %muli 16, 0, 32;
    %part/s 16;
    %pushi/vec4 16, 0, 32;
    %load/vec4 v00000227ade5c600_0;
    %add;
    %ix/vec4/s 4;
    %store/vec4a v00000227ade5aee0, 4, 0;
    %pushi/vec4 0, 0, 256;
    %load/vec4 v00000227ade5c600_0;
    %muli 16, 0, 32;
    %part/s 16;
    %pushi/vec4 32, 0, 32;
    %load/vec4 v00000227ade5c600_0;
    %add;
    %ix/vec4/s 4;
    %store/vec4a v00000227ade5aee0, 4, 0;
    %pushi/vec4 0, 0, 256;
    %load/vec4 v00000227ade5c600_0;
    %muli 16, 0, 32;
    %part/s 16;
    %pushi/vec4 48, 0, 32;
    %load/vec4 v00000227ade5c600_0;
    %add;
    %ix/vec4/s 4;
    %store/vec4a v00000227ade5aee0, 4, 0;
    %pushi/vec4 0, 0, 256;
    %load/vec4 v00000227ade5c600_0;
    %muli 16, 0, 32;
    %part/s 16;
    %pushi/vec4 64, 0, 32;
    %load/vec4 v00000227ade5c600_0;
    %add;
    %ix/vec4/s 4;
    %store/vec4a v00000227ade5aee0, 4, 0;
    %pushi/vec4 0, 0, 256;
    %load/vec4 v00000227ade5c600_0;
    %muli 16, 0, 32;
    %part/s 16;
    %pushi/vec4 80, 0, 32;
    %load/vec4 v00000227ade5c600_0;
    %add;
    %ix/vec4/s 4;
    %store/vec4a v00000227ade5aee0, 4, 0;
    %pushi/vec4 0, 0, 256;
    %load/vec4 v00000227ade5c600_0;
    %muli 16, 0, 32;
    %part/s 16;
    %pushi/vec4 96, 0, 32;
    %load/vec4 v00000227ade5c600_0;
    %add;
    %ix/vec4/s 4;
    %store/vec4a v00000227ade5aee0, 4, 0;
    %pushi/vec4 0, 0, 256;
    %load/vec4 v00000227ade5c600_0;
    %muli 16, 0, 32;
    %part/s 16;
    %pushi/vec4 112, 0, 32;
    %load/vec4 v00000227ade5c600_0;
    %add;
    %ix/vec4/s 4;
    %store/vec4a v00000227ade5aee0, 4, 0;
    %pushi/vec4 0, 0, 256;
    %load/vec4 v00000227ade5c600_0;
    %muli 16, 0, 32;
    %part/s 16;
    %pushi/vec4 128, 0, 32;
    %load/vec4 v00000227ade5c600_0;
    %add;
    %ix/vec4/s 4;
    %store/vec4a v00000227ade5aee0, 4, 0;
    %pushi/vec4 0, 0, 256;
    %load/vec4 v00000227ade5c600_0;
    %muli 16, 0, 32;
    %part/s 16;
    %pushi/vec4 144, 0, 32;
    %load/vec4 v00000227ade5c600_0;
    %add;
    %ix/vec4/s 4;
    %store/vec4a v00000227ade5aee0, 4, 0;
    %pushi/vec4 0, 0, 256;
    %load/vec4 v00000227ade5c600_0;
    %muli 16, 0, 32;
    %part/s 16;
    %pushi/vec4 160, 0, 32;
    %load/vec4 v00000227ade5c600_0;
    %add;
    %ix/vec4/s 4;
    %store/vec4a v00000227ade5aee0, 4, 0;
    %pushi/vec4 0, 0, 256;
    %load/vec4 v00000227ade5c600_0;
    %muli 16, 0, 32;
    %part/s 16;
    %pushi/vec4 176, 0, 32;
    %load/vec4 v00000227ade5c600_0;
    %add;
    %ix/vec4/s 4;
    %store/vec4a v00000227ade5aee0, 4, 0;
    %pushi/vec4 0, 0, 256;
    %load/vec4 v00000227ade5c600_0;
    %muli 16, 0, 32;
    %part/s 16;
    %pushi/vec4 192, 0, 32;
    %load/vec4 v00000227ade5c600_0;
    %add;
    %ix/vec4/s 4;
    %store/vec4a v00000227ade5aee0, 4, 0;
    %pushi/vec4 0, 0, 256;
    %load/vec4 v00000227ade5c600_0;
    %muli 16, 0, 32;
    %part/s 16;
    %pushi/vec4 208, 0, 32;
    %load/vec4 v00000227ade5c600_0;
    %add;
    %ix/vec4/s 4;
    %store/vec4a v00000227ade5aee0, 4, 0;
    %pushi/vec4 0, 0, 256;
    %load/vec4 v00000227ade5c600_0;
    %muli 16, 0, 32;
    %part/s 16;
    %pushi/vec4 224, 0, 32;
    %load/vec4 v00000227ade5c600_0;
    %add;
    %ix/vec4/s 4;
    %store/vec4a v00000227ade5aee0, 4, 0;
    %pushi/vec4 0, 0, 256;
    %load/vec4 v00000227ade5c600_0;
    %muli 16, 0, 32;
    %part/s 16;
    %pushi/vec4 240, 0, 32;
    %load/vec4 v00000227ade5c600_0;
    %add;
    %ix/vec4/s 4;
    %store/vec4a v00000227ade5aee0, 4, 0;
T_5.2 ; for-loop step statement
    %load/vec4 v00000227ade5c600_0;
    %addi 1, 0, 32;
    %store/vec4 v00000227ade5c600_0, 0, 32;
    %jmp T_5.0;
T_5.1 ; for-loop exit label
    %end;
    .thread T_5;
    .scope S_00000227ade454b0;
T_6 ;
    %wait E_00000227ade2fe30;
    %load/vec4 v00000227ade5bac0_0;
    %flag_set/vec4 9;
    %flag_get/vec4 9;
    %jmp/0 T_6.2, 9;
    %load/vec4 v00000227ade5bd40_0;
    %and;
T_6.2;
    %flag_set/vec4 8;
    %jmp/0xz  T_6.0, 8;
    %load/vec4 v00000227ade5bb60_0;
    %parti/s 1, 0, 2;
    %nor/r;
    %flag_set/vec4 8;
    %jmp/0xz  T_6.3, 8;
    %load/vec4 v00000227ade5c240_0;
    %parti/s 1, 0, 2;
    %load/vec4 v00000227ade5abc0_0;
    %parti/s 8, 0, 2;
    %pad/u 10;
    %ix/vec4 3;
    %ix/load 4, 0, 0; Constant delay
    %assign/vec4/a/d v00000227ade5aee0, 0, 4;
T_6.3 ;
    %load/vec4 v00000227ade5bb60_0;
    %parti/s 1, 1, 2;
    %nor/r;
    %flag_set/vec4 8;
    %jmp/0xz  T_6.5, 8;
    %load/vec4 v00000227ade5c240_0;
    %parti/s 1, 1, 2;
    %load/vec4 v00000227ade5abc0_0;
    %parti/s 8, 0, 2;
    %pad/u 10;
    %ix/vec4 3;
    %ix/load 4, 1, 0; part off
    %ix/load 5, 0, 0; Constant delay
    %assign/vec4/a/d v00000227ade5aee0, 4, 5;
T_6.5 ;
    %load/vec4 v00000227ade5bb60_0;
    %parti/s 1, 2, 3;
    %nor/r;
    %flag_set/vec4 8;
    %jmp/0xz  T_6.7, 8;
    %load/vec4 v00000227ade5c240_0;
    %parti/s 1, 2, 3;
    %load/vec4 v00000227ade5abc0_0;
    %parti/s 8, 0, 2;
    %pad/u 10;
    %ix/vec4 3;
    %ix/load 4, 2, 0; part off
    %ix/load 5, 0, 0; Constant delay
    %assign/vec4/a/d v00000227ade5aee0, 4, 5;
T_6.7 ;
    %load/vec4 v00000227ade5bb60_0;
    %parti/s 1, 3, 3;
    %nor/r;
    %flag_set/vec4 8;
    %jmp/0xz  T_6.9, 8;
    %load/vec4 v00000227ade5c240_0;
    %parti/s 1, 3, 3;
    %load/vec4 v00000227ade5abc0_0;
    %parti/s 8, 0, 2;
    %pad/u 10;
    %ix/vec4 3;
    %ix/load 4, 3, 0; part off
    %ix/load 5, 0, 0; Constant delay
    %assign/vec4/a/d v00000227ade5aee0, 4, 5;
T_6.9 ;
    %load/vec4 v00000227ade5bb60_0;
    %parti/s 1, 4, 4;
    %nor/r;
    %flag_set/vec4 8;
    %jmp/0xz  T_6.11, 8;
    %load/vec4 v00000227ade5c240_0;
    %parti/s 1, 4, 4;
    %load/vec4 v00000227ade5abc0_0;
    %parti/s 8, 0, 2;
    %pad/u 10;
    %ix/vec4 3;
    %ix/load 4, 4, 0; part off
    %ix/load 5, 0, 0; Constant delay
    %assign/vec4/a/d v00000227ade5aee0, 4, 5;
T_6.11 ;
    %load/vec4 v00000227ade5bb60_0;
    %parti/s 1, 5, 4;
    %nor/r;
    %flag_set/vec4 8;
    %jmp/0xz  T_6.13, 8;
    %load/vec4 v00000227ade5c240_0;
    %parti/s 1, 5, 4;
    %load/vec4 v00000227ade5abc0_0;
    %parti/s 8, 0, 2;
    %pad/u 10;
    %ix/vec4 3;
    %ix/load 4, 5, 0; part off
    %ix/load 5, 0, 0; Constant delay
    %assign/vec4/a/d v00000227ade5aee0, 4, 5;
T_6.13 ;
    %load/vec4 v00000227ade5bb60_0;
    %parti/s 1, 6, 4;
    %nor/r;
    %flag_set/vec4 8;
    %jmp/0xz  T_6.15, 8;
    %load/vec4 v00000227ade5c240_0;
    %parti/s 1, 6, 4;
    %load/vec4 v00000227ade5abc0_0;
    %parti/s 8, 0, 2;
    %pad/u 10;
    %ix/vec4 3;
    %ix/load 4, 6, 0; part off
    %ix/load 5, 0, 0; Constant delay
    %assign/vec4/a/d v00000227ade5aee0, 4, 5;
T_6.15 ;
    %load/vec4 v00000227ade5bb60_0;
    %parti/s 1, 7, 4;
    %nor/r;
    %flag_set/vec4 8;
    %jmp/0xz  T_6.17, 8;
    %load/vec4 v00000227ade5c240_0;
    %parti/s 1, 7, 4;
    %load/vec4 v00000227ade5abc0_0;
    %parti/s 8, 0, 2;
    %pad/u 10;
    %ix/vec4 3;
    %ix/load 4, 7, 0; part off
    %ix/load 5, 0, 0; Constant delay
    %assign/vec4/a/d v00000227ade5aee0, 4, 5;
T_6.17 ;
    %load/vec4 v00000227ade5bb60_0;
    %parti/s 1, 8, 5;
    %nor/r;
    %flag_set/vec4 8;
    %jmp/0xz  T_6.19, 8;
    %load/vec4 v00000227ade5c240_0;
    %parti/s 1, 8, 5;
    %load/vec4 v00000227ade5abc0_0;
    %parti/s 8, 0, 2;
    %pad/u 10;
    %ix/vec4 3;
    %ix/load 4, 8, 0; part off
    %ix/load 5, 0, 0; Constant delay
    %assign/vec4/a/d v00000227ade5aee0, 4, 5;
T_6.19 ;
    %load/vec4 v00000227ade5bb60_0;
    %parti/s 1, 9, 5;
    %nor/r;
    %flag_set/vec4 8;
    %jmp/0xz  T_6.21, 8;
    %load/vec4 v00000227ade5c240_0;
    %parti/s 1, 9, 5;
    %load/vec4 v00000227ade5abc0_0;
    %parti/s 8, 0, 2;
    %pad/u 10;
    %ix/vec4 3;
    %ix/load 4, 9, 0; part off
    %ix/load 5, 0, 0; Constant delay
    %assign/vec4/a/d v00000227ade5aee0, 4, 5;
T_6.21 ;
    %load/vec4 v00000227ade5bb60_0;
    %parti/s 1, 10, 5;
    %nor/r;
    %flag_set/vec4 8;
    %jmp/0xz  T_6.23, 8;
    %load/vec4 v00000227ade5c240_0;
    %parti/s 1, 10, 5;
    %load/vec4 v00000227ade5abc0_0;
    %parti/s 8, 0, 2;
    %pad/u 10;
    %ix/vec4 3;
    %ix/load 4, 10, 0; part off
    %ix/load 5, 0, 0; Constant delay
    %assign/vec4/a/d v00000227ade5aee0, 4, 5;
T_6.23 ;
    %load/vec4 v00000227ade5bb60_0;
    %parti/s 1, 11, 5;
    %nor/r;
    %flag_set/vec4 8;
    %jmp/0xz  T_6.25, 8;
    %load/vec4 v00000227ade5c240_0;
    %parti/s 1, 11, 5;
    %load/vec4 v00000227ade5abc0_0;
    %parti/s 8, 0, 2;
    %pad/u 10;
    %ix/vec4 3;
    %ix/load 4, 11, 0; part off
    %ix/load 5, 0, 0; Constant delay
    %assign/vec4/a/d v00000227ade5aee0, 4, 5;
T_6.25 ;
    %load/vec4 v00000227ade5bb60_0;
    %parti/s 1, 12, 5;
    %nor/r;
    %flag_set/vec4 8;
    %jmp/0xz  T_6.27, 8;
    %load/vec4 v00000227ade5c240_0;
    %parti/s 1, 12, 5;
    %load/vec4 v00000227ade5abc0_0;
    %parti/s 8, 0, 2;
    %pad/u 10;
    %ix/vec4 3;
    %ix/load 4, 12, 0; part off
    %ix/load 5, 0, 0; Constant delay
    %assign/vec4/a/d v00000227ade5aee0, 4, 5;
T_6.27 ;
    %load/vec4 v00000227ade5bb60_0;
    %parti/s 1, 13, 5;
    %nor/r;
    %flag_set/vec4 8;
    %jmp/0xz  T_6.29, 8;
    %load/vec4 v00000227ade5c240_0;
    %parti/s 1, 13, 5;
    %load/vec4 v00000227ade5abc0_0;
    %parti/s 8, 0, 2;
    %pad/u 10;
    %ix/vec4 3;
    %ix/load 4, 13, 0; part off
    %ix/load 5, 0, 0; Constant delay
    %assign/vec4/a/d v00000227ade5aee0, 4, 5;
T_6.29 ;
    %load/vec4 v00000227ade5bb60_0;
    %parti/s 1, 14, 5;
    %nor/r;
    %flag_set/vec4 8;
    %jmp/0xz  T_6.31, 8;
    %load/vec4 v00000227ade5c240_0;
    %parti/s 1, 14, 5;
    %load/vec4 v00000227ade5abc0_0;
    %parti/s 8, 0, 2;
    %pad/u 10;
    %ix/vec4 3;
    %ix/load 4, 14, 0; part off
    %ix/load 5, 0, 0; Constant delay
    %assign/vec4/a/d v00000227ade5aee0, 4, 5;
T_6.31 ;
    %load/vec4 v00000227ade5bb60_0;
    %parti/s 1, 15, 5;
    %nor/r;
    %flag_set/vec4 8;
    %jmp/0xz  T_6.33, 8;
    %load/vec4 v00000227ade5c240_0;
    %parti/s 1, 15, 5;
    %load/vec4 v00000227ade5abc0_0;
    %parti/s 8, 0, 2;
    %pad/u 10;
    %ix/vec4 3;
    %ix/load 4, 15, 0; part off
    %ix/load 5, 0, 0; Constant delay
    %assign/vec4/a/d v00000227ade5aee0, 4, 5;
T_6.33 ;
T_6.0 ;
    %jmp T_6;
    .thread T_6;
    .scope S_00000227ade454b0;
T_7 ;
    %wait E_00000227ade2f930;
    %load/vec4 v00000227ade5ae40_0;
    %flag_set/vec4 9;
    %flag_get/vec4 9;
    %jmp/0 T_7.2, 9;
    %load/vec4 v00000227ade5c380_0;
    %and;
T_7.2;
    %flag_set/vec4 8;
    %jmp/0xz  T_7.0, 8;
    %load/vec4 v00000227ade5af80_0;
    %parti/s 8, 0, 2;
    %pad/u 10;
    %ix/vec4 4;
    %load/vec4a v00000227ade5aee0, 4;
    %load/vec4 v00000227ade5ba20_0;
    %inv;
    %and;
    %assign/vec4 v00000227ade5b660_0, 0;
T_7.0 ;
    %jmp T_7;
    .thread T_7;
    .scope S_00000227adbd3530;
T_8 ;
    %pushi/vec4 0, 0, 1;
    %store/vec4 v00000227adea4130_0, 0, 1;
    %end;
    .thread T_8;
    .scope S_00000227adbd3530;
T_9 ;
    %wait E_00000227ade2fef0;
    %load/vec4 v00000227adea3b90_0;
    %assign/vec4 v00000227adea4130_0, 0;
    %jmp T_9;
    .thread T_9;
    .scope S_00000227adbbb830;
T_10 ;
    %pushi/vec4 0, 0, 1;
    %store/vec4 v00000227adea3c30_0, 0, 1;
    %end;
    .thread T_10;
    .scope S_00000227adbbb830;
T_11 ;
    %wait E_00000227ade2ffb0;
    %load/vec4 v00000227adea41d0_0;
    %flag_set/vec4 8;
    %jmp/0xz  T_11.0, 8;
    %load/vec4 v00000227adea3050_0;
    %assign/vec4 v00000227adea3c30_0, 0;
T_11.0 ;
    %jmp T_11;
    .thread T_11;
    .scope S_00000227adbbb9c0;
T_12 ;
    %pushi/vec4 0, 0, 1;
    %store/vec4 v00000227adea3190_0, 0, 1;
    %end;
    .thread T_12;
    .scope S_00000227adbbb9c0;
T_13 ;
    %wait E_00000227ade2fdb0;
    %load/vec4 v00000227adea3230_0;
    %flag_set/vec4 8;
    %jmp/0xz  T_13.0, 8;
    %pushi/vec4 0, 0, 1;
    %assign/vec4 v00000227adea3190_0, 0;
    %jmp T_13.1;
T_13.0 ;
    %load/vec4 v00000227adea3a50_0;
    %flag_set/vec4 8;
    %jmp/0xz  T_13.2, 8;
    %load/vec4 v00000227adea3910_0;
    %assign/vec4 v00000227adea3190_0, 0;
T_13.2 ;
T_13.1 ;
    %jmp T_13;
    .thread T_13;
    .scope S_00000227adbbbb50;
T_14 ;
    %pushi/vec4 0, 0, 1;
    %store/vec4 v00000227adea7400_0, 0, 1;
    %end;
    .thread T_14;
    .scope S_00000227adbbbb50;
T_15 ;
    %wait E_00000227ade2fcf0;
    %load/vec4 v00000227adea6dc0_0;
    %flag_set/vec4 8;
    %jmp/0xz  T_15.0, 8;
    %pushi/vec4 1, 0, 1;
    %assign/vec4 v00000227adea7400_0, 0;
    %jmp T_15.1;
T_15.0 ;
    %load/vec4 v00000227adea6000_0;
    %flag_set/vec4 8;
    %jmp/0xz  T_15.2, 8;
    %load/vec4 v00000227adea3f50_0;
    %assign/vec4 v00000227adea7400_0, 0;
T_15.2 ;
T_15.1 ;
    %jmp T_15;
    .thread T_15;
    .scope S_00000227adbc5690;
T_16 ;
    %pushi/vec4 0, 0, 1;
    %store/vec4 v00000227adea6320_0, 0, 1;
    %end;
    .thread T_16;
    .scope S_00000227adbc5690;
T_17 ;
    %wait E_00000227ade2fe70;
    %load/vec4 v00000227adea5100_0;
    %flag_set/vec4 8;
    %jmp/0xz  T_17.0, 8;
    %load/vec4 v00000227adea5a60_0;
    %flag_set/vec4 8;
    %jmp/0xz  T_17.2, 8;
    %pushi/vec4 0, 0, 1;
    %assign/vec4 v00000227adea6320_0, 0;
    %jmp T_17.3;
T_17.2 ;
    %load/vec4 v00000227adea68c0_0;
    %assign/vec4 v00000227adea6320_0, 0;
T_17.3 ;
T_17.0 ;
    %jmp T_17;
    .thread T_17;
    .scope S_00000227adbc5820;
T_18 ;
    %pushi/vec4 0, 0, 1;
    %store/vec4 v00000227adea6be0_0, 0, 1;
    %end;
    .thread T_18;
    .scope S_00000227adbc5820;
T_19 ;
    %wait E_00000227ade2f6f0;
    %load/vec4 v00000227adea5240_0;
    %flag_set/vec4 8;
    %jmp/0xz  T_19.0, 8;
    %load/vec4 v00000227adea6b40_0;
    %flag_set/vec4 8;
    %jmp/0xz  T_19.2, 8;
    %pushi/vec4 1, 0, 1;
    %assign/vec4 v00000227adea6be0_0, 0;
    %jmp T_19.3;
T_19.2 ;
    %load/vec4 v00000227adea5d80_0;
    %assign/vec4 v00000227adea6be0_0, 0;
T_19.3 ;
T_19.0 ;
    %jmp T_19;
    .thread T_19;
    .scope S_00000227adbc59b0;
T_20 ;
    %pushi/vec4 0, 0, 1;
    %store/vec4 v00000227adea5b00_0, 0, 1;
    %end;
    .thread T_20;
    .scope S_00000227adbc59b0;
T_21 ;
    %wait E_00000227ade2f9b0;
    %load/vec4 v00000227adea6c80_0;
    %assign/vec4 v00000227adea5b00_0, 0;
    %jmp T_21;
    .thread T_21;
    .scope S_00000227adbc2cd0;
T_22 ;
    %pushi/vec4 0, 0, 1;
    %store/vec4 v00000227adea72c0_0, 0, 1;
    %end;
    .thread T_22;
    .scope S_00000227adbc2cd0;
T_23 ;
    %wait E_00000227ade2fff0;
    %load/vec4 v00000227adea5ba0_0;
    %flag_set/vec4 8;
    %jmp/0xz  T_23.0, 8;
    %load/vec4 v00000227adea6640_0;
    %assign/vec4 v00000227adea72c0_0, 0;
T_23.0 ;
    %jmp T_23;
    .thread T_23;
    .scope S_00000227adbc2e60;
T_24 ;
    %pushi/vec4 0, 0, 1;
    %store/vec4 v00000227adea6780_0, 0, 1;
    %end;
    .thread T_24;
    .scope S_00000227adbc2e60;
T_25 ;
    %wait E_00000227ade2f9f0;
    %load/vec4 v00000227adea6a00_0;
    %flag_set/vec4 8;
    %jmp/0xz  T_25.0, 8;
    %pushi/vec4 0, 0, 1;
    %assign/vec4 v00000227adea6780_0, 0;
    %jmp T_25.1;
T_25.0 ;
    %load/vec4 v00000227adea6960_0;
    %flag_set/vec4 8;
    %jmp/0xz  T_25.2, 8;
    %load/vec4 v00000227adea51a0_0;
    %assign/vec4 v00000227adea6780_0, 0;
T_25.2 ;
T_25.1 ;
    %jmp T_25;
    .thread T_25;
    .scope S_00000227adbc2ff0;
T_26 ;
    %pushi/vec4 0, 0, 1;
    %store/vec4 v00000227adea75e0_0, 0, 1;
    %end;
    .thread T_26;
    .scope S_00000227adbc2ff0;
T_27 ;
    %wait E_00000227ade2f5b0;
    %load/vec4 v00000227adea6500_0;
    %flag_set/vec4 8;
    %jmp/0xz  T_27.0, 8;
    %pushi/vec4 1, 0, 1;
    %assign/vec4 v00000227adea75e0_0, 0;
    %jmp T_27.1;
T_27.0 ;
    %load/vec4 v00000227adea5560_0;
    %flag_set/vec4 8;
    %jmp/0xz  T_27.2, 8;
    %load/vec4 v00000227adea6460_0;
    %assign/vec4 v00000227adea75e0_0, 0;
T_27.2 ;
T_27.1 ;
    %jmp T_27;
    .thread T_27;
    .scope S_00000227ade3f4d0;
T_28 ;
    %pushi/vec4 0, 0, 1;
    %store/vec4 v00000227adea7360_0, 0, 1;
    %end;
    .thread T_28;
    .scope S_00000227ade3f4d0;
T_29 ;
    %wait E_00000227ade2f730;
    %load/vec4 v00000227adea6aa0_0;
    %flag_set/vec4 8;
    %jmp/0xz  T_29.0, 8;
    %load/vec4 v00000227adea65a0_0;
    %flag_set/vec4 8;
    %jmp/0xz  T_29.2, 8;
    %pushi/vec4 0, 0, 1;
    %assign/vec4 v00000227adea7360_0, 0;
    %jmp T_29.3;
T_29.2 ;
    %load/vec4 v00000227adea5740_0;
    %assign/vec4 v00000227adea7360_0, 0;
T_29.3 ;
T_29.0 ;
    %jmp T_29;
    .thread T_29;
    .scope S_00000227ade3f660;
T_30 ;
    %pushi/vec4 0, 0, 1;
    %store/vec4 v00000227adea66e0_0, 0, 1;
    %end;
    .thread T_30;
    .scope S_00000227ade3f660;
T_31 ;
    %wait E_00000227ade2fa70;
    %load/vec4 v00000227adea5c40_0;
    %flag_set/vec4 8;
    %jmp/0xz  T_31.0, 8;
    %load/vec4 v00000227adea7680_0;
    %flag_set/vec4 8;
    %jmp/0xz  T_31.2, 8;
    %pushi/vec4 1, 0, 1;
    %assign/vec4 v00000227adea66e0_0, 0;
    %jmp T_31.3;
T_31.2 ;
    %load/vec4 v00000227adea6f00_0;
    %assign/vec4 v00000227adea66e0_0, 0;
T_31.3 ;
T_31.0 ;
    %jmp T_31;
    .thread T_31;
    .scope S_00000227ade3fca0;
T_32 ;
    %pushi/vec4 0, 0, 1;
    %store/vec4 v00000227adea7040_0, 0, 1;
    %end;
    .thread T_32;
    .scope S_00000227ade3fca0;
T_33 ;
    %wait E_00000227ade2fa30;
    %load/vec4 v00000227adea7180_0;
    %flag_set/vec4 8;
    %jmp/0xz  T_33.0, 8;
    %pushi/vec4 0, 0, 1;
    %assign/vec4 v00000227adea7040_0, 0;
    %jmp T_33.1;
T_33.0 ;
    %load/vec4 v00000227adea54c0_0;
    %assign/vec4 v00000227adea7040_0, 0;
T_33.1 ;
    %jmp T_33;
    .thread T_33;
    .scope S_00000227ade3f7f0;
T_34 ;
    %pushi/vec4 0, 0, 1;
    %store/vec4 v00000227adea74a0_0, 0, 1;
    %end;
    .thread T_34;
    .scope S_00000227ade3f7f0;
T_35 ;
    %wait E_00000227ade30030;
    %load/vec4 v00000227adea4fc0_0;
    %flag_set/vec4 8;
    %jmp/0xz  T_35.0, 8;
    %pushi/vec4 1, 0, 1;
    %assign/vec4 v00000227adea74a0_0, 0;
    %jmp T_35.1;
T_35.0 ;
    %load/vec4 v00000227adea70e0_0;
    %assign/vec4 v00000227adea74a0_0, 0;
T_35.1 ;
    %jmp T_35;
    .thread T_35;
    .scope S_00000227ade3fe30;
T_36 ;
    %pushi/vec4 0, 0, 1;
    %store/vec4 v00000227adea5380_0, 0, 1;
    %end;
    .thread T_36;
    .scope S_00000227ade3fe30;
T_37 ;
    %wait E_00000227ade300f0;
    %load/vec4 v00000227adea5420_0;
    %flag_set/vec4 8;
    %jmp/0xz  T_37.0, 8;
    %pushi/vec4 0, 0, 1;
    %assign/vec4 v00000227adea5380_0, 0;
    %jmp T_37.1;
T_37.0 ;
    %load/vec4 v00000227adea52e0_0;
    %assign/vec4 v00000227adea5380_0, 0;
T_37.1 ;
    %jmp T_37;
    .thread T_37;
    .scope S_00000227ade3ffc0;
T_38 ;
    %pushi/vec4 0, 0, 1;
    %store/vec4 v00000227adea57e0_0, 0, 1;
    %end;
    .thread T_38;
    .scope S_00000227ade3ffc0;
T_39 ;
    %wait E_00000227ade2f570;
    %load/vec4 v00000227adea5880_0;
    %flag_set/vec4 8;
    %jmp/0xz  T_39.0, 8;
    %pushi/vec4 1, 0, 1;
    %assign/vec4 v00000227adea57e0_0, 0;
    %jmp T_39.1;
T_39.0 ;
    %load/vec4 v00000227adea56a0_0;
    %assign/vec4 v00000227adea57e0_0, 0;
T_39.1 ;
    %jmp T_39;
    .thread T_39;
    .scope S_00000227ade40150;
T_40 ;
    %pushi/vec4 0, 0, 1;
    %store/vec4 v00000227adea5ce0_0, 0, 1;
    %end;
    .thread T_40;
    .scope S_00000227ade40150;
T_41 ;
    %wait E_00000227ade2f5f0;
    %load/vec4 v00000227adea5e20_0;
    %flag_set/vec4 8;
    %jmp/0xz  T_41.0, 8;
    %pushi/vec4 0, 0, 1;
    %assign/vec4 v00000227adea5ce0_0, 0;
    %jmp T_41.1;
T_41.0 ;
    %load/vec4 v00000227adea59c0_0;
    %assign/vec4 v00000227adea5ce0_0, 0;
T_41.1 ;
    %jmp T_41;
    .thread T_41;
    .scope S_00000227ade3fb10;
T_42 ;
    %pushi/vec4 0, 0, 1;
    %store/vec4 v00000227adea61e0_0, 0, 1;
    %end;
    .thread T_42;
    .scope S_00000227ade3fb10;
T_43 ;
    %wait E_00000227ade2fb70;
    %load/vec4 v00000227adea6280_0;
    %flag_set/vec4 8;
    %jmp/0xz  T_43.0, 8;
    %pushi/vec4 1, 0, 1;
    %assign/vec4 v00000227adea61e0_0, 0;
    %jmp T_43.1;
T_43.0 ;
    %load/vec4 v00000227adea60a0_0;
    %assign/vec4 v00000227adea61e0_0, 0;
T_43.1 ;
    %jmp T_43;
    .thread T_43;
    .scope S_00000227ade402e0;
T_44 ;
    %pushi/vec4 0, 0, 1;
    %store/vec4 v00000227adea8260_0, 0, 1;
    %end;
    .thread T_44;
    .scope S_00000227ade402e0;
T_45 ;
    %wait E_00000227ade2fab0;
    %load/vec4 v00000227adea8580_0;
    %flag_set/vec4 8;
    %jmp/0xz  T_45.0, 8;
    %pushi/vec4 0, 0, 1;
    %assign/vec4 v00000227adea8260_0, 0;
    %jmp T_45.1;
T_45.0 ;
    %load/vec4 v00000227adea81c0_0;
    %assign/vec4 v00000227adea8260_0, 0;
T_45.1 ;
    %jmp T_45;
    .thread T_45;
    .scope S_00000227ade3f980;
T_46 ;
    %pushi/vec4 0, 0, 1;
    %store/vec4 v00000227adea77c0_0, 0, 1;
    %end;
    .thread T_46;
    .scope S_00000227ade3f980;
T_47 ;
    %wait E_00000227ade2faf0;
    %load/vec4 v00000227adea8d00_0;
    %flag_set/vec4 8;
    %jmp/0xz  T_47.0, 8;
    %pushi/vec4 1, 0, 1;
    %assign/vec4 v00000227adea77c0_0, 0;
    %jmp T_47.1;
T_47.0 ;
    %load/vec4 v00000227adea8c60_0;
    %assign/vec4 v00000227adea77c0_0, 0;
T_47.1 ;
    %jmp T_47;
    .thread T_47;
    .scope S_00000227ade457d0;
T_48 ;
    %wait E_00000227ade30070;
    %load/vec4 v00000227adea8bc0_0;
    %assign/vec4 v00000227adea89e0_0, 0;
    %jmp T_48;
    .thread T_48;
    .scope S_00000227ade457d0;
T_49 ;
    %wait E_00000227ade30070;
    %load/vec4 v00000227adea8bc0_0;
    %flag_set/vec4 8;
    %jmp/0xz  T_49.0, 8;
    %load/vec4 v00000227adea7900_0;
    %assign/vec4 v00000227adea8b20_0, 0;
T_49.0 ;
    %jmp T_49;
    .thread T_49;
    .scope S_00000227ade457d0;
T_50 ;
    %wait E_00000227ade2f8b0;
    %load/vec4 v00000227adea89e0_0;
    %flag_set/vec4 8;
    %jmp/0xz  T_50.0, 8;
    %load/vec4 v00000227adea7900_0;
    %assign/vec4 v00000227adea7ae0_0, 0;
T_50.0 ;
    %jmp T_50;
    .thread T_50;
    .scope S_00000227ade457d0;
T_51 ;
    %wait E_00000227ade2f7b0;
    %load/vec4 v00000227adea8bc0_0;
    %assign/vec4 v00000227adea7a40_0, 0;
    %jmp T_51;
    .thread T_51;
    .scope S_00000227ade457d0;
T_52 ;
    %wait E_00000227ade2f7b0;
    %load/vec4 v00000227adea8bc0_0;
    %flag_set/vec4 8;
    %jmp/0xz  T_52.0, 8;
    %load/vec4 v00000227adea7f40_0;
    %assign/vec4 v00000227adea7c20_0, 0;
T_52.0 ;
    %jmp T_52;
    .thread T_52;
    .scope S_00000227ade457d0;
T_53 ;
    %wait E_00000227ade2fcb0;
    %load/vec4 v00000227adea7a40_0;
    %flag_set/vec4 8;
    %jmp/0xz  T_53.0, 8;
    %load/vec4 v00000227adea8120_0;
    %assign/vec4 v00000227adea8760_0, 0;
T_53.0 ;
    %jmp T_53;
    .thread T_53;
    .scope S_00000227ade457d0;
T_54 ;
    %wait E_00000227ade2f7b0;
    %load/vec4 v00000227adea8bc0_0;
    %flag_set/vec4 8;
    %jmp/0xz  T_54.0, 8;
    %load/vec4 v00000227adea8da0_0;
    %assign/vec4 v00000227adea88a0_0, 0;
T_54.0 ;
    %jmp T_54;
    .thread T_54;
    .scope S_00000227ade46770;
T_55 ;
    %wait E_00000227ade2f770;
    %load/vec4 v00000227adea8b20_0;
    %store/vec4 v00000227adea8940_0, 0, 1;
    %load/vec4 v00000227adea7ae0_0;
    %store/vec4 v00000227adea8a80_0, 0, 1;
    %jmp T_55;
    .thread T_55, $push;
    .scope S_00000227ade46770;
T_56 ;
    %wait E_00000227ade2fb30;
    %load/vec4 v00000227adea8300_0;
    %assign/vec4 v00000227adea8440_0, 0;
    %jmp T_56;
    .thread T_56, $push;
    .scope S_00000227ade46770;
T_57 ;
    %wait E_00000227ade2f870;
    %load/vec4 v00000227adea8440_0;
    %assign/vec4 v00000227adea84e0_0, 0;
    %jmp T_57;
    .thread T_57, $push;
    .scope S_00000227ade46770;
T_58 ;
    %wait E_00000227ade301b0;
    %load/vec4 v00000227adea84e0_0;
    %pushi/vec4 0, 0, 1;
    %xor;
    %flag_set/vec4 8;
    %jmp/1 T_58.2, 8;
    %pushi/vec4 0, 0, 1;
    %flag_set/vec4 9;
    %flag_or 8, 9;
T_58.2;
    %jmp/0 T_58.0, 8;
    %load/vec4 v00000227adea7c20_0;
    %jmp/1 T_58.1, 8;
T_58.0 ; End of true expr.
    %load/vec4 v00000227adea8760_0;
    %jmp/0 T_58.1, 8;
 ; End of false expr.
    %blend;
T_58.1;
    %store/vec4 v00000227adea7b80_0, 0, 1;
    %jmp T_58;
    .thread T_58, $push;
    .scope S_00000227ade45fa0;
T_59 ;
    %wait E_00000227ade303b0;
    %load/vec4 v00000227adeaae70_0;
    %flag_set/vec4 8;
    %jmp/0xz  T_59.0, 8;
    %load/vec4 v00000227adeab410_0;
    %assign/vec4 v00000227adea9570_0, 0;
T_59.0 ;
    %jmp T_59;
    .thread T_59;
    .scope S_00000227ade45fa0;
T_60 ;
    %wait E_00000227ade300b0;
    %load/vec4 v00000227adeaae70_0;
    %flag_set/vec4 8;
    %jmp/0xz  T_60.0, 8;
    %load/vec4 v00000227adeab410_0;
    %assign/vec4 v00000227adea96b0_0, 0;
T_60.0 ;
    %jmp T_60;
    .thread T_60;
    .scope S_00000227ade45fa0;
T_61 ;
    %wait E_00000227ade301f0;
    %load/vec4 v00000227adeaae70_0;
    %flag_set/vec4 8;
    %jmp/0xz  T_61.0, 8;
    %load/vec4 v00000227adeaafb0_0;
    %assign/vec4 v00000227adeac450_0, 0;
T_61.0 ;
    %jmp T_61;
    .thread T_61;
    .scope S_00000227ade45fa0;
T_62 ;
    %wait E_00000227ade2f830;
    %load/vec4 v00000227adeaae70_0;
    %flag_set/vec4 8;
    %jmp/0xz  T_62.0, 8;
    %load/vec4 v00000227adeab050_0;
    %assign/vec4 v00000227adeac950_0, 0;
T_62.0 ;
    %jmp T_62;
    .thread T_62;
    .scope S_00000227ade45fa0;
T_63 ;
    %wait E_00000227ade301f0;
    %load/vec4 v00000227adeaae70_0;
    %flag_set/vec4 8;
    %jmp/0xz  T_63.0, 8;
    %load/vec4 v00000227adeab230_0;
    %assign/vec4 v00000227adeac9f0_0, 0;
T_63.0 ;
    %jmp T_63;
    .thread T_63;
    .scope S_00000227ade41f70;
T_64 ;
    %wait E_00000227ade30430;
    %load/vec4 v00000227adea9570_0;
    %store/vec4 v00000227adeab4b0_0, 0, 1;
    %load/vec4 v00000227adea96b0_0;
    %store/vec4 v00000227adea9430_0, 0, 1;
    %jmp T_64;
    .thread T_64, $push;
    .scope S_00000227ade41f70;
T_65 ;
    %wait E_00000227ade2fc30;
    %load/vec4 v00000227adeab690_0;
    %assign/vec4 v00000227adeac8b0_0, 0;
    %jmp T_65;
    .thread T_65, $push;
    .scope S_00000227ade41f70;
T_66 ;
    %wait E_00000227ade2f630;
    %load/vec4 v00000227adeac8b0_0;
    %assign/vec4 v00000227adeabc30_0, 0;
    %jmp T_66;
    .thread T_66, $push;
    .scope S_00000227ade41f70;
T_67 ;
    %wait E_00000227ade2fbf0;
    %load/vec4 v00000227adeabc30_0;
    %pushi/vec4 0, 0, 1;
    %xor;
    %flag_set/vec4 8;
    %jmp/1 T_67.2, 8;
    %pushi/vec4 0, 0, 1;
    %flag_set/vec4 9;
    %flag_or 8, 9;
T_67.2;
    %jmp/0 T_67.0, 8;
    %load/vec4 v00000227adeac450_0;
    %jmp/1 T_67.1, 8;
T_67.0 ; End of true expr.
    %load/vec4 v00000227adeac950_0;
    %jmp/0 T_67.1, 8;
 ; End of false expr.
    %blend;
T_67.1;
    %store/vec4 v00000227adea9750_0, 0, 1;
    %jmp T_67;
    .thread T_67, $push;
    .scope S_00000227ade45960;
T_68 ;
    %wait E_00000227ade2fc70;
    %load/vec4 v00000227adeaca90_0;
    %flag_set/vec4 8;
    %jmp/0xz  T_68.0, 8;
    %load/vec4 v00000227adeacb30_0;
    %assign/vec4 v00000227adeabb90_0, 0;
T_68.0 ;
    %jmp T_68;
    .thread T_68;
    .scope S_00000227ade45960;
T_69 ;
    %wait E_00000227ade2fd30;
    %load/vec4 v00000227adeaca90_0;
    %flag_set/vec4 8;
    %jmp/0xz  T_69.0, 8;
    %load/vec4 v00000227adeacb30_0;
    %assign/vec4 v00000227adeabe10_0, 0;
T_69.0 ;
    %jmp T_69;
    .thread T_69;
    .scope S_00000227ade45960;
T_70 ;
    %wait E_00000227ade30270;
    %load/vec4 v00000227adeaca90_0;
    %flag_set/vec4 8;
    %jmp/0xz  T_70.0, 8;
    %load/vec4 v00000227adeaba50_0;
    %assign/vec4 v00000227adeacbd0_0, 0;
T_70.0 ;
    %jmp T_70;
    .thread T_70;
    .scope S_00000227ade45960;
T_71 ;
    %wait E_00000227ade30170;
    %load/vec4 v00000227adeaca90_0;
    %flag_set/vec4 8;
    %jmp/0xz  T_71.0, 8;
    %load/vec4 v00000227adeacc70_0;
    %assign/vec4 v00000227adeabeb0_0, 0;
T_71.0 ;
    %jmp T_71;
    .thread T_71;
    .scope S_00000227ade45960;
T_72 ;
    %wait E_00000227ade30270;
    %load/vec4 v00000227adeaca90_0;
    %flag_set/vec4 8;
    %jmp/0xz  T_72.0, 8;
    %load/vec4 v00000227adeac6d0_0;
    %assign/vec4 v00000227adeacdb0_0, 0;
T_72.0 ;
    %jmp T_72;
    .thread T_72;
    .scope S_00000227ade40e40;
T_73 ;
    %wait E_00000227ade2feb0;
    %load/vec4 v00000227adeabb90_0;
    %store/vec4 v00000227adeabaf0_0, 0, 1;
    %load/vec4 v00000227adeabe10_0;
    %store/vec4 v00000227adeabd70_0, 0, 1;
    %jmp T_73;
    .thread T_73, $push;
    .scope S_00000227ade40e40;
T_74 ;
    %wait E_00000227ade30130;
    %load/vec4 v00000227adeabcd0_0;
    %assign/vec4 v00000227adeab9b0_0, 0;
    %jmp T_74;
    .thread T_74, $push;
    .scope S_00000227ade40e40;
T_75 ;
    %wait E_00000227ade2f8f0;
    %load/vec4 v00000227adeab9b0_0;
    %assign/vec4 v00000227adeac770_0, 0;
    %jmp T_75;
    .thread T_75, $push;
    .scope S_00000227ade40e40;
T_76 ;
    %wait E_00000227ade2f670;
    %load/vec4 v00000227adeac770_0;
    %pushi/vec4 0, 0, 1;
    %xor;
    %flag_set/vec4 8;
    %jmp/1 T_76.2, 8;
    %pushi/vec4 0, 0, 1;
    %flag_set/vec4 9;
    %flag_or 8, 9;
T_76.2;
    %jmp/0 T_76.0, 8;
    %load/vec4 v00000227adeacbd0_0;
    %jmp/1 T_76.1, 8;
T_76.0 ; End of true expr.
    %load/vec4 v00000227adeabeb0_0;
    %jmp/0 T_76.1, 8;
 ; End of false expr.
    %blend;
T_76.1;
    %store/vec4 v00000227adeab870_0, 0, 1;
    %jmp T_76;
    .thread T_76, $push;
    .scope S_00000227ade40fd0;
T_77 ;
    %wait E_00000227ade302f0;
    %load/vec4 v00000227adeafb30_0;
    %flag_set/vec4 8;
    %jmp/0xz  T_77.0, 8;
    %pushi/vec4 0, 0, 16;
    %assign/vec4 v00000227adeb7c40_0, 0;
    %pushi/vec4 0, 0, 16;
    %assign/vec4 v00000227adeb8280_0, 0;
    %jmp T_77.1;
T_77.0 ;
    %load/vec4 v00000227adeaef50_0;
    %flag_set/vec4 8;
    %jmp/0xz  T_77.2, 8;
    %load/vec4 v00000227adeae690_0;
    %nor/r;
    %flag_set/vec4 8;
    %jmp/0xz  T_77.4, 8;
    %load/vec4 v00000227adeaed70_0;
    %assign/vec4 v00000227adeb7c40_0, 0;
T_77.4 ;
    %load/vec4 v00000227adeaea50_0;
    %nor/r;
    %flag_set/vec4 8;
    %jmp/0xz  T_77.6, 8;
    %load/vec4 v00000227adeae9b0_0;
    %assign/vec4 v00000227adeb8280_0, 0;
T_77.6 ;
T_77.2 ;
T_77.1 ;
    %jmp T_77;
    .thread T_77;
    .scope S_00000227ade40fd0;
T_78 ;
    %wait E_00000227ade302b0;
    %load/vec4 v00000227adeadc90_0;
    %flag_set/vec4 8;
    %jmp/0xz  T_78.0, 8;
    %pushi/vec4 0, 0, 16;
    %assign/vec4 v00000227adeb7b00_0, 0;
    %pushi/vec4 0, 0, 16;
    %assign/vec4 v00000227adeb8640_0, 0;
    %jmp T_78.1;
T_78.0 ;
    %load/vec4 v00000227adeaef50_0;
    %flag_set/vec4 8;
    %jmp/0xz  T_78.2, 8;
    %load/vec4 v00000227adeaf630_0;
    %nor/r;
    %flag_set/vec4 8;
    %jmp/0xz  T_78.4, 8;
    %load/vec4 v00000227adeae730_0;
    %assign/vec4 v00000227adeb7b00_0, 0;
T_78.4 ;
    %load/vec4 v00000227adeadab0_0;
    %nor/r;
    %flag_set/vec4 8;
    %jmp/0xz  T_78.6, 8;
    %load/vec4 v00000227adeafa90_0;
    %assign/vec4 v00000227adeb8640_0, 0;
T_78.6 ;
T_78.2 ;
T_78.1 ;
    %jmp T_78;
    .thread T_78;
    .scope S_00000227ade40fd0;
T_79 ;
    %wait E_00000227ade302f0;
    %load/vec4 v00000227adeafb30_0;
    %flag_set/vec4 8;
    %jmp/0xz  T_79.0, 8;
    %pushi/vec4 0, 0, 16;
    %assign/vec4 v00000227adeb86e0_0, 0;
    %pushi/vec4 0, 0, 16;
    %assign/vec4 v00000227adeb8960_0, 0;
    %jmp T_79.1;
T_79.0 ;
    %load/vec4 v00000227adeaef50_0;
    %flag_set/vec4 8;
    %jmp/0xz  T_79.2, 8;
    %load/vec4 v00000227adeb6a20_0;
    %assign/vec4 v00000227adeb86e0_0, 0;
    %load/vec4 v00000227adeb8aa0_0;
    %assign/vec4 v00000227adeb8960_0, 0;
T_79.2 ;
T_79.1 ;
    %jmp T_79;
    .thread T_79;
    .scope S_00000227ade40fd0;
T_80 ;
    %wait E_00000227ade302b0;
    %load/vec4 v00000227adeadc90_0;
    %flag_set/vec4 8;
    %jmp/0xz  T_80.0, 8;
    %pushi/vec4 0, 0, 16;
    %assign/vec4 v00000227adeb8a00_0, 0;
    %pushi/vec4 0, 0, 16;
    %assign/vec4 v00000227adeb8780_0, 0;
    %jmp T_80.1;
T_80.0 ;
    %load/vec4 v00000227adeaef50_0;
    %flag_set/vec4 8;
    %jmp/0xz  T_80.2, 8;
    %load/vec4 v00000227adeb7560_0;
    %assign/vec4 v00000227adeb8a00_0, 0;
    %load/vec4 v00000227adeb7a60_0;
    %assign/vec4 v00000227adeb8780_0, 0;
T_80.2 ;
T_80.1 ;
    %jmp T_80;
    .thread T_80;
    .scope S_00000227ade40fd0;
T_81 ;
    %wait E_00000227ade302b0;
    %load/vec4 v00000227adeadc90_0;
    %flag_set/vec4 8;
    %jmp/0xz  T_81.0, 8;
    %pushi/vec4 0, 0, 32;
    %assign/vec4 v00000227adeb88c0_0, 0;
    %jmp T_81.1;
T_81.0 ;
    %load/vec4 v00000227adeaef50_0;
    %flag_set/vec4 8;
    %jmp/0xz  T_81.2, 8;
    %load/vec4 v00000227adeb7ce0_0;
    %assign/vec4 v00000227adeb88c0_0, 0;
T_81.2 ;
T_81.1 ;
    %jmp T_81;
    .thread T_81;
    .scope S_00000227ade40fd0;
T_82 ;
    %wait E_00000227ade2fd70;
    %load/vec4 v00000227adead510_0;
    %flag_set/vec4 8;
    %jmp/0xz  T_82.0, 8;
    %pushi/vec4 0, 0, 16;
    %assign/vec4 v00000227adeb6ac0_0, 0;
    %jmp T_82.1;
T_82.0 ;
    %load/vec4 v00000227adeaef50_0;
    %flag_set/vec4 8;
    %jmp/0xz  T_82.2, 8;
    %load/vec4 v00000227adeaf8b0_0;
    %nor/r;
    %flag_set/vec4 8;
    %jmp/0xz  T_82.4, 8;
    %load/vec4 v00000227adeb7240_0;
    %assign/vec4 v00000227adeb6ac0_0, 0;
T_82.4 ;
T_82.2 ;
T_82.1 ;
    %jmp T_82;
    .thread T_82;
    .scope S_00000227ade40fd0;
T_83 ;
    %wait E_00000227ade30230;
    %load/vec4 v00000227adeafc70_0;
    %flag_set/vec4 8;
    %jmp/0xz  T_83.0, 8;
    %pushi/vec4 0, 0, 16;
    %assign/vec4 v00000227adeb8d20_0, 0;
    %jmp T_83.1;
T_83.0 ;
    %load/vec4 v00000227adeaef50_0;
    %flag_set/vec4 8;
    %jmp/0xz  T_83.2, 8;
    %load/vec4 v00000227adeaf6d0_0;
    %nor/r;
    %flag_set/vec4 8;
    %jmp/0xz  T_83.4, 8;
    %load/vec4 v00000227adeb68e0_0;
    %assign/vec4 v00000227adeb8d20_0, 0;
T_83.4 ;
T_83.2 ;
T_83.1 ;
    %jmp T_83;
    .thread T_83;
    .scope S_00000227ade46130;
T_84 ;
    %pushi/vec4 0, 0, 32;
    %store/vec4 v00000227adeb4fe0_0, 0, 32;
T_84.0 ; Top of for-loop
    %load/vec4 v00000227adeb4fe0_0;
    %cmpi/s 16, 0, 32;
	  %jmp/0xz T_84.1, 5;
    %pushi/vec4 0, 0, 256;
    %load/vec4 v00000227adeb4fe0_0;
    %muli 16, 0, 32;
    %part/s 16;
    %pushi/vec4 0, 0, 32;
    %load/vec4 v00000227adeb4fe0_0;
    %add;
    %ix/vec4/s 4;
    %store/vec4a v00000227adeb44a0, 4, 0;
    %pushi/vec4 0, 0, 256;
    %load/vec4 v00000227adeb4fe0_0;
    %muli 16, 0, 32;
    %part/s 16;
    %pushi/vec4 16, 0, 32;
    %load/vec4 v00000227adeb4fe0_0;
    %add;
    %ix/vec4/s 4;
    %store/vec4a v00000227adeb44a0, 4, 0;
    %pushi/vec4 0, 0, 256;
    %load/vec4 v00000227adeb4fe0_0;
    %muli 16, 0, 32;
    %part/s 16;
    %pushi/vec4 32, 0, 32;
    %load/vec4 v00000227adeb4fe0_0;
    %add;
    %ix/vec4/s 4;
    %store/vec4a v00000227adeb44a0, 4, 0;
    %pushi/vec4 0, 0, 256;
    %load/vec4 v00000227adeb4fe0_0;
    %muli 16, 0, 32;
    %part/s 16;
    %pushi/vec4 48, 0, 32;
    %load/vec4 v00000227adeb4fe0_0;
    %add;
    %ix/vec4/s 4;
    %store/vec4a v00000227adeb44a0, 4, 0;
    %pushi/vec4 0, 0, 256;
    %load/vec4 v00000227adeb4fe0_0;
    %muli 16, 0, 32;
    %part/s 16;
    %pushi/vec4 64, 0, 32;
    %load/vec4 v00000227adeb4fe0_0;
    %add;
    %ix/vec4/s 4;
    %store/vec4a v00000227adeb44a0, 4, 0;
    %pushi/vec4 0, 0, 256;
    %load/vec4 v00000227adeb4fe0_0;
    %muli 16, 0, 32;
    %part/s 16;
    %pushi/vec4 80, 0, 32;
    %load/vec4 v00000227adeb4fe0_0;
    %add;
    %ix/vec4/s 4;
    %store/vec4a v00000227adeb44a0, 4, 0;
    %pushi/vec4 0, 0, 256;
    %load/vec4 v00000227adeb4fe0_0;
    %muli 16, 0, 32;
    %part/s 16;
    %pushi/vec4 96, 0, 32;
    %load/vec4 v00000227adeb4fe0_0;
    %add;
    %ix/vec4/s 4;
    %store/vec4a v00000227adeb44a0, 4, 0;
    %pushi/vec4 0, 0, 256;
    %load/vec4 v00000227adeb4fe0_0;
    %muli 16, 0, 32;
    %part/s 16;
    %pushi/vec4 112, 0, 32;
    %load/vec4 v00000227adeb4fe0_0;
    %add;
    %ix/vec4/s 4;
    %store/vec4a v00000227adeb44a0, 4, 0;
    %pushi/vec4 0, 0, 256;
    %load/vec4 v00000227adeb4fe0_0;
    %muli 16, 0, 32;
    %part/s 16;
    %pushi/vec4 128, 0, 32;
    %load/vec4 v00000227adeb4fe0_0;
    %add;
    %ix/vec4/s 4;
    %store/vec4a v00000227adeb44a0, 4, 0;
    %pushi/vec4 0, 0, 256;
    %load/vec4 v00000227adeb4fe0_0;
    %muli 16, 0, 32;
    %part/s 16;
    %pushi/vec4 144, 0, 32;
    %load/vec4 v00000227adeb4fe0_0;
    %add;
    %ix/vec4/s 4;
    %store/vec4a v00000227adeb44a0, 4, 0;
    %pushi/vec4 0, 0, 256;
    %load/vec4 v00000227adeb4fe0_0;
    %muli 16, 0, 32;
    %part/s 16;
    %pushi/vec4 160, 0, 32;
    %load/vec4 v00000227adeb4fe0_0;
    %add;
    %ix/vec4/s 4;
    %store/vec4a v00000227adeb44a0, 4, 0;
    %pushi/vec4 0, 0, 256;
    %load/vec4 v00000227adeb4fe0_0;
    %muli 16, 0, 32;
    %part/s 16;
    %pushi/vec4 176, 0, 32;
    %load/vec4 v00000227adeb4fe0_0;
    %add;
    %ix/vec4/s 4;
    %store/vec4a v00000227adeb44a0, 4, 0;
    %pushi/vec4 0, 0, 256;
    %load/vec4 v00000227adeb4fe0_0;
    %muli 16, 0, 32;
    %part/s 16;
    %pushi/vec4 192, 0, 32;
    %load/vec4 v00000227adeb4fe0_0;
    %add;
    %ix/vec4/s 4;
    %store/vec4a v00000227adeb44a0, 4, 0;
    %pushi/vec4 0, 0, 256;
    %load/vec4 v00000227adeb4fe0_0;
    %muli 16, 0, 32;
    %part/s 16;
    %pushi/vec4 208, 0, 32;
    %load/vec4 v00000227adeb4fe0_0;
    %add;
    %ix/vec4/s 4;
    %store/vec4a v00000227adeb44a0, 4, 0;
    %pushi/vec4 0, 0, 256;
    %load/vec4 v00000227adeb4fe0_0;
    %muli 16, 0, 32;
    %part/s 16;
    %pushi/vec4 224, 0, 32;
    %load/vec4 v00000227adeb4fe0_0;
    %add;
    %ix/vec4/s 4;
    %store/vec4a v00000227adeb44a0, 4, 0;
    %pushi/vec4 0, 0, 256;
    %load/vec4 v00000227adeb4fe0_0;
    %muli 16, 0, 32;
    %part/s 16;
    %pushi/vec4 240, 0, 32;
    %load/vec4 v00000227adeb4fe0_0;
    %add;
    %ix/vec4/s 4;
    %store/vec4a v00000227adeb44a0, 4, 0;
T_84.2 ; for-loop step statement
    %load/vec4 v00000227adeb4fe0_0;
    %addi 1, 0, 32;
    %store/vec4 v00000227adeb4fe0_0, 0, 32;
    %jmp T_84.0;
T_84.1 ; for-loop exit label
    %end;
    .thread T_84;
    .scope S_00000227ade46130;
T_85 ;
    %wait E_00000227ade2fdf0;
    %load/vec4 v00000227adeb4d60_0;
    %flag_set/vec4 9;
    %flag_get/vec4 9;
    %jmp/0 T_85.2, 9;
    %load/vec4 v00000227adeb56c0_0;
    %and;
T_85.2;
    %flag_set/vec4 8;
    %jmp/0xz  T_85.0, 8;
    %load/vec4 v00000227adeb5120_0;
    %parti/s 1, 0, 2;
    %nor/r;
    %flag_set/vec4 8;
    %jmp/0xz  T_85.3, 8;
    %load/vec4 v00000227adeb5080_0;
    %parti/s 1, 0, 2;
    %load/vec4 v00000227adeb2c40_0;
    %parti/s 8, 0, 2;
    %pad/u 10;
    %ix/vec4 3;
    %ix/load 4, 0, 0; Constant delay
    %assign/vec4/a/d v00000227adeb44a0, 0, 4;
T_85.3 ;
    %load/vec4 v00000227adeb5120_0;
    %parti/s 1, 1, 2;
    %nor/r;
    %flag_set/vec4 8;
    %jmp/0xz  T_85.5, 8;
    %load/vec4 v00000227adeb5080_0;
    %parti/s 1, 1, 2;
    %load/vec4 v00000227adeb2c40_0;
    %parti/s 8, 0, 2;
    %pad/u 10;
    %ix/vec4 3;
    %ix/load 4, 1, 0; part off
    %ix/load 5, 0, 0; Constant delay
    %assign/vec4/a/d v00000227adeb44a0, 4, 5;
T_85.5 ;
    %load/vec4 v00000227adeb5120_0;
    %parti/s 1, 2, 3;
    %nor/r;
    %flag_set/vec4 8;
    %jmp/0xz  T_85.7, 8;
    %load/vec4 v00000227adeb5080_0;
    %parti/s 1, 2, 3;
    %load/vec4 v00000227adeb2c40_0;
    %parti/s 8, 0, 2;
    %pad/u 10;
    %ix/vec4 3;
    %ix/load 4, 2, 0; part off
    %ix/load 5, 0, 0; Constant delay
    %assign/vec4/a/d v00000227adeb44a0, 4, 5;
T_85.7 ;
    %load/vec4 v00000227adeb5120_0;
    %parti/s 1, 3, 3;
    %nor/r;
    %flag_set/vec4 8;
    %jmp/0xz  T_85.9, 8;
    %load/vec4 v00000227adeb5080_0;
    %parti/s 1, 3, 3;
    %load/vec4 v00000227adeb2c40_0;
    %parti/s 8, 0, 2;
    %pad/u 10;
    %ix/vec4 3;
    %ix/load 4, 3, 0; part off
    %ix/load 5, 0, 0; Constant delay
    %assign/vec4/a/d v00000227adeb44a0, 4, 5;
T_85.9 ;
    %load/vec4 v00000227adeb5120_0;
    %parti/s 1, 4, 4;
    %nor/r;
    %flag_set/vec4 8;
    %jmp/0xz  T_85.11, 8;
    %load/vec4 v00000227adeb5080_0;
    %parti/s 1, 4, 4;
    %load/vec4 v00000227adeb2c40_0;
    %parti/s 8, 0, 2;
    %pad/u 10;
    %ix/vec4 3;
    %ix/load 4, 4, 0; part off
    %ix/load 5, 0, 0; Constant delay
    %assign/vec4/a/d v00000227adeb44a0, 4, 5;
T_85.11 ;
    %load/vec4 v00000227adeb5120_0;
    %parti/s 1, 5, 4;
    %nor/r;
    %flag_set/vec4 8;
    %jmp/0xz  T_85.13, 8;
    %load/vec4 v00000227adeb5080_0;
    %parti/s 1, 5, 4;
    %load/vec4 v00000227adeb2c40_0;
    %parti/s 8, 0, 2;
    %pad/u 10;
    %ix/vec4 3;
    %ix/load 4, 5, 0; part off
    %ix/load 5, 0, 0; Constant delay
    %assign/vec4/a/d v00000227adeb44a0, 4, 5;
T_85.13 ;
    %load/vec4 v00000227adeb5120_0;
    %parti/s 1, 6, 4;
    %nor/r;
    %flag_set/vec4 8;
    %jmp/0xz  T_85.15, 8;
    %load/vec4 v00000227adeb5080_0;
    %parti/s 1, 6, 4;
    %load/vec4 v00000227adeb2c40_0;
    %parti/s 8, 0, 2;
    %pad/u 10;
    %ix/vec4 3;
    %ix/load 4, 6, 0; part off
    %ix/load 5, 0, 0; Constant delay
    %assign/vec4/a/d v00000227adeb44a0, 4, 5;
T_85.15 ;
    %load/vec4 v00000227adeb5120_0;
    %parti/s 1, 7, 4;
    %nor/r;
    %flag_set/vec4 8;
    %jmp/0xz  T_85.17, 8;
    %load/vec4 v00000227adeb5080_0;
    %parti/s 1, 7, 4;
    %load/vec4 v00000227adeb2c40_0;
    %parti/s 8, 0, 2;
    %pad/u 10;
    %ix/vec4 3;
    %ix/load 4, 7, 0; part off
    %ix/load 5, 0, 0; Constant delay
    %assign/vec4/a/d v00000227adeb44a0, 4, 5;
T_85.17 ;
    %load/vec4 v00000227adeb5120_0;
    %parti/s 1, 8, 5;
    %nor/r;
    %flag_set/vec4 8;
    %jmp/0xz  T_85.19, 8;
    %load/vec4 v00000227adeb5080_0;
    %parti/s 1, 8, 5;
    %load/vec4 v00000227adeb2c40_0;
    %parti/s 8, 0, 2;
    %pad/u 10;
    %ix/vec4 3;
    %ix/load 4, 8, 0; part off
    %ix/load 5, 0, 0; Constant delay
    %assign/vec4/a/d v00000227adeb44a0, 4, 5;
T_85.19 ;
    %load/vec4 v00000227adeb5120_0;
    %parti/s 1, 9, 5;
    %nor/r;
    %flag_set/vec4 8;
    %jmp/0xz  T_85.21, 8;
    %load/vec4 v00000227adeb5080_0;
    %parti/s 1, 9, 5;
    %load/vec4 v00000227adeb2c40_0;
    %parti/s 8, 0, 2;
    %pad/u 10;
    %ix/vec4 3;
    %ix/load 4, 9, 0; part off
    %ix/load 5, 0, 0; Constant delay
    %assign/vec4/a/d v00000227adeb44a0, 4, 5;
T_85.21 ;
    %load/vec4 v00000227adeb5120_0;
    %parti/s 1, 10, 5;
    %nor/r;
    %flag_set/vec4 8;
    %jmp/0xz  T_85.23, 8;
    %load/vec4 v00000227adeb5080_0;
    %parti/s 1, 10, 5;
    %load/vec4 v00000227adeb2c40_0;
    %parti/s 8, 0, 2;
    %pad/u 10;
    %ix/vec4 3;
    %ix/load 4, 10, 0; part off
    %ix/load 5, 0, 0; Constant delay
    %assign/vec4/a/d v00000227adeb44a0, 4, 5;
T_85.23 ;
    %load/vec4 v00000227adeb5120_0;
    %parti/s 1, 11, 5;
    %nor/r;
    %flag_set/vec4 8;
    %jmp/0xz  T_85.25, 8;
    %load/vec4 v00000227adeb5080_0;
    %parti/s 1, 11, 5;
    %load/vec4 v00000227adeb2c40_0;
    %parti/s 8, 0, 2;
    %pad/u 10;
    %ix/vec4 3;
    %ix/load 4, 11, 0; part off
    %ix/load 5, 0, 0; Constant delay
    %assign/vec4/a/d v00000227adeb44a0, 4, 5;
T_85.25 ;
    %load/vec4 v00000227adeb5120_0;
    %parti/s 1, 12, 5;
    %nor/r;
    %flag_set/vec4 8;
    %jmp/0xz  T_85.27, 8;
    %load/vec4 v00000227adeb5080_0;
    %parti/s 1, 12, 5;
    %load/vec4 v00000227adeb2c40_0;
    %parti/s 8, 0, 2;
    %pad/u 10;
    %ix/vec4 3;
    %ix/load 4, 12, 0; part off
    %ix/load 5, 0, 0; Constant delay
    %assign/vec4/a/d v00000227adeb44a0, 4, 5;
T_85.27 ;
    %load/vec4 v00000227adeb5120_0;
    %parti/s 1, 13, 5;
    %nor/r;
    %flag_set/vec4 8;
    %jmp/0xz  T_85.29, 8;
    %load/vec4 v00000227adeb5080_0;
    %parti/s 1, 13, 5;
    %load/vec4 v00000227adeb2c40_0;
    %parti/s 8, 0, 2;
    %pad/u 10;
    %ix/vec4 3;
    %ix/load 4, 13, 0; part off
    %ix/load 5, 0, 0; Constant delay
    %assign/vec4/a/d v00000227adeb44a0, 4, 5;
T_85.29 ;
    %load/vec4 v00000227adeb5120_0;
    %parti/s 1, 14, 5;
    %nor/r;
    %flag_set/vec4 8;
    %jmp/0xz  T_85.31, 8;
    %load/vec4 v00000227adeb5080_0;
    %parti/s 1, 14, 5;
    %load/vec4 v00000227adeb2c40_0;
    %parti/s 8, 0, 2;
    %pad/u 10;
    %ix/vec4 3;
    %ix/load 4, 14, 0; part off
    %ix/load 5, 0, 0; Constant delay
    %assign/vec4/a/d v00000227adeb44a0, 4, 5;
T_85.31 ;
    %load/vec4 v00000227adeb5120_0;
    %parti/s 1, 15, 5;
    %nor/r;
    %flag_set/vec4 8;
    %jmp/0xz  T_85.33, 8;
    %load/vec4 v00000227adeb5080_0;
    %parti/s 1, 15, 5;
    %load/vec4 v00000227adeb2c40_0;
    %parti/s 8, 0, 2;
    %pad/u 10;
    %ix/vec4 3;
    %ix/load 4, 15, 0; part off
    %ix/load 5, 0, 0; Constant delay
    %assign/vec4/a/d v00000227adeb44a0, 4, 5;
T_85.33 ;
T_85.0 ;
    %jmp T_85;
    .thread T_85;
    .scope S_00000227ade46130;
T_86 ;
    %wait E_00000227ade303f0;
    %load/vec4 v00000227adeb2a60_0;
    %flag_set/vec4 9;
    %flag_get/vec4 9;
    %jmp/0 T_86.2, 9;
    %load/vec4 v00000227adeb24c0_0;
    %and;
T_86.2;
    %flag_set/vec4 8;
    %jmp/0xz  T_86.0, 8;
    %load/vec4 v00000227adeb1520_0;
    %parti/s 8, 0, 2;
    %pad/u 10;
    %ix/vec4 4;
    %load/vec4a v00000227adeb44a0, 4;
    %load/vec4 v00000227adeb2ba0_0;
    %inv;
    %and;
    %assign/vec4 v00000227adeb1980_0, 0;
T_86.0 ;
    %jmp T_86;
    .thread T_86;
    .scope S_00000227adebfc10;
T_87 ;
    %pushi/vec4 0, 0, 32;
    %store/vec4 v00000227adeb5d00_0, 0, 32;
T_87.0 ; Top of for-loop
    %load/vec4 v00000227adeb5d00_0;
    %cmpi/s 16, 0, 32;
	  %jmp/0xz T_87.1, 5;
    %pushi/vec4 0, 0, 256;
    %load/vec4 v00000227adeb5d00_0;
    %muli 16, 0, 32;
    %part/s 16;
    %pushi/vec4 0, 0, 32;
    %load/vec4 v00000227adeb5d00_0;
    %add;
    %ix/vec4/s 4;
    %store/vec4a v00000227adeb5760, 4, 0;
    %pushi/vec4 0, 0, 256;
    %load/vec4 v00000227adeb5d00_0;
    %muli 16, 0, 32;
    %part/s 16;
    %pushi/vec4 16, 0, 32;
    %load/vec4 v00000227adeb5d00_0;
    %add;
    %ix/vec4/s 4;
    %store/vec4a v00000227adeb5760, 4, 0;
    %pushi/vec4 0, 0, 256;
    %load/vec4 v00000227adeb5d00_0;
    %muli 16, 0, 32;
    %part/s 16;
    %pushi/vec4 32, 0, 32;
    %load/vec4 v00000227adeb5d00_0;
    %add;
    %ix/vec4/s 4;
    %store/vec4a v00000227adeb5760, 4, 0;
    %pushi/vec4 0, 0, 256;
    %load/vec4 v00000227adeb5d00_0;
    %muli 16, 0, 32;
    %part/s 16;
    %pushi/vec4 48, 0, 32;
    %load/vec4 v00000227adeb5d00_0;
    %add;
    %ix/vec4/s 4;
    %store/vec4a v00000227adeb5760, 4, 0;
    %pushi/vec4 0, 0, 256;
    %load/vec4 v00000227adeb5d00_0;
    %muli 16, 0, 32;
    %part/s 16;
    %pushi/vec4 64, 0, 32;
    %load/vec4 v00000227adeb5d00_0;
    %add;
    %ix/vec4/s 4;
    %store/vec4a v00000227adeb5760, 4, 0;
    %pushi/vec4 0, 0, 256;
    %load/vec4 v00000227adeb5d00_0;
    %muli 16, 0, 32;
    %part/s 16;
    %pushi/vec4 80, 0, 32;
    %load/vec4 v00000227adeb5d00_0;
    %add;
    %ix/vec4/s 4;
    %store/vec4a v00000227adeb5760, 4, 0;
    %pushi/vec4 0, 0, 256;
    %load/vec4 v00000227adeb5d00_0;
    %muli 16, 0, 32;
    %part/s 16;
    %pushi/vec4 96, 0, 32;
    %load/vec4 v00000227adeb5d00_0;
    %add;
    %ix/vec4/s 4;
    %store/vec4a v00000227adeb5760, 4, 0;
    %pushi/vec4 0, 0, 256;
    %load/vec4 v00000227adeb5d00_0;
    %muli 16, 0, 32;
    %part/s 16;
    %pushi/vec4 112, 0, 32;
    %load/vec4 v00000227adeb5d00_0;
    %add;
    %ix/vec4/s 4;
    %store/vec4a v00000227adeb5760, 4, 0;
    %pushi/vec4 0, 0, 256;
    %load/vec4 v00000227adeb5d00_0;
    %muli 16, 0, 32;
    %part/s 16;
    %pushi/vec4 128, 0, 32;
    %load/vec4 v00000227adeb5d00_0;
    %add;
    %ix/vec4/s 4;
    %store/vec4a v00000227adeb5760, 4, 0;
    %pushi/vec4 0, 0, 256;
    %load/vec4 v00000227adeb5d00_0;
    %muli 16, 0, 32;
    %part/s 16;
    %pushi/vec4 144, 0, 32;
    %load/vec4 v00000227adeb5d00_0;
    %add;
    %ix/vec4/s 4;
    %store/vec4a v00000227adeb5760, 4, 0;
    %pushi/vec4 0, 0, 256;
    %load/vec4 v00000227adeb5d00_0;
    %muli 16, 0, 32;
    %part/s 16;
    %pushi/vec4 160, 0, 32;
    %load/vec4 v00000227adeb5d00_0;
    %add;
    %ix/vec4/s 4;
    %store/vec4a v00000227adeb5760, 4, 0;
    %pushi/vec4 0, 0, 256;
    %load/vec4 v00000227adeb5d00_0;
    %muli 16, 0, 32;
    %part/s 16;
    %pushi/vec4 176, 0, 32;
    %load/vec4 v00000227adeb5d00_0;
    %add;
    %ix/vec4/s 4;
    %store/vec4a v00000227adeb5760, 4, 0;
    %pushi/vec4 0, 0, 256;
    %load/vec4 v00000227adeb5d00_0;
    %muli 16, 0, 32;
    %part/s 16;
    %pushi/vec4 192, 0, 32;
    %load/vec4 v00000227adeb5d00_0;
    %add;
    %ix/vec4/s 4;
    %store/vec4a v00000227adeb5760, 4, 0;
    %pushi/vec4 0, 0, 256;
    %load/vec4 v00000227adeb5d00_0;
    %muli 16, 0, 32;
    %part/s 16;
    %pushi/vec4 208, 0, 32;
    %load/vec4 v00000227adeb5d00_0;
    %add;
    %ix/vec4/s 4;
    %store/vec4a v00000227adeb5760, 4, 0;
    %pushi/vec4 0, 0, 256;
    %load/vec4 v00000227adeb5d00_0;
    %muli 16, 0, 32;
    %part/s 16;
    %pushi/vec4 224, 0, 32;
    %load/vec4 v00000227adeb5d00_0;
    %add;
    %ix/vec4/s 4;
    %store/vec4a v00000227adeb5760, 4, 0;
    %pushi/vec4 0, 0, 256;
    %load/vec4 v00000227adeb5d00_0;
    %muli 16, 0, 32;
    %part/s 16;
    %pushi/vec4 240, 0, 32;
    %load/vec4 v00000227adeb5d00_0;
    %add;
    %ix/vec4/s 4;
    %store/vec4a v00000227adeb5760, 4, 0;
T_87.2 ; for-loop step statement
    %load/vec4 v00000227adeb5d00_0;
    %addi 1, 0, 32;
    %store/vec4 v00000227adeb5d00_0, 0, 32;
    %jmp T_87.0;
T_87.1 ; for-loop exit label
    %end;
    .thread T_87;
    .scope S_00000227adebfc10;
T_88 ;
    %wait E_00000227ade304b0;
    %load/vec4 v00000227adeb3dc0_0;
    %flag_set/vec4 9;
    %flag_get/vec4 9;
    %jmp/0 T_88.2, 9;
    %load/vec4 v00000227adeb6200_0;
    %and;
T_88.2;
    %flag_set/vec4 8;
    %jmp/0xz  T_88.0, 8;
    %load/vec4 v00000227adeb4680_0;
    %parti/s 1, 0, 2;
    %nor/r;
    %flag_set/vec4 8;
    %jmp/0xz  T_88.3, 8;
    %load/vec4 v00000227adeb5580_0;
    %parti/s 1, 0, 2;
    %load/vec4 v00000227adeb5f80_0;
    %parti/s 8, 0, 2;
    %pad/u 10;
    %ix/vec4 3;
    %ix/load 4, 0, 0; Constant delay
    %assign/vec4/a/d v00000227adeb5760, 0, 4;
T_88.3 ;
    %load/vec4 v00000227adeb4680_0;
    %parti/s 1, 1, 2;
    %nor/r;
    %flag_set/vec4 8;
    %jmp/0xz  T_88.5, 8;
    %load/vec4 v00000227adeb5580_0;
    %parti/s 1, 1, 2;
    %load/vec4 v00000227adeb5f80_0;
    %parti/s 8, 0, 2;
    %pad/u 10;
    %ix/vec4 3;
    %ix/load 4, 1, 0; part off
    %ix/load 5, 0, 0; Constant delay
    %assign/vec4/a/d v00000227adeb5760, 4, 5;
T_88.5 ;
    %load/vec4 v00000227adeb4680_0;
    %parti/s 1, 2, 3;
    %nor/r;
    %flag_set/vec4 8;
    %jmp/0xz  T_88.7, 8;
    %load/vec4 v00000227adeb5580_0;
    %parti/s 1, 2, 3;
    %load/vec4 v00000227adeb5f80_0;
    %parti/s 8, 0, 2;
    %pad/u 10;
    %ix/vec4 3;
    %ix/load 4, 2, 0; part off
    %ix/load 5, 0, 0; Constant delay
    %assign/vec4/a/d v00000227adeb5760, 4, 5;
T_88.7 ;
    %load/vec4 v00000227adeb4680_0;
    %parti/s 1, 3, 3;
    %nor/r;
    %flag_set/vec4 8;
    %jmp/0xz  T_88.9, 8;
    %load/vec4 v00000227adeb5580_0;
    %parti/s 1, 3, 3;
    %load/vec4 v00000227adeb5f80_0;
    %parti/s 8, 0, 2;
    %pad/u 10;
    %ix/vec4 3;
    %ix/load 4, 3, 0; part off
    %ix/load 5, 0, 0; Constant delay
    %assign/vec4/a/d v00000227adeb5760, 4, 5;
T_88.9 ;
    %load/vec4 v00000227adeb4680_0;
    %parti/s 1, 4, 4;
    %nor/r;
    %flag_set/vec4 8;
    %jmp/0xz  T_88.11, 8;
    %load/vec4 v00000227adeb5580_0;
    %parti/s 1, 4, 4;
    %load/vec4 v00000227adeb5f80_0;
    %parti/s 8, 0, 2;
    %pad/u 10;
    %ix/vec4 3;
    %ix/load 4, 4, 0; part off
    %ix/load 5, 0, 0; Constant delay
    %assign/vec4/a/d v00000227adeb5760, 4, 5;
T_88.11 ;
    %load/vec4 v00000227adeb4680_0;
    %parti/s 1, 5, 4;
    %nor/r;
    %flag_set/vec4 8;
    %jmp/0xz  T_88.13, 8;
    %load/vec4 v00000227adeb5580_0;
    %parti/s 1, 5, 4;
    %load/vec4 v00000227adeb5f80_0;
    %parti/s 8, 0, 2;
    %pad/u 10;
    %ix/vec4 3;
    %ix/load 4, 5, 0; part off
    %ix/load 5, 0, 0; Constant delay
    %assign/vec4/a/d v00000227adeb5760, 4, 5;
T_88.13 ;
    %load/vec4 v00000227adeb4680_0;
    %parti/s 1, 6, 4;
    %nor/r;
    %flag_set/vec4 8;
    %jmp/0xz  T_88.15, 8;
    %load/vec4 v00000227adeb5580_0;
    %parti/s 1, 6, 4;
    %load/vec4 v00000227adeb5f80_0;
    %parti/s 8, 0, 2;
    %pad/u 10;
    %ix/vec4 3;
    %ix/load 4, 6, 0; part off
    %ix/load 5, 0, 0; Constant delay
    %assign/vec4/a/d v00000227adeb5760, 4, 5;
T_88.15 ;
    %load/vec4 v00000227adeb4680_0;
    %parti/s 1, 7, 4;
    %nor/r;
    %flag_set/vec4 8;
    %jmp/0xz  T_88.17, 8;
    %load/vec4 v00000227adeb5580_0;
    %parti/s 1, 7, 4;
    %load/vec4 v00000227adeb5f80_0;
    %parti/s 8, 0, 2;
    %pad/u 10;
    %ix/vec4 3;
    %ix/load 4, 7, 0; part off
    %ix/load 5, 0, 0; Constant delay
    %assign/vec4/a/d v00000227adeb5760, 4, 5;
T_88.17 ;
    %load/vec4 v00000227adeb4680_0;
    %parti/s 1, 8, 5;
    %nor/r;
    %flag_set/vec4 8;
    %jmp/0xz  T_88.19, 8;
    %load/vec4 v00000227adeb5580_0;
    %parti/s 1, 8, 5;
    %load/vec4 v00000227adeb5f80_0;
    %parti/s 8, 0, 2;
    %pad/u 10;
    %ix/vec4 3;
    %ix/load 4, 8, 0; part off
    %ix/load 5, 0, 0; Constant delay
    %assign/vec4/a/d v00000227adeb5760, 4, 5;
T_88.19 ;
    %load/vec4 v00000227adeb4680_0;
    %parti/s 1, 9, 5;
    %nor/r;
    %flag_set/vec4 8;
    %jmp/0xz  T_88.21, 8;
    %load/vec4 v00000227adeb5580_0;
    %parti/s 1, 9, 5;
    %load/vec4 v00000227adeb5f80_0;
    %parti/s 8, 0, 2;
    %pad/u 10;
    %ix/vec4 3;
    %ix/load 4, 9, 0; part off
    %ix/load 5, 0, 0; Constant delay
    %assign/vec4/a/d v00000227adeb5760, 4, 5;
T_88.21 ;
    %load/vec4 v00000227adeb4680_0;
    %parti/s 1, 10, 5;
    %nor/r;
    %flag_set/vec4 8;
    %jmp/0xz  T_88.23, 8;
    %load/vec4 v00000227adeb5580_0;
    %parti/s 1, 10, 5;
    %load/vec4 v00000227adeb5f80_0;
    %parti/s 8, 0, 2;
    %pad/u 10;
    %ix/vec4 3;
    %ix/load 4, 10, 0; part off
    %ix/load 5, 0, 0; Constant delay
    %assign/vec4/a/d v00000227adeb5760, 4, 5;
T_88.23 ;
    %load/vec4 v00000227adeb4680_0;
    %parti/s 1, 11, 5;
    %nor/r;
    %flag_set/vec4 8;
    %jmp/0xz  T_88.25, 8;
    %load/vec4 v00000227adeb5580_0;
    %parti/s 1, 11, 5;
    %load/vec4 v00000227adeb5f80_0;
    %parti/s 8, 0, 2;
    %pad/u 10;
    %ix/vec4 3;
    %ix/load 4, 11, 0; part off
    %ix/load 5, 0, 0; Constant delay
    %assign/vec4/a/d v00000227adeb5760, 4, 5;
T_88.25 ;
    %load/vec4 v00000227adeb4680_0;
    %parti/s 1, 12, 5;
    %nor/r;
    %flag_set/vec4 8;
    %jmp/0xz  T_88.27, 8;
    %load/vec4 v00000227adeb5580_0;
    %parti/s 1, 12, 5;
    %load/vec4 v00000227adeb5f80_0;
    %parti/s 8, 0, 2;
    %pad/u 10;
    %ix/vec4 3;
    %ix/load 4, 12, 0; part off
    %ix/load 5, 0, 0; Constant delay
    %assign/vec4/a/d v00000227adeb5760, 4, 5;
T_88.27 ;
    %load/vec4 v00000227adeb4680_0;
    %parti/s 1, 13, 5;
    %nor/r;
    %flag_set/vec4 8;
    %jmp/0xz  T_88.29, 8;
    %load/vec4 v00000227adeb5580_0;
    %parti/s 1, 13, 5;
    %load/vec4 v00000227adeb5f80_0;
    %parti/s 8, 0, 2;
    %pad/u 10;
    %ix/vec4 3;
    %ix/load 4, 13, 0; part off
    %ix/load 5, 0, 0; Constant delay
    %assign/vec4/a/d v00000227adeb5760, 4, 5;
T_88.29 ;
    %load/vec4 v00000227adeb4680_0;
    %parti/s 1, 14, 5;
    %nor/r;
    %flag_set/vec4 8;
    %jmp/0xz  T_88.31, 8;
    %load/vec4 v00000227adeb5580_0;
    %parti/s 1, 14, 5;
    %load/vec4 v00000227adeb5f80_0;
    %parti/s 8, 0, 2;
    %pad/u 10;
    %ix/vec4 3;
    %ix/load 4, 14, 0; part off
    %ix/load 5, 0, 0; Constant delay
    %assign/vec4/a/d v00000227adeb5760, 4, 5;
T_88.31 ;
    %load/vec4 v00000227adeb4680_0;
    %parti/s 1, 15, 5;
    %nor/r;
    %flag_set/vec4 8;
    %jmp/0xz  T_88.33, 8;
    %load/vec4 v00000227adeb5580_0;
    %parti/s 1, 15, 5;
    %load/vec4 v00000227adeb5f80_0;
    %parti/s 8, 0, 2;
    %pad/u 10;
    %ix/vec4 3;
    %ix/load 4, 15, 0; part off
    %ix/load 5, 0, 0; Constant delay
    %assign/vec4/a/d v00000227adeb5760, 4, 5;
T_88.33 ;
T_88.0 ;
    %jmp T_88;
    .thread T_88;
    .scope S_00000227adebfc10;
T_89 ;
    %wait E_00000227ade30470;
    %load/vec4 v00000227adeb5260_0;
    %flag_set/vec4 9;
    %flag_get/vec4 9;
    %jmp/0 T_89.2, 9;
    %load/vec4 v00000227adeb6160_0;
    %and;
T_89.2;
    %flag_set/vec4 8;
    %jmp/0xz  T_89.0, 8;
    %load/vec4 v00000227adeb58a0_0;
    %parti/s 8, 0, 2;
    %pad/u 10;
    %ix/vec4 4;
    %load/vec4a v00000227adeb5760, 4;
    %load/vec4 v00000227adeb59e0_0;
    %inv;
    %and;
    %assign/vec4 v00000227adeb3e60_0, 0;
T_89.0 ;
    %jmp T_89;
    .thread T_89;
    .scope S_00000227adebef90;
T_90 ;
    %pushi/vec4 0, 0, 32;
    %store/vec4 v00000227adeb5440_0, 0, 32;
T_90.0 ; Top of for-loop
    %load/vec4 v00000227adeb5440_0;
    %cmpi/s 16, 0, 32;
	  %jmp/0xz T_90.1, 5;
    %pushi/vec4 0, 0, 256;
    %load/vec4 v00000227adeb5440_0;
    %muli 16, 0, 32;
    %part/s 16;
    %pushi/vec4 0, 0, 32;
    %load/vec4 v00000227adeb5440_0;
    %add;
    %ix/vec4/s 4;
    %store/vec4a v00000227adeb5940, 4, 0;
    %pushi/vec4 0, 0, 256;
    %load/vec4 v00000227adeb5440_0;
    %muli 16, 0, 32;
    %part/s 16;
    %pushi/vec4 16, 0, 32;
    %load/vec4 v00000227adeb5440_0;
    %add;
    %ix/vec4/s 4;
    %store/vec4a v00000227adeb5940, 4, 0;
    %pushi/vec4 0, 0, 256;
    %load/vec4 v00000227adeb5440_0;
    %muli 16, 0, 32;
    %part/s 16;
    %pushi/vec4 32, 0, 32;
    %load/vec4 v00000227adeb5440_0;
    %add;
    %ix/vec4/s 4;
    %store/vec4a v00000227adeb5940, 4, 0;
    %pushi/vec4 0, 0, 256;
    %load/vec4 v00000227adeb5440_0;
    %muli 16, 0, 32;
    %part/s 16;
    %pushi/vec4 48, 0, 32;
    %load/vec4 v00000227adeb5440_0;
    %add;
    %ix/vec4/s 4;
    %store/vec4a v00000227adeb5940, 4, 0;
    %pushi/vec4 0, 0, 256;
    %load/vec4 v00000227adeb5440_0;
    %muli 16, 0, 32;
    %part/s 16;
    %pushi/vec4 64, 0, 32;
    %load/vec4 v00000227adeb5440_0;
    %add;
    %ix/vec4/s 4;
    %store/vec4a v00000227adeb5940, 4, 0;
    %pushi/vec4 0, 0, 256;
    %load/vec4 v00000227adeb5440_0;
    %muli 16, 0, 32;
    %part/s 16;
    %pushi/vec4 80, 0, 32;
    %load/vec4 v00000227adeb5440_0;
    %add;
    %ix/vec4/s 4;
    %store/vec4a v00000227adeb5940, 4, 0;
    %pushi/vec4 0, 0, 256;
    %load/vec4 v00000227adeb5440_0;
    %muli 16, 0, 32;
    %part/s 16;
    %pushi/vec4 96, 0, 32;
    %load/vec4 v00000227adeb5440_0;
    %add;
    %ix/vec4/s 4;
    %store/vec4a v00000227adeb5940, 4, 0;
    %pushi/vec4 0, 0, 256;
    %load/vec4 v00000227adeb5440_0;
    %muli 16, 0, 32;
    %part/s 16;
    %pushi/vec4 112, 0, 32;
    %load/vec4 v00000227adeb5440_0;
    %add;
    %ix/vec4/s 4;
    %store/vec4a v00000227adeb5940, 4, 0;
    %pushi/vec4 0, 0, 256;
    %load/vec4 v00000227adeb5440_0;
    %muli 16, 0, 32;
    %part/s 16;
    %pushi/vec4 128, 0, 32;
    %load/vec4 v00000227adeb5440_0;
    %add;
    %ix/vec4/s 4;
    %store/vec4a v00000227adeb5940, 4, 0;
    %pushi/vec4 0, 0, 256;
    %load/vec4 v00000227adeb5440_0;
    %muli 16, 0, 32;
    %part/s 16;
    %pushi/vec4 144, 0, 32;
    %load/vec4 v00000227adeb5440_0;
    %add;
    %ix/vec4/s 4;
    %store/vec4a v00000227adeb5940, 4, 0;
    %pushi/vec4 0, 0, 256;
    %load/vec4 v00000227adeb5440_0;
    %muli 16, 0, 32;
    %part/s 16;
    %pushi/vec4 160, 0, 32;
    %load/vec4 v00000227adeb5440_0;
    %add;
    %ix/vec4/s 4;
    %store/vec4a v00000227adeb5940, 4, 0;
    %pushi/vec4 0, 0, 256;
    %load/vec4 v00000227adeb5440_0;
    %muli 16, 0, 32;
    %part/s 16;
    %pushi/vec4 176, 0, 32;
    %load/vec4 v00000227adeb5440_0;
    %add;
    %ix/vec4/s 4;
    %store/vec4a v00000227adeb5940, 4, 0;
    %pushi/vec4 0, 0, 256;
    %load/vec4 v00000227adeb5440_0;
    %muli 16, 0, 32;
    %part/s 16;
    %pushi/vec4 192, 0, 32;
    %load/vec4 v00000227adeb5440_0;
    %add;
    %ix/vec4/s 4;
    %store/vec4a v00000227adeb5940, 4, 0;
    %pushi/vec4 0, 0, 256;
    %load/vec4 v00000227adeb5440_0;
    %muli 16, 0, 32;
    %part/s 16;
    %pushi/vec4 208, 0, 32;
    %load/vec4 v00000227adeb5440_0;
    %add;
    %ix/vec4/s 4;
    %store/vec4a v00000227adeb5940, 4, 0;
    %pushi/vec4 0, 0, 256;
    %load/vec4 v00000227adeb5440_0;
    %muli 16, 0, 32;
    %part/s 16;
    %pushi/vec4 224, 0, 32;
    %load/vec4 v00000227adeb5440_0;
    %add;
    %ix/vec4/s 4;
    %store/vec4a v00000227adeb5940, 4, 0;
    %pushi/vec4 0, 0, 256;
    %load/vec4 v00000227adeb5440_0;
    %muli 16, 0, 32;
    %part/s 16;
    %pushi/vec4 240, 0, 32;
    %load/vec4 v00000227adeb5440_0;
    %add;
    %ix/vec4/s 4;
    %store/vec4a v00000227adeb5940, 4, 0;
T_90.2 ; for-loop step statement
    %load/vec4 v00000227adeb5440_0;
    %addi 1, 0, 32;
    %store/vec4 v00000227adeb5440_0, 0, 32;
    %jmp T_90.0;
T_90.1 ; for-loop exit label
    %end;
    .thread T_90;
    .scope S_00000227adebef90;
T_91 ;
    %wait E_00000227ade2f6b0;
    %load/vec4 v00000227adeb4400_0;
    %flag_set/vec4 9;
    %flag_get/vec4 9;
    %jmp/0 T_91.2, 9;
    %load/vec4 v00000227adeb3d20_0;
    %and;
T_91.2;
    %flag_set/vec4 8;
    %jmp/0xz  T_91.0, 8;
    %load/vec4 v00000227adeb53a0_0;
    %parti/s 1, 0, 2;
    %nor/r;
    %flag_set/vec4 8;
    %jmp/0xz  T_91.3, 8;
    %load/vec4 v00000227adeb42c0_0;
    %parti/s 1, 0, 2;
    %load/vec4 v00000227adeb6480_0;
    %parti/s 8, 0, 2;
    %pad/u 10;
    %ix/vec4 3;
    %ix/load 4, 0, 0; Constant delay
    %assign/vec4/a/d v00000227adeb5940, 0, 4;
T_91.3 ;
    %load/vec4 v00000227adeb53a0_0;
    %parti/s 1, 1, 2;
    %nor/r;
    %flag_set/vec4 8;
    %jmp/0xz  T_91.5, 8;
    %load/vec4 v00000227adeb42c0_0;
    %parti/s 1, 1, 2;
    %load/vec4 v00000227adeb6480_0;
    %parti/s 8, 0, 2;
    %pad/u 10;
    %ix/vec4 3;
    %ix/load 4, 1, 0; part off
    %ix/load 5, 0, 0; Constant delay
    %assign/vec4/a/d v00000227adeb5940, 4, 5;
T_91.5 ;
    %load/vec4 v00000227adeb53a0_0;
    %parti/s 1, 2, 3;
    %nor/r;
    %flag_set/vec4 8;
    %jmp/0xz  T_91.7, 8;
    %load/vec4 v00000227adeb42c0_0;
    %parti/s 1, 2, 3;
    %load/vec4 v00000227adeb6480_0;
    %parti/s 8, 0, 2;
    %pad/u 10;
    %ix/vec4 3;
    %ix/load 4, 2, 0; part off
    %ix/load 5, 0, 0; Constant delay
    %assign/vec4/a/d v00000227adeb5940, 4, 5;
T_91.7 ;
    %load/vec4 v00000227adeb53a0_0;
    %parti/s 1, 3, 3;
    %nor/r;
    %flag_set/vec4 8;
    %jmp/0xz  T_91.9, 8;
    %load/vec4 v00000227adeb42c0_0;
    %parti/s 1, 3, 3;
    %load/vec4 v00000227adeb6480_0;
    %parti/s 8, 0, 2;
    %pad/u 10;
    %ix/vec4 3;
    %ix/load 4, 3, 0; part off
    %ix/load 5, 0, 0; Constant delay
    %assign/vec4/a/d v00000227adeb5940, 4, 5;
T_91.9 ;
    %load/vec4 v00000227adeb53a0_0;
    %parti/s 1, 4, 4;
    %nor/r;
    %flag_set/vec4 8;
    %jmp/0xz  T_91.11, 8;
    %load/vec4 v00000227adeb42c0_0;
    %parti/s 1, 4, 4;
    %load/vec4 v00000227adeb6480_0;
    %parti/s 8, 0, 2;
    %pad/u 10;
    %ix/vec4 3;
    %ix/load 4, 4, 0; part off
    %ix/load 5, 0, 0; Constant delay
    %assign/vec4/a/d v00000227adeb5940, 4, 5;
T_91.11 ;
    %load/vec4 v00000227adeb53a0_0;
    %parti/s 1, 5, 4;
    %nor/r;
    %flag_set/vec4 8;
    %jmp/0xz  T_91.13, 8;
    %load/vec4 v00000227adeb42c0_0;
    %parti/s 1, 5, 4;
    %load/vec4 v00000227adeb6480_0;
    %parti/s 8, 0, 2;
    %pad/u 10;
    %ix/vec4 3;
    %ix/load 4, 5, 0; part off
    %ix/load 5, 0, 0; Constant delay
    %assign/vec4/a/d v00000227adeb5940, 4, 5;
T_91.13 ;
    %load/vec4 v00000227adeb53a0_0;
    %parti/s 1, 6, 4;
    %nor/r;
    %flag_set/vec4 8;
    %jmp/0xz  T_91.15, 8;
    %load/vec4 v00000227adeb42c0_0;
    %parti/s 1, 6, 4;
    %load/vec4 v00000227adeb6480_0;
    %parti/s 8, 0, 2;
    %pad/u 10;
    %ix/vec4 3;
    %ix/load 4, 6, 0; part off
    %ix/load 5, 0, 0; Constant delay
    %assign/vec4/a/d v00000227adeb5940, 4, 5;
T_91.15 ;
    %load/vec4 v00000227adeb53a0_0;
    %parti/s 1, 7, 4;
    %nor/r;
    %flag_set/vec4 8;
    %jmp/0xz  T_91.17, 8;
    %load/vec4 v00000227adeb42c0_0;
    %parti/s 1, 7, 4;
    %load/vec4 v00000227adeb6480_0;
    %parti/s 8, 0, 2;
    %pad/u 10;
    %ix/vec4 3;
    %ix/load 4, 7, 0; part off
    %ix/load 5, 0, 0; Constant delay
    %assign/vec4/a/d v00000227adeb5940, 4, 5;
T_91.17 ;
    %load/vec4 v00000227adeb53a0_0;
    %parti/s 1, 8, 5;
    %nor/r;
    %flag_set/vec4 8;
    %jmp/0xz  T_91.19, 8;
    %load/vec4 v00000227adeb42c0_0;
    %parti/s 1, 8, 5;
    %load/vec4 v00000227adeb6480_0;
    %parti/s 8, 0, 2;
    %pad/u 10;
    %ix/vec4 3;
    %ix/load 4, 8, 0; part off
    %ix/load 5, 0, 0; Constant delay
    %assign/vec4/a/d v00000227adeb5940, 4, 5;
T_91.19 ;
    %load/vec4 v00000227adeb53a0_0;
    %parti/s 1, 9, 5;
    %nor/r;
    %flag_set/vec4 8;
    %jmp/0xz  T_91.21, 8;
    %load/vec4 v00000227adeb42c0_0;
    %parti/s 1, 9, 5;
    %load/vec4 v00000227adeb6480_0;
    %parti/s 8, 0, 2;
    %pad/u 10;
    %ix/vec4 3;
    %ix/load 4, 9, 0; part off
    %ix/load 5, 0, 0; Constant delay
    %assign/vec4/a/d v00000227adeb5940, 4, 5;
T_91.21 ;
    %load/vec4 v00000227adeb53a0_0;
    %parti/s 1, 10, 5;
    %nor/r;
    %flag_set/vec4 8;
    %jmp/0xz  T_91.23, 8;
    %load/vec4 v00000227adeb42c0_0;
    %parti/s 1, 10, 5;
    %load/vec4 v00000227adeb6480_0;
    %parti/s 8, 0, 2;
    %pad/u 10;
    %ix/vec4 3;
    %ix/load 4, 10, 0; part off
    %ix/load 5, 0, 0; Constant delay
    %assign/vec4/a/d v00000227adeb5940, 4, 5;
T_91.23 ;
    %load/vec4 v00000227adeb53a0_0;
    %parti/s 1, 11, 5;
    %nor/r;
    %flag_set/vec4 8;
    %jmp/0xz  T_91.25, 8;
    %load/vec4 v00000227adeb42c0_0;
    %parti/s 1, 11, 5;
    %load/vec4 v00000227adeb6480_0;
    %parti/s 8, 0, 2;
    %pad/u 10;
    %ix/vec4 3;
    %ix/load 4, 11, 0; part off
    %ix/load 5, 0, 0; Constant delay
    %assign/vec4/a/d v00000227adeb5940, 4, 5;
T_91.25 ;
    %load/vec4 v00000227adeb53a0_0;
    %parti/s 1, 12, 5;
    %nor/r;
    %flag_set/vec4 8;
    %jmp/0xz  T_91.27, 8;
    %load/vec4 v00000227adeb42c0_0;
    %parti/s 1, 12, 5;
    %load/vec4 v00000227adeb6480_0;
    %parti/s 8, 0, 2;
    %pad/u 10;
    %ix/vec4 3;
    %ix/load 4, 12, 0; part off
    %ix/load 5, 0, 0; Constant delay
    %assign/vec4/a/d v00000227adeb5940, 4, 5;
T_91.27 ;
    %load/vec4 v00000227adeb53a0_0;
    %parti/s 1, 13, 5;
    %nor/r;
    %flag_set/vec4 8;
    %jmp/0xz  T_91.29, 8;
    %load/vec4 v00000227adeb42c0_0;
    %parti/s 1, 13, 5;
    %load/vec4 v00000227adeb6480_0;
    %parti/s 8, 0, 2;
    %pad/u 10;
    %ix/vec4 3;
    %ix/load 4, 13, 0; part off
    %ix/load 5, 0, 0; Constant delay
    %assign/vec4/a/d v00000227adeb5940, 4, 5;
T_91.29 ;
    %load/vec4 v00000227adeb53a0_0;
    %parti/s 1, 14, 5;
    %nor/r;
    %flag_set/vec4 8;
    %jmp/0xz  T_91.31, 8;
    %load/vec4 v00000227adeb42c0_0;
    %parti/s 1, 14, 5;
    %load/vec4 v00000227adeb6480_0;
    %parti/s 8, 0, 2;
    %pad/u 10;
    %ix/vec4 3;
    %ix/load 4, 14, 0; part off
    %ix/load 5, 0, 0; Constant delay
    %assign/vec4/a/d v00000227adeb5940, 4, 5;
T_91.31 ;
    %load/vec4 v00000227adeb53a0_0;
    %parti/s 1, 15, 5;
    %nor/r;
    %flag_set/vec4 8;
    %jmp/0xz  T_91.33, 8;
    %load/vec4 v00000227adeb42c0_0;
    %parti/s 1, 15, 5;
    %load/vec4 v00000227adeb6480_0;
    %parti/s 8, 0, 2;
    %pad/u 10;
    %ix/vec4 3;
    %ix/load 4, 15, 0; part off
    %ix/load 5, 0, 0; Constant delay
    %assign/vec4/a/d v00000227adeb5940, 4, 5;
T_91.33 ;
T_91.0 ;
    %jmp T_91;
    .thread T_91;
    .scope S_00000227adebef90;
T_92 ;
    %wait E_00000227ade304f0;
    %load/vec4 v00000227adeb63e0_0;
    %flag_set/vec4 9;
    %flag_get/vec4 9;
    %jmp/0 T_92.2, 9;
    %load/vec4 v00000227adeb6340_0;
    %and;
T_92.2;
    %flag_set/vec4 8;
    %jmp/0xz  T_92.0, 8;
    %load/vec4 v00000227adeb4a40_0;
    %parti/s 8, 0, 2;
    %pad/u 10;
    %ix/vec4 4;
    %load/vec4a v00000227adeb5940, 4;
    %load/vec4 v00000227adeb4ea0_0;
    %inv;
    %and;
    %assign/vec4 v00000227adeb54e0_0, 0;
T_92.0 ;
    %jmp T_92;
    .thread T_92;
    .scope S_00000227ade462c0;
T_93 ;
    %wait E_00000227ade30cf0;
    %pushi/vec4 0, 0, 32;
    %store/vec4 v00000227adecc500_0, 0, 32;
T_93.0 ; Top of for-loop
    %load/vec4 v00000227adecc500_0;
    %cmpi/s 16383, 0, 32;
    %flag_or 5, 4;
	  %jmp/0xz T_93.1, 5;
    %pushi/vec4 65535, 65535, 16;
    %ix/getv/s 4, v00000227adecc500_0;
    %store/vec4a v00000227adecbd80, 4, 0;
T_93.2 ; for-loop step statement
    %load/vec4 v00000227adecc500_0;
    %addi 1, 0, 32;
    %store/vec4 v00000227adecc500_0, 0, 32;
    %jmp T_93.0;
T_93.1 ; for-loop exit label
    %jmp T_93;
    .thread T_93;
    .scope S_00000227ade462c0;
T_94 ;
    %wait E_00000227ade2f7f0;
    %load/vec4 v00000227adecce60_0;
    %flag_set/vec4 8;
    %jmp/0xz  T_94.0, 8;
    %pushi/vec4 0, 0, 16;
    %assign/vec4 v00000227adecad40_0, 0;
    %jmp T_94.1;
T_94.0 ;
    %load/vec4 v00000227adeccd20_0;
    %flag_set/vec4 8;
    %jmp/0xz  T_94.2, 8;
    %pushi/vec4 65535, 65535, 16;
    %assign/vec4 v00000227adecad40_0, 0;
    %jmp T_94.3;
T_94.2 ;
    %load/vec4 v00000227adecb240_0;
    %flag_set/vec4 8;
    %jmp/0xz  T_94.4, 8;
    %load/vec4 v00000227adecb1a0_0;
    %nor/r;
    %flag_set/vec4 8;
    %jmp/0xz  T_94.6, 8;
    %load/vec4 v00000227aded27c0_0;
    %pad/u 16;
    %ix/vec4 4;
    %load/vec4a v00000227adecbd80, 4;
    %assign/vec4 v00000227adecad40_0, 0;
    %jmp T_94.7;
T_94.6 ;
    %load/vec4 v00000227adecbf60_0;
    %parti/s 1, 0, 2;
    %flag_set/vec4 8;
    %jmp/0xz  T_94.8, 8;
    %load/vec4 v00000227adecac00_0;
    %parti/s 4, 0, 2;
    %load/vec4 v00000227aded27c0_0;
    %pad/u 16;
    %ix/vec4 3;
    %ix/load 4, 0, 0; Constant delay
    %assign/vec4/a/d v00000227adecbd80, 0, 4;
T_94.8 ;
    %load/vec4 v00000227adecbf60_0;
    %parti/s 1, 1, 2;
    %flag_set/vec4 8;
    %jmp/0xz  T_94.10, 8;
    %load/vec4 v00000227adecac00_0;
    %parti/s 4, 4, 4;
    %load/vec4 v00000227aded27c0_0;
    %pad/u 16;
    %ix/vec4 3;
    %ix/load 4, 4, 0; part off
    %ix/load 5, 0, 0; Constant delay
    %assign/vec4/a/d v00000227adecbd80, 4, 5;
T_94.10 ;
    %load/vec4 v00000227adecbf60_0;
    %parti/s 1, 2, 3;
    %flag_set/vec4 8;
    %jmp/0xz  T_94.12, 8;
    %load/vec4 v00000227adecac00_0;
    %parti/s 4, 8, 5;
    %load/vec4 v00000227aded27c0_0;
    %pad/u 16;
    %ix/vec4 3;
    %ix/load 4, 8, 0; part off
    %ix/load 5, 0, 0; Constant delay
    %assign/vec4/a/d v00000227adecbd80, 4, 5;
T_94.12 ;
    %load/vec4 v00000227adecbf60_0;
    %parti/s 1, 3, 3;
    %flag_set/vec4 8;
    %jmp/0xz  T_94.14, 8;
    %load/vec4 v00000227adecac00_0;
    %parti/s 4, 12, 5;
    %load/vec4 v00000227aded27c0_0;
    %pad/u 16;
    %ix/vec4 3;
    %ix/load 4, 12, 0; part off
    %ix/load 5, 0, 0; Constant delay
    %assign/vec4/a/d v00000227adecbd80, 4, 5;
T_94.14 ;
    %pushi/vec4 65535, 65535, 16;
    %assign/vec4 v00000227adecad40_0, 0;
T_94.7 ;
T_94.4 ;
T_94.3 ;
T_94.1 ;
    %jmp T_94;
    .thread T_94;
    .scope S_00000227adebf5d0;
T_95 ;
    %wait E_00000227ade30730;
    %load/vec4 v00000227adecbec0_0;
    %addi 1, 0, 23;
    %assign/vec4 v00000227adecbec0_0, 0;
    %jmp T_95;
    .thread T_95;
    .scope S_00000227ade46db0;
T_96 ;
    %vpi_call/w 4 7 "$dumpvars", 32'sb00000000000000000000000000000000, S_00000227ade46db0 {0 0 0};
    %pushi/vec4 0, 0, 1;
    %store/vec4 v00000227adecaac0_0, 0, 1;
    %delay 100000, 0;
    %vpi_call/w 4 9 "$finish" {0 0 0};
    %end;
    .thread T_96;
# The file index is used to find the file name in the following table.
:file_names 7;
    "N/A";
    "<interactive>";
    "-";
    "C:\Users\beade\.apio\packages\oss-cad-suite\share\yosys\ice40\cells_sim.v";
    "ex2_tb.v";
    "ex2_top.v";
    "ex2_clock.v";
