#! 
:ivl_version "14.0 (devel)" "(s20251012-140-gf5a178d47-dirty)";
:ivl_delay_selection "TYPICAL";
:vpi_time_precision - 12;
:vpi_module "C:\Users\beade\APIO~1\packages\OSS-CA~1\lib\ivl\system.vpi";
:vpi_module "C:\Users\beade\APIO~1\packages\OSS-CA~1\lib\ivl\vhdl_sys.vpi";
:vpi_module "C:\Users\beade\APIO~1\packages\OSS-CA~1\lib\ivl\vhdl_textio.vpi";
:vpi_module "C:\Users\beade\APIO~1\packages\OSS-CA~1\lib\ivl\v2005_math.vpi";
:vpi_module "C:\Users\beade\APIO~1\packages\OSS-CA~1\lib\ivl\va_math.vpi";
:vpi_module "C:\Users\beade\APIO~1\packages\OSS-CA~1\lib\ivl\v2009.vpi";
S_000001c0ff7d1e30 .scope package, "$unit" "$unit" 2 1;
 .timescale 0 0;
S_000001c0ff7aee20 .scope module, "ICESTORM_LC" "ICESTORM_LC" 3 2136;
 .timescale -12 -12;
    .port_info 0 /INPUT 1 "I0";
    .port_info 1 /INPUT 1 "I1";
    .port_info 2 /INPUT 1 "I2";
    .port_info 3 /INPUT 1 "I3";
    .port_info 4 /INPUT 1 "CIN";
    .port_info 5 /INPUT 1 "CLK";
    .port_info 6 /INPUT 1 "CEN";
    .port_info 7 /INPUT 1 "SR";
    .port_info 8 /OUTPUT 1 "LO";
    .port_info 9 /OUTPUT 1 "O";
    .port_info 10 /OUTPUT 1 "COUT";
P_000001c0ff7aeb00 .param/l "ASYNC_SR" 0 3 2148, C4<0>;
P_000001c0ff7aeb38 .param/l "CARRY_ENABLE" 0 3 2145, C4<0>;
P_000001c0ff7aeb70 .param/l "CIN_CONST" 0 3 2150, C4<0>;
P_000001c0ff7aeba8 .param/l "CIN_SET" 0 3 2151, C4<0>;
P_000001c0ff7aebe0 .param/l "DFF_ENABLE" 0 3 2146, C4<0>;
P_000001c0ff7aec18 .param/l "LUT_INIT" 0 3 2142, C4<0000000000000000>;
P_000001c0ff7aec50 .param/l "NEG_CLK" 0 3 2144, C4<0>;
P_000001c0ff7aec88 .param/l "SET_NORESET" 0 3 2147, C4<0>;
o000001c0ff9b00e8 .functor BUFZ 1, c4<z>; HiZ drive
L_000001c0ff919c10 .functor BUFZ 1, o000001c0ff9b00e8, C4<0>, C4<0>, C4<0>;
L_000001c0ff919c80 .functor BUFZ 1, L_000001c0ffa07330, C4<0>, C4<0>, C4<0>;
o000001c0ff9b0118 .functor BUFZ 1, c4<z>; HiZ drive
L_000001c0ffa0edf0 .functor BUFT 1, C4<0>, C4<0>, C4<0>, C4<0>;
L_000001c0ff919cf0 .functor XOR 1, o000001c0ff9b0118, L_000001c0ffa0edf0, C4<0>, C4<0>;
L_000001c0ff7ad4f0 .functor BUFZ 1, L_000001c0ffa07330, C4<0>, C4<0>, C4<0>;
o000001c0ff9b0088 .functor BUFZ 1, c4<z>; HiZ drive
v000001c0ff93edc0_0 .net "CEN", 0 0, o000001c0ff9b0088;  0 drivers
v000001c0ff93e3c0_0 .net "CEN_pu", 0 0, L_000001c0ffa08870;  1 drivers
v000001c0ff93ef00_0 .net "CIN", 0 0, o000001c0ff9b00e8;  0 drivers
v000001c0ff93efa0_0 .net "CLK", 0 0, o000001c0ff9b0118;  0 drivers
L_000001c0ffa0ed18 .functor BUFT 1, C4<x>, C4<0>, C4<0>, C4<0>;
v000001c0ff93f900_0 .net "COUT", 0 0, L_000001c0ffa0ed18;  1 drivers
o000001c0ff9b0178 .functor BUFZ 1, c4<z>; HiZ drive
v000001c0ff93f9a0_0 .net "I0", 0 0, o000001c0ff9b0178;  0 drivers
v000001c0ff93e320_0 .net "I0_pd", 0 0, L_000001c0ffa08730;  1 drivers
o000001c0ff9b01d8 .functor BUFZ 1, c4<z>; HiZ drive
v000001c0ff93e8c0_0 .net "I1", 0 0, o000001c0ff9b01d8;  0 drivers
v000001c0ff93fa40_0 .net "I1_pd", 0 0, L_000001c0ffa08c30;  1 drivers
o000001c0ff9b0238 .functor BUFZ 1, c4<z>; HiZ drive
v000001c0ff93fae0_0 .net "I2", 0 0, o000001c0ff9b0238;  0 drivers
v000001c0ff93e460_0 .net "I2_pd", 0 0, L_000001c0ffa08550;  1 drivers
o000001c0ff9b0298 .functor BUFZ 1, c4<z>; HiZ drive
v000001c0ff93fb80_0 .net "I3", 0 0, o000001c0ff9b0298;  0 drivers
v000001c0ff93fc20_0 .net "I3_pd", 0 0, L_000001c0ffa08a50;  1 drivers
v000001c0ff93fd60_0 .net "LO", 0 0, L_000001c0ff919c80;  1 drivers
v000001c0ff93fe00_0 .net "O", 0 0, L_000001c0ff7ad4f0;  1 drivers
o000001c0ff9b0358 .functor BUFZ 1, c4<z>; HiZ drive
v000001c0ff93fea0_0 .net "SR", 0 0, o000001c0ff9b0358;  0 drivers
v000001c0ff940120_0 .net "SR_pd", 0 0, L_000001c0ffa06ed0;  1 drivers
o000001c0ff9b03b8 .functor BUFZ 1, c4<z>; HiZ drive
; Elide local net with no drivers, v000001c0ff92b750_0 name=_ivl_0
v000001c0ff92af30_0 .net *"_ivl_10", 0 0, L_000001c0ffa06f70;  1 drivers
L_000001c0ffa0ebb0 .functor BUFT 1, C4<0>, C4<0>, C4<0>, C4<0>;
v000001c0ff92a0d0_0 .net/2u *"_ivl_12", 0 0, L_000001c0ffa0ebb0;  1 drivers
o000001c0ff9b0448 .functor BUFZ 1, c4<z>; HiZ drive
; Elide local net with no drivers, v000001c0ff92a710_0 name=_ivl_16
v000001c0ff92a490_0 .net *"_ivl_18", 0 0, L_000001c0ffa084b0;  1 drivers
v000001c0ff92b1b0_0 .net *"_ivl_2", 0 0, L_000001c0ffa06d90;  1 drivers
L_000001c0ffa0ebf8 .functor BUFT 1, C4<0>, C4<0>, C4<0>, C4<0>;
v000001c0ff92b250_0 .net/2u *"_ivl_20", 0 0, L_000001c0ffa0ebf8;  1 drivers
o000001c0ff9b0508 .functor BUFZ 1, c4<z>; HiZ drive
; Elide local net with no drivers, v000001c0ff92a5d0_0 name=_ivl_24
v000001c0ff9090e0_0 .net *"_ivl_26", 0 0, L_000001c0ffa08230;  1 drivers
L_000001c0ffa0ec40 .functor BUFT 1, C4<0>, C4<0>, C4<0>, C4<0>;
v000001c0ff9095e0_0 .net/2u *"_ivl_28", 0 0, L_000001c0ffa0ec40;  1 drivers
o000001c0ff9b0598 .functor BUFZ 1, c4<z>; HiZ drive
; Elide local net with no drivers, v000001c0ff909ae0_0 name=_ivl_32
v000001c0ff908140_0 .net *"_ivl_34", 0 0, L_000001c0ffa07e70;  1 drivers
L_000001c0ffa0ec88 .functor BUFT 1, C4<0>, C4<0>, C4<0>, C4<0>;
v000001c0ff9083c0_0 .net/2u *"_ivl_36", 0 0, L_000001c0ffa0ec88;  1 drivers
L_000001c0ffa0eb68 .functor BUFT 1, C4<0>, C4<0>, C4<0>, C4<0>;
v000001c0ff908460_0 .net/2u *"_ivl_4", 0 0, L_000001c0ffa0eb68;  1 drivers
o000001c0ff9b0658 .functor BUFZ 1, c4<z>; HiZ drive
; Elide local net with no drivers, v000001c0ff8e47d0_0 name=_ivl_40
v000001c0ff998250_0 .net *"_ivl_42", 0 0, L_000001c0ffa07b50;  1 drivers
L_000001c0ffa0ecd0 .functor BUFT 1, C4<1>, C4<0>, C4<0>, C4<0>;
v000001c0ff997530_0 .net/2u *"_ivl_44", 0 0, L_000001c0ffa0ecd0;  1 drivers
L_000001c0ffa0ed60 .functor BUFT 1, C4<00000000>, C4<0>, C4<0>, C4<0>;
v000001c0ff998070_0 .net/2u *"_ivl_52", 7 0, L_000001c0ffa0ed60;  1 drivers
L_000001c0ffa0eda8 .functor BUFT 1, C4<00000000>, C4<0>, C4<0>, C4<0>;
v000001c0ff996d10_0 .net/2u *"_ivl_54", 7 0, L_000001c0ffa0eda8;  1 drivers
v000001c0ff998610_0 .net *"_ivl_59", 3 0, L_000001c0ffa07010;  1 drivers
v000001c0ff9982f0_0 .net *"_ivl_61", 3 0, L_000001c0ffa08910;  1 drivers
v000001c0ff9975d0_0 .net *"_ivl_65", 1 0, L_000001c0ffa089b0;  1 drivers
v000001c0ff996db0_0 .net *"_ivl_67", 1 0, L_000001c0ffa08370;  1 drivers
v000001c0ff9987f0_0 .net *"_ivl_71", 0 0, L_000001c0ffa071f0;  1 drivers
v000001c0ff9981b0_0 .net *"_ivl_73", 0 0, L_000001c0ffa08b90;  1 drivers
v000001c0ff998390_0 .net/2u *"_ivl_78", 0 0, L_000001c0ffa0edf0;  1 drivers
o000001c0ff9b0898 .functor BUFZ 1, c4<z>; HiZ drive
; Elide local net with no drivers, v000001c0ff997a30_0 name=_ivl_8
v000001c0ff998430_0 .net "lut_o", 0 0, L_000001c0ffa07330;  1 drivers
v000001c0ff996e50_0 .net "lut_s1", 1 0, L_000001c0ffa08d70;  1 drivers
v000001c0ff9970d0_0 .net "lut_s2", 3 0, L_000001c0ffa082d0;  1 drivers
v000001c0ff997670_0 .net "lut_s3", 7 0, L_000001c0ffa07290;  1 drivers
v000001c0ff9986b0_0 .net "mux_cin", 0 0, L_000001c0ff919c10;  1 drivers
v000001c0ff997df0_0 .var "o_reg", 0 0;
v000001c0ff9977b0_0 .var "o_reg_async", 0 0;
v000001c0ff997d50_0 .net "polarized_clk", 0 0, L_000001c0ff919cf0;  1 drivers
E_000001c0ff7c02c0 .event posedge, v000001c0ff940120_0, v000001c0ff997d50_0;
E_000001c0ff7c0940 .event posedge, v000001c0ff997d50_0;
L_000001c0ffa06d90 .cmp/eeq 1, o000001c0ff9b0178, o000001c0ff9b03b8;
L_000001c0ffa08730 .functor MUXZ 1, o000001c0ff9b0178, L_000001c0ffa0eb68, L_000001c0ffa06d90, C4<>;
L_000001c0ffa06f70 .cmp/eeq 1, o000001c0ff9b01d8, o000001c0ff9b0898;
L_000001c0ffa08c30 .functor MUXZ 1, o000001c0ff9b01d8, L_000001c0ffa0ebb0, L_000001c0ffa06f70, C4<>;
L_000001c0ffa084b0 .cmp/eeq 1, o000001c0ff9b0238, o000001c0ff9b0448;
L_000001c0ffa08550 .functor MUXZ 1, o000001c0ff9b0238, L_000001c0ffa0ebf8, L_000001c0ffa084b0, C4<>;
L_000001c0ffa08230 .cmp/eeq 1, o000001c0ff9b0298, o000001c0ff9b0508;
L_000001c0ffa08a50 .functor MUXZ 1, o000001c0ff9b0298, L_000001c0ffa0ec40, L_000001c0ffa08230, C4<>;
L_000001c0ffa07e70 .cmp/eeq 1, o000001c0ff9b0358, o000001c0ff9b0598;
L_000001c0ffa06ed0 .functor MUXZ 1, o000001c0ff9b0358, L_000001c0ffa0ec88, L_000001c0ffa07e70, C4<>;
L_000001c0ffa07b50 .cmp/eeq 1, o000001c0ff9b0088, o000001c0ff9b0658;
L_000001c0ffa08870 .functor MUXZ 1, o000001c0ff9b0088, L_000001c0ffa0ecd0, L_000001c0ffa07b50, C4<>;
L_000001c0ffa07290 .functor MUXZ 8, L_000001c0ffa0eda8, L_000001c0ffa0ed60, L_000001c0ffa08a50, C4<>;
L_000001c0ffa07010 .part L_000001c0ffa07290, 4, 4;
L_000001c0ffa08910 .part L_000001c0ffa07290, 0, 4;
L_000001c0ffa082d0 .functor MUXZ 4, L_000001c0ffa08910, L_000001c0ffa07010, L_000001c0ffa08550, C4<>;
L_000001c0ffa089b0 .part L_000001c0ffa082d0, 2, 2;
L_000001c0ffa08370 .part L_000001c0ffa082d0, 0, 2;
L_000001c0ffa08d70 .functor MUXZ 2, L_000001c0ffa08370, L_000001c0ffa089b0, L_000001c0ffa08c30, C4<>;
L_000001c0ffa071f0 .part L_000001c0ffa08d70, 1, 1;
L_000001c0ffa08b90 .part L_000001c0ffa08d70, 0, 1;
L_000001c0ffa07330 .functor MUXZ 1, L_000001c0ffa08b90, L_000001c0ffa071f0, L_000001c0ffa08730, C4<>;
S_000001c0ff840460 .scope module, "ICESTORM_RAM" "ICESTORM_RAM" 3 3167;
 .timescale -12 -12;
    .port_info 0 /OUTPUT 1 "RDATA_15";
    .port_info 1 /OUTPUT 1 "RDATA_14";
    .port_info 2 /OUTPUT 1 "RDATA_13";
    .port_info 3 /OUTPUT 1 "RDATA_12";
    .port_info 4 /OUTPUT 1 "RDATA_11";
    .port_info 5 /OUTPUT 1 "RDATA_10";
    .port_info 6 /OUTPUT 1 "RDATA_9";
    .port_info 7 /OUTPUT 1 "RDATA_8";
    .port_info 8 /OUTPUT 1 "RDATA_7";
    .port_info 9 /OUTPUT 1 "RDATA_6";
    .port_info 10 /OUTPUT 1 "RDATA_5";
    .port_info 11 /OUTPUT 1 "RDATA_4";
    .port_info 12 /OUTPUT 1 "RDATA_3";
    .port_info 13 /OUTPUT 1 "RDATA_2";
    .port_info 14 /OUTPUT 1 "RDATA_1";
    .port_info 15 /OUTPUT 1 "RDATA_0";
    .port_info 16 /INPUT 1 "RCLK";
    .port_info 17 /INPUT 1 "RCLKE";
    .port_info 18 /INPUT 1 "RE";
    .port_info 19 /INPUT 1 "RADDR_10";
    .port_info 20 /INPUT 1 "RADDR_9";
    .port_info 21 /INPUT 1 "RADDR_8";
    .port_info 22 /INPUT 1 "RADDR_7";
    .port_info 23 /INPUT 1 "RADDR_6";
    .port_info 24 /INPUT 1 "RADDR_5";
    .port_info 25 /INPUT 1 "RADDR_4";
    .port_info 26 /INPUT 1 "RADDR_3";
    .port_info 27 /INPUT 1 "RADDR_2";
    .port_info 28 /INPUT 1 "RADDR_1";
    .port_info 29 /INPUT 1 "RADDR_0";
    .port_info 30 /INPUT 1 "WCLK";
    .port_info 31 /INPUT 1 "WCLKE";
    .port_info 32 /INPUT 1 "WE";
    .port_info 33 /INPUT 1 "WADDR_10";
    .port_info 34 /INPUT 1 "WADDR_9";
    .port_info 35 /INPUT 1 "WADDR_8";
    .port_info 36 /INPUT 1 "WADDR_7";
    .port_info 37 /INPUT 1 "WADDR_6";
    .port_info 38 /INPUT 1 "WADDR_5";
    .port_info 39 /INPUT 1 "WADDR_4";
    .port_info 40 /INPUT 1 "WADDR_3";
    .port_info 41 /INPUT 1 "WADDR_2";
    .port_info 42 /INPUT 1 "WADDR_1";
    .port_info 43 /INPUT 1 "WADDR_0";
    .port_info 44 /INPUT 1 "MASK_15";
    .port_info 45 /INPUT 1 "MASK_14";
    .port_info 46 /INPUT 1 "MASK_13";
    .port_info 47 /INPUT 1 "MASK_12";
    .port_info 48 /INPUT 1 "MASK_11";
    .port_info 49 /INPUT 1 "MASK_10";
    .port_info 50 /INPUT 1 "MASK_9";
    .port_info 51 /INPUT 1 "MASK_8";
    .port_info 52 /INPUT 1 "MASK_7";
    .port_info 53 /INPUT 1 "MASK_6";
    .port_info 54 /INPUT 1 "MASK_5";
    .port_info 55 /INPUT 1 "MASK_4";
    .port_info 56 /INPUT 1 "MASK_3";
    .port_info 57 /INPUT 1 "MASK_2";
    .port_info 58 /INPUT 1 "MASK_1";
    .port_info 59 /INPUT 1 "MASK_0";
    .port_info 60 /INPUT 1 "WDATA_15";
    .port_info 61 /INPUT 1 "WDATA_14";
    .port_info 62 /INPUT 1 "WDATA_13";
    .port_info 63 /INPUT 1 "WDATA_12";
    .port_info 64 /INPUT 1 "WDATA_11";
    .port_info 65 /INPUT 1 "WDATA_10";
    .port_info 66 /INPUT 1 "WDATA_9";
    .port_info 67 /INPUT 1 "WDATA_8";
    .port_info 68 /INPUT 1 "WDATA_7";
    .port_info 69 /INPUT 1 "WDATA_6";
    .port_info 70 /INPUT 1 "WDATA_5";
    .port_info 71 /INPUT 1 "WDATA_4";
    .port_info 72 /INPUT 1 "WDATA_3";
    .port_info 73 /INPUT 1 "WDATA_2";
    .port_info 74 /INPUT 1 "WDATA_1";
    .port_info 75 /INPUT 1 "WDATA_0";
P_000001c0ff70bdb0 .param/l "INIT_0" 0 3 3182, C4<0000000000000000000000000000000000000000000000000000000000000000000000000000000000000000000000000000000000000000000000000000000000000000000000000000000000000000000000000000000000000000000000000000000000000000000000000000000000000000000000000000000000000000>;
P_000001c0ff70bde8 .param/l "INIT_1" 0 3 3183, C4<0000000000000000000000000000000000000000000000000000000000000000000000000000000000000000000000000000000000000000000000000000000000000000000000000000000000000000000000000000000000000000000000000000000000000000000000000000000000000000000000000000000000000000>;
P_000001c0ff70be20 .param/l "INIT_2" 0 3 3184, C4<0000000000000000000000000000000000000000000000000000000000000000000000000000000000000000000000000000000000000000000000000000000000000000000000000000000000000000000000000000000000000000000000000000000000000000000000000000000000000000000000000000000000000000>;
P_000001c0ff70be58 .param/l "INIT_3" 0 3 3185, C4<0000000000000000000000000000000000000000000000000000000000000000000000000000000000000000000000000000000000000000000000000000000000000000000000000000000000000000000000000000000000000000000000000000000000000000000000000000000000000000000000000000000000000000>;
P_000001c0ff70be90 .param/l "INIT_4" 0 3 3186, C4<0000000000000000000000000000000000000000000000000000000000000000000000000000000000000000000000000000000000000000000000000000000000000000000000000000000000000000000000000000000000000000000000000000000000000000000000000000000000000000000000000000000000000000>;
P_000001c0ff70bec8 .param/l "INIT_5" 0 3 3187, C4<0000000000000000000000000000000000000000000000000000000000000000000000000000000000000000000000000000000000000000000000000000000000000000000000000000000000000000000000000000000000000000000000000000000000000000000000000000000000000000000000000000000000000000>;
P_000001c0ff70bf00 .param/l "INIT_6" 0 3 3188, C4<0000000000000000000000000000000000000000000000000000000000000000000000000000000000000000000000000000000000000000000000000000000000000000000000000000000000000000000000000000000000000000000000000000000000000000000000000000000000000000000000000000000000000000>;
P_000001c0ff70bf38 .param/l "INIT_7" 0 3 3189, C4<0000000000000000000000000000000000000000000000000000000000000000000000000000000000000000000000000000000000000000000000000000000000000000000000000000000000000000000000000000000000000000000000000000000000000000000000000000000000000000000000000000000000000000>;
P_000001c0ff70bf70 .param/l "INIT_8" 0 3 3190, C4<0000000000000000000000000000000000000000000000000000000000000000000000000000000000000000000000000000000000000000000000000000000000000000000000000000000000000000000000000000000000000000000000000000000000000000000000000000000000000000000000000000000000000000>;
P_000001c0ff70bfa8 .param/l "INIT_9" 0 3 3191, C4<0000000000000000000000000000000000000000000000000000000000000000000000000000000000000000000000000000000000000000000000000000000000000000000000000000000000000000000000000000000000000000000000000000000000000000000000000000000000000000000000000000000000000000>;
P_000001c0ff70bfe0 .param/l "INIT_A" 0 3 3192, C4<0000000000000000000000000000000000000000000000000000000000000000000000000000000000000000000000000000000000000000000000000000000000000000000000000000000000000000000000000000000000000000000000000000000000000000000000000000000000000000000000000000000000000000>;
P_000001c0ff70c018 .param/l "INIT_B" 0 3 3193, C4<0000000000000000000000000000000000000000000000000000000000000000000000000000000000000000000000000000000000000000000000000000000000000000000000000000000000000000000000000000000000000000000000000000000000000000000000000000000000000000000000000000000000000000>;
P_000001c0ff70c050 .param/l "INIT_C" 0 3 3194, C4<0000000000000000000000000000000000000000000000000000000000000000000000000000000000000000000000000000000000000000000000000000000000000000000000000000000000000000000000000000000000000000000000000000000000000000000000000000000000000000000000000000000000000000>;
P_000001c0ff70c088 .param/l "INIT_D" 0 3 3195, C4<0000000000000000000000000000000000000000000000000000000000000000000000000000000000000000000000000000000000000000000000000000000000000000000000000000000000000000000000000000000000000000000000000000000000000000000000000000000000000000000000000000000000000000>;
P_000001c0ff70c0c0 .param/l "INIT_E" 0 3 3196, C4<0000000000000000000000000000000000000000000000000000000000000000000000000000000000000000000000000000000000000000000000000000000000000000000000000000000000000000000000000000000000000000000000000000000000000000000000000000000000000000000000000000000000000000>;
P_000001c0ff70c0f8 .param/l "INIT_F" 0 3 3197, C4<0000000000000000000000000000000000000000000000000000000000000000000000000000000000000000000000000000000000000000000000000000000000000000000000000000000000000000000000000000000000000000000000000000000000000000000000000000000000000000000000000000000000000000>;
P_000001c0ff70c130 .param/l "NEG_CLK_R" 0 3 3179, C4<0>;
P_000001c0ff70c168 .param/l "NEG_CLK_W" 0 3 3180, C4<0>;
P_000001c0ff70c1a0 .param/l "READ_MODE" 0 3 3177, +C4<00000000000000000000000000000000>;
P_000001c0ff70c1d8 .param/l "WRITE_MODE" 0 3 3176, +C4<00000000000000000000000000000000>;
L_000001c0ffa0ee80 .functor BUFT 1, C4<0>, C4<0>, C4<0>, C4<0>;
L_000001c0ffa677a0 .functor XOR 1, L_000001c0ffa0afd0, L_000001c0ffa0ee80, C4<0>, C4<0>;
L_000001c0ffa0eec8 .functor BUFT 1, C4<0>, C4<0>, C4<0>, C4<0>;
L_000001c0ffa68530 .functor XOR 1, L_000001c0ffa0a350, L_000001c0ffa0eec8, C4<0>, C4<0>;
o000001c0ff9b1228 .functor BUFZ 1, c4<z>; HiZ drive
v000001c0ff996c70_0 .net "MASK_0", 0 0, o000001c0ff9b1228;  0 drivers
o000001c0ff9b1258 .functor BUFZ 1, c4<z>; HiZ drive
v000001c0ff997990_0 .net "MASK_1", 0 0, o000001c0ff9b1258;  0 drivers
o000001c0ff9b1288 .functor BUFZ 1, c4<z>; HiZ drive
v000001c0ff997b70_0 .net "MASK_10", 0 0, o000001c0ff9b1288;  0 drivers
o000001c0ff9b12b8 .functor BUFZ 1, c4<z>; HiZ drive
v000001c0ff997c10_0 .net "MASK_11", 0 0, o000001c0ff9b12b8;  0 drivers
o000001c0ff9b12e8 .functor BUFZ 1, c4<z>; HiZ drive
v000001c0ff997cb0_0 .net "MASK_12", 0 0, o000001c0ff9b12e8;  0 drivers
o000001c0ff9b1318 .functor BUFZ 1, c4<z>; HiZ drive
v000001c0ff997fd0_0 .net "MASK_13", 0 0, o000001c0ff9b1318;  0 drivers
o000001c0ff9b1348 .functor BUFZ 1, c4<z>; HiZ drive
v000001c0ff996a90_0 .net "MASK_14", 0 0, o000001c0ff9b1348;  0 drivers
o000001c0ff9b1378 .functor BUFZ 1, c4<z>; HiZ drive
v000001c0ff996b30_0 .net "MASK_15", 0 0, o000001c0ff9b1378;  0 drivers
o000001c0ff9b13a8 .functor BUFZ 1, c4<z>; HiZ drive
v000001c0ff996bd0_0 .net "MASK_2", 0 0, o000001c0ff9b13a8;  0 drivers
o000001c0ff9b13d8 .functor BUFZ 1, c4<z>; HiZ drive
v000001c0ff9a9ba0_0 .net "MASK_3", 0 0, o000001c0ff9b13d8;  0 drivers
o000001c0ff9b1408 .functor BUFZ 1, c4<z>; HiZ drive
v000001c0ff9a9ec0_0 .net "MASK_4", 0 0, o000001c0ff9b1408;  0 drivers
o000001c0ff9b1438 .functor BUFZ 1, c4<z>; HiZ drive
v000001c0ff9a96a0_0 .net "MASK_5", 0 0, o000001c0ff9b1438;  0 drivers
o000001c0ff9b1468 .functor BUFZ 1, c4<z>; HiZ drive
v000001c0ff9aa3c0_0 .net "MASK_6", 0 0, o000001c0ff9b1468;  0 drivers
o000001c0ff9b1498 .functor BUFZ 1, c4<z>; HiZ drive
v000001c0ff9a9c40_0 .net "MASK_7", 0 0, o000001c0ff9b1498;  0 drivers
o000001c0ff9b14c8 .functor BUFZ 1, c4<z>; HiZ drive
v000001c0ff9a9e20_0 .net "MASK_8", 0 0, o000001c0ff9b14c8;  0 drivers
o000001c0ff9b14f8 .functor BUFZ 1, c4<z>; HiZ drive
v000001c0ff9a99c0_0 .net "MASK_9", 0 0, o000001c0ff9b14f8;  0 drivers
o000001c0ff9b1528 .functor BUFZ 1, c4<z>; HiZ drive
v000001c0ff9a9f60_0 .net "RADDR_0", 0 0, o000001c0ff9b1528;  0 drivers
o000001c0ff9b1558 .functor BUFZ 1, c4<z>; HiZ drive
v000001c0ff9aa960_0 .net "RADDR_1", 0 0, o000001c0ff9b1558;  0 drivers
o000001c0ff9b1588 .functor BUFZ 1, c4<z>; HiZ drive
v000001c0ff9aa1e0_0 .net "RADDR_10", 0 0, o000001c0ff9b1588;  0 drivers
o000001c0ff9b15b8 .functor BUFZ 1, c4<z>; HiZ drive
v000001c0ff9a8de0_0 .net "RADDR_2", 0 0, o000001c0ff9b15b8;  0 drivers
o000001c0ff9b15e8 .functor BUFZ 1, c4<z>; HiZ drive
v000001c0ff9a8ca0_0 .net "RADDR_3", 0 0, o000001c0ff9b15e8;  0 drivers
o000001c0ff9b1618 .functor BUFZ 1, c4<z>; HiZ drive
v000001c0ff9a8e80_0 .net "RADDR_4", 0 0, o000001c0ff9b1618;  0 drivers
o000001c0ff9b1648 .functor BUFZ 1, c4<z>; HiZ drive
v000001c0ff9aa000_0 .net "RADDR_5", 0 0, o000001c0ff9b1648;  0 drivers
o000001c0ff9b1678 .functor BUFZ 1, c4<z>; HiZ drive
v000001c0ff9aa500_0 .net "RADDR_6", 0 0, o000001c0ff9b1678;  0 drivers
o000001c0ff9b16a8 .functor BUFZ 1, c4<z>; HiZ drive
v000001c0ff9a9560_0 .net "RADDR_7", 0 0, o000001c0ff9b16a8;  0 drivers
o000001c0ff9b16d8 .functor BUFZ 1, c4<z>; HiZ drive
v000001c0ff9a8f20_0 .net "RADDR_8", 0 0, o000001c0ff9b16d8;  0 drivers
o000001c0ff9b1708 .functor BUFZ 1, c4<z>; HiZ drive
v000001c0ff9aa820_0 .net "RADDR_9", 0 0, o000001c0ff9b1708;  0 drivers
o000001c0ff9b1738 .functor BUFZ 1, c4<z>; HiZ drive
v000001c0ff9a91a0_0 .net "RCLK", 0 0, o000001c0ff9b1738;  0 drivers
o000001c0ff9b1768 .functor BUFZ 1, c4<z>; HiZ drive
v000001c0ff9a8ac0_0 .net "RCLKE", 0 0, o000001c0ff9b1768;  0 drivers
v000001c0ff9aa640_0 .net "RDATA_0", 0 0, L_000001c0ffa098b0;  1 drivers
v000001c0ff9a9b00_0 .net "RDATA_1", 0 0, L_000001c0ffa0b2f0;  1 drivers
v000001c0ff9a9100_0 .net "RDATA_10", 0 0, L_000001c0ffa07970;  1 drivers
v000001c0ff9a9240_0 .net "RDATA_11", 0 0, L_000001c0ffa07510;  1 drivers
v000001c0ff9a92e0_0 .net "RDATA_12", 0 0, L_000001c0ffa08f50;  1 drivers
v000001c0ff9a9600_0 .net "RDATA_13", 0 0, L_000001c0ffa073d0;  1 drivers
v000001c0ff9a9060_0 .net "RDATA_14", 0 0, L_000001c0ffa08eb0;  1 drivers
v000001c0ff9a9ce0_0 .net "RDATA_15", 0 0, L_000001c0ffa07a10;  1 drivers
v000001c0ff9a8b60_0 .net "RDATA_2", 0 0, L_000001c0ffa0b890;  1 drivers
v000001c0ff9a8fc0_0 .net "RDATA_3", 0 0, L_000001c0ffa0a490;  1 drivers
v000001c0ff9a9380_0 .net "RDATA_4", 0 0, L_000001c0ffa0a710;  1 drivers
v000001c0ff9aa6e0_0 .net "RDATA_5", 0 0, L_000001c0ffa0b9d0;  1 drivers
v000001c0ff9a9880_0 .net "RDATA_6", 0 0, L_000001c0ffa0b7f0;  1 drivers
v000001c0ff9a9740_0 .net "RDATA_7", 0 0, L_000001c0ffa0ae90;  1 drivers
v000001c0ff9a9420_0 .net "RDATA_8", 0 0, L_000001c0ffa0b570;  1 drivers
v000001c0ff9aa5a0_0 .net "RDATA_9", 0 0, L_000001c0ffa094f0;  1 drivers
o000001c0ff9b1a98 .functor BUFZ 1, c4<z>; HiZ drive
v000001c0ff9a94c0_0 .net "RE", 0 0, o000001c0ff9b1a98;  0 drivers
o000001c0ff9b1ac8 .functor BUFZ 1, c4<z>; HiZ drive
v000001c0ff9aa780_0 .net "WADDR_0", 0 0, o000001c0ff9b1ac8;  0 drivers
o000001c0ff9b1af8 .functor BUFZ 1, c4<z>; HiZ drive
v000001c0ff9a97e0_0 .net "WADDR_1", 0 0, o000001c0ff9b1af8;  0 drivers
o000001c0ff9b1b28 .functor BUFZ 1, c4<z>; HiZ drive
v000001c0ff9a9920_0 .net "WADDR_10", 0 0, o000001c0ff9b1b28;  0 drivers
o000001c0ff9b1b58 .functor BUFZ 1, c4<z>; HiZ drive
v000001c0ff9a9d80_0 .net "WADDR_2", 0 0, o000001c0ff9b1b58;  0 drivers
o000001c0ff9b1b88 .functor BUFZ 1, c4<z>; HiZ drive
v000001c0ff9aa8c0_0 .net "WADDR_3", 0 0, o000001c0ff9b1b88;  0 drivers
o000001c0ff9b1bb8 .functor BUFZ 1, c4<z>; HiZ drive
v000001c0ff9a9a60_0 .net "WADDR_4", 0 0, o000001c0ff9b1bb8;  0 drivers
o000001c0ff9b1be8 .functor BUFZ 1, c4<z>; HiZ drive
v000001c0ff9aa140_0 .net "WADDR_5", 0 0, o000001c0ff9b1be8;  0 drivers
o000001c0ff9b1c18 .functor BUFZ 1, c4<z>; HiZ drive
v000001c0ff9aa0a0_0 .net "WADDR_6", 0 0, o000001c0ff9b1c18;  0 drivers
o000001c0ff9b1c48 .functor BUFZ 1, c4<z>; HiZ drive
v000001c0ff9a8c00_0 .net "WADDR_7", 0 0, o000001c0ff9b1c48;  0 drivers
o000001c0ff9b1c78 .functor BUFZ 1, c4<z>; HiZ drive
v000001c0ff9a8d40_0 .net "WADDR_8", 0 0, o000001c0ff9b1c78;  0 drivers
o000001c0ff9b1ca8 .functor BUFZ 1, c4<z>; HiZ drive
v000001c0ff9aa280_0 .net "WADDR_9", 0 0, o000001c0ff9b1ca8;  0 drivers
o000001c0ff9b1cd8 .functor BUFZ 1, c4<z>; HiZ drive
v000001c0ff9aa320_0 .net "WCLK", 0 0, o000001c0ff9b1cd8;  0 drivers
o000001c0ff9b1d08 .functor BUFZ 1, c4<z>; HiZ drive
v000001c0ff9aa460_0 .net "WCLKE", 0 0, o000001c0ff9b1d08;  0 drivers
o000001c0ff9b1d38 .functor BUFZ 1, c4<z>; HiZ drive
v000001c0ff9aad60_0 .net "WDATA_0", 0 0, o000001c0ff9b1d38;  0 drivers
o000001c0ff9b1d68 .functor BUFZ 1, c4<z>; HiZ drive
v000001c0ff9ac7a0_0 .net "WDATA_1", 0 0, o000001c0ff9b1d68;  0 drivers
o000001c0ff9b1d98 .functor BUFZ 1, c4<z>; HiZ drive
v000001c0ff9acf20_0 .net "WDATA_10", 0 0, o000001c0ff9b1d98;  0 drivers
o000001c0ff9b1dc8 .functor BUFZ 1, c4<z>; HiZ drive
v000001c0ff9acde0_0 .net "WDATA_11", 0 0, o000001c0ff9b1dc8;  0 drivers
o000001c0ff9b1df8 .functor BUFZ 1, c4<z>; HiZ drive
v000001c0ff9ab9e0_0 .net "WDATA_12", 0 0, o000001c0ff9b1df8;  0 drivers
o000001c0ff9b1e28 .functor BUFZ 1, c4<z>; HiZ drive
v000001c0ff9abee0_0 .net "WDATA_13", 0 0, o000001c0ff9b1e28;  0 drivers
o000001c0ff9b1e58 .functor BUFZ 1, c4<z>; HiZ drive
v000001c0ff9ab080_0 .net "WDATA_14", 0 0, o000001c0ff9b1e58;  0 drivers
o000001c0ff9b1e88 .functor BUFZ 1, c4<z>; HiZ drive
v000001c0ff9ac340_0 .net "WDATA_15", 0 0, o000001c0ff9b1e88;  0 drivers
o000001c0ff9b1eb8 .functor BUFZ 1, c4<z>; HiZ drive
v000001c0ff9abf80_0 .net "WDATA_2", 0 0, o000001c0ff9b1eb8;  0 drivers
o000001c0ff9b1ee8 .functor BUFZ 1, c4<z>; HiZ drive
v000001c0ff9aac20_0 .net "WDATA_3", 0 0, o000001c0ff9b1ee8;  0 drivers
o000001c0ff9b1f18 .functor BUFZ 1, c4<z>; HiZ drive
v000001c0ff9aaf40_0 .net "WDATA_4", 0 0, o000001c0ff9b1f18;  0 drivers
o000001c0ff9b1f48 .functor BUFZ 1, c4<z>; HiZ drive
v000001c0ff9acca0_0 .net "WDATA_5", 0 0, o000001c0ff9b1f48;  0 drivers
o000001c0ff9b1f78 .functor BUFZ 1, c4<z>; HiZ drive
v000001c0ff9aae00_0 .net "WDATA_6", 0 0, o000001c0ff9b1f78;  0 drivers
o000001c0ff9b1fa8 .functor BUFZ 1, c4<z>; HiZ drive
v000001c0ff9ac840_0 .net "WDATA_7", 0 0, o000001c0ff9b1fa8;  0 drivers
o000001c0ff9b1fd8 .functor BUFZ 1, c4<z>; HiZ drive
v000001c0ff9acfc0_0 .net "WDATA_8", 0 0, o000001c0ff9b1fd8;  0 drivers
o000001c0ff9b2008 .functor BUFZ 1, c4<z>; HiZ drive
v000001c0ff9ace80_0 .net "WDATA_9", 0 0, o000001c0ff9b2008;  0 drivers
o000001c0ff9b2038 .functor BUFZ 1, c4<z>; HiZ drive
v000001c0ff9aba80_0 .net "WE", 0 0, o000001c0ff9b2038;  0 drivers
v000001c0ff9ac020_0 .net *"_ivl_100", 0 0, L_000001c0ffa0b250;  1 drivers
v000001c0ff9ab120_0 .net *"_ivl_102", 0 0, L_000001c0ffa0b4d0;  1 drivers
v000001c0ff9ad1a0_0 .net *"_ivl_104", 0 0, L_000001c0ffa09ef0;  1 drivers
v000001c0ff9ad060_0 .net *"_ivl_106", 0 0, L_000001c0ffa0a030;  1 drivers
v000001c0ff9aaea0_0 .net *"_ivl_108", 0 0, L_000001c0ffa093b0;  1 drivers
v000001c0ff9ac8e0_0 .net *"_ivl_110", 0 0, L_000001c0ffa09450;  1 drivers
v000001c0ff9ac980_0 .net *"_ivl_112", 0 0, L_000001c0ffa0a170;  1 drivers
v000001c0ff9ac3e0_0 .net *"_ivl_114", 0 0, L_000001c0ffa0a3f0;  1 drivers
v000001c0ff9ab8a0_0 .net *"_ivl_116", 0 0, L_000001c0ffa09630;  1 drivers
v000001c0ff9abb20_0 .net *"_ivl_120", 0 0, L_000001c0ffa09770;  1 drivers
v000001c0ff9abbc0_0 .net *"_ivl_122", 0 0, L_000001c0ffa0a850;  1 drivers
v000001c0ff9aacc0_0 .net *"_ivl_124", 0 0, L_000001c0ffa0a8f0;  1 drivers
v000001c0ff9ab1c0_0 .net *"_ivl_126", 0 0, L_000001c0ffa0a7b0;  1 drivers
v000001c0ff9ad100_0 .net *"_ivl_128", 0 0, L_000001c0ffa0a990;  1 drivers
v000001c0ff9ab260_0 .net *"_ivl_130", 0 0, L_000001c0ffa0ac10;  1 drivers
v000001c0ff9ad240_0 .net *"_ivl_132", 0 0, L_000001c0ffa0ad50;  1 drivers
v000001c0ff9aafe0_0 .net *"_ivl_134", 0 0, L_000001c0ffa6b160;  1 drivers
v000001c0ff9ab300_0 .net *"_ivl_136", 0 0, L_000001c0ffa6a080;  1 drivers
v000001c0ff9abc60_0 .net *"_ivl_138", 0 0, L_000001c0ffa694a0;  1 drivers
v000001c0ff9aaae0_0 .net *"_ivl_140", 0 0, L_000001c0ffa6a6c0;  1 drivers
v000001c0ff9abd00_0 .net *"_ivl_142", 0 0, L_000001c0ffa6b200;  1 drivers
v000001c0ff9ac2a0_0 .net *"_ivl_144", 0 0, L_000001c0ffa69180;  1 drivers
v000001c0ff9ac700_0 .net *"_ivl_146", 0 0, L_000001c0ffa6b2a0;  1 drivers
v000001c0ff9aab80_0 .net *"_ivl_148", 0 0, L_000001c0ffa6ad00;  1 drivers
v000001c0ff9ac480_0 .net *"_ivl_150", 0 0, L_000001c0ffa6b340;  1 drivers
v000001c0ff9ac520_0 .net *"_ivl_18", 0 0, L_000001c0ffa0afd0;  1 drivers
v000001c0ff9abda0_0 .net/2u *"_ivl_19", 0 0, L_000001c0ffa0ee80;  1 drivers
v000001c0ff9ab3a0_0 .net *"_ivl_28", 0 0, L_000001c0ffa0b750;  1 drivers
v000001c0ff9ab940_0 .net *"_ivl_30", 0 0, L_000001c0ffa0b390;  1 drivers
v000001c0ff9ab440_0 .net *"_ivl_32", 0 0, L_000001c0ffa0a0d0;  1 drivers
v000001c0ff9abe40_0 .net *"_ivl_34", 0 0, L_000001c0ffa09d10;  1 drivers
v000001c0ff9ac0c0_0 .net *"_ivl_36", 0 0, L_000001c0ffa0b930;  1 drivers
v000001c0ff9ab4e0_0 .net *"_ivl_38", 0 0, L_000001c0ffa0a530;  1 drivers
v000001c0ff9ac160_0 .net *"_ivl_40", 0 0, L_000001c0ffa0a210;  1 drivers
v000001c0ff9ab580_0 .net *"_ivl_42", 0 0, L_000001c0ffa0acb0;  1 drivers
v000001c0ff9ab6c0_0 .net *"_ivl_44", 0 0, L_000001c0ffa09a90;  1 drivers
v000001c0ff9ac5c0_0 .net *"_ivl_46", 0 0, L_000001c0ffa0a5d0;  1 drivers
v000001c0ff9ab620_0 .net *"_ivl_48", 0 0, L_000001c0ffa09950;  1 drivers
v000001c0ff9aca20_0 .net *"_ivl_52", 0 0, L_000001c0ffa0a350;  1 drivers
v000001c0ff9ab760_0 .net/2u *"_ivl_53", 0 0, L_000001c0ffa0eec8;  1 drivers
v000001c0ff9ab800_0 .net *"_ivl_62", 0 0, L_000001c0ffa099f0;  1 drivers
v000001c0ff9ac200_0 .net *"_ivl_64", 0 0, L_000001c0ffa096d0;  1 drivers
v000001c0ff9ac660_0 .net *"_ivl_66", 0 0, L_000001c0ffa09bd0;  1 drivers
v000001c0ff9acac0_0 .net *"_ivl_68", 0 0, L_000001c0ffa0b110;  1 drivers
v000001c0ff9acb60_0 .net *"_ivl_70", 0 0, L_000001c0ffa09c70;  1 drivers
v000001c0ff9acc00_0 .net *"_ivl_72", 0 0, L_000001c0ffa0ab70;  1 drivers
v000001c0ff9acd40_0 .net *"_ivl_74", 0 0, L_000001c0ffa0aa30;  1 drivers
v000001c0ff9ae5a0_0 .net *"_ivl_76", 0 0, L_000001c0ffa0af30;  1 drivers
v000001c0ff9adf60_0 .net *"_ivl_78", 0 0, L_000001c0ffa0aad0;  1 drivers
v000001c0ff9ad600_0 .net *"_ivl_80", 0 0, L_000001c0ffa0b610;  1 drivers
v000001c0ff9ae500_0 .net *"_ivl_82", 0 0, L_000001c0ffa0b1b0;  1 drivers
v000001c0ff9ae000_0 .net *"_ivl_86", 0 0, L_000001c0ffa09db0;  1 drivers
v000001c0ff9add80_0 .net *"_ivl_88", 0 0, L_000001c0ffa09f90;  1 drivers
v000001c0ff9ad6a0_0 .net *"_ivl_90", 0 0, L_000001c0ffa09810;  1 drivers
v000001c0ff9ae6e0_0 .net *"_ivl_92", 0 0, L_000001c0ffa09590;  1 drivers
v000001c0ff9ad4c0_0 .net *"_ivl_94", 0 0, L_000001c0ffa09e50;  1 drivers
v000001c0ff9ae280_0 .net *"_ivl_96", 0 0, L_000001c0ffa0a670;  1 drivers
v000001c0ff9ae140_0 .net *"_ivl_98", 0 0, L_000001c0ffa0bb10;  1 drivers
L_000001c0ffa07a10 .part v000001c0ff998750_0, 15, 1;
L_000001c0ffa08eb0 .part v000001c0ff998750_0, 14, 1;
L_000001c0ffa073d0 .part v000001c0ff998750_0, 13, 1;
L_000001c0ffa08f50 .part v000001c0ff998750_0, 12, 1;
L_000001c0ffa07510 .part v000001c0ff998750_0, 11, 1;
L_000001c0ffa07970 .part v000001c0ff998750_0, 10, 1;
L_000001c0ffa094f0 .part v000001c0ff998750_0, 9, 1;
L_000001c0ffa0b570 .part v000001c0ff998750_0, 8, 1;
L_000001c0ffa0ae90 .part v000001c0ff998750_0, 7, 1;
L_000001c0ffa0b7f0 .part v000001c0ff998750_0, 6, 1;
L_000001c0ffa0b9d0 .part v000001c0ff998750_0, 5, 1;
L_000001c0ffa0a710 .part v000001c0ff998750_0, 4, 1;
L_000001c0ffa0a490 .part v000001c0ff998750_0, 3, 1;
L_000001c0ffa0b890 .part v000001c0ff998750_0, 2, 1;
L_000001c0ffa0b2f0 .part v000001c0ff998750_0, 1, 1;
L_000001c0ffa098b0 .part v000001c0ff998750_0, 0, 1;
L_000001c0ffa0afd0 .ufunc/vec4 TD_ICESTORM_RAM.pd, 1, o000001c0ff9b1738 (v000001c0ff997f30_0) S_000001c0ff981fb0;
L_000001c0ffa0b430 .ufunc/vec4 TD_ICESTORM_RAM.pu, 1, o000001c0ff9b1768 (v000001c0ff9978f0_0) S_000001c0ff982460;
L_000001c0ffa0ba70 .ufunc/vec4 TD_ICESTORM_RAM.pd, 1, o000001c0ff9b1a98 (v000001c0ff997f30_0) S_000001c0ff981fb0;
L_000001c0ffa0b750 .ufunc/vec4 TD_ICESTORM_RAM.pd, 1, o000001c0ff9b1588 (v000001c0ff997f30_0) S_000001c0ff981fb0;
L_000001c0ffa0b390 .ufunc/vec4 TD_ICESTORM_RAM.pd, 1, o000001c0ff9b1708 (v000001c0ff997f30_0) S_000001c0ff981fb0;
L_000001c0ffa0a0d0 .ufunc/vec4 TD_ICESTORM_RAM.pd, 1, o000001c0ff9b16d8 (v000001c0ff997f30_0) S_000001c0ff981fb0;
L_000001c0ffa09d10 .ufunc/vec4 TD_ICESTORM_RAM.pd, 1, o000001c0ff9b16a8 (v000001c0ff997f30_0) S_000001c0ff981fb0;
L_000001c0ffa0b930 .ufunc/vec4 TD_ICESTORM_RAM.pd, 1, o000001c0ff9b1678 (v000001c0ff997f30_0) S_000001c0ff981fb0;
L_000001c0ffa0a530 .ufunc/vec4 TD_ICESTORM_RAM.pd, 1, o000001c0ff9b1648 (v000001c0ff997f30_0) S_000001c0ff981fb0;
L_000001c0ffa0a210 .ufunc/vec4 TD_ICESTORM_RAM.pd, 1, o000001c0ff9b1618 (v000001c0ff997f30_0) S_000001c0ff981fb0;
L_000001c0ffa0acb0 .ufunc/vec4 TD_ICESTORM_RAM.pd, 1, o000001c0ff9b15e8 (v000001c0ff997f30_0) S_000001c0ff981fb0;
L_000001c0ffa09a90 .ufunc/vec4 TD_ICESTORM_RAM.pd, 1, o000001c0ff9b15b8 (v000001c0ff997f30_0) S_000001c0ff981fb0;
L_000001c0ffa0a5d0 .ufunc/vec4 TD_ICESTORM_RAM.pd, 1, o000001c0ff9b1558 (v000001c0ff997f30_0) S_000001c0ff981fb0;
L_000001c0ffa09950 .ufunc/vec4 TD_ICESTORM_RAM.pd, 1, o000001c0ff9b1528 (v000001c0ff997f30_0) S_000001c0ff981fb0;
LS_000001c0ffa0adf0_0_0 .concat [ 1 1 1 1], L_000001c0ffa09950, L_000001c0ffa0a5d0, L_000001c0ffa09a90, L_000001c0ffa0acb0;
LS_000001c0ffa0adf0_0_4 .concat [ 1 1 1 1], L_000001c0ffa0a210, L_000001c0ffa0a530, L_000001c0ffa0b930, L_000001c0ffa09d10;
LS_000001c0ffa0adf0_0_8 .concat [ 1 1 1 0], L_000001c0ffa0a0d0, L_000001c0ffa0b390, L_000001c0ffa0b750;
L_000001c0ffa0adf0 .concat [ 4 4 3 0], LS_000001c0ffa0adf0_0_0, LS_000001c0ffa0adf0_0_4, LS_000001c0ffa0adf0_0_8;
L_000001c0ffa0a350 .ufunc/vec4 TD_ICESTORM_RAM.pd, 1, o000001c0ff9b1cd8 (v000001c0ff997f30_0) S_000001c0ff981fb0;
L_000001c0ffa09b30 .ufunc/vec4 TD_ICESTORM_RAM.pu, 1, o000001c0ff9b1d08 (v000001c0ff9978f0_0) S_000001c0ff982460;
L_000001c0ffa0b070 .ufunc/vec4 TD_ICESTORM_RAM.pd, 1, o000001c0ff9b2038 (v000001c0ff997f30_0) S_000001c0ff981fb0;
L_000001c0ffa099f0 .ufunc/vec4 TD_ICESTORM_RAM.pd, 1, o000001c0ff9b1b28 (v000001c0ff997f30_0) S_000001c0ff981fb0;
L_000001c0ffa096d0 .ufunc/vec4 TD_ICESTORM_RAM.pd, 1, o000001c0ff9b1ca8 (v000001c0ff997f30_0) S_000001c0ff981fb0;
L_000001c0ffa09bd0 .ufunc/vec4 TD_ICESTORM_RAM.pd, 1, o000001c0ff9b1c78 (v000001c0ff997f30_0) S_000001c0ff981fb0;
L_000001c0ffa0b110 .ufunc/vec4 TD_ICESTORM_RAM.pd, 1, o000001c0ff9b1c48 (v000001c0ff997f30_0) S_000001c0ff981fb0;
L_000001c0ffa09c70 .ufunc/vec4 TD_ICESTORM_RAM.pd, 1, o000001c0ff9b1c18 (v000001c0ff997f30_0) S_000001c0ff981fb0;
L_000001c0ffa0ab70 .ufunc/vec4 TD_ICESTORM_RAM.pd, 1, o000001c0ff9b1be8 (v000001c0ff997f30_0) S_000001c0ff981fb0;
L_000001c0ffa0aa30 .ufunc/vec4 TD_ICESTORM_RAM.pd, 1, o000001c0ff9b1bb8 (v000001c0ff997f30_0) S_000001c0ff981fb0;
L_000001c0ffa0af30 .ufunc/vec4 TD_ICESTORM_RAM.pd, 1, o000001c0ff9b1b88 (v000001c0ff997f30_0) S_000001c0ff981fb0;
L_000001c0ffa0aad0 .ufunc/vec4 TD_ICESTORM_RAM.pd, 1, o000001c0ff9b1b58 (v000001c0ff997f30_0) S_000001c0ff981fb0;
L_000001c0ffa0b610 .ufunc/vec4 TD_ICESTORM_RAM.pd, 1, o000001c0ff9b1af8 (v000001c0ff997f30_0) S_000001c0ff981fb0;
L_000001c0ffa0b1b0 .ufunc/vec4 TD_ICESTORM_RAM.pd, 1, o000001c0ff9b1ac8 (v000001c0ff997f30_0) S_000001c0ff981fb0;
LS_000001c0ffa0b6b0_0_0 .concat [ 1 1 1 1], L_000001c0ffa0b1b0, L_000001c0ffa0b610, L_000001c0ffa0aad0, L_000001c0ffa0af30;
LS_000001c0ffa0b6b0_0_4 .concat [ 1 1 1 1], L_000001c0ffa0aa30, L_000001c0ffa0ab70, L_000001c0ffa09c70, L_000001c0ffa0b110;
LS_000001c0ffa0b6b0_0_8 .concat [ 1 1 1 0], L_000001c0ffa09bd0, L_000001c0ffa096d0, L_000001c0ffa099f0;
L_000001c0ffa0b6b0 .concat [ 4 4 3 0], LS_000001c0ffa0b6b0_0_0, LS_000001c0ffa0b6b0_0_4, LS_000001c0ffa0b6b0_0_8;
L_000001c0ffa09db0 .ufunc/vec4 TD_ICESTORM_RAM.pd, 1, o000001c0ff9b1378 (v000001c0ff997f30_0) S_000001c0ff981fb0;
L_000001c0ffa09f90 .ufunc/vec4 TD_ICESTORM_RAM.pd, 1, o000001c0ff9b1348 (v000001c0ff997f30_0) S_000001c0ff981fb0;
L_000001c0ffa09810 .ufunc/vec4 TD_ICESTORM_RAM.pd, 1, o000001c0ff9b1318 (v000001c0ff997f30_0) S_000001c0ff981fb0;
L_000001c0ffa09590 .ufunc/vec4 TD_ICESTORM_RAM.pd, 1, o000001c0ff9b12e8 (v000001c0ff997f30_0) S_000001c0ff981fb0;
L_000001c0ffa09e50 .ufunc/vec4 TD_ICESTORM_RAM.pd, 1, o000001c0ff9b12b8 (v000001c0ff997f30_0) S_000001c0ff981fb0;
L_000001c0ffa0a670 .ufunc/vec4 TD_ICESTORM_RAM.pd, 1, o000001c0ff9b1288 (v000001c0ff997f30_0) S_000001c0ff981fb0;
L_000001c0ffa0bb10 .ufunc/vec4 TD_ICESTORM_RAM.pd, 1, o000001c0ff9b14f8 (v000001c0ff997f30_0) S_000001c0ff981fb0;
L_000001c0ffa0b250 .ufunc/vec4 TD_ICESTORM_RAM.pd, 1, o000001c0ff9b14c8 (v000001c0ff997f30_0) S_000001c0ff981fb0;
L_000001c0ffa0b4d0 .ufunc/vec4 TD_ICESTORM_RAM.pd, 1, o000001c0ff9b1498 (v000001c0ff997f30_0) S_000001c0ff981fb0;
L_000001c0ffa09ef0 .ufunc/vec4 TD_ICESTORM_RAM.pd, 1, o000001c0ff9b1468 (v000001c0ff997f30_0) S_000001c0ff981fb0;
L_000001c0ffa0a030 .ufunc/vec4 TD_ICESTORM_RAM.pd, 1, o000001c0ff9b1438 (v000001c0ff997f30_0) S_000001c0ff981fb0;
L_000001c0ffa093b0 .ufunc/vec4 TD_ICESTORM_RAM.pd, 1, o000001c0ff9b1408 (v000001c0ff997f30_0) S_000001c0ff981fb0;
L_000001c0ffa09450 .ufunc/vec4 TD_ICESTORM_RAM.pd, 1, o000001c0ff9b13d8 (v000001c0ff997f30_0) S_000001c0ff981fb0;
L_000001c0ffa0a170 .ufunc/vec4 TD_ICESTORM_RAM.pd, 1, o000001c0ff9b13a8 (v000001c0ff997f30_0) S_000001c0ff981fb0;
L_000001c0ffa0a3f0 .ufunc/vec4 TD_ICESTORM_RAM.pd, 1, o000001c0ff9b1258 (v000001c0ff997f30_0) S_000001c0ff981fb0;
L_000001c0ffa09630 .ufunc/vec4 TD_ICESTORM_RAM.pd, 1, o000001c0ff9b1228 (v000001c0ff997f30_0) S_000001c0ff981fb0;
LS_000001c0ffa0a2b0_0_0 .concat [ 1 1 1 1], L_000001c0ffa09630, L_000001c0ffa0a3f0, L_000001c0ffa0a170, L_000001c0ffa09450;
LS_000001c0ffa0a2b0_0_4 .concat [ 1 1 1 1], L_000001c0ffa093b0, L_000001c0ffa0a030, L_000001c0ffa09ef0, L_000001c0ffa0b4d0;
LS_000001c0ffa0a2b0_0_8 .concat [ 1 1 1 1], L_000001c0ffa0b250, L_000001c0ffa0bb10, L_000001c0ffa0a670, L_000001c0ffa09e50;
LS_000001c0ffa0a2b0_0_12 .concat [ 1 1 1 1], L_000001c0ffa09590, L_000001c0ffa09810, L_000001c0ffa09f90, L_000001c0ffa09db0;
L_000001c0ffa0a2b0 .concat [ 4 4 4 4], LS_000001c0ffa0a2b0_0_0, LS_000001c0ffa0a2b0_0_4, LS_000001c0ffa0a2b0_0_8, LS_000001c0ffa0a2b0_0_12;
L_000001c0ffa09770 .ufunc/vec4 TD_ICESTORM_RAM.pd, 1, o000001c0ff9b1e88 (v000001c0ff997f30_0) S_000001c0ff981fb0;
L_000001c0ffa0a850 .ufunc/vec4 TD_ICESTORM_RAM.pd, 1, o000001c0ff9b1e58 (v000001c0ff997f30_0) S_000001c0ff981fb0;
L_000001c0ffa0a8f0 .ufunc/vec4 TD_ICESTORM_RAM.pd, 1, o000001c0ff9b1e28 (v000001c0ff997f30_0) S_000001c0ff981fb0;
L_000001c0ffa0a7b0 .ufunc/vec4 TD_ICESTORM_RAM.pd, 1, o000001c0ff9b1df8 (v000001c0ff997f30_0) S_000001c0ff981fb0;
L_000001c0ffa0a990 .ufunc/vec4 TD_ICESTORM_RAM.pd, 1, o000001c0ff9b1dc8 (v000001c0ff997f30_0) S_000001c0ff981fb0;
L_000001c0ffa0ac10 .ufunc/vec4 TD_ICESTORM_RAM.pd, 1, o000001c0ff9b1d98 (v000001c0ff997f30_0) S_000001c0ff981fb0;
L_000001c0ffa0ad50 .ufunc/vec4 TD_ICESTORM_RAM.pd, 1, o000001c0ff9b2008 (v000001c0ff997f30_0) S_000001c0ff981fb0;
L_000001c0ffa6b160 .ufunc/vec4 TD_ICESTORM_RAM.pd, 1, o000001c0ff9b1fd8 (v000001c0ff997f30_0) S_000001c0ff981fb0;
L_000001c0ffa6a080 .ufunc/vec4 TD_ICESTORM_RAM.pd, 1, o000001c0ff9b1fa8 (v000001c0ff997f30_0) S_000001c0ff981fb0;
L_000001c0ffa694a0 .ufunc/vec4 TD_ICESTORM_RAM.pd, 1, o000001c0ff9b1f78 (v000001c0ff997f30_0) S_000001c0ff981fb0;
L_000001c0ffa6a6c0 .ufunc/vec4 TD_ICESTORM_RAM.pd, 1, o000001c0ff9b1f48 (v000001c0ff997f30_0) S_000001c0ff981fb0;
L_000001c0ffa6b200 .ufunc/vec4 TD_ICESTORM_RAM.pd, 1, o000001c0ff9b1f18 (v000001c0ff997f30_0) S_000001c0ff981fb0;
L_000001c0ffa69180 .ufunc/vec4 TD_ICESTORM_RAM.pd, 1, o000001c0ff9b1ee8 (v000001c0ff997f30_0) S_000001c0ff981fb0;
L_000001c0ffa6b2a0 .ufunc/vec4 TD_ICESTORM_RAM.pd, 1, o000001c0ff9b1eb8 (v000001c0ff997f30_0) S_000001c0ff981fb0;
L_000001c0ffa6ad00 .ufunc/vec4 TD_ICESTORM_RAM.pd, 1, o000001c0ff9b1d68 (v000001c0ff997f30_0) S_000001c0ff981fb0;
L_000001c0ffa6b340 .ufunc/vec4 TD_ICESTORM_RAM.pd, 1, o000001c0ff9b1d38 (v000001c0ff997f30_0) S_000001c0ff981fb0;
LS_000001c0ffa6a120_0_0 .concat [ 1 1 1 1], L_000001c0ffa6b340, L_000001c0ffa6ad00, L_000001c0ffa6b2a0, L_000001c0ffa69180;
LS_000001c0ffa6a120_0_4 .concat [ 1 1 1 1], L_000001c0ffa6b200, L_000001c0ffa6a6c0, L_000001c0ffa694a0, L_000001c0ffa6a080;
LS_000001c0ffa6a120_0_8 .concat [ 1 1 1 1], L_000001c0ffa6b160, L_000001c0ffa0ad50, L_000001c0ffa0ac10, L_000001c0ffa0a990;
LS_000001c0ffa6a120_0_12 .concat [ 1 1 1 1], L_000001c0ffa0a7b0, L_000001c0ffa0a8f0, L_000001c0ffa0a850, L_000001c0ffa09770;
L_000001c0ffa6a120 .concat [ 4 4 4 4], LS_000001c0ffa6a120_0_0, LS_000001c0ffa6a120_0_4, LS_000001c0ffa6a120_0_8, LS_000001c0ffa6a120_0_12;
S_000001c0ff981b00 .scope module, "RAM" "SB_RAM40_4K" 3 3233, 3 1487 0, S_000001c0ff840460;
 .timescale -12 -12;
    .port_info 0 /OUTPUT 16 "RDATA";
    .port_info 1 /INPUT 1 "RCLK";
    .port_info 2 /INPUT 1 "RCLKE";
    .port_info 3 /INPUT 1 "RE";
    .port_info 4 /INPUT 11 "RADDR";
    .port_info 5 /INPUT 1 "WCLK";
    .port_info 6 /INPUT 1 "WCLKE";
    .port_info 7 /INPUT 1 "WE";
    .port_info 8 /INPUT 11 "WADDR";
    .port_info 9 /INPUT 16 "MASK";
    .port_info 10 /INPUT 16 "WDATA";
P_000001c0ff9e02a0 .param/l "INIT_0" 0 3 1507, C4<0000000000000000000000000000000000000000000000000000000000000000000000000000000000000000000000000000000000000000000000000000000000000000000000000000000000000000000000000000000000000000000000000000000000000000000000000000000000000000000000000000000000000000>;
P_000001c0ff9e02d8 .param/l "INIT_1" 0 3 1508, C4<0000000000000000000000000000000000000000000000000000000000000000000000000000000000000000000000000000000000000000000000000000000000000000000000000000000000000000000000000000000000000000000000000000000000000000000000000000000000000000000000000000000000000000>;
P_000001c0ff9e0310 .param/l "INIT_2" 0 3 1509, C4<0000000000000000000000000000000000000000000000000000000000000000000000000000000000000000000000000000000000000000000000000000000000000000000000000000000000000000000000000000000000000000000000000000000000000000000000000000000000000000000000000000000000000000>;
P_000001c0ff9e0348 .param/l "INIT_3" 0 3 1510, C4<0000000000000000000000000000000000000000000000000000000000000000000000000000000000000000000000000000000000000000000000000000000000000000000000000000000000000000000000000000000000000000000000000000000000000000000000000000000000000000000000000000000000000000>;
P_000001c0ff9e0380 .param/l "INIT_4" 0 3 1511, C4<0000000000000000000000000000000000000000000000000000000000000000000000000000000000000000000000000000000000000000000000000000000000000000000000000000000000000000000000000000000000000000000000000000000000000000000000000000000000000000000000000000000000000000>;
P_000001c0ff9e03b8 .param/l "INIT_5" 0 3 1512, C4<0000000000000000000000000000000000000000000000000000000000000000000000000000000000000000000000000000000000000000000000000000000000000000000000000000000000000000000000000000000000000000000000000000000000000000000000000000000000000000000000000000000000000000>;
P_000001c0ff9e03f0 .param/l "INIT_6" 0 3 1513, C4<0000000000000000000000000000000000000000000000000000000000000000000000000000000000000000000000000000000000000000000000000000000000000000000000000000000000000000000000000000000000000000000000000000000000000000000000000000000000000000000000000000000000000000>;
P_000001c0ff9e0428 .param/l "INIT_7" 0 3 1514, C4<0000000000000000000000000000000000000000000000000000000000000000000000000000000000000000000000000000000000000000000000000000000000000000000000000000000000000000000000000000000000000000000000000000000000000000000000000000000000000000000000000000000000000000>;
P_000001c0ff9e0460 .param/l "INIT_8" 0 3 1515, C4<0000000000000000000000000000000000000000000000000000000000000000000000000000000000000000000000000000000000000000000000000000000000000000000000000000000000000000000000000000000000000000000000000000000000000000000000000000000000000000000000000000000000000000>;
P_000001c0ff9e0498 .param/l "INIT_9" 0 3 1516, C4<0000000000000000000000000000000000000000000000000000000000000000000000000000000000000000000000000000000000000000000000000000000000000000000000000000000000000000000000000000000000000000000000000000000000000000000000000000000000000000000000000000000000000000>;
P_000001c0ff9e04d0 .param/l "INIT_A" 0 3 1517, C4<0000000000000000000000000000000000000000000000000000000000000000000000000000000000000000000000000000000000000000000000000000000000000000000000000000000000000000000000000000000000000000000000000000000000000000000000000000000000000000000000000000000000000000>;
P_000001c0ff9e0508 .param/l "INIT_B" 0 3 1518, C4<0000000000000000000000000000000000000000000000000000000000000000000000000000000000000000000000000000000000000000000000000000000000000000000000000000000000000000000000000000000000000000000000000000000000000000000000000000000000000000000000000000000000000000>;
P_000001c0ff9e0540 .param/l "INIT_C" 0 3 1519, C4<0000000000000000000000000000000000000000000000000000000000000000000000000000000000000000000000000000000000000000000000000000000000000000000000000000000000000000000000000000000000000000000000000000000000000000000000000000000000000000000000000000000000000000>;
P_000001c0ff9e0578 .param/l "INIT_D" 0 3 1520, C4<0000000000000000000000000000000000000000000000000000000000000000000000000000000000000000000000000000000000000000000000000000000000000000000000000000000000000000000000000000000000000000000000000000000000000000000000000000000000000000000000000000000000000000>;
P_000001c0ff9e05b0 .param/l "INIT_E" 0 3 1521, C4<0000000000000000000000000000000000000000000000000000000000000000000000000000000000000000000000000000000000000000000000000000000000000000000000000000000000000000000000000000000000000000000000000000000000000000000000000000000000000000000000000000000000000000>;
P_000001c0ff9e05e8 .param/l "INIT_F" 0 3 1522, C4<0000000000000000000000000000000000000000000000000000000000000000000000000000000000000000000000000000000000000000000000000000000000000000000000000000000000000000000000000000000000000000000000000000000000000000000000000000000000000000000000000000000000000000>;
P_000001c0ff9e0620 .param/str "INIT_FILE" 0 3 1524, "\000";
P_000001c0ff9e0658 .param/l "READ_MODE" 0 3 1505, +C4<00000000000000000000000000000000>;
P_000001c0ff9e0690 .param/l "WRITE_MODE" 0 3 1504, +C4<00000000000000000000000000000000>;
v000001c0ff9984d0_0 .net "MASK", 15 0, L_000001c0ffa0a2b0;  1 drivers
v000001c0ff998570_0 .net "RADDR", 10 0, L_000001c0ffa0adf0;  1 drivers
v000001c0ff996ef0_0 .net "RCLK", 0 0, L_000001c0ffa677a0;  1 drivers
v000001c0ff997170_0 .net "RCLKE", 0 0, L_000001c0ffa0b430;  1 drivers
v000001c0ff997210_0 .net "RDATA", 15 0, v000001c0ff998750_0;  1 drivers
v000001c0ff998750_0 .var "RDATA_I", 15 0;
v000001c0ff997710_0 .net "RE", 0 0, L_000001c0ffa0ba70;  1 drivers
L_000001c0ffa0ee38 .functor BUFT 1, C4<0000000000000000>, C4<0>, C4<0>, C4<0>;
v000001c0ff9973f0_0 .net "RMASK_I", 15 0, L_000001c0ffa0ee38;  1 drivers
v000001c0ff997e90_0 .net "WADDR", 10 0, L_000001c0ffa0b6b0;  1 drivers
v000001c0ff998890_0 .net "WCLK", 0 0, L_000001c0ffa68530;  1 drivers
v000001c0ff998930_0 .net "WCLKE", 0 0, L_000001c0ffa09b30;  1 drivers
v000001c0ff997030_0 .net "WDATA", 15 0, L_000001c0ffa6a120;  1 drivers
v000001c0ff997ad0_0 .net "WDATA_I", 15 0, L_000001c0ff78fe70;  1 drivers
v000001c0ff9972b0_0 .net "WE", 0 0, L_000001c0ffa0b070;  1 drivers
v000001c0ff996f90_0 .net "WMASK_I", 15 0, L_000001c0ff7ad560;  1 drivers
v000001c0ff997850_0 .var/i "i", 31 0;
v000001c0ff997350 .array "memory", 255 0, 15 0;
E_000001c0ff7c0340 .event posedge, v000001c0ff996ef0_0;
E_000001c0ff7c0e00 .event posedge, v000001c0ff998890_0;
S_000001c0ff981330 .scope generate, "genblk1" "genblk1" 3 1534, 3 1534 0, S_000001c0ff981b00;
 .timescale -12 -12;
L_000001c0ff7ad560 .functor BUFZ 16, L_000001c0ffa0a2b0, C4<0000000000000000>, C4<0000000000000000>, C4<0000000000000000>;
S_000001c0ff9817e0 .scope generate, "genblk2" "genblk2" 3 1555, 3 1555 0, S_000001c0ff981b00;
 .timescale -12 -12;
S_000001c0ff9814c0 .scope generate, "genblk3" "genblk3" 3 1576, 3 1576 0, S_000001c0ff981b00;
 .timescale -12 -12;
L_000001c0ff78fe70 .functor BUFZ 16, L_000001c0ffa6a120, C4<0000000000000000>, C4<0000000000000000>, C4<0000000000000000>;
S_000001c0ff981650 .scope generate, "genblk4" "genblk4" 3 1595, 3 1595 0, S_000001c0ff981b00;
 .timescale -12 -12;
S_000001c0ff981fb0 .scope function.vec4.s1, "pd" "pd" 3 3200, 3 3200 0, S_000001c0ff840460;
 .timescale -12 -12;
; Variable pd is vec4 return value of scope S_000001c0ff981fb0
v000001c0ff997f30_0 .var "x", 0 0;
TD_ICESTORM_RAM.pd ;
    %load/vec4 v000001c0ff997f30_0;
    %cmpi/e 0, 1, 1;
    %flag_mov 8, 6;
    %jmp/0 T_0.0, 8;
    %pushi/vec4 0, 0, 1;
    %jmp/1 T_0.1, 8;
T_0.0 ; End of true expr.
    %load/vec4 v000001c0ff997f30_0;
    %jmp/0 T_0.1, 8;
 ; End of false expr.
    %blend;
T_0.1;
    %ret/vec4 0, 0, 1;  Assign to pd (store_vec4_to_lval)
    %end;
S_000001c0ff982460 .scope function.vec4.s1, "pu" "pu" 3 3207, 3 3207 0, S_000001c0ff840460;
 .timescale -12 -12;
; Variable pu is vec4 return value of scope S_000001c0ff982460
v000001c0ff9978f0_0 .var "x", 0 0;
TD_ICESTORM_RAM.pu ;
    %load/vec4 v000001c0ff9978f0_0;
    %cmpi/e 0, 1, 1;
    %flag_mov 8, 6;
    %jmp/0 T_1.2, 8;
    %pushi/vec4 1, 0, 1;
    %jmp/1 T_1.3, 8;
T_1.2 ; End of true expr.
    %load/vec4 v000001c0ff9978f0_0;
    %jmp/0 T_1.3, 8;
 ; End of false expr.
    %blend;
T_1.3;
    %ret/vec4 0, 0, 1;  Assign to pu (store_vec4_to_lval)
    %end;
S_000001c0ff8405f0 .scope module, "SB_CARRY" "SB_CARRY" 3 228;
 .timescale -12 -12;
    .port_info 0 /OUTPUT 1 "CO";
    .port_info 1 /INPUT 1 "I0";
    .port_info 2 /INPUT 1 "I1";
    .port_info 3 /INPUT 1 "CI";
o000001c0ff9b39e8 .functor BUFZ 1, c4<z>; HiZ drive
o000001c0ff9b3a18 .functor BUFZ 1, c4<z>; HiZ drive
L_000001c0ffa66e00 .functor AND 1, o000001c0ff9b39e8, o000001c0ff9b3a18, C4<1>, C4<1>;
L_000001c0ffa66e70 .functor OR 1, o000001c0ff9b39e8, o000001c0ff9b3a18, C4<0>, C4<0>;
o000001c0ff9b3988 .functor BUFZ 1, c4<z>; HiZ drive
L_000001c0ffa66ee0 .functor AND 1, L_000001c0ffa66e70, o000001c0ff9b3988, C4<1>, C4<1>;
L_000001c0ffa68140 .functor OR 1, L_000001c0ffa66e00, L_000001c0ffa66ee0, C4<0>, C4<0>;
v000001c0ff9adba0_0 .net "CI", 0 0, o000001c0ff9b3988;  0 drivers
v000001c0ff9adc40_0 .net "CO", 0 0, L_000001c0ffa68140;  1 drivers
v000001c0ff9ae1e0_0 .net "I0", 0 0, o000001c0ff9b39e8;  0 drivers
v000001c0ff9ae320_0 .net "I1", 0 0, o000001c0ff9b3a18;  0 drivers
v000001c0ff9ad740_0 .net *"_ivl_1", 0 0, L_000001c0ffa66e00;  1 drivers
v000001c0ff9ae780_0 .net *"_ivl_3", 0 0, L_000001c0ffa66e70;  1 drivers
v000001c0ff9adce0_0 .net *"_ivl_5", 0 0, L_000001c0ffa66ee0;  1 drivers
S_000001c0ff706a90 .scope module, "SB_DFF" "SB_DFF" 3 265;
 .timescale -12 -12;
    .port_info 0 /OUTPUT 1 "Q";
    .port_info 1 /INPUT 1 "C";
    .port_info 2 /INPUT 1 "D";
o000001c0ff9b3b98 .functor BUFZ 1, c4<z>; HiZ drive
v000001c0ff9ae460_0 .net "C", 0 0, o000001c0ff9b3b98;  0 drivers
o000001c0ff9b3bc8 .functor BUFZ 1, c4<z>; HiZ drive
v000001c0ff9ad7e0_0 .net "D", 0 0, o000001c0ff9b3bc8;  0 drivers
v000001c0ff9ad9c0_0 .var "Q", 0 0;
E_000001c0ff7c08c0 .event posedge, v000001c0ff9ae460_0;
S_000001c0ff723530 .scope module, "SB_DFFE" "SB_DFFE" 3 303;
 .timescale -12 -12;
    .port_info 0 /OUTPUT 1 "Q";
    .port_info 1 /INPUT 1 "C";
    .port_info 2 /INPUT 1 "E";
    .port_info 3 /INPUT 1 "D";
o000001c0ff9b3cb8 .functor BUFZ 1, c4<z>; HiZ drive
v000001c0ff9ae640_0 .net "C", 0 0, o000001c0ff9b3cb8;  0 drivers
o000001c0ff9b3ce8 .functor BUFZ 1, c4<z>; HiZ drive
v000001c0ff9ad880_0 .net "D", 0 0, o000001c0ff9b3ce8;  0 drivers
o000001c0ff9b3d18 .functor BUFZ 1, c4<z>; HiZ drive
v000001c0ff9ad920_0 .net "E", 0 0, o000001c0ff9b3d18;  0 drivers
v000001c0ff9adec0_0 .var "Q", 0 0;
E_000001c0ff7c0740 .event posedge, v000001c0ff9ae640_0;
S_000001c0ff70b830 .scope module, "SB_DFFER" "SB_DFFER" 3 653;
 .timescale -12 -12;
    .port_info 0 /OUTPUT 1 "Q";
    .port_info 1 /INPUT 1 "C";
    .port_info 2 /INPUT 1 "E";
    .port_info 3 /INPUT 1 "R";
    .port_info 4 /INPUT 1 "D";
o000001c0ff9b3e38 .functor BUFZ 1, c4<z>; HiZ drive
v000001c0ff9ade20_0 .net "C", 0 0, o000001c0ff9b3e38;  0 drivers
o000001c0ff9b3e68 .functor BUFZ 1, c4<z>; HiZ drive
v000001c0ff9ada60_0 .net "D", 0 0, o000001c0ff9b3e68;  0 drivers
o000001c0ff9b3e98 .functor BUFZ 1, c4<z>; HiZ drive
v000001c0ff9ae820_0 .net "E", 0 0, o000001c0ff9b3e98;  0 drivers
v000001c0ff9adb00_0 .var "Q", 0 0;
o000001c0ff9b3ef8 .functor BUFZ 1, c4<z>; HiZ drive
v000001c0ff9ae960_0 .net "R", 0 0, o000001c0ff9b3ef8;  0 drivers
E_000001c0ff7c0440 .event posedge, v000001c0ff9ae960_0, v000001c0ff9ade20_0;
S_000001c0ff70b9c0 .scope module, "SB_DFFES" "SB_DFFES" 3 794;
 .timescale -12 -12;
    .port_info 0 /OUTPUT 1 "Q";
    .port_info 1 /INPUT 1 "C";
    .port_info 2 /INPUT 1 "E";
    .port_info 3 /INPUT 1 "S";
    .port_info 4 /INPUT 1 "D";
o000001c0ff9b4018 .functor BUFZ 1, c4<z>; HiZ drive
v000001c0ff9ae0a0_0 .net "C", 0 0, o000001c0ff9b4018;  0 drivers
o000001c0ff9b4048 .functor BUFZ 1, c4<z>; HiZ drive
v000001c0ff9ae8c0_0 .net "D", 0 0, o000001c0ff9b4048;  0 drivers
o000001c0ff9b4078 .functor BUFZ 1, c4<z>; HiZ drive
v000001c0ff9ae3c0_0 .net "E", 0 0, o000001c0ff9b4078;  0 drivers
v000001c0ff9ad2e0_0 .var "Q", 0 0;
o000001c0ff9b40d8 .functor BUFZ 1, c4<z>; HiZ drive
v000001c0ff9ad560_0 .net "S", 0 0, o000001c0ff9b40d8;  0 drivers
E_000001c0ff7c0580 .event posedge, v000001c0ff9ad560_0, v000001c0ff9ae0a0_0;
S_000001c0ff70bb50 .scope module, "SB_DFFESR" "SB_DFFESR" 3 592;
 .timescale -12 -12;
    .port_info 0 /OUTPUT 1 "Q";
    .port_info 1 /INPUT 1 "C";
    .port_info 2 /INPUT 1 "E";
    .port_info 3 /INPUT 1 "R";
    .port_info 4 /INPUT 1 "D";
o000001c0ff9b41f8 .functor BUFZ 1, c4<z>; HiZ drive
v000001c0ff9ad380_0 .net "C", 0 0, o000001c0ff9b41f8;  0 drivers
o000001c0ff9b4228 .functor BUFZ 1, c4<z>; HiZ drive
v000001c0ff9ad420_0 .net "D", 0 0, o000001c0ff9b4228;  0 drivers
o000001c0ff9b4258 .functor BUFZ 1, c4<z>; HiZ drive
v000001c0ff9e2160_0 .net "E", 0 0, o000001c0ff9b4258;  0 drivers
v000001c0ff9e3560_0 .var "Q", 0 0;
o000001c0ff9b42b8 .functor BUFZ 1, c4<z>; HiZ drive
v000001c0ff9e36a0_0 .net "R", 0 0, o000001c0ff9b42b8;  0 drivers
E_000001c0ff7c0c80 .event posedge, v000001c0ff9ad380_0;
S_000001c0ff715690 .scope module, "SB_DFFESS" "SB_DFFESS" 3 733;
 .timescale -12 -12;
    .port_info 0 /OUTPUT 1 "Q";
    .port_info 1 /INPUT 1 "C";
    .port_info 2 /INPUT 1 "E";
    .port_info 3 /INPUT 1 "S";
    .port_info 4 /INPUT 1 "D";
o000001c0ff9b43d8 .functor BUFZ 1, c4<z>; HiZ drive
v000001c0ff9e1b20_0 .net "C", 0 0, o000001c0ff9b43d8;  0 drivers
o000001c0ff9b4408 .functor BUFZ 1, c4<z>; HiZ drive
v000001c0ff9e3600_0 .net "D", 0 0, o000001c0ff9b4408;  0 drivers
o000001c0ff9b4438 .functor BUFZ 1, c4<z>; HiZ drive
v000001c0ff9e32e0_0 .net "E", 0 0, o000001c0ff9b4438;  0 drivers
v000001c0ff9e14e0_0 .var "Q", 0 0;
o000001c0ff9b4498 .functor BUFZ 1, c4<z>; HiZ drive
v000001c0ff9e0f40_0 .net "S", 0 0, o000001c0ff9b4498;  0 drivers
E_000001c0ff7c07c0 .event posedge, v000001c0ff9e1b20_0;
S_000001c0ff715820 .scope module, "SB_DFFN" "SB_DFFN" 3 876;
 .timescale -12 -12;
    .port_info 0 /OUTPUT 1 "Q";
    .port_info 1 /INPUT 1 "C";
    .port_info 2 /INPUT 1 "D";
o000001c0ff9b45b8 .functor BUFZ 1, c4<z>; HiZ drive
v000001c0ff9e2e80_0 .net "C", 0 0, o000001c0ff9b45b8;  0 drivers
o000001c0ff9b45e8 .functor BUFZ 1, c4<z>; HiZ drive
v000001c0ff9e1c60_0 .net "D", 0 0, o000001c0ff9b45e8;  0 drivers
v000001c0ff9e0fe0_0 .var "Q", 0 0;
E_000001c0ff7c0840 .event negedge, v000001c0ff9e2e80_0;
S_000001c0ff7159b0 .scope module, "SB_DFFNE" "SB_DFFNE" 3 914;
 .timescale -12 -12;
    .port_info 0 /OUTPUT 1 "Q";
    .port_info 1 /INPUT 1 "C";
    .port_info 2 /INPUT 1 "E";
    .port_info 3 /INPUT 1 "D";
o000001c0ff9b46d8 .functor BUFZ 1, c4<z>; HiZ drive
v000001c0ff9e1bc0_0 .net "C", 0 0, o000001c0ff9b46d8;  0 drivers
o000001c0ff9b4708 .functor BUFZ 1, c4<z>; HiZ drive
v000001c0ff9e28e0_0 .net "D", 0 0, o000001c0ff9b4708;  0 drivers
o000001c0ff9b4738 .functor BUFZ 1, c4<z>; HiZ drive
v000001c0ff9e13a0_0 .net "E", 0 0, o000001c0ff9b4738;  0 drivers
v000001c0ff9e2d40_0 .var "Q", 0 0;
E_000001c0ff7c0a40 .event negedge, v000001c0ff9e1bc0_0;
S_000001c0ff712cd0 .scope module, "SB_DFFNER" "SB_DFFNER" 3 1264;
 .timescale -12 -12;
    .port_info 0 /OUTPUT 1 "Q";
    .port_info 1 /INPUT 1 "C";
    .port_info 2 /INPUT 1 "E";
    .port_info 3 /INPUT 1 "R";
    .port_info 4 /INPUT 1 "D";
o000001c0ff9b4858 .functor BUFZ 1, c4<z>; HiZ drive
v000001c0ff9e1440_0 .net "C", 0 0, o000001c0ff9b4858;  0 drivers
o000001c0ff9b4888 .functor BUFZ 1, c4<z>; HiZ drive
v000001c0ff9e1d00_0 .net "D", 0 0, o000001c0ff9b4888;  0 drivers
o000001c0ff9b48b8 .functor BUFZ 1, c4<z>; HiZ drive
v000001c0ff9e1580_0 .net "E", 0 0, o000001c0ff9b48b8;  0 drivers
v000001c0ff9e1e40_0 .var "Q", 0 0;
o000001c0ff9b4918 .functor BUFZ 1, c4<z>; HiZ drive
v000001c0ff9e2980_0 .net "R", 0 0, o000001c0ff9b4918;  0 drivers
E_000001c0ff7c04c0/0 .event negedge, v000001c0ff9e1440_0;
E_000001c0ff7c04c0/1 .event posedge, v000001c0ff9e2980_0;
E_000001c0ff7c04c0 .event/or E_000001c0ff7c04c0/0, E_000001c0ff7c04c0/1;
S_000001c0ff712e60 .scope module, "SB_DFFNES" "SB_DFFNES" 3 1405;
 .timescale -12 -12;
    .port_info 0 /OUTPUT 1 "Q";
    .port_info 1 /INPUT 1 "C";
    .port_info 2 /INPUT 1 "E";
    .port_info 3 /INPUT 1 "S";
    .port_info 4 /INPUT 1 "D";
o000001c0ff9b4a38 .functor BUFZ 1, c4<z>; HiZ drive
v000001c0ff9e2fc0_0 .net "C", 0 0, o000001c0ff9b4a38;  0 drivers
o000001c0ff9b4a68 .functor BUFZ 1, c4<z>; HiZ drive
v000001c0ff9e1080_0 .net "D", 0 0, o000001c0ff9b4a68;  0 drivers
o000001c0ff9b4a98 .functor BUFZ 1, c4<z>; HiZ drive
v000001c0ff9e1620_0 .net "E", 0 0, o000001c0ff9b4a98;  0 drivers
v000001c0ff9e2de0_0 .var "Q", 0 0;
o000001c0ff9b4af8 .functor BUFZ 1, c4<z>; HiZ drive
v000001c0ff9e2200_0 .net "S", 0 0, o000001c0ff9b4af8;  0 drivers
E_000001c0ff7c0ac0/0 .event negedge, v000001c0ff9e2fc0_0;
E_000001c0ff7c0ac0/1 .event posedge, v000001c0ff9e2200_0;
E_000001c0ff7c0ac0 .event/or E_000001c0ff7c0ac0/0, E_000001c0ff7c0ac0/1;
S_000001c0ff97b670 .scope module, "SB_DFFNESR" "SB_DFFNESR" 3 1203;
 .timescale -12 -12;
    .port_info 0 /OUTPUT 1 "Q";
    .port_info 1 /INPUT 1 "C";
    .port_info 2 /INPUT 1 "E";
    .port_info 3 /INPUT 1 "R";
    .port_info 4 /INPUT 1 "D";
o000001c0ff9b4c18 .functor BUFZ 1, c4<z>; HiZ drive
v000001c0ff9e2f20_0 .net "C", 0 0, o000001c0ff9b4c18;  0 drivers
o000001c0ff9b4c48 .functor BUFZ 1, c4<z>; HiZ drive
v000001c0ff9e2b60_0 .net "D", 0 0, o000001c0ff9b4c48;  0 drivers
o000001c0ff9b4c78 .functor BUFZ 1, c4<z>; HiZ drive
v000001c0ff9e1120_0 .net "E", 0 0, o000001c0ff9b4c78;  0 drivers
v000001c0ff9e22a0_0 .var "Q", 0 0;
o000001c0ff9b4cd8 .functor BUFZ 1, c4<z>; HiZ drive
v000001c0ff9e16c0_0 .net "R", 0 0, o000001c0ff9b4cd8;  0 drivers
E_000001c0ff7c0c40 .event negedge, v000001c0ff9e2f20_0;
S_000001c0ff97b4e0 .scope module, "SB_DFFNESS" "SB_DFFNESS" 3 1344;
 .timescale -12 -12;
    .port_info 0 /OUTPUT 1 "Q";
    .port_info 1 /INPUT 1 "C";
    .port_info 2 /INPUT 1 "E";
    .port_info 3 /INPUT 1 "S";
    .port_info 4 /INPUT 1 "D";
o000001c0ff9b4df8 .functor BUFZ 1, c4<z>; HiZ drive
v000001c0ff9e19e0_0 .net "C", 0 0, o000001c0ff9b4df8;  0 drivers
o000001c0ff9b4e28 .functor BUFZ 1, c4<z>; HiZ drive
v000001c0ff9e1760_0 .net "D", 0 0, o000001c0ff9b4e28;  0 drivers
o000001c0ff9b4e58 .functor BUFZ 1, c4<z>; HiZ drive
v000001c0ff9e2c00_0 .net "E", 0 0, o000001c0ff9b4e58;  0 drivers
v000001c0ff9e1800_0 .var "Q", 0 0;
o000001c0ff9b4eb8 .functor BUFZ 1, c4<z>; HiZ drive
v000001c0ff9e11c0_0 .net "S", 0 0, o000001c0ff9b4eb8;  0 drivers
E_000001c0ff7c0200 .event negedge, v000001c0ff9e19e0_0;
S_000001c0ff97bfd0 .scope module, "SB_DFFNR" "SB_DFFNR" 3 1011;
 .timescale -12 -12;
    .port_info 0 /OUTPUT 1 "Q";
    .port_info 1 /INPUT 1 "C";
    .port_info 2 /INPUT 1 "R";
    .port_info 3 /INPUT 1 "D";
o000001c0ff9b4fd8 .functor BUFZ 1, c4<z>; HiZ drive
v000001c0ff9e2480_0 .net "C", 0 0, o000001c0ff9b4fd8;  0 drivers
o000001c0ff9b5008 .functor BUFZ 1, c4<z>; HiZ drive
v000001c0ff9e1260_0 .net "D", 0 0, o000001c0ff9b5008;  0 drivers
v000001c0ff9e2a20_0 .var "Q", 0 0;
o000001c0ff9b5068 .functor BUFZ 1, c4<z>; HiZ drive
v000001c0ff9e1300_0 .net "R", 0 0, o000001c0ff9b5068;  0 drivers
E_000001c0ff7c0b80/0 .event negedge, v000001c0ff9e2480_0;
E_000001c0ff7c0b80/1 .event posedge, v000001c0ff9e1300_0;
E_000001c0ff7c0b80 .event/or E_000001c0ff7c0b80/0, E_000001c0ff7c0b80/1;
S_000001c0ff97b800 .scope module, "SB_DFFNS" "SB_DFFNS" 3 1132;
 .timescale -12 -12;
    .port_info 0 /OUTPUT 1 "Q";
    .port_info 1 /INPUT 1 "C";
    .port_info 2 /INPUT 1 "S";
    .port_info 3 /INPUT 1 "D";
o000001c0ff9b5158 .functor BUFZ 1, c4<z>; HiZ drive
v000001c0ff9e2ac0_0 .net "C", 0 0, o000001c0ff9b5158;  0 drivers
o000001c0ff9b5188 .functor BUFZ 1, c4<z>; HiZ drive
v000001c0ff9e3060_0 .net "D", 0 0, o000001c0ff9b5188;  0 drivers
v000001c0ff9e18a0_0 .var "Q", 0 0;
o000001c0ff9b51e8 .functor BUFZ 1, c4<z>; HiZ drive
v000001c0ff9e1da0_0 .net "S", 0 0, o000001c0ff9b51e8;  0 drivers
E_000001c0ff7c0b00/0 .event negedge, v000001c0ff9e2ac0_0;
E_000001c0ff7c0b00/1 .event posedge, v000001c0ff9e1da0_0;
E_000001c0ff7c0b00 .event/or E_000001c0ff7c0b00/0, E_000001c0ff7c0b00/1;
S_000001c0ff97bb20 .scope module, "SB_DFFNSR" "SB_DFFNSR" 3 961;
 .timescale -12 -12;
    .port_info 0 /OUTPUT 1 "Q";
    .port_info 1 /INPUT 1 "C";
    .port_info 2 /INPUT 1 "R";
    .port_info 3 /INPUT 1 "D";
o000001c0ff9b52d8 .functor BUFZ 1, c4<z>; HiZ drive
v000001c0ff9e3100_0 .net "C", 0 0, o000001c0ff9b52d8;  0 drivers
o000001c0ff9b5308 .functor BUFZ 1, c4<z>; HiZ drive
v000001c0ff9e1940_0 .net "D", 0 0, o000001c0ff9b5308;  0 drivers
v000001c0ff9e1a80_0 .var "Q", 0 0;
o000001c0ff9b5368 .functor BUFZ 1, c4<z>; HiZ drive
v000001c0ff9e23e0_0 .net "R", 0 0, o000001c0ff9b5368;  0 drivers
E_000001c0ff7c0b40 .event negedge, v000001c0ff9e3100_0;
S_000001c0ff97bcb0 .scope module, "SB_DFFNSS" "SB_DFFNSS" 3 1082;
 .timescale -12 -12;
    .port_info 0 /OUTPUT 1 "Q";
    .port_info 1 /INPUT 1 "C";
    .port_info 2 /INPUT 1 "S";
    .port_info 3 /INPUT 1 "D";
o000001c0ff9b5458 .functor BUFZ 1, c4<z>; HiZ drive
v000001c0ff9e1f80_0 .net "C", 0 0, o000001c0ff9b5458;  0 drivers
o000001c0ff9b5488 .functor BUFZ 1, c4<z>; HiZ drive
v000001c0ff9e1ee0_0 .net "D", 0 0, o000001c0ff9b5488;  0 drivers
v000001c0ff9e31a0_0 .var "Q", 0 0;
o000001c0ff9b54e8 .functor BUFZ 1, c4<z>; HiZ drive
v000001c0ff9e2020_0 .net "S", 0 0, o000001c0ff9b54e8;  0 drivers
E_000001c0ff7c0500 .event negedge, v000001c0ff9e1f80_0;
S_000001c0ff97be40 .scope module, "SB_DFFR" "SB_DFFR" 3 400;
 .timescale -12 -12;
    .port_info 0 /OUTPUT 1 "Q";
    .port_info 1 /INPUT 1 "C";
    .port_info 2 /INPUT 1 "R";
    .port_info 3 /INPUT 1 "D";
o000001c0ff9b55d8 .functor BUFZ 1, c4<z>; HiZ drive
v000001c0ff9e20c0_0 .net "C", 0 0, o000001c0ff9b55d8;  0 drivers
o000001c0ff9b5608 .functor BUFZ 1, c4<z>; HiZ drive
v000001c0ff9e2ca0_0 .net "D", 0 0, o000001c0ff9b5608;  0 drivers
v000001c0ff9e2340_0 .var "Q", 0 0;
o000001c0ff9b5668 .functor BUFZ 1, c4<z>; HiZ drive
v000001c0ff9e3240_0 .net "R", 0 0, o000001c0ff9b5668;  0 drivers
E_000001c0ff7c0bc0 .event posedge, v000001c0ff9e3240_0, v000001c0ff9e20c0_0;
S_000001c0ff97c160 .scope module, "SB_DFFS" "SB_DFFS" 3 521;
 .timescale -12 -12;
    .port_info 0 /OUTPUT 1 "Q";
    .port_info 1 /INPUT 1 "C";
    .port_info 2 /INPUT 1 "S";
    .port_info 3 /INPUT 1 "D";
o000001c0ff9b5758 .functor BUFZ 1, c4<z>; HiZ drive
v000001c0ff9e3380_0 .net "C", 0 0, o000001c0ff9b5758;  0 drivers
o000001c0ff9b5788 .functor BUFZ 1, c4<z>; HiZ drive
v000001c0ff9e3420_0 .net "D", 0 0, o000001c0ff9b5788;  0 drivers
v000001c0ff9e2520_0 .var "Q", 0 0;
o000001c0ff9b57e8 .functor BUFZ 1, c4<z>; HiZ drive
v000001c0ff9e25c0_0 .net "S", 0 0, o000001c0ff9b57e8;  0 drivers
E_000001c0ff7c0cc0 .event posedge, v000001c0ff9e25c0_0, v000001c0ff9e3380_0;
S_000001c0ff97c2f0 .scope module, "SB_DFFSR" "SB_DFFSR" 3 350;
 .timescale -12 -12;
    .port_info 0 /OUTPUT 1 "Q";
    .port_info 1 /INPUT 1 "C";
    .port_info 2 /INPUT 1 "R";
    .port_info 3 /INPUT 1 "D";
o000001c0ff9b58d8 .functor BUFZ 1, c4<z>; HiZ drive
v000001c0ff9e2660_0 .net "C", 0 0, o000001c0ff9b58d8;  0 drivers
o000001c0ff9b5908 .functor BUFZ 1, c4<z>; HiZ drive
v000001c0ff9e2700_0 .net "D", 0 0, o000001c0ff9b5908;  0 drivers
v000001c0ff9e34c0_0 .var "Q", 0 0;
o000001c0ff9b5968 .functor BUFZ 1, c4<z>; HiZ drive
v000001c0ff9e27a0_0 .net "R", 0 0, o000001c0ff9b5968;  0 drivers
E_000001c0ff7c0d00 .event posedge, v000001c0ff9e2660_0;
S_000001c0ff97b990 .scope module, "SB_DFFSS" "SB_DFFSS" 3 471;
 .timescale -12 -12;
    .port_info 0 /OUTPUT 1 "Q";
    .port_info 1 /INPUT 1 "C";
    .port_info 2 /INPUT 1 "S";
    .port_info 3 /INPUT 1 "D";
o000001c0ff9b5a58 .functor BUFZ 1, c4<z>; HiZ drive
v000001c0ff9e2840_0 .net "C", 0 0, o000001c0ff9b5a58;  0 drivers
o000001c0ff9b5a88 .functor BUFZ 1, c4<z>; HiZ drive
v000001c0ff9e3a60_0 .net "D", 0 0, o000001c0ff9b5a88;  0 drivers
v000001c0ff9e4be0_0 .var "Q", 0 0;
o000001c0ff9b5ae8 .functor BUFZ 1, c4<z>; HiZ drive
v000001c0ff9e4a00_0 .net "S", 0 0, o000001c0ff9b5ae8;  0 drivers
E_000001c0ff7bfe80 .event posedge, v000001c0ff9e2840_0;
S_000001c0ff97d7b0 .scope module, "SB_FILTER_50NS" "SB_FILTER_50NS" 3 2856;
 .timescale -12 -12;
    .port_info 0 /INPUT 1 "FILTERIN";
    .port_info 1 /OUTPUT 1 "FILTEROUT";
o000001c0ff9b5bd8 .functor BUFZ 1, c4<z>; HiZ drive
v000001c0ff9e4b40_0 .net "FILTERIN", 0 0, o000001c0ff9b5bd8;  0 drivers
o000001c0ff9b5c08 .functor BUFZ 1, c4<z>; HiZ drive
v000001c0ff9e3920_0 .net "FILTEROUT", 0 0, o000001c0ff9b5c08;  0 drivers
S_000001c0ff97c680 .scope module, "SB_GB" "SB_GB" 3 162;
 .timescale -12 -12;
    .port_info 0 /INPUT 1 "USER_SIGNAL_TO_GLOBAL_BUFFER";
    .port_info 1 /OUTPUT 1 "GLOBAL_BUFFER_OUTPUT";
o000001c0ff9b5cc8 .functor BUFZ 1, c4<z>; HiZ drive
L_000001c0ffa679d0 .functor BUFZ 1, o000001c0ff9b5cc8, C4<0>, C4<0>, C4<0>;
v000001c0ff9e3f60_0 .net "GLOBAL_BUFFER_OUTPUT", 0 0, L_000001c0ffa679d0;  1 drivers
v000001c0ff9e4c80_0 .net "USER_SIGNAL_TO_GLOBAL_BUFFER", 0 0, o000001c0ff9b5cc8;  0 drivers
S_000001c0ff97d170 .scope module, "SB_GB_IO" "SB_GB_IO" 3 123;
 .timescale -12 -12;
    .port_info 0 /INOUT 1 "PACKAGE_PIN";
    .port_info 1 /OUTPUT 1 "GLOBAL_BUFFER_OUTPUT";
    .port_info 2 /INPUT 1 "LATCH_INPUT_VALUE";
    .port_info 3 /INPUT 1 "CLOCK_ENABLE";
    .port_info 4 /INPUT 1 "INPUT_CLK";
    .port_info 5 /INPUT 1 "OUTPUT_CLK";
    .port_info 6 /INPUT 1 "OUTPUT_ENABLE";
    .port_info 7 /INPUT 1 "D_OUT_0";
    .port_info 8 /INPUT 1 "D_OUT_1";
    .port_info 9 /OUTPUT 1 "D_IN_0";
    .port_info 10 /OUTPUT 1 "D_IN_1";
P_000001c0ff712ff0 .param/str "IO_STANDARD" 0 3 139, "SB_LVCMOS";
P_000001c0ff713028 .param/l "NEG_TRIGGER" 0 3 138, C4<0>;
P_000001c0ff713060 .param/l "PIN_TYPE" 0 3 136, C4<000000>;
P_000001c0ff713098 .param/l "PULLUP" 0 3 137, C4<0>;
o000001c0ff9b5f08 .functor BUFZ 1, c4<z>; HiZ drive
L_000001c0ffa66f50 .functor BUFZ 1, o000001c0ff9b5f08, C4<0>, C4<0>, C4<0>;
o000001c0ff9b5d58 .functor BUFZ 1, c4<z>; HiZ drive
v000001c0ff9e3880_0 .net "CLOCK_ENABLE", 0 0, o000001c0ff9b5d58;  0 drivers
v000001c0ff9e43c0_0 .net "D_IN_0", 0 0, L_000001c0ffa67c70;  1 drivers
v000001c0ff9e4460_0 .net "D_IN_1", 0 0, L_000001c0ffa67e30;  1 drivers
o000001c0ff9b5de8 .functor BUFZ 1, c4<z>; HiZ drive
v000001c0ff9e4500_0 .net "D_OUT_0", 0 0, o000001c0ff9b5de8;  0 drivers
o000001c0ff9b5e18 .functor BUFZ 1, c4<z>; HiZ drive
v000001c0ff9e45a0_0 .net "D_OUT_1", 0 0, o000001c0ff9b5e18;  0 drivers
v000001c0ff9e86f0_0 .net "GLOBAL_BUFFER_OUTPUT", 0 0, L_000001c0ffa66f50;  1 drivers
o000001c0ff9b5e48 .functor BUFZ 1, c4<z>; HiZ drive
v000001c0ff9e79d0_0 .net "INPUT_CLK", 0 0, o000001c0ff9b5e48;  0 drivers
o000001c0ff9b5e78 .functor BUFZ 1, c4<z>; HiZ drive
v000001c0ff9e88d0_0 .net "LATCH_INPUT_VALUE", 0 0, o000001c0ff9b5e78;  0 drivers
o000001c0ff9b5ea8 .functor BUFZ 1, c4<z>; HiZ drive
v000001c0ff9e81f0_0 .net "OUTPUT_CLK", 0 0, o000001c0ff9b5ea8;  0 drivers
o000001c0ff9b5ed8 .functor BUFZ 1, c4<z>; HiZ drive
v000001c0ff9e7a70_0 .net "OUTPUT_ENABLE", 0 0, o000001c0ff9b5ed8;  0 drivers
v000001c0ff9e7890_0 .net "PACKAGE_PIN", 0 0, o000001c0ff9b5f08;  0 drivers
S_000001c0ff982140 .scope module, "IO" "SB_IO" 3 148, 3 17 0, S_000001c0ff97d170;
 .timescale -12 -12;
    .port_info 0 /INOUT 1 "PACKAGE_PIN";
    .port_info 1 /INPUT 1 "LATCH_INPUT_VALUE";
    .port_info 2 /INPUT 1 "CLOCK_ENABLE";
    .port_info 3 /INPUT 1 "INPUT_CLK";
    .port_info 4 /INPUT 1 "OUTPUT_CLK";
    .port_info 5 /INPUT 1 "OUTPUT_ENABLE";
    .port_info 6 /INPUT 1 "D_OUT_0";
    .port_info 7 /INPUT 1 "D_OUT_1";
    .port_info 8 /OUTPUT 1 "D_IN_0";
    .port_info 9 /OUTPUT 1 "D_IN_1";
P_000001c0ff706820 .param/str "IO_STANDARD" 0 3 32, "SB_LVCMOS";
P_000001c0ff706858 .param/l "NEG_TRIGGER" 0 3 31, C4<0>;
P_000001c0ff706890 .param/l "PIN_TYPE" 0 3 29, C4<000000>;
P_000001c0ff7068c8 .param/l "PULLUP" 0 3 30, C4<0>;
L_000001c0ffa672d0 .functor OR 1, o000001c0ff9b5d58, L_000001c0ffa699a0, C4<0>, C4<0>;
L_000001c0ffa67c70 .functor BUFZ 1, v000001c0ff9e3e20_0, C4<0>, C4<0>, C4<0>;
L_000001c0ffa67e30 .functor BUFZ 1, v000001c0ff9e4dc0_0, C4<0>, C4<0>, C4<0>;
v000001c0ff9e3d80_0 .net "CLOCK_ENABLE", 0 0, o000001c0ff9b5d58;  alias, 0 drivers
v000001c0ff9e4640_0 .net "D_IN_0", 0 0, L_000001c0ffa67c70;  alias, 1 drivers
v000001c0ff9e39c0_0 .net "D_IN_1", 0 0, L_000001c0ffa67e30;  alias, 1 drivers
v000001c0ff9e4780_0 .net "D_OUT_0", 0 0, o000001c0ff9b5de8;  alias, 0 drivers
v000001c0ff9e48c0_0 .net "D_OUT_1", 0 0, o000001c0ff9b5e18;  alias, 0 drivers
v000001c0ff9e4960_0 .net "INPUT_CLK", 0 0, o000001c0ff9b5e48;  alias, 0 drivers
v000001c0ff9e3b00_0 .net "LATCH_INPUT_VALUE", 0 0, o000001c0ff9b5e78;  alias, 0 drivers
v000001c0ff9e4aa0_0 .net "OUTPUT_CLK", 0 0, o000001c0ff9b5ea8;  alias, 0 drivers
v000001c0ff9e4d20_0 .net "OUTPUT_ENABLE", 0 0, o000001c0ff9b5ed8;  alias, 0 drivers
v000001c0ff9e3ec0_0 .net "PACKAGE_PIN", 0 0, o000001c0ff9b5f08;  alias, 0 drivers
o000001c0ff9b5f38 .functor BUFZ 1, c4<z>; HiZ drive
; Elide local net with no drivers, v000001c0ff9e3ba0_0 name=_ivl_0
v000001c0ff9e4000_0 .net *"_ivl_2", 0 0, L_000001c0ffa699a0;  1 drivers
v000001c0ff9e46e0_0 .net "clken_pulled", 0 0, L_000001c0ffa672d0;  1 drivers
v000001c0ff9e3ce0_0 .var "clken_pulled_ri", 0 0;
v000001c0ff9e40a0_0 .var "clken_pulled_ro", 0 0;
v000001c0ff9e3e20_0 .var "din_0", 0 0;
v000001c0ff9e4dc0_0 .var "din_1", 0 0;
v000001c0ff9e3c40_0 .var "din_q_0", 0 0;
v000001c0ff9e3740_0 .var "din_q_1", 0 0;
v000001c0ff9e37e0_0 .var "dout", 0 0;
v000001c0ff9e4140_0 .var "dout_q_0", 0 0;
v000001c0ff9e4820_0 .var "dout_q_1", 0 0;
v000001c0ff9e4280_0 .var "outclk_delayed_1", 0 0;
v000001c0ff9e41e0_0 .var "outclk_delayed_2", 0 0;
v000001c0ff9e4320_0 .var "outena_q", 0 0;
E_000001c0ff7c0540 .event anyedge, v000001c0ff9e41e0_0, v000001c0ff9e4140_0, v000001c0ff9e4820_0;
E_000001c0ff7c0080 .event anyedge, v000001c0ff9e4280_0;
E_000001c0ff7c0400 .event anyedge, v000001c0ff9e4aa0_0;
E_000001c0ff7c0140 .event anyedge, v000001c0ff9e3c40_0, v000001c0ff9e3740_0;
L_000001c0ffa699a0 .cmp/eeq 1, o000001c0ff9b5d58, o000001c0ff9b5f38;
S_000001c0ff9822d0 .scope generate, "genblk1" "genblk1" 3 45, 3 45 0, S_000001c0ff982140;
 .timescale -12 -12;
E_000001c0ff7c0d40 .event posedge, v000001c0ff9e4aa0_0;
E_000001c0ff7c0000 .event negedge, v000001c0ff9e4aa0_0;
E_000001c0ff7bfec0 .event negedge, v000001c0ff9e4960_0;
E_000001c0ff7bff00 .event posedge, v000001c0ff9e4960_0;
S_000001c0ff97dc60 .scope module, "SB_HFOSC" "SB_HFOSC" 3 2664;
 .timescale -12 -12;
    .port_info 0 /INPUT 1 "TRIM0";
    .port_info 1 /INPUT 1 "TRIM1";
    .port_info 2 /INPUT 1 "TRIM2";
    .port_info 3 /INPUT 1 "TRIM3";
    .port_info 4 /INPUT 1 "TRIM4";
    .port_info 5 /INPUT 1 "TRIM5";
    .port_info 6 /INPUT 1 "TRIM6";
    .port_info 7 /INPUT 1 "TRIM7";
    .port_info 8 /INPUT 1 "TRIM8";
    .port_info 9 /INPUT 1 "TRIM9";
    .port_info 10 /INPUT 1 "CLKHFPU";
    .port_info 11 /INPUT 1 "CLKHFEN";
    .port_info 12 /OUTPUT 1 "CLKHF";
P_000001c0ff7b7990 .param/str "CLKHF_DIV" 0 3 2680, "0b00";
P_000001c0ff7b79c8 .param/str "TRIM_EN" 0 3 2679, "0b0";
o000001c0ff9b6628 .functor BUFZ 1, c4<z>; HiZ drive
v000001c0ff9e7930_0 .net "CLKHF", 0 0, o000001c0ff9b6628;  0 drivers
o000001c0ff9b6658 .functor BUFZ 1, c4<z>; HiZ drive
v000001c0ff9e8650_0 .net "CLKHFEN", 0 0, o000001c0ff9b6658;  0 drivers
o000001c0ff9b6688 .functor BUFZ 1, c4<z>; HiZ drive
v000001c0ff9e7750_0 .net "CLKHFPU", 0 0, o000001c0ff9b6688;  0 drivers
o000001c0ff9b66b8 .functor BUFZ 1, c4<z>; HiZ drive
v000001c0ff9e8790_0 .net "TRIM0", 0 0, o000001c0ff9b66b8;  0 drivers
o000001c0ff9b66e8 .functor BUFZ 1, c4<z>; HiZ drive
v000001c0ff9e8bf0_0 .net "TRIM1", 0 0, o000001c0ff9b66e8;  0 drivers
o000001c0ff9b6718 .functor BUFZ 1, c4<z>; HiZ drive
v000001c0ff9e80b0_0 .net "TRIM2", 0 0, o000001c0ff9b6718;  0 drivers
o000001c0ff9b6748 .functor BUFZ 1, c4<z>; HiZ drive
v000001c0ff9e8a10_0 .net "TRIM3", 0 0, o000001c0ff9b6748;  0 drivers
o000001c0ff9b6778 .functor BUFZ 1, c4<z>; HiZ drive
v000001c0ff9e8470_0 .net "TRIM4", 0 0, o000001c0ff9b6778;  0 drivers
o000001c0ff9b67a8 .functor BUFZ 1, c4<z>; HiZ drive
v000001c0ff9e8830_0 .net "TRIM5", 0 0, o000001c0ff9b67a8;  0 drivers
o000001c0ff9b67d8 .functor BUFZ 1, c4<z>; HiZ drive
v000001c0ff9e8970_0 .net "TRIM6", 0 0, o000001c0ff9b67d8;  0 drivers
o000001c0ff9b6808 .functor BUFZ 1, c4<z>; HiZ drive
v000001c0ff9e7bb0_0 .net "TRIM7", 0 0, o000001c0ff9b6808;  0 drivers
o000001c0ff9b6838 .functor BUFZ 1, c4<z>; HiZ drive
v000001c0ff9e77f0_0 .net "TRIM8", 0 0, o000001c0ff9b6838;  0 drivers
o000001c0ff9b6868 .functor BUFZ 1, c4<z>; HiZ drive
v000001c0ff9e8c90_0 .net "TRIM9", 0 0, o000001c0ff9b6868;  0 drivers
S_000001c0ff97cfe0 .scope module, "SB_I2C" "SB_I2C" 3 2733;
 .timescale -12 -12;
    .port_info 0 /INPUT 1 "SBCLKI";
    .port_info 1 /INPUT 1 "SBRWI";
    .port_info 2 /INPUT 1 "SBSTBI";
    .port_info 3 /INPUT 1 "SBADRI7";
    .port_info 4 /INPUT 1 "SBADRI6";
    .port_info 5 /INPUT 1 "SBADRI5";
    .port_info 6 /INPUT 1 "SBADRI4";
    .port_info 7 /INPUT 1 "SBADRI3";
    .port_info 8 /INPUT 1 "SBADRI2";
    .port_info 9 /INPUT 1 "SBADRI1";
    .port_info 10 /INPUT 1 "SBADRI0";
    .port_info 11 /INPUT 1 "SBDATI7";
    .port_info 12 /INPUT 1 "SBDATI6";
    .port_info 13 /INPUT 1 "SBDATI5";
    .port_info 14 /INPUT 1 "SBDATI4";
    .port_info 15 /INPUT 1 "SBDATI3";
    .port_info 16 /INPUT 1 "SBDATI2";
    .port_info 17 /INPUT 1 "SBDATI1";
    .port_info 18 /INPUT 1 "SBDATI0";
    .port_info 19 /INPUT 1 "SCLI";
    .port_info 20 /INPUT 1 "SDAI";
    .port_info 21 /OUTPUT 1 "SBDATO7";
    .port_info 22 /OUTPUT 1 "SBDATO6";
    .port_info 23 /OUTPUT 1 "SBDATO5";
    .port_info 24 /OUTPUT 1 "SBDATO4";
    .port_info 25 /OUTPUT 1 "SBDATO3";
    .port_info 26 /OUTPUT 1 "SBDATO2";
    .port_info 27 /OUTPUT 1 "SBDATO1";
    .port_info 28 /OUTPUT 1 "SBDATO0";
    .port_info 29 /OUTPUT 1 "SBACKO";
    .port_info 30 /OUTPUT 1 "I2CIRQ";
    .port_info 31 /OUTPUT 1 "I2CWKUP";
    .port_info 32 /OUTPUT 1 "SCLO";
    .port_info 33 /OUTPUT 1 "SCLOE";
    .port_info 34 /OUTPUT 1 "SDAO";
    .port_info 35 /OUTPUT 1 "SDAOE";
P_000001c0ff7b7b10 .param/str "BUS_ADDR74" 0 3 2772, "0b0001";
P_000001c0ff7b7b48 .param/str "I2C_SLAVE_INIT_ADDR" 0 3 2771, "0b1111100001";
o000001c0ff9b6b08 .functor BUFZ 1, c4<z>; HiZ drive
v000001c0ff9e7b10_0 .net "I2CIRQ", 0 0, o000001c0ff9b6b08;  0 drivers
o000001c0ff9b6b38 .functor BUFZ 1, c4<z>; HiZ drive
v000001c0ff9e8ab0_0 .net "I2CWKUP", 0 0, o000001c0ff9b6b38;  0 drivers
o000001c0ff9b6b68 .functor BUFZ 1, c4<z>; HiZ drive
v000001c0ff9e7c50_0 .net "SBACKO", 0 0, o000001c0ff9b6b68;  0 drivers
o000001c0ff9b6b98 .functor BUFZ 1, c4<z>; HiZ drive
v000001c0ff9e7d90_0 .net "SBADRI0", 0 0, o000001c0ff9b6b98;  0 drivers
o000001c0ff9b6bc8 .functor BUFZ 1, c4<z>; HiZ drive
v000001c0ff9e7cf0_0 .net "SBADRI1", 0 0, o000001c0ff9b6bc8;  0 drivers
o000001c0ff9b6bf8 .functor BUFZ 1, c4<z>; HiZ drive
v000001c0ff9e8290_0 .net "SBADRI2", 0 0, o000001c0ff9b6bf8;  0 drivers
o000001c0ff9b6c28 .functor BUFZ 1, c4<z>; HiZ drive
v000001c0ff9e8510_0 .net "SBADRI3", 0 0, o000001c0ff9b6c28;  0 drivers
o000001c0ff9b6c58 .functor BUFZ 1, c4<z>; HiZ drive
v000001c0ff9e8330_0 .net "SBADRI4", 0 0, o000001c0ff9b6c58;  0 drivers
o000001c0ff9b6c88 .functor BUFZ 1, c4<z>; HiZ drive
v000001c0ff9e8b50_0 .net "SBADRI5", 0 0, o000001c0ff9b6c88;  0 drivers
o000001c0ff9b6cb8 .functor BUFZ 1, c4<z>; HiZ drive
v000001c0ff9e85b0_0 .net "SBADRI6", 0 0, o000001c0ff9b6cb8;  0 drivers
o000001c0ff9b6ce8 .functor BUFZ 1, c4<z>; HiZ drive
v000001c0ff9e7e30_0 .net "SBADRI7", 0 0, o000001c0ff9b6ce8;  0 drivers
o000001c0ff9b6d18 .functor BUFZ 1, c4<z>; HiZ drive
v000001c0ff9e8d30_0 .net "SBCLKI", 0 0, o000001c0ff9b6d18;  0 drivers
o000001c0ff9b6d48 .functor BUFZ 1, c4<z>; HiZ drive
v000001c0ff9e8dd0_0 .net "SBDATI0", 0 0, o000001c0ff9b6d48;  0 drivers
o000001c0ff9b6d78 .functor BUFZ 1, c4<z>; HiZ drive
v000001c0ff9e7ed0_0 .net "SBDATI1", 0 0, o000001c0ff9b6d78;  0 drivers
o000001c0ff9b6da8 .functor BUFZ 1, c4<z>; HiZ drive
v000001c0ff9e83d0_0 .net "SBDATI2", 0 0, o000001c0ff9b6da8;  0 drivers
o000001c0ff9b6dd8 .functor BUFZ 1, c4<z>; HiZ drive
v000001c0ff9e7f70_0 .net "SBDATI3", 0 0, o000001c0ff9b6dd8;  0 drivers
o000001c0ff9b6e08 .functor BUFZ 1, c4<z>; HiZ drive
v000001c0ff9e8010_0 .net "SBDATI4", 0 0, o000001c0ff9b6e08;  0 drivers
o000001c0ff9b6e38 .functor BUFZ 1, c4<z>; HiZ drive
v000001c0ff9e8150_0 .net "SBDATI5", 0 0, o000001c0ff9b6e38;  0 drivers
o000001c0ff9b6e68 .functor BUFZ 1, c4<z>; HiZ drive
v000001c0ff9e5d10_0 .net "SBDATI6", 0 0, o000001c0ff9b6e68;  0 drivers
o000001c0ff9b6e98 .functor BUFZ 1, c4<z>; HiZ drive
v000001c0ff9e5450_0 .net "SBDATI7", 0 0, o000001c0ff9b6e98;  0 drivers
o000001c0ff9b6ec8 .functor BUFZ 1, c4<z>; HiZ drive
v000001c0ff9e62b0_0 .net "SBDATO0", 0 0, o000001c0ff9b6ec8;  0 drivers
o000001c0ff9b6ef8 .functor BUFZ 1, c4<z>; HiZ drive
v000001c0ff9e7430_0 .net "SBDATO1", 0 0, o000001c0ff9b6ef8;  0 drivers
o000001c0ff9b6f28 .functor BUFZ 1, c4<z>; HiZ drive
v000001c0ff9e60d0_0 .net "SBDATO2", 0 0, o000001c0ff9b6f28;  0 drivers
o000001c0ff9b6f58 .functor BUFZ 1, c4<z>; HiZ drive
v000001c0ff9e6ad0_0 .net "SBDATO3", 0 0, o000001c0ff9b6f58;  0 drivers
o000001c0ff9b6f88 .functor BUFZ 1, c4<z>; HiZ drive
v000001c0ff9e5f90_0 .net "SBDATO4", 0 0, o000001c0ff9b6f88;  0 drivers
o000001c0ff9b6fb8 .functor BUFZ 1, c4<z>; HiZ drive
v000001c0ff9e74d0_0 .net "SBDATO5", 0 0, o000001c0ff9b6fb8;  0 drivers
o000001c0ff9b6fe8 .functor BUFZ 1, c4<z>; HiZ drive
v000001c0ff9e71b0_0 .net "SBDATO6", 0 0, o000001c0ff9b6fe8;  0 drivers
o000001c0ff9b7018 .functor BUFZ 1, c4<z>; HiZ drive
v000001c0ff9e59f0_0 .net "SBDATO7", 0 0, o000001c0ff9b7018;  0 drivers
o000001c0ff9b7048 .functor BUFZ 1, c4<z>; HiZ drive
v000001c0ff9e56d0_0 .net "SBRWI", 0 0, o000001c0ff9b7048;  0 drivers
o000001c0ff9b7078 .functor BUFZ 1, c4<z>; HiZ drive
v000001c0ff9e5270_0 .net "SBSTBI", 0 0, o000001c0ff9b7078;  0 drivers
o000001c0ff9b70a8 .functor BUFZ 1, c4<z>; HiZ drive
v000001c0ff9e5810_0 .net "SCLI", 0 0, o000001c0ff9b70a8;  0 drivers
o000001c0ff9b70d8 .functor BUFZ 1, c4<z>; HiZ drive
v000001c0ff9e6a30_0 .net "SCLO", 0 0, o000001c0ff9b70d8;  0 drivers
o000001c0ff9b7108 .functor BUFZ 1, c4<z>; HiZ drive
v000001c0ff9e6710_0 .net "SCLOE", 0 0, o000001c0ff9b7108;  0 drivers
o000001c0ff9b7138 .functor BUFZ 1, c4<z>; HiZ drive
v000001c0ff9e51d0_0 .net "SDAI", 0 0, o000001c0ff9b7138;  0 drivers
o000001c0ff9b7168 .functor BUFZ 1, c4<z>; HiZ drive
v000001c0ff9e7570_0 .net "SDAO", 0 0, o000001c0ff9b7168;  0 drivers
o000001c0ff9b7198 .functor BUFZ 1, c4<z>; HiZ drive
v000001c0ff9e72f0_0 .net "SDAOE", 0 0, o000001c0ff9b7198;  0 drivers
S_000001c0ff97d620 .scope module, "SB_IO_I3C" "SB_IO_I3C" 3 2862;
 .timescale -12 -12;
    .port_info 0 /INOUT 1 "PACKAGE_PIN";
    .port_info 1 /INPUT 1 "LATCH_INPUT_VALUE";
    .port_info 2 /INPUT 1 "CLOCK_ENABLE";
    .port_info 3 /INPUT 1 "INPUT_CLK";
    .port_info 4 /INPUT 1 "OUTPUT_CLK";
    .port_info 5 /INPUT 1 "OUTPUT_ENABLE";
    .port_info 6 /INPUT 1 "D_OUT_0";
    .port_info 7 /INPUT 1 "D_OUT_1";
    .port_info 8 /OUTPUT 1 "D_IN_0";
    .port_info 9 /OUTPUT 1 "D_IN_1";
    .port_info 10 /INPUT 1 "PU_ENB";
    .port_info 11 /INPUT 1 "WEAK_PU_ENB";
P_000001c0ff7141b0 .param/str "IO_STANDARD" 0 3 2880, "SB_LVCMOS";
P_000001c0ff7141e8 .param/l "NEG_TRIGGER" 0 3 2879, C4<0>;
P_000001c0ff714220 .param/l "PIN_TYPE" 0 3 2876, C4<000000>;
P_000001c0ff714258 .param/l "PULLUP" 0 3 2877, C4<0>;
P_000001c0ff714290 .param/l "WEAK_PULLUP" 0 3 2878, C4<0>;
L_000001c0ffa670a0 .functor BUFZ 1, v000001c0ff9e6fd0_0, C4<0>, C4<0>, C4<0>;
L_000001c0ffa676c0 .functor BUFZ 1, v000001c0ff9e6030_0, C4<0>, C4<0>, C4<0>;
o000001c0ff9b7888 .functor BUFZ 1, c4<z>; HiZ drive
v000001c0ff9e5310_0 .net "CLOCK_ENABLE", 0 0, o000001c0ff9b7888;  0 drivers
v000001c0ff9e5ef0_0 .net "D_IN_0", 0 0, L_000001c0ffa670a0;  1 drivers
v000001c0ff9e5770_0 .net "D_IN_1", 0 0, L_000001c0ffa676c0;  1 drivers
o000001c0ff9b7918 .functor BUFZ 1, c4<z>; HiZ drive
v000001c0ff9e5a90_0 .net "D_OUT_0", 0 0, o000001c0ff9b7918;  0 drivers
o000001c0ff9b7948 .functor BUFZ 1, c4<z>; HiZ drive
v000001c0ff9e5e50_0 .net "D_OUT_1", 0 0, o000001c0ff9b7948;  0 drivers
o000001c0ff9b7978 .functor BUFZ 1, c4<z>; HiZ drive
v000001c0ff9e53b0_0 .net "INPUT_CLK", 0 0, o000001c0ff9b7978;  0 drivers
o000001c0ff9b79a8 .functor BUFZ 1, c4<z>; HiZ drive
v000001c0ff9e6170_0 .net "LATCH_INPUT_VALUE", 0 0, o000001c0ff9b79a8;  0 drivers
o000001c0ff9b79d8 .functor BUFZ 1, c4<z>; HiZ drive
v000001c0ff9e54f0_0 .net "OUTPUT_CLK", 0 0, o000001c0ff9b79d8;  0 drivers
o000001c0ff9b7a08 .functor BUFZ 1, c4<z>; HiZ drive
v000001c0ff9e4f50_0 .net "OUTPUT_ENABLE", 0 0, o000001c0ff9b7a08;  0 drivers
o000001c0ff9b7a38 .functor BUFZ 1, c4<z>; HiZ drive
v000001c0ff9e68f0_0 .net "PACKAGE_PIN", 0 0, o000001c0ff9b7a38;  0 drivers
o000001c0ff9b7a68 .functor BUFZ 1, c4<z>; HiZ drive
v000001c0ff9e7250_0 .net "PU_ENB", 0 0, o000001c0ff9b7a68;  0 drivers
o000001c0ff9b7a98 .functor BUFZ 1, c4<z>; HiZ drive
v000001c0ff9e5590_0 .net "WEAK_PU_ENB", 0 0, o000001c0ff9b7a98;  0 drivers
v000001c0ff9e6fd0_0 .var "din_0", 0 0;
v000001c0ff9e6030_0 .var "din_1", 0 0;
v000001c0ff9e65d0_0 .var "din_q_0", 0 0;
v000001c0ff9e5090_0 .var "din_q_1", 0 0;
v000001c0ff9e6b70_0 .var "dout", 0 0;
v000001c0ff9e5630_0 .var "dout_q_0", 0 0;
v000001c0ff9e7390_0 .var "dout_q_1", 0 0;
v000001c0ff9e6210_0 .var "outclk_delayed_1", 0 0;
v000001c0ff9e6cb0_0 .var "outclk_delayed_2", 0 0;
v000001c0ff9e6c10_0 .var "outena_q", 0 0;
E_000001c0ff7bff40 .event anyedge, v000001c0ff9e6cb0_0, v000001c0ff9e5630_0, v000001c0ff9e7390_0;
E_000001c0ff7c0180 .event anyedge, v000001c0ff9e6210_0;
E_000001c0ff7bff80 .event anyedge, v000001c0ff9e54f0_0;
E_000001c0ff7c0240 .event anyedge, v000001c0ff9e65d0_0, v000001c0ff9e5090_0;
S_000001c0ff9825f0 .scope generate, "genblk1" "genblk1" 3 2888, 3 2888 0, S_000001c0ff97d620;
 .timescale -12 -12;
E_000001c0ff7c0300 .event posedge, v000001c0ff9e54f0_0;
E_000001c0ff7c0380 .event negedge, v000001c0ff9e54f0_0;
E_000001c0ff7c03c0 .event negedge, v000001c0ff9e53b0_0;
E_000001c0ff7c1100 .event posedge, v000001c0ff9e53b0_0;
S_000001c0ff97d300 .scope module, "SB_IO_OD" "SB_IO_OD" 3 2931;
 .timescale -12 -12;
    .port_info 0 /INOUT 1 "PACKAGEPIN";
    .port_info 1 /INPUT 1 "LATCHINPUTVALUE";
    .port_info 2 /INPUT 1 "CLOCKENABLE";
    .port_info 3 /INPUT 1 "INPUTCLK";
    .port_info 4 /INPUT 1 "OUTPUTCLK";
    .port_info 5 /INPUT 1 "OUTPUTENABLE";
    .port_info 6 /INPUT 1 "DOUT1";
    .port_info 7 /INPUT 1 "DOUT0";
    .port_info 8 /OUTPUT 1 "DIN1";
    .port_info 9 /OUTPUT 1 "DIN0";
P_000001c0ff7b8410 .param/l "NEG_TRIGGER" 0 3 2944, C4<0>;
P_000001c0ff7b8448 .param/l "PIN_TYPE" 0 3 2943, C4<000000>;
L_000001c0ffa67490 .functor BUFZ 1, v000001c0ff9e7610_0, C4<0>, C4<0>, C4<0>;
L_000001c0ffa67730 .functor BUFZ 1, v000001c0ff9e4ff0_0, C4<0>, C4<0>, C4<0>;
o000001c0ff9b7ee8 .functor BUFZ 1, c4<z>; HiZ drive
v000001c0ff9e76b0_0 .net "CLOCKENABLE", 0 0, o000001c0ff9b7ee8;  0 drivers
v000001c0ff9e58b0_0 .net "DIN0", 0 0, L_000001c0ffa67490;  1 drivers
v000001c0ff9e5950_0 .net "DIN1", 0 0, L_000001c0ffa67730;  1 drivers
o000001c0ff9b7f78 .functor BUFZ 1, c4<z>; HiZ drive
v000001c0ff9e7110_0 .net "DOUT0", 0 0, o000001c0ff9b7f78;  0 drivers
o000001c0ff9b7fa8 .functor BUFZ 1, c4<z>; HiZ drive
v000001c0ff9e5db0_0 .net "DOUT1", 0 0, o000001c0ff9b7fa8;  0 drivers
o000001c0ff9b7fd8 .functor BUFZ 1, c4<z>; HiZ drive
v000001c0ff9e6350_0 .net "INPUTCLK", 0 0, o000001c0ff9b7fd8;  0 drivers
o000001c0ff9b8008 .functor BUFZ 1, c4<z>; HiZ drive
v000001c0ff9e6990_0 .net "LATCHINPUTVALUE", 0 0, o000001c0ff9b8008;  0 drivers
o000001c0ff9b8038 .functor BUFZ 1, c4<z>; HiZ drive
v000001c0ff9e5b30_0 .net "OUTPUTCLK", 0 0, o000001c0ff9b8038;  0 drivers
o000001c0ff9b8068 .functor BUFZ 1, c4<z>; HiZ drive
v000001c0ff9e67b0_0 .net "OUTPUTENABLE", 0 0, o000001c0ff9b8068;  0 drivers
o000001c0ff9b8098 .functor BUFZ 1, c4<z>; HiZ drive
v000001c0ff9e63f0_0 .net "PACKAGEPIN", 0 0, o000001c0ff9b8098;  0 drivers
v000001c0ff9e7610_0 .var "din_0", 0 0;
v000001c0ff9e4ff0_0 .var "din_1", 0 0;
v000001c0ff9e5bd0_0 .var "din_q_0", 0 0;
v000001c0ff9e5c70_0 .var "din_q_1", 0 0;
v000001c0ff9e6490_0 .var "dout", 0 0;
v000001c0ff9e6530_0 .var "dout_q_0", 0 0;
v000001c0ff9e6d50_0 .var "dout_q_1", 0 0;
v000001c0ff9e5130_0 .var "outclk_delayed_1", 0 0;
v000001c0ff9e6670_0 .var "outclk_delayed_2", 0 0;
v000001c0ff9e6850_0 .var "outena_q", 0 0;
E_000001c0ff7c0e80 .event anyedge, v000001c0ff9e6670_0, v000001c0ff9e6530_0, v000001c0ff9e6d50_0;
E_000001c0ff7c1d00 .event anyedge, v000001c0ff9e5130_0;
E_000001c0ff7c1180 .event anyedge, v000001c0ff9e5b30_0;
E_000001c0ff7c12c0 .event anyedge, v000001c0ff9e5bd0_0, v000001c0ff9e5c70_0;
S_000001c0ff982780 .scope generate, "genblk1" "genblk1" 3 2952, 3 2952 0, S_000001c0ff97d300;
 .timescale -12 -12;
E_000001c0ff7c1c80 .event posedge, v000001c0ff9e5b30_0;
E_000001c0ff7c0f80 .event negedge, v000001c0ff9e5b30_0;
E_000001c0ff7c1ac0 .event negedge, v000001c0ff9e6350_0;
E_000001c0ff7c1c00 .event posedge, v000001c0ff9e6350_0;
S_000001c0ff97ddf0 .scope module, "SB_LEDDA_IP" "SB_LEDDA_IP" 3 2830;
 .timescale -12 -12;
    .port_info 0 /INPUT 1 "LEDDCS";
    .port_info 1 /INPUT 1 "LEDDCLK";
    .port_info 2 /INPUT 1 "LEDDDAT7";
    .port_info 3 /INPUT 1 "LEDDDAT6";
    .port_info 4 /INPUT 1 "LEDDDAT5";
    .port_info 5 /INPUT 1 "LEDDDAT4";
    .port_info 6 /INPUT 1 "LEDDDAT3";
    .port_info 7 /INPUT 1 "LEDDDAT2";
    .port_info 8 /INPUT 1 "LEDDDAT1";
    .port_info 9 /INPUT 1 "LEDDDAT0";
    .port_info 10 /INPUT 1 "LEDDADDR3";
    .port_info 11 /INPUT 1 "LEDDADDR2";
    .port_info 12 /INPUT 1 "LEDDADDR1";
    .port_info 13 /INPUT 1 "LEDDADDR0";
    .port_info 14 /INPUT 1 "LEDDDEN";
    .port_info 15 /INPUT 1 "LEDDEXE";
    .port_info 16 /INPUT 1 "LEDDRST";
    .port_info 17 /OUTPUT 1 "PWMOUT0";
    .port_info 18 /OUTPUT 1 "PWMOUT1";
    .port_info 19 /OUTPUT 1 "PWMOUT2";
    .port_info 20 /OUTPUT 1 "LEDDON";
o000001c0ff9b8488 .functor BUFZ 1, c4<z>; HiZ drive
v000001c0ff9e6df0_0 .net "LEDDADDR0", 0 0, o000001c0ff9b8488;  0 drivers
o000001c0ff9b84b8 .functor BUFZ 1, c4<z>; HiZ drive
v000001c0ff9e6e90_0 .net "LEDDADDR1", 0 0, o000001c0ff9b84b8;  0 drivers
o000001c0ff9b84e8 .functor BUFZ 1, c4<z>; HiZ drive
v000001c0ff9e6f30_0 .net "LEDDADDR2", 0 0, o000001c0ff9b84e8;  0 drivers
o000001c0ff9b8518 .functor BUFZ 1, c4<z>; HiZ drive
v000001c0ff9e7070_0 .net "LEDDADDR3", 0 0, o000001c0ff9b8518;  0 drivers
o000001c0ff9b8548 .functor BUFZ 1, c4<z>; HiZ drive
v000001c0ff9eb4d0_0 .net "LEDDCLK", 0 0, o000001c0ff9b8548;  0 drivers
o000001c0ff9b8578 .functor BUFZ 1, c4<z>; HiZ drive
v000001c0ff9e9310_0 .net "LEDDCS", 0 0, o000001c0ff9b8578;  0 drivers
o000001c0ff9b85a8 .functor BUFZ 1, c4<z>; HiZ drive
v000001c0ff9e9d10_0 .net "LEDDDAT0", 0 0, o000001c0ff9b85a8;  0 drivers
o000001c0ff9b85d8 .functor BUFZ 1, c4<z>; HiZ drive
v000001c0ff9ea0d0_0 .net "LEDDDAT1", 0 0, o000001c0ff9b85d8;  0 drivers
o000001c0ff9b8608 .functor BUFZ 1, c4<z>; HiZ drive
v000001c0ff9e9630_0 .net "LEDDDAT2", 0 0, o000001c0ff9b8608;  0 drivers
o000001c0ff9b8638 .functor BUFZ 1, c4<z>; HiZ drive
v000001c0ff9eb570_0 .net "LEDDDAT3", 0 0, o000001c0ff9b8638;  0 drivers
o000001c0ff9b8668 .functor BUFZ 1, c4<z>; HiZ drive
v000001c0ff9eae90_0 .net "LEDDDAT4", 0 0, o000001c0ff9b8668;  0 drivers
o000001c0ff9b8698 .functor BUFZ 1, c4<z>; HiZ drive
v000001c0ff9eb430_0 .net "LEDDDAT5", 0 0, o000001c0ff9b8698;  0 drivers
o000001c0ff9b86c8 .functor BUFZ 1, c4<z>; HiZ drive
v000001c0ff9eac10_0 .net "LEDDDAT6", 0 0, o000001c0ff9b86c8;  0 drivers
o000001c0ff9b86f8 .functor BUFZ 1, c4<z>; HiZ drive
v000001c0ff9ea490_0 .net "LEDDDAT7", 0 0, o000001c0ff9b86f8;  0 drivers
o000001c0ff9b8728 .functor BUFZ 1, c4<z>; HiZ drive
v000001c0ff9eb390_0 .net "LEDDDEN", 0 0, o000001c0ff9b8728;  0 drivers
o000001c0ff9b8758 .functor BUFZ 1, c4<z>; HiZ drive
v000001c0ff9e9b30_0 .net "LEDDEXE", 0 0, o000001c0ff9b8758;  0 drivers
o000001c0ff9b8788 .functor BUFZ 1, c4<z>; HiZ drive
v000001c0ff9e9db0_0 .net "LEDDON", 0 0, o000001c0ff9b8788;  0 drivers
o000001c0ff9b87b8 .functor BUFZ 1, c4<z>; HiZ drive
v000001c0ff9e9130_0 .net "LEDDRST", 0 0, o000001c0ff9b87b8;  0 drivers
o000001c0ff9b87e8 .functor BUFZ 1, c4<z>; HiZ drive
v000001c0ff9e9f90_0 .net "PWMOUT0", 0 0, o000001c0ff9b87e8;  0 drivers
o000001c0ff9b8818 .functor BUFZ 1, c4<z>; HiZ drive
v000001c0ff9eacb0_0 .net "PWMOUT1", 0 0, o000001c0ff9b8818;  0 drivers
o000001c0ff9b8848 .functor BUFZ 1, c4<z>; HiZ drive
v000001c0ff9e9a90_0 .net "PWMOUT2", 0 0, o000001c0ff9b8848;  0 drivers
S_000001c0ff97d940 .scope module, "SB_LED_DRV_CUR" "SB_LED_DRV_CUR" 3 2709;
 .timescale -12 -12;
    .port_info 0 /INPUT 1 "EN";
    .port_info 1 /OUTPUT 1 "LEDPU";
o000001c0ff9b8c68 .functor BUFZ 1, c4<z>; HiZ drive
v000001c0ff9eaf30_0 .net "EN", 0 0, o000001c0ff9b8c68;  0 drivers
o000001c0ff9b8c98 .functor BUFZ 1, c4<z>; HiZ drive
v000001c0ff9eaad0_0 .net "LEDPU", 0 0, o000001c0ff9b8c98;  0 drivers
S_000001c0ff97df80 .scope module, "SB_LFOSC" "SB_LFOSC" 3 2684;
 .timescale -12 -12;
    .port_info 0 /INPUT 1 "CLKLFPU";
    .port_info 1 /INPUT 1 "CLKLFEN";
    .port_info 2 /OUTPUT 1 "CLKLF";
o000001c0ff9b8d28 .functor BUFZ 1, c4<z>; HiZ drive
v000001c0ff9ea350_0 .net "CLKLF", 0 0, o000001c0ff9b8d28;  0 drivers
o000001c0ff9b8d58 .functor BUFZ 1, c4<z>; HiZ drive
v000001c0ff9e98b0_0 .net "CLKLFEN", 0 0, o000001c0ff9b8d58;  0 drivers
o000001c0ff9b8d88 .functor BUFZ 1, c4<z>; HiZ drive
v000001c0ff9ea670_0 .net "CLKLFPU", 0 0, o000001c0ff9b8d88;  0 drivers
S_000001c0ff97cb30 .scope module, "SB_LUT4" "SB_LUT4" 3 177;
 .timescale -12 -12;
    .port_info 0 /OUTPUT 1 "O";
    .port_info 1 /INPUT 1 "I0";
    .port_info 2 /INPUT 1 "I1";
    .port_info 3 /INPUT 1 "I2";
    .port_info 4 /INPUT 1 "I3";
P_000001c0ff930d90 .param/l "LUT_INIT" 0 3 184, C4<0000000000000000>;
o000001c0ff9b8e48 .functor BUFZ 1, c4<z>; HiZ drive
v000001c0ff9eab70_0 .net "I0", 0 0, o000001c0ff9b8e48;  0 drivers
o000001c0ff9b8e78 .functor BUFZ 1, c4<z>; HiZ drive
v000001c0ff9ea170_0 .net "I1", 0 0, o000001c0ff9b8e78;  0 drivers
o000001c0ff9b8ea8 .functor BUFZ 1, c4<z>; HiZ drive
v000001c0ff9e91d0_0 .net "I2", 0 0, o000001c0ff9b8ea8;  0 drivers
o000001c0ff9b8ed8 .functor BUFZ 1, c4<z>; HiZ drive
v000001c0ff9e9770_0 .net "I3", 0 0, o000001c0ff9b8ed8;  0 drivers
v000001c0ff9eb110_0 .net "O", 0 0, L_000001c0ffa6b7a0;  1 drivers
L_000001c0ffa0ef10 .functor BUFT 1, C4<00000000>, C4<0>, C4<0>, C4<0>;
v000001c0ff9ead50_0 .net/2u *"_ivl_0", 7 0, L_000001c0ffa0ef10;  1 drivers
v000001c0ff9eafd0_0 .net *"_ivl_13", 1 0, L_000001c0ffa6a580;  1 drivers
v000001c0ff9e9bd0_0 .net *"_ivl_15", 1 0, L_000001c0ffa69400;  1 drivers
v000001c0ff9eadf0_0 .net *"_ivl_19", 0 0, L_000001c0ffa6ac60;  1 drivers
L_000001c0ffa0ef58 .functor BUFT 1, C4<00000000>, C4<0>, C4<0>, C4<0>;
v000001c0ff9ea030_0 .net/2u *"_ivl_2", 7 0, L_000001c0ffa0ef58;  1 drivers
v000001c0ff9eb610_0 .net *"_ivl_21", 0 0, L_000001c0ffa69900;  1 drivers
v000001c0ff9ea210_0 .net *"_ivl_7", 3 0, L_000001c0ffa69220;  1 drivers
v000001c0ff9ea850_0 .net *"_ivl_9", 3 0, L_000001c0ffa6a800;  1 drivers
v000001c0ff9eb070_0 .net "s1", 1 0, L_000001c0ffa69fe0;  1 drivers
v000001c0ff9eb6b0_0 .net "s2", 3 0, L_000001c0ffa6abc0;  1 drivers
v000001c0ff9ea8f0_0 .net "s3", 7 0, L_000001c0ffa69360;  1 drivers
L_000001c0ffa69360 .functor MUXZ 8, L_000001c0ffa0ef58, L_000001c0ffa0ef10, o000001c0ff9b8ed8, C4<>;
L_000001c0ffa69220 .part L_000001c0ffa69360, 4, 4;
L_000001c0ffa6a800 .part L_000001c0ffa69360, 0, 4;
L_000001c0ffa6abc0 .functor MUXZ 4, L_000001c0ffa6a800, L_000001c0ffa69220, o000001c0ff9b8ea8, C4<>;
L_000001c0ffa6a580 .part L_000001c0ffa6abc0, 2, 2;
L_000001c0ffa69400 .part L_000001c0ffa6abc0, 0, 2;
L_000001c0ffa69fe0 .functor MUXZ 2, L_000001c0ffa69400, L_000001c0ffa6a580, o000001c0ff9b8e78, C4<>;
L_000001c0ffa6ac60 .part L_000001c0ffa69fe0, 1, 1;
L_000001c0ffa69900 .part L_000001c0ffa69fe0, 0, 1;
L_000001c0ffa6b7a0 .functor MUXZ 1, L_000001c0ffa69900, L_000001c0ffa6ac60, o000001c0ff9b8e48, C4<>;
S_000001c0ff97d490 .scope module, "SB_MAC16" "SB_MAC16" 3 2996;
 .timescale -12 -12;
    .port_info 0 /INPUT 1 "CLK";
    .port_info 1 /INPUT 1 "CE";
    .port_info 2 /INPUT 16 "C";
    .port_info 3 /INPUT 16 "A";
    .port_info 4 /INPUT 16 "B";
    .port_info 5 /INPUT 16 "D";
    .port_info 6 /INPUT 1 "AHOLD";
    .port_info 7 /INPUT 1 "BHOLD";
    .port_info 8 /INPUT 1 "CHOLD";
    .port_info 9 /INPUT 1 "DHOLD";
    .port_info 10 /INPUT 1 "IRSTTOP";
    .port_info 11 /INPUT 1 "IRSTBOT";
    .port_info 12 /INPUT 1 "ORSTTOP";
    .port_info 13 /INPUT 1 "ORSTBOT";
    .port_info 14 /INPUT 1 "OLOADTOP";
    .port_info 15 /INPUT 1 "OLOADBOT";
    .port_info 16 /INPUT 1 "ADDSUBTOP";
    .port_info 17 /INPUT 1 "ADDSUBBOT";
    .port_info 18 /INPUT 1 "OHOLDTOP";
    .port_info 19 /INPUT 1 "OHOLDBOT";
    .port_info 20 /INPUT 1 "CI";
    .port_info 21 /INPUT 1 "ACCUMCI";
    .port_info 22 /INPUT 1 "SIGNEXTIN";
    .port_info 23 /OUTPUT 32 "O";
    .port_info 24 /OUTPUT 1 "CO";
    .port_info 25 /OUTPUT 1 "ACCUMCO";
    .port_info 26 /OUTPUT 1 "SIGNEXTOUT";
P_000001c0ff71b060 .param/l "A_REG" 0 3 3011, C4<0>;
P_000001c0ff71b098 .param/l "A_SIGNED" 0 3 3027, C4<0>;
P_000001c0ff71b0d0 .param/l "BOTADDSUB_CARRYSELECT" 0 3 3025, C4<00>;
P_000001c0ff71b108 .param/l "BOTADDSUB_LOWERINPUT" 0 3 3023, C4<00>;
P_000001c0ff71b140 .param/l "BOTADDSUB_UPPERINPUT" 0 3 3024, C4<0>;
P_000001c0ff71b178 .param/l "BOTOUTPUT_SELECT" 0 3 3022, C4<00>;
P_000001c0ff71b1b0 .param/l "BOT_8x8_MULT_REG" 0 3 3015, C4<0>;
P_000001c0ff71b1e8 .param/l "B_REG" 0 3 3012, C4<0>;
P_000001c0ff71b220 .param/l "B_SIGNED" 0 3 3028, C4<0>;
P_000001c0ff71b258 .param/l "C_REG" 0 3 3010, C4<0>;
P_000001c0ff71b290 .param/l "D_REG" 0 3 3013, C4<0>;
P_000001c0ff71b2c8 .param/l "MODE_8x8" 0 3 3026, C4<0>;
P_000001c0ff71b300 .param/l "NEG_TRIGGER" 0 3 3009, C4<0>;
P_000001c0ff71b338 .param/l "PIPELINE_16x16_MULT_REG1" 0 3 3016, C4<0>;
P_000001c0ff71b370 .param/l "PIPELINE_16x16_MULT_REG2" 0 3 3017, C4<0>;
P_000001c0ff71b3a8 .param/l "TOPADDSUB_CARRYSELECT" 0 3 3021, C4<00>;
P_000001c0ff71b3e0 .param/l "TOPADDSUB_LOWERINPUT" 0 3 3019, C4<00>;
P_000001c0ff71b418 .param/l "TOPADDSUB_UPPERINPUT" 0 3 3020, C4<0>;
P_000001c0ff71b450 .param/l "TOPOUTPUT_SELECT" 0 3 3018, C4<00>;
P_000001c0ff71b488 .param/l "TOP_8x8_MULT_REG" 0 3 3014, C4<0>;
o000001c0ff9b9538 .functor BUFZ 1, c4<z>; HiZ drive
L_000001c0ffa0efa0 .functor BUFT 1, C4<0>, C4<0>, C4<0>, C4<0>;
L_000001c0ffa68450 .functor XOR 1, o000001c0ff9b9538, L_000001c0ffa0efa0, C4<0>, C4<0>;
o000001c0ff9b9478 .functor BUFZ 16, c4<zzzzzzzzzzzzzzzz>; HiZ drive
L_000001c0ffa68290 .functor BUFZ 16, o000001c0ff9b9478, C4<0000000000000000>, C4<0000000000000000>, C4<0000000000000000>;
o000001c0ff9b9238 .functor BUFZ 16, c4<zzzzzzzzzzzzzzzz>; HiZ drive
L_000001c0ffa67a40 .functor BUFZ 16, o000001c0ff9b9238, C4<0000000000000000>, C4<0000000000000000>, C4<0000000000000000>;
o000001c0ff9b93b8 .functor BUFZ 16, c4<zzzzzzzzzzzzzzzz>; HiZ drive
L_000001c0ffa67030 .functor BUFZ 16, o000001c0ff9b93b8, C4<0000000000000000>, C4<0000000000000000>, C4<0000000000000000>;
o000001c0ff9b9598 .functor BUFZ 16, c4<zzzzzzzzzzzzzzzz>; HiZ drive
L_000001c0ffa67110 .functor BUFZ 16, o000001c0ff9b9598, C4<0000000000000000>, C4<0000000000000000>, C4<0000000000000000>;
L_000001c0ffa683e0 .functor BUFZ 16, L_000001c0ffa69a40, C4<0000000000000000>, C4<0000000000000000>, C4<0000000000000000>;
L_000001c0ffa66fc0 .functor BUFZ 16, L_000001c0ffa6a940, C4<0000000000000000>, C4<0000000000000000>, C4<0000000000000000>;
L_000001c0ffa68220 .functor BUFZ 16, L_000001c0ffa6a620, C4<0000000000000000>, C4<0000000000000000>, C4<0000000000000000>;
L_000001c0ffa67180 .functor BUFZ 16, L_000001c0ffa69680, C4<0000000000000000>, C4<0000000000000000>, C4<0000000000000000>;
L_000001c0ffa67f80 .functor BUFZ 32, L_000001c0ffa69b80, C4<00000000000000000000000000000000>, C4<00000000000000000000000000000000>, C4<00000000000000000000000000000000>;
L_000001c0ffa67880 .functor BUFZ 16, v000001c0ff9f20d0_0, C4<0000000000000000>, C4<0000000000000000>, C4<0000000000000000>;
L_000001c0ffa67810 .functor BUFZ 16, L_000001c0ffa67a40, C4<0000000000000000>, C4<0000000000000000>, C4<0000000000000000>;
L_000001c0ffa671f0 .functor XOR 17, L_000001c0ffa6aee0, L_000001c0ffa69040, C4<00000000000000000>, C4<00000000000000000>;
o000001c0ff9b92f8 .functor BUFZ 1, c4<z>; HiZ drive
L_000001c0ffa678f0 .functor XOR 1, L_000001c0ffa6b660, o000001c0ff9b92f8, C4<0>, C4<0>;
L_000001c0ffa67260 .functor XOR 16, L_000001c0ffa6a4e0, L_000001c0ffa69d60, C4<0000000000000000>, C4<0000000000000000>;
L_000001c0ffa68370 .functor BUFZ 16, L_000001c0ffa69e00, C4<0000000000000000>, C4<0000000000000000>, C4<0000000000000000>;
L_000001c0ffa67340 .functor BUFZ 16, v000001c0ff9f18b0_0, C4<0000000000000000>, C4<0000000000000000>, C4<0000000000000000>;
L_000001c0ffa68760 .functor BUFZ 16, L_000001c0ffa67030, C4<0000000000000000>, C4<0000000000000000>, C4<0000000000000000>;
L_000001c0ffa673b0 .functor XOR 17, L_000001c0ffa6da00, L_000001c0ffa6d640, C4<00000000000000000>, C4<00000000000000000>;
L_000001c0ffa67ab0 .functor XOR 16, L_000001c0ffa6db40, L_000001c0ffa6bd40, C4<0000000000000000>, C4<0000000000000000>;
L_000001c0ffa67420 .functor BUFZ 16, L_000001c0ffa6c1a0, C4<0000000000000000>, C4<0000000000000000>, C4<0000000000000000>;
v000001c0ff9ea2b0_0 .net "A", 15 0, o000001c0ff9b9238;  0 drivers
o000001c0ff9b9268 .functor BUFZ 1, c4<z>; HiZ drive
v000001c0ff9eb750_0 .net "ACCUMCI", 0 0, o000001c0ff9b9268;  0 drivers
v000001c0ff9ea3f0_0 .net "ACCUMCO", 0 0, L_000001c0ffa6b660;  1 drivers
o000001c0ff9b92c8 .functor BUFZ 1, c4<z>; HiZ drive
v000001c0ff9ea530_0 .net "ADDSUBBOT", 0 0, o000001c0ff9b92c8;  0 drivers
v000001c0ff9e9c70_0 .net "ADDSUBTOP", 0 0, o000001c0ff9b92f8;  0 drivers
o000001c0ff9b9328 .functor BUFZ 1, c4<z>; HiZ drive
v000001c0ff9eb7f0_0 .net "AHOLD", 0 0, o000001c0ff9b9328;  0 drivers
v000001c0ff9e9810_0 .net "Ah", 15 0, L_000001c0ffa6aa80;  1 drivers
v000001c0ff9eb1b0_0 .net "Al", 15 0, L_000001c0ffa6b5c0;  1 drivers
v000001c0ff9ea5d0_0 .net "B", 15 0, o000001c0ff9b93b8;  0 drivers
o000001c0ff9b93e8 .functor BUFZ 1, c4<z>; HiZ drive
v000001c0ff9e93b0_0 .net "BHOLD", 0 0, o000001c0ff9b93e8;  0 drivers
v000001c0ff9e9450_0 .net "Bh", 15 0, L_000001c0ffa6a1c0;  1 drivers
v000001c0ff9e9950_0 .net "Bl", 15 0, L_000001c0ffa69ae0;  1 drivers
v000001c0ff9e9e50_0 .net "C", 15 0, o000001c0ff9b9478;  0 drivers
o000001c0ff9b94a8 .functor BUFZ 1, c4<z>; HiZ drive
v000001c0ff9ea710_0 .net "CE", 0 0, o000001c0ff9b94a8;  0 drivers
o000001c0ff9b94d8 .functor BUFZ 1, c4<z>; HiZ drive
v000001c0ff9e9270_0 .net "CHOLD", 0 0, o000001c0ff9b94d8;  0 drivers
o000001c0ff9b9508 .functor BUFZ 1, c4<z>; HiZ drive
v000001c0ff9eb250_0 .net "CI", 0 0, o000001c0ff9b9508;  0 drivers
v000001c0ff9eaa30_0 .net "CLK", 0 0, o000001c0ff9b9538;  0 drivers
v000001c0ff9e9090_0 .net "CO", 0 0, L_000001c0ffa678f0;  1 drivers
v000001c0ff9ea7b0_0 .net "D", 15 0, o000001c0ff9b9598;  0 drivers
o000001c0ff9b95c8 .functor BUFZ 1, c4<z>; HiZ drive
v000001c0ff9e94f0_0 .net "DHOLD", 0 0, o000001c0ff9b95c8;  0 drivers
L_000001c0ffa0f4f8 .functor BUFT 1, C4<0>, C4<0>, C4<0>, C4<0>;
v000001c0ff9e9590_0 .net "HCI", 0 0, L_000001c0ffa0f4f8;  1 drivers
o000001c0ff9b9628 .functor BUFZ 1, c4<z>; HiZ drive
v000001c0ff9eb2f0_0 .net "IRSTBOT", 0 0, o000001c0ff9b9628;  0 drivers
o000001c0ff9b9658 .functor BUFZ 1, c4<z>; HiZ drive
v000001c0ff9ea990_0 .net "IRSTTOP", 0 0, o000001c0ff9b9658;  0 drivers
L_000001c0ffa0f618 .functor BUFT 1, C4<0>, C4<0>, C4<0>, C4<0>;
v000001c0ff9e96d0_0 .net "LCI", 0 0, L_000001c0ffa0f618;  1 drivers
v000001c0ff9e99f0_0 .net "LCO", 0 0, L_000001c0ffa6a8a0;  1 drivers
v000001c0ff9e9ef0_0 .net "O", 31 0, L_000001c0ffa6d280;  1 drivers
o000001c0ff9b9718 .functor BUFZ 1, c4<z>; HiZ drive
v000001c0ff9ebb10_0 .net "OHOLDBOT", 0 0, o000001c0ff9b9718;  0 drivers
o000001c0ff9b9748 .functor BUFZ 1, c4<z>; HiZ drive
v000001c0ff9ecc90_0 .net "OHOLDTOP", 0 0, o000001c0ff9b9748;  0 drivers
o000001c0ff9b9778 .functor BUFZ 1, c4<z>; HiZ drive
v000001c0ff9ec150_0 .net "OLOADBOT", 0 0, o000001c0ff9b9778;  0 drivers
o000001c0ff9b97a8 .functor BUFZ 1, c4<z>; HiZ drive
v000001c0ff9ec970_0 .net "OLOADTOP", 0 0, o000001c0ff9b97a8;  0 drivers
o000001c0ff9b97d8 .functor BUFZ 1, c4<z>; HiZ drive
v000001c0ff9ec830_0 .net "ORSTBOT", 0 0, o000001c0ff9b97d8;  0 drivers
o000001c0ff9b9808 .functor BUFZ 1, c4<z>; HiZ drive
v000001c0ff9ec790_0 .net "ORSTTOP", 0 0, o000001c0ff9b9808;  0 drivers
v000001c0ff9ebbb0_0 .net "Oh", 15 0, L_000001c0ffa68370;  1 drivers
v000001c0ff9ec0b0_0 .net "Ol", 15 0, L_000001c0ffa67420;  1 drivers
o000001c0ff9b9898 .functor BUFZ 1, c4<z>; HiZ drive
v000001c0ff9ebcf0_0 .net "SIGNEXTIN", 0 0, o000001c0ff9b9898;  0 drivers
v000001c0ff9ebf70_0 .net "SIGNEXTOUT", 0 0, L_000001c0ffa69ea0;  1 drivers
v000001c0ff9ec510_0 .net "XW", 15 0, L_000001c0ffa6a4e0;  1 drivers
v000001c0ff9ecd30_0 .net "YZ", 15 0, L_000001c0ffa6db40;  1 drivers
v000001c0ff9eb930_0 .net/2u *"_ivl_0", 0 0, L_000001c0ffa0efa0;  1 drivers
v000001c0ff9ebd90_0 .net *"_ivl_100", 31 0, L_000001c0ffa697c0;  1 drivers
L_000001c0ffa0f390 .functor BUFT 1, C4<0000000000000000>, C4<0>, C4<0>, C4<0>;
v000001c0ff9ec1f0_0 .net *"_ivl_103", 15 0, L_000001c0ffa0f390;  1 drivers
v000001c0ff9ebc50_0 .net *"_ivl_104", 31 0, L_000001c0ffa69860;  1 drivers
v000001c0ff9ece70_0 .net *"_ivl_106", 15 0, L_000001c0ffa6a760;  1 drivers
L_000001c0ffa0f3d8 .functor BUFT 1, C4<0000000000000000>, C4<0>, C4<0>, C4<0>;
v000001c0ff9eba70_0 .net *"_ivl_108", 15 0, L_000001c0ffa0f3d8;  1 drivers
L_000001c0ffa0efe8 .functor BUFT 1, C4<00000000>, C4<0>, C4<0>, C4<0>;
v000001c0ff9ec290_0 .net/2u *"_ivl_12", 7 0, L_000001c0ffa0efe8;  1 drivers
v000001c0ff9ec330_0 .net *"_ivl_121", 16 0, L_000001c0ffa6b700;  1 drivers
L_000001c0ffa0f420 .functor BUFT 1, C4<0>, C4<0>, C4<0>, C4<0>;
v000001c0ff9ebe30_0 .net *"_ivl_124", 0 0, L_000001c0ffa0f420;  1 drivers
v000001c0ff9ecb50_0 .net *"_ivl_125", 16 0, L_000001c0ffa6aee0;  1 drivers
L_000001c0ffa0f468 .functor BUFT 1, C4<0>, C4<0>, C4<0>, C4<0>;
v000001c0ff9ebed0_0 .net *"_ivl_128", 0 0, L_000001c0ffa0f468;  1 drivers
v000001c0ff9ec3d0_0 .net *"_ivl_130", 15 0, L_000001c0ffa6b020;  1 drivers
v000001c0ff9ec470_0 .net *"_ivl_131", 16 0, L_000001c0ffa69040;  1 drivers
L_000001c0ffa0f4b0 .functor BUFT 1, C4<0>, C4<0>, C4<0>, C4<0>;
v000001c0ff9ecdd0_0 .net *"_ivl_134", 0 0, L_000001c0ffa0f4b0;  1 drivers
v000001c0ff9ec650_0 .net *"_ivl_135", 16 0, L_000001c0ffa671f0;  1 drivers
v000001c0ff9ec5b0_0 .net *"_ivl_137", 16 0, L_000001c0ffa69cc0;  1 drivers
L_000001c0ffa0f738 .functor BUFT 1, C4<00000000000000000>, C4<0>, C4<0>, C4<0>;
v000001c0ff9ecbf0_0 .net *"_ivl_139", 16 0, L_000001c0ffa0f738;  1 drivers
v000001c0ff9ec010_0 .net *"_ivl_143", 16 0, L_000001c0ffa690e0;  1 drivers
v000001c0ff9ec6f0_0 .net *"_ivl_148", 15 0, L_000001c0ffa69d60;  1 drivers
v000001c0ff9ec8d0_0 .net *"_ivl_149", 15 0, L_000001c0ffa67260;  1 drivers
v000001c0ff9eca10_0 .net *"_ivl_15", 7 0, L_000001c0ffa6ada0;  1 drivers
v000001c0ff9eb9d0_0 .net *"_ivl_168", 16 0, L_000001c0ffa6c740;  1 drivers
L_000001c0ffa0f540 .functor BUFT 1, C4<0>, C4<0>, C4<0>, C4<0>;
v000001c0ff9ecab0_0 .net *"_ivl_171", 0 0, L_000001c0ffa0f540;  1 drivers
v000001c0ff9ecf10_0 .net *"_ivl_172", 16 0, L_000001c0ffa6da00;  1 drivers
L_000001c0ffa0f588 .functor BUFT 1, C4<0>, C4<0>, C4<0>, C4<0>;
v000001c0ff9eb890_0 .net *"_ivl_175", 0 0, L_000001c0ffa0f588;  1 drivers
v000001c0ff9ef1f0_0 .net *"_ivl_177", 15 0, L_000001c0ffa6bca0;  1 drivers
v000001c0ff9ee4d0_0 .net *"_ivl_178", 16 0, L_000001c0ffa6d640;  1 drivers
L_000001c0ffa0f030 .functor BUFT 1, C4<00000000>, C4<0>, C4<0>, C4<0>;
v000001c0ff9ee070_0 .net/2u *"_ivl_18", 7 0, L_000001c0ffa0f030;  1 drivers
L_000001c0ffa0f5d0 .functor BUFT 1, C4<0>, C4<0>, C4<0>, C4<0>;
v000001c0ff9ed710_0 .net *"_ivl_181", 0 0, L_000001c0ffa0f5d0;  1 drivers
v000001c0ff9ee1b0_0 .net *"_ivl_182", 16 0, L_000001c0ffa673b0;  1 drivers
v000001c0ff9ee250_0 .net *"_ivl_184", 16 0, L_000001c0ffa6c6a0;  1 drivers
L_000001c0ffa0f780 .functor BUFT 1, C4<00000000000000000>, C4<0>, C4<0>, C4<0>;
v000001c0ff9ed5d0_0 .net *"_ivl_186", 16 0, L_000001c0ffa0f780;  1 drivers
v000001c0ff9ee2f0_0 .net *"_ivl_190", 16 0, L_000001c0ffa6c420;  1 drivers
v000001c0ff9ed490_0 .net *"_ivl_193", 15 0, L_000001c0ffa6bd40;  1 drivers
v000001c0ff9ede90_0 .net *"_ivl_194", 15 0, L_000001c0ffa67ab0;  1 drivers
v000001c0ff9ef830_0 .net *"_ivl_21", 7 0, L_000001c0ffa69f40;  1 drivers
L_000001c0ffa0f078 .functor BUFT 1, C4<00000000>, C4<0>, C4<0>, C4<0>;
v000001c0ff9ed7b0_0 .net/2u *"_ivl_24", 7 0, L_000001c0ffa0f078;  1 drivers
v000001c0ff9eef70_0 .net *"_ivl_27", 7 0, L_000001c0ffa6a3a0;  1 drivers
L_000001c0ffa0f0c0 .functor BUFT 1, C4<00000000>, C4<0>, C4<0>, C4<0>;
v000001c0ff9ed8f0_0 .net/2u *"_ivl_30", 7 0, L_000001c0ffa0f0c0;  1 drivers
v000001c0ff9ed670_0 .net *"_ivl_33", 7 0, L_000001c0ffa6b3e0;  1 drivers
L_000001c0ffa0f108 .functor BUFT 1, C4<00000000>, C4<0>, C4<0>, C4<0>;
v000001c0ff9ee390_0 .net/2u *"_ivl_38", 7 0, L_000001c0ffa0f108;  1 drivers
v000001c0ff9edad0_0 .net *"_ivl_41", 7 0, L_000001c0ffa692c0;  1 drivers
v000001c0ff9edd50_0 .net *"_ivl_42", 15 0, L_000001c0ffa6b0c0;  1 drivers
L_000001c0ffa0f150 .functor BUFT 1, C4<00000000>, C4<0>, C4<0>, C4<0>;
v000001c0ff9ed850_0 .net/2u *"_ivl_46", 7 0, L_000001c0ffa0f150;  1 drivers
v000001c0ff9ef010_0 .net *"_ivl_49", 7 0, L_000001c0ffa6af80;  1 drivers
v000001c0ff9ed990_0 .net *"_ivl_50", 15 0, L_000001c0ffa6b520;  1 drivers
L_000001c0ffa0f198 .functor BUFT 1, C4<00000000>, C4<0>, C4<0>, C4<0>;
v000001c0ff9ef330_0 .net/2u *"_ivl_64", 7 0, L_000001c0ffa0f198;  1 drivers
L_000001c0ffa0f1e0 .functor BUFT 1, C4<00000000>, C4<0>, C4<0>, C4<0>;
v000001c0ff9ee7f0_0 .net/2u *"_ivl_68", 7 0, L_000001c0ffa0f1e0;  1 drivers
v000001c0ff9eda30_0 .net *"_ivl_72", 31 0, L_000001c0ffa6a300;  1 drivers
L_000001c0ffa0f228 .functor BUFT 1, C4<0000000000000000>, C4<0>, C4<0>, C4<0>;
v000001c0ff9ef290_0 .net *"_ivl_75", 15 0, L_000001c0ffa0f228;  1 drivers
v000001c0ff9ee930_0 .net *"_ivl_76", 31 0, L_000001c0ffa6ab20;  1 drivers
L_000001c0ffa0f270 .functor BUFT 1, C4<00000000>, C4<0>, C4<0>, C4<0>;
v000001c0ff9ee610_0 .net *"_ivl_79", 7 0, L_000001c0ffa0f270;  1 drivers
v000001c0ff9edb70_0 .net *"_ivl_80", 31 0, L_000001c0ffa695e0;  1 drivers
v000001c0ff9ef510_0 .net *"_ivl_82", 23 0, L_000001c0ffa6a9e0;  1 drivers
L_000001c0ffa0f2b8 .functor BUFT 1, C4<00000000>, C4<0>, C4<0>, C4<0>;
v000001c0ff9edc10_0 .net *"_ivl_84", 7 0, L_000001c0ffa0f2b8;  1 drivers
v000001c0ff9eed90_0 .net *"_ivl_86", 31 0, L_000001c0ffa6ae40;  1 drivers
v000001c0ff9eec50_0 .net *"_ivl_88", 31 0, L_000001c0ffa6a260;  1 drivers
L_000001c0ffa0f300 .functor BUFT 1, C4<00000000>, C4<0>, C4<0>, C4<0>;
v000001c0ff9ef150_0 .net *"_ivl_91", 7 0, L_000001c0ffa0f300;  1 drivers
v000001c0ff9edcb0_0 .net *"_ivl_92", 31 0, L_000001c0ffa6a440;  1 drivers
v000001c0ff9edf30_0 .net *"_ivl_94", 23 0, L_000001c0ffa69720;  1 drivers
L_000001c0ffa0f348 .functor BUFT 1, C4<00000000>, C4<0>, C4<0>, C4<0>;
v000001c0ff9efa10_0 .net *"_ivl_96", 7 0, L_000001c0ffa0f348;  1 drivers
v000001c0ff9ef650_0 .net *"_ivl_98", 31 0, L_000001c0ffa69c20;  1 drivers
v000001c0ff9eddf0_0 .net "clock", 0 0, L_000001c0ffa68450;  1 drivers
v000001c0ff9edfd0_0 .net "iA", 15 0, L_000001c0ffa67a40;  1 drivers
v000001c0ff9ee430_0 .net "iB", 15 0, L_000001c0ffa67030;  1 drivers
v000001c0ff9ee110_0 .net "iC", 15 0, L_000001c0ffa68290;  1 drivers
v000001c0ff9ef970_0 .net "iD", 15 0, L_000001c0ffa67110;  1 drivers
v000001c0ff9ee570_0 .net "iF", 15 0, L_000001c0ffa683e0;  1 drivers
v000001c0ff9ee6b0_0 .net "iG", 15 0, L_000001c0ffa67180;  1 drivers
v000001c0ff9ee750_0 .net "iH", 31 0, L_000001c0ffa67f80;  1 drivers
v000001c0ff9ee890_0 .net "iJ", 15 0, L_000001c0ffa66fc0;  1 drivers
v000001c0ff9ef3d0_0 .net "iJ_e", 23 0, L_000001c0ffa6b480;  1 drivers
v000001c0ff9ee9d0_0 .net "iK", 15 0, L_000001c0ffa68220;  1 drivers
v000001c0ff9eea70_0 .net "iK_e", 23 0, L_000001c0ffa69540;  1 drivers
v000001c0ff9eeb10_0 .net "iL", 31 0, L_000001c0ffa69b80;  1 drivers
v000001c0ff9ef790_0 .net "iP", 15 0, L_000001c0ffa69e00;  1 drivers
v000001c0ff9eebb0_0 .net "iQ", 15 0, v000001c0ff9f20d0_0;  1 drivers
v000001c0ff9eecf0_0 .net "iR", 15 0, L_000001c0ffa6c1a0;  1 drivers
v000001c0ff9ef470_0 .net "iS", 15 0, v000001c0ff9f18b0_0;  1 drivers
v000001c0ff9eee30_0 .net "iW", 15 0, L_000001c0ffa67880;  1 drivers
v000001c0ff9eeed0_0 .net "iX", 15 0, L_000001c0ffa67810;  1 drivers
v000001c0ff9ef0b0_0 .net "iY", 15 0, L_000001c0ffa67340;  1 drivers
v000001c0ff9ef5b0_0 .net "iZ", 15 0, L_000001c0ffa68760;  1 drivers
v000001c0ff9ed530_0 .net "p_Ah_Bh", 15 0, L_000001c0ffa69a40;  1 drivers
v000001c0ff9ef6f0_0 .net "p_Ah_Bl", 15 0, L_000001c0ffa6a620;  1 drivers
v000001c0ff9ef8d0_0 .net "p_Al_Bh", 15 0, L_000001c0ffa6a940;  1 drivers
v000001c0ff9ed2b0_0 .net "p_Al_Bl", 15 0, L_000001c0ffa69680;  1 drivers
v000001c0ff9ed350_0 .var "rA", 15 0;
v000001c0ff9ed3f0_0 .var "rB", 15 0;
v000001c0ff9effb0_0 .var "rC", 15 0;
v000001c0ff9f16d0_0 .var "rD", 15 0;
v000001c0ff9efdd0_0 .var "rF", 15 0;
v000001c0ff9f1db0_0 .var "rG", 15 0;
v000001c0ff9f0230_0 .var "rH", 31 0;
v000001c0ff9f0730_0 .var "rJ", 15 0;
v000001c0ff9efe70_0 .var "rK", 15 0;
v000001c0ff9f20d0_0 .var "rQ", 15 0;
v000001c0ff9f18b0_0 .var "rS", 15 0;
E_000001c0ff7c1140 .event posedge, v000001c0ff9ec830_0, v000001c0ff9eddf0_0;
E_000001c0ff7c1400 .event posedge, v000001c0ff9ec790_0, v000001c0ff9eddf0_0;
E_000001c0ff7c1040 .event posedge, v000001c0ff9eb2f0_0, v000001c0ff9eddf0_0;
E_000001c0ff7c1480 .event posedge, v000001c0ff9ea990_0, v000001c0ff9eddf0_0;
L_000001c0ffa6ada0 .part L_000001c0ffa67a40, 8, 8;
L_000001c0ffa6aa80 .concat [ 8 8 0 0], L_000001c0ffa6ada0, L_000001c0ffa0efe8;
L_000001c0ffa69f40 .part L_000001c0ffa67a40, 0, 8;
L_000001c0ffa6b5c0 .concat [ 8 8 0 0], L_000001c0ffa69f40, L_000001c0ffa0f030;
L_000001c0ffa6a3a0 .part L_000001c0ffa67030, 8, 8;
L_000001c0ffa6a1c0 .concat [ 8 8 0 0], L_000001c0ffa6a3a0, L_000001c0ffa0f078;
L_000001c0ffa6b3e0 .part L_000001c0ffa67030, 0, 8;
L_000001c0ffa69ae0 .concat [ 8 8 0 0], L_000001c0ffa6b3e0, L_000001c0ffa0f0c0;
L_000001c0ffa69a40 .arith/mult 16, L_000001c0ffa6aa80, L_000001c0ffa6a1c0;
L_000001c0ffa692c0 .part L_000001c0ffa6b5c0, 0, 8;
L_000001c0ffa6b0c0 .concat [ 8 8 0 0], L_000001c0ffa692c0, L_000001c0ffa0f108;
L_000001c0ffa6a940 .arith/mult 16, L_000001c0ffa6b0c0, L_000001c0ffa6a1c0;
L_000001c0ffa6af80 .part L_000001c0ffa69ae0, 0, 8;
L_000001c0ffa6b520 .concat [ 8 8 0 0], L_000001c0ffa6af80, L_000001c0ffa0f150;
L_000001c0ffa6a620 .arith/mult 16, L_000001c0ffa6aa80, L_000001c0ffa6b520;
L_000001c0ffa69680 .arith/mult 16, L_000001c0ffa6b5c0, L_000001c0ffa69ae0;
L_000001c0ffa69540 .concat [ 16 8 0 0], L_000001c0ffa68220, L_000001c0ffa0f198;
L_000001c0ffa6b480 .concat [ 16 8 0 0], L_000001c0ffa66fc0, L_000001c0ffa0f1e0;
L_000001c0ffa6a300 .concat [ 16 16 0 0], L_000001c0ffa67180, L_000001c0ffa0f228;
L_000001c0ffa6ab20 .concat [ 24 8 0 0], L_000001c0ffa69540, L_000001c0ffa0f270;
L_000001c0ffa6a9e0 .part L_000001c0ffa6ab20, 0, 24;
L_000001c0ffa695e0 .concat [ 8 24 0 0], L_000001c0ffa0f2b8, L_000001c0ffa6a9e0;
L_000001c0ffa6ae40 .arith/sum 32, L_000001c0ffa6a300, L_000001c0ffa695e0;
L_000001c0ffa6a260 .concat [ 24 8 0 0], L_000001c0ffa6b480, L_000001c0ffa0f300;
L_000001c0ffa69720 .part L_000001c0ffa6a260, 0, 24;
L_000001c0ffa6a440 .concat [ 8 24 0 0], L_000001c0ffa0f348, L_000001c0ffa69720;
L_000001c0ffa69c20 .arith/sum 32, L_000001c0ffa6ae40, L_000001c0ffa6a440;
L_000001c0ffa697c0 .concat [ 16 16 0 0], L_000001c0ffa683e0, L_000001c0ffa0f390;
L_000001c0ffa6a760 .part L_000001c0ffa697c0, 0, 16;
L_000001c0ffa69860 .concat [ 16 16 0 0], L_000001c0ffa0f3d8, L_000001c0ffa6a760;
L_000001c0ffa69b80 .arith/sum 32, L_000001c0ffa69c20, L_000001c0ffa69860;
L_000001c0ffa6b660 .part L_000001c0ffa690e0, 16, 1;
L_000001c0ffa6a4e0 .part L_000001c0ffa690e0, 0, 16;
L_000001c0ffa6b700 .concat [ 16 1 0 0], L_000001c0ffa67810, L_000001c0ffa0f420;
L_000001c0ffa6aee0 .concat [ 16 1 0 0], L_000001c0ffa67880, L_000001c0ffa0f468;
L_000001c0ffa6b020 .repeat 16, 16, o000001c0ff9b92f8;
L_000001c0ffa69040 .concat [ 16 1 0 0], L_000001c0ffa6b020, L_000001c0ffa0f4b0;
L_000001c0ffa69cc0 .arith/sum 17, L_000001c0ffa6b700, L_000001c0ffa671f0;
L_000001c0ffa690e0 .arith/sum 17, L_000001c0ffa69cc0, L_000001c0ffa0f738;
L_000001c0ffa69d60 .repeat 16, 16, o000001c0ff9b92f8;
L_000001c0ffa69e00 .functor MUXZ 16, L_000001c0ffa67260, L_000001c0ffa68290, o000001c0ff9b97a8, C4<>;
L_000001c0ffa69ea0 .part L_000001c0ffa67810, 15, 1;
L_000001c0ffa6a8a0 .part L_000001c0ffa6c420, 16, 1;
L_000001c0ffa6db40 .part L_000001c0ffa6c420, 0, 16;
L_000001c0ffa6c740 .concat [ 16 1 0 0], L_000001c0ffa68760, L_000001c0ffa0f540;
L_000001c0ffa6da00 .concat [ 16 1 0 0], L_000001c0ffa67340, L_000001c0ffa0f588;
L_000001c0ffa6bca0 .repeat 16, 16, o000001c0ff9b92c8;
L_000001c0ffa6d640 .concat [ 16 1 0 0], L_000001c0ffa6bca0, L_000001c0ffa0f5d0;
L_000001c0ffa6c6a0 .arith/sum 17, L_000001c0ffa6c740, L_000001c0ffa673b0;
L_000001c0ffa6c420 .arith/sum 17, L_000001c0ffa6c6a0, L_000001c0ffa0f780;
L_000001c0ffa6bd40 .repeat 16, 16, o000001c0ff9b92c8;
L_000001c0ffa6c1a0 .functor MUXZ 16, L_000001c0ffa67ab0, L_000001c0ffa67110, o000001c0ff9b9778, C4<>;
L_000001c0ffa6d280 .concat [ 16 16 0 0], L_000001c0ffa67420, L_000001c0ffa68370;
S_000001c0ff97dad0 .scope module, "SB_PLL40_2F_CORE" "SB_PLL40_2F_CORE" 3 2521;
 .timescale -12 -12;
    .port_info 0 /INPUT 1 "REFERENCECLK";
    .port_info 1 /OUTPUT 1 "PLLOUTCOREA";
    .port_info 2 /OUTPUT 1 "PLLOUTGLOBALA";
    .port_info 3 /OUTPUT 1 "PLLOUTCOREB";
    .port_info 4 /OUTPUT 1 "PLLOUTGLOBALB";
    .port_info 5 /INPUT 1 "EXTFEEDBACK";
    .port_info 6 /INPUT 8 "DYNAMICDELAY";
    .port_info 7 /OUTPUT 1 "LOCK";
    .port_info 8 /INPUT 1 "BYPASS";
    .port_info 9 /INPUT 1 "RESETB";
    .port_info 10 /INPUT 1 "LATCHINPUTVALUE";
    .port_info 11 /OUTPUT 1 "SDO";
    .port_info 12 /INPUT 1 "SDI";
    .port_info 13 /INPUT 1 "SCLK";
P_000001c0ff71c040 .param/str "DELAY_ADJUSTMENT_MODE_FEEDBACK" 0 3 2538, "FIXED";
P_000001c0ff71c078 .param/str "DELAY_ADJUSTMENT_MODE_RELATIVE" 0 3 2539, "FIXED";
P_000001c0ff71c0b0 .param/l "DIVF" 0 3 2546, C4<0000000>;
P_000001c0ff71c0e8 .param/l "DIVQ" 0 3 2547, C4<000>;
P_000001c0ff71c120 .param/l "DIVR" 0 3 2545, C4<0000>;
P_000001c0ff71c158 .param/l "ENABLE_ICEGATE_PORTA" 0 3 2549, C4<0>;
P_000001c0ff71c190 .param/l "ENABLE_ICEGATE_PORTB" 0 3 2550, C4<0>;
P_000001c0ff71c1c8 .param/l "EXTERNAL_DIVIDE_FACTOR" 0 3 2552, +C4<00000000000000000000000000000001>;
P_000001c0ff71c200 .param/l "FDA_FEEDBACK" 0 3 2541, C4<0000>;
P_000001c0ff71c238 .param/l "FDA_RELATIVE" 0 3 2542, C4<0000>;
P_000001c0ff71c270 .param/str "FEEDBACK_PATH" 0 3 2537, "SIMPLE";
P_000001c0ff71c2a8 .param/l "FILTER_RANGE" 0 3 2548, C4<000>;
P_000001c0ff71c2e0 .param/str "PLLOUT_SELECT_PORTA" 0 3 2543, "GENCLK";
P_000001c0ff71c318 .param/str "PLLOUT_SELECT_PORTB" 0 3 2544, "GENCLK";
P_000001c0ff71c350 .param/l "SHIFTREG_DIV_MODE" 0 3 2540, C4<0>;
P_000001c0ff71c388 .param/l "TEST_MODE" 0 3 2551, C4<0>;
o000001c0ff9bb0c8 .functor BUFZ 1, c4<z>; HiZ drive
v000001c0ff9eff10_0 .net "BYPASS", 0 0, o000001c0ff9bb0c8;  0 drivers
o000001c0ff9bb0f8 .functor BUFZ 8, c4<zzzzzzzz>; HiZ drive
v000001c0ff9f1950_0 .net "DYNAMICDELAY", 7 0, o000001c0ff9bb0f8;  0 drivers
o000001c0ff9bb128 .functor BUFZ 1, c4<z>; HiZ drive
v000001c0ff9f1450_0 .net "EXTFEEDBACK", 0 0, o000001c0ff9bb128;  0 drivers
o000001c0ff9bb158 .functor BUFZ 1, c4<z>; HiZ drive
v000001c0ff9f0a50_0 .net "LATCHINPUTVALUE", 0 0, o000001c0ff9bb158;  0 drivers
o000001c0ff9bb188 .functor BUFZ 1, c4<z>; HiZ drive
v000001c0ff9f0050_0 .net "LOCK", 0 0, o000001c0ff9bb188;  0 drivers
o000001c0ff9bb1b8 .functor BUFZ 1, c4<z>; HiZ drive
v000001c0ff9f07d0_0 .net "PLLOUTCOREA", 0 0, o000001c0ff9bb1b8;  0 drivers
o000001c0ff9bb1e8 .functor BUFZ 1, c4<z>; HiZ drive
v000001c0ff9f0910_0 .net "PLLOUTCOREB", 0 0, o000001c0ff9bb1e8;  0 drivers
o000001c0ff9bb218 .functor BUFZ 1, c4<z>; HiZ drive
v000001c0ff9f14f0_0 .net "PLLOUTGLOBALA", 0 0, o000001c0ff9bb218;  0 drivers
o000001c0ff9bb248 .functor BUFZ 1, c4<z>; HiZ drive
v000001c0ff9f2210_0 .net "PLLOUTGLOBALB", 0 0, o000001c0ff9bb248;  0 drivers
o000001c0ff9bb278 .functor BUFZ 1, c4<z>; HiZ drive
v000001c0ff9f00f0_0 .net "REFERENCECLK", 0 0, o000001c0ff9bb278;  0 drivers
o000001c0ff9bb2a8 .functor BUFZ 1, c4<z>; HiZ drive
v000001c0ff9f1bd0_0 .net "RESETB", 0 0, o000001c0ff9bb2a8;  0 drivers
o000001c0ff9bb2d8 .functor BUFZ 1, c4<z>; HiZ drive
v000001c0ff9f0190_0 .net "SCLK", 0 0, o000001c0ff9bb2d8;  0 drivers
o000001c0ff9bb308 .functor BUFZ 1, c4<z>; HiZ drive
v000001c0ff9f1c70_0 .net "SDI", 0 0, o000001c0ff9bb308;  0 drivers
o000001c0ff9bb338 .functor BUFZ 1, c4<z>; HiZ drive
v000001c0ff9f0870_0 .net "SDO", 0 0, o000001c0ff9bb338;  0 drivers
S_000001c0ff97e110 .scope module, "SB_PLL40_2F_PAD" "SB_PLL40_2F_PAD" 3 2556;
 .timescale -12 -12;
    .port_info 0 /INPUT 1 "PACKAGEPIN";
    .port_info 1 /OUTPUT 1 "PLLOUTCOREA";
    .port_info 2 /OUTPUT 1 "PLLOUTGLOBALA";
    .port_info 3 /OUTPUT 1 "PLLOUTCOREB";
    .port_info 4 /OUTPUT 1 "PLLOUTGLOBALB";
    .port_info 5 /INPUT 1 "EXTFEEDBACK";
    .port_info 6 /INPUT 8 "DYNAMICDELAY";
    .port_info 7 /OUTPUT 1 "LOCK";
    .port_info 8 /INPUT 1 "BYPASS";
    .port_info 9 /INPUT 1 "RESETB";
    .port_info 10 /INPUT 1 "LATCHINPUTVALUE";
    .port_info 11 /OUTPUT 1 "SDO";
    .port_info 12 /INPUT 1 "SDI";
    .port_info 13 /INPUT 1 "SCLK";
P_000001c0ff7117f0 .param/str "DELAY_ADJUSTMENT_MODE_FEEDBACK" 0 3 2573, "FIXED";
P_000001c0ff711828 .param/str "DELAY_ADJUSTMENT_MODE_RELATIVE" 0 3 2574, "FIXED";
P_000001c0ff711860 .param/l "DIVF" 0 3 2581, C4<0000000>;
P_000001c0ff711898 .param/l "DIVQ" 0 3 2582, C4<000>;
P_000001c0ff7118d0 .param/l "DIVR" 0 3 2580, C4<0000>;
P_000001c0ff711908 .param/l "ENABLE_ICEGATE_PORTA" 0 3 2584, C4<0>;
P_000001c0ff711940 .param/l "ENABLE_ICEGATE_PORTB" 0 3 2585, C4<0>;
P_000001c0ff711978 .param/l "EXTERNAL_DIVIDE_FACTOR" 0 3 2587, +C4<00000000000000000000000000000001>;
P_000001c0ff7119b0 .param/l "FDA_FEEDBACK" 0 3 2576, C4<0000>;
P_000001c0ff7119e8 .param/l "FDA_RELATIVE" 0 3 2577, C4<0000>;
P_000001c0ff711a20 .param/str "FEEDBACK_PATH" 0 3 2572, "SIMPLE";
P_000001c0ff711a58 .param/l "FILTER_RANGE" 0 3 2583, C4<000>;
P_000001c0ff711a90 .param/str "PLLOUT_SELECT_PORTA" 0 3 2578, "GENCLK";
P_000001c0ff711ac8 .param/str "PLLOUT_SELECT_PORTB" 0 3 2579, "GENCLK";
P_000001c0ff711b00 .param/l "SHIFTREG_DIV_MODE" 0 3 2575, C4<00>;
P_000001c0ff711b38 .param/l "TEST_MODE" 0 3 2586, C4<0>;
o000001c0ff9bb608 .functor BUFZ 1, c4<z>; HiZ drive
v000001c0ff9f0f50_0 .net "BYPASS", 0 0, o000001c0ff9bb608;  0 drivers
o000001c0ff9bb638 .functor BUFZ 8, c4<zzzzzzzz>; HiZ drive
v000001c0ff9f02d0_0 .net "DYNAMICDELAY", 7 0, o000001c0ff9bb638;  0 drivers
o000001c0ff9bb668 .functor BUFZ 1, c4<z>; HiZ drive
v000001c0ff9f0370_0 .net "EXTFEEDBACK", 0 0, o000001c0ff9bb668;  0 drivers
o000001c0ff9bb698 .functor BUFZ 1, c4<z>; HiZ drive
v000001c0ff9f1770_0 .net "LATCHINPUTVALUE", 0 0, o000001c0ff9bb698;  0 drivers
o000001c0ff9bb6c8 .functor BUFZ 1, c4<z>; HiZ drive
v000001c0ff9f1ef0_0 .net "LOCK", 0 0, o000001c0ff9bb6c8;  0 drivers
o000001c0ff9bb6f8 .functor BUFZ 1, c4<z>; HiZ drive
v000001c0ff9f2170_0 .net "PACKAGEPIN", 0 0, o000001c0ff9bb6f8;  0 drivers
o000001c0ff9bb728 .functor BUFZ 1, c4<z>; HiZ drive
v000001c0ff9f1e50_0 .net "PLLOUTCOREA", 0 0, o000001c0ff9bb728;  0 drivers
o000001c0ff9bb758 .functor BUFZ 1, c4<z>; HiZ drive
v000001c0ff9f0cd0_0 .net "PLLOUTCOREB", 0 0, o000001c0ff9bb758;  0 drivers
o000001c0ff9bb788 .functor BUFZ 1, c4<z>; HiZ drive
v000001c0ff9f0410_0 .net "PLLOUTGLOBALA", 0 0, o000001c0ff9bb788;  0 drivers
o000001c0ff9bb7b8 .functor BUFZ 1, c4<z>; HiZ drive
v000001c0ff9f1590_0 .net "PLLOUTGLOBALB", 0 0, o000001c0ff9bb7b8;  0 drivers
o000001c0ff9bb7e8 .functor BUFZ 1, c4<z>; HiZ drive
v000001c0ff9f19f0_0 .net "RESETB", 0 0, o000001c0ff9bb7e8;  0 drivers
o000001c0ff9bb818 .functor BUFZ 1, c4<z>; HiZ drive
v000001c0ff9f1a90_0 .net "SCLK", 0 0, o000001c0ff9bb818;  0 drivers
o000001c0ff9bb848 .functor BUFZ 1, c4<z>; HiZ drive
v000001c0ff9f09b0_0 .net "SDI", 0 0, o000001c0ff9bb848;  0 drivers
o000001c0ff9bb878 .functor BUFZ 1, c4<z>; HiZ drive
v000001c0ff9f1f90_0 .net "SDO", 0 0, o000001c0ff9bb878;  0 drivers
S_000001c0ff97e2a0 .scope module, "SB_PLL40_2_PAD" "SB_PLL40_2_PAD" 3 2487;
 .timescale -12 -12;
    .port_info 0 /INPUT 1 "PACKAGEPIN";
    .port_info 1 /OUTPUT 1 "PLLOUTCOREA";
    .port_info 2 /OUTPUT 1 "PLLOUTGLOBALA";
    .port_info 3 /OUTPUT 1 "PLLOUTCOREB";
    .port_info 4 /OUTPUT 1 "PLLOUTGLOBALB";
    .port_info 5 /INPUT 1 "EXTFEEDBACK";
    .port_info 6 /INPUT 8 "DYNAMICDELAY";
    .port_info 7 /OUTPUT 1 "LOCK";
    .port_info 8 /INPUT 1 "BYPASS";
    .port_info 9 /INPUT 1 "RESETB";
    .port_info 10 /INPUT 1 "LATCHINPUTVALUE";
    .port_info 11 /OUTPUT 1 "SDO";
    .port_info 12 /INPUT 1 "SDI";
    .port_info 13 /INPUT 1 "SCLK";
P_000001c0ff70fb00 .param/str "DELAY_ADJUSTMENT_MODE_FEEDBACK" 0 3 2504, "FIXED";
P_000001c0ff70fb38 .param/str "DELAY_ADJUSTMENT_MODE_RELATIVE" 0 3 2505, "FIXED";
P_000001c0ff70fb70 .param/l "DIVF" 0 3 2511, C4<0000000>;
P_000001c0ff70fba8 .param/l "DIVQ" 0 3 2512, C4<000>;
P_000001c0ff70fbe0 .param/l "DIVR" 0 3 2510, C4<0000>;
P_000001c0ff70fc18 .param/l "ENABLE_ICEGATE_PORTA" 0 3 2514, C4<0>;
P_000001c0ff70fc50 .param/l "ENABLE_ICEGATE_PORTB" 0 3 2515, C4<0>;
P_000001c0ff70fc88 .param/l "EXTERNAL_DIVIDE_FACTOR" 0 3 2517, +C4<00000000000000000000000000000001>;
P_000001c0ff70fcc0 .param/l "FDA_FEEDBACK" 0 3 2507, C4<0000>;
P_000001c0ff70fcf8 .param/l "FDA_RELATIVE" 0 3 2508, C4<0000>;
P_000001c0ff70fd30 .param/str "FEEDBACK_PATH" 0 3 2503, "SIMPLE";
P_000001c0ff70fd68 .param/l "FILTER_RANGE" 0 3 2513, C4<000>;
P_000001c0ff70fda0 .param/str "PLLOUT_SELECT_PORTB" 0 3 2509, "GENCLK";
P_000001c0ff70fdd8 .param/l "SHIFTREG_DIV_MODE" 0 3 2506, C4<0>;
P_000001c0ff70fe10 .param/l "TEST_MODE" 0 3 2516, C4<0>;
o000001c0ff9bbb48 .functor BUFZ 1, c4<z>; HiZ drive
v000001c0ff9f04b0_0 .net "BYPASS", 0 0, o000001c0ff9bbb48;  0 drivers
o000001c0ff9bbb78 .functor BUFZ 8, c4<zzzzzzzz>; HiZ drive
v000001c0ff9efab0_0 .net "DYNAMICDELAY", 7 0, o000001c0ff9bbb78;  0 drivers
o000001c0ff9bbba8 .functor BUFZ 1, c4<z>; HiZ drive
v000001c0ff9f1b30_0 .net "EXTFEEDBACK", 0 0, o000001c0ff9bbba8;  0 drivers
o000001c0ff9bbbd8 .functor BUFZ 1, c4<z>; HiZ drive
v000001c0ff9f1630_0 .net "LATCHINPUTVALUE", 0 0, o000001c0ff9bbbd8;  0 drivers
o000001c0ff9bbc08 .functor BUFZ 1, c4<z>; HiZ drive
v000001c0ff9f0eb0_0 .net "LOCK", 0 0, o000001c0ff9bbc08;  0 drivers
o000001c0ff9bbc38 .functor BUFZ 1, c4<z>; HiZ drive
v000001c0ff9f1d10_0 .net "PACKAGEPIN", 0 0, o000001c0ff9bbc38;  0 drivers
o000001c0ff9bbc68 .functor BUFZ 1, c4<z>; HiZ drive
v000001c0ff9f0550_0 .net "PLLOUTCOREA", 0 0, o000001c0ff9bbc68;  0 drivers
o000001c0ff9bbc98 .functor BUFZ 1, c4<z>; HiZ drive
v000001c0ff9f1810_0 .net "PLLOUTCOREB", 0 0, o000001c0ff9bbc98;  0 drivers
o000001c0ff9bbcc8 .functor BUFZ 1, c4<z>; HiZ drive
v000001c0ff9efb50_0 .net "PLLOUTGLOBALA", 0 0, o000001c0ff9bbcc8;  0 drivers
o000001c0ff9bbcf8 .functor BUFZ 1, c4<z>; HiZ drive
v000001c0ff9f2030_0 .net "PLLOUTGLOBALB", 0 0, o000001c0ff9bbcf8;  0 drivers
o000001c0ff9bbd28 .functor BUFZ 1, c4<z>; HiZ drive
v000001c0ff9efbf0_0 .net "RESETB", 0 0, o000001c0ff9bbd28;  0 drivers
o000001c0ff9bbd58 .functor BUFZ 1, c4<z>; HiZ drive
v000001c0ff9f13b0_0 .net "SCLK", 0 0, o000001c0ff9bbd58;  0 drivers
o000001c0ff9bbd88 .functor BUFZ 1, c4<z>; HiZ drive
v000001c0ff9f0b90_0 .net "SDI", 0 0, o000001c0ff9bbd88;  0 drivers
o000001c0ff9bbdb8 .functor BUFZ 1, c4<z>; HiZ drive
v000001c0ff9f1270_0 .net "SDO", 0 0, o000001c0ff9bbdb8;  0 drivers
S_000001c0ff97ccc0 .scope module, "SB_PLL40_CORE" "SB_PLL40_CORE" 3 2425;
 .timescale -12 -12;
    .port_info 0 /INPUT 1 "REFERENCECLK";
    .port_info 1 /OUTPUT 1 "PLLOUTCORE";
    .port_info 2 /OUTPUT 1 "PLLOUTGLOBAL";
    .port_info 3 /INPUT 1 "EXTFEEDBACK";
    .port_info 4 /INPUT 8 "DYNAMICDELAY";
    .port_info 5 /OUTPUT 1 "LOCK";
    .port_info 6 /INPUT 1 "BYPASS";
    .port_info 7 /INPUT 1 "RESETB";
    .port_info 8 /INPUT 1 "LATCHINPUTVALUE";
    .port_info 9 /OUTPUT 1 "SDO";
    .port_info 10 /INPUT 1 "SDI";
    .port_info 11 /INPUT 1 "SCLK";
P_000001c0ff70f580 .param/str "DELAY_ADJUSTMENT_MODE_FEEDBACK" 0 3 2440, "FIXED";
P_000001c0ff70f5b8 .param/str "DELAY_ADJUSTMENT_MODE_RELATIVE" 0 3 2441, "FIXED";
P_000001c0ff70f5f0 .param/l "DIVF" 0 3 2447, C4<0000000>;
P_000001c0ff70f628 .param/l "DIVQ" 0 3 2448, C4<000>;
P_000001c0ff70f660 .param/l "DIVR" 0 3 2446, C4<0000>;
P_000001c0ff70f698 .param/l "ENABLE_ICEGATE" 0 3 2450, C4<0>;
P_000001c0ff70f6d0 .param/l "EXTERNAL_DIVIDE_FACTOR" 0 3 2452, +C4<00000000000000000000000000000001>;
P_000001c0ff70f708 .param/l "FDA_FEEDBACK" 0 3 2443, C4<0000>;
P_000001c0ff70f740 .param/l "FDA_RELATIVE" 0 3 2444, C4<0000>;
P_000001c0ff70f778 .param/str "FEEDBACK_PATH" 0 3 2439, "SIMPLE";
P_000001c0ff70f7b0 .param/l "FILTER_RANGE" 0 3 2449, C4<000>;
P_000001c0ff70f7e8 .param/str "PLLOUT_SELECT" 0 3 2445, "GENCLK";
P_000001c0ff70f820 .param/l "SHIFTREG_DIV_MODE" 0 3 2442, C4<0>;
P_000001c0ff70f858 .param/l "TEST_MODE" 0 3 2451, C4<0>;
o000001c0ff9bc088 .functor BUFZ 1, c4<z>; HiZ drive
v000001c0ff9f05f0_0 .net "BYPASS", 0 0, o000001c0ff9bc088;  0 drivers
o000001c0ff9bc0b8 .functor BUFZ 8, c4<zzzzzzzz>; HiZ drive
v000001c0ff9f0af0_0 .net "DYNAMICDELAY", 7 0, o000001c0ff9bc0b8;  0 drivers
o000001c0ff9bc0e8 .functor BUFZ 1, c4<z>; HiZ drive
v000001c0ff9f0690_0 .net "EXTFEEDBACK", 0 0, o000001c0ff9bc0e8;  0 drivers
o000001c0ff9bc118 .functor BUFZ 1, c4<z>; HiZ drive
v000001c0ff9f0c30_0 .net "LATCHINPUTVALUE", 0 0, o000001c0ff9bc118;  0 drivers
o000001c0ff9bc148 .functor BUFZ 1, c4<z>; HiZ drive
v000001c0ff9efc90_0 .net "LOCK", 0 0, o000001c0ff9bc148;  0 drivers
o000001c0ff9bc178 .functor BUFZ 1, c4<z>; HiZ drive
v000001c0ff9f0d70_0 .net "PLLOUTCORE", 0 0, o000001c0ff9bc178;  0 drivers
o000001c0ff9bc1a8 .functor BUFZ 1, c4<z>; HiZ drive
v000001c0ff9efd30_0 .net "PLLOUTGLOBAL", 0 0, o000001c0ff9bc1a8;  0 drivers
o000001c0ff9bc1d8 .functor BUFZ 1, c4<z>; HiZ drive
v000001c0ff9f0e10_0 .net "REFERENCECLK", 0 0, o000001c0ff9bc1d8;  0 drivers
o000001c0ff9bc208 .functor BUFZ 1, c4<z>; HiZ drive
v000001c0ff9f0ff0_0 .net "RESETB", 0 0, o000001c0ff9bc208;  0 drivers
o000001c0ff9bc238 .functor BUFZ 1, c4<z>; HiZ drive
v000001c0ff9f1090_0 .net "SCLK", 0 0, o000001c0ff9bc238;  0 drivers
o000001c0ff9bc268 .functor BUFZ 1, c4<z>; HiZ drive
v000001c0ff9f1310_0 .net "SDI", 0 0, o000001c0ff9bc268;  0 drivers
o000001c0ff9bc298 .functor BUFZ 1, c4<z>; HiZ drive
v000001c0ff9f1130_0 .net "SDO", 0 0, o000001c0ff9bc298;  0 drivers
S_000001c0ff97ce50 .scope module, "SB_PLL40_PAD" "SB_PLL40_PAD" 3 2456;
 .timescale -12 -12;
    .port_info 0 /INPUT 1 "PACKAGEPIN";
    .port_info 1 /OUTPUT 1 "PLLOUTCORE";
    .port_info 2 /OUTPUT 1 "PLLOUTGLOBAL";
    .port_info 3 /INPUT 1 "EXTFEEDBACK";
    .port_info 4 /INPUT 8 "DYNAMICDELAY";
    .port_info 5 /OUTPUT 1 "LOCK";
    .port_info 6 /INPUT 1 "BYPASS";
    .port_info 7 /INPUT 1 "RESETB";
    .port_info 8 /INPUT 1 "LATCHINPUTVALUE";
    .port_info 9 /OUTPUT 1 "SDO";
    .port_info 10 /INPUT 1 "SDI";
    .port_info 11 /INPUT 1 "SCLK";
P_000001c0ff6c6780 .param/str "DELAY_ADJUSTMENT_MODE_FEEDBACK" 0 3 2471, "FIXED";
P_000001c0ff6c67b8 .param/str "DELAY_ADJUSTMENT_MODE_RELATIVE" 0 3 2472, "FIXED";
P_000001c0ff6c67f0 .param/l "DIVF" 0 3 2478, C4<0000000>;
P_000001c0ff6c6828 .param/l "DIVQ" 0 3 2479, C4<000>;
P_000001c0ff6c6860 .param/l "DIVR" 0 3 2477, C4<0000>;
P_000001c0ff6c6898 .param/l "ENABLE_ICEGATE" 0 3 2481, C4<0>;
P_000001c0ff6c68d0 .param/l "EXTERNAL_DIVIDE_FACTOR" 0 3 2483, +C4<00000000000000000000000000000001>;
P_000001c0ff6c6908 .param/l "FDA_FEEDBACK" 0 3 2474, C4<0000>;
P_000001c0ff6c6940 .param/l "FDA_RELATIVE" 0 3 2475, C4<0000>;
P_000001c0ff6c6978 .param/str "FEEDBACK_PATH" 0 3 2470, "SIMPLE";
P_000001c0ff6c69b0 .param/l "FILTER_RANGE" 0 3 2480, C4<000>;
P_000001c0ff6c69e8 .param/str "PLLOUT_SELECT" 0 3 2476, "GENCLK";
P_000001c0ff6c6a20 .param/l "SHIFTREG_DIV_MODE" 0 3 2473, C4<0>;
P_000001c0ff6c6a58 .param/l "TEST_MODE" 0 3 2482, C4<0>;
o000001c0ff9bc508 .functor BUFZ 1, c4<z>; HiZ drive
v000001c0ff9f11d0_0 .net "BYPASS", 0 0, o000001c0ff9bc508;  0 drivers
o000001c0ff9bc538 .functor BUFZ 8, c4<zzzzzzzz>; HiZ drive
v000001c0ff9f2ad0_0 .net "DYNAMICDELAY", 7 0, o000001c0ff9bc538;  0 drivers
o000001c0ff9bc568 .functor BUFZ 1, c4<z>; HiZ drive
v000001c0ff9f3ed0_0 .net "EXTFEEDBACK", 0 0, o000001c0ff9bc568;  0 drivers
o000001c0ff9bc598 .functor BUFZ 1, c4<z>; HiZ drive
v000001c0ff9f23f0_0 .net "LATCHINPUTVALUE", 0 0, o000001c0ff9bc598;  0 drivers
o000001c0ff9bc5c8 .functor BUFZ 1, c4<z>; HiZ drive
v000001c0ff9f3f70_0 .net "LOCK", 0 0, o000001c0ff9bc5c8;  0 drivers
o000001c0ff9bc5f8 .functor BUFZ 1, c4<z>; HiZ drive
v000001c0ff9f2850_0 .net "PACKAGEPIN", 0 0, o000001c0ff9bc5f8;  0 drivers
o000001c0ff9bc628 .functor BUFZ 1, c4<z>; HiZ drive
v000001c0ff9f22b0_0 .net "PLLOUTCORE", 0 0, o000001c0ff9bc628;  0 drivers
o000001c0ff9bc658 .functor BUFZ 1, c4<z>; HiZ drive
v000001c0ff9f3930_0 .net "PLLOUTGLOBAL", 0 0, o000001c0ff9bc658;  0 drivers
o000001c0ff9bc688 .functor BUFZ 1, c4<z>; HiZ drive
v000001c0ff9f37f0_0 .net "RESETB", 0 0, o000001c0ff9bc688;  0 drivers
o000001c0ff9bc6b8 .functor BUFZ 1, c4<z>; HiZ drive
v000001c0ff9f27b0_0 .net "SCLK", 0 0, o000001c0ff9bc6b8;  0 drivers
o000001c0ff9bc6e8 .functor BUFZ 1, c4<z>; HiZ drive
v000001c0ff9f4330_0 .net "SDI", 0 0, o000001c0ff9bc6e8;  0 drivers
o000001c0ff9bc718 .functor BUFZ 1, c4<z>; HiZ drive
v000001c0ff9f31b0_0 .net "SDO", 0 0, o000001c0ff9bc718;  0 drivers
S_000001c0ff97c4f0 .scope module, "SB_RAM40_4KNR" "SB_RAM40_4KNR" 3 1726;
 .timescale -12 -12;
    .port_info 0 /OUTPUT 16 "RDATA";
    .port_info 1 /INPUT 1 "RCLKN";
    .port_info 2 /INPUT 1 "RCLKE";
    .port_info 3 /INPUT 1 "RE";
    .port_info 4 /INPUT 11 "RADDR";
    .port_info 5 /INPUT 1 "WCLK";
    .port_info 6 /INPUT 1 "WCLKE";
    .port_info 7 /INPUT 1 "WE";
    .port_info 8 /INPUT 11 "WADDR";
    .port_info 9 /INPUT 16 "MASK";
    .port_info 10 /INPUT 16 "WDATA";
P_000001c0ff97e4b0 .param/l "INIT_0" 0 3 1742, C4<0000000000000000000000000000000000000000000000000000000000000000000000000000000000000000000000000000000000000000000000000000000000000000000000000000000000000000000000000000000000000000000000000000000000000000000000000000000000000000000000000000000000000000>;
P_000001c0ff97e4e8 .param/l "INIT_1" 0 3 1743, C4<0000000000000000000000000000000000000000000000000000000000000000000000000000000000000000000000000000000000000000000000000000000000000000000000000000000000000000000000000000000000000000000000000000000000000000000000000000000000000000000000000000000000000000>;
P_000001c0ff97e520 .param/l "INIT_2" 0 3 1744, C4<0000000000000000000000000000000000000000000000000000000000000000000000000000000000000000000000000000000000000000000000000000000000000000000000000000000000000000000000000000000000000000000000000000000000000000000000000000000000000000000000000000000000000000>;
P_000001c0ff97e558 .param/l "INIT_3" 0 3 1745, C4<0000000000000000000000000000000000000000000000000000000000000000000000000000000000000000000000000000000000000000000000000000000000000000000000000000000000000000000000000000000000000000000000000000000000000000000000000000000000000000000000000000000000000000>;
P_000001c0ff97e590 .param/l "INIT_4" 0 3 1746, C4<0000000000000000000000000000000000000000000000000000000000000000000000000000000000000000000000000000000000000000000000000000000000000000000000000000000000000000000000000000000000000000000000000000000000000000000000000000000000000000000000000000000000000000>;
P_000001c0ff97e5c8 .param/l "INIT_5" 0 3 1747, C4<0000000000000000000000000000000000000000000000000000000000000000000000000000000000000000000000000000000000000000000000000000000000000000000000000000000000000000000000000000000000000000000000000000000000000000000000000000000000000000000000000000000000000000>;
P_000001c0ff97e600 .param/l "INIT_6" 0 3 1748, C4<0000000000000000000000000000000000000000000000000000000000000000000000000000000000000000000000000000000000000000000000000000000000000000000000000000000000000000000000000000000000000000000000000000000000000000000000000000000000000000000000000000000000000000>;
P_000001c0ff97e638 .param/l "INIT_7" 0 3 1749, C4<0000000000000000000000000000000000000000000000000000000000000000000000000000000000000000000000000000000000000000000000000000000000000000000000000000000000000000000000000000000000000000000000000000000000000000000000000000000000000000000000000000000000000000>;
P_000001c0ff97e670 .param/l "INIT_8" 0 3 1750, C4<0000000000000000000000000000000000000000000000000000000000000000000000000000000000000000000000000000000000000000000000000000000000000000000000000000000000000000000000000000000000000000000000000000000000000000000000000000000000000000000000000000000000000000>;
P_000001c0ff97e6a8 .param/l "INIT_9" 0 3 1751, C4<0000000000000000000000000000000000000000000000000000000000000000000000000000000000000000000000000000000000000000000000000000000000000000000000000000000000000000000000000000000000000000000000000000000000000000000000000000000000000000000000000000000000000000>;
P_000001c0ff97e6e0 .param/l "INIT_A" 0 3 1752, C4<0000000000000000000000000000000000000000000000000000000000000000000000000000000000000000000000000000000000000000000000000000000000000000000000000000000000000000000000000000000000000000000000000000000000000000000000000000000000000000000000000000000000000000>;
P_000001c0ff97e718 .param/l "INIT_B" 0 3 1753, C4<0000000000000000000000000000000000000000000000000000000000000000000000000000000000000000000000000000000000000000000000000000000000000000000000000000000000000000000000000000000000000000000000000000000000000000000000000000000000000000000000000000000000000000>;
P_000001c0ff97e750 .param/l "INIT_C" 0 3 1754, C4<0000000000000000000000000000000000000000000000000000000000000000000000000000000000000000000000000000000000000000000000000000000000000000000000000000000000000000000000000000000000000000000000000000000000000000000000000000000000000000000000000000000000000000>;
P_000001c0ff97e788 .param/l "INIT_D" 0 3 1755, C4<0000000000000000000000000000000000000000000000000000000000000000000000000000000000000000000000000000000000000000000000000000000000000000000000000000000000000000000000000000000000000000000000000000000000000000000000000000000000000000000000000000000000000000>;
P_000001c0ff97e7c0 .param/l "INIT_E" 0 3 1756, C4<0000000000000000000000000000000000000000000000000000000000000000000000000000000000000000000000000000000000000000000000000000000000000000000000000000000000000000000000000000000000000000000000000000000000000000000000000000000000000000000000000000000000000000>;
P_000001c0ff97e7f8 .param/l "INIT_F" 0 3 1757, C4<0000000000000000000000000000000000000000000000000000000000000000000000000000000000000000000000000000000000000000000000000000000000000000000000000000000000000000000000000000000000000000000000000000000000000000000000000000000000000000000000000000000000000000>;
P_000001c0ff97e830 .param/str "INIT_FILE" 0 3 1759, "\000";
P_000001c0ff97e868 .param/l "READ_MODE" 0 3 1740, +C4<00000000000000000000000000000000>;
P_000001c0ff97e8a0 .param/l "WRITE_MODE" 0 3 1739, +C4<00000000000000000000000000000000>;
o000001c0ff9bce98 .functor BUFZ 1, c4<z>; HiZ drive
L_000001c0ffa67b90 .functor NOT 1, o000001c0ff9bce98, C4<0>, C4<0>, C4<0>;
o000001c0ff9bc988 .functor BUFZ 16, c4<zzzzzzzzzzzzzzzz>; HiZ drive
v000001c0ff9f2f30_0 .net "MASK", 15 0, o000001c0ff9bc988;  0 drivers
o000001c0ff9bc9b8 .functor BUFZ 11, c4<zzzzzzzzzzz>; HiZ drive
v000001c0ff9f4650_0 .net "RADDR", 10 0, o000001c0ff9bc9b8;  0 drivers
o000001c0ff9bca18 .functor BUFZ 1, c4<z>; HiZ drive
v000001c0ff9f46f0_0 .net "RCLKE", 0 0, o000001c0ff9bca18;  0 drivers
v000001c0ff9f3610_0 .net "RCLKN", 0 0, o000001c0ff9bce98;  0 drivers
v000001c0ff9f32f0_0 .net "RDATA", 15 0, L_000001c0ffa67960;  1 drivers
o000001c0ff9bcaa8 .functor BUFZ 1, c4<z>; HiZ drive
v000001c0ff9f2990_0 .net "RE", 0 0, o000001c0ff9bcaa8;  0 drivers
o000001c0ff9bcb08 .functor BUFZ 11, c4<zzzzzzzzzzz>; HiZ drive
v000001c0ff9f3b10_0 .net "WADDR", 10 0, o000001c0ff9bcb08;  0 drivers
o000001c0ff9bcb38 .functor BUFZ 1, c4<z>; HiZ drive
v000001c0ff9f3390_0 .net "WCLK", 0 0, o000001c0ff9bcb38;  0 drivers
o000001c0ff9bcb68 .functor BUFZ 1, c4<z>; HiZ drive
v000001c0ff9f4830_0 .net "WCLKE", 0 0, o000001c0ff9bcb68;  0 drivers
o000001c0ff9bcb98 .functor BUFZ 16, c4<zzzzzzzzzzzzzzzz>; HiZ drive
v000001c0ff9f3750_0 .net "WDATA", 15 0, o000001c0ff9bcb98;  0 drivers
o000001c0ff9bcbf8 .functor BUFZ 1, c4<z>; HiZ drive
v000001c0ff9f2a30_0 .net "WE", 0 0, o000001c0ff9bcbf8;  0 drivers
S_000001c0ff982c30 .scope module, "RAM" "SB_RAM40_4K" 3 1781, 3 1487 0, S_000001c0ff97c4f0;
 .timescale -12 -12;
    .port_info 0 /OUTPUT 16 "RDATA";
    .port_info 1 /INPUT 1 "RCLK";
    .port_info 2 /INPUT 1 "RCLKE";
    .port_info 3 /INPUT 1 "RE";
    .port_info 4 /INPUT 11 "RADDR";
    .port_info 5 /INPUT 1 "WCLK";
    .port_info 6 /INPUT 1 "WCLKE";
    .port_info 7 /INPUT 1 "WE";
    .port_info 8 /INPUT 11 "WADDR";
    .port_info 9 /INPUT 16 "MASK";
    .port_info 10 /INPUT 16 "WDATA";
P_000001c0ff9fde80 .param/l "INIT_0" 0 3 1507, C4<0000000000000000000000000000000000000000000000000000000000000000000000000000000000000000000000000000000000000000000000000000000000000000000000000000000000000000000000000000000000000000000000000000000000000000000000000000000000000000000000000000000000000000>;
P_000001c0ff9fdeb8 .param/l "INIT_1" 0 3 1508, C4<0000000000000000000000000000000000000000000000000000000000000000000000000000000000000000000000000000000000000000000000000000000000000000000000000000000000000000000000000000000000000000000000000000000000000000000000000000000000000000000000000000000000000000>;
P_000001c0ff9fdef0 .param/l "INIT_2" 0 3 1509, C4<0000000000000000000000000000000000000000000000000000000000000000000000000000000000000000000000000000000000000000000000000000000000000000000000000000000000000000000000000000000000000000000000000000000000000000000000000000000000000000000000000000000000000000>;
P_000001c0ff9fdf28 .param/l "INIT_3" 0 3 1510, C4<0000000000000000000000000000000000000000000000000000000000000000000000000000000000000000000000000000000000000000000000000000000000000000000000000000000000000000000000000000000000000000000000000000000000000000000000000000000000000000000000000000000000000000>;
P_000001c0ff9fdf60 .param/l "INIT_4" 0 3 1511, C4<0000000000000000000000000000000000000000000000000000000000000000000000000000000000000000000000000000000000000000000000000000000000000000000000000000000000000000000000000000000000000000000000000000000000000000000000000000000000000000000000000000000000000000>;
P_000001c0ff9fdf98 .param/l "INIT_5" 0 3 1512, C4<0000000000000000000000000000000000000000000000000000000000000000000000000000000000000000000000000000000000000000000000000000000000000000000000000000000000000000000000000000000000000000000000000000000000000000000000000000000000000000000000000000000000000000>;
P_000001c0ff9fdfd0 .param/l "INIT_6" 0 3 1513, C4<0000000000000000000000000000000000000000000000000000000000000000000000000000000000000000000000000000000000000000000000000000000000000000000000000000000000000000000000000000000000000000000000000000000000000000000000000000000000000000000000000000000000000000>;
P_000001c0ff9fe008 .param/l "INIT_7" 0 3 1514, C4<0000000000000000000000000000000000000000000000000000000000000000000000000000000000000000000000000000000000000000000000000000000000000000000000000000000000000000000000000000000000000000000000000000000000000000000000000000000000000000000000000000000000000000>;
P_000001c0ff9fe040 .param/l "INIT_8" 0 3 1515, C4<0000000000000000000000000000000000000000000000000000000000000000000000000000000000000000000000000000000000000000000000000000000000000000000000000000000000000000000000000000000000000000000000000000000000000000000000000000000000000000000000000000000000000000>;
P_000001c0ff9fe078 .param/l "INIT_9" 0 3 1516, C4<0000000000000000000000000000000000000000000000000000000000000000000000000000000000000000000000000000000000000000000000000000000000000000000000000000000000000000000000000000000000000000000000000000000000000000000000000000000000000000000000000000000000000000>;
P_000001c0ff9fe0b0 .param/l "INIT_A" 0 3 1517, C4<0000000000000000000000000000000000000000000000000000000000000000000000000000000000000000000000000000000000000000000000000000000000000000000000000000000000000000000000000000000000000000000000000000000000000000000000000000000000000000000000000000000000000000>;
P_000001c0ff9fe0e8 .param/l "INIT_B" 0 3 1518, C4<0000000000000000000000000000000000000000000000000000000000000000000000000000000000000000000000000000000000000000000000000000000000000000000000000000000000000000000000000000000000000000000000000000000000000000000000000000000000000000000000000000000000000000>;
P_000001c0ff9fe120 .param/l "INIT_C" 0 3 1519, C4<0000000000000000000000000000000000000000000000000000000000000000000000000000000000000000000000000000000000000000000000000000000000000000000000000000000000000000000000000000000000000000000000000000000000000000000000000000000000000000000000000000000000000000>;
P_000001c0ff9fe158 .param/l "INIT_D" 0 3 1520, C4<0000000000000000000000000000000000000000000000000000000000000000000000000000000000000000000000000000000000000000000000000000000000000000000000000000000000000000000000000000000000000000000000000000000000000000000000000000000000000000000000000000000000000000>;
P_000001c0ff9fe190 .param/l "INIT_E" 0 3 1521, C4<0000000000000000000000000000000000000000000000000000000000000000000000000000000000000000000000000000000000000000000000000000000000000000000000000000000000000000000000000000000000000000000000000000000000000000000000000000000000000000000000000000000000000000>;
P_000001c0ff9fe1c8 .param/l "INIT_F" 0 3 1522, C4<0000000000000000000000000000000000000000000000000000000000000000000000000000000000000000000000000000000000000000000000000000000000000000000000000000000000000000000000000000000000000000000000000000000000000000000000000000000000000000000000000000000000000000>;
P_000001c0ff9fe200 .param/str "INIT_FILE" 0 3 1524, "\000";
P_000001c0ff9fe238 .param/l "READ_MODE" 0 3 1505, +C4<00000000000000000000000000000000>;
P_000001c0ff9fe270 .param/l "WRITE_MODE" 0 3 1504, +C4<00000000000000000000000000000000>;
v000001c0ff9f43d0_0 .net "MASK", 15 0, o000001c0ff9bc988;  alias, 0 drivers
v000001c0ff9f39d0_0 .net "RADDR", 10 0, o000001c0ff9bc9b8;  alias, 0 drivers
v000001c0ff9f3250_0 .net "RCLK", 0 0, L_000001c0ffa67b90;  1 drivers
v000001c0ff9f2710_0 .net "RCLKE", 0 0, o000001c0ff9bca18;  alias, 0 drivers
v000001c0ff9f4510_0 .net "RDATA", 15 0, L_000001c0ffa67960;  alias, 1 drivers
v000001c0ff9f4010_0 .var "RDATA_I", 15 0;
v000001c0ff9f28f0_0 .net "RE", 0 0, o000001c0ff9bcaa8;  alias, 0 drivers
L_000001c0ffa0f660 .functor BUFT 1, C4<0000000000000000>, C4<0>, C4<0>, C4<0>;
v000001c0ff9f3c50_0 .net "RMASK_I", 15 0, L_000001c0ffa0f660;  1 drivers
v000001c0ff9f4150_0 .net "WADDR", 10 0, o000001c0ff9bcb08;  alias, 0 drivers
v000001c0ff9f2b70_0 .net "WCLK", 0 0, o000001c0ff9bcb38;  alias, 0 drivers
v000001c0ff9f2e90_0 .net "WCLKE", 0 0, o000001c0ff9bcb68;  alias, 0 drivers
v000001c0ff9f3890_0 .net "WDATA", 15 0, o000001c0ff9bcb98;  alias, 0 drivers
v000001c0ff9f45b0_0 .net "WDATA_I", 15 0, L_000001c0ffa67570;  1 drivers
v000001c0ff9f2490_0 .net "WE", 0 0, o000001c0ff9bcbf8;  alias, 0 drivers
v000001c0ff9f4470_0 .net "WMASK_I", 15 0, L_000001c0ffa67500;  1 drivers
v000001c0ff9f2c10_0 .var/i "i", 31 0;
v000001c0ff9f34d0 .array "memory", 255 0, 15 0;
E_000001c0ff7c14c0 .event posedge, v000001c0ff9f3250_0;
E_000001c0ff7c0fc0 .event posedge, v000001c0ff9f2b70_0;
S_000001c0ff982aa0 .scope generate, "genblk1" "genblk1" 3 1534, 3 1534 0, S_000001c0ff982c30;
 .timescale -12 -12;
L_000001c0ffa67500 .functor BUFZ 16, o000001c0ff9bc988, C4<0000000000000000>, C4<0000000000000000>, C4<0000000000000000>;
S_000001c0ffa00ae0 .scope generate, "genblk2" "genblk2" 3 1555, 3 1555 0, S_000001c0ff982c30;
 .timescale -12 -12;
S_000001c0ffa012b0 .scope generate, "genblk3" "genblk3" 3 1576, 3 1576 0, S_000001c0ff982c30;
 .timescale -12 -12;
L_000001c0ffa67570 .functor BUFZ 16, o000001c0ff9bcb98, C4<0000000000000000>, C4<0000000000000000>, C4<0000000000000000>;
S_000001c0ffa00630 .scope generate, "genblk4" "genblk4" 3 1595, 3 1595 0, S_000001c0ff982c30;
 .timescale -12 -12;
L_000001c0ffa67960 .functor BUFZ 16, v000001c0ff9f4010_0, C4<0000000000000000>, C4<0000000000000000>, C4<0000000000000000>;
S_000001c0ff97c810 .scope module, "SB_RAM40_4KNRNW" "SB_RAM40_4KNRNW" 3 1998;
 .timescale -12 -12;
    .port_info 0 /OUTPUT 16 "RDATA";
    .port_info 1 /INPUT 1 "RCLKN";
    .port_info 2 /INPUT 1 "RCLKE";
    .port_info 3 /INPUT 1 "RE";
    .port_info 4 /INPUT 11 "RADDR";
    .port_info 5 /INPUT 1 "WCLKN";
    .port_info 6 /INPUT 1 "WCLKE";
    .port_info 7 /INPUT 1 "WE";
    .port_info 8 /INPUT 11 "WADDR";
    .port_info 9 /INPUT 16 "MASK";
    .port_info 10 /INPUT 16 "WDATA";
P_000001c0ff97e8e0 .param/l "INIT_0" 0 3 2014, C4<0000000000000000000000000000000000000000000000000000000000000000000000000000000000000000000000000000000000000000000000000000000000000000000000000000000000000000000000000000000000000000000000000000000000000000000000000000000000000000000000000000000000000000>;
P_000001c0ff97e918 .param/l "INIT_1" 0 3 2015, C4<0000000000000000000000000000000000000000000000000000000000000000000000000000000000000000000000000000000000000000000000000000000000000000000000000000000000000000000000000000000000000000000000000000000000000000000000000000000000000000000000000000000000000000>;
P_000001c0ff97e950 .param/l "INIT_2" 0 3 2016, C4<0000000000000000000000000000000000000000000000000000000000000000000000000000000000000000000000000000000000000000000000000000000000000000000000000000000000000000000000000000000000000000000000000000000000000000000000000000000000000000000000000000000000000000>;
P_000001c0ff97e988 .param/l "INIT_3" 0 3 2017, C4<0000000000000000000000000000000000000000000000000000000000000000000000000000000000000000000000000000000000000000000000000000000000000000000000000000000000000000000000000000000000000000000000000000000000000000000000000000000000000000000000000000000000000000>;
P_000001c0ff97e9c0 .param/l "INIT_4" 0 3 2018, C4<0000000000000000000000000000000000000000000000000000000000000000000000000000000000000000000000000000000000000000000000000000000000000000000000000000000000000000000000000000000000000000000000000000000000000000000000000000000000000000000000000000000000000000>;
P_000001c0ff97e9f8 .param/l "INIT_5" 0 3 2019, C4<0000000000000000000000000000000000000000000000000000000000000000000000000000000000000000000000000000000000000000000000000000000000000000000000000000000000000000000000000000000000000000000000000000000000000000000000000000000000000000000000000000000000000000>;
P_000001c0ff97ea30 .param/l "INIT_6" 0 3 2020, C4<0000000000000000000000000000000000000000000000000000000000000000000000000000000000000000000000000000000000000000000000000000000000000000000000000000000000000000000000000000000000000000000000000000000000000000000000000000000000000000000000000000000000000000>;
P_000001c0ff97ea68 .param/l "INIT_7" 0 3 2021, C4<0000000000000000000000000000000000000000000000000000000000000000000000000000000000000000000000000000000000000000000000000000000000000000000000000000000000000000000000000000000000000000000000000000000000000000000000000000000000000000000000000000000000000000>;
P_000001c0ff97eaa0 .param/l "INIT_8" 0 3 2022, C4<0000000000000000000000000000000000000000000000000000000000000000000000000000000000000000000000000000000000000000000000000000000000000000000000000000000000000000000000000000000000000000000000000000000000000000000000000000000000000000000000000000000000000000>;
P_000001c0ff97ead8 .param/l "INIT_9" 0 3 2023, C4<0000000000000000000000000000000000000000000000000000000000000000000000000000000000000000000000000000000000000000000000000000000000000000000000000000000000000000000000000000000000000000000000000000000000000000000000000000000000000000000000000000000000000000>;
P_000001c0ff97eb10 .param/l "INIT_A" 0 3 2024, C4<0000000000000000000000000000000000000000000000000000000000000000000000000000000000000000000000000000000000000000000000000000000000000000000000000000000000000000000000000000000000000000000000000000000000000000000000000000000000000000000000000000000000000000>;
P_000001c0ff97eb48 .param/l "INIT_B" 0 3 2025, C4<0000000000000000000000000000000000000000000000000000000000000000000000000000000000000000000000000000000000000000000000000000000000000000000000000000000000000000000000000000000000000000000000000000000000000000000000000000000000000000000000000000000000000000>;
P_000001c0ff97eb80 .param/l "INIT_C" 0 3 2026, C4<0000000000000000000000000000000000000000000000000000000000000000000000000000000000000000000000000000000000000000000000000000000000000000000000000000000000000000000000000000000000000000000000000000000000000000000000000000000000000000000000000000000000000000>;
P_000001c0ff97ebb8 .param/l "INIT_D" 0 3 2027, C4<0000000000000000000000000000000000000000000000000000000000000000000000000000000000000000000000000000000000000000000000000000000000000000000000000000000000000000000000000000000000000000000000000000000000000000000000000000000000000000000000000000000000000000>;
P_000001c0ff97ebf0 .param/l "INIT_E" 0 3 2028, C4<0000000000000000000000000000000000000000000000000000000000000000000000000000000000000000000000000000000000000000000000000000000000000000000000000000000000000000000000000000000000000000000000000000000000000000000000000000000000000000000000000000000000000000>;
P_000001c0ff97ec28 .param/l "INIT_F" 0 3 2029, C4<0000000000000000000000000000000000000000000000000000000000000000000000000000000000000000000000000000000000000000000000000000000000000000000000000000000000000000000000000000000000000000000000000000000000000000000000000000000000000000000000000000000000000000>;
P_000001c0ff97ec60 .param/str "INIT_FILE" 0 3 2031, "\000";
P_000001c0ff97ec98 .param/l "READ_MODE" 0 3 2012, +C4<00000000000000000000000000000000>;
P_000001c0ff97ecd0 .param/l "WRITE_MODE" 0 3 2011, +C4<00000000000000000000000000000000>;
o000001c0ff9bd5e8 .functor BUFZ 1, c4<z>; HiZ drive
L_000001c0ffa685a0 .functor NOT 1, o000001c0ff9bd5e8, C4<0>, C4<0>, C4<0>;
o000001c0ff9bd618 .functor BUFZ 1, c4<z>; HiZ drive
L_000001c0ffa684c0 .functor NOT 1, o000001c0ff9bd618, C4<0>, C4<0>, C4<0>;
o000001c0ff9bd0d8 .functor BUFZ 16, c4<zzzzzzzzzzzzzzzz>; HiZ drive
v000001c0ff9f48d0_0 .net "MASK", 15 0, o000001c0ff9bd0d8;  0 drivers
o000001c0ff9bd108 .functor BUFZ 11, c4<zzzzzzzzzzz>; HiZ drive
v000001c0ff9f4970_0 .net "RADDR", 10 0, o000001c0ff9bd108;  0 drivers
o000001c0ff9bd168 .functor BUFZ 1, c4<z>; HiZ drive
v000001c0ff9f2670_0 .net "RCLKE", 0 0, o000001c0ff9bd168;  0 drivers
v000001c0ff9f4a10_0 .net "RCLKN", 0 0, o000001c0ff9bd5e8;  0 drivers
v000001c0ff9f2df0_0 .net "RDATA", 15 0, L_000001c0ffa67650;  1 drivers
o000001c0ff9bd1f8 .functor BUFZ 1, c4<z>; HiZ drive
v000001c0ff9f3070_0 .net "RE", 0 0, o000001c0ff9bd1f8;  0 drivers
o000001c0ff9bd258 .functor BUFZ 11, c4<zzzzzzzzzzz>; HiZ drive
v000001c0ff9f2350_0 .net "WADDR", 10 0, o000001c0ff9bd258;  0 drivers
o000001c0ff9bd2b8 .functor BUFZ 1, c4<z>; HiZ drive
v000001c0ff9f3110_0 .net "WCLKE", 0 0, o000001c0ff9bd2b8;  0 drivers
v000001c0ff9f4d30_0 .net "WCLKN", 0 0, o000001c0ff9bd618;  0 drivers
o000001c0ff9bd2e8 .functor BUFZ 16, c4<zzzzzzzzzzzzzzzz>; HiZ drive
v000001c0ff9f4dd0_0 .net "WDATA", 15 0, o000001c0ff9bd2e8;  0 drivers
o000001c0ff9bd348 .functor BUFZ 1, c4<z>; HiZ drive
v000001c0ff9f4bf0_0 .net "WE", 0 0, o000001c0ff9bd348;  0 drivers
S_000001c0ffa01da0 .scope module, "RAM" "SB_RAM40_4K" 3 2053, 3 1487 0, S_000001c0ff97c810;
 .timescale -12 -12;
    .port_info 0 /OUTPUT 16 "RDATA";
    .port_info 1 /INPUT 1 "RCLK";
    .port_info 2 /INPUT 1 "RCLKE";
    .port_info 3 /INPUT 1 "RE";
    .port_info 4 /INPUT 11 "RADDR";
    .port_info 5 /INPUT 1 "WCLK";
    .port_info 6 /INPUT 1 "WCLKE";
    .port_info 7 /INPUT 1 "WE";
    .port_info 8 /INPUT 11 "WADDR";
    .port_info 9 /INPUT 16 "MASK";
    .port_info 10 /INPUT 16 "WDATA";
P_000001c0ffa022d0 .param/l "INIT_0" 0 3 1507, C4<0000000000000000000000000000000000000000000000000000000000000000000000000000000000000000000000000000000000000000000000000000000000000000000000000000000000000000000000000000000000000000000000000000000000000000000000000000000000000000000000000000000000000000>;
P_000001c0ffa02308 .param/l "INIT_1" 0 3 1508, C4<0000000000000000000000000000000000000000000000000000000000000000000000000000000000000000000000000000000000000000000000000000000000000000000000000000000000000000000000000000000000000000000000000000000000000000000000000000000000000000000000000000000000000000>;
P_000001c0ffa02340 .param/l "INIT_2" 0 3 1509, C4<0000000000000000000000000000000000000000000000000000000000000000000000000000000000000000000000000000000000000000000000000000000000000000000000000000000000000000000000000000000000000000000000000000000000000000000000000000000000000000000000000000000000000000>;
P_000001c0ffa02378 .param/l "INIT_3" 0 3 1510, C4<0000000000000000000000000000000000000000000000000000000000000000000000000000000000000000000000000000000000000000000000000000000000000000000000000000000000000000000000000000000000000000000000000000000000000000000000000000000000000000000000000000000000000000>;
P_000001c0ffa023b0 .param/l "INIT_4" 0 3 1511, C4<0000000000000000000000000000000000000000000000000000000000000000000000000000000000000000000000000000000000000000000000000000000000000000000000000000000000000000000000000000000000000000000000000000000000000000000000000000000000000000000000000000000000000000>;
P_000001c0ffa023e8 .param/l "INIT_5" 0 3 1512, C4<0000000000000000000000000000000000000000000000000000000000000000000000000000000000000000000000000000000000000000000000000000000000000000000000000000000000000000000000000000000000000000000000000000000000000000000000000000000000000000000000000000000000000000>;
P_000001c0ffa02420 .param/l "INIT_6" 0 3 1513, C4<0000000000000000000000000000000000000000000000000000000000000000000000000000000000000000000000000000000000000000000000000000000000000000000000000000000000000000000000000000000000000000000000000000000000000000000000000000000000000000000000000000000000000000>;
P_000001c0ffa02458 .param/l "INIT_7" 0 3 1514, C4<0000000000000000000000000000000000000000000000000000000000000000000000000000000000000000000000000000000000000000000000000000000000000000000000000000000000000000000000000000000000000000000000000000000000000000000000000000000000000000000000000000000000000000>;
P_000001c0ffa02490 .param/l "INIT_8" 0 3 1515, C4<0000000000000000000000000000000000000000000000000000000000000000000000000000000000000000000000000000000000000000000000000000000000000000000000000000000000000000000000000000000000000000000000000000000000000000000000000000000000000000000000000000000000000000>;
P_000001c0ffa024c8 .param/l "INIT_9" 0 3 1516, C4<0000000000000000000000000000000000000000000000000000000000000000000000000000000000000000000000000000000000000000000000000000000000000000000000000000000000000000000000000000000000000000000000000000000000000000000000000000000000000000000000000000000000000000>;
P_000001c0ffa02500 .param/l "INIT_A" 0 3 1517, C4<0000000000000000000000000000000000000000000000000000000000000000000000000000000000000000000000000000000000000000000000000000000000000000000000000000000000000000000000000000000000000000000000000000000000000000000000000000000000000000000000000000000000000000>;
P_000001c0ffa02538 .param/l "INIT_B" 0 3 1518, C4<0000000000000000000000000000000000000000000000000000000000000000000000000000000000000000000000000000000000000000000000000000000000000000000000000000000000000000000000000000000000000000000000000000000000000000000000000000000000000000000000000000000000000000>;
P_000001c0ffa02570 .param/l "INIT_C" 0 3 1519, C4<0000000000000000000000000000000000000000000000000000000000000000000000000000000000000000000000000000000000000000000000000000000000000000000000000000000000000000000000000000000000000000000000000000000000000000000000000000000000000000000000000000000000000000>;
P_000001c0ffa025a8 .param/l "INIT_D" 0 3 1520, C4<0000000000000000000000000000000000000000000000000000000000000000000000000000000000000000000000000000000000000000000000000000000000000000000000000000000000000000000000000000000000000000000000000000000000000000000000000000000000000000000000000000000000000000>;
P_000001c0ffa025e0 .param/l "INIT_E" 0 3 1521, C4<0000000000000000000000000000000000000000000000000000000000000000000000000000000000000000000000000000000000000000000000000000000000000000000000000000000000000000000000000000000000000000000000000000000000000000000000000000000000000000000000000000000000000000>;
P_000001c0ffa02618 .param/l "INIT_F" 0 3 1522, C4<0000000000000000000000000000000000000000000000000000000000000000000000000000000000000000000000000000000000000000000000000000000000000000000000000000000000000000000000000000000000000000000000000000000000000000000000000000000000000000000000000000000000000000>;
P_000001c0ffa02650 .param/str "INIT_FILE" 0 3 1524, "\000";
P_000001c0ffa02688 .param/l "READ_MODE" 0 3 1505, +C4<00000000000000000000000000000000>;
P_000001c0ffa026c0 .param/l "WRITE_MODE" 0 3 1504, +C4<00000000000000000000000000000000>;
v000001c0ff9f3430_0 .net "MASK", 15 0, o000001c0ff9bd0d8;  alias, 0 drivers
v000001c0ff9f41f0_0 .net "RADDR", 10 0, o000001c0ff9bd108;  alias, 0 drivers
v000001c0ff9f4290_0 .net "RCLK", 0 0, L_000001c0ffa685a0;  1 drivers
v000001c0ff9f3570_0 .net "RCLKE", 0 0, o000001c0ff9bd168;  alias, 0 drivers
v000001c0ff9f36b0_0 .net "RDATA", 15 0, L_000001c0ffa67650;  alias, 1 drivers
v000001c0ff9f25d0_0 .var "RDATA_I", 15 0;
v000001c0ff9f2530_0 .net "RE", 0 0, o000001c0ff9bd1f8;  alias, 0 drivers
L_000001c0ffa0f6a8 .functor BUFT 1, C4<0000000000000000>, C4<0>, C4<0>, C4<0>;
v000001c0ff9f3a70_0 .net "RMASK_I", 15 0, L_000001c0ffa0f6a8;  1 drivers
v000001c0ff9f3bb0_0 .net "WADDR", 10 0, o000001c0ff9bd258;  alias, 0 drivers
v000001c0ff9f40b0_0 .net "WCLK", 0 0, L_000001c0ffa684c0;  1 drivers
v000001c0ff9f2cb0_0 .net "WCLKE", 0 0, o000001c0ff9bd2b8;  alias, 0 drivers
v000001c0ff9f3cf0_0 .net "WDATA", 15 0, o000001c0ff9bd2e8;  alias, 0 drivers
v000001c0ff9f3d90_0 .net "WDATA_I", 15 0, L_000001c0ffa66cb0;  1 drivers
v000001c0ff9f2d50_0 .net "WE", 0 0, o000001c0ff9bd348;  alias, 0 drivers
v000001c0ff9f2fd0_0 .net "WMASK_I", 15 0, L_000001c0ffa675e0;  1 drivers
v000001c0ff9f4790_0 .var/i "i", 31 0;
v000001c0ff9f3e30 .array "memory", 255 0, 15 0;
E_000001c0ff7c1500 .event posedge, v000001c0ff9f4290_0;
E_000001c0ff7c1380 .event posedge, v000001c0ff9f40b0_0;
S_000001c0ffa01440 .scope generate, "genblk1" "genblk1" 3 1534, 3 1534 0, S_000001c0ffa01da0;
 .timescale -12 -12;
L_000001c0ffa675e0 .functor BUFZ 16, o000001c0ff9bd0d8, C4<0000000000000000>, C4<0000000000000000>, C4<0000000000000000>;
S_000001c0ffa015d0 .scope generate, "genblk2" "genblk2" 3 1555, 3 1555 0, S_000001c0ffa01da0;
 .timescale -12 -12;
S_000001c0ffa007c0 .scope generate, "genblk3" "genblk3" 3 1576, 3 1576 0, S_000001c0ffa01da0;
 .timescale -12 -12;
L_000001c0ffa66cb0 .functor BUFZ 16, o000001c0ff9bd2e8, C4<0000000000000000>, C4<0000000000000000>, C4<0000000000000000>;
S_000001c0ffa01760 .scope generate, "genblk4" "genblk4" 3 1595, 3 1595 0, S_000001c0ffa01da0;
 .timescale -12 -12;
L_000001c0ffa67650 .functor BUFZ 16, v000001c0ff9f25d0_0, C4<0000000000000000>, C4<0000000000000000>, C4<0000000000000000>;
S_000001c0ff97c9a0 .scope module, "SB_RAM40_4KNW" "SB_RAM40_4KNW" 3 1862;
 .timescale -12 -12;
    .port_info 0 /OUTPUT 16 "RDATA";
    .port_info 1 /INPUT 1 "RCLK";
    .port_info 2 /INPUT 1 "RCLKE";
    .port_info 3 /INPUT 1 "RE";
    .port_info 4 /INPUT 11 "RADDR";
    .port_info 5 /INPUT 1 "WCLKN";
    .port_info 6 /INPUT 1 "WCLKE";
    .port_info 7 /INPUT 1 "WE";
    .port_info 8 /INPUT 11 "WADDR";
    .port_info 9 /INPUT 16 "MASK";
    .port_info 10 /INPUT 16 "WDATA";
P_000001c0ff980d20 .param/l "INIT_0" 0 3 1878, C4<0000000000000000000000000000000000000000000000000000000000000000000000000000000000000000000000000000000000000000000000000000000000000000000000000000000000000000000000000000000000000000000000000000000000000000000000000000000000000000000000000000000000000000>;
P_000001c0ff980d58 .param/l "INIT_1" 0 3 1879, C4<0000000000000000000000000000000000000000000000000000000000000000000000000000000000000000000000000000000000000000000000000000000000000000000000000000000000000000000000000000000000000000000000000000000000000000000000000000000000000000000000000000000000000000>;
P_000001c0ff980d90 .param/l "INIT_2" 0 3 1880, C4<0000000000000000000000000000000000000000000000000000000000000000000000000000000000000000000000000000000000000000000000000000000000000000000000000000000000000000000000000000000000000000000000000000000000000000000000000000000000000000000000000000000000000000>;
P_000001c0ff980dc8 .param/l "INIT_3" 0 3 1881, C4<0000000000000000000000000000000000000000000000000000000000000000000000000000000000000000000000000000000000000000000000000000000000000000000000000000000000000000000000000000000000000000000000000000000000000000000000000000000000000000000000000000000000000000>;
P_000001c0ff980e00 .param/l "INIT_4" 0 3 1882, C4<0000000000000000000000000000000000000000000000000000000000000000000000000000000000000000000000000000000000000000000000000000000000000000000000000000000000000000000000000000000000000000000000000000000000000000000000000000000000000000000000000000000000000000>;
P_000001c0ff980e38 .param/l "INIT_5" 0 3 1883, C4<0000000000000000000000000000000000000000000000000000000000000000000000000000000000000000000000000000000000000000000000000000000000000000000000000000000000000000000000000000000000000000000000000000000000000000000000000000000000000000000000000000000000000000>;
P_000001c0ff980e70 .param/l "INIT_6" 0 3 1884, C4<0000000000000000000000000000000000000000000000000000000000000000000000000000000000000000000000000000000000000000000000000000000000000000000000000000000000000000000000000000000000000000000000000000000000000000000000000000000000000000000000000000000000000000>;
P_000001c0ff980ea8 .param/l "INIT_7" 0 3 1885, C4<0000000000000000000000000000000000000000000000000000000000000000000000000000000000000000000000000000000000000000000000000000000000000000000000000000000000000000000000000000000000000000000000000000000000000000000000000000000000000000000000000000000000000000>;
P_000001c0ff980ee0 .param/l "INIT_8" 0 3 1886, C4<0000000000000000000000000000000000000000000000000000000000000000000000000000000000000000000000000000000000000000000000000000000000000000000000000000000000000000000000000000000000000000000000000000000000000000000000000000000000000000000000000000000000000000>;
P_000001c0ff980f18 .param/l "INIT_9" 0 3 1887, C4<0000000000000000000000000000000000000000000000000000000000000000000000000000000000000000000000000000000000000000000000000000000000000000000000000000000000000000000000000000000000000000000000000000000000000000000000000000000000000000000000000000000000000000>;
P_000001c0ff980f50 .param/l "INIT_A" 0 3 1888, C4<0000000000000000000000000000000000000000000000000000000000000000000000000000000000000000000000000000000000000000000000000000000000000000000000000000000000000000000000000000000000000000000000000000000000000000000000000000000000000000000000000000000000000000>;
P_000001c0ff980f88 .param/l "INIT_B" 0 3 1889, C4<0000000000000000000000000000000000000000000000000000000000000000000000000000000000000000000000000000000000000000000000000000000000000000000000000000000000000000000000000000000000000000000000000000000000000000000000000000000000000000000000000000000000000000>;
P_000001c0ff980fc0 .param/l "INIT_C" 0 3 1890, C4<0000000000000000000000000000000000000000000000000000000000000000000000000000000000000000000000000000000000000000000000000000000000000000000000000000000000000000000000000000000000000000000000000000000000000000000000000000000000000000000000000000000000000000>;
P_000001c0ff980ff8 .param/l "INIT_D" 0 3 1891, C4<0000000000000000000000000000000000000000000000000000000000000000000000000000000000000000000000000000000000000000000000000000000000000000000000000000000000000000000000000000000000000000000000000000000000000000000000000000000000000000000000000000000000000000>;
P_000001c0ff981030 .param/l "INIT_E" 0 3 1892, C4<0000000000000000000000000000000000000000000000000000000000000000000000000000000000000000000000000000000000000000000000000000000000000000000000000000000000000000000000000000000000000000000000000000000000000000000000000000000000000000000000000000000000000000>;
P_000001c0ff981068 .param/l "INIT_F" 0 3 1893, C4<0000000000000000000000000000000000000000000000000000000000000000000000000000000000000000000000000000000000000000000000000000000000000000000000000000000000000000000000000000000000000000000000000000000000000000000000000000000000000000000000000000000000000000>;
P_000001c0ff9810a0 .param/str "INIT_FILE" 0 3 1895, "\000";
P_000001c0ff9810d8 .param/l "READ_MODE" 0 3 1876, +C4<00000000000000000000000000000000>;
P_000001c0ff981110 .param/l "WRITE_MODE" 0 3 1875, +C4<00000000000000000000000000000000>;
o000001c0ff9bdd68 .functor BUFZ 1, c4<z>; HiZ drive
L_000001c0ffa67ce0 .functor NOT 1, o000001c0ff9bdd68, C4<0>, C4<0>, C4<0>;
o000001c0ff9bd858 .functor BUFZ 16, c4<zzzzzzzzzzzzzzzz>; HiZ drive
v000001c0ffa0e1d0_0 .net "MASK", 15 0, o000001c0ff9bd858;  0 drivers
o000001c0ff9bd888 .functor BUFZ 11, c4<zzzzzzzzzzz>; HiZ drive
v000001c0ffa0dc30_0 .net "RADDR", 10 0, o000001c0ff9bd888;  0 drivers
o000001c0ff9bd8b8 .functor BUFZ 1, c4<z>; HiZ drive
v000001c0ffa0c1f0_0 .net "RCLK", 0 0, o000001c0ff9bd8b8;  0 drivers
o000001c0ff9bd8e8 .functor BUFZ 1, c4<z>; HiZ drive
v000001c0ffa0deb0_0 .net "RCLKE", 0 0, o000001c0ff9bd8e8;  0 drivers
v000001c0ffa0c650_0 .net "RDATA", 15 0, L_000001c0ffa68060;  1 drivers
o000001c0ff9bd978 .functor BUFZ 1, c4<z>; HiZ drive
v000001c0ffa0c3d0_0 .net "RE", 0 0, o000001c0ff9bd978;  0 drivers
o000001c0ff9bd9d8 .functor BUFZ 11, c4<zzzzzzzzzzz>; HiZ drive
v000001c0ffa0c510_0 .net "WADDR", 10 0, o000001c0ff9bd9d8;  0 drivers
o000001c0ff9bda38 .functor BUFZ 1, c4<z>; HiZ drive
v000001c0ffa0d730_0 .net "WCLKE", 0 0, o000001c0ff9bda38;  0 drivers
v000001c0ffa0c5b0_0 .net "WCLKN", 0 0, o000001c0ff9bdd68;  0 drivers
o000001c0ff9bda68 .functor BUFZ 16, c4<zzzzzzzzzzzzzzzz>; HiZ drive
v000001c0ffa0cc90_0 .net "WDATA", 15 0, o000001c0ff9bda68;  0 drivers
o000001c0ff9bdac8 .functor BUFZ 1, c4<z>; HiZ drive
v000001c0ffa0c830_0 .net "WE", 0 0, o000001c0ff9bdac8;  0 drivers
S_000001c0ffa00e00 .scope module, "RAM" "SB_RAM40_4K" 3 1917, 3 1487 0, S_000001c0ff97c9a0;
 .timescale -12 -12;
    .port_info 0 /OUTPUT 16 "RDATA";
    .port_info 1 /INPUT 1 "RCLK";
    .port_info 2 /INPUT 1 "RCLKE";
    .port_info 3 /INPUT 1 "RE";
    .port_info 4 /INPUT 11 "RADDR";
    .port_info 5 /INPUT 1 "WCLK";
    .port_info 6 /INPUT 1 "WCLKE";
    .port_info 7 /INPUT 1 "WE";
    .port_info 8 /INPUT 11 "WADDR";
    .port_info 9 /INPUT 16 "MASK";
    .port_info 10 /INPUT 16 "WDATA";
P_000001c0ffa04710 .param/l "INIT_0" 0 3 1507, C4<0000000000000000000000000000000000000000000000000000000000000000000000000000000000000000000000000000000000000000000000000000000000000000000000000000000000000000000000000000000000000000000000000000000000000000000000000000000000000000000000000000000000000000>;
P_000001c0ffa04748 .param/l "INIT_1" 0 3 1508, C4<0000000000000000000000000000000000000000000000000000000000000000000000000000000000000000000000000000000000000000000000000000000000000000000000000000000000000000000000000000000000000000000000000000000000000000000000000000000000000000000000000000000000000000>;
P_000001c0ffa04780 .param/l "INIT_2" 0 3 1509, C4<0000000000000000000000000000000000000000000000000000000000000000000000000000000000000000000000000000000000000000000000000000000000000000000000000000000000000000000000000000000000000000000000000000000000000000000000000000000000000000000000000000000000000000>;
P_000001c0ffa047b8 .param/l "INIT_3" 0 3 1510, C4<0000000000000000000000000000000000000000000000000000000000000000000000000000000000000000000000000000000000000000000000000000000000000000000000000000000000000000000000000000000000000000000000000000000000000000000000000000000000000000000000000000000000000000>;
P_000001c0ffa047f0 .param/l "INIT_4" 0 3 1511, C4<0000000000000000000000000000000000000000000000000000000000000000000000000000000000000000000000000000000000000000000000000000000000000000000000000000000000000000000000000000000000000000000000000000000000000000000000000000000000000000000000000000000000000000>;
P_000001c0ffa04828 .param/l "INIT_5" 0 3 1512, C4<0000000000000000000000000000000000000000000000000000000000000000000000000000000000000000000000000000000000000000000000000000000000000000000000000000000000000000000000000000000000000000000000000000000000000000000000000000000000000000000000000000000000000000>;
P_000001c0ffa04860 .param/l "INIT_6" 0 3 1513, C4<0000000000000000000000000000000000000000000000000000000000000000000000000000000000000000000000000000000000000000000000000000000000000000000000000000000000000000000000000000000000000000000000000000000000000000000000000000000000000000000000000000000000000000>;
P_000001c0ffa04898 .param/l "INIT_7" 0 3 1514, C4<0000000000000000000000000000000000000000000000000000000000000000000000000000000000000000000000000000000000000000000000000000000000000000000000000000000000000000000000000000000000000000000000000000000000000000000000000000000000000000000000000000000000000000>;
P_000001c0ffa048d0 .param/l "INIT_8" 0 3 1515, C4<0000000000000000000000000000000000000000000000000000000000000000000000000000000000000000000000000000000000000000000000000000000000000000000000000000000000000000000000000000000000000000000000000000000000000000000000000000000000000000000000000000000000000000>;
P_000001c0ffa04908 .param/l "INIT_9" 0 3 1516, C4<0000000000000000000000000000000000000000000000000000000000000000000000000000000000000000000000000000000000000000000000000000000000000000000000000000000000000000000000000000000000000000000000000000000000000000000000000000000000000000000000000000000000000000>;
P_000001c0ffa04940 .param/l "INIT_A" 0 3 1517, C4<0000000000000000000000000000000000000000000000000000000000000000000000000000000000000000000000000000000000000000000000000000000000000000000000000000000000000000000000000000000000000000000000000000000000000000000000000000000000000000000000000000000000000000>;
P_000001c0ffa04978 .param/l "INIT_B" 0 3 1518, C4<0000000000000000000000000000000000000000000000000000000000000000000000000000000000000000000000000000000000000000000000000000000000000000000000000000000000000000000000000000000000000000000000000000000000000000000000000000000000000000000000000000000000000000>;
P_000001c0ffa049b0 .param/l "INIT_C" 0 3 1519, C4<0000000000000000000000000000000000000000000000000000000000000000000000000000000000000000000000000000000000000000000000000000000000000000000000000000000000000000000000000000000000000000000000000000000000000000000000000000000000000000000000000000000000000000>;
P_000001c0ffa049e8 .param/l "INIT_D" 0 3 1520, C4<0000000000000000000000000000000000000000000000000000000000000000000000000000000000000000000000000000000000000000000000000000000000000000000000000000000000000000000000000000000000000000000000000000000000000000000000000000000000000000000000000000000000000000>;
P_000001c0ffa04a20 .param/l "INIT_E" 0 3 1521, C4<0000000000000000000000000000000000000000000000000000000000000000000000000000000000000000000000000000000000000000000000000000000000000000000000000000000000000000000000000000000000000000000000000000000000000000000000000000000000000000000000000000000000000000>;
P_000001c0ffa04a58 .param/l "INIT_F" 0 3 1522, C4<0000000000000000000000000000000000000000000000000000000000000000000000000000000000000000000000000000000000000000000000000000000000000000000000000000000000000000000000000000000000000000000000000000000000000000000000000000000000000000000000000000000000000000>;
P_000001c0ffa04a90 .param/str "INIT_FILE" 0 3 1524, "\000";
P_000001c0ffa04ac8 .param/l "READ_MODE" 0 3 1505, +C4<00000000000000000000000000000000>;
P_000001c0ffa04b00 .param/l "WRITE_MODE" 0 3 1504, +C4<00000000000000000000000000000000>;
v000001c0ff9f5190_0 .net "MASK", 15 0, o000001c0ff9bd858;  alias, 0 drivers
v000001c0ff9f4fb0_0 .net "RADDR", 10 0, o000001c0ff9bd888;  alias, 0 drivers
v000001c0ff9f4ab0_0 .net "RCLK", 0 0, o000001c0ff9bd8b8;  alias, 0 drivers
v000001c0ff9f4f10_0 .net "RCLKE", 0 0, o000001c0ff9bd8e8;  alias, 0 drivers
v000001c0ff9f4b50_0 .net "RDATA", 15 0, L_000001c0ffa68060;  alias, 1 drivers
v000001c0ff9f4c90_0 .var "RDATA_I", 15 0;
v000001c0ff9f4e70_0 .net "RE", 0 0, o000001c0ff9bd978;  alias, 0 drivers
L_000001c0ffa0f6f0 .functor BUFT 1, C4<0000000000000000>, C4<0>, C4<0>, C4<0>;
v000001c0ff9f5050_0 .net "RMASK_I", 15 0, L_000001c0ffa0f6f0;  1 drivers
v000001c0ff9f50f0_0 .net "WADDR", 10 0, o000001c0ff9bd9d8;  alias, 0 drivers
v000001c0ffa0d870_0 .net "WCLK", 0 0, L_000001c0ffa67ce0;  1 drivers
v000001c0ffa0cdd0_0 .net "WCLKE", 0 0, o000001c0ff9bda38;  alias, 0 drivers
v000001c0ffa0c010_0 .net "WDATA", 15 0, o000001c0ff9bda68;  alias, 0 drivers
v000001c0ffa0daf0_0 .net "WDATA_I", 15 0, L_000001c0ffa68610;  1 drivers
v000001c0ffa0ce70_0 .net "WE", 0 0, o000001c0ff9bdac8;  alias, 0 drivers
v000001c0ffa0c0b0_0 .net "WMASK_I", 15 0, L_000001c0ffa67c00;  1 drivers
v000001c0ffa0d7d0_0 .var/i "i", 31 0;
v000001c0ffa0bed0 .array "memory", 255 0, 15 0;
E_000001c0ff7c11c0 .event posedge, v000001c0ff9f4ab0_0;
E_000001c0ff7c1200 .event posedge, v000001c0ffa0d870_0;
S_000001c0ffa00950 .scope generate, "genblk1" "genblk1" 3 1534, 3 1534 0, S_000001c0ffa00e00;
 .timescale -12 -12;
L_000001c0ffa67c00 .functor BUFZ 16, o000001c0ff9bd858, C4<0000000000000000>, C4<0000000000000000>, C4<0000000000000000>;
S_000001c0ffa01c10 .scope generate, "genblk2" "genblk2" 3 1555, 3 1555 0, S_000001c0ffa00e00;
 .timescale -12 -12;
S_000001c0ffa01120 .scope generate, "genblk3" "genblk3" 3 1576, 3 1576 0, S_000001c0ffa00e00;
 .timescale -12 -12;
L_000001c0ffa68610 .functor BUFZ 16, o000001c0ff9bda68, C4<0000000000000000>, C4<0000000000000000>, C4<0000000000000000>;
S_000001c0ffa018f0 .scope generate, "genblk4" "genblk4" 3 1595, 3 1595 0, S_000001c0ffa00e00;
 .timescale -12 -12;
L_000001c0ffa68060 .functor BUFZ 16, v000001c0ff9f4c90_0, C4<0000000000000000>, C4<0000000000000000>, C4<0000000000000000>;
S_000001c0ff982f50 .scope module, "SB_RGBA_DRV" "SB_RGBA_DRV" 3 2692;
 .timescale -12 -12;
    .port_info 0 /INPUT 1 "CURREN";
    .port_info 1 /INPUT 1 "RGBLEDEN";
    .port_info 2 /INPUT 1 "RGB0PWM";
    .port_info 3 /INPUT 1 "RGB1PWM";
    .port_info 4 /INPUT 1 "RGB2PWM";
    .port_info 5 /OUTPUT 1 "RGB0";
    .port_info 6 /OUTPUT 1 "RGB1";
    .port_info 7 /OUTPUT 1 "RGB2";
P_000001c0ff70f8a0 .param/str "CURRENT_MODE" 0 3 2702, "0b0";
P_000001c0ff70f8d8 .param/str "RGB0_CURRENT" 0 3 2703, "0b000000";
P_000001c0ff70f910 .param/str "RGB1_CURRENT" 0 3 2704, "0b000000";
P_000001c0ff70f948 .param/str "RGB2_CURRENT" 0 3 2705, "0b000000";
o000001c0ff9bdfa8 .functor BUFZ 1, c4<z>; HiZ drive
v000001c0ffa0c6f0_0 .net "CURREN", 0 0, o000001c0ff9bdfa8;  0 drivers
o000001c0ff9bdfd8 .functor BUFZ 1, c4<z>; HiZ drive
v000001c0ffa0c150_0 .net "RGB0", 0 0, o000001c0ff9bdfd8;  0 drivers
o000001c0ff9be008 .functor BUFZ 1, c4<z>; HiZ drive
v000001c0ffa0c470_0 .net "RGB0PWM", 0 0, o000001c0ff9be008;  0 drivers
o000001c0ff9be038 .functor BUFZ 1, c4<z>; HiZ drive
v000001c0ffa0d910_0 .net "RGB1", 0 0, o000001c0ff9be038;  0 drivers
o000001c0ff9be068 .functor BUFZ 1, c4<z>; HiZ drive
v000001c0ffa0dff0_0 .net "RGB1PWM", 0 0, o000001c0ff9be068;  0 drivers
o000001c0ff9be098 .functor BUFZ 1, c4<z>; HiZ drive
v000001c0ffa0e270_0 .net "RGB2", 0 0, o000001c0ff9be098;  0 drivers
o000001c0ff9be0c8 .functor BUFZ 1, c4<z>; HiZ drive
v000001c0ffa0ca10_0 .net "RGB2PWM", 0 0, o000001c0ff9be0c8;  0 drivers
o000001c0ff9be0f8 .functor BUFZ 1, c4<z>; HiZ drive
v000001c0ffa0d9b0_0 .net "RGBLEDEN", 0 0, o000001c0ff9be0f8;  0 drivers
S_000001c0ff981c90 .scope module, "SB_RGB_DRV" "SB_RGB_DRV" 3 2716;
 .timescale -12 -12;
    .port_info 0 /INPUT 1 "RGBLEDEN";
    .port_info 1 /INPUT 1 "RGB0PWM";
    .port_info 2 /INPUT 1 "RGB1PWM";
    .port_info 3 /INPUT 1 "RGB2PWM";
    .port_info 4 /INPUT 1 "RGBPU";
    .port_info 5 /OUTPUT 1 "RGB0";
    .port_info 6 /OUTPUT 1 "RGB1";
    .port_info 7 /OUTPUT 1 "RGB2";
P_000001c0ff6c6aa0 .param/str "CURRENT_MODE" 0 3 2726, "0b0";
P_000001c0ff6c6ad8 .param/str "RGB0_CURRENT" 0 3 2727, "0b000000";
P_000001c0ff6c6b10 .param/str "RGB1_CURRENT" 0 3 2728, "0b000000";
P_000001c0ff6c6b48 .param/str "RGB2_CURRENT" 0 3 2729, "0b000000";
o000001c0ff9be2a8 .functor BUFZ 1, c4<z>; HiZ drive
v000001c0ffa0cab0_0 .net "RGB0", 0 0, o000001c0ff9be2a8;  0 drivers
o000001c0ff9be2d8 .functor BUFZ 1, c4<z>; HiZ drive
v000001c0ffa0da50_0 .net "RGB0PWM", 0 0, o000001c0ff9be2d8;  0 drivers
o000001c0ff9be308 .functor BUFZ 1, c4<z>; HiZ drive
v000001c0ffa0db90_0 .net "RGB1", 0 0, o000001c0ff9be308;  0 drivers
o000001c0ff9be338 .functor BUFZ 1, c4<z>; HiZ drive
v000001c0ffa0d410_0 .net "RGB1PWM", 0 0, o000001c0ff9be338;  0 drivers
o000001c0ff9be368 .functor BUFZ 1, c4<z>; HiZ drive
v000001c0ffa0e090_0 .net "RGB2", 0 0, o000001c0ff9be368;  0 drivers
o000001c0ff9be398 .functor BUFZ 1, c4<z>; HiZ drive
v000001c0ffa0be30_0 .net "RGB2PWM", 0 0, o000001c0ff9be398;  0 drivers
o000001c0ff9be3c8 .functor BUFZ 1, c4<z>; HiZ drive
v000001c0ffa0c8d0_0 .net "RGBLEDEN", 0 0, o000001c0ff9be3c8;  0 drivers
o000001c0ff9be3f8 .functor BUFZ 1, c4<z>; HiZ drive
v000001c0ffa0cbf0_0 .net "RGBPU", 0 0, o000001c0ff9be3f8;  0 drivers
S_000001c0ff9811a0 .scope module, "SB_SPI" "SB_SPI" 3 2776;
 .timescale -12 -12;
    .port_info 0 /INPUT 1 "SBCLKI";
    .port_info 1 /INPUT 1 "SBRWI";
    .port_info 2 /INPUT 1 "SBSTBI";
    .port_info 3 /INPUT 1 "SBADRI7";
    .port_info 4 /INPUT 1 "SBADRI6";
    .port_info 5 /INPUT 1 "SBADRI5";
    .port_info 6 /INPUT 1 "SBADRI4";
    .port_info 7 /INPUT 1 "SBADRI3";
    .port_info 8 /INPUT 1 "SBADRI2";
    .port_info 9 /INPUT 1 "SBADRI1";
    .port_info 10 /INPUT 1 "SBADRI0";
    .port_info 11 /INPUT 1 "SBDATI7";
    .port_info 12 /INPUT 1 "SBDATI6";
    .port_info 13 /INPUT 1 "SBDATI5";
    .port_info 14 /INPUT 1 "SBDATI4";
    .port_info 15 /INPUT 1 "SBDATI3";
    .port_info 16 /INPUT 1 "SBDATI2";
    .port_info 17 /INPUT 1 "SBDATI1";
    .port_info 18 /INPUT 1 "SBDATI0";
    .port_info 19 /INPUT 1 "MI";
    .port_info 20 /INPUT 1 "SI";
    .port_info 21 /INPUT 1 "SCKI";
    .port_info 22 /INPUT 1 "SCSNI";
    .port_info 23 /OUTPUT 1 "SBDATO7";
    .port_info 24 /OUTPUT 1 "SBDATO6";
    .port_info 25 /OUTPUT 1 "SBDATO5";
    .port_info 26 /OUTPUT 1 "SBDATO4";
    .port_info 27 /OUTPUT 1 "SBDATO3";
    .port_info 28 /OUTPUT 1 "SBDATO2";
    .port_info 29 /OUTPUT 1 "SBDATO1";
    .port_info 30 /OUTPUT 1 "SBDATO0";
    .port_info 31 /OUTPUT 1 "SBACKO";
    .port_info 32 /OUTPUT 1 "SPIIRQ";
    .port_info 33 /OUTPUT 1 "SPIWKUP";
    .port_info 34 /OUTPUT 1 "SO";
    .port_info 35 /OUTPUT 1 "SOE";
    .port_info 36 /OUTPUT 1 "MO";
    .port_info 37 /OUTPUT 1 "MOE";
    .port_info 38 /OUTPUT 1 "SCKO";
    .port_info 39 /OUTPUT 1 "SCKOE";
    .port_info 40 /OUTPUT 1 "MCSNO3";
    .port_info 41 /OUTPUT 1 "MCSNO2";
    .port_info 42 /OUTPUT 1 "MCSNO1";
    .port_info 43 /OUTPUT 1 "MCSNO0";
    .port_info 44 /OUTPUT 1 "MCSNOE3";
    .port_info 45 /OUTPUT 1 "MCSNOE2";
    .port_info 46 /OUTPUT 1 "MCSNOE1";
    .port_info 47 /OUTPUT 1 "MCSNOE0";
P_000001c0ff7c0c00 .param/str "BUS_ADDR74" 0 3 2826, "0b0000";
o000001c0ff9be5a8 .functor BUFZ 1, c4<z>; HiZ drive
v000001c0ffa0dcd0_0 .net "MCSNO0", 0 0, o000001c0ff9be5a8;  0 drivers
o000001c0ff9be5d8 .functor BUFZ 1, c4<z>; HiZ drive
v000001c0ffa0dd70_0 .net "MCSNO1", 0 0, o000001c0ff9be5d8;  0 drivers
o000001c0ff9be608 .functor BUFZ 1, c4<z>; HiZ drive
v000001c0ffa0c790_0 .net "MCSNO2", 0 0, o000001c0ff9be608;  0 drivers
o000001c0ff9be638 .functor BUFZ 1, c4<z>; HiZ drive
v000001c0ffa0de10_0 .net "MCSNO3", 0 0, o000001c0ff9be638;  0 drivers
o000001c0ff9be668 .functor BUFZ 1, c4<z>; HiZ drive
v000001c0ffa0bc50_0 .net "MCSNOE0", 0 0, o000001c0ff9be668;  0 drivers
o000001c0ff9be698 .functor BUFZ 1, c4<z>; HiZ drive
v000001c0ffa0df50_0 .net "MCSNOE1", 0 0, o000001c0ff9be698;  0 drivers
o000001c0ff9be6c8 .functor BUFZ 1, c4<z>; HiZ drive
v000001c0ffa0e130_0 .net "MCSNOE2", 0 0, o000001c0ff9be6c8;  0 drivers
o000001c0ff9be6f8 .functor BUFZ 1, c4<z>; HiZ drive
v000001c0ffa0d4b0_0 .net "MCSNOE3", 0 0, o000001c0ff9be6f8;  0 drivers
o000001c0ff9be728 .functor BUFZ 1, c4<z>; HiZ drive
v000001c0ffa0cd30_0 .net "MI", 0 0, o000001c0ff9be728;  0 drivers
o000001c0ff9be758 .functor BUFZ 1, c4<z>; HiZ drive
v000001c0ffa0c970_0 .net "MO", 0 0, o000001c0ff9be758;  0 drivers
o000001c0ff9be788 .functor BUFZ 1, c4<z>; HiZ drive
v000001c0ffa0e310_0 .net "MOE", 0 0, o000001c0ff9be788;  0 drivers
o000001c0ff9be7b8 .functor BUFZ 1, c4<z>; HiZ drive
v000001c0ffa0d5f0_0 .net "SBACKO", 0 0, o000001c0ff9be7b8;  0 drivers
o000001c0ff9be7e8 .functor BUFZ 1, c4<z>; HiZ drive
v000001c0ffa0d0f0_0 .net "SBADRI0", 0 0, o000001c0ff9be7e8;  0 drivers
o000001c0ff9be818 .functor BUFZ 1, c4<z>; HiZ drive
v000001c0ffa0d370_0 .net "SBADRI1", 0 0, o000001c0ff9be818;  0 drivers
o000001c0ff9be848 .functor BUFZ 1, c4<z>; HiZ drive
v000001c0ffa0cfb0_0 .net "SBADRI2", 0 0, o000001c0ff9be848;  0 drivers
o000001c0ff9be878 .functor BUFZ 1, c4<z>; HiZ drive
v000001c0ffa0d050_0 .net "SBADRI3", 0 0, o000001c0ff9be878;  0 drivers
o000001c0ff9be8a8 .functor BUFZ 1, c4<z>; HiZ drive
v000001c0ffa0cb50_0 .net "SBADRI4", 0 0, o000001c0ff9be8a8;  0 drivers
o000001c0ff9be8d8 .functor BUFZ 1, c4<z>; HiZ drive
v000001c0ffa0c290_0 .net "SBADRI5", 0 0, o000001c0ff9be8d8;  0 drivers
o000001c0ff9be908 .functor BUFZ 1, c4<z>; HiZ drive
v000001c0ffa0cf10_0 .net "SBADRI6", 0 0, o000001c0ff9be908;  0 drivers
o000001c0ff9be938 .functor BUFZ 1, c4<z>; HiZ drive
v000001c0ffa0d690_0 .net "SBADRI7", 0 0, o000001c0ff9be938;  0 drivers
o000001c0ff9be968 .functor BUFZ 1, c4<z>; HiZ drive
v000001c0ffa0c330_0 .net "SBCLKI", 0 0, o000001c0ff9be968;  0 drivers
o000001c0ff9be998 .functor BUFZ 1, c4<z>; HiZ drive
v000001c0ffa0d190_0 .net "SBDATI0", 0 0, o000001c0ff9be998;  0 drivers
o000001c0ff9be9c8 .functor BUFZ 1, c4<z>; HiZ drive
v000001c0ffa0d230_0 .net "SBDATI1", 0 0, o000001c0ff9be9c8;  0 drivers
o000001c0ff9be9f8 .functor BUFZ 1, c4<z>; HiZ drive
v000001c0ffa0d2d0_0 .net "SBDATI2", 0 0, o000001c0ff9be9f8;  0 drivers
o000001c0ff9bea28 .functor BUFZ 1, c4<z>; HiZ drive
v000001c0ffa0bf70_0 .net "SBDATI3", 0 0, o000001c0ff9bea28;  0 drivers
o000001c0ff9bea58 .functor BUFZ 1, c4<z>; HiZ drive
v000001c0ffa0bbb0_0 .net "SBDATI4", 0 0, o000001c0ff9bea58;  0 drivers
o000001c0ff9bea88 .functor BUFZ 1, c4<z>; HiZ drive
v000001c0ffa0d550_0 .net "SBDATI5", 0 0, o000001c0ff9bea88;  0 drivers
o000001c0ff9beab8 .functor BUFZ 1, c4<z>; HiZ drive
v000001c0ffa0bcf0_0 .net "SBDATI6", 0 0, o000001c0ff9beab8;  0 drivers
o000001c0ff9beae8 .functor BUFZ 1, c4<z>; HiZ drive
v000001c0ffa0bd90_0 .net "SBDATI7", 0 0, o000001c0ff9beae8;  0 drivers
o000001c0ff9beb18 .functor BUFZ 1, c4<z>; HiZ drive
v000001c0ffa0e590_0 .net "SBDATO0", 0 0, o000001c0ff9beb18;  0 drivers
o000001c0ff9beb48 .functor BUFZ 1, c4<z>; HiZ drive
v000001c0ffa0e450_0 .net "SBDATO1", 0 0, o000001c0ff9beb48;  0 drivers
o000001c0ff9beb78 .functor BUFZ 1, c4<z>; HiZ drive
v000001c0ffa0e8b0_0 .net "SBDATO2", 0 0, o000001c0ff9beb78;  0 drivers
o000001c0ff9beba8 .functor BUFZ 1, c4<z>; HiZ drive
v000001c0ffa0e4f0_0 .net "SBDATO3", 0 0, o000001c0ff9beba8;  0 drivers
o000001c0ff9bebd8 .functor BUFZ 1, c4<z>; HiZ drive
v000001c0ffa0e950_0 .net "SBDATO4", 0 0, o000001c0ff9bebd8;  0 drivers
o000001c0ff9bec08 .functor BUFZ 1, c4<z>; HiZ drive
v000001c0ffa0e6d0_0 .net "SBDATO5", 0 0, o000001c0ff9bec08;  0 drivers
o000001c0ff9bec38 .functor BUFZ 1, c4<z>; HiZ drive
v000001c0ffa0e630_0 .net "SBDATO6", 0 0, o000001c0ff9bec38;  0 drivers
o000001c0ff9bec68 .functor BUFZ 1, c4<z>; HiZ drive
v000001c0ffa0e9f0_0 .net "SBDATO7", 0 0, o000001c0ff9bec68;  0 drivers
o000001c0ff9bec98 .functor BUFZ 1, c4<z>; HiZ drive
v000001c0ffa0e770_0 .net "SBRWI", 0 0, o000001c0ff9bec98;  0 drivers
o000001c0ff9becc8 .functor BUFZ 1, c4<z>; HiZ drive
v000001c0ffa0e810_0 .net "SBSTBI", 0 0, o000001c0ff9becc8;  0 drivers
o000001c0ff9becf8 .functor BUFZ 1, c4<z>; HiZ drive
v000001c0ffa0ea90_0 .net "SCKI", 0 0, o000001c0ff9becf8;  0 drivers
o000001c0ff9bed28 .functor BUFZ 1, c4<z>; HiZ drive
v000001c0ffa0e3b0_0 .net "SCKO", 0 0, o000001c0ff9bed28;  0 drivers
o000001c0ff9bed58 .functor BUFZ 1, c4<z>; HiZ drive
v000001c0ffa07650_0 .net "SCKOE", 0 0, o000001c0ff9bed58;  0 drivers
o000001c0ff9bed88 .functor BUFZ 1, c4<z>; HiZ drive
v000001c0ffa07ab0_0 .net "SCSNI", 0 0, o000001c0ff9bed88;  0 drivers
o000001c0ff9bedb8 .functor BUFZ 1, c4<z>; HiZ drive
v000001c0ffa06cf0_0 .net "SI", 0 0, o000001c0ff9bedb8;  0 drivers
o000001c0ff9bede8 .functor BUFZ 1, c4<z>; HiZ drive
v000001c0ffa07dd0_0 .net "SO", 0 0, o000001c0ff9bede8;  0 drivers
o000001c0ff9bee18 .functor BUFZ 1, c4<z>; HiZ drive
v000001c0ffa09310_0 .net "SOE", 0 0, o000001c0ff9bee18;  0 drivers
o000001c0ff9bee48 .functor BUFZ 1, c4<z>; HiZ drive
v000001c0ffa08050_0 .net "SPIIRQ", 0 0, o000001c0ff9bee48;  0 drivers
o000001c0ff9bee78 .functor BUFZ 1, c4<z>; HiZ drive
v000001c0ffa076f0_0 .net "SPIWKUP", 0 0, o000001c0ff9bee78;  0 drivers
S_000001c0ff981970 .scope module, "SB_SPRAM256KA" "SB_SPRAM256KA" 3 2600;
 .timescale -12 -12;
    .port_info 0 /INPUT 14 "ADDRESS";
    .port_info 1 /INPUT 16 "DATAIN";
    .port_info 2 /INPUT 4 "MASKWREN";
    .port_info 3 /INPUT 1 "WREN";
    .port_info 4 /INPUT 1 "CHIPSELECT";
    .port_info 5 /INPUT 1 "CLOCK";
    .port_info 6 /INPUT 1 "STANDBY";
    .port_info 7 /INPUT 1 "SLEEP";
    .port_info 8 /INPUT 1 "POWEROFF";
    .port_info 9 /OUTPUT 16 "DATAOUT";
o000001c0ff9bf8f8 .functor BUFZ 1, c4<z>; HiZ drive
L_000001c0ffa68680 .functor OR 1, o000001c0ff9bf8f8, L_000001c0ffa6bc00, C4<0>, C4<0>;
o000001c0ff9bf7a8 .functor BUFZ 14, c4<zzzzzzzzzzzzzz>; HiZ drive
v000001c0ffa08e10_0 .net "ADDRESS", 13 0, o000001c0ff9bf7a8;  0 drivers
o000001c0ff9bf7d8 .functor BUFZ 1, c4<z>; HiZ drive
v000001c0ffa07790_0 .net "CHIPSELECT", 0 0, o000001c0ff9bf7d8;  0 drivers
o000001c0ff9bf808 .functor BUFZ 1, c4<z>; HiZ drive
v000001c0ffa075b0_0 .net "CLOCK", 0 0, o000001c0ff9bf808;  0 drivers
o000001c0ff9bf838 .functor BUFZ 16, c4<zzzzzzzzzzzzzzzz>; HiZ drive
v000001c0ffa085f0_0 .net "DATAIN", 15 0, o000001c0ff9bf838;  0 drivers
v000001c0ffa07830_0 .var "DATAOUT", 15 0;
o000001c0ff9bf898 .functor BUFZ 4, c4<zzzz>; HiZ drive
v000001c0ffa08cd0_0 .net "MASKWREN", 3 0, o000001c0ff9bf898;  0 drivers
o000001c0ff9bf8c8 .functor BUFZ 1, c4<z>; HiZ drive
v000001c0ffa07470_0 .net "POWEROFF", 0 0, o000001c0ff9bf8c8;  0 drivers
v000001c0ffa09270_0 .net "SLEEP", 0 0, o000001c0ff9bf8f8;  0 drivers
o000001c0ff9bf928 .functor BUFZ 1, c4<z>; HiZ drive
v000001c0ffa07f10_0 .net "STANDBY", 0 0, o000001c0ff9bf928;  0 drivers
o000001c0ff9bf958 .functor BUFZ 1, c4<z>; HiZ drive
v000001c0ffa07fb0_0 .net "WREN", 0 0, o000001c0ff9bf958;  0 drivers
v000001c0ffa09090_0 .net *"_ivl_1", 0 0, L_000001c0ffa6bc00;  1 drivers
v000001c0ffa07d30_0 .var/i "i", 31 0;
v000001c0ffa07bf0 .array "mem", 16383 0, 15 0;
v000001c0ffa078d0_0 .net "off", 0 0, L_000001c0ffa68680;  1 drivers
E_000001c0ff7c1240 .event posedge, v000001c0ffa078d0_0, v000001c0ffa075b0_0;
E_000001c0ff7c16c0 .event negedge, v000001c0ffa07470_0;
L_000001c0ffa6bc00 .reduce/nor o000001c0ff9bf8c8;
S_000001c0ff982dc0 .scope module, "SB_WARMBOOT" "SB_WARMBOOT" 3 2593;
 .timescale -12 -12;
    .port_info 0 /INPUT 1 "BOOT";
    .port_info 1 /INPUT 1 "S1";
    .port_info 2 /INPUT 1 "S0";
o000001c0ff9bfbf8 .functor BUFZ 1, c4<z>; HiZ drive
v000001c0ffa07c90_0 .net "BOOT", 0 0, o000001c0ff9bfbf8;  0 drivers
o000001c0ff9bfc28 .functor BUFZ 1, c4<z>; HiZ drive
v000001c0ffa09130_0 .net "S0", 0 0, o000001c0ff9bfc28;  0 drivers
o000001c0ff9bfc58 .functor BUFZ 1, c4<z>; HiZ drive
v000001c0ffa08410_0 .net "S1", 0 0, o000001c0ff9bfc58;  0 drivers
S_000001c0ff982910 .scope module, "ex1_tb" "ex1_tb" 4 2;
 .timescale -9 -12;
v000001c0ffa06c50_0 .var "ICE_SW2", 0 0;
v000001c0ffa06e30_0 .net "LED_B", 0 0, L_000001c0ffa66bd0;  1 drivers
v000001c0ffa08190_0 .net "LED_G", 0 0, L_000001c0ffa686f0;  1 drivers
v000001c0ffa07150_0 .net "LED_R", 0 0, L_000001c0ffa67d50;  1 drivers
S_000001c0ffa01f30 .scope module, "uut" "ex1_top" 4 5, 5 1 0, S_000001c0ff982910;
 .timescale -12 -12;
    .port_info 0 /OUTPUT 1 "LED_B";
    .port_info 1 /OUTPUT 1 "LED_G";
    .port_info 2 /OUTPUT 1 "LED_R";
    .port_info 3 /INPUT 1 "ICE_SW2";
v000001c0ffa06bb0_0 .net "ICE_SW2", 0 0, v000001c0ffa06c50_0;  1 drivers
v000001c0ffa08af0_0 .net "LED_B", 0 0, L_000001c0ffa66bd0;  alias, 1 drivers
v000001c0ffa070b0_0 .net "LED_G", 0 0, L_000001c0ffa686f0;  alias, 1 drivers
v000001c0ffa087d0_0 .net "LED_R", 0 0, L_000001c0ffa67d50;  alias, 1 drivers
S_000001c0ffa00c70 .scope module, "inst" "led_switch" 5 4, 6 11 0, S_000001c0ffa01f30;
 .timescale -12 -12;
    .port_info 0 /OUTPUT 1 "LED_B";
    .port_info 1 /OUTPUT 1 "LED_G";
    .port_info 2 /OUTPUT 1 "LED_R";
    .port_info 3 /INPUT 1 "ICE_SW2";
L_000001c0ffa686f0 .functor BUFZ 1, v000001c0ffa06c50_0, C4<0>, C4<0>, C4<0>;
L_000001c0ffa66bd0 .functor NOT 1, v000001c0ffa06c50_0, C4<0>, C4<0>, C4<0>;
L_000001c0ffa67d50 .functor BUFZ 1, v000001c0ffa06c50_0, C4<0>, C4<0>, C4<0>;
v000001c0ffa08690_0 .net "ICE_SW2", 0 0, v000001c0ffa06c50_0;  alias, 1 drivers
v000001c0ffa08ff0_0 .net "LED_B", 0 0, L_000001c0ffa66bd0;  alias, 1 drivers
v000001c0ffa091d0_0 .net "LED_G", 0 0, L_000001c0ffa686f0;  alias, 1 drivers
v000001c0ffa080f0_0 .net "LED_R", 0 0, L_000001c0ffa67d50;  alias, 1 drivers
    .scope S_000001c0ff7aee20;
T_2 ;
    %pushi/vec4 0, 0, 1;
    %store/vec4 v000001c0ff997df0_0, 0, 1;
    %pushi/vec4 0, 0, 1;
    %store/vec4 v000001c0ff9977b0_0, 0, 1;
    %end;
    .thread T_2, $init;
    .scope S_000001c0ff7aee20;
T_3 ;
    %wait E_000001c0ff7c0940;
    %load/vec4 v000001c0ff93e3c0_0;
    %flag_set/vec4 8;
    %jmp/0xz  T_3.0, 8;
    %load/vec4 v000001c0ff940120_0;
    %flag_set/vec4 8;
    %jmp/0 T_3.2, 8;
    %pushi/vec4 0, 0, 1;
    %jmp/1 T_3.3, 8;
T_3.2 ; End of true expr.
    %load/vec4 v000001c0ff998430_0;
    %jmp/0 T_3.3, 8;
 ; End of false expr.
    %blend;
T_3.3;
    %assign/vec4 v000001c0ff997df0_0, 0;
T_3.0 ;
    %jmp T_3;
    .thread T_3;
    .scope S_000001c0ff7aee20;
T_4 ;
    %wait E_000001c0ff7c02c0;
    %load/vec4 v000001c0ff940120_0;
    %flag_set/vec4 8;
    %jmp/0xz  T_4.0, 8;
    %pushi/vec4 0, 0, 1;
    %assign/vec4 v000001c0ff9977b0_0, 0;
    %jmp T_4.1;
T_4.0 ;
    %load/vec4 v000001c0ff93e3c0_0;
    %flag_set/vec4 8;
    %jmp/0xz  T_4.2, 8;
    %load/vec4 v000001c0ff998430_0;
    %assign/vec4 v000001c0ff9977b0_0, 0;
T_4.2 ;
T_4.1 ;
    %jmp T_4;
    .thread T_4;
    .scope S_000001c0ff981b00;
T_5 ;
    %pushi/vec4 0, 0, 32;
    %store/vec4 v000001c0ff997850_0, 0, 32;
T_5.0 ; Top of for-loop
    %load/vec4 v000001c0ff997850_0;
    %cmpi/s 16, 0, 32;
	  %jmp/0xz T_5.1, 5;
    %pushi/vec4 0, 0, 256;
    %load/vec4 v000001c0ff997850_0;
    %muli 16, 0, 32;
    %part/s 16;
    %pushi/vec4 0, 0, 32;
    %load/vec4 v000001c0ff997850_0;
    %add;
    %ix/vec4/s 4;
    %store/vec4a v000001c0ff997350, 4, 0;
    %pushi/vec4 0, 0, 256;
    %load/vec4 v000001c0ff997850_0;
    %muli 16, 0, 32;
    %part/s 16;
    %pushi/vec4 16, 0, 32;
    %load/vec4 v000001c0ff997850_0;
    %add;
    %ix/vec4/s 4;
    %store/vec4a v000001c0ff997350, 4, 0;
    %pushi/vec4 0, 0, 256;
    %load/vec4 v000001c0ff997850_0;
    %muli 16, 0, 32;
    %part/s 16;
    %pushi/vec4 32, 0, 32;
    %load/vec4 v000001c0ff997850_0;
    %add;
    %ix/vec4/s 4;
    %store/vec4a v000001c0ff997350, 4, 0;
    %pushi/vec4 0, 0, 256;
    %load/vec4 v000001c0ff997850_0;
    %muli 16, 0, 32;
    %part/s 16;
    %pushi/vec4 48, 0, 32;
    %load/vec4 v000001c0ff997850_0;
    %add;
    %ix/vec4/s 4;
    %store/vec4a v000001c0ff997350, 4, 0;
    %pushi/vec4 0, 0, 256;
    %load/vec4 v000001c0ff997850_0;
    %muli 16, 0, 32;
    %part/s 16;
    %pushi/vec4 64, 0, 32;
    %load/vec4 v000001c0ff997850_0;
    %add;
    %ix/vec4/s 4;
    %store/vec4a v000001c0ff997350, 4, 0;
    %pushi/vec4 0, 0, 256;
    %load/vec4 v000001c0ff997850_0;
    %muli 16, 0, 32;
    %part/s 16;
    %pushi/vec4 80, 0, 32;
    %load/vec4 v000001c0ff997850_0;
    %add;
    %ix/vec4/s 4;
    %store/vec4a v000001c0ff997350, 4, 0;
    %pushi/vec4 0, 0, 256;
    %load/vec4 v000001c0ff997850_0;
    %muli 16, 0, 32;
    %part/s 16;
    %pushi/vec4 96, 0, 32;
    %load/vec4 v000001c0ff997850_0;
    %add;
    %ix/vec4/s 4;
    %store/vec4a v000001c0ff997350, 4, 0;
    %pushi/vec4 0, 0, 256;
    %load/vec4 v000001c0ff997850_0;
    %muli 16, 0, 32;
    %part/s 16;
    %pushi/vec4 112, 0, 32;
    %load/vec4 v000001c0ff997850_0;
    %add;
    %ix/vec4/s 4;
    %store/vec4a v000001c0ff997350, 4, 0;
    %pushi/vec4 0, 0, 256;
    %load/vec4 v000001c0ff997850_0;
    %muli 16, 0, 32;
    %part/s 16;
    %pushi/vec4 128, 0, 32;
    %load/vec4 v000001c0ff997850_0;
    %add;
    %ix/vec4/s 4;
    %store/vec4a v000001c0ff997350, 4, 0;
    %pushi/vec4 0, 0, 256;
    %load/vec4 v000001c0ff997850_0;
    %muli 16, 0, 32;
    %part/s 16;
    %pushi/vec4 144, 0, 32;
    %load/vec4 v000001c0ff997850_0;
    %add;
    %ix/vec4/s 4;
    %store/vec4a v000001c0ff997350, 4, 0;
    %pushi/vec4 0, 0, 256;
    %load/vec4 v000001c0ff997850_0;
    %muli 16, 0, 32;
    %part/s 16;
    %pushi/vec4 160, 0, 32;
    %load/vec4 v000001c0ff997850_0;
    %add;
    %ix/vec4/s 4;
    %store/vec4a v000001c0ff997350, 4, 0;
    %pushi/vec4 0, 0, 256;
    %load/vec4 v000001c0ff997850_0;
    %muli 16, 0, 32;
    %part/s 16;
    %pushi/vec4 176, 0, 32;
    %load/vec4 v000001c0ff997850_0;
    %add;
    %ix/vec4/s 4;
    %store/vec4a v000001c0ff997350, 4, 0;
    %pushi/vec4 0, 0, 256;
    %load/vec4 v000001c0ff997850_0;
    %muli 16, 0, 32;
    %part/s 16;
    %pushi/vec4 192, 0, 32;
    %load/vec4 v000001c0ff997850_0;
    %add;
    %ix/vec4/s 4;
    %store/vec4a v000001c0ff997350, 4, 0;
    %pushi/vec4 0, 0, 256;
    %load/vec4 v000001c0ff997850_0;
    %muli 16, 0, 32;
    %part/s 16;
    %pushi/vec4 208, 0, 32;
    %load/vec4 v000001c0ff997850_0;
    %add;
    %ix/vec4/s 4;
    %store/vec4a v000001c0ff997350, 4, 0;
    %pushi/vec4 0, 0, 256;
    %load/vec4 v000001c0ff997850_0;
    %muli 16, 0, 32;
    %part/s 16;
    %pushi/vec4 224, 0, 32;
    %load/vec4 v000001c0ff997850_0;
    %add;
    %ix/vec4/s 4;
    %store/vec4a v000001c0ff997350, 4, 0;
    %pushi/vec4 0, 0, 256;
    %load/vec4 v000001c0ff997850_0;
    %muli 16, 0, 32;
    %part/s 16;
    %pushi/vec4 240, 0, 32;
    %load/vec4 v000001c0ff997850_0;
    %add;
    %ix/vec4/s 4;
    %store/vec4a v000001c0ff997350, 4, 0;
T_5.2 ; for-loop step statement
    %load/vec4 v000001c0ff997850_0;
    %addi 1, 0, 32;
    %store/vec4 v000001c0ff997850_0, 0, 32;
    %jmp T_5.0;
T_5.1 ; for-loop exit label
    %end;
    .thread T_5;
    .scope S_000001c0ff981b00;
T_6 ;
    %wait E_000001c0ff7c0e00;
    %load/vec4 v000001c0ff9972b0_0;
    %flag_set/vec4 9;
    %flag_get/vec4 9;
    %jmp/0 T_6.2, 9;
    %load/vec4 v000001c0ff998930_0;
    %and;
T_6.2;
    %flag_set/vec4 8;
    %jmp/0xz  T_6.0, 8;
    %load/vec4 v000001c0ff996f90_0;
    %parti/s 1, 0, 2;
    %nor/r;
    %flag_set/vec4 8;
    %jmp/0xz  T_6.3, 8;
    %load/vec4 v000001c0ff997ad0_0;
    %parti/s 1, 0, 2;
    %load/vec4 v000001c0ff997e90_0;
    %parti/s 8, 0, 2;
    %pad/u 10;
    %ix/vec4 3;
    %ix/load 4, 0, 0; Constant delay
    %assign/vec4/a/d v000001c0ff997350, 0, 4;
T_6.3 ;
    %load/vec4 v000001c0ff996f90_0;
    %parti/s 1, 1, 2;
    %nor/r;
    %flag_set/vec4 8;
    %jmp/0xz  T_6.5, 8;
    %load/vec4 v000001c0ff997ad0_0;
    %parti/s 1, 1, 2;
    %load/vec4 v000001c0ff997e90_0;
    %parti/s 8, 0, 2;
    %pad/u 10;
    %ix/vec4 3;
    %ix/load 4, 1, 0; part off
    %ix/load 5, 0, 0; Constant delay
    %assign/vec4/a/d v000001c0ff997350, 4, 5;
T_6.5 ;
    %load/vec4 v000001c0ff996f90_0;
    %parti/s 1, 2, 3;
    %nor/r;
    %flag_set/vec4 8;
    %jmp/0xz  T_6.7, 8;
    %load/vec4 v000001c0ff997ad0_0;
    %parti/s 1, 2, 3;
    %load/vec4 v000001c0ff997e90_0;
    %parti/s 8, 0, 2;
    %pad/u 10;
    %ix/vec4 3;
    %ix/load 4, 2, 0; part off
    %ix/load 5, 0, 0; Constant delay
    %assign/vec4/a/d v000001c0ff997350, 4, 5;
T_6.7 ;
    %load/vec4 v000001c0ff996f90_0;
    %parti/s 1, 3, 3;
    %nor/r;
    %flag_set/vec4 8;
    %jmp/0xz  T_6.9, 8;
    %load/vec4 v000001c0ff997ad0_0;
    %parti/s 1, 3, 3;
    %load/vec4 v000001c0ff997e90_0;
    %parti/s 8, 0, 2;
    %pad/u 10;
    %ix/vec4 3;
    %ix/load 4, 3, 0; part off
    %ix/load 5, 0, 0; Constant delay
    %assign/vec4/a/d v000001c0ff997350, 4, 5;
T_6.9 ;
    %load/vec4 v000001c0ff996f90_0;
    %parti/s 1, 4, 4;
    %nor/r;
    %flag_set/vec4 8;
    %jmp/0xz  T_6.11, 8;
    %load/vec4 v000001c0ff997ad0_0;
    %parti/s 1, 4, 4;
    %load/vec4 v000001c0ff997e90_0;
    %parti/s 8, 0, 2;
    %pad/u 10;
    %ix/vec4 3;
    %ix/load 4, 4, 0; part off
    %ix/load 5, 0, 0; Constant delay
    %assign/vec4/a/d v000001c0ff997350, 4, 5;
T_6.11 ;
    %load/vec4 v000001c0ff996f90_0;
    %parti/s 1, 5, 4;
    %nor/r;
    %flag_set/vec4 8;
    %jmp/0xz  T_6.13, 8;
    %load/vec4 v000001c0ff997ad0_0;
    %parti/s 1, 5, 4;
    %load/vec4 v000001c0ff997e90_0;
    %parti/s 8, 0, 2;
    %pad/u 10;
    %ix/vec4 3;
    %ix/load 4, 5, 0; part off
    %ix/load 5, 0, 0; Constant delay
    %assign/vec4/a/d v000001c0ff997350, 4, 5;
T_6.13 ;
    %load/vec4 v000001c0ff996f90_0;
    %parti/s 1, 6, 4;
    %nor/r;
    %flag_set/vec4 8;
    %jmp/0xz  T_6.15, 8;
    %load/vec4 v000001c0ff997ad0_0;
    %parti/s 1, 6, 4;
    %load/vec4 v000001c0ff997e90_0;
    %parti/s 8, 0, 2;
    %pad/u 10;
    %ix/vec4 3;
    %ix/load 4, 6, 0; part off
    %ix/load 5, 0, 0; Constant delay
    %assign/vec4/a/d v000001c0ff997350, 4, 5;
T_6.15 ;
    %load/vec4 v000001c0ff996f90_0;
    %parti/s 1, 7, 4;
    %nor/r;
    %flag_set/vec4 8;
    %jmp/0xz  T_6.17, 8;
    %load/vec4 v000001c0ff997ad0_0;
    %parti/s 1, 7, 4;
    %load/vec4 v000001c0ff997e90_0;
    %parti/s 8, 0, 2;
    %pad/u 10;
    %ix/vec4 3;
    %ix/load 4, 7, 0; part off
    %ix/load 5, 0, 0; Constant delay
    %assign/vec4/a/d v000001c0ff997350, 4, 5;
T_6.17 ;
    %load/vec4 v000001c0ff996f90_0;
    %parti/s 1, 8, 5;
    %nor/r;
    %flag_set/vec4 8;
    %jmp/0xz  T_6.19, 8;
    %load/vec4 v000001c0ff997ad0_0;
    %parti/s 1, 8, 5;
    %load/vec4 v000001c0ff997e90_0;
    %parti/s 8, 0, 2;
    %pad/u 10;
    %ix/vec4 3;
    %ix/load 4, 8, 0; part off
    %ix/load 5, 0, 0; Constant delay
    %assign/vec4/a/d v000001c0ff997350, 4, 5;
T_6.19 ;
    %load/vec4 v000001c0ff996f90_0;
    %parti/s 1, 9, 5;
    %nor/r;
    %flag_set/vec4 8;
    %jmp/0xz  T_6.21, 8;
    %load/vec4 v000001c0ff997ad0_0;
    %parti/s 1, 9, 5;
    %load/vec4 v000001c0ff997e90_0;
    %parti/s 8, 0, 2;
    %pad/u 10;
    %ix/vec4 3;
    %ix/load 4, 9, 0; part off
    %ix/load 5, 0, 0; Constant delay
    %assign/vec4/a/d v000001c0ff997350, 4, 5;
T_6.21 ;
    %load/vec4 v000001c0ff996f90_0;
    %parti/s 1, 10, 5;
    %nor/r;
    %flag_set/vec4 8;
    %jmp/0xz  T_6.23, 8;
    %load/vec4 v000001c0ff997ad0_0;
    %parti/s 1, 10, 5;
    %load/vec4 v000001c0ff997e90_0;
    %parti/s 8, 0, 2;
    %pad/u 10;
    %ix/vec4 3;
    %ix/load 4, 10, 0; part off
    %ix/load 5, 0, 0; Constant delay
    %assign/vec4/a/d v000001c0ff997350, 4, 5;
T_6.23 ;
    %load/vec4 v000001c0ff996f90_0;
    %parti/s 1, 11, 5;
    %nor/r;
    %flag_set/vec4 8;
    %jmp/0xz  T_6.25, 8;
    %load/vec4 v000001c0ff997ad0_0;
    %parti/s 1, 11, 5;
    %load/vec4 v000001c0ff997e90_0;
    %parti/s 8, 0, 2;
    %pad/u 10;
    %ix/vec4 3;
    %ix/load 4, 11, 0; part off
    %ix/load 5, 0, 0; Constant delay
    %assign/vec4/a/d v000001c0ff997350, 4, 5;
T_6.25 ;
    %load/vec4 v000001c0ff996f90_0;
    %parti/s 1, 12, 5;
    %nor/r;
    %flag_set/vec4 8;
    %jmp/0xz  T_6.27, 8;
    %load/vec4 v000001c0ff997ad0_0;
    %parti/s 1, 12, 5;
    %load/vec4 v000001c0ff997e90_0;
    %parti/s 8, 0, 2;
    %pad/u 10;
    %ix/vec4 3;
    %ix/load 4, 12, 0; part off
    %ix/load 5, 0, 0; Constant delay
    %assign/vec4/a/d v000001c0ff997350, 4, 5;
T_6.27 ;
    %load/vec4 v000001c0ff996f90_0;
    %parti/s 1, 13, 5;
    %nor/r;
    %flag_set/vec4 8;
    %jmp/0xz  T_6.29, 8;
    %load/vec4 v000001c0ff997ad0_0;
    %parti/s 1, 13, 5;
    %load/vec4 v000001c0ff997e90_0;
    %parti/s 8, 0, 2;
    %pad/u 10;
    %ix/vec4 3;
    %ix/load 4, 13, 0; part off
    %ix/load 5, 0, 0; Constant delay
    %assign/vec4/a/d v000001c0ff997350, 4, 5;
T_6.29 ;
    %load/vec4 v000001c0ff996f90_0;
    %parti/s 1, 14, 5;
    %nor/r;
    %flag_set/vec4 8;
    %jmp/0xz  T_6.31, 8;
    %load/vec4 v000001c0ff997ad0_0;
    %parti/s 1, 14, 5;
    %load/vec4 v000001c0ff997e90_0;
    %parti/s 8, 0, 2;
    %pad/u 10;
    %ix/vec4 3;
    %ix/load 4, 14, 0; part off
    %ix/load 5, 0, 0; Constant delay
    %assign/vec4/a/d v000001c0ff997350, 4, 5;
T_6.31 ;
    %load/vec4 v000001c0ff996f90_0;
    %parti/s 1, 15, 5;
    %nor/r;
    %flag_set/vec4 8;
    %jmp/0xz  T_6.33, 8;
    %load/vec4 v000001c0ff997ad0_0;
    %parti/s 1, 15, 5;
    %load/vec4 v000001c0ff997e90_0;
    %parti/s 8, 0, 2;
    %pad/u 10;
    %ix/vec4 3;
    %ix/load 4, 15, 0; part off
    %ix/load 5, 0, 0; Constant delay
    %assign/vec4/a/d v000001c0ff997350, 4, 5;
T_6.33 ;
T_6.0 ;
    %jmp T_6;
    .thread T_6;
    .scope S_000001c0ff981b00;
T_7 ;
    %wait E_000001c0ff7c0340;
    %load/vec4 v000001c0ff997710_0;
    %flag_set/vec4 9;
    %flag_get/vec4 9;
    %jmp/0 T_7.2, 9;
    %load/vec4 v000001c0ff997170_0;
    %and;
T_7.2;
    %flag_set/vec4 8;
    %jmp/0xz  T_7.0, 8;
    %load/vec4 v000001c0ff998570_0;
    %parti/s 8, 0, 2;
    %pad/u 10;
    %ix/vec4 4;
    %load/vec4a v000001c0ff997350, 4;
    %load/vec4 v000001c0ff9973f0_0;
    %inv;
    %and;
    %assign/vec4 v000001c0ff998750_0, 0;
T_7.0 ;
    %jmp T_7;
    .thread T_7;
    .scope S_000001c0ff706a90;
T_8 ;
    %pushi/vec4 0, 0, 1;
    %store/vec4 v000001c0ff9ad9c0_0, 0, 1;
    %end;
    .thread T_8;
    .scope S_000001c0ff706a90;
T_9 ;
    %wait E_000001c0ff7c08c0;
    %load/vec4 v000001c0ff9ad7e0_0;
    %assign/vec4 v000001c0ff9ad9c0_0, 0;
    %jmp T_9;
    .thread T_9;
    .scope S_000001c0ff723530;
T_10 ;
    %pushi/vec4 0, 0, 1;
    %store/vec4 v000001c0ff9adec0_0, 0, 1;
    %end;
    .thread T_10;
    .scope S_000001c0ff723530;
T_11 ;
    %wait E_000001c0ff7c0740;
    %load/vec4 v000001c0ff9ad920_0;
    %flag_set/vec4 8;
    %jmp/0xz  T_11.0, 8;
    %load/vec4 v000001c0ff9ad880_0;
    %assign/vec4 v000001c0ff9adec0_0, 0;
T_11.0 ;
    %jmp T_11;
    .thread T_11;
    .scope S_000001c0ff70b830;
T_12 ;
    %pushi/vec4 0, 0, 1;
    %store/vec4 v000001c0ff9adb00_0, 0, 1;
    %end;
    .thread T_12;
    .scope S_000001c0ff70b830;
T_13 ;
    %wait E_000001c0ff7c0440;
    %load/vec4 v000001c0ff9ae960_0;
    %flag_set/vec4 8;
    %jmp/0xz  T_13.0, 8;
    %pushi/vec4 0, 0, 1;
    %assign/vec4 v000001c0ff9adb00_0, 0;
    %jmp T_13.1;
T_13.0 ;
    %load/vec4 v000001c0ff9ae820_0;
    %flag_set/vec4 8;
    %jmp/0xz  T_13.2, 8;
    %load/vec4 v000001c0ff9ada60_0;
    %assign/vec4 v000001c0ff9adb00_0, 0;
T_13.2 ;
T_13.1 ;
    %jmp T_13;
    .thread T_13;
    .scope S_000001c0ff70b9c0;
T_14 ;
    %pushi/vec4 0, 0, 1;
    %store/vec4 v000001c0ff9ad2e0_0, 0, 1;
    %end;
    .thread T_14;
    .scope S_000001c0ff70b9c0;
T_15 ;
    %wait E_000001c0ff7c0580;
    %load/vec4 v000001c0ff9ad560_0;
    %flag_set/vec4 8;
    %jmp/0xz  T_15.0, 8;
    %pushi/vec4 1, 0, 1;
    %assign/vec4 v000001c0ff9ad2e0_0, 0;
    %jmp T_15.1;
T_15.0 ;
    %load/vec4 v000001c0ff9ae3c0_0;
    %flag_set/vec4 8;
    %jmp/0xz  T_15.2, 8;
    %load/vec4 v000001c0ff9ae8c0_0;
    %assign/vec4 v000001c0ff9ad2e0_0, 0;
T_15.2 ;
T_15.1 ;
    %jmp T_15;
    .thread T_15;
    .scope S_000001c0ff70bb50;
T_16 ;
    %pushi/vec4 0, 0, 1;
    %store/vec4 v000001c0ff9e3560_0, 0, 1;
    %end;
    .thread T_16;
    .scope S_000001c0ff70bb50;
T_17 ;
    %wait E_000001c0ff7c0c80;
    %load/vec4 v000001c0ff9e2160_0;
    %flag_set/vec4 8;
    %jmp/0xz  T_17.0, 8;
    %load/vec4 v000001c0ff9e36a0_0;
    %flag_set/vec4 8;
    %jmp/0xz  T_17.2, 8;
    %pushi/vec4 0, 0, 1;
    %assign/vec4 v000001c0ff9e3560_0, 0;
    %jmp T_17.3;
T_17.2 ;
    %load/vec4 v000001c0ff9ad420_0;
    %assign/vec4 v000001c0ff9e3560_0, 0;
T_17.3 ;
T_17.0 ;
    %jmp T_17;
    .thread T_17;
    .scope S_000001c0ff715690;
T_18 ;
    %pushi/vec4 0, 0, 1;
    %store/vec4 v000001c0ff9e14e0_0, 0, 1;
    %end;
    .thread T_18;
    .scope S_000001c0ff715690;
T_19 ;
    %wait E_000001c0ff7c07c0;
    %load/vec4 v000001c0ff9e32e0_0;
    %flag_set/vec4 8;
    %jmp/0xz  T_19.0, 8;
    %load/vec4 v000001c0ff9e0f40_0;
    %flag_set/vec4 8;
    %jmp/0xz  T_19.2, 8;
    %pushi/vec4 1, 0, 1;
    %assign/vec4 v000001c0ff9e14e0_0, 0;
    %jmp T_19.3;
T_19.2 ;
    %load/vec4 v000001c0ff9e3600_0;
    %assign/vec4 v000001c0ff9e14e0_0, 0;
T_19.3 ;
T_19.0 ;
    %jmp T_19;
    .thread T_19;
    .scope S_000001c0ff715820;
T_20 ;
    %pushi/vec4 0, 0, 1;
    %store/vec4 v000001c0ff9e0fe0_0, 0, 1;
    %end;
    .thread T_20;
    .scope S_000001c0ff715820;
T_21 ;
    %wait E_000001c0ff7c0840;
    %load/vec4 v000001c0ff9e1c60_0;
    %assign/vec4 v000001c0ff9e0fe0_0, 0;
    %jmp T_21;
    .thread T_21;
    .scope S_000001c0ff7159b0;
T_22 ;
    %pushi/vec4 0, 0, 1;
    %store/vec4 v000001c0ff9e2d40_0, 0, 1;
    %end;
    .thread T_22;
    .scope S_000001c0ff7159b0;
T_23 ;
    %wait E_000001c0ff7c0a40;
    %load/vec4 v000001c0ff9e13a0_0;
    %flag_set/vec4 8;
    %jmp/0xz  T_23.0, 8;
    %load/vec4 v000001c0ff9e28e0_0;
    %assign/vec4 v000001c0ff9e2d40_0, 0;
T_23.0 ;
    %jmp T_23;
    .thread T_23;
    .scope S_000001c0ff712cd0;
T_24 ;
    %pushi/vec4 0, 0, 1;
    %store/vec4 v000001c0ff9e1e40_0, 0, 1;
    %end;
    .thread T_24;
    .scope S_000001c0ff712cd0;
T_25 ;
    %wait E_000001c0ff7c04c0;
    %load/vec4 v000001c0ff9e2980_0;
    %flag_set/vec4 8;
    %jmp/0xz  T_25.0, 8;
    %pushi/vec4 0, 0, 1;
    %assign/vec4 v000001c0ff9e1e40_0, 0;
    %jmp T_25.1;
T_25.0 ;
    %load/vec4 v000001c0ff9e1580_0;
    %flag_set/vec4 8;
    %jmp/0xz  T_25.2, 8;
    %load/vec4 v000001c0ff9e1d00_0;
    %assign/vec4 v000001c0ff9e1e40_0, 0;
T_25.2 ;
T_25.1 ;
    %jmp T_25;
    .thread T_25;
    .scope S_000001c0ff712e60;
T_26 ;
    %pushi/vec4 0, 0, 1;
    %store/vec4 v000001c0ff9e2de0_0, 0, 1;
    %end;
    .thread T_26;
    .scope S_000001c0ff712e60;
T_27 ;
    %wait E_000001c0ff7c0ac0;
    %load/vec4 v000001c0ff9e2200_0;
    %flag_set/vec4 8;
    %jmp/0xz  T_27.0, 8;
    %pushi/vec4 1, 0, 1;
    %assign/vec4 v000001c0ff9e2de0_0, 0;
    %jmp T_27.1;
T_27.0 ;
    %load/vec4 v000001c0ff9e1620_0;
    %flag_set/vec4 8;
    %jmp/0xz  T_27.2, 8;
    %load/vec4 v000001c0ff9e1080_0;
    %assign/vec4 v000001c0ff9e2de0_0, 0;
T_27.2 ;
T_27.1 ;
    %jmp T_27;
    .thread T_27;
    .scope S_000001c0ff97b670;
T_28 ;
    %pushi/vec4 0, 0, 1;
    %store/vec4 v000001c0ff9e22a0_0, 0, 1;
    %end;
    .thread T_28;
    .scope S_000001c0ff97b670;
T_29 ;
    %wait E_000001c0ff7c0c40;
    %load/vec4 v000001c0ff9e1120_0;
    %flag_set/vec4 8;
    %jmp/0xz  T_29.0, 8;
    %load/vec4 v000001c0ff9e16c0_0;
    %flag_set/vec4 8;
    %jmp/0xz  T_29.2, 8;
    %pushi/vec4 0, 0, 1;
    %assign/vec4 v000001c0ff9e22a0_0, 0;
    %jmp T_29.3;
T_29.2 ;
    %load/vec4 v000001c0ff9e2b60_0;
    %assign/vec4 v000001c0ff9e22a0_0, 0;
T_29.3 ;
T_29.0 ;
    %jmp T_29;
    .thread T_29;
    .scope S_000001c0ff97b4e0;
T_30 ;
    %pushi/vec4 0, 0, 1;
    %store/vec4 v000001c0ff9e1800_0, 0, 1;
    %end;
    .thread T_30;
    .scope S_000001c0ff97b4e0;
T_31 ;
    %wait E_000001c0ff7c0200;
    %load/vec4 v000001c0ff9e2c00_0;
    %flag_set/vec4 8;
    %jmp/0xz  T_31.0, 8;
    %load/vec4 v000001c0ff9e11c0_0;
    %flag_set/vec4 8;
    %jmp/0xz  T_31.2, 8;
    %pushi/vec4 1, 0, 1;
    %assign/vec4 v000001c0ff9e1800_0, 0;
    %jmp T_31.3;
T_31.2 ;
    %load/vec4 v000001c0ff9e1760_0;
    %assign/vec4 v000001c0ff9e1800_0, 0;
T_31.3 ;
T_31.0 ;
    %jmp T_31;
    .thread T_31;
    .scope S_000001c0ff97bfd0;
T_32 ;
    %pushi/vec4 0, 0, 1;
    %store/vec4 v000001c0ff9e2a20_0, 0, 1;
    %end;
    .thread T_32;
    .scope S_000001c0ff97bfd0;
T_33 ;
    %wait E_000001c0ff7c0b80;
    %load/vec4 v000001c0ff9e1300_0;
    %flag_set/vec4 8;
    %jmp/0xz  T_33.0, 8;
    %pushi/vec4 0, 0, 1;
    %assign/vec4 v000001c0ff9e2a20_0, 0;
    %jmp T_33.1;
T_33.0 ;
    %load/vec4 v000001c0ff9e1260_0;
    %assign/vec4 v000001c0ff9e2a20_0, 0;
T_33.1 ;
    %jmp T_33;
    .thread T_33;
    .scope S_000001c0ff97b800;
T_34 ;
    %pushi/vec4 0, 0, 1;
    %store/vec4 v000001c0ff9e18a0_0, 0, 1;
    %end;
    .thread T_34;
    .scope S_000001c0ff97b800;
T_35 ;
    %wait E_000001c0ff7c0b00;
    %load/vec4 v000001c0ff9e1da0_0;
    %flag_set/vec4 8;
    %jmp/0xz  T_35.0, 8;
    %pushi/vec4 1, 0, 1;
    %assign/vec4 v000001c0ff9e18a0_0, 0;
    %jmp T_35.1;
T_35.0 ;
    %load/vec4 v000001c0ff9e3060_0;
    %assign/vec4 v000001c0ff9e18a0_0, 0;
T_35.1 ;
    %jmp T_35;
    .thread T_35;
    .scope S_000001c0ff97bb20;
T_36 ;
    %pushi/vec4 0, 0, 1;
    %store/vec4 v000001c0ff9e1a80_0, 0, 1;
    %end;
    .thread T_36;
    .scope S_000001c0ff97bb20;
T_37 ;
    %wait E_000001c0ff7c0b40;
    %load/vec4 v000001c0ff9e23e0_0;
    %flag_set/vec4 8;
    %jmp/0xz  T_37.0, 8;
    %pushi/vec4 0, 0, 1;
    %assign/vec4 v000001c0ff9e1a80_0, 0;
    %jmp T_37.1;
T_37.0 ;
    %load/vec4 v000001c0ff9e1940_0;
    %assign/vec4 v000001c0ff9e1a80_0, 0;
T_37.1 ;
    %jmp T_37;
    .thread T_37;
    .scope S_000001c0ff97bcb0;
T_38 ;
    %pushi/vec4 0, 0, 1;
    %store/vec4 v000001c0ff9e31a0_0, 0, 1;
    %end;
    .thread T_38;
    .scope S_000001c0ff97bcb0;
T_39 ;
    %wait E_000001c0ff7c0500;
    %load/vec4 v000001c0ff9e2020_0;
    %flag_set/vec4 8;
    %jmp/0xz  T_39.0, 8;
    %pushi/vec4 1, 0, 1;
    %assign/vec4 v000001c0ff9e31a0_0, 0;
    %jmp T_39.1;
T_39.0 ;
    %load/vec4 v000001c0ff9e1ee0_0;
    %assign/vec4 v000001c0ff9e31a0_0, 0;
T_39.1 ;
    %jmp T_39;
    .thread T_39;
    .scope S_000001c0ff97be40;
T_40 ;
    %pushi/vec4 0, 0, 1;
    %store/vec4 v000001c0ff9e2340_0, 0, 1;
    %end;
    .thread T_40;
    .scope S_000001c0ff97be40;
T_41 ;
    %wait E_000001c0ff7c0bc0;
    %load/vec4 v000001c0ff9e3240_0;
    %flag_set/vec4 8;
    %jmp/0xz  T_41.0, 8;
    %pushi/vec4 0, 0, 1;
    %assign/vec4 v000001c0ff9e2340_0, 0;
    %jmp T_41.1;
T_41.0 ;
    %load/vec4 v000001c0ff9e2ca0_0;
    %assign/vec4 v000001c0ff9e2340_0, 0;
T_41.1 ;
    %jmp T_41;
    .thread T_41;
    .scope S_000001c0ff97c160;
T_42 ;
    %pushi/vec4 0, 0, 1;
    %store/vec4 v000001c0ff9e2520_0, 0, 1;
    %end;
    .thread T_42;
    .scope S_000001c0ff97c160;
T_43 ;
    %wait E_000001c0ff7c0cc0;
    %load/vec4 v000001c0ff9e25c0_0;
    %flag_set/vec4 8;
    %jmp/0xz  T_43.0, 8;
    %pushi/vec4 1, 0, 1;
    %assign/vec4 v000001c0ff9e2520_0, 0;
    %jmp T_43.1;
T_43.0 ;
    %load/vec4 v000001c0ff9e3420_0;
    %assign/vec4 v000001c0ff9e2520_0, 0;
T_43.1 ;
    %jmp T_43;
    .thread T_43;
    .scope S_000001c0ff97c2f0;
T_44 ;
    %pushi/vec4 0, 0, 1;
    %store/vec4 v000001c0ff9e34c0_0, 0, 1;
    %end;
    .thread T_44;
    .scope S_000001c0ff97c2f0;
T_45 ;
    %wait E_000001c0ff7c0d00;
    %load/vec4 v000001c0ff9e27a0_0;
    %flag_set/vec4 8;
    %jmp/0xz  T_45.0, 8;
    %pushi/vec4 0, 0, 1;
    %assign/vec4 v000001c0ff9e34c0_0, 0;
    %jmp T_45.1;
T_45.0 ;
    %load/vec4 v000001c0ff9e2700_0;
    %assign/vec4 v000001c0ff9e34c0_0, 0;
T_45.1 ;
    %jmp T_45;
    .thread T_45;
    .scope S_000001c0ff97b990;
T_46 ;
    %pushi/vec4 0, 0, 1;
    %store/vec4 v000001c0ff9e4be0_0, 0, 1;
    %end;
    .thread T_46;
    .scope S_000001c0ff97b990;
T_47 ;
    %wait E_000001c0ff7bfe80;
    %load/vec4 v000001c0ff9e4a00_0;
    %flag_set/vec4 8;
    %jmp/0xz  T_47.0, 8;
    %pushi/vec4 1, 0, 1;
    %assign/vec4 v000001c0ff9e4be0_0, 0;
    %jmp T_47.1;
T_47.0 ;
    %load/vec4 v000001c0ff9e3a60_0;
    %assign/vec4 v000001c0ff9e4be0_0, 0;
T_47.1 ;
    %jmp T_47;
    .thread T_47;
    .scope S_000001c0ff9822d0;
T_48 ;
    %wait E_000001c0ff7bff00;
    %load/vec4 v000001c0ff9e46e0_0;
    %assign/vec4 v000001c0ff9e3ce0_0, 0;
    %jmp T_48;
    .thread T_48;
    .scope S_000001c0ff9822d0;
T_49 ;
    %wait E_000001c0ff7bff00;
    %load/vec4 v000001c0ff9e46e0_0;
    %flag_set/vec4 8;
    %jmp/0xz  T_49.0, 8;
    %load/vec4 v000001c0ff9e3ec0_0;
    %assign/vec4 v000001c0ff9e3c40_0, 0;
T_49.0 ;
    %jmp T_49;
    .thread T_49;
    .scope S_000001c0ff9822d0;
T_50 ;
    %wait E_000001c0ff7bfec0;
    %load/vec4 v000001c0ff9e3ce0_0;
    %flag_set/vec4 8;
    %jmp/0xz  T_50.0, 8;
    %load/vec4 v000001c0ff9e3ec0_0;
    %assign/vec4 v000001c0ff9e3740_0, 0;
T_50.0 ;
    %jmp T_50;
    .thread T_50;
    .scope S_000001c0ff9822d0;
T_51 ;
    %wait E_000001c0ff7c0d40;
    %load/vec4 v000001c0ff9e46e0_0;
    %assign/vec4 v000001c0ff9e40a0_0, 0;
    %jmp T_51;
    .thread T_51;
    .scope S_000001c0ff9822d0;
T_52 ;
    %wait E_000001c0ff7c0d40;
    %load/vec4 v000001c0ff9e46e0_0;
    %flag_set/vec4 8;
    %jmp/0xz  T_52.0, 8;
    %load/vec4 v000001c0ff9e4780_0;
    %assign/vec4 v000001c0ff9e4140_0, 0;
T_52.0 ;
    %jmp T_52;
    .thread T_52;
    .scope S_000001c0ff9822d0;
T_53 ;
    %wait E_000001c0ff7c0000;
    %load/vec4 v000001c0ff9e40a0_0;
    %flag_set/vec4 8;
    %jmp/0xz  T_53.0, 8;
    %load/vec4 v000001c0ff9e48c0_0;
    %assign/vec4 v000001c0ff9e4820_0, 0;
T_53.0 ;
    %jmp T_53;
    .thread T_53;
    .scope S_000001c0ff9822d0;
T_54 ;
    %wait E_000001c0ff7c0d40;
    %load/vec4 v000001c0ff9e46e0_0;
    %flag_set/vec4 8;
    %jmp/0xz  T_54.0, 8;
    %load/vec4 v000001c0ff9e4d20_0;
    %assign/vec4 v000001c0ff9e4320_0, 0;
T_54.0 ;
    %jmp T_54;
    .thread T_54;
    .scope S_000001c0ff982140;
T_55 ;
    %wait E_000001c0ff7c0140;
    %load/vec4 v000001c0ff9e3c40_0;
    %store/vec4 v000001c0ff9e3e20_0, 0, 1;
    %load/vec4 v000001c0ff9e3740_0;
    %store/vec4 v000001c0ff9e4dc0_0, 0, 1;
    %jmp T_55;
    .thread T_55, $push;
    .scope S_000001c0ff982140;
T_56 ;
    %wait E_000001c0ff7c0400;
    %load/vec4 v000001c0ff9e4aa0_0;
    %assign/vec4 v000001c0ff9e4280_0, 0;
    %jmp T_56;
    .thread T_56, $push;
    .scope S_000001c0ff982140;
T_57 ;
    %wait E_000001c0ff7c0080;
    %load/vec4 v000001c0ff9e4280_0;
    %assign/vec4 v000001c0ff9e41e0_0, 0;
    %jmp T_57;
    .thread T_57, $push;
    .scope S_000001c0ff982140;
T_58 ;
    %wait E_000001c0ff7c0540;
    %load/vec4 v000001c0ff9e41e0_0;
    %pushi/vec4 0, 0, 1;
    %xor;
    %flag_set/vec4 8;
    %jmp/1 T_58.2, 8;
    %pushi/vec4 0, 0, 1;
    %flag_set/vec4 9;
    %flag_or 8, 9;
T_58.2;
    %jmp/0 T_58.0, 8;
    %load/vec4 v000001c0ff9e4140_0;
    %jmp/1 T_58.1, 8;
T_58.0 ; End of true expr.
    %load/vec4 v000001c0ff9e4820_0;
    %jmp/0 T_58.1, 8;
 ; End of false expr.
    %blend;
T_58.1;
    %store/vec4 v000001c0ff9e37e0_0, 0, 1;
    %jmp T_58;
    .thread T_58, $push;
    .scope S_000001c0ff9825f0;
T_59 ;
    %wait E_000001c0ff7c1100;
    %load/vec4 v000001c0ff9e5310_0;
    %flag_set/vec4 8;
    %jmp/0xz  T_59.0, 8;
    %load/vec4 v000001c0ff9e68f0_0;
    %assign/vec4 v000001c0ff9e65d0_0, 0;
T_59.0 ;
    %jmp T_59;
    .thread T_59;
    .scope S_000001c0ff9825f0;
T_60 ;
    %wait E_000001c0ff7c03c0;
    %load/vec4 v000001c0ff9e5310_0;
    %flag_set/vec4 8;
    %jmp/0xz  T_60.0, 8;
    %load/vec4 v000001c0ff9e68f0_0;
    %assign/vec4 v000001c0ff9e5090_0, 0;
T_60.0 ;
    %jmp T_60;
    .thread T_60;
    .scope S_000001c0ff9825f0;
T_61 ;
    %wait E_000001c0ff7c0300;
    %load/vec4 v000001c0ff9e5310_0;
    %flag_set/vec4 8;
    %jmp/0xz  T_61.0, 8;
    %load/vec4 v000001c0ff9e5a90_0;
    %assign/vec4 v000001c0ff9e5630_0, 0;
T_61.0 ;
    %jmp T_61;
    .thread T_61;
    .scope S_000001c0ff9825f0;
T_62 ;
    %wait E_000001c0ff7c0380;
    %load/vec4 v000001c0ff9e5310_0;
    %flag_set/vec4 8;
    %jmp/0xz  T_62.0, 8;
    %load/vec4 v000001c0ff9e5e50_0;
    %assign/vec4 v000001c0ff9e7390_0, 0;
T_62.0 ;
    %jmp T_62;
    .thread T_62;
    .scope S_000001c0ff9825f0;
T_63 ;
    %wait E_000001c0ff7c0300;
    %load/vec4 v000001c0ff9e5310_0;
    %flag_set/vec4 8;
    %jmp/0xz  T_63.0, 8;
    %load/vec4 v000001c0ff9e4f50_0;
    %assign/vec4 v000001c0ff9e6c10_0, 0;
T_63.0 ;
    %jmp T_63;
    .thread T_63;
    .scope S_000001c0ff97d620;
T_64 ;
    %wait E_000001c0ff7c0240;
    %load/vec4 v000001c0ff9e65d0_0;
    %store/vec4 v000001c0ff9e6fd0_0, 0, 1;
    %load/vec4 v000001c0ff9e5090_0;
    %store/vec4 v000001c0ff9e6030_0, 0, 1;
    %jmp T_64;
    .thread T_64, $push;
    .scope S_000001c0ff97d620;
T_65 ;
    %wait E_000001c0ff7bff80;
    %load/vec4 v000001c0ff9e54f0_0;
    %assign/vec4 v000001c0ff9e6210_0, 0;
    %jmp T_65;
    .thread T_65, $push;
    .scope S_000001c0ff97d620;
T_66 ;
    %wait E_000001c0ff7c0180;
    %load/vec4 v000001c0ff9e6210_0;
    %assign/vec4 v000001c0ff9e6cb0_0, 0;
    %jmp T_66;
    .thread T_66, $push;
    .scope S_000001c0ff97d620;
T_67 ;
    %wait E_000001c0ff7bff40;
    %load/vec4 v000001c0ff9e6cb0_0;
    %pushi/vec4 0, 0, 1;
    %xor;
    %flag_set/vec4 8;
    %jmp/1 T_67.2, 8;
    %pushi/vec4 0, 0, 1;
    %flag_set/vec4 9;
    %flag_or 8, 9;
T_67.2;
    %jmp/0 T_67.0, 8;
    %load/vec4 v000001c0ff9e5630_0;
    %jmp/1 T_67.1, 8;
T_67.0 ; End of true expr.
    %load/vec4 v000001c0ff9e7390_0;
    %jmp/0 T_67.1, 8;
 ; End of false expr.
    %blend;
T_67.1;
    %store/vec4 v000001c0ff9e6b70_0, 0, 1;
    %jmp T_67;
    .thread T_67, $push;
    .scope S_000001c0ff982780;
T_68 ;
    %wait E_000001c0ff7c1c00;
    %load/vec4 v000001c0ff9e76b0_0;
    %flag_set/vec4 8;
    %jmp/0xz  T_68.0, 8;
    %load/vec4 v000001c0ff9e63f0_0;
    %assign/vec4 v000001c0ff9e5bd0_0, 0;
T_68.0 ;
    %jmp T_68;
    .thread T_68;
    .scope S_000001c0ff982780;
T_69 ;
    %wait E_000001c0ff7c1ac0;
    %load/vec4 v000001c0ff9e76b0_0;
    %flag_set/vec4 8;
    %jmp/0xz  T_69.0, 8;
    %load/vec4 v000001c0ff9e63f0_0;
    %assign/vec4 v000001c0ff9e5c70_0, 0;
T_69.0 ;
    %jmp T_69;
    .thread T_69;
    .scope S_000001c0ff982780;
T_70 ;
    %wait E_000001c0ff7c1c80;
    %load/vec4 v000001c0ff9e76b0_0;
    %flag_set/vec4 8;
    %jmp/0xz  T_70.0, 8;
    %load/vec4 v000001c0ff9e7110_0;
    %assign/vec4 v000001c0ff9e6530_0, 0;
T_70.0 ;
    %jmp T_70;
    .thread T_70;
    .scope S_000001c0ff982780;
T_71 ;
    %wait E_000001c0ff7c0f80;
    %load/vec4 v000001c0ff9e76b0_0;
    %flag_set/vec4 8;
    %jmp/0xz  T_71.0, 8;
    %load/vec4 v000001c0ff9e5db0_0;
    %assign/vec4 v000001c0ff9e6d50_0, 0;
T_71.0 ;
    %jmp T_71;
    .thread T_71;
    .scope S_000001c0ff982780;
T_72 ;
    %wait E_000001c0ff7c1c80;
    %load/vec4 v000001c0ff9e76b0_0;
    %flag_set/vec4 8;
    %jmp/0xz  T_72.0, 8;
    %load/vec4 v000001c0ff9e67b0_0;
    %assign/vec4 v000001c0ff9e6850_0, 0;
T_72.0 ;
    %jmp T_72;
    .thread T_72;
    .scope S_000001c0ff97d300;
T_73 ;
    %wait E_000001c0ff7c12c0;
    %load/vec4 v000001c0ff9e5bd0_0;
    %store/vec4 v000001c0ff9e7610_0, 0, 1;
    %load/vec4 v000001c0ff9e5c70_0;
    %store/vec4 v000001c0ff9e4ff0_0, 0, 1;
    %jmp T_73;
    .thread T_73, $push;
    .scope S_000001c0ff97d300;
T_74 ;
    %wait E_000001c0ff7c1180;
    %load/vec4 v000001c0ff9e5b30_0;
    %assign/vec4 v000001c0ff9e5130_0, 0;
    %jmp T_74;
    .thread T_74, $push;
    .scope S_000001c0ff97d300;
T_75 ;
    %wait E_000001c0ff7c1d00;
    %load/vec4 v000001c0ff9e5130_0;
    %assign/vec4 v000001c0ff9e6670_0, 0;
    %jmp T_75;
    .thread T_75, $push;
    .scope S_000001c0ff97d300;
T_76 ;
    %wait E_000001c0ff7c0e80;
    %load/vec4 v000001c0ff9e6670_0;
    %pushi/vec4 0, 0, 1;
    %xor;
    %flag_set/vec4 8;
    %jmp/1 T_76.2, 8;
    %pushi/vec4 0, 0, 1;
    %flag_set/vec4 9;
    %flag_or 8, 9;
T_76.2;
    %jmp/0 T_76.0, 8;
    %load/vec4 v000001c0ff9e6530_0;
    %jmp/1 T_76.1, 8;
T_76.0 ; End of true expr.
    %load/vec4 v000001c0ff9e6d50_0;
    %jmp/0 T_76.1, 8;
 ; End of false expr.
    %blend;
T_76.1;
    %store/vec4 v000001c0ff9e6490_0, 0, 1;
    %jmp T_76;
    .thread T_76, $push;
    .scope S_000001c0ff97d490;
T_77 ;
    %wait E_000001c0ff7c1480;
    %load/vec4 v000001c0ff9ea990_0;
    %flag_set/vec4 8;
    %jmp/0xz  T_77.0, 8;
    %pushi/vec4 0, 0, 16;
    %assign/vec4 v000001c0ff9effb0_0, 0;
    %pushi/vec4 0, 0, 16;
    %assign/vec4 v000001c0ff9ed350_0, 0;
    %jmp T_77.1;
T_77.0 ;
    %load/vec4 v000001c0ff9ea710_0;
    %flag_set/vec4 8;
    %jmp/0xz  T_77.2, 8;
    %load/vec4 v000001c0ff9e9270_0;
    %nor/r;
    %flag_set/vec4 8;
    %jmp/0xz  T_77.4, 8;
    %load/vec4 v000001c0ff9e9e50_0;
    %assign/vec4 v000001c0ff9effb0_0, 0;
T_77.4 ;
    %load/vec4 v000001c0ff9eb7f0_0;
    %nor/r;
    %flag_set/vec4 8;
    %jmp/0xz  T_77.6, 8;
    %load/vec4 v000001c0ff9ea2b0_0;
    %assign/vec4 v000001c0ff9ed350_0, 0;
T_77.6 ;
T_77.2 ;
T_77.1 ;
    %jmp T_77;
    .thread T_77;
    .scope S_000001c0ff97d490;
T_78 ;
    %wait E_000001c0ff7c1040;
    %load/vec4 v000001c0ff9eb2f0_0;
    %flag_set/vec4 8;
    %jmp/0xz  T_78.0, 8;
    %pushi/vec4 0, 0, 16;
    %assign/vec4 v000001c0ff9ed3f0_0, 0;
    %pushi/vec4 0, 0, 16;
    %assign/vec4 v000001c0ff9f16d0_0, 0;
    %jmp T_78.1;
T_78.0 ;
    %load/vec4 v000001c0ff9ea710_0;
    %flag_set/vec4 8;
    %jmp/0xz  T_78.2, 8;
    %load/vec4 v000001c0ff9e93b0_0;
    %nor/r;
    %flag_set/vec4 8;
    %jmp/0xz  T_78.4, 8;
    %load/vec4 v000001c0ff9ea5d0_0;
    %assign/vec4 v000001c0ff9ed3f0_0, 0;
T_78.4 ;
    %load/vec4 v000001c0ff9e94f0_0;
    %nor/r;
    %flag_set/vec4 8;
    %jmp/0xz  T_78.6, 8;
    %load/vec4 v000001c0ff9ea7b0_0;
    %assign/vec4 v000001c0ff9f16d0_0, 0;
T_78.6 ;
T_78.2 ;
T_78.1 ;
    %jmp T_78;
    .thread T_78;
    .scope S_000001c0ff97d490;
T_79 ;
    %wait E_000001c0ff7c1480;
    %load/vec4 v000001c0ff9ea990_0;
    %flag_set/vec4 8;
    %jmp/0xz  T_79.0, 8;
    %pushi/vec4 0, 0, 16;
    %assign/vec4 v000001c0ff9efdd0_0, 0;
    %pushi/vec4 0, 0, 16;
    %assign/vec4 v000001c0ff9f0730_0, 0;
    %jmp T_79.1;
T_79.0 ;
    %load/vec4 v000001c0ff9ea710_0;
    %flag_set/vec4 8;
    %jmp/0xz  T_79.2, 8;
    %load/vec4 v000001c0ff9ed530_0;
    %assign/vec4 v000001c0ff9efdd0_0, 0;
    %load/vec4 v000001c0ff9ef8d0_0;
    %assign/vec4 v000001c0ff9f0730_0, 0;
T_79.2 ;
T_79.1 ;
    %jmp T_79;
    .thread T_79;
    .scope S_000001c0ff97d490;
T_80 ;
    %wait E_000001c0ff7c1040;
    %load/vec4 v000001c0ff9eb2f0_0;
    %flag_set/vec4 8;
    %jmp/0xz  T_80.0, 8;
    %pushi/vec4 0, 0, 16;
    %assign/vec4 v000001c0ff9efe70_0, 0;
    %pushi/vec4 0, 0, 16;
    %assign/vec4 v000001c0ff9f1db0_0, 0;
    %jmp T_80.1;
T_80.0 ;
    %load/vec4 v000001c0ff9ea710_0;
    %flag_set/vec4 8;
    %jmp/0xz  T_80.2, 8;
    %load/vec4 v000001c0ff9ef6f0_0;
    %assign/vec4 v000001c0ff9efe70_0, 0;
    %load/vec4 v000001c0ff9ed2b0_0;
    %assign/vec4 v000001c0ff9f1db0_0, 0;
T_80.2 ;
T_80.1 ;
    %jmp T_80;
    .thread T_80;
    .scope S_000001c0ff97d490;
T_81 ;
    %wait E_000001c0ff7c1040;
    %load/vec4 v000001c0ff9eb2f0_0;
    %flag_set/vec4 8;
    %jmp/0xz  T_81.0, 8;
    %pushi/vec4 0, 0, 32;
    %assign/vec4 v000001c0ff9f0230_0, 0;
    %jmp T_81.1;
T_81.0 ;
    %load/vec4 v000001c0ff9ea710_0;
    %flag_set/vec4 8;
    %jmp/0xz  T_81.2, 8;
    %load/vec4 v000001c0ff9eeb10_0;
    %assign/vec4 v000001c0ff9f0230_0, 0;
T_81.2 ;
T_81.1 ;
    %jmp T_81;
    .thread T_81;
    .scope S_000001c0ff97d490;
T_82 ;
    %wait E_000001c0ff7c1400;
    %load/vec4 v000001c0ff9ec790_0;
    %flag_set/vec4 8;
    %jmp/0xz  T_82.0, 8;
    %pushi/vec4 0, 0, 16;
    %assign/vec4 v000001c0ff9f20d0_0, 0;
    %jmp T_82.1;
T_82.0 ;
    %load/vec4 v000001c0ff9ea710_0;
    %flag_set/vec4 8;
    %jmp/0xz  T_82.2, 8;
    %load/vec4 v000001c0ff9ecc90_0;
    %nor/r;
    %flag_set/vec4 8;
    %jmp/0xz  T_82.4, 8;
    %load/vec4 v000001c0ff9ef790_0;
    %assign/vec4 v000001c0ff9f20d0_0, 0;
T_82.4 ;
T_82.2 ;
T_82.1 ;
    %jmp T_82;
    .thread T_82;
    .scope S_000001c0ff97d490;
T_83 ;
    %wait E_000001c0ff7c1140;
    %load/vec4 v000001c0ff9ec830_0;
    %flag_set/vec4 8;
    %jmp/0xz  T_83.0, 8;
    %pushi/vec4 0, 0, 16;
    %assign/vec4 v000001c0ff9f18b0_0, 0;
    %jmp T_83.1;
T_83.0 ;
    %load/vec4 v000001c0ff9ea710_0;
    %flag_set/vec4 8;
    %jmp/0xz  T_83.2, 8;
    %load/vec4 v000001c0ff9ebb10_0;
    %nor/r;
    %flag_set/vec4 8;
    %jmp/0xz  T_83.4, 8;
    %load/vec4 v000001c0ff9eecf0_0;
    %assign/vec4 v000001c0ff9f18b0_0, 0;
T_83.4 ;
T_83.2 ;
T_83.1 ;
    %jmp T_83;
    .thread T_83;
    .scope S_000001c0ff982c30;
T_84 ;
    %pushi/vec4 0, 0, 32;
    %store/vec4 v000001c0ff9f2c10_0, 0, 32;
T_84.0 ; Top of for-loop
    %load/vec4 v000001c0ff9f2c10_0;
    %cmpi/s 16, 0, 32;
	  %jmp/0xz T_84.1, 5;
    %pushi/vec4 0, 0, 256;
    %load/vec4 v000001c0ff9f2c10_0;
    %muli 16, 0, 32;
    %part/s 16;
    %pushi/vec4 0, 0, 32;
    %load/vec4 v000001c0ff9f2c10_0;
    %add;
    %ix/vec4/s 4;
    %store/vec4a v000001c0ff9f34d0, 4, 0;
    %pushi/vec4 0, 0, 256;
    %load/vec4 v000001c0ff9f2c10_0;
    %muli 16, 0, 32;
    %part/s 16;
    %pushi/vec4 16, 0, 32;
    %load/vec4 v000001c0ff9f2c10_0;
    %add;
    %ix/vec4/s 4;
    %store/vec4a v000001c0ff9f34d0, 4, 0;
    %pushi/vec4 0, 0, 256;
    %load/vec4 v000001c0ff9f2c10_0;
    %muli 16, 0, 32;
    %part/s 16;
    %pushi/vec4 32, 0, 32;
    %load/vec4 v000001c0ff9f2c10_0;
    %add;
    %ix/vec4/s 4;
    %store/vec4a v000001c0ff9f34d0, 4, 0;
    %pushi/vec4 0, 0, 256;
    %load/vec4 v000001c0ff9f2c10_0;
    %muli 16, 0, 32;
    %part/s 16;
    %pushi/vec4 48, 0, 32;
    %load/vec4 v000001c0ff9f2c10_0;
    %add;
    %ix/vec4/s 4;
    %store/vec4a v000001c0ff9f34d0, 4, 0;
    %pushi/vec4 0, 0, 256;
    %load/vec4 v000001c0ff9f2c10_0;
    %muli 16, 0, 32;
    %part/s 16;
    %pushi/vec4 64, 0, 32;
    %load/vec4 v000001c0ff9f2c10_0;
    %add;
    %ix/vec4/s 4;
    %store/vec4a v000001c0ff9f34d0, 4, 0;
    %pushi/vec4 0, 0, 256;
    %load/vec4 v000001c0ff9f2c10_0;
    %muli 16, 0, 32;
    %part/s 16;
    %pushi/vec4 80, 0, 32;
    %load/vec4 v000001c0ff9f2c10_0;
    %add;
    %ix/vec4/s 4;
    %store/vec4a v000001c0ff9f34d0, 4, 0;
    %pushi/vec4 0, 0, 256;
    %load/vec4 v000001c0ff9f2c10_0;
    %muli 16, 0, 32;
    %part/s 16;
    %pushi/vec4 96, 0, 32;
    %load/vec4 v000001c0ff9f2c10_0;
    %add;
    %ix/vec4/s 4;
    %store/vec4a v000001c0ff9f34d0, 4, 0;
    %pushi/vec4 0, 0, 256;
    %load/vec4 v000001c0ff9f2c10_0;
    %muli 16, 0, 32;
    %part/s 16;
    %pushi/vec4 112, 0, 32;
    %load/vec4 v000001c0ff9f2c10_0;
    %add;
    %ix/vec4/s 4;
    %store/vec4a v000001c0ff9f34d0, 4, 0;
    %pushi/vec4 0, 0, 256;
    %load/vec4 v000001c0ff9f2c10_0;
    %muli 16, 0, 32;
    %part/s 16;
    %pushi/vec4 128, 0, 32;
    %load/vec4 v000001c0ff9f2c10_0;
    %add;
    %ix/vec4/s 4;
    %store/vec4a v000001c0ff9f34d0, 4, 0;
    %pushi/vec4 0, 0, 256;
    %load/vec4 v000001c0ff9f2c10_0;
    %muli 16, 0, 32;
    %part/s 16;
    %pushi/vec4 144, 0, 32;
    %load/vec4 v000001c0ff9f2c10_0;
    %add;
    %ix/vec4/s 4;
    %store/vec4a v000001c0ff9f34d0, 4, 0;
    %pushi/vec4 0, 0, 256;
    %load/vec4 v000001c0ff9f2c10_0;
    %muli 16, 0, 32;
    %part/s 16;
    %pushi/vec4 160, 0, 32;
    %load/vec4 v000001c0ff9f2c10_0;
    %add;
    %ix/vec4/s 4;
    %store/vec4a v000001c0ff9f34d0, 4, 0;
    %pushi/vec4 0, 0, 256;
    %load/vec4 v000001c0ff9f2c10_0;
    %muli 16, 0, 32;
    %part/s 16;
    %pushi/vec4 176, 0, 32;
    %load/vec4 v000001c0ff9f2c10_0;
    %add;
    %ix/vec4/s 4;
    %store/vec4a v000001c0ff9f34d0, 4, 0;
    %pushi/vec4 0, 0, 256;
    %load/vec4 v000001c0ff9f2c10_0;
    %muli 16, 0, 32;
    %part/s 16;
    %pushi/vec4 192, 0, 32;
    %load/vec4 v000001c0ff9f2c10_0;
    %add;
    %ix/vec4/s 4;
    %store/vec4a v000001c0ff9f34d0, 4, 0;
    %pushi/vec4 0, 0, 256;
    %load/vec4 v000001c0ff9f2c10_0;
    %muli 16, 0, 32;
    %part/s 16;
    %pushi/vec4 208, 0, 32;
    %load/vec4 v000001c0ff9f2c10_0;
    %add;
    %ix/vec4/s 4;
    %store/vec4a v000001c0ff9f34d0, 4, 0;
    %pushi/vec4 0, 0, 256;
    %load/vec4 v000001c0ff9f2c10_0;
    %muli 16, 0, 32;
    %part/s 16;
    %pushi/vec4 224, 0, 32;
    %load/vec4 v000001c0ff9f2c10_0;
    %add;
    %ix/vec4/s 4;
    %store/vec4a v000001c0ff9f34d0, 4, 0;
    %pushi/vec4 0, 0, 256;
    %load/vec4 v000001c0ff9f2c10_0;
    %muli 16, 0, 32;
    %part/s 16;
    %pushi/vec4 240, 0, 32;
    %load/vec4 v000001c0ff9f2c10_0;
    %add;
    %ix/vec4/s 4;
    %store/vec4a v000001c0ff9f34d0, 4, 0;
T_84.2 ; for-loop step statement
    %load/vec4 v000001c0ff9f2c10_0;
    %addi 1, 0, 32;
    %store/vec4 v000001c0ff9f2c10_0, 0, 32;
    %jmp T_84.0;
T_84.1 ; for-loop exit label
    %end;
    .thread T_84;
    .scope S_000001c0ff982c30;
T_85 ;
    %wait E_000001c0ff7c0fc0;
    %load/vec4 v000001c0ff9f2490_0;
    %flag_set/vec4 9;
    %flag_get/vec4 9;
    %jmp/0 T_85.2, 9;
    %load/vec4 v000001c0ff9f2e90_0;
    %and;
T_85.2;
    %flag_set/vec4 8;
    %jmp/0xz  T_85.0, 8;
    %load/vec4 v000001c0ff9f4470_0;
    %parti/s 1, 0, 2;
    %nor/r;
    %flag_set/vec4 8;
    %jmp/0xz  T_85.3, 8;
    %load/vec4 v000001c0ff9f45b0_0;
    %parti/s 1, 0, 2;
    %load/vec4 v000001c0ff9f4150_0;
    %parti/s 8, 0, 2;
    %pad/u 10;
    %ix/vec4 3;
    %ix/load 4, 0, 0; Constant delay
    %assign/vec4/a/d v000001c0ff9f34d0, 0, 4;
T_85.3 ;
    %load/vec4 v000001c0ff9f4470_0;
    %parti/s 1, 1, 2;
    %nor/r;
    %flag_set/vec4 8;
    %jmp/0xz  T_85.5, 8;
    %load/vec4 v000001c0ff9f45b0_0;
    %parti/s 1, 1, 2;
    %load/vec4 v000001c0ff9f4150_0;
    %parti/s 8, 0, 2;
    %pad/u 10;
    %ix/vec4 3;
    %ix/load 4, 1, 0; part off
    %ix/load 5, 0, 0; Constant delay
    %assign/vec4/a/d v000001c0ff9f34d0, 4, 5;
T_85.5 ;
    %load/vec4 v000001c0ff9f4470_0;
    %parti/s 1, 2, 3;
    %nor/r;
    %flag_set/vec4 8;
    %jmp/0xz  T_85.7, 8;
    %load/vec4 v000001c0ff9f45b0_0;
    %parti/s 1, 2, 3;
    %load/vec4 v000001c0ff9f4150_0;
    %parti/s 8, 0, 2;
    %pad/u 10;
    %ix/vec4 3;
    %ix/load 4, 2, 0; part off
    %ix/load 5, 0, 0; Constant delay
    %assign/vec4/a/d v000001c0ff9f34d0, 4, 5;
T_85.7 ;
    %load/vec4 v000001c0ff9f4470_0;
    %parti/s 1, 3, 3;
    %nor/r;
    %flag_set/vec4 8;
    %jmp/0xz  T_85.9, 8;
    %load/vec4 v000001c0ff9f45b0_0;
    %parti/s 1, 3, 3;
    %load/vec4 v000001c0ff9f4150_0;
    %parti/s 8, 0, 2;
    %pad/u 10;
    %ix/vec4 3;
    %ix/load 4, 3, 0; part off
    %ix/load 5, 0, 0; Constant delay
    %assign/vec4/a/d v000001c0ff9f34d0, 4, 5;
T_85.9 ;
    %load/vec4 v000001c0ff9f4470_0;
    %parti/s 1, 4, 4;
    %nor/r;
    %flag_set/vec4 8;
    %jmp/0xz  T_85.11, 8;
    %load/vec4 v000001c0ff9f45b0_0;
    %parti/s 1, 4, 4;
    %load/vec4 v000001c0ff9f4150_0;
    %parti/s 8, 0, 2;
    %pad/u 10;
    %ix/vec4 3;
    %ix/load 4, 4, 0; part off
    %ix/load 5, 0, 0; Constant delay
    %assign/vec4/a/d v000001c0ff9f34d0, 4, 5;
T_85.11 ;
    %load/vec4 v000001c0ff9f4470_0;
    %parti/s 1, 5, 4;
    %nor/r;
    %flag_set/vec4 8;
    %jmp/0xz  T_85.13, 8;
    %load/vec4 v000001c0ff9f45b0_0;
    %parti/s 1, 5, 4;
    %load/vec4 v000001c0ff9f4150_0;
    %parti/s 8, 0, 2;
    %pad/u 10;
    %ix/vec4 3;
    %ix/load 4, 5, 0; part off
    %ix/load 5, 0, 0; Constant delay
    %assign/vec4/a/d v000001c0ff9f34d0, 4, 5;
T_85.13 ;
    %load/vec4 v000001c0ff9f4470_0;
    %parti/s 1, 6, 4;
    %nor/r;
    %flag_set/vec4 8;
    %jmp/0xz  T_85.15, 8;
    %load/vec4 v000001c0ff9f45b0_0;
    %parti/s 1, 6, 4;
    %load/vec4 v000001c0ff9f4150_0;
    %parti/s 8, 0, 2;
    %pad/u 10;
    %ix/vec4 3;
    %ix/load 4, 6, 0; part off
    %ix/load 5, 0, 0; Constant delay
    %assign/vec4/a/d v000001c0ff9f34d0, 4, 5;
T_85.15 ;
    %load/vec4 v000001c0ff9f4470_0;
    %parti/s 1, 7, 4;
    %nor/r;
    %flag_set/vec4 8;
    %jmp/0xz  T_85.17, 8;
    %load/vec4 v000001c0ff9f45b0_0;
    %parti/s 1, 7, 4;
    %load/vec4 v000001c0ff9f4150_0;
    %parti/s 8, 0, 2;
    %pad/u 10;
    %ix/vec4 3;
    %ix/load 4, 7, 0; part off
    %ix/load 5, 0, 0; Constant delay
    %assign/vec4/a/d v000001c0ff9f34d0, 4, 5;
T_85.17 ;
    %load/vec4 v000001c0ff9f4470_0;
    %parti/s 1, 8, 5;
    %nor/r;
    %flag_set/vec4 8;
    %jmp/0xz  T_85.19, 8;
    %load/vec4 v000001c0ff9f45b0_0;
    %parti/s 1, 8, 5;
    %load/vec4 v000001c0ff9f4150_0;
    %parti/s 8, 0, 2;
    %pad/u 10;
    %ix/vec4 3;
    %ix/load 4, 8, 0; part off
    %ix/load 5, 0, 0; Constant delay
    %assign/vec4/a/d v000001c0ff9f34d0, 4, 5;
T_85.19 ;
    %load/vec4 v000001c0ff9f4470_0;
    %parti/s 1, 9, 5;
    %nor/r;
    %flag_set/vec4 8;
    %jmp/0xz  T_85.21, 8;
    %load/vec4 v000001c0ff9f45b0_0;
    %parti/s 1, 9, 5;
    %load/vec4 v000001c0ff9f4150_0;
    %parti/s 8, 0, 2;
    %pad/u 10;
    %ix/vec4 3;
    %ix/load 4, 9, 0; part off
    %ix/load 5, 0, 0; Constant delay
    %assign/vec4/a/d v000001c0ff9f34d0, 4, 5;
T_85.21 ;
    %load/vec4 v000001c0ff9f4470_0;
    %parti/s 1, 10, 5;
    %nor/r;
    %flag_set/vec4 8;
    %jmp/0xz  T_85.23, 8;
    %load/vec4 v000001c0ff9f45b0_0;
    %parti/s 1, 10, 5;
    %load/vec4 v000001c0ff9f4150_0;
    %parti/s 8, 0, 2;
    %pad/u 10;
    %ix/vec4 3;
    %ix/load 4, 10, 0; part off
    %ix/load 5, 0, 0; Constant delay
    %assign/vec4/a/d v000001c0ff9f34d0, 4, 5;
T_85.23 ;
    %load/vec4 v000001c0ff9f4470_0;
    %parti/s 1, 11, 5;
    %nor/r;
    %flag_set/vec4 8;
    %jmp/0xz  T_85.25, 8;
    %load/vec4 v000001c0ff9f45b0_0;
    %parti/s 1, 11, 5;
    %load/vec4 v000001c0ff9f4150_0;
    %parti/s 8, 0, 2;
    %pad/u 10;
    %ix/vec4 3;
    %ix/load 4, 11, 0; part off
    %ix/load 5, 0, 0; Constant delay
    %assign/vec4/a/d v000001c0ff9f34d0, 4, 5;
T_85.25 ;
    %load/vec4 v000001c0ff9f4470_0;
    %parti/s 1, 12, 5;
    %nor/r;
    %flag_set/vec4 8;
    %jmp/0xz  T_85.27, 8;
    %load/vec4 v000001c0ff9f45b0_0;
    %parti/s 1, 12, 5;
    %load/vec4 v000001c0ff9f4150_0;
    %parti/s 8, 0, 2;
    %pad/u 10;
    %ix/vec4 3;
    %ix/load 4, 12, 0; part off
    %ix/load 5, 0, 0; Constant delay
    %assign/vec4/a/d v000001c0ff9f34d0, 4, 5;
T_85.27 ;
    %load/vec4 v000001c0ff9f4470_0;
    %parti/s 1, 13, 5;
    %nor/r;
    %flag_set/vec4 8;
    %jmp/0xz  T_85.29, 8;
    %load/vec4 v000001c0ff9f45b0_0;
    %parti/s 1, 13, 5;
    %load/vec4 v000001c0ff9f4150_0;
    %parti/s 8, 0, 2;
    %pad/u 10;
    %ix/vec4 3;
    %ix/load 4, 13, 0; part off
    %ix/load 5, 0, 0; Constant delay
    %assign/vec4/a/d v000001c0ff9f34d0, 4, 5;
T_85.29 ;
    %load/vec4 v000001c0ff9f4470_0;
    %parti/s 1, 14, 5;
    %nor/r;
    %flag_set/vec4 8;
    %jmp/0xz  T_85.31, 8;
    %load/vec4 v000001c0ff9f45b0_0;
    %parti/s 1, 14, 5;
    %load/vec4 v000001c0ff9f4150_0;
    %parti/s 8, 0, 2;
    %pad/u 10;
    %ix/vec4 3;
    %ix/load 4, 14, 0; part off
    %ix/load 5, 0, 0; Constant delay
    %assign/vec4/a/d v000001c0ff9f34d0, 4, 5;
T_85.31 ;
    %load/vec4 v000001c0ff9f4470_0;
    %parti/s 1, 15, 5;
    %nor/r;
    %flag_set/vec4 8;
    %jmp/0xz  T_85.33, 8;
    %load/vec4 v000001c0ff9f45b0_0;
    %parti/s 1, 15, 5;
    %load/vec4 v000001c0ff9f4150_0;
    %parti/s 8, 0, 2;
    %pad/u 10;
    %ix/vec4 3;
    %ix/load 4, 15, 0; part off
    %ix/load 5, 0, 0; Constant delay
    %assign/vec4/a/d v000001c0ff9f34d0, 4, 5;
T_85.33 ;
T_85.0 ;
    %jmp T_85;
    .thread T_85;
    .scope S_000001c0ff982c30;
T_86 ;
    %wait E_000001c0ff7c14c0;
    %load/vec4 v000001c0ff9f28f0_0;
    %flag_set/vec4 9;
    %flag_get/vec4 9;
    %jmp/0 T_86.2, 9;
    %load/vec4 v000001c0ff9f2710_0;
    %and;
T_86.2;
    %flag_set/vec4 8;
    %jmp/0xz  T_86.0, 8;
    %load/vec4 v000001c0ff9f39d0_0;
    %parti/s 8, 0, 2;
    %pad/u 10;
    %ix/vec4 4;
    %load/vec4a v000001c0ff9f34d0, 4;
    %load/vec4 v000001c0ff9f3c50_0;
    %inv;
    %and;
    %assign/vec4 v000001c0ff9f4010_0, 0;
T_86.0 ;
    %jmp T_86;
    .thread T_86;
    .scope S_000001c0ffa01da0;
T_87 ;
    %pushi/vec4 0, 0, 32;
    %store/vec4 v000001c0ff9f4790_0, 0, 32;
T_87.0 ; Top of for-loop
    %load/vec4 v000001c0ff9f4790_0;
    %cmpi/s 16, 0, 32;
	  %jmp/0xz T_87.1, 5;
    %pushi/vec4 0, 0, 256;
    %load/vec4 v000001c0ff9f4790_0;
    %muli 16, 0, 32;
    %part/s 16;
    %pushi/vec4 0, 0, 32;
    %load/vec4 v000001c0ff9f4790_0;
    %add;
    %ix/vec4/s 4;
    %store/vec4a v000001c0ff9f3e30, 4, 0;
    %pushi/vec4 0, 0, 256;
    %load/vec4 v000001c0ff9f4790_0;
    %muli 16, 0, 32;
    %part/s 16;
    %pushi/vec4 16, 0, 32;
    %load/vec4 v000001c0ff9f4790_0;
    %add;
    %ix/vec4/s 4;
    %store/vec4a v000001c0ff9f3e30, 4, 0;
    %pushi/vec4 0, 0, 256;
    %load/vec4 v000001c0ff9f4790_0;
    %muli 16, 0, 32;
    %part/s 16;
    %pushi/vec4 32, 0, 32;
    %load/vec4 v000001c0ff9f4790_0;
    %add;
    %ix/vec4/s 4;
    %store/vec4a v000001c0ff9f3e30, 4, 0;
    %pushi/vec4 0, 0, 256;
    %load/vec4 v000001c0ff9f4790_0;
    %muli 16, 0, 32;
    %part/s 16;
    %pushi/vec4 48, 0, 32;
    %load/vec4 v000001c0ff9f4790_0;
    %add;
    %ix/vec4/s 4;
    %store/vec4a v000001c0ff9f3e30, 4, 0;
    %pushi/vec4 0, 0, 256;
    %load/vec4 v000001c0ff9f4790_0;
    %muli 16, 0, 32;
    %part/s 16;
    %pushi/vec4 64, 0, 32;
    %load/vec4 v000001c0ff9f4790_0;
    %add;
    %ix/vec4/s 4;
    %store/vec4a v000001c0ff9f3e30, 4, 0;
    %pushi/vec4 0, 0, 256;
    %load/vec4 v000001c0ff9f4790_0;
    %muli 16, 0, 32;
    %part/s 16;
    %pushi/vec4 80, 0, 32;
    %load/vec4 v000001c0ff9f4790_0;
    %add;
    %ix/vec4/s 4;
    %store/vec4a v000001c0ff9f3e30, 4, 0;
    %pushi/vec4 0, 0, 256;
    %load/vec4 v000001c0ff9f4790_0;
    %muli 16, 0, 32;
    %part/s 16;
    %pushi/vec4 96, 0, 32;
    %load/vec4 v000001c0ff9f4790_0;
    %add;
    %ix/vec4/s 4;
    %store/vec4a v000001c0ff9f3e30, 4, 0;
    %pushi/vec4 0, 0, 256;
    %load/vec4 v000001c0ff9f4790_0;
    %muli 16, 0, 32;
    %part/s 16;
    %pushi/vec4 112, 0, 32;
    %load/vec4 v000001c0ff9f4790_0;
    %add;
    %ix/vec4/s 4;
    %store/vec4a v000001c0ff9f3e30, 4, 0;
    %pushi/vec4 0, 0, 256;
    %load/vec4 v000001c0ff9f4790_0;
    %muli 16, 0, 32;
    %part/s 16;
    %pushi/vec4 128, 0, 32;
    %load/vec4 v000001c0ff9f4790_0;
    %add;
    %ix/vec4/s 4;
    %store/vec4a v000001c0ff9f3e30, 4, 0;
    %pushi/vec4 0, 0, 256;
    %load/vec4 v000001c0ff9f4790_0;
    %muli 16, 0, 32;
    %part/s 16;
    %pushi/vec4 144, 0, 32;
    %load/vec4 v000001c0ff9f4790_0;
    %add;
    %ix/vec4/s 4;
    %store/vec4a v000001c0ff9f3e30, 4, 0;
    %pushi/vec4 0, 0, 256;
    %load/vec4 v000001c0ff9f4790_0;
    %muli 16, 0, 32;
    %part/s 16;
    %pushi/vec4 160, 0, 32;
    %load/vec4 v000001c0ff9f4790_0;
    %add;
    %ix/vec4/s 4;
    %store/vec4a v000001c0ff9f3e30, 4, 0;
    %pushi/vec4 0, 0, 256;
    %load/vec4 v000001c0ff9f4790_0;
    %muli 16, 0, 32;
    %part/s 16;
    %pushi/vec4 176, 0, 32;
    %load/vec4 v000001c0ff9f4790_0;
    %add;
    %ix/vec4/s 4;
    %store/vec4a v000001c0ff9f3e30, 4, 0;
    %pushi/vec4 0, 0, 256;
    %load/vec4 v000001c0ff9f4790_0;
    %muli 16, 0, 32;
    %part/s 16;
    %pushi/vec4 192, 0, 32;
    %load/vec4 v000001c0ff9f4790_0;
    %add;
    %ix/vec4/s 4;
    %store/vec4a v000001c0ff9f3e30, 4, 0;
    %pushi/vec4 0, 0, 256;
    %load/vec4 v000001c0ff9f4790_0;
    %muli 16, 0, 32;
    %part/s 16;
    %pushi/vec4 208, 0, 32;
    %load/vec4 v000001c0ff9f4790_0;
    %add;
    %ix/vec4/s 4;
    %store/vec4a v000001c0ff9f3e30, 4, 0;
    %pushi/vec4 0, 0, 256;
    %load/vec4 v000001c0ff9f4790_0;
    %muli 16, 0, 32;
    %part/s 16;
    %pushi/vec4 224, 0, 32;
    %load/vec4 v000001c0ff9f4790_0;
    %add;
    %ix/vec4/s 4;
    %store/vec4a v000001c0ff9f3e30, 4, 0;
    %pushi/vec4 0, 0, 256;
    %load/vec4 v000001c0ff9f4790_0;
    %muli 16, 0, 32;
    %part/s 16;
    %pushi/vec4 240, 0, 32;
    %load/vec4 v000001c0ff9f4790_0;
    %add;
    %ix/vec4/s 4;
    %store/vec4a v000001c0ff9f3e30, 4, 0;
T_87.2 ; for-loop step statement
    %load/vec4 v000001c0ff9f4790_0;
    %addi 1, 0, 32;
    %store/vec4 v000001c0ff9f4790_0, 0, 32;
    %jmp T_87.0;
T_87.1 ; for-loop exit label
    %end;
    .thread T_87;
    .scope S_000001c0ffa01da0;
T_88 ;
    %wait E_000001c0ff7c1380;
    %load/vec4 v000001c0ff9f2d50_0;
    %flag_set/vec4 9;
    %flag_get/vec4 9;
    %jmp/0 T_88.2, 9;
    %load/vec4 v000001c0ff9f2cb0_0;
    %and;
T_88.2;
    %flag_set/vec4 8;
    %jmp/0xz  T_88.0, 8;
    %load/vec4 v000001c0ff9f2fd0_0;
    %parti/s 1, 0, 2;
    %nor/r;
    %flag_set/vec4 8;
    %jmp/0xz  T_88.3, 8;
    %load/vec4 v000001c0ff9f3d90_0;
    %parti/s 1, 0, 2;
    %load/vec4 v000001c0ff9f3bb0_0;
    %parti/s 8, 0, 2;
    %pad/u 10;
    %ix/vec4 3;
    %ix/load 4, 0, 0; Constant delay
    %assign/vec4/a/d v000001c0ff9f3e30, 0, 4;
T_88.3 ;
    %load/vec4 v000001c0ff9f2fd0_0;
    %parti/s 1, 1, 2;
    %nor/r;
    %flag_set/vec4 8;
    %jmp/0xz  T_88.5, 8;
    %load/vec4 v000001c0ff9f3d90_0;
    %parti/s 1, 1, 2;
    %load/vec4 v000001c0ff9f3bb0_0;
    %parti/s 8, 0, 2;
    %pad/u 10;
    %ix/vec4 3;
    %ix/load 4, 1, 0; part off
    %ix/load 5, 0, 0; Constant delay
    %assign/vec4/a/d v000001c0ff9f3e30, 4, 5;
T_88.5 ;
    %load/vec4 v000001c0ff9f2fd0_0;
    %parti/s 1, 2, 3;
    %nor/r;
    %flag_set/vec4 8;
    %jmp/0xz  T_88.7, 8;
    %load/vec4 v000001c0ff9f3d90_0;
    %parti/s 1, 2, 3;
    %load/vec4 v000001c0ff9f3bb0_0;
    %parti/s 8, 0, 2;
    %pad/u 10;
    %ix/vec4 3;
    %ix/load 4, 2, 0; part off
    %ix/load 5, 0, 0; Constant delay
    %assign/vec4/a/d v000001c0ff9f3e30, 4, 5;
T_88.7 ;
    %load/vec4 v000001c0ff9f2fd0_0;
    %parti/s 1, 3, 3;
    %nor/r;
    %flag_set/vec4 8;
    %jmp/0xz  T_88.9, 8;
    %load/vec4 v000001c0ff9f3d90_0;
    %parti/s 1, 3, 3;
    %load/vec4 v000001c0ff9f3bb0_0;
    %parti/s 8, 0, 2;
    %pad/u 10;
    %ix/vec4 3;
    %ix/load 4, 3, 0; part off
    %ix/load 5, 0, 0; Constant delay
    %assign/vec4/a/d v000001c0ff9f3e30, 4, 5;
T_88.9 ;
    %load/vec4 v000001c0ff9f2fd0_0;
    %parti/s 1, 4, 4;
    %nor/r;
    %flag_set/vec4 8;
    %jmp/0xz  T_88.11, 8;
    %load/vec4 v000001c0ff9f3d90_0;
    %parti/s 1, 4, 4;
    %load/vec4 v000001c0ff9f3bb0_0;
    %parti/s 8, 0, 2;
    %pad/u 10;
    %ix/vec4 3;
    %ix/load 4, 4, 0; part off
    %ix/load 5, 0, 0; Constant delay
    %assign/vec4/a/d v000001c0ff9f3e30, 4, 5;
T_88.11 ;
    %load/vec4 v000001c0ff9f2fd0_0;
    %parti/s 1, 5, 4;
    %nor/r;
    %flag_set/vec4 8;
    %jmp/0xz  T_88.13, 8;
    %load/vec4 v000001c0ff9f3d90_0;
    %parti/s 1, 5, 4;
    %load/vec4 v000001c0ff9f3bb0_0;
    %parti/s 8, 0, 2;
    %pad/u 10;
    %ix/vec4 3;
    %ix/load 4, 5, 0; part off
    %ix/load 5, 0, 0; Constant delay
    %assign/vec4/a/d v000001c0ff9f3e30, 4, 5;
T_88.13 ;
    %load/vec4 v000001c0ff9f2fd0_0;
    %parti/s 1, 6, 4;
    %nor/r;
    %flag_set/vec4 8;
    %jmp/0xz  T_88.15, 8;
    %load/vec4 v000001c0ff9f3d90_0;
    %parti/s 1, 6, 4;
    %load/vec4 v000001c0ff9f3bb0_0;
    %parti/s 8, 0, 2;
    %pad/u 10;
    %ix/vec4 3;
    %ix/load 4, 6, 0; part off
    %ix/load 5, 0, 0; Constant delay
    %assign/vec4/a/d v000001c0ff9f3e30, 4, 5;
T_88.15 ;
    %load/vec4 v000001c0ff9f2fd0_0;
    %parti/s 1, 7, 4;
    %nor/r;
    %flag_set/vec4 8;
    %jmp/0xz  T_88.17, 8;
    %load/vec4 v000001c0ff9f3d90_0;
    %parti/s 1, 7, 4;
    %load/vec4 v000001c0ff9f3bb0_0;
    %parti/s 8, 0, 2;
    %pad/u 10;
    %ix/vec4 3;
    %ix/load 4, 7, 0; part off
    %ix/load 5, 0, 0; Constant delay
    %assign/vec4/a/d v000001c0ff9f3e30, 4, 5;
T_88.17 ;
    %load/vec4 v000001c0ff9f2fd0_0;
    %parti/s 1, 8, 5;
    %nor/r;
    %flag_set/vec4 8;
    %jmp/0xz  T_88.19, 8;
    %load/vec4 v000001c0ff9f3d90_0;
    %parti/s 1, 8, 5;
    %load/vec4 v000001c0ff9f3bb0_0;
    %parti/s 8, 0, 2;
    %pad/u 10;
    %ix/vec4 3;
    %ix/load 4, 8, 0; part off
    %ix/load 5, 0, 0; Constant delay
    %assign/vec4/a/d v000001c0ff9f3e30, 4, 5;
T_88.19 ;
    %load/vec4 v000001c0ff9f2fd0_0;
    %parti/s 1, 9, 5;
    %nor/r;
    %flag_set/vec4 8;
    %jmp/0xz  T_88.21, 8;
    %load/vec4 v000001c0ff9f3d90_0;
    %parti/s 1, 9, 5;
    %load/vec4 v000001c0ff9f3bb0_0;
    %parti/s 8, 0, 2;
    %pad/u 10;
    %ix/vec4 3;
    %ix/load 4, 9, 0; part off
    %ix/load 5, 0, 0; Constant delay
    %assign/vec4/a/d v000001c0ff9f3e30, 4, 5;
T_88.21 ;
    %load/vec4 v000001c0ff9f2fd0_0;
    %parti/s 1, 10, 5;
    %nor/r;
    %flag_set/vec4 8;
    %jmp/0xz  T_88.23, 8;
    %load/vec4 v000001c0ff9f3d90_0;
    %parti/s 1, 10, 5;
    %load/vec4 v000001c0ff9f3bb0_0;
    %parti/s 8, 0, 2;
    %pad/u 10;
    %ix/vec4 3;
    %ix/load 4, 10, 0; part off
    %ix/load 5, 0, 0; Constant delay
    %assign/vec4/a/d v000001c0ff9f3e30, 4, 5;
T_88.23 ;
    %load/vec4 v000001c0ff9f2fd0_0;
    %parti/s 1, 11, 5;
    %nor/r;
    %flag_set/vec4 8;
    %jmp/0xz  T_88.25, 8;
    %load/vec4 v000001c0ff9f3d90_0;
    %parti/s 1, 11, 5;
    %load/vec4 v000001c0ff9f3bb0_0;
    %parti/s 8, 0, 2;
    %pad/u 10;
    %ix/vec4 3;
    %ix/load 4, 11, 0; part off
    %ix/load 5, 0, 0; Constant delay
    %assign/vec4/a/d v000001c0ff9f3e30, 4, 5;
T_88.25 ;
    %load/vec4 v000001c0ff9f2fd0_0;
    %parti/s 1, 12, 5;
    %nor/r;
    %flag_set/vec4 8;
    %jmp/0xz  T_88.27, 8;
    %load/vec4 v000001c0ff9f3d90_0;
    %parti/s 1, 12, 5;
    %load/vec4 v000001c0ff9f3bb0_0;
    %parti/s 8, 0, 2;
    %pad/u 10;
    %ix/vec4 3;
    %ix/load 4, 12, 0; part off
    %ix/load 5, 0, 0; Constant delay
    %assign/vec4/a/d v000001c0ff9f3e30, 4, 5;
T_88.27 ;
    %load/vec4 v000001c0ff9f2fd0_0;
    %parti/s 1, 13, 5;
    %nor/r;
    %flag_set/vec4 8;
    %jmp/0xz  T_88.29, 8;
    %load/vec4 v000001c0ff9f3d90_0;
    %parti/s 1, 13, 5;
    %load/vec4 v000001c0ff9f3bb0_0;
    %parti/s 8, 0, 2;
    %pad/u 10;
    %ix/vec4 3;
    %ix/load 4, 13, 0; part off
    %ix/load 5, 0, 0; Constant delay
    %assign/vec4/a/d v000001c0ff9f3e30, 4, 5;
T_88.29 ;
    %load/vec4 v000001c0ff9f2fd0_0;
    %parti/s 1, 14, 5;
    %nor/r;
    %flag_set/vec4 8;
    %jmp/0xz  T_88.31, 8;
    %load/vec4 v000001c0ff9f3d90_0;
    %parti/s 1, 14, 5;
    %load/vec4 v000001c0ff9f3bb0_0;
    %parti/s 8, 0, 2;
    %pad/u 10;
    %ix/vec4 3;
    %ix/load 4, 14, 0; part off
    %ix/load 5, 0, 0; Constant delay
    %assign/vec4/a/d v000001c0ff9f3e30, 4, 5;
T_88.31 ;
    %load/vec4 v000001c0ff9f2fd0_0;
    %parti/s 1, 15, 5;
    %nor/r;
    %flag_set/vec4 8;
    %jmp/0xz  T_88.33, 8;
    %load/vec4 v000001c0ff9f3d90_0;
    %parti/s 1, 15, 5;
    %load/vec4 v000001c0ff9f3bb0_0;
    %parti/s 8, 0, 2;
    %pad/u 10;
    %ix/vec4 3;
    %ix/load 4, 15, 0; part off
    %ix/load 5, 0, 0; Constant delay
    %assign/vec4/a/d v000001c0ff9f3e30, 4, 5;
T_88.33 ;
T_88.0 ;
    %jmp T_88;
    .thread T_88;
    .scope S_000001c0ffa01da0;
T_89 ;
    %wait E_000001c0ff7c1500;
    %load/vec4 v000001c0ff9f2530_0;
    %flag_set/vec4 9;
    %flag_get/vec4 9;
    %jmp/0 T_89.2, 9;
    %load/vec4 v000001c0ff9f3570_0;
    %and;
T_89.2;
    %flag_set/vec4 8;
    %jmp/0xz  T_89.0, 8;
    %load/vec4 v000001c0ff9f41f0_0;
    %parti/s 8, 0, 2;
    %pad/u 10;
    %ix/vec4 4;
    %load/vec4a v000001c0ff9f3e30, 4;
    %load/vec4 v000001c0ff9f3a70_0;
    %inv;
    %and;
    %assign/vec4 v000001c0ff9f25d0_0, 0;
T_89.0 ;
    %jmp T_89;
    .thread T_89;
    .scope S_000001c0ffa00e00;
T_90 ;
    %pushi/vec4 0, 0, 32;
    %store/vec4 v000001c0ffa0d7d0_0, 0, 32;
T_90.0 ; Top of for-loop
    %load/vec4 v000001c0ffa0d7d0_0;
    %cmpi/s 16, 0, 32;
	  %jmp/0xz T_90.1, 5;
    %pushi/vec4 0, 0, 256;
    %load/vec4 v000001c0ffa0d7d0_0;
    %muli 16, 0, 32;
    %part/s 16;
    %pushi/vec4 0, 0, 32;
    %load/vec4 v000001c0ffa0d7d0_0;
    %add;
    %ix/vec4/s 4;
    %store/vec4a v000001c0ffa0bed0, 4, 0;
    %pushi/vec4 0, 0, 256;
    %load/vec4 v000001c0ffa0d7d0_0;
    %muli 16, 0, 32;
    %part/s 16;
    %pushi/vec4 16, 0, 32;
    %load/vec4 v000001c0ffa0d7d0_0;
    %add;
    %ix/vec4/s 4;
    %store/vec4a v000001c0ffa0bed0, 4, 0;
    %pushi/vec4 0, 0, 256;
    %load/vec4 v000001c0ffa0d7d0_0;
    %muli 16, 0, 32;
    %part/s 16;
    %pushi/vec4 32, 0, 32;
    %load/vec4 v000001c0ffa0d7d0_0;
    %add;
    %ix/vec4/s 4;
    %store/vec4a v000001c0ffa0bed0, 4, 0;
    %pushi/vec4 0, 0, 256;
    %load/vec4 v000001c0ffa0d7d0_0;
    %muli 16, 0, 32;
    %part/s 16;
    %pushi/vec4 48, 0, 32;
    %load/vec4 v000001c0ffa0d7d0_0;
    %add;
    %ix/vec4/s 4;
    %store/vec4a v000001c0ffa0bed0, 4, 0;
    %pushi/vec4 0, 0, 256;
    %load/vec4 v000001c0ffa0d7d0_0;
    %muli 16, 0, 32;
    %part/s 16;
    %pushi/vec4 64, 0, 32;
    %load/vec4 v000001c0ffa0d7d0_0;
    %add;
    %ix/vec4/s 4;
    %store/vec4a v000001c0ffa0bed0, 4, 0;
    %pushi/vec4 0, 0, 256;
    %load/vec4 v000001c0ffa0d7d0_0;
    %muli 16, 0, 32;
    %part/s 16;
    %pushi/vec4 80, 0, 32;
    %load/vec4 v000001c0ffa0d7d0_0;
    %add;
    %ix/vec4/s 4;
    %store/vec4a v000001c0ffa0bed0, 4, 0;
    %pushi/vec4 0, 0, 256;
    %load/vec4 v000001c0ffa0d7d0_0;
    %muli 16, 0, 32;
    %part/s 16;
    %pushi/vec4 96, 0, 32;
    %load/vec4 v000001c0ffa0d7d0_0;
    %add;
    %ix/vec4/s 4;
    %store/vec4a v000001c0ffa0bed0, 4, 0;
    %pushi/vec4 0, 0, 256;
    %load/vec4 v000001c0ffa0d7d0_0;
    %muli 16, 0, 32;
    %part/s 16;
    %pushi/vec4 112, 0, 32;
    %load/vec4 v000001c0ffa0d7d0_0;
    %add;
    %ix/vec4/s 4;
    %store/vec4a v000001c0ffa0bed0, 4, 0;
    %pushi/vec4 0, 0, 256;
    %load/vec4 v000001c0ffa0d7d0_0;
    %muli 16, 0, 32;
    %part/s 16;
    %pushi/vec4 128, 0, 32;
    %load/vec4 v000001c0ffa0d7d0_0;
    %add;
    %ix/vec4/s 4;
    %store/vec4a v000001c0ffa0bed0, 4, 0;
    %pushi/vec4 0, 0, 256;
    %load/vec4 v000001c0ffa0d7d0_0;
    %muli 16, 0, 32;
    %part/s 16;
    %pushi/vec4 144, 0, 32;
    %load/vec4 v000001c0ffa0d7d0_0;
    %add;
    %ix/vec4/s 4;
    %store/vec4a v000001c0ffa0bed0, 4, 0;
    %pushi/vec4 0, 0, 256;
    %load/vec4 v000001c0ffa0d7d0_0;
    %muli 16, 0, 32;
    %part/s 16;
    %pushi/vec4 160, 0, 32;
    %load/vec4 v000001c0ffa0d7d0_0;
    %add;
    %ix/vec4/s 4;
    %store/vec4a v000001c0ffa0bed0, 4, 0;
    %pushi/vec4 0, 0, 256;
    %load/vec4 v000001c0ffa0d7d0_0;
    %muli 16, 0, 32;
    %part/s 16;
    %pushi/vec4 176, 0, 32;
    %load/vec4 v000001c0ffa0d7d0_0;
    %add;
    %ix/vec4/s 4;
    %store/vec4a v000001c0ffa0bed0, 4, 0;
    %pushi/vec4 0, 0, 256;
    %load/vec4 v000001c0ffa0d7d0_0;
    %muli 16, 0, 32;
    %part/s 16;
    %pushi/vec4 192, 0, 32;
    %load/vec4 v000001c0ffa0d7d0_0;
    %add;
    %ix/vec4/s 4;
    %store/vec4a v000001c0ffa0bed0, 4, 0;
    %pushi/vec4 0, 0, 256;
    %load/vec4 v000001c0ffa0d7d0_0;
    %muli 16, 0, 32;
    %part/s 16;
    %pushi/vec4 208, 0, 32;
    %load/vec4 v000001c0ffa0d7d0_0;
    %add;
    %ix/vec4/s 4;
    %store/vec4a v000001c0ffa0bed0, 4, 0;
    %pushi/vec4 0, 0, 256;
    %load/vec4 v000001c0ffa0d7d0_0;
    %muli 16, 0, 32;
    %part/s 16;
    %pushi/vec4 224, 0, 32;
    %load/vec4 v000001c0ffa0d7d0_0;
    %add;
    %ix/vec4/s 4;
    %store/vec4a v000001c0ffa0bed0, 4, 0;
    %pushi/vec4 0, 0, 256;
    %load/vec4 v000001c0ffa0d7d0_0;
    %muli 16, 0, 32;
    %part/s 16;
    %pushi/vec4 240, 0, 32;
    %load/vec4 v000001c0ffa0d7d0_0;
    %add;
    %ix/vec4/s 4;
    %store/vec4a v000001c0ffa0bed0, 4, 0;
T_90.2 ; for-loop step statement
    %load/vec4 v000001c0ffa0d7d0_0;
    %addi 1, 0, 32;
    %store/vec4 v000001c0ffa0d7d0_0, 0, 32;
    %jmp T_90.0;
T_90.1 ; for-loop exit label
    %end;
    .thread T_90;
    .scope S_000001c0ffa00e00;
T_91 ;
    %wait E_000001c0ff7c1200;
    %load/vec4 v000001c0ffa0ce70_0;
    %flag_set/vec4 9;
    %flag_get/vec4 9;
    %jmp/0 T_91.2, 9;
    %load/vec4 v000001c0ffa0cdd0_0;
    %and;
T_91.2;
    %flag_set/vec4 8;
    %jmp/0xz  T_91.0, 8;
    %load/vec4 v000001c0ffa0c0b0_0;
    %parti/s 1, 0, 2;
    %nor/r;
    %flag_set/vec4 8;
    %jmp/0xz  T_91.3, 8;
    %load/vec4 v000001c0ffa0daf0_0;
    %parti/s 1, 0, 2;
    %load/vec4 v000001c0ff9f50f0_0;
    %parti/s 8, 0, 2;
    %pad/u 10;
    %ix/vec4 3;
    %ix/load 4, 0, 0; Constant delay
    %assign/vec4/a/d v000001c0ffa0bed0, 0, 4;
T_91.3 ;
    %load/vec4 v000001c0ffa0c0b0_0;
    %parti/s 1, 1, 2;
    %nor/r;
    %flag_set/vec4 8;
    %jmp/0xz  T_91.5, 8;
    %load/vec4 v000001c0ffa0daf0_0;
    %parti/s 1, 1, 2;
    %load/vec4 v000001c0ff9f50f0_0;
    %parti/s 8, 0, 2;
    %pad/u 10;
    %ix/vec4 3;
    %ix/load 4, 1, 0; part off
    %ix/load 5, 0, 0; Constant delay
    %assign/vec4/a/d v000001c0ffa0bed0, 4, 5;
T_91.5 ;
    %load/vec4 v000001c0ffa0c0b0_0;
    %parti/s 1, 2, 3;
    %nor/r;
    %flag_set/vec4 8;
    %jmp/0xz  T_91.7, 8;
    %load/vec4 v000001c0ffa0daf0_0;
    %parti/s 1, 2, 3;
    %load/vec4 v000001c0ff9f50f0_0;
    %parti/s 8, 0, 2;
    %pad/u 10;
    %ix/vec4 3;
    %ix/load 4, 2, 0; part off
    %ix/load 5, 0, 0; Constant delay
    %assign/vec4/a/d v000001c0ffa0bed0, 4, 5;
T_91.7 ;
    %load/vec4 v000001c0ffa0c0b0_0;
    %parti/s 1, 3, 3;
    %nor/r;
    %flag_set/vec4 8;
    %jmp/0xz  T_91.9, 8;
    %load/vec4 v000001c0ffa0daf0_0;
    %parti/s 1, 3, 3;
    %load/vec4 v000001c0ff9f50f0_0;
    %parti/s 8, 0, 2;
    %pad/u 10;
    %ix/vec4 3;
    %ix/load 4, 3, 0; part off
    %ix/load 5, 0, 0; Constant delay
    %assign/vec4/a/d v000001c0ffa0bed0, 4, 5;
T_91.9 ;
    %load/vec4 v000001c0ffa0c0b0_0;
    %parti/s 1, 4, 4;
    %nor/r;
    %flag_set/vec4 8;
    %jmp/0xz  T_91.11, 8;
    %load/vec4 v000001c0ffa0daf0_0;
    %parti/s 1, 4, 4;
    %load/vec4 v000001c0ff9f50f0_0;
    %parti/s 8, 0, 2;
    %pad/u 10;
    %ix/vec4 3;
    %ix/load 4, 4, 0; part off
    %ix/load 5, 0, 0; Constant delay
    %assign/vec4/a/d v000001c0ffa0bed0, 4, 5;
T_91.11 ;
    %load/vec4 v000001c0ffa0c0b0_0;
    %parti/s 1, 5, 4;
    %nor/r;
    %flag_set/vec4 8;
    %jmp/0xz  T_91.13, 8;
    %load/vec4 v000001c0ffa0daf0_0;
    %parti/s 1, 5, 4;
    %load/vec4 v000001c0ff9f50f0_0;
    %parti/s 8, 0, 2;
    %pad/u 10;
    %ix/vec4 3;
    %ix/load 4, 5, 0; part off
    %ix/load 5, 0, 0; Constant delay
    %assign/vec4/a/d v000001c0ffa0bed0, 4, 5;
T_91.13 ;
    %load/vec4 v000001c0ffa0c0b0_0;
    %parti/s 1, 6, 4;
    %nor/r;
    %flag_set/vec4 8;
    %jmp/0xz  T_91.15, 8;
    %load/vec4 v000001c0ffa0daf0_0;
    %parti/s 1, 6, 4;
    %load/vec4 v000001c0ff9f50f0_0;
    %parti/s 8, 0, 2;
    %pad/u 10;
    %ix/vec4 3;
    %ix/load 4, 6, 0; part off
    %ix/load 5, 0, 0; Constant delay
    %assign/vec4/a/d v000001c0ffa0bed0, 4, 5;
T_91.15 ;
    %load/vec4 v000001c0ffa0c0b0_0;
    %parti/s 1, 7, 4;
    %nor/r;
    %flag_set/vec4 8;
    %jmp/0xz  T_91.17, 8;
    %load/vec4 v000001c0ffa0daf0_0;
    %parti/s 1, 7, 4;
    %load/vec4 v000001c0ff9f50f0_0;
    %parti/s 8, 0, 2;
    %pad/u 10;
    %ix/vec4 3;
    %ix/load 4, 7, 0; part off
    %ix/load 5, 0, 0; Constant delay
    %assign/vec4/a/d v000001c0ffa0bed0, 4, 5;
T_91.17 ;
    %load/vec4 v000001c0ffa0c0b0_0;
    %parti/s 1, 8, 5;
    %nor/r;
    %flag_set/vec4 8;
    %jmp/0xz  T_91.19, 8;
    %load/vec4 v000001c0ffa0daf0_0;
    %parti/s 1, 8, 5;
    %load/vec4 v000001c0ff9f50f0_0;
    %parti/s 8, 0, 2;
    %pad/u 10;
    %ix/vec4 3;
    %ix/load 4, 8, 0; part off
    %ix/load 5, 0, 0; Constant delay
    %assign/vec4/a/d v000001c0ffa0bed0, 4, 5;
T_91.19 ;
    %load/vec4 v000001c0ffa0c0b0_0;
    %parti/s 1, 9, 5;
    %nor/r;
    %flag_set/vec4 8;
    %jmp/0xz  T_91.21, 8;
    %load/vec4 v000001c0ffa0daf0_0;
    %parti/s 1, 9, 5;
    %load/vec4 v000001c0ff9f50f0_0;
    %parti/s 8, 0, 2;
    %pad/u 10;
    %ix/vec4 3;
    %ix/load 4, 9, 0; part off
    %ix/load 5, 0, 0; Constant delay
    %assign/vec4/a/d v000001c0ffa0bed0, 4, 5;
T_91.21 ;
    %load/vec4 v000001c0ffa0c0b0_0;
    %parti/s 1, 10, 5;
    %nor/r;
    %flag_set/vec4 8;
    %jmp/0xz  T_91.23, 8;
    %load/vec4 v000001c0ffa0daf0_0;
    %parti/s 1, 10, 5;
    %load/vec4 v000001c0ff9f50f0_0;
    %parti/s 8, 0, 2;
    %pad/u 10;
    %ix/vec4 3;
    %ix/load 4, 10, 0; part off
    %ix/load 5, 0, 0; Constant delay
    %assign/vec4/a/d v000001c0ffa0bed0, 4, 5;
T_91.23 ;
    %load/vec4 v000001c0ffa0c0b0_0;
    %parti/s 1, 11, 5;
    %nor/r;
    %flag_set/vec4 8;
    %jmp/0xz  T_91.25, 8;
    %load/vec4 v000001c0ffa0daf0_0;
    %parti/s 1, 11, 5;
    %load/vec4 v000001c0ff9f50f0_0;
    %parti/s 8, 0, 2;
    %pad/u 10;
    %ix/vec4 3;
    %ix/load 4, 11, 0; part off
    %ix/load 5, 0, 0; Constant delay
    %assign/vec4/a/d v000001c0ffa0bed0, 4, 5;
T_91.25 ;
    %load/vec4 v000001c0ffa0c0b0_0;
    %parti/s 1, 12, 5;
    %nor/r;
    %flag_set/vec4 8;
    %jmp/0xz  T_91.27, 8;
    %load/vec4 v000001c0ffa0daf0_0;
    %parti/s 1, 12, 5;
    %load/vec4 v000001c0ff9f50f0_0;
    %parti/s 8, 0, 2;
    %pad/u 10;
    %ix/vec4 3;
    %ix/load 4, 12, 0; part off
    %ix/load 5, 0, 0; Constant delay
    %assign/vec4/a/d v000001c0ffa0bed0, 4, 5;
T_91.27 ;
    %load/vec4 v000001c0ffa0c0b0_0;
    %parti/s 1, 13, 5;
    %nor/r;
    %flag_set/vec4 8;
    %jmp/0xz  T_91.29, 8;
    %load/vec4 v000001c0ffa0daf0_0;
    %parti/s 1, 13, 5;
    %load/vec4 v000001c0ff9f50f0_0;
    %parti/s 8, 0, 2;
    %pad/u 10;
    %ix/vec4 3;
    %ix/load 4, 13, 0; part off
    %ix/load 5, 0, 0; Constant delay
    %assign/vec4/a/d v000001c0ffa0bed0, 4, 5;
T_91.29 ;
    %load/vec4 v000001c0ffa0c0b0_0;
    %parti/s 1, 14, 5;
    %nor/r;
    %flag_set/vec4 8;
    %jmp/0xz  T_91.31, 8;
    %load/vec4 v000001c0ffa0daf0_0;
    %parti/s 1, 14, 5;
    %load/vec4 v000001c0ff9f50f0_0;
    %parti/s 8, 0, 2;
    %pad/u 10;
    %ix/vec4 3;
    %ix/load 4, 14, 0; part off
    %ix/load 5, 0, 0; Constant delay
    %assign/vec4/a/d v000001c0ffa0bed0, 4, 5;
T_91.31 ;
    %load/vec4 v000001c0ffa0c0b0_0;
    %parti/s 1, 15, 5;
    %nor/r;
    %flag_set/vec4 8;
    %jmp/0xz  T_91.33, 8;
    %load/vec4 v000001c0ffa0daf0_0;
    %parti/s 1, 15, 5;
    %load/vec4 v000001c0ff9f50f0_0;
    %parti/s 8, 0, 2;
    %pad/u 10;
    %ix/vec4 3;
    %ix/load 4, 15, 0; part off
    %ix/load 5, 0, 0; Constant delay
    %assign/vec4/a/d v000001c0ffa0bed0, 4, 5;
T_91.33 ;
T_91.0 ;
    %jmp T_91;
    .thread T_91;
    .scope S_000001c0ffa00e00;
T_92 ;
    %wait E_000001c0ff7c11c0;
    %load/vec4 v000001c0ff9f4e70_0;
    %flag_set/vec4 9;
    %flag_get/vec4 9;
    %jmp/0 T_92.2, 9;
    %load/vec4 v000001c0ff9f4f10_0;
    %and;
T_92.2;
    %flag_set/vec4 8;
    %jmp/0xz  T_92.0, 8;
    %load/vec4 v000001c0ff9f4fb0_0;
    %parti/s 8, 0, 2;
    %pad/u 10;
    %ix/vec4 4;
    %load/vec4a v000001c0ffa0bed0, 4;
    %load/vec4 v000001c0ff9f5050_0;
    %inv;
    %and;
    %assign/vec4 v000001c0ff9f4c90_0, 0;
T_92.0 ;
    %jmp T_92;
    .thread T_92;
    .scope S_000001c0ff981970;
T_93 ;
    %wait E_000001c0ff7c16c0;
    %pushi/vec4 0, 0, 32;
    %store/vec4 v000001c0ffa07d30_0, 0, 32;
T_93.0 ; Top of for-loop
    %load/vec4 v000001c0ffa07d30_0;
    %cmpi/s 16383, 0, 32;
    %flag_or 5, 4;
	  %jmp/0xz T_93.1, 5;
    %pushi/vec4 65535, 65535, 16;
    %ix/getv/s 4, v000001c0ffa07d30_0;
    %store/vec4a v000001c0ffa07bf0, 4, 0;
T_93.2 ; for-loop step statement
    %load/vec4 v000001c0ffa07d30_0;
    %addi 1, 0, 32;
    %store/vec4 v000001c0ffa07d30_0, 0, 32;
    %jmp T_93.0;
T_93.1 ; for-loop exit label
    %jmp T_93;
    .thread T_93;
    .scope S_000001c0ff981970;
T_94 ;
    %wait E_000001c0ff7c1240;
    %load/vec4 v000001c0ffa078d0_0;
    %flag_set/vec4 8;
    %jmp/0xz  T_94.0, 8;
    %pushi/vec4 0, 0, 16;
    %assign/vec4 v000001c0ffa07830_0, 0;
    %jmp T_94.1;
T_94.0 ;
    %load/vec4 v000001c0ffa07f10_0;
    %flag_set/vec4 8;
    %jmp/0xz  T_94.2, 8;
    %pushi/vec4 65535, 65535, 16;
    %assign/vec4 v000001c0ffa07830_0, 0;
    %jmp T_94.3;
T_94.2 ;
    %load/vec4 v000001c0ffa07790_0;
    %flag_set/vec4 8;
    %jmp/0xz  T_94.4, 8;
    %load/vec4 v000001c0ffa07fb0_0;
    %nor/r;
    %flag_set/vec4 8;
    %jmp/0xz  T_94.6, 8;
    %load/vec4 v000001c0ffa08e10_0;
    %pad/u 16;
    %ix/vec4 4;
    %load/vec4a v000001c0ffa07bf0, 4;
    %assign/vec4 v000001c0ffa07830_0, 0;
    %jmp T_94.7;
T_94.6 ;
    %load/vec4 v000001c0ffa08cd0_0;
    %parti/s 1, 0, 2;
    %flag_set/vec4 8;
    %jmp/0xz  T_94.8, 8;
    %load/vec4 v000001c0ffa085f0_0;
    %parti/s 4, 0, 2;
    %load/vec4 v000001c0ffa08e10_0;
    %pad/u 16;
    %ix/vec4 3;
    %ix/load 4, 0, 0; Constant delay
    %assign/vec4/a/d v000001c0ffa07bf0, 0, 4;
T_94.8 ;
    %load/vec4 v000001c0ffa08cd0_0;
    %parti/s 1, 1, 2;
    %flag_set/vec4 8;
    %jmp/0xz  T_94.10, 8;
    %load/vec4 v000001c0ffa085f0_0;
    %parti/s 4, 4, 4;
    %load/vec4 v000001c0ffa08e10_0;
    %pad/u 16;
    %ix/vec4 3;
    %ix/load 4, 4, 0; part off
    %ix/load 5, 0, 0; Constant delay
    %assign/vec4/a/d v000001c0ffa07bf0, 4, 5;
T_94.10 ;
    %load/vec4 v000001c0ffa08cd0_0;
    %parti/s 1, 2, 3;
    %flag_set/vec4 8;
    %jmp/0xz  T_94.12, 8;
    %load/vec4 v000001c0ffa085f0_0;
    %parti/s 4, 8, 5;
    %load/vec4 v000001c0ffa08e10_0;
    %pad/u 16;
    %ix/vec4 3;
    %ix/load 4, 8, 0; part off
    %ix/load 5, 0, 0; Constant delay
    %assign/vec4/a/d v000001c0ffa07bf0, 4, 5;
T_94.12 ;
    %load/vec4 v000001c0ffa08cd0_0;
    %parti/s 1, 3, 3;
    %flag_set/vec4 8;
    %jmp/0xz  T_94.14, 8;
    %load/vec4 v000001c0ffa085f0_0;
    %parti/s 4, 12, 5;
    %load/vec4 v000001c0ffa08e10_0;
    %pad/u 16;
    %ix/vec4 3;
    %ix/load 4, 12, 0; part off
    %ix/load 5, 0, 0; Constant delay
    %assign/vec4/a/d v000001c0ffa07bf0, 4, 5;
T_94.14 ;
    %pushi/vec4 65535, 65535, 16;
    %assign/vec4 v000001c0ffa07830_0, 0;
T_94.7 ;
T_94.4 ;
T_94.3 ;
T_94.1 ;
    %jmp T_94;
    .thread T_94;
    .scope S_000001c0ff982910;
T_95 ;
    %vpi_call/w 4 7 "$dumpvars", 32'sb00000000000000000000000000000000, S_000001c0ff982910 {0 0 0};
    %pushi/vec4 0, 0, 1;
    %store/vec4 v000001c0ffa06c50_0, 0, 1;
    %delay 10000, 0;
    %pushi/vec4 1, 0, 1;
    %store/vec4 v000001c0ffa06c50_0, 0, 1;
    %delay 10000, 0;
    %vpi_call/w 4 10 "$finish" {0 0 0};
    %end;
    .thread T_95;
# The file index is used to find the file name in the following table.
:file_names 7;
    "N/A";
    "<interactive>";
    "-";
    "C:\Users\beade\.apio\packages\oss-cad-suite\share\yosys\ice40\cells_sim.v";
    "ex1_tb.v";
    "ex1_top.v";
    "ex1_led_switch.v";
