#! 
:ivl_version "14.0 (devel)" "(s20251012-140-gf5a178d47-dirty)";
:ivl_delay_selection "TYPICAL";
:vpi_time_precision - 12;
:vpi_module "C:\Users\beade\APIO~1\packages\OSS-CA~1\lib\ivl\system.vpi";
:vpi_module "C:\Users\beade\APIO~1\packages\OSS-CA~1\lib\ivl\vhdl_sys.vpi";
:vpi_module "C:\Users\beade\APIO~1\packages\OSS-CA~1\lib\ivl\vhdl_textio.vpi";
:vpi_module "C:\Users\beade\APIO~1\packages\OSS-CA~1\lib\ivl\v2005_math.vpi";
:vpi_module "C:\Users\beade\APIO~1\packages\OSS-CA~1\lib\ivl\va_math.vpi";
:vpi_module "C:\Users\beade\APIO~1\packages\OSS-CA~1\lib\ivl\v2009.vpi";
S_00000215ae721690 .scope package, "$unit" "$unit" 2 1;
 .timescale 0 0;
S_00000215ae71b220 .scope module, "ICESTORM_LC" "ICESTORM_LC" 3 2136;
 .timescale -12 -12;
    .port_info 0 /INPUT 1 "I0";
    .port_info 1 /INPUT 1 "I1";
    .port_info 2 /INPUT 1 "I2";
    .port_info 3 /INPUT 1 "I3";
    .port_info 4 /INPUT 1 "CIN";
    .port_info 5 /INPUT 1 "CLK";
    .port_info 6 /INPUT 1 "CEN";
    .port_info 7 /INPUT 1 "SR";
    .port_info 8 /OUTPUT 1 "LO";
    .port_info 9 /OUTPUT 1 "O";
    .port_info 10 /OUTPUT 1 "COUT";
P_00000215ae6f6fd0 .param/l "ASYNC_SR" 0 3 2148, C4<0>;
P_00000215ae6f7008 .param/l "CARRY_ENABLE" 0 3 2145, C4<0>;
P_00000215ae6f7040 .param/l "CIN_CONST" 0 3 2150, C4<0>;
P_00000215ae6f7078 .param/l "CIN_SET" 0 3 2151, C4<0>;
P_00000215ae6f70b0 .param/l "DFF_ENABLE" 0 3 2146, C4<0>;
P_00000215ae6f70e8 .param/l "LUT_INIT" 0 3 2142, C4<0000000000000000>;
P_00000215ae6f7120 .param/l "NEG_CLK" 0 3 2144, C4<0>;
P_00000215ae6f7158 .param/l "SET_NORESET" 0 3 2147, C4<0>;
o00000215ae9000e8 .functor BUFZ 1, c4<z>; HiZ drive
L_00000215ae70e910 .functor BUFZ 1, o00000215ae9000e8, C4<0>, C4<0>, C4<0>;
L_00000215ae70e7c0 .functor BUFZ 1, L_00000215ae96c150, C4<0>, C4<0>, C4<0>;
o00000215ae900118 .functor BUFZ 1, c4<z>; HiZ drive
L_00000215ae973f30 .functor BUFT 1, C4<0>, C4<0>, C4<0>, C4<0>;
L_00000215ae9bc470 .functor XOR 1, o00000215ae900118, L_00000215ae973f30, C4<0>, C4<0>;
L_00000215ae9bbd70 .functor BUFZ 1, L_00000215ae96c150, C4<0>, C4<0>, C4<0>;
o00000215ae900088 .functor BUFZ 1, c4<z>; HiZ drive
v00000215ae896c80_0 .net "CEN", 0 0, o00000215ae900088;  0 drivers
v00000215ae895ce0_0 .net "CEN_pu", 0 0, L_00000215ae96e130;  1 drivers
v00000215ae8968c0_0 .net "CIN", 0 0, o00000215ae9000e8;  0 drivers
v00000215ae897720_0 .net "CLK", 0 0, o00000215ae900118;  0 drivers
L_00000215ae973e58 .functor BUFT 1, C4<x>, C4<0>, C4<0>, C4<0>;
v00000215ae895f60_0 .net "COUT", 0 0, L_00000215ae973e58;  1 drivers
o00000215ae900178 .functor BUFZ 1, c4<z>; HiZ drive
v00000215ae896460_0 .net "I0", 0 0, o00000215ae900178;  0 drivers
v00000215ae8961e0_0 .net "I0_pd", 0 0, L_00000215ae96cf10;  1 drivers
o00000215ae9001d8 .functor BUFZ 1, c4<z>; HiZ drive
v00000215ae896320_0 .net "I1", 0 0, o00000215ae9001d8;  0 drivers
v00000215ae896d20_0 .net "I1_pd", 0 0, L_00000215ae96d0f0;  1 drivers
o00000215ae900238 .functor BUFZ 1, c4<z>; HiZ drive
v00000215ae895b00_0 .net "I2", 0 0, o00000215ae900238;  0 drivers
v00000215ae8970e0_0 .net "I2_pd", 0 0, L_00000215ae96d190;  1 drivers
o00000215ae900298 .functor BUFZ 1, c4<z>; HiZ drive
v00000215ae895d80_0 .net "I3", 0 0, o00000215ae900298;  0 drivers
v00000215ae897180_0 .net "I3_pd", 0 0, L_00000215ae96c650;  1 drivers
v00000215ae8972c0_0 .net "LO", 0 0, L_00000215ae70e7c0;  1 drivers
v00000215ae896000_0 .net "O", 0 0, L_00000215ae9bbd70;  1 drivers
o00000215ae900358 .functor BUFZ 1, c4<z>; HiZ drive
v00000215ae895a60_0 .net "SR", 0 0, o00000215ae900358;  0 drivers
v00000215ae896280_0 .net "SR_pd", 0 0, L_00000215ae96de10;  1 drivers
o00000215ae9003b8 .functor BUFZ 1, c4<z>; HiZ drive
; Elide local net with no drivers, v00000215ae87e7a0_0 name=_ivl_0
v00000215ae87ede0_0 .net *"_ivl_10", 0 0, L_00000215ae96bcf0;  1 drivers
L_00000215ae973cf0 .functor BUFT 1, C4<0>, C4<0>, C4<0>, C4<0>;
v00000215ae87f100_0 .net/2u *"_ivl_12", 0 0, L_00000215ae973cf0;  1 drivers
o00000215ae900448 .functor BUFZ 1, c4<z>; HiZ drive
; Elide local net with no drivers, v00000215ae87f420_0 name=_ivl_16
v00000215ae87d760_0 .net *"_ivl_18", 0 0, L_00000215ae96d4b0;  1 drivers
v00000215ae87d940_0 .net *"_ivl_2", 0 0, L_00000215ae96dcd0;  1 drivers
L_00000215ae973d38 .functor BUFT 1, C4<0>, C4<0>, C4<0>, C4<0>;
v00000215ae87dc60_0 .net/2u *"_ivl_20", 0 0, L_00000215ae973d38;  1 drivers
o00000215ae900508 .functor BUFZ 1, c4<z>; HiZ drive
; Elide local net with no drivers, v00000215ae87dda0_0 name=_ivl_24
v00000215ae85cd10_0 .net *"_ivl_26", 0 0, L_00000215ae96cd30;  1 drivers
L_00000215ae973d80 .functor BUFT 1, C4<0>, C4<0>, C4<0>, C4<0>;
v00000215ae85b870_0 .net/2u *"_ivl_28", 0 0, L_00000215ae973d80;  1 drivers
o00000215ae900598 .functor BUFZ 1, c4<z>; HiZ drive
; Elide local net with no drivers, v00000215ae85d0d0_0 name=_ivl_32
v00000215ae85bc30_0 .net *"_ivl_34", 0 0, L_00000215ae96dd70;  1 drivers
L_00000215ae973dc8 .functor BUFT 1, C4<0>, C4<0>, C4<0>, C4<0>;
v00000215ae85c1d0_0 .net/2u *"_ivl_36", 0 0, L_00000215ae973dc8;  1 drivers
L_00000215ae973ca8 .functor BUFT 1, C4<0>, C4<0>, C4<0>, C4<0>;
v00000215ae85c3b0_0 .net/2u *"_ivl_4", 0 0, L_00000215ae973ca8;  1 drivers
o00000215ae900658 .functor BUFZ 1, c4<z>; HiZ drive
; Elide local net with no drivers, v00000215ae837be0_0 name=_ivl_40
v00000215ae8f9950_0 .net *"_ivl_42", 0 0, L_00000215ae96deb0;  1 drivers
L_00000215ae973e10 .functor BUFT 1, C4<1>, C4<0>, C4<0>, C4<0>;
v00000215ae8f9bd0_0 .net/2u *"_ivl_44", 0 0, L_00000215ae973e10;  1 drivers
L_00000215ae973ea0 .functor BUFT 1, C4<00000000>, C4<0>, C4<0>, C4<0>;
v00000215ae8f93b0_0 .net/2u *"_ivl_52", 7 0, L_00000215ae973ea0;  1 drivers
L_00000215ae973ee8 .functor BUFT 1, C4<00000000>, C4<0>, C4<0>, C4<0>;
v00000215ae8f9a90_0 .net/2u *"_ivl_54", 7 0, L_00000215ae973ee8;  1 drivers
v00000215ae8f91d0_0 .net *"_ivl_59", 3 0, L_00000215ae96e270;  1 drivers
v00000215ae8f9ef0_0 .net *"_ivl_61", 3 0, L_00000215ae96bd90;  1 drivers
v00000215ae8f9310_0 .net *"_ivl_65", 1 0, L_00000215ae96bed0;  1 drivers
v00000215ae8f9f90_0 .net *"_ivl_67", 1 0, L_00000215ae96bf70;  1 drivers
v00000215ae8f96d0_0 .net *"_ivl_71", 0 0, L_00000215ae96c010;  1 drivers
v00000215ae8f94f0_0 .net *"_ivl_73", 0 0, L_00000215ae96c0b0;  1 drivers
v00000215ae8f9c70_0 .net/2u *"_ivl_78", 0 0, L_00000215ae973f30;  1 drivers
o00000215ae900898 .functor BUFZ 1, c4<z>; HiZ drive
; Elide local net with no drivers, v00000215ae8f87d0_0 name=_ivl_8
v00000215ae8f8f50_0 .net "lut_o", 0 0, L_00000215ae96c150;  1 drivers
v00000215ae8f9590_0 .net "lut_s1", 1 0, L_00000215ae96cdd0;  1 drivers
v00000215ae8fa210_0 .net "lut_s2", 3 0, L_00000215ae96cab0;  1 drivers
v00000215ae8f9450_0 .net "lut_s3", 7 0, L_00000215ae96c470;  1 drivers
v00000215ae8f9d10_0 .net "mux_cin", 0 0, L_00000215ae70e910;  1 drivers
v00000215ae8f9b30_0 .var "o_reg", 0 0;
v00000215ae8f8c30_0 .var "o_reg_async", 0 0;
v00000215ae8fa030_0 .net "polarized_clk", 0 0, L_00000215ae9bc470;  1 drivers
E_00000215ae8d0780 .event posedge, v00000215ae896280_0, v00000215ae8fa030_0;
E_00000215ae8d0180 .event posedge, v00000215ae8fa030_0;
L_00000215ae96dcd0 .cmp/eeq 1, o00000215ae900178, o00000215ae9003b8;
L_00000215ae96cf10 .functor MUXZ 1, o00000215ae900178, L_00000215ae973ca8, L_00000215ae96dcd0, C4<>;
L_00000215ae96bcf0 .cmp/eeq 1, o00000215ae9001d8, o00000215ae900898;
L_00000215ae96d0f0 .functor MUXZ 1, o00000215ae9001d8, L_00000215ae973cf0, L_00000215ae96bcf0, C4<>;
L_00000215ae96d4b0 .cmp/eeq 1, o00000215ae900238, o00000215ae900448;
L_00000215ae96d190 .functor MUXZ 1, o00000215ae900238, L_00000215ae973d38, L_00000215ae96d4b0, C4<>;
L_00000215ae96cd30 .cmp/eeq 1, o00000215ae900298, o00000215ae900508;
L_00000215ae96c650 .functor MUXZ 1, o00000215ae900298, L_00000215ae973d80, L_00000215ae96cd30, C4<>;
L_00000215ae96dd70 .cmp/eeq 1, o00000215ae900358, o00000215ae900598;
L_00000215ae96de10 .functor MUXZ 1, o00000215ae900358, L_00000215ae973dc8, L_00000215ae96dd70, C4<>;
L_00000215ae96deb0 .cmp/eeq 1, o00000215ae900088, o00000215ae900658;
L_00000215ae96e130 .functor MUXZ 1, o00000215ae900088, L_00000215ae973e10, L_00000215ae96deb0, C4<>;
L_00000215ae96c470 .functor MUXZ 8, L_00000215ae973ee8, L_00000215ae973ea0, L_00000215ae96c650, C4<>;
L_00000215ae96e270 .part L_00000215ae96c470, 4, 4;
L_00000215ae96bd90 .part L_00000215ae96c470, 0, 4;
L_00000215ae96cab0 .functor MUXZ 4, L_00000215ae96bd90, L_00000215ae96e270, L_00000215ae96d190, C4<>;
L_00000215ae96bed0 .part L_00000215ae96cab0, 2, 2;
L_00000215ae96bf70 .part L_00000215ae96cab0, 0, 2;
L_00000215ae96cdd0 .functor MUXZ 2, L_00000215ae96bf70, L_00000215ae96bed0, L_00000215ae96d0f0, C4<>;
L_00000215ae96c010 .part L_00000215ae96cdd0, 1, 1;
L_00000215ae96c0b0 .part L_00000215ae96cdd0, 0, 1;
L_00000215ae96c150 .functor MUXZ 1, L_00000215ae96c0b0, L_00000215ae96c010, L_00000215ae96cf10, C4<>;
S_00000215ae8dcbc0 .scope module, "ICESTORM_RAM" "ICESTORM_RAM" 3 3167;
 .timescale -12 -12;
    .port_info 0 /OUTPUT 1 "RDATA_15";
    .port_info 1 /OUTPUT 1 "RDATA_14";
    .port_info 2 /OUTPUT 1 "RDATA_13";
    .port_info 3 /OUTPUT 1 "RDATA_12";
    .port_info 4 /OUTPUT 1 "RDATA_11";
    .port_info 5 /OUTPUT 1 "RDATA_10";
    .port_info 6 /OUTPUT 1 "RDATA_9";
    .port_info 7 /OUTPUT 1 "RDATA_8";
    .port_info 8 /OUTPUT 1 "RDATA_7";
    .port_info 9 /OUTPUT 1 "RDATA_6";
    .port_info 10 /OUTPUT 1 "RDATA_5";
    .port_info 11 /OUTPUT 1 "RDATA_4";
    .port_info 12 /OUTPUT 1 "RDATA_3";
    .port_info 13 /OUTPUT 1 "RDATA_2";
    .port_info 14 /OUTPUT 1 "RDATA_1";
    .port_info 15 /OUTPUT 1 "RDATA_0";
    .port_info 16 /INPUT 1 "RCLK";
    .port_info 17 /INPUT 1 "RCLKE";
    .port_info 18 /INPUT 1 "RE";
    .port_info 19 /INPUT 1 "RADDR_10";
    .port_info 20 /INPUT 1 "RADDR_9";
    .port_info 21 /INPUT 1 "RADDR_8";
    .port_info 22 /INPUT 1 "RADDR_7";
    .port_info 23 /INPUT 1 "RADDR_6";
    .port_info 24 /INPUT 1 "RADDR_5";
    .port_info 25 /INPUT 1 "RADDR_4";
    .port_info 26 /INPUT 1 "RADDR_3";
    .port_info 27 /INPUT 1 "RADDR_2";
    .port_info 28 /INPUT 1 "RADDR_1";
    .port_info 29 /INPUT 1 "RADDR_0";
    .port_info 30 /INPUT 1 "WCLK";
    .port_info 31 /INPUT 1 "WCLKE";
    .port_info 32 /INPUT 1 "WE";
    .port_info 33 /INPUT 1 "WADDR_10";
    .port_info 34 /INPUT 1 "WADDR_9";
    .port_info 35 /INPUT 1 "WADDR_8";
    .port_info 36 /INPUT 1 "WADDR_7";
    .port_info 37 /INPUT 1 "WADDR_6";
    .port_info 38 /INPUT 1 "WADDR_5";
    .port_info 39 /INPUT 1 "WADDR_4";
    .port_info 40 /INPUT 1 "WADDR_3";
    .port_info 41 /INPUT 1 "WADDR_2";
    .port_info 42 /INPUT 1 "WADDR_1";
    .port_info 43 /INPUT 1 "WADDR_0";
    .port_info 44 /INPUT 1 "MASK_15";
    .port_info 45 /INPUT 1 "MASK_14";
    .port_info 46 /INPUT 1 "MASK_13";
    .port_info 47 /INPUT 1 "MASK_12";
    .port_info 48 /INPUT 1 "MASK_11";
    .port_info 49 /INPUT 1 "MASK_10";
    .port_info 50 /INPUT 1 "MASK_9";
    .port_info 51 /INPUT 1 "MASK_8";
    .port_info 52 /INPUT 1 "MASK_7";
    .port_info 53 /INPUT 1 "MASK_6";
    .port_info 54 /INPUT 1 "MASK_5";
    .port_info 55 /INPUT 1 "MASK_4";
    .port_info 56 /INPUT 1 "MASK_3";
    .port_info 57 /INPUT 1 "MASK_2";
    .port_info 58 /INPUT 1 "MASK_1";
    .port_info 59 /INPUT 1 "MASK_0";
    .port_info 60 /INPUT 1 "WDATA_15";
    .port_info 61 /INPUT 1 "WDATA_14";
    .port_info 62 /INPUT 1 "WDATA_13";
    .port_info 63 /INPUT 1 "WDATA_12";
    .port_info 64 /INPUT 1 "WDATA_11";
    .port_info 65 /INPUT 1 "WDATA_10";
    .port_info 66 /INPUT 1 "WDATA_9";
    .port_info 67 /INPUT 1 "WDATA_8";
    .port_info 68 /INPUT 1 "WDATA_7";
    .port_info 69 /INPUT 1 "WDATA_6";
    .port_info 70 /INPUT 1 "WDATA_5";
    .port_info 71 /INPUT 1 "WDATA_4";
    .port_info 72 /INPUT 1 "WDATA_3";
    .port_info 73 /INPUT 1 "WDATA_2";
    .port_info 74 /INPUT 1 "WDATA_1";
    .port_info 75 /INPUT 1 "WDATA_0";
P_00000215ae61b5a0 .param/l "INIT_0" 0 3 3182, C4<0000000000000000000000000000000000000000000000000000000000000000000000000000000000000000000000000000000000000000000000000000000000000000000000000000000000000000000000000000000000000000000000000000000000000000000000000000000000000000000000000000000000000000>;
P_00000215ae61b5d8 .param/l "INIT_1" 0 3 3183, C4<0000000000000000000000000000000000000000000000000000000000000000000000000000000000000000000000000000000000000000000000000000000000000000000000000000000000000000000000000000000000000000000000000000000000000000000000000000000000000000000000000000000000000000>;
P_00000215ae61b610 .param/l "INIT_2" 0 3 3184, C4<0000000000000000000000000000000000000000000000000000000000000000000000000000000000000000000000000000000000000000000000000000000000000000000000000000000000000000000000000000000000000000000000000000000000000000000000000000000000000000000000000000000000000000>;
P_00000215ae61b648 .param/l "INIT_3" 0 3 3185, C4<0000000000000000000000000000000000000000000000000000000000000000000000000000000000000000000000000000000000000000000000000000000000000000000000000000000000000000000000000000000000000000000000000000000000000000000000000000000000000000000000000000000000000000>;
P_00000215ae61b680 .param/l "INIT_4" 0 3 3186, C4<0000000000000000000000000000000000000000000000000000000000000000000000000000000000000000000000000000000000000000000000000000000000000000000000000000000000000000000000000000000000000000000000000000000000000000000000000000000000000000000000000000000000000000>;
P_00000215ae61b6b8 .param/l "INIT_5" 0 3 3187, C4<0000000000000000000000000000000000000000000000000000000000000000000000000000000000000000000000000000000000000000000000000000000000000000000000000000000000000000000000000000000000000000000000000000000000000000000000000000000000000000000000000000000000000000>;
P_00000215ae61b6f0 .param/l "INIT_6" 0 3 3188, C4<0000000000000000000000000000000000000000000000000000000000000000000000000000000000000000000000000000000000000000000000000000000000000000000000000000000000000000000000000000000000000000000000000000000000000000000000000000000000000000000000000000000000000000>;
P_00000215ae61b728 .param/l "INIT_7" 0 3 3189, C4<0000000000000000000000000000000000000000000000000000000000000000000000000000000000000000000000000000000000000000000000000000000000000000000000000000000000000000000000000000000000000000000000000000000000000000000000000000000000000000000000000000000000000000>;
P_00000215ae61b760 .param/l "INIT_8" 0 3 3190, C4<0000000000000000000000000000000000000000000000000000000000000000000000000000000000000000000000000000000000000000000000000000000000000000000000000000000000000000000000000000000000000000000000000000000000000000000000000000000000000000000000000000000000000000>;
P_00000215ae61b798 .param/l "INIT_9" 0 3 3191, C4<0000000000000000000000000000000000000000000000000000000000000000000000000000000000000000000000000000000000000000000000000000000000000000000000000000000000000000000000000000000000000000000000000000000000000000000000000000000000000000000000000000000000000000>;
P_00000215ae61b7d0 .param/l "INIT_A" 0 3 3192, C4<0000000000000000000000000000000000000000000000000000000000000000000000000000000000000000000000000000000000000000000000000000000000000000000000000000000000000000000000000000000000000000000000000000000000000000000000000000000000000000000000000000000000000000>;
P_00000215ae61b808 .param/l "INIT_B" 0 3 3193, C4<0000000000000000000000000000000000000000000000000000000000000000000000000000000000000000000000000000000000000000000000000000000000000000000000000000000000000000000000000000000000000000000000000000000000000000000000000000000000000000000000000000000000000000>;
P_00000215ae61b840 .param/l "INIT_C" 0 3 3194, C4<0000000000000000000000000000000000000000000000000000000000000000000000000000000000000000000000000000000000000000000000000000000000000000000000000000000000000000000000000000000000000000000000000000000000000000000000000000000000000000000000000000000000000000>;
P_00000215ae61b878 .param/l "INIT_D" 0 3 3195, C4<0000000000000000000000000000000000000000000000000000000000000000000000000000000000000000000000000000000000000000000000000000000000000000000000000000000000000000000000000000000000000000000000000000000000000000000000000000000000000000000000000000000000000000>;
P_00000215ae61b8b0 .param/l "INIT_E" 0 3 3196, C4<0000000000000000000000000000000000000000000000000000000000000000000000000000000000000000000000000000000000000000000000000000000000000000000000000000000000000000000000000000000000000000000000000000000000000000000000000000000000000000000000000000000000000000>;
P_00000215ae61b8e8 .param/l "INIT_F" 0 3 3197, C4<0000000000000000000000000000000000000000000000000000000000000000000000000000000000000000000000000000000000000000000000000000000000000000000000000000000000000000000000000000000000000000000000000000000000000000000000000000000000000000000000000000000000000000>;
P_00000215ae61b920 .param/l "NEG_CLK_R" 0 3 3179, C4<0>;
P_00000215ae61b958 .param/l "NEG_CLK_W" 0 3 3180, C4<0>;
P_00000215ae61b990 .param/l "READ_MODE" 0 3 3177, +C4<00000000000000000000000000000000>;
P_00000215ae61b9c8 .param/l "WRITE_MODE" 0 3 3176, +C4<00000000000000000000000000000000>;
L_00000215ae973fc0 .functor BUFT 1, C4<0>, C4<0>, C4<0>, C4<0>;
L_00000215ae9bbd00 .functor XOR 1, L_00000215ae970930, L_00000215ae973fc0, C4<0>, C4<0>;
L_00000215ae974008 .functor BUFT 1, C4<0>, C4<0>, C4<0>, C4<0>;
L_00000215ae9bc780 .functor XOR 1, L_00000215ae96fdf0, L_00000215ae974008, C4<0>, C4<0>;
o00000215ae901228 .functor BUFZ 1, c4<z>; HiZ drive
v00000215ae8f9130_0 .net "MASK_0", 0 0, o00000215ae901228;  0 drivers
o00000215ae901258 .functor BUFZ 1, c4<z>; HiZ drive
v00000215ae8f8af0_0 .net "MASK_1", 0 0, o00000215ae901258;  0 drivers
o00000215ae901288 .functor BUFZ 1, c4<z>; HiZ drive
v00000215ae8f8b90_0 .net "MASK_10", 0 0, o00000215ae901288;  0 drivers
o00000215ae9012b8 .functor BUFZ 1, c4<z>; HiZ drive
v00000215ae8f8cd0_0 .net "MASK_11", 0 0, o00000215ae9012b8;  0 drivers
o00000215ae9012e8 .functor BUFZ 1, c4<z>; HiZ drive
v00000215ae8f8d70_0 .net "MASK_12", 0 0, o00000215ae9012e8;  0 drivers
o00000215ae901318 .functor BUFZ 1, c4<z>; HiZ drive
v00000215ae8f8ff0_0 .net "MASK_13", 0 0, o00000215ae901318;  0 drivers
o00000215ae901348 .functor BUFZ 1, c4<z>; HiZ drive
v00000215ae8f8e10_0 .net "MASK_14", 0 0, o00000215ae901348;  0 drivers
o00000215ae901378 .functor BUFZ 1, c4<z>; HiZ drive
v00000215ae8f9090_0 .net "MASK_15", 0 0, o00000215ae901378;  0 drivers
o00000215ae9013a8 .functor BUFZ 1, c4<z>; HiZ drive
v00000215ae8f9270_0 .net "MASK_2", 0 0, o00000215ae9013a8;  0 drivers
o00000215ae9013d8 .functor BUFZ 1, c4<z>; HiZ drive
v00000215ae8fbd20_0 .net "MASK_3", 0 0, o00000215ae9013d8;  0 drivers
o00000215ae901408 .functor BUFZ 1, c4<z>; HiZ drive
v00000215ae8fc0e0_0 .net "MASK_4", 0 0, o00000215ae901408;  0 drivers
o00000215ae901438 .functor BUFZ 1, c4<z>; HiZ drive
v00000215ae8fbf00_0 .net "MASK_5", 0 0, o00000215ae901438;  0 drivers
o00000215ae901468 .functor BUFZ 1, c4<z>; HiZ drive
v00000215ae8fb320_0 .net "MASK_6", 0 0, o00000215ae901468;  0 drivers
o00000215ae901498 .functor BUFZ 1, c4<z>; HiZ drive
v00000215ae8faf60_0 .net "MASK_7", 0 0, o00000215ae901498;  0 drivers
o00000215ae9014c8 .functor BUFZ 1, c4<z>; HiZ drive
v00000215ae8fb780_0 .net "MASK_8", 0 0, o00000215ae9014c8;  0 drivers
o00000215ae9014f8 .functor BUFZ 1, c4<z>; HiZ drive
v00000215ae8fa740_0 .net "MASK_9", 0 0, o00000215ae9014f8;  0 drivers
o00000215ae901528 .functor BUFZ 1, c4<z>; HiZ drive
v00000215ae8fa880_0 .net "RADDR_0", 0 0, o00000215ae901528;  0 drivers
o00000215ae901558 .functor BUFZ 1, c4<z>; HiZ drive
v00000215ae8fbe60_0 .net "RADDR_1", 0 0, o00000215ae901558;  0 drivers
o00000215ae901588 .functor BUFZ 1, c4<z>; HiZ drive
v00000215ae8fac40_0 .net "RADDR_10", 0 0, o00000215ae901588;  0 drivers
o00000215ae9015b8 .functor BUFZ 1, c4<z>; HiZ drive
v00000215ae8fb5a0_0 .net "RADDR_2", 0 0, o00000215ae9015b8;  0 drivers
o00000215ae9015e8 .functor BUFZ 1, c4<z>; HiZ drive
v00000215ae8fba00_0 .net "RADDR_3", 0 0, o00000215ae9015e8;  0 drivers
o00000215ae901618 .functor BUFZ 1, c4<z>; HiZ drive
v00000215ae8fb000_0 .net "RADDR_4", 0 0, o00000215ae901618;  0 drivers
o00000215ae901648 .functor BUFZ 1, c4<z>; HiZ drive
v00000215ae8faec0_0 .net "RADDR_5", 0 0, o00000215ae901648;  0 drivers
o00000215ae901678 .functor BUFZ 1, c4<z>; HiZ drive
v00000215ae8fbfa0_0 .net "RADDR_6", 0 0, o00000215ae901678;  0 drivers
o00000215ae9016a8 .functor BUFZ 1, c4<z>; HiZ drive
v00000215ae8fbaa0_0 .net "RADDR_7", 0 0, o00000215ae9016a8;  0 drivers
o00000215ae9016d8 .functor BUFZ 1, c4<z>; HiZ drive
v00000215ae8fb640_0 .net "RADDR_8", 0 0, o00000215ae9016d8;  0 drivers
o00000215ae901708 .functor BUFZ 1, c4<z>; HiZ drive
v00000215ae8fb1e0_0 .net "RADDR_9", 0 0, o00000215ae901708;  0 drivers
o00000215ae901738 .functor BUFZ 1, c4<z>; HiZ drive
v00000215ae8fab00_0 .net "RCLK", 0 0, o00000215ae901738;  0 drivers
o00000215ae901768 .functor BUFZ 1, c4<z>; HiZ drive
v00000215ae8fa7e0_0 .net "RCLKE", 0 0, o00000215ae901768;  0 drivers
v00000215ae8fb960_0 .net "RDATA_0", 0 0, L_00000215ae96f490;  1 drivers
v00000215ae8fc4a0_0 .net "RDATA_1", 0 0, L_00000215ae96f990;  1 drivers
v00000215ae8fb140_0 .net "RDATA_10", 0 0, L_00000215ae96c510;  1 drivers
v00000215ae8fc040_0 .net "RDATA_11", 0 0, L_00000215ae96c330;  1 drivers
v00000215ae8fb0a0_0 .net "RDATA_12", 0 0, L_00000215ae96c6f0;  1 drivers
v00000215ae8fc180_0 .net "RDATA_13", 0 0, L_00000215ae96c790;  1 drivers
v00000215ae8fae20_0 .net "RDATA_14", 0 0, L_00000215ae96cc90;  1 drivers
v00000215ae8fb3c0_0 .net "RDATA_15", 0 0, L_00000215ae96c1f0;  1 drivers
v00000215ae8fad80_0 .net "RDATA_2", 0 0, L_00000215ae96f170;  1 drivers
v00000215ae8fa600_0 .net "RDATA_3", 0 0, L_00000215ae96ff30;  1 drivers
v00000215ae8fb280_0 .net "RDATA_4", 0 0, L_00000215ae96f350;  1 drivers
v00000215ae8fb460_0 .net "RDATA_5", 0 0, L_00000215ae96c970;  1 drivers
v00000215ae8fb500_0 .net "RDATA_6", 0 0, L_00000215ae96d5f0;  1 drivers
v00000215ae8fb6e0_0 .net "RDATA_7", 0 0, L_00000215ae96c830;  1 drivers
v00000215ae8fb820_0 .net "RDATA_8", 0 0, L_00000215ae96d2d0;  1 drivers
v00000215ae8fb8c0_0 .net "RDATA_9", 0 0, L_00000215ae96d550;  1 drivers
o00000215ae901a98 .functor BUFZ 1, c4<z>; HiZ drive
v00000215ae8fbb40_0 .net "RE", 0 0, o00000215ae901a98;  0 drivers
o00000215ae901ac8 .functor BUFZ 1, c4<z>; HiZ drive
v00000215ae8fc400_0 .net "WADDR_0", 0 0, o00000215ae901ac8;  0 drivers
o00000215ae901af8 .functor BUFZ 1, c4<z>; HiZ drive
v00000215ae8fbbe0_0 .net "WADDR_1", 0 0, o00000215ae901af8;  0 drivers
o00000215ae901b28 .functor BUFZ 1, c4<z>; HiZ drive
v00000215ae8fbdc0_0 .net "WADDR_10", 0 0, o00000215ae901b28;  0 drivers
o00000215ae901b58 .functor BUFZ 1, c4<z>; HiZ drive
v00000215ae8fbc80_0 .net "WADDR_2", 0 0, o00000215ae901b58;  0 drivers
o00000215ae901b88 .functor BUFZ 1, c4<z>; HiZ drive
v00000215ae8fc220_0 .net "WADDR_3", 0 0, o00000215ae901b88;  0 drivers
o00000215ae901bb8 .functor BUFZ 1, c4<z>; HiZ drive
v00000215ae8fc2c0_0 .net "WADDR_4", 0 0, o00000215ae901bb8;  0 drivers
o00000215ae901be8 .functor BUFZ 1, c4<z>; HiZ drive
v00000215ae8fc360_0 .net "WADDR_5", 0 0, o00000215ae901be8;  0 drivers
o00000215ae901c18 .functor BUFZ 1, c4<z>; HiZ drive
v00000215ae8fa920_0 .net "WADDR_6", 0 0, o00000215ae901c18;  0 drivers
o00000215ae901c48 .functor BUFZ 1, c4<z>; HiZ drive
v00000215ae8faba0_0 .net "WADDR_7", 0 0, o00000215ae901c48;  0 drivers
o00000215ae901c78 .functor BUFZ 1, c4<z>; HiZ drive
v00000215ae8fa6a0_0 .net "WADDR_8", 0 0, o00000215ae901c78;  0 drivers
o00000215ae901ca8 .functor BUFZ 1, c4<z>; HiZ drive
v00000215ae8fa9c0_0 .net "WADDR_9", 0 0, o00000215ae901ca8;  0 drivers
o00000215ae901cd8 .functor BUFZ 1, c4<z>; HiZ drive
v00000215ae8faa60_0 .net "WCLK", 0 0, o00000215ae901cd8;  0 drivers
o00000215ae901d08 .functor BUFZ 1, c4<z>; HiZ drive
v00000215ae8face0_0 .net "WCLKE", 0 0, o00000215ae901d08;  0 drivers
o00000215ae901d38 .functor BUFZ 1, c4<z>; HiZ drive
v00000215ae945670_0 .net "WDATA_0", 0 0, o00000215ae901d38;  0 drivers
o00000215ae901d68 .functor BUFZ 1, c4<z>; HiZ drive
v00000215ae945170_0 .net "WDATA_1", 0 0, o00000215ae901d68;  0 drivers
o00000215ae901d98 .functor BUFZ 1, c4<z>; HiZ drive
v00000215ae946250_0 .net "WDATA_10", 0 0, o00000215ae901d98;  0 drivers
o00000215ae901dc8 .functor BUFZ 1, c4<z>; HiZ drive
v00000215ae945c10_0 .net "WDATA_11", 0 0, o00000215ae901dc8;  0 drivers
o00000215ae901df8 .functor BUFZ 1, c4<z>; HiZ drive
v00000215ae945cb0_0 .net "WDATA_12", 0 0, o00000215ae901df8;  0 drivers
o00000215ae901e28 .functor BUFZ 1, c4<z>; HiZ drive
v00000215ae945490_0 .net "WDATA_13", 0 0, o00000215ae901e28;  0 drivers
o00000215ae901e58 .functor BUFZ 1, c4<z>; HiZ drive
v00000215ae9464d0_0 .net "WDATA_14", 0 0, o00000215ae901e58;  0 drivers
o00000215ae901e88 .functor BUFZ 1, c4<z>; HiZ drive
v00000215ae946610_0 .net "WDATA_15", 0 0, o00000215ae901e88;  0 drivers
o00000215ae901eb8 .functor BUFZ 1, c4<z>; HiZ drive
v00000215ae945530_0 .net "WDATA_2", 0 0, o00000215ae901eb8;  0 drivers
o00000215ae901ee8 .functor BUFZ 1, c4<z>; HiZ drive
v00000215ae946390_0 .net "WDATA_3", 0 0, o00000215ae901ee8;  0 drivers
o00000215ae901f18 .functor BUFZ 1, c4<z>; HiZ drive
v00000215ae9452b0_0 .net "WDATA_4", 0 0, o00000215ae901f18;  0 drivers
o00000215ae901f48 .functor BUFZ 1, c4<z>; HiZ drive
v00000215ae946430_0 .net "WDATA_5", 0 0, o00000215ae901f48;  0 drivers
o00000215ae901f78 .functor BUFZ 1, c4<z>; HiZ drive
v00000215ae9462f0_0 .net "WDATA_6", 0 0, o00000215ae901f78;  0 drivers
o00000215ae901fa8 .functor BUFZ 1, c4<z>; HiZ drive
v00000215ae945d50_0 .net "WDATA_7", 0 0, o00000215ae901fa8;  0 drivers
o00000215ae901fd8 .functor BUFZ 1, c4<z>; HiZ drive
v00000215ae946570_0 .net "WDATA_8", 0 0, o00000215ae901fd8;  0 drivers
o00000215ae902008 .functor BUFZ 1, c4<z>; HiZ drive
v00000215ae946110_0 .net "WDATA_9", 0 0, o00000215ae902008;  0 drivers
o00000215ae902038 .functor BUFZ 1, c4<z>; HiZ drive
v00000215ae9455d0_0 .net "WE", 0 0, o00000215ae902038;  0 drivers
v00000215ae945df0_0 .net *"_ivl_100", 0 0, L_00000215ae970bb0;  1 drivers
v00000215ae9466b0_0 .net *"_ivl_102", 0 0, L_00000215ae9704d0;  1 drivers
v00000215ae946750_0 .net *"_ivl_104", 0 0, L_00000215ae9706b0;  1 drivers
v00000215ae9467f0_0 .net *"_ivl_106", 0 0, L_00000215ae9707f0;  1 drivers
v00000215ae945e90_0 .net *"_ivl_108", 0 0, L_00000215ae96f2b0;  1 drivers
v00000215ae945ad0_0 .net *"_ivl_110", 0 0, L_00000215ae970890;  1 drivers
v00000215ae945710_0 .net *"_ivl_112", 0 0, L_00000215ae9709d0;  1 drivers
v00000215ae9457b0_0 .net *"_ivl_114", 0 0, L_00000215ae96ebd0;  1 drivers
v00000215ae946070_0 .net *"_ivl_116", 0 0, L_00000215ae970a70;  1 drivers
v00000215ae945850_0 .net *"_ivl_120", 0 0, L_00000215ae970b10;  1 drivers
v00000215ae945b70_0 .net *"_ivl_122", 0 0, L_00000215ae96ec70;  1 drivers
v00000215ae9458f0_0 .net *"_ivl_124", 0 0, L_00000215ae970c50;  1 drivers
v00000215ae945990_0 .net *"_ivl_126", 0 0, L_00000215ae96f7b0;  1 drivers
v00000215ae945f30_0 .net *"_ivl_128", 0 0, L_00000215ae96ed10;  1 drivers
v00000215ae945fd0_0 .net *"_ivl_130", 0 0, L_00000215ae96e4f0;  1 drivers
v00000215ae945350_0 .net *"_ivl_132", 0 0, L_00000215ae96e590;  1 drivers
v00000215ae9461b0_0 .net *"_ivl_134", 0 0, L_00000215ae96e630;  1 drivers
v00000215ae945210_0 .net *"_ivl_136", 0 0, L_00000215ae96eef0;  1 drivers
v00000215ae945a30_0 .net *"_ivl_138", 0 0, L_00000215ae96ef90;  1 drivers
v00000215ae9453f0_0 .net *"_ivl_140", 0 0, L_00000215ae96f030;  1 drivers
v00000215ae944130_0 .net *"_ivl_142", 0 0, L_00000215ae96f0d0;  1 drivers
v00000215ae944bd0_0 .net *"_ivl_144", 0 0, L_00000215ae9ce9b0;  1 drivers
v00000215ae943d70_0 .net *"_ivl_146", 0 0, L_00000215ae9d0170;  1 drivers
v00000215ae942ab0_0 .net *"_ivl_148", 0 0, L_00000215ae9d0350;  1 drivers
v00000215ae944090_0 .net *"_ivl_150", 0 0, L_00000215ae9ce5f0;  1 drivers
v00000215ae9444f0_0 .net *"_ivl_18", 0 0, L_00000215ae970930;  1 drivers
v00000215ae9446d0_0 .net/2u *"_ivl_19", 0 0, L_00000215ae973fc0;  1 drivers
v00000215ae942e70_0 .net *"_ivl_28", 0 0, L_00000215ae96fa30;  1 drivers
v00000215ae9435f0_0 .net *"_ivl_30", 0 0, L_00000215ae96fad0;  1 drivers
v00000215ae9439b0_0 .net *"_ivl_32", 0 0, L_00000215ae96e6d0;  1 drivers
v00000215ae943b90_0 .net *"_ivl_34", 0 0, L_00000215ae970610;  1 drivers
v00000215ae942b50_0 .net *"_ivl_36", 0 0, L_00000215ae96edb0;  1 drivers
v00000215ae944810_0 .net *"_ivl_38", 0 0, L_00000215ae970750;  1 drivers
v00000215ae942a10_0 .net *"_ivl_40", 0 0, L_00000215ae96f5d0;  1 drivers
v00000215ae943190_0 .net *"_ivl_42", 0 0, L_00000215ae96fb70;  1 drivers
v00000215ae944a90_0 .net *"_ivl_44", 0 0, L_00000215ae96e810;  1 drivers
v00000215ae943910_0 .net *"_ivl_46", 0 0, L_00000215ae96e950;  1 drivers
v00000215ae944db0_0 .net *"_ivl_48", 0 0, L_00000215ae96f850;  1 drivers
v00000215ae942f10_0 .net *"_ivl_52", 0 0, L_00000215ae96fdf0;  1 drivers
v00000215ae942970_0 .net/2u *"_ivl_53", 0 0, L_00000215ae974008;  1 drivers
v00000215ae943230_0 .net *"_ivl_62", 0 0, L_00000215ae96fc10;  1 drivers
v00000215ae944770_0 .net *"_ivl_64", 0 0, L_00000215ae96fd50;  1 drivers
v00000215ae944e50_0 .net *"_ivl_66", 0 0, L_00000215ae96fcb0;  1 drivers
v00000215ae943cd0_0 .net *"_ivl_68", 0 0, L_00000215ae96e770;  1 drivers
v00000215ae944310_0 .net *"_ivl_70", 0 0, L_00000215ae970390;  1 drivers
v00000215ae943af0_0 .net *"_ivl_72", 0 0, L_00000215ae96f3f0;  1 drivers
v00000215ae943e10_0 .net *"_ivl_74", 0 0, L_00000215ae96fe90;  1 drivers
v00000215ae944b30_0 .net *"_ivl_76", 0 0, L_00000215ae970110;  1 drivers
v00000215ae942bf0_0 .net *"_ivl_78", 0 0, L_00000215ae96f530;  1 drivers
v00000215ae944c70_0 .net *"_ivl_80", 0 0, L_00000215ae970250;  1 drivers
v00000215ae943a50_0 .net *"_ivl_82", 0 0, L_00000215ae96f210;  1 drivers
v00000215ae9448b0_0 .net *"_ivl_86", 0 0, L_00000215ae96eb30;  1 drivers
v00000215ae9449f0_0 .net *"_ivl_88", 0 0, L_00000215ae96ffd0;  1 drivers
v00000215ae943c30_0 .net *"_ivl_90", 0 0, L_00000215ae970570;  1 drivers
v00000215ae945030_0 .net *"_ivl_92", 0 0, L_00000215ae9701b0;  1 drivers
v00000215ae942c90_0 .net *"_ivl_94", 0 0, L_00000215ae96f670;  1 drivers
v00000215ae944ef0_0 .net *"_ivl_96", 0 0, L_00000215ae970070;  1 drivers
v00000215ae942dd0_0 .net *"_ivl_98", 0 0, L_00000215ae970430;  1 drivers
L_00000215ae96c1f0 .part v00000215ae8f9e50_0, 15, 1;
L_00000215ae96cc90 .part v00000215ae8f9e50_0, 14, 1;
L_00000215ae96c790 .part v00000215ae8f9e50_0, 13, 1;
L_00000215ae96c6f0 .part v00000215ae8f9e50_0, 12, 1;
L_00000215ae96c330 .part v00000215ae8f9e50_0, 11, 1;
L_00000215ae96c510 .part v00000215ae8f9e50_0, 10, 1;
L_00000215ae96d550 .part v00000215ae8f9e50_0, 9, 1;
L_00000215ae96d2d0 .part v00000215ae8f9e50_0, 8, 1;
L_00000215ae96c830 .part v00000215ae8f9e50_0, 7, 1;
L_00000215ae96d5f0 .part v00000215ae8f9e50_0, 6, 1;
L_00000215ae96c970 .part v00000215ae8f9e50_0, 5, 1;
L_00000215ae96f350 .part v00000215ae8f9e50_0, 4, 1;
L_00000215ae96ff30 .part v00000215ae8f9e50_0, 3, 1;
L_00000215ae96f170 .part v00000215ae8f9e50_0, 2, 1;
L_00000215ae96f990 .part v00000215ae8f9e50_0, 1, 1;
L_00000215ae96f490 .part v00000215ae8f9e50_0, 0, 1;
L_00000215ae970930 .ufunc/vec4 TD_ICESTORM_RAM.pd, 1, o00000215ae901738 (v00000215ae8f8690_0) S_00000215ae8e58e0;
L_00000215ae9702f0 .ufunc/vec4 TD_ICESTORM_RAM.pu, 1, o00000215ae901768 (v00000215ae8f8910_0) S_00000215ae8e5a70;
L_00000215ae96e9f0 .ufunc/vec4 TD_ICESTORM_RAM.pd, 1, o00000215ae901a98 (v00000215ae8f8690_0) S_00000215ae8e58e0;
L_00000215ae96fa30 .ufunc/vec4 TD_ICESTORM_RAM.pd, 1, o00000215ae901588 (v00000215ae8f8690_0) S_00000215ae8e58e0;
L_00000215ae96fad0 .ufunc/vec4 TD_ICESTORM_RAM.pd, 1, o00000215ae901708 (v00000215ae8f8690_0) S_00000215ae8e58e0;
L_00000215ae96e6d0 .ufunc/vec4 TD_ICESTORM_RAM.pd, 1, o00000215ae9016d8 (v00000215ae8f8690_0) S_00000215ae8e58e0;
L_00000215ae970610 .ufunc/vec4 TD_ICESTORM_RAM.pd, 1, o00000215ae9016a8 (v00000215ae8f8690_0) S_00000215ae8e58e0;
L_00000215ae96edb0 .ufunc/vec4 TD_ICESTORM_RAM.pd, 1, o00000215ae901678 (v00000215ae8f8690_0) S_00000215ae8e58e0;
L_00000215ae970750 .ufunc/vec4 TD_ICESTORM_RAM.pd, 1, o00000215ae901648 (v00000215ae8f8690_0) S_00000215ae8e58e0;
L_00000215ae96f5d0 .ufunc/vec4 TD_ICESTORM_RAM.pd, 1, o00000215ae901618 (v00000215ae8f8690_0) S_00000215ae8e58e0;
L_00000215ae96fb70 .ufunc/vec4 TD_ICESTORM_RAM.pd, 1, o00000215ae9015e8 (v00000215ae8f8690_0) S_00000215ae8e58e0;
L_00000215ae96e810 .ufunc/vec4 TD_ICESTORM_RAM.pd, 1, o00000215ae9015b8 (v00000215ae8f8690_0) S_00000215ae8e58e0;
L_00000215ae96e950 .ufunc/vec4 TD_ICESTORM_RAM.pd, 1, o00000215ae901558 (v00000215ae8f8690_0) S_00000215ae8e58e0;
L_00000215ae96f850 .ufunc/vec4 TD_ICESTORM_RAM.pd, 1, o00000215ae901528 (v00000215ae8f8690_0) S_00000215ae8e58e0;
LS_00000215ae96e8b0_0_0 .concat [ 1 1 1 1], L_00000215ae96f850, L_00000215ae96e950, L_00000215ae96e810, L_00000215ae96fb70;
LS_00000215ae96e8b0_0_4 .concat [ 1 1 1 1], L_00000215ae96f5d0, L_00000215ae970750, L_00000215ae96edb0, L_00000215ae970610;
LS_00000215ae96e8b0_0_8 .concat [ 1 1 1 0], L_00000215ae96e6d0, L_00000215ae96fad0, L_00000215ae96fa30;
L_00000215ae96e8b0 .concat [ 4 4 3 0], LS_00000215ae96e8b0_0_0, LS_00000215ae96e8b0_0_4, LS_00000215ae96e8b0_0_8;
L_00000215ae96fdf0 .ufunc/vec4 TD_ICESTORM_RAM.pd, 1, o00000215ae901cd8 (v00000215ae8f8690_0) S_00000215ae8e58e0;
L_00000215ae96f8f0 .ufunc/vec4 TD_ICESTORM_RAM.pu, 1, o00000215ae901d08 (v00000215ae8f8910_0) S_00000215ae8e5a70;
L_00000215ae96ea90 .ufunc/vec4 TD_ICESTORM_RAM.pd, 1, o00000215ae902038 (v00000215ae8f8690_0) S_00000215ae8e58e0;
L_00000215ae96fc10 .ufunc/vec4 TD_ICESTORM_RAM.pd, 1, o00000215ae901b28 (v00000215ae8f8690_0) S_00000215ae8e58e0;
L_00000215ae96fd50 .ufunc/vec4 TD_ICESTORM_RAM.pd, 1, o00000215ae901ca8 (v00000215ae8f8690_0) S_00000215ae8e58e0;
L_00000215ae96fcb0 .ufunc/vec4 TD_ICESTORM_RAM.pd, 1, o00000215ae901c78 (v00000215ae8f8690_0) S_00000215ae8e58e0;
L_00000215ae96e770 .ufunc/vec4 TD_ICESTORM_RAM.pd, 1, o00000215ae901c48 (v00000215ae8f8690_0) S_00000215ae8e58e0;
L_00000215ae970390 .ufunc/vec4 TD_ICESTORM_RAM.pd, 1, o00000215ae901c18 (v00000215ae8f8690_0) S_00000215ae8e58e0;
L_00000215ae96f3f0 .ufunc/vec4 TD_ICESTORM_RAM.pd, 1, o00000215ae901be8 (v00000215ae8f8690_0) S_00000215ae8e58e0;
L_00000215ae96fe90 .ufunc/vec4 TD_ICESTORM_RAM.pd, 1, o00000215ae901bb8 (v00000215ae8f8690_0) S_00000215ae8e58e0;
L_00000215ae970110 .ufunc/vec4 TD_ICESTORM_RAM.pd, 1, o00000215ae901b88 (v00000215ae8f8690_0) S_00000215ae8e58e0;
L_00000215ae96f530 .ufunc/vec4 TD_ICESTORM_RAM.pd, 1, o00000215ae901b58 (v00000215ae8f8690_0) S_00000215ae8e58e0;
L_00000215ae970250 .ufunc/vec4 TD_ICESTORM_RAM.pd, 1, o00000215ae901af8 (v00000215ae8f8690_0) S_00000215ae8e58e0;
L_00000215ae96f210 .ufunc/vec4 TD_ICESTORM_RAM.pd, 1, o00000215ae901ac8 (v00000215ae8f8690_0) S_00000215ae8e58e0;
LS_00000215ae96ee50_0_0 .concat [ 1 1 1 1], L_00000215ae96f210, L_00000215ae970250, L_00000215ae96f530, L_00000215ae970110;
LS_00000215ae96ee50_0_4 .concat [ 1 1 1 1], L_00000215ae96fe90, L_00000215ae96f3f0, L_00000215ae970390, L_00000215ae96e770;
LS_00000215ae96ee50_0_8 .concat [ 1 1 1 0], L_00000215ae96fcb0, L_00000215ae96fd50, L_00000215ae96fc10;
L_00000215ae96ee50 .concat [ 4 4 3 0], LS_00000215ae96ee50_0_0, LS_00000215ae96ee50_0_4, LS_00000215ae96ee50_0_8;
L_00000215ae96eb30 .ufunc/vec4 TD_ICESTORM_RAM.pd, 1, o00000215ae901378 (v00000215ae8f8690_0) S_00000215ae8e58e0;
L_00000215ae96ffd0 .ufunc/vec4 TD_ICESTORM_RAM.pd, 1, o00000215ae901348 (v00000215ae8f8690_0) S_00000215ae8e58e0;
L_00000215ae970570 .ufunc/vec4 TD_ICESTORM_RAM.pd, 1, o00000215ae901318 (v00000215ae8f8690_0) S_00000215ae8e58e0;
L_00000215ae9701b0 .ufunc/vec4 TD_ICESTORM_RAM.pd, 1, o00000215ae9012e8 (v00000215ae8f8690_0) S_00000215ae8e58e0;
L_00000215ae96f670 .ufunc/vec4 TD_ICESTORM_RAM.pd, 1, o00000215ae9012b8 (v00000215ae8f8690_0) S_00000215ae8e58e0;
L_00000215ae970070 .ufunc/vec4 TD_ICESTORM_RAM.pd, 1, o00000215ae901288 (v00000215ae8f8690_0) S_00000215ae8e58e0;
L_00000215ae970430 .ufunc/vec4 TD_ICESTORM_RAM.pd, 1, o00000215ae9014f8 (v00000215ae8f8690_0) S_00000215ae8e58e0;
L_00000215ae970bb0 .ufunc/vec4 TD_ICESTORM_RAM.pd, 1, o00000215ae9014c8 (v00000215ae8f8690_0) S_00000215ae8e58e0;
L_00000215ae9704d0 .ufunc/vec4 TD_ICESTORM_RAM.pd, 1, o00000215ae901498 (v00000215ae8f8690_0) S_00000215ae8e58e0;
L_00000215ae9706b0 .ufunc/vec4 TD_ICESTORM_RAM.pd, 1, o00000215ae901468 (v00000215ae8f8690_0) S_00000215ae8e58e0;
L_00000215ae9707f0 .ufunc/vec4 TD_ICESTORM_RAM.pd, 1, o00000215ae901438 (v00000215ae8f8690_0) S_00000215ae8e58e0;
L_00000215ae96f2b0 .ufunc/vec4 TD_ICESTORM_RAM.pd, 1, o00000215ae901408 (v00000215ae8f8690_0) S_00000215ae8e58e0;
L_00000215ae970890 .ufunc/vec4 TD_ICESTORM_RAM.pd, 1, o00000215ae9013d8 (v00000215ae8f8690_0) S_00000215ae8e58e0;
L_00000215ae9709d0 .ufunc/vec4 TD_ICESTORM_RAM.pd, 1, o00000215ae9013a8 (v00000215ae8f8690_0) S_00000215ae8e58e0;
L_00000215ae96ebd0 .ufunc/vec4 TD_ICESTORM_RAM.pd, 1, o00000215ae901258 (v00000215ae8f8690_0) S_00000215ae8e58e0;
L_00000215ae970a70 .ufunc/vec4 TD_ICESTORM_RAM.pd, 1, o00000215ae901228 (v00000215ae8f8690_0) S_00000215ae8e58e0;
LS_00000215ae96f710_0_0 .concat [ 1 1 1 1], L_00000215ae970a70, L_00000215ae96ebd0, L_00000215ae9709d0, L_00000215ae970890;
LS_00000215ae96f710_0_4 .concat [ 1 1 1 1], L_00000215ae96f2b0, L_00000215ae9707f0, L_00000215ae9706b0, L_00000215ae9704d0;
LS_00000215ae96f710_0_8 .concat [ 1 1 1 1], L_00000215ae970bb0, L_00000215ae970430, L_00000215ae970070, L_00000215ae96f670;
LS_00000215ae96f710_0_12 .concat [ 1 1 1 1], L_00000215ae9701b0, L_00000215ae970570, L_00000215ae96ffd0, L_00000215ae96eb30;
L_00000215ae96f710 .concat [ 4 4 4 4], LS_00000215ae96f710_0_0, LS_00000215ae96f710_0_4, LS_00000215ae96f710_0_8, LS_00000215ae96f710_0_12;
L_00000215ae970b10 .ufunc/vec4 TD_ICESTORM_RAM.pd, 1, o00000215ae901e88 (v00000215ae8f8690_0) S_00000215ae8e58e0;
L_00000215ae96ec70 .ufunc/vec4 TD_ICESTORM_RAM.pd, 1, o00000215ae901e58 (v00000215ae8f8690_0) S_00000215ae8e58e0;
L_00000215ae970c50 .ufunc/vec4 TD_ICESTORM_RAM.pd, 1, o00000215ae901e28 (v00000215ae8f8690_0) S_00000215ae8e58e0;
L_00000215ae96f7b0 .ufunc/vec4 TD_ICESTORM_RAM.pd, 1, o00000215ae901df8 (v00000215ae8f8690_0) S_00000215ae8e58e0;
L_00000215ae96ed10 .ufunc/vec4 TD_ICESTORM_RAM.pd, 1, o00000215ae901dc8 (v00000215ae8f8690_0) S_00000215ae8e58e0;
L_00000215ae96e4f0 .ufunc/vec4 TD_ICESTORM_RAM.pd, 1, o00000215ae901d98 (v00000215ae8f8690_0) S_00000215ae8e58e0;
L_00000215ae96e590 .ufunc/vec4 TD_ICESTORM_RAM.pd, 1, o00000215ae902008 (v00000215ae8f8690_0) S_00000215ae8e58e0;
L_00000215ae96e630 .ufunc/vec4 TD_ICESTORM_RAM.pd, 1, o00000215ae901fd8 (v00000215ae8f8690_0) S_00000215ae8e58e0;
L_00000215ae96eef0 .ufunc/vec4 TD_ICESTORM_RAM.pd, 1, o00000215ae901fa8 (v00000215ae8f8690_0) S_00000215ae8e58e0;
L_00000215ae96ef90 .ufunc/vec4 TD_ICESTORM_RAM.pd, 1, o00000215ae901f78 (v00000215ae8f8690_0) S_00000215ae8e58e0;
L_00000215ae96f030 .ufunc/vec4 TD_ICESTORM_RAM.pd, 1, o00000215ae901f48 (v00000215ae8f8690_0) S_00000215ae8e58e0;
L_00000215ae96f0d0 .ufunc/vec4 TD_ICESTORM_RAM.pd, 1, o00000215ae901f18 (v00000215ae8f8690_0) S_00000215ae8e58e0;
L_00000215ae9ce9b0 .ufunc/vec4 TD_ICESTORM_RAM.pd, 1, o00000215ae901ee8 (v00000215ae8f8690_0) S_00000215ae8e58e0;
L_00000215ae9d0170 .ufunc/vec4 TD_ICESTORM_RAM.pd, 1, o00000215ae901eb8 (v00000215ae8f8690_0) S_00000215ae8e58e0;
L_00000215ae9d0350 .ufunc/vec4 TD_ICESTORM_RAM.pd, 1, o00000215ae901d68 (v00000215ae8f8690_0) S_00000215ae8e58e0;
L_00000215ae9ce5f0 .ufunc/vec4 TD_ICESTORM_RAM.pd, 1, o00000215ae901d38 (v00000215ae8f8690_0) S_00000215ae8e58e0;
LS_00000215ae9ce410_0_0 .concat [ 1 1 1 1], L_00000215ae9ce5f0, L_00000215ae9d0350, L_00000215ae9d0170, L_00000215ae9ce9b0;
LS_00000215ae9ce410_0_4 .concat [ 1 1 1 1], L_00000215ae96f0d0, L_00000215ae96f030, L_00000215ae96ef90, L_00000215ae96eef0;
LS_00000215ae9ce410_0_8 .concat [ 1 1 1 1], L_00000215ae96e630, L_00000215ae96e590, L_00000215ae96e4f0, L_00000215ae96ed10;
LS_00000215ae9ce410_0_12 .concat [ 1 1 1 1], L_00000215ae96f7b0, L_00000215ae970c50, L_00000215ae96ec70, L_00000215ae970b10;
L_00000215ae9ce410 .concat [ 4 4 4 4], LS_00000215ae9ce410_0_0, LS_00000215ae9ce410_0_4, LS_00000215ae9ce410_0_8, LS_00000215ae9ce410_0_12;
S_00000215ae8e6ec0 .scope module, "RAM" "SB_RAM40_4K" 3 3233, 3 1487 0, S_00000215ae8dcbc0;
 .timescale -12 -12;
    .port_info 0 /OUTPUT 16 "RDATA";
    .port_info 1 /INPUT 1 "RCLK";
    .port_info 2 /INPUT 1 "RCLKE";
    .port_info 3 /INPUT 1 "RE";
    .port_info 4 /INPUT 11 "RADDR";
    .port_info 5 /INPUT 1 "WCLK";
    .port_info 6 /INPUT 1 "WCLKE";
    .port_info 7 /INPUT 1 "WE";
    .port_info 8 /INPUT 11 "WADDR";
    .port_info 9 /INPUT 16 "MASK";
    .port_info 10 /INPUT 16 "WDATA";
P_00000215ae9422d0 .param/l "INIT_0" 0 3 1507, C4<0000000000000000000000000000000000000000000000000000000000000000000000000000000000000000000000000000000000000000000000000000000000000000000000000000000000000000000000000000000000000000000000000000000000000000000000000000000000000000000000000000000000000000>;
P_00000215ae942308 .param/l "INIT_1" 0 3 1508, C4<0000000000000000000000000000000000000000000000000000000000000000000000000000000000000000000000000000000000000000000000000000000000000000000000000000000000000000000000000000000000000000000000000000000000000000000000000000000000000000000000000000000000000000>;
P_00000215ae942340 .param/l "INIT_2" 0 3 1509, C4<0000000000000000000000000000000000000000000000000000000000000000000000000000000000000000000000000000000000000000000000000000000000000000000000000000000000000000000000000000000000000000000000000000000000000000000000000000000000000000000000000000000000000000>;
P_00000215ae942378 .param/l "INIT_3" 0 3 1510, C4<0000000000000000000000000000000000000000000000000000000000000000000000000000000000000000000000000000000000000000000000000000000000000000000000000000000000000000000000000000000000000000000000000000000000000000000000000000000000000000000000000000000000000000>;
P_00000215ae9423b0 .param/l "INIT_4" 0 3 1511, C4<0000000000000000000000000000000000000000000000000000000000000000000000000000000000000000000000000000000000000000000000000000000000000000000000000000000000000000000000000000000000000000000000000000000000000000000000000000000000000000000000000000000000000000>;
P_00000215ae9423e8 .param/l "INIT_5" 0 3 1512, C4<0000000000000000000000000000000000000000000000000000000000000000000000000000000000000000000000000000000000000000000000000000000000000000000000000000000000000000000000000000000000000000000000000000000000000000000000000000000000000000000000000000000000000000>;
P_00000215ae942420 .param/l "INIT_6" 0 3 1513, C4<0000000000000000000000000000000000000000000000000000000000000000000000000000000000000000000000000000000000000000000000000000000000000000000000000000000000000000000000000000000000000000000000000000000000000000000000000000000000000000000000000000000000000000>;
P_00000215ae942458 .param/l "INIT_7" 0 3 1514, C4<0000000000000000000000000000000000000000000000000000000000000000000000000000000000000000000000000000000000000000000000000000000000000000000000000000000000000000000000000000000000000000000000000000000000000000000000000000000000000000000000000000000000000000>;
P_00000215ae942490 .param/l "INIT_8" 0 3 1515, C4<0000000000000000000000000000000000000000000000000000000000000000000000000000000000000000000000000000000000000000000000000000000000000000000000000000000000000000000000000000000000000000000000000000000000000000000000000000000000000000000000000000000000000000>;
P_00000215ae9424c8 .param/l "INIT_9" 0 3 1516, C4<0000000000000000000000000000000000000000000000000000000000000000000000000000000000000000000000000000000000000000000000000000000000000000000000000000000000000000000000000000000000000000000000000000000000000000000000000000000000000000000000000000000000000000>;
P_00000215ae942500 .param/l "INIT_A" 0 3 1517, C4<0000000000000000000000000000000000000000000000000000000000000000000000000000000000000000000000000000000000000000000000000000000000000000000000000000000000000000000000000000000000000000000000000000000000000000000000000000000000000000000000000000000000000000>;
P_00000215ae942538 .param/l "INIT_B" 0 3 1518, C4<0000000000000000000000000000000000000000000000000000000000000000000000000000000000000000000000000000000000000000000000000000000000000000000000000000000000000000000000000000000000000000000000000000000000000000000000000000000000000000000000000000000000000000>;
P_00000215ae942570 .param/l "INIT_C" 0 3 1519, C4<0000000000000000000000000000000000000000000000000000000000000000000000000000000000000000000000000000000000000000000000000000000000000000000000000000000000000000000000000000000000000000000000000000000000000000000000000000000000000000000000000000000000000000>;
P_00000215ae9425a8 .param/l "INIT_D" 0 3 1520, C4<0000000000000000000000000000000000000000000000000000000000000000000000000000000000000000000000000000000000000000000000000000000000000000000000000000000000000000000000000000000000000000000000000000000000000000000000000000000000000000000000000000000000000000>;
P_00000215ae9425e0 .param/l "INIT_E" 0 3 1521, C4<0000000000000000000000000000000000000000000000000000000000000000000000000000000000000000000000000000000000000000000000000000000000000000000000000000000000000000000000000000000000000000000000000000000000000000000000000000000000000000000000000000000000000000>;
P_00000215ae942618 .param/l "INIT_F" 0 3 1522, C4<0000000000000000000000000000000000000000000000000000000000000000000000000000000000000000000000000000000000000000000000000000000000000000000000000000000000000000000000000000000000000000000000000000000000000000000000000000000000000000000000000000000000000000>;
P_00000215ae942650 .param/str "INIT_FILE" 0 3 1524, "\000";
P_00000215ae942688 .param/l "READ_MODE" 0 3 1505, +C4<00000000000000000000000000000000>;
P_00000215ae9426c0 .param/l "WRITE_MODE" 0 3 1504, +C4<00000000000000000000000000000000>;
v00000215ae8f8eb0_0 .net "MASK", 15 0, L_00000215ae96f710;  1 drivers
v00000215ae8f9db0_0 .net "RADDR", 10 0, L_00000215ae96e8b0;  1 drivers
v00000215ae8f9630_0 .net "RCLK", 0 0, L_00000215ae9bbd00;  1 drivers
v00000215ae8f8730_0 .net "RCLKE", 0 0, L_00000215ae9702f0;  1 drivers
v00000215ae8fa0d0_0 .net "RDATA", 15 0, v00000215ae8f9e50_0;  1 drivers
v00000215ae8f9e50_0 .var "RDATA_I", 15 0;
v00000215ae8fa170_0 .net "RE", 0 0, L_00000215ae96e9f0;  1 drivers
L_00000215ae973f78 .functor BUFT 1, C4<0000000000000000>, C4<0>, C4<0>, C4<0>;
v00000215ae8f89b0_0 .net "RMASK_I", 15 0, L_00000215ae973f78;  1 drivers
v00000215ae8f85f0_0 .net "WADDR", 10 0, L_00000215ae96ee50;  1 drivers
v00000215ae8f9770_0 .net "WCLK", 0 0, L_00000215ae9bc780;  1 drivers
v00000215ae8fa2b0_0 .net "WCLKE", 0 0, L_00000215ae96f8f0;  1 drivers
v00000215ae8f9810_0 .net "WDATA", 15 0, L_00000215ae9ce410;  1 drivers
v00000215ae8f8a50_0 .net "WDATA_I", 15 0, L_00000215ae9bc710;  1 drivers
v00000215ae8f8870_0 .net "WE", 0 0, L_00000215ae96ea90;  1 drivers
v00000215ae8fa350_0 .net "WMASK_I", 15 0, L_00000215ae9bd580;  1 drivers
v00000215ae8fa3f0_0 .var/i "i", 31 0;
v00000215ae8f99f0 .array "memory", 255 0, 15 0;
E_00000215ae8d0700 .event posedge, v00000215ae8f9630_0;
E_00000215ae8cfe80 .event posedge, v00000215ae8f9770_0;
S_00000215ae8e5110 .scope generate, "genblk1" "genblk1" 3 1534, 3 1534 0, S_00000215ae8e6ec0;
 .timescale -12 -12;
L_00000215ae9bd580 .functor BUFZ 16, L_00000215ae96f710, C4<0000000000000000>, C4<0000000000000000>, C4<0000000000000000>;
S_00000215ae8e66f0 .scope generate, "genblk2" "genblk2" 3 1555, 3 1555 0, S_00000215ae8e6ec0;
 .timescale -12 -12;
S_00000215ae8e5750 .scope generate, "genblk3" "genblk3" 3 1576, 3 1576 0, S_00000215ae8e6ec0;
 .timescale -12 -12;
L_00000215ae9bc710 .functor BUFZ 16, L_00000215ae9ce410, C4<0000000000000000>, C4<0000000000000000>, C4<0000000000000000>;
S_00000215ae8e6240 .scope generate, "genblk4" "genblk4" 3 1595, 3 1595 0, S_00000215ae8e6ec0;
 .timescale -12 -12;
S_00000215ae8e58e0 .scope function.vec4.s1, "pd" "pd" 3 3200, 3 3200 0, S_00000215ae8dcbc0;
 .timescale -12 -12;
; Variable pd is vec4 return value of scope S_00000215ae8e58e0
v00000215ae8f8690_0 .var "x", 0 0;
TD_ICESTORM_RAM.pd ;
    %load/vec4 v00000215ae8f8690_0;
    %cmpi/e 0, 1, 1;
    %flag_mov 8, 6;
    %jmp/0 T_0.0, 8;
    %pushi/vec4 0, 0, 1;
    %jmp/1 T_0.1, 8;
T_0.0 ; End of true expr.
    %load/vec4 v00000215ae8f8690_0;
    %jmp/0 T_0.1, 8;
 ; End of false expr.
    %blend;
T_0.1;
    %ret/vec4 0, 0, 1;  Assign to pd (store_vec4_to_lval)
    %end;
S_00000215ae8e5a70 .scope function.vec4.s1, "pu" "pu" 3 3207, 3 3207 0, S_00000215ae8dcbc0;
 .timescale -12 -12;
; Variable pu is vec4 return value of scope S_00000215ae8e5a70
v00000215ae8f8910_0 .var "x", 0 0;
TD_ICESTORM_RAM.pu ;
    %load/vec4 v00000215ae8f8910_0;
    %cmpi/e 0, 1, 1;
    %flag_mov 8, 6;
    %jmp/0 T_1.2, 8;
    %pushi/vec4 1, 0, 1;
    %jmp/1 T_1.3, 8;
T_1.2 ; End of true expr.
    %load/vec4 v00000215ae8f8910_0;
    %jmp/0 T_1.3, 8;
 ; End of false expr.
    %blend;
T_1.3;
    %ret/vec4 0, 0, 1;  Assign to pu (store_vec4_to_lval)
    %end;
S_00000215ae632d20 .scope module, "SB_CARRY" "SB_CARRY" 3 228;
 .timescale -12 -12;
    .port_info 0 /OUTPUT 1 "CO";
    .port_info 1 /INPUT 1 "I0";
    .port_info 2 /INPUT 1 "I1";
    .port_info 3 /INPUT 1 "CI";
o00000215ae9039e8 .functor BUFZ 1, c4<z>; HiZ drive
o00000215ae903a18 .functor BUFZ 1, c4<z>; HiZ drive
L_00000215ae9bd510 .functor AND 1, o00000215ae9039e8, o00000215ae903a18, C4<1>, C4<1>;
L_00000215ae9bc550 .functor OR 1, o00000215ae9039e8, o00000215ae903a18, C4<0>, C4<0>;
o00000215ae903988 .functor BUFZ 1, c4<z>; HiZ drive
L_00000215ae9bcf60 .functor AND 1, L_00000215ae9bc550, o00000215ae903988, C4<1>, C4<1>;
L_00000215ae9bc5c0 .functor OR 1, L_00000215ae9bd510, L_00000215ae9bcf60, C4<0>, C4<0>;
v00000215ae943eb0_0 .net "CI", 0 0, o00000215ae903988;  0 drivers
v00000215ae9441d0_0 .net "CO", 0 0, L_00000215ae9bc5c0;  1 drivers
v00000215ae944f90_0 .net "I0", 0 0, o00000215ae9039e8;  0 drivers
v00000215ae944590_0 .net "I1", 0 0, o00000215ae903a18;  0 drivers
v00000215ae943f50_0 .net *"_ivl_1", 0 0, L_00000215ae9bd510;  1 drivers
v00000215ae943ff0_0 .net *"_ivl_3", 0 0, L_00000215ae9bc550;  1 drivers
v00000215ae9430f0_0 .net *"_ivl_5", 0 0, L_00000215ae9bcf60;  1 drivers
S_00000215ae616010 .scope module, "SB_DFF" "SB_DFF" 3 265;
 .timescale -12 -12;
    .port_info 0 /OUTPUT 1 "Q";
    .port_info 1 /INPUT 1 "C";
    .port_info 2 /INPUT 1 "D";
o00000215ae903b98 .functor BUFZ 1, c4<z>; HiZ drive
v00000215ae942d30_0 .net "C", 0 0, o00000215ae903b98;  0 drivers
o00000215ae903bc8 .functor BUFZ 1, c4<z>; HiZ drive
v00000215ae943410_0 .net "D", 0 0, o00000215ae903bc8;  0 drivers
v00000215ae944270_0 .var "Q", 0 0;
E_00000215ae8cfc80 .event posedge, v00000215ae942d30_0;
S_00000215ae6161a0 .scope module, "SB_DFFE" "SB_DFFE" 3 303;
 .timescale -12 -12;
    .port_info 0 /OUTPUT 1 "Q";
    .port_info 1 /INPUT 1 "C";
    .port_info 2 /INPUT 1 "E";
    .port_info 3 /INPUT 1 "D";
o00000215ae903cb8 .functor BUFZ 1, c4<z>; HiZ drive
v00000215ae9443b0_0 .net "C", 0 0, o00000215ae903cb8;  0 drivers
o00000215ae903ce8 .functor BUFZ 1, c4<z>; HiZ drive
v00000215ae942fb0_0 .net "D", 0 0, o00000215ae903ce8;  0 drivers
o00000215ae903d18 .functor BUFZ 1, c4<z>; HiZ drive
v00000215ae944450_0 .net "E", 0 0, o00000215ae903d18;  0 drivers
v00000215ae944d10_0 .var "Q", 0 0;
E_00000215ae8d0740 .event posedge, v00000215ae9443b0_0;
S_00000215ae616330 .scope module, "SB_DFFER" "SB_DFFER" 3 653;
 .timescale -12 -12;
    .port_info 0 /OUTPUT 1 "Q";
    .port_info 1 /INPUT 1 "C";
    .port_info 2 /INPUT 1 "E";
    .port_info 3 /INPUT 1 "R";
    .port_info 4 /INPUT 1 "D";
o00000215ae903e38 .functor BUFZ 1, c4<z>; HiZ drive
v00000215ae9432d0_0 .net "C", 0 0, o00000215ae903e38;  0 drivers
o00000215ae903e68 .functor BUFZ 1, c4<z>; HiZ drive
v00000215ae944630_0 .net "D", 0 0, o00000215ae903e68;  0 drivers
o00000215ae903e98 .functor BUFZ 1, c4<z>; HiZ drive
v00000215ae9434b0_0 .net "E", 0 0, o00000215ae903e98;  0 drivers
v00000215ae943870_0 .var "Q", 0 0;
o00000215ae903ef8 .functor BUFZ 1, c4<z>; HiZ drive
v00000215ae944950_0 .net "R", 0 0, o00000215ae903ef8;  0 drivers
E_00000215ae8cfec0 .event posedge, v00000215ae944950_0, v00000215ae9432d0_0;
S_00000215ae61b020 .scope module, "SB_DFFES" "SB_DFFES" 3 794;
 .timescale -12 -12;
    .port_info 0 /OUTPUT 1 "Q";
    .port_info 1 /INPUT 1 "C";
    .port_info 2 /INPUT 1 "E";
    .port_info 3 /INPUT 1 "S";
    .port_info 4 /INPUT 1 "D";
o00000215ae904018 .functor BUFZ 1, c4<z>; HiZ drive
v00000215ae943050_0 .net "C", 0 0, o00000215ae904018;  0 drivers
o00000215ae904048 .functor BUFZ 1, c4<z>; HiZ drive
v00000215ae9450d0_0 .net "D", 0 0, o00000215ae904048;  0 drivers
o00000215ae904078 .functor BUFZ 1, c4<z>; HiZ drive
v00000215ae943370_0 .net "E", 0 0, o00000215ae904078;  0 drivers
v00000215ae943550_0 .var "Q", 0 0;
o00000215ae9040d8 .functor BUFZ 1, c4<z>; HiZ drive
v00000215ae943690_0 .net "S", 0 0, o00000215ae9040d8;  0 drivers
E_00000215ae8d07c0 .event posedge, v00000215ae943690_0, v00000215ae943050_0;
S_00000215ae61b1b0 .scope module, "SB_DFFESR" "SB_DFFESR" 3 592;
 .timescale -12 -12;
    .port_info 0 /OUTPUT 1 "Q";
    .port_info 1 /INPUT 1 "C";
    .port_info 2 /INPUT 1 "E";
    .port_info 3 /INPUT 1 "R";
    .port_info 4 /INPUT 1 "D";
o00000215ae9041f8 .functor BUFZ 1, c4<z>; HiZ drive
v00000215ae943730_0 .net "C", 0 0, o00000215ae9041f8;  0 drivers
o00000215ae904228 .functor BUFZ 1, c4<z>; HiZ drive
v00000215ae9437d0_0 .net "D", 0 0, o00000215ae904228;  0 drivers
o00000215ae904258 .functor BUFZ 1, c4<z>; HiZ drive
v00000215ae94a740_0 .net "E", 0 0, o00000215ae904258;  0 drivers
v00000215ae94a6a0_0 .var "Q", 0 0;
o00000215ae9042b8 .functor BUFZ 1, c4<z>; HiZ drive
v00000215ae94ab00_0 .net "R", 0 0, o00000215ae9042b8;  0 drivers
E_00000215ae8d01c0 .event posedge, v00000215ae943730_0;
S_00000215ae61b340 .scope module, "SB_DFFESS" "SB_DFFESS" 3 733;
 .timescale -12 -12;
    .port_info 0 /OUTPUT 1 "Q";
    .port_info 1 /INPUT 1 "C";
    .port_info 2 /INPUT 1 "E";
    .port_info 3 /INPUT 1 "S";
    .port_info 4 /INPUT 1 "D";
o00000215ae9043d8 .functor BUFZ 1, c4<z>; HiZ drive
v00000215ae94ace0_0 .net "C", 0 0, o00000215ae9043d8;  0 drivers
o00000215ae904408 .functor BUFZ 1, c4<z>; HiZ drive
v00000215ae94a240_0 .net "D", 0 0, o00000215ae904408;  0 drivers
o00000215ae904438 .functor BUFZ 1, c4<z>; HiZ drive
v00000215ae94a7e0_0 .net "E", 0 0, o00000215ae904438;  0 drivers
v00000215ae94aba0_0 .var "Q", 0 0;
o00000215ae904498 .functor BUFZ 1, c4<z>; HiZ drive
v00000215ae94b000_0 .net "S", 0 0, o00000215ae904498;  0 drivers
E_00000215ae8d0a40 .event posedge, v00000215ae94ace0_0;
S_00000215ae626e90 .scope module, "SB_DFFN" "SB_DFFN" 3 876;
 .timescale -12 -12;
    .port_info 0 /OUTPUT 1 "Q";
    .port_info 1 /INPUT 1 "C";
    .port_info 2 /INPUT 1 "D";
o00000215ae9045b8 .functor BUFZ 1, c4<z>; HiZ drive
v00000215ae94a100_0 .net "C", 0 0, o00000215ae9045b8;  0 drivers
o00000215ae9045e8 .functor BUFZ 1, c4<z>; HiZ drive
v00000215ae94ad80_0 .net "D", 0 0, o00000215ae9045e8;  0 drivers
v00000215ae94ae20_0 .var "Q", 0 0;
E_00000215ae8d0880 .event negedge, v00000215ae94a100_0;
S_00000215ae627020 .scope module, "SB_DFFNE" "SB_DFFNE" 3 914;
 .timescale -12 -12;
    .port_info 0 /OUTPUT 1 "Q";
    .port_info 1 /INPUT 1 "C";
    .port_info 2 /INPUT 1 "E";
    .port_info 3 /INPUT 1 "D";
o00000215ae9046d8 .functor BUFZ 1, c4<z>; HiZ drive
v00000215ae94b140_0 .net "C", 0 0, o00000215ae9046d8;  0 drivers
o00000215ae904708 .functor BUFZ 1, c4<z>; HiZ drive
v00000215ae94a2e0_0 .net "D", 0 0, o00000215ae904708;  0 drivers
o00000215ae904738 .functor BUFZ 1, c4<z>; HiZ drive
v00000215ae94b0a0_0 .net "E", 0 0, o00000215ae904738;  0 drivers
v00000215ae94aec0_0 .var "Q", 0 0;
E_00000215ae8d0a00 .event negedge, v00000215ae94b140_0;
S_00000215ae6271b0 .scope module, "SB_DFFNER" "SB_DFFNER" 3 1264;
 .timescale -12 -12;
    .port_info 0 /OUTPUT 1 "Q";
    .port_info 1 /INPUT 1 "C";
    .port_info 2 /INPUT 1 "E";
    .port_info 3 /INPUT 1 "R";
    .port_info 4 /INPUT 1 "D";
o00000215ae904858 .functor BUFZ 1, c4<z>; HiZ drive
v00000215ae94a920_0 .net "C", 0 0, o00000215ae904858;  0 drivers
o00000215ae904888 .functor BUFZ 1, c4<z>; HiZ drive
v00000215ae94ac40_0 .net "D", 0 0, o00000215ae904888;  0 drivers
o00000215ae9048b8 .functor BUFZ 1, c4<z>; HiZ drive
v00000215ae94af60_0 .net "E", 0 0, o00000215ae9048b8;  0 drivers
v00000215ae949e80_0 .var "Q", 0 0;
o00000215ae904918 .functor BUFZ 1, c4<z>; HiZ drive
v00000215ae949c00_0 .net "R", 0 0, o00000215ae904918;  0 drivers
E_00000215ae8cfd00/0 .event negedge, v00000215ae94a920_0;
E_00000215ae8cfd00/1 .event posedge, v00000215ae949c00_0;
E_00000215ae8cfd00 .event/or E_00000215ae8cfd00/0, E_00000215ae8cfd00/1;
S_00000215ae6224c0 .scope module, "SB_DFFNES" "SB_DFFNES" 3 1405;
 .timescale -12 -12;
    .port_info 0 /OUTPUT 1 "Q";
    .port_info 1 /INPUT 1 "C";
    .port_info 2 /INPUT 1 "E";
    .port_info 3 /INPUT 1 "S";
    .port_info 4 /INPUT 1 "D";
o00000215ae904a38 .functor BUFZ 1, c4<z>; HiZ drive
v00000215ae94a880_0 .net "C", 0 0, o00000215ae904a38;  0 drivers
o00000215ae904a68 .functor BUFZ 1, c4<z>; HiZ drive
v00000215ae94b1e0_0 .net "D", 0 0, o00000215ae904a68;  0 drivers
o00000215ae904a98 .functor BUFZ 1, c4<z>; HiZ drive
v00000215ae94a9c0_0 .net "E", 0 0, o00000215ae904a98;  0 drivers
v00000215ae94aa60_0 .var "Q", 0 0;
o00000215ae904af8 .functor BUFZ 1, c4<z>; HiZ drive
v00000215ae94a380_0 .net "S", 0 0, o00000215ae904af8;  0 drivers
E_00000215ae8cfd40/0 .event negedge, v00000215ae94a880_0;
E_00000215ae8cfd40/1 .event posedge, v00000215ae94a380_0;
E_00000215ae8cfd40 .event/or E_00000215ae8cfd40/0, E_00000215ae8cfd40/1;
S_00000215ae8df610 .scope module, "SB_DFFNESR" "SB_DFFNESR" 3 1203;
 .timescale -12 -12;
    .port_info 0 /OUTPUT 1 "Q";
    .port_info 1 /INPUT 1 "C";
    .port_info 2 /INPUT 1 "E";
    .port_info 3 /INPUT 1 "R";
    .port_info 4 /INPUT 1 "D";
o00000215ae904c18 .functor BUFZ 1, c4<z>; HiZ drive
v00000215ae94b280_0 .net "C", 0 0, o00000215ae904c18;  0 drivers
o00000215ae904c48 .functor BUFZ 1, c4<z>; HiZ drive
v00000215ae949ca0_0 .net "D", 0 0, o00000215ae904c48;  0 drivers
o00000215ae904c78 .functor BUFZ 1, c4<z>; HiZ drive
v00000215ae949d40_0 .net "E", 0 0, o00000215ae904c78;  0 drivers
v00000215ae94a4c0_0 .var "Q", 0 0;
o00000215ae904cd8 .functor BUFZ 1, c4<z>; HiZ drive
v00000215ae949de0_0 .net "R", 0 0, o00000215ae904cd8;  0 drivers
E_00000215ae8d0200 .event negedge, v00000215ae94b280_0;
S_00000215ae8dfac0 .scope module, "SB_DFFNESS" "SB_DFFNESS" 3 1344;
 .timescale -12 -12;
    .port_info 0 /OUTPUT 1 "Q";
    .port_info 1 /INPUT 1 "C";
    .port_info 2 /INPUT 1 "E";
    .port_info 3 /INPUT 1 "S";
    .port_info 4 /INPUT 1 "D";
o00000215ae904df8 .functor BUFZ 1, c4<z>; HiZ drive
v00000215ae949f20_0 .net "C", 0 0, o00000215ae904df8;  0 drivers
o00000215ae904e28 .functor BUFZ 1, c4<z>; HiZ drive
v00000215ae949fc0_0 .net "D", 0 0, o00000215ae904e28;  0 drivers
o00000215ae904e58 .functor BUFZ 1, c4<z>; HiZ drive
v00000215ae94a420_0 .net "E", 0 0, o00000215ae904e58;  0 drivers
v00000215ae94a060_0 .var "Q", 0 0;
o00000215ae904eb8 .functor BUFZ 1, c4<z>; HiZ drive
v00000215ae94a1a0_0 .net "S", 0 0, o00000215ae904eb8;  0 drivers
E_00000215ae8d0240 .event negedge, v00000215ae949f20_0;
S_00000215ae8e0100 .scope module, "SB_DFFNR" "SB_DFFNR" 3 1011;
 .timescale -12 -12;
    .port_info 0 /OUTPUT 1 "Q";
    .port_info 1 /INPUT 1 "C";
    .port_info 2 /INPUT 1 "R";
    .port_info 3 /INPUT 1 "D";
o00000215ae904fd8 .functor BUFZ 1, c4<z>; HiZ drive
v00000215ae94a560_0 .net "C", 0 0, o00000215ae904fd8;  0 drivers
o00000215ae905008 .functor BUFZ 1, c4<z>; HiZ drive
v00000215ae94a600_0 .net "D", 0 0, o00000215ae905008;  0 drivers
v00000215ae949700_0 .var "Q", 0 0;
o00000215ae905068 .functor BUFZ 1, c4<z>; HiZ drive
v00000215ae948b20_0 .net "R", 0 0, o00000215ae905068;  0 drivers
E_00000215ae8d0a80/0 .event negedge, v00000215ae94a560_0;
E_00000215ae8d0a80/1 .event posedge, v00000215ae948b20_0;
E_00000215ae8d0a80 .event/or E_00000215ae8d0a80/0, E_00000215ae8d0a80/1;
S_00000215ae8e0290 .scope module, "SB_DFFNS" "SB_DFFNS" 3 1132;
 .timescale -12 -12;
    .port_info 0 /OUTPUT 1 "Q";
    .port_info 1 /INPUT 1 "C";
    .port_info 2 /INPUT 1 "S";
    .port_info 3 /INPUT 1 "D";
o00000215ae905158 .functor BUFZ 1, c4<z>; HiZ drive
v00000215ae9493e0_0 .net "C", 0 0, o00000215ae905158;  0 drivers
o00000215ae905188 .functor BUFZ 1, c4<z>; HiZ drive
v00000215ae9484e0_0 .net "D", 0 0, o00000215ae905188;  0 drivers
v00000215ae949520_0 .var "Q", 0 0;
o00000215ae9051e8 .functor BUFZ 1, c4<z>; HiZ drive
v00000215ae948940_0 .net "S", 0 0, o00000215ae9051e8;  0 drivers
E_00000215ae8d02c0/0 .event negedge, v00000215ae9493e0_0;
E_00000215ae8d02c0/1 .event posedge, v00000215ae948940_0;
E_00000215ae8d02c0 .event/or E_00000215ae8d02c0/0, E_00000215ae8d02c0/1;
S_00000215ae8df480 .scope module, "SB_DFFNSR" "SB_DFFNSR" 3 961;
 .timescale -12 -12;
    .port_info 0 /OUTPUT 1 "Q";
    .port_info 1 /INPUT 1 "C";
    .port_info 2 /INPUT 1 "R";
    .port_info 3 /INPUT 1 "D";
o00000215ae9052d8 .functor BUFZ 1, c4<z>; HiZ drive
v00000215ae948800_0 .net "C", 0 0, o00000215ae9052d8;  0 drivers
o00000215ae905308 .functor BUFZ 1, c4<z>; HiZ drive
v00000215ae9488a0_0 .net "D", 0 0, o00000215ae905308;  0 drivers
v00000215ae9475e0_0 .var "Q", 0 0;
o00000215ae905368 .functor BUFZ 1, c4<z>; HiZ drive
v00000215ae948ee0_0 .net "R", 0 0, o00000215ae905368;  0 drivers
E_00000215ae8d0280 .event negedge, v00000215ae948800_0;
S_00000215ae8df7a0 .scope module, "SB_DFFNSS" "SB_DFFNSS" 3 1082;
 .timescale -12 -12;
    .port_info 0 /OUTPUT 1 "Q";
    .port_info 1 /INPUT 1 "C";
    .port_info 2 /INPUT 1 "S";
    .port_info 3 /INPUT 1 "D";
o00000215ae905458 .functor BUFZ 1, c4<z>; HiZ drive
v00000215ae947cc0_0 .net "C", 0 0, o00000215ae905458;  0 drivers
o00000215ae905488 .functor BUFZ 1, c4<z>; HiZ drive
v00000215ae948440_0 .net "D", 0 0, o00000215ae905488;  0 drivers
v00000215ae948580_0 .var "Q", 0 0;
o00000215ae9054e8 .functor BUFZ 1, c4<z>; HiZ drive
v00000215ae948a80_0 .net "S", 0 0, o00000215ae9054e8;  0 drivers
E_00000215ae8d0300 .event negedge, v00000215ae947cc0_0;
S_00000215ae8df930 .scope module, "SB_DFFR" "SB_DFFR" 3 400;
 .timescale -12 -12;
    .port_info 0 /OUTPUT 1 "Q";
    .port_info 1 /INPUT 1 "C";
    .port_info 2 /INPUT 1 "R";
    .port_info 3 /INPUT 1 "D";
o00000215ae9055d8 .functor BUFZ 1, c4<z>; HiZ drive
v00000215ae949340_0 .net "C", 0 0, o00000215ae9055d8;  0 drivers
o00000215ae905608 .functor BUFZ 1, c4<z>; HiZ drive
v00000215ae9489e0_0 .net "D", 0 0, o00000215ae905608;  0 drivers
v00000215ae948bc0_0 .var "Q", 0 0;
o00000215ae905668 .functor BUFZ 1, c4<z>; HiZ drive
v00000215ae948c60_0 .net "R", 0 0, o00000215ae905668;  0 drivers
E_00000215ae8d0340 .event posedge, v00000215ae948c60_0, v00000215ae949340_0;
S_00000215ae8dff70 .scope module, "SB_DFFS" "SB_DFFS" 3 521;
 .timescale -12 -12;
    .port_info 0 /OUTPUT 1 "Q";
    .port_info 1 /INPUT 1 "C";
    .port_info 2 /INPUT 1 "S";
    .port_info 3 /INPUT 1 "D";
o00000215ae905758 .functor BUFZ 1, c4<z>; HiZ drive
v00000215ae9486c0_0 .net "C", 0 0, o00000215ae905758;  0 drivers
o00000215ae905788 .functor BUFZ 1, c4<z>; HiZ drive
v00000215ae947b80_0 .net "D", 0 0, o00000215ae905788;  0 drivers
v00000215ae949980_0 .var "Q", 0 0;
o00000215ae9057e8 .functor BUFZ 1, c4<z>; HiZ drive
v00000215ae9479a0_0 .net "S", 0 0, o00000215ae9057e8;  0 drivers
E_00000215ae8d1640 .event posedge, v00000215ae9479a0_0, v00000215ae9486c0_0;
S_00000215ae8dfc50 .scope module, "SB_DFFSR" "SB_DFFSR" 3 350;
 .timescale -12 -12;
    .port_info 0 /OUTPUT 1 "Q";
    .port_info 1 /INPUT 1 "C";
    .port_info 2 /INPUT 1 "R";
    .port_info 3 /INPUT 1 "D";
o00000215ae9058d8 .functor BUFZ 1, c4<z>; HiZ drive
v00000215ae9490c0_0 .net "C", 0 0, o00000215ae9058d8;  0 drivers
o00000215ae905908 .functor BUFZ 1, c4<z>; HiZ drive
v00000215ae949a20_0 .net "D", 0 0, o00000215ae905908;  0 drivers
v00000215ae948620_0 .var "Q", 0 0;
o00000215ae905968 .functor BUFZ 1, c4<z>; HiZ drive
v00000215ae9497a0_0 .net "R", 0 0, o00000215ae905968;  0 drivers
E_00000215ae8d10c0 .event posedge, v00000215ae9490c0_0;
S_00000215ae8dfde0 .scope module, "SB_DFFSS" "SB_DFFSS" 3 471;
 .timescale -12 -12;
    .port_info 0 /OUTPUT 1 "Q";
    .port_info 1 /INPUT 1 "C";
    .port_info 2 /INPUT 1 "S";
    .port_info 3 /INPUT 1 "D";
o00000215ae905a58 .functor BUFZ 1, c4<z>; HiZ drive
v00000215ae949660_0 .net "C", 0 0, o00000215ae905a58;  0 drivers
o00000215ae905a88 .functor BUFZ 1, c4<z>; HiZ drive
v00000215ae949160_0 .net "D", 0 0, o00000215ae905a88;  0 drivers
v00000215ae947f40_0 .var "Q", 0 0;
o00000215ae905ae8 .functor BUFZ 1, c4<z>; HiZ drive
v00000215ae948d00_0 .net "S", 0 0, o00000215ae905ae8;  0 drivers
E_00000215ae8d15c0 .event posedge, v00000215ae949660_0;
S_00000215ae8e1c00 .scope module, "SB_FILTER_50NS" "SB_FILTER_50NS" 3 2856;
 .timescale -12 -12;
    .port_info 0 /INPUT 1 "FILTERIN";
    .port_info 1 /OUTPUT 1 "FILTEROUT";
o00000215ae905bd8 .functor BUFZ 1, c4<z>; HiZ drive
v00000215ae947ea0_0 .net "FILTERIN", 0 0, o00000215ae905bd8;  0 drivers
o00000215ae905c08 .functor BUFZ 1, c4<z>; HiZ drive
v00000215ae948300_0 .net "FILTEROUT", 0 0, o00000215ae905c08;  0 drivers
S_00000215ae8e1f20 .scope module, "SB_GB" "SB_GB" 3 162;
 .timescale -12 -12;
    .port_info 0 /INPUT 1 "USER_SIGNAL_TO_GLOBAL_BUFFER";
    .port_info 1 /OUTPUT 1 "GLOBAL_BUFFER_OUTPUT";
o00000215ae905cc8 .functor BUFZ 1, c4<z>; HiZ drive
L_00000215ae9bcd30 .functor BUFZ 1, o00000215ae905cc8, C4<0>, C4<0>, C4<0>;
v00000215ae948120_0 .net "GLOBAL_BUFFER_OUTPUT", 0 0, L_00000215ae9bcd30;  1 drivers
v00000215ae9483a0_0 .net "USER_SIGNAL_TO_GLOBAL_BUFFER", 0 0, o00000215ae905cc8;  0 drivers
S_00000215ae8e1a70 .scope module, "SB_GB_IO" "SB_GB_IO" 3 123;
 .timescale -12 -12;
    .port_info 0 /INOUT 1 "PACKAGE_PIN";
    .port_info 1 /OUTPUT 1 "GLOBAL_BUFFER_OUTPUT";
    .port_info 2 /INPUT 1 "LATCH_INPUT_VALUE";
    .port_info 3 /INPUT 1 "CLOCK_ENABLE";
    .port_info 4 /INPUT 1 "INPUT_CLK";
    .port_info 5 /INPUT 1 "OUTPUT_CLK";
    .port_info 6 /INPUT 1 "OUTPUT_ENABLE";
    .port_info 7 /INPUT 1 "D_OUT_0";
    .port_info 8 /INPUT 1 "D_OUT_1";
    .port_info 9 /OUTPUT 1 "D_IN_0";
    .port_info 10 /OUTPUT 1 "D_IN_1";
P_00000215ae71b540 .param/str "IO_STANDARD" 0 3 139, "SB_LVCMOS";
P_00000215ae71b578 .param/l "NEG_TRIGGER" 0 3 138, C4<0>;
P_00000215ae71b5b0 .param/l "PIN_TYPE" 0 3 136, C4<000000>;
P_00000215ae71b5e8 .param/l "PULLUP" 0 3 137, C4<0>;
o00000215ae905f08 .functor BUFZ 1, c4<z>; HiZ drive
L_00000215ae9bc390 .functor BUFZ 1, o00000215ae905f08, C4<0>, C4<0>, C4<0>;
o00000215ae905d58 .functor BUFZ 1, c4<z>; HiZ drive
v00000215ae947ae0_0 .net "CLOCK_ENABLE", 0 0, o00000215ae905d58;  0 drivers
v00000215ae947fe0_0 .net "D_IN_0", 0 0, L_00000215ae9bcb00;  1 drivers
v00000215ae948080_0 .net "D_IN_1", 0 0, L_00000215ae9bd200;  1 drivers
o00000215ae905de8 .functor BUFZ 1, c4<z>; HiZ drive
v00000215ae9481c0_0 .net "D_OUT_0", 0 0, o00000215ae905de8;  0 drivers
o00000215ae905e18 .functor BUFZ 1, c4<z>; HiZ drive
v00000215ae948260_0 .net "D_OUT_1", 0 0, o00000215ae905e18;  0 drivers
v00000215ae94b690_0 .net "GLOBAL_BUFFER_OUTPUT", 0 0, L_00000215ae9bc390;  1 drivers
o00000215ae905e48 .functor BUFZ 1, c4<z>; HiZ drive
v00000215ae94b9b0_0 .net "INPUT_CLK", 0 0, o00000215ae905e48;  0 drivers
o00000215ae905e78 .functor BUFZ 1, c4<z>; HiZ drive
v00000215ae94ba50_0 .net "LATCH_INPUT_VALUE", 0 0, o00000215ae905e78;  0 drivers
o00000215ae905ea8 .functor BUFZ 1, c4<z>; HiZ drive
v00000215ae94be10_0 .net "OUTPUT_CLK", 0 0, o00000215ae905ea8;  0 drivers
o00000215ae905ed8 .functor BUFZ 1, c4<z>; HiZ drive
v00000215ae94d170_0 .net "OUTPUT_ENABLE", 0 0, o00000215ae905ed8;  0 drivers
v00000215ae94c6d0_0 .net "PACKAGE_PIN", 0 0, o00000215ae905f08;  0 drivers
S_00000215ae8e5c00 .scope module, "IO" "SB_IO" 3 148, 3 17 0, S_00000215ae8e1a70;
 .timescale -12 -12;
    .port_info 0 /INOUT 1 "PACKAGE_PIN";
    .port_info 1 /INPUT 1 "LATCH_INPUT_VALUE";
    .port_info 2 /INPUT 1 "CLOCK_ENABLE";
    .port_info 3 /INPUT 1 "INPUT_CLK";
    .port_info 4 /INPUT 1 "OUTPUT_CLK";
    .port_info 5 /INPUT 1 "OUTPUT_ENABLE";
    .port_info 6 /INPUT 1 "D_OUT_0";
    .port_info 7 /INPUT 1 "D_OUT_1";
    .port_info 8 /OUTPUT 1 "D_IN_0";
    .port_info 9 /OUTPUT 1 "D_IN_1";
P_00000215ae942700 .param/str "IO_STANDARD" 0 3 32, "SB_LVCMOS";
P_00000215ae942738 .param/l "NEG_TRIGGER" 0 3 31, C4<0>;
P_00000215ae942770 .param/l "PIN_TYPE" 0 3 29, C4<000000>;
P_00000215ae9427a8 .param/l "PULLUP" 0 3 30, C4<0>;
L_00000215ae9bd740 .functor OR 1, o00000215ae905d58, L_00000215ae9cf090, C4<0>, C4<0>;
L_00000215ae9bcb00 .functor BUFZ 1, v00000215ae949480_0, C4<0>, C4<0>, C4<0>;
L_00000215ae9bd200 .functor BUFZ 1, v00000215ae9498e0_0, C4<0>, C4<0>, C4<0>;
v00000215ae948760_0 .net "CLOCK_ENABLE", 0 0, o00000215ae905d58;  alias, 0 drivers
v00000215ae948da0_0 .net "D_IN_0", 0 0, L_00000215ae9bcb00;  alias, 1 drivers
v00000215ae947540_0 .net "D_IN_1", 0 0, L_00000215ae9bd200;  alias, 1 drivers
v00000215ae949ac0_0 .net "D_OUT_0", 0 0, o00000215ae905de8;  alias, 0 drivers
v00000215ae948e40_0 .net "D_OUT_1", 0 0, o00000215ae905e18;  alias, 0 drivers
v00000215ae948f80_0 .net "INPUT_CLK", 0 0, o00000215ae905e48;  alias, 0 drivers
v00000215ae9474a0_0 .net "LATCH_INPUT_VALUE", 0 0, o00000215ae905e78;  alias, 0 drivers
v00000215ae949020_0 .net "OUTPUT_CLK", 0 0, o00000215ae905ea8;  alias, 0 drivers
v00000215ae9495c0_0 .net "OUTPUT_ENABLE", 0 0, o00000215ae905ed8;  alias, 0 drivers
v00000215ae947680_0 .net "PACKAGE_PIN", 0 0, o00000215ae905f08;  alias, 0 drivers
o00000215ae905f38 .functor BUFZ 1, c4<z>; HiZ drive
; Elide local net with no drivers, v00000215ae949200_0 name=_ivl_0
v00000215ae947d60_0 .net *"_ivl_2", 0 0, L_00000215ae9cf090;  1 drivers
v00000215ae947e00_0 .net "clken_pulled", 0 0, L_00000215ae9bd740;  1 drivers
v00000215ae9492a0_0 .var "clken_pulled_ri", 0 0;
v00000215ae949840_0 .var "clken_pulled_ro", 0 0;
v00000215ae949480_0 .var "din_0", 0 0;
v00000215ae9498e0_0 .var "din_1", 0 0;
v00000215ae949b60_0 .var "din_q_0", 0 0;
v00000215ae947400_0 .var "din_q_1", 0 0;
v00000215ae947720_0 .var "dout", 0 0;
v00000215ae9477c0_0 .var "dout_q_0", 0 0;
v00000215ae947860_0 .var "dout_q_1", 0 0;
v00000215ae947c20_0 .var "outclk_delayed_1", 0 0;
v00000215ae947900_0 .var "outclk_delayed_2", 0 0;
v00000215ae947a40_0 .var "outena_q", 0 0;
E_00000215ae8d1600 .event anyedge, v00000215ae947900_0, v00000215ae9477c0_0, v00000215ae947860_0;
E_00000215ae8d1a40 .event anyedge, v00000215ae947c20_0;
E_00000215ae8d1480 .event anyedge, v00000215ae949020_0;
E_00000215ae8d0d00 .event anyedge, v00000215ae949b60_0, v00000215ae947400_0;
L_00000215ae9cf090 .cmp/eeq 1, o00000215ae905d58, o00000215ae905f38;
S_00000215ae8e60b0 .scope generate, "genblk1" "genblk1" 3 45, 3 45 0, S_00000215ae8e5c00;
 .timescale -12 -12;
E_00000215ae8d1780 .event posedge, v00000215ae949020_0;
E_00000215ae8d1840 .event negedge, v00000215ae949020_0;
E_00000215ae8d0e80 .event negedge, v00000215ae948f80_0;
E_00000215ae8d1180 .event posedge, v00000215ae948f80_0;
S_00000215ae8e0df0 .scope module, "SB_HFOSC" "SB_HFOSC" 3 2664;
 .timescale -12 -12;
    .port_info 0 /INPUT 1 "TRIM0";
    .port_info 1 /INPUT 1 "TRIM1";
    .port_info 2 /INPUT 1 "TRIM2";
    .port_info 3 /INPUT 1 "TRIM3";
    .port_info 4 /INPUT 1 "TRIM4";
    .port_info 5 /INPUT 1 "TRIM5";
    .port_info 6 /INPUT 1 "TRIM6";
    .port_info 7 /INPUT 1 "TRIM7";
    .port_info 8 /INPUT 1 "TRIM8";
    .port_info 9 /INPUT 1 "TRIM9";
    .port_info 10 /INPUT 1 "CLKHFPU";
    .port_info 11 /INPUT 1 "CLKHFEN";
    .port_info 12 /OUTPUT 1 "CLKHF";
P_00000215ae705e00 .param/str "CLKHF_DIV" 0 3 2680, "0b00";
P_00000215ae705e38 .param/str "TRIM_EN" 0 3 2679, "0b0";
o00000215ae906628 .functor BUFZ 1, c4<z>; HiZ drive
v00000215ae94c770_0 .net "CLKHF", 0 0, o00000215ae906628;  0 drivers
o00000215ae906658 .functor BUFZ 1, c4<z>; HiZ drive
v00000215ae94d210_0 .net "CLKHFEN", 0 0, o00000215ae906658;  0 drivers
o00000215ae906688 .functor BUFZ 1, c4<z>; HiZ drive
v00000215ae94b730_0 .net "CLKHFPU", 0 0, o00000215ae906688;  0 drivers
o00000215ae9066b8 .functor BUFZ 1, c4<z>; HiZ drive
v00000215ae94c090_0 .net "TRIM0", 0 0, o00000215ae9066b8;  0 drivers
o00000215ae9066e8 .functor BUFZ 1, c4<z>; HiZ drive
v00000215ae94c810_0 .net "TRIM1", 0 0, o00000215ae9066e8;  0 drivers
o00000215ae906718 .functor BUFZ 1, c4<z>; HiZ drive
v00000215ae94d850_0 .net "TRIM2", 0 0, o00000215ae906718;  0 drivers
o00000215ae906748 .functor BUFZ 1, c4<z>; HiZ drive
v00000215ae94d2b0_0 .net "TRIM3", 0 0, o00000215ae906748;  0 drivers
o00000215ae906778 .functor BUFZ 1, c4<z>; HiZ drive
v00000215ae94c8b0_0 .net "TRIM4", 0 0, o00000215ae906778;  0 drivers
o00000215ae9067a8 .functor BUFZ 1, c4<z>; HiZ drive
v00000215ae94d3f0_0 .net "TRIM5", 0 0, o00000215ae9067a8;  0 drivers
o00000215ae9067d8 .functor BUFZ 1, c4<z>; HiZ drive
v00000215ae94c4f0_0 .net "TRIM6", 0 0, o00000215ae9067d8;  0 drivers
o00000215ae906808 .functor BUFZ 1, c4<z>; HiZ drive
v00000215ae94c310_0 .net "TRIM7", 0 0, o00000215ae906808;  0 drivers
o00000215ae906838 .functor BUFZ 1, c4<z>; HiZ drive
v00000215ae94c950_0 .net "TRIM8", 0 0, o00000215ae906838;  0 drivers
o00000215ae906868 .functor BUFZ 1, c4<z>; HiZ drive
v00000215ae94c9f0_0 .net "TRIM9", 0 0, o00000215ae906868;  0 drivers
S_00000215ae8e0c60 .scope module, "SB_I2C" "SB_I2C" 3 2733;
 .timescale -12 -12;
    .port_info 0 /INPUT 1 "SBCLKI";
    .port_info 1 /INPUT 1 "SBRWI";
    .port_info 2 /INPUT 1 "SBSTBI";
    .port_info 3 /INPUT 1 "SBADRI7";
    .port_info 4 /INPUT 1 "SBADRI6";
    .port_info 5 /INPUT 1 "SBADRI5";
    .port_info 6 /INPUT 1 "SBADRI4";
    .port_info 7 /INPUT 1 "SBADRI3";
    .port_info 8 /INPUT 1 "SBADRI2";
    .port_info 9 /INPUT 1 "SBADRI1";
    .port_info 10 /INPUT 1 "SBADRI0";
    .port_info 11 /INPUT 1 "SBDATI7";
    .port_info 12 /INPUT 1 "SBDATI6";
    .port_info 13 /INPUT 1 "SBDATI5";
    .port_info 14 /INPUT 1 "SBDATI4";
    .port_info 15 /INPUT 1 "SBDATI3";
    .port_info 16 /INPUT 1 "SBDATI2";
    .port_info 17 /INPUT 1 "SBDATI1";
    .port_info 18 /INPUT 1 "SBDATI0";
    .port_info 19 /INPUT 1 "SCLI";
    .port_info 20 /INPUT 1 "SDAI";
    .port_info 21 /OUTPUT 1 "SBDATO7";
    .port_info 22 /OUTPUT 1 "SBDATO6";
    .port_info 23 /OUTPUT 1 "SBDATO5";
    .port_info 24 /OUTPUT 1 "SBDATO4";
    .port_info 25 /OUTPUT 1 "SBDATO3";
    .port_info 26 /OUTPUT 1 "SBDATO2";
    .port_info 27 /OUTPUT 1 "SBDATO1";
    .port_info 28 /OUTPUT 1 "SBDATO0";
    .port_info 29 /OUTPUT 1 "SBACKO";
    .port_info 30 /OUTPUT 1 "I2CIRQ";
    .port_info 31 /OUTPUT 1 "I2CWKUP";
    .port_info 32 /OUTPUT 1 "SCLO";
    .port_info 33 /OUTPUT 1 "SCLOE";
    .port_info 34 /OUTPUT 1 "SDAO";
    .port_info 35 /OUTPUT 1 "SDAOE";
P_00000215ae705280 .param/str "BUS_ADDR74" 0 3 2772, "0b0001";
P_00000215ae7052b8 .param/str "I2C_SLAVE_INIT_ADDR" 0 3 2771, "0b1111100001";
o00000215ae906b08 .functor BUFZ 1, c4<z>; HiZ drive
v00000215ae94b5f0_0 .net "I2CIRQ", 0 0, o00000215ae906b08;  0 drivers
o00000215ae906b38 .functor BUFZ 1, c4<z>; HiZ drive
v00000215ae94cef0_0 .net "I2CWKUP", 0 0, o00000215ae906b38;  0 drivers
o00000215ae906b68 .functor BUFZ 1, c4<z>; HiZ drive
v00000215ae94d8f0_0 .net "SBACKO", 0 0, o00000215ae906b68;  0 drivers
o00000215ae906b98 .functor BUFZ 1, c4<z>; HiZ drive
v00000215ae94d710_0 .net "SBADRI0", 0 0, o00000215ae906b98;  0 drivers
o00000215ae906bc8 .functor BUFZ 1, c4<z>; HiZ drive
v00000215ae94cbd0_0 .net "SBADRI1", 0 0, o00000215ae906bc8;  0 drivers
o00000215ae906bf8 .functor BUFZ 1, c4<z>; HiZ drive
v00000215ae94d990_0 .net "SBADRI2", 0 0, o00000215ae906bf8;  0 drivers
o00000215ae906c28 .functor BUFZ 1, c4<z>; HiZ drive
v00000215ae94c450_0 .net "SBADRI3", 0 0, o00000215ae906c28;  0 drivers
o00000215ae906c58 .functor BUFZ 1, c4<z>; HiZ drive
v00000215ae94cc70_0 .net "SBADRI4", 0 0, o00000215ae906c58;  0 drivers
o00000215ae906c88 .functor BUFZ 1, c4<z>; HiZ drive
v00000215ae94c590_0 .net "SBADRI5", 0 0, o00000215ae906c88;  0 drivers
o00000215ae906cb8 .functor BUFZ 1, c4<z>; HiZ drive
v00000215ae94b870_0 .net "SBADRI6", 0 0, o00000215ae906cb8;  0 drivers
o00000215ae906ce8 .functor BUFZ 1, c4<z>; HiZ drive
v00000215ae94b7d0_0 .net "SBADRI7", 0 0, o00000215ae906ce8;  0 drivers
o00000215ae906d18 .functor BUFZ 1, c4<z>; HiZ drive
v00000215ae94da30_0 .net "SBCLKI", 0 0, o00000215ae906d18;  0 drivers
o00000215ae906d48 .functor BUFZ 1, c4<z>; HiZ drive
v00000215ae94dad0_0 .net "SBDATI0", 0 0, o00000215ae906d48;  0 drivers
o00000215ae906d78 .functor BUFZ 1, c4<z>; HiZ drive
v00000215ae94db70_0 .net "SBDATI1", 0 0, o00000215ae906d78;  0 drivers
o00000215ae906da8 .functor BUFZ 1, c4<z>; HiZ drive
v00000215ae94d7b0_0 .net "SBDATI2", 0 0, o00000215ae906da8;  0 drivers
o00000215ae906dd8 .functor BUFZ 1, c4<z>; HiZ drive
v00000215ae94baf0_0 .net "SBDATI3", 0 0, o00000215ae906dd8;  0 drivers
o00000215ae906e08 .functor BUFZ 1, c4<z>; HiZ drive
v00000215ae94beb0_0 .net "SBDATI4", 0 0, o00000215ae906e08;  0 drivers
o00000215ae906e38 .functor BUFZ 1, c4<z>; HiZ drive
v00000215ae94d0d0_0 .net "SBDATI5", 0 0, o00000215ae906e38;  0 drivers
o00000215ae906e68 .functor BUFZ 1, c4<z>; HiZ drive
v00000215ae94c270_0 .net "SBDATI6", 0 0, o00000215ae906e68;  0 drivers
o00000215ae906e98 .functor BUFZ 1, c4<z>; HiZ drive
v00000215ae94b910_0 .net "SBDATI7", 0 0, o00000215ae906e98;  0 drivers
o00000215ae906ec8 .functor BUFZ 1, c4<z>; HiZ drive
v00000215ae94c630_0 .net "SBDATO0", 0 0, o00000215ae906ec8;  0 drivers
o00000215ae906ef8 .functor BUFZ 1, c4<z>; HiZ drive
v00000215ae94ca90_0 .net "SBDATO1", 0 0, o00000215ae906ef8;  0 drivers
o00000215ae906f28 .functor BUFZ 1, c4<z>; HiZ drive
v00000215ae94ce50_0 .net "SBDATO2", 0 0, o00000215ae906f28;  0 drivers
o00000215ae906f58 .functor BUFZ 1, c4<z>; HiZ drive
v00000215ae94d350_0 .net "SBDATO3", 0 0, o00000215ae906f58;  0 drivers
o00000215ae906f88 .functor BUFZ 1, c4<z>; HiZ drive
v00000215ae94d5d0_0 .net "SBDATO4", 0 0, o00000215ae906f88;  0 drivers
o00000215ae906fb8 .functor BUFZ 1, c4<z>; HiZ drive
v00000215ae94cb30_0 .net "SBDATO5", 0 0, o00000215ae906fb8;  0 drivers
o00000215ae906fe8 .functor BUFZ 1, c4<z>; HiZ drive
v00000215ae94b410_0 .net "SBDATO6", 0 0, o00000215ae906fe8;  0 drivers
o00000215ae907018 .functor BUFZ 1, c4<z>; HiZ drive
v00000215ae94cd10_0 .net "SBDATO7", 0 0, o00000215ae907018;  0 drivers
o00000215ae907048 .functor BUFZ 1, c4<z>; HiZ drive
v00000215ae94d490_0 .net "SBRWI", 0 0, o00000215ae907048;  0 drivers
o00000215ae907078 .functor BUFZ 1, c4<z>; HiZ drive
v00000215ae94c3b0_0 .net "SBSTBI", 0 0, o00000215ae907078;  0 drivers
o00000215ae9070a8 .functor BUFZ 1, c4<z>; HiZ drive
v00000215ae94bb90_0 .net "SCLI", 0 0, o00000215ae9070a8;  0 drivers
o00000215ae9070d8 .functor BUFZ 1, c4<z>; HiZ drive
v00000215ae94cdb0_0 .net "SCLO", 0 0, o00000215ae9070d8;  0 drivers
o00000215ae907108 .functor BUFZ 1, c4<z>; HiZ drive
v00000215ae94cf90_0 .net "SCLOE", 0 0, o00000215ae907108;  0 drivers
o00000215ae907138 .functor BUFZ 1, c4<z>; HiZ drive
v00000215ae94d030_0 .net "SDAI", 0 0, o00000215ae907138;  0 drivers
o00000215ae907168 .functor BUFZ 1, c4<z>; HiZ drive
v00000215ae94bc30_0 .net "SDAO", 0 0, o00000215ae907168;  0 drivers
o00000215ae907198 .functor BUFZ 1, c4<z>; HiZ drive
v00000215ae94d530_0 .net "SDAOE", 0 0, o00000215ae907198;  0 drivers
S_00000215ae8e20b0 .scope module, "SB_IO_I3C" "SB_IO_I3C" 3 2862;
 .timescale -12 -12;
    .port_info 0 /INOUT 1 "PACKAGE_PIN";
    .port_info 1 /INPUT 1 "LATCH_INPUT_VALUE";
    .port_info 2 /INPUT 1 "CLOCK_ENABLE";
    .port_info 3 /INPUT 1 "INPUT_CLK";
    .port_info 4 /INPUT 1 "OUTPUT_CLK";
    .port_info 5 /INPUT 1 "OUTPUT_ENABLE";
    .port_info 6 /INPUT 1 "D_OUT_0";
    .port_info 7 /INPUT 1 "D_OUT_1";
    .port_info 8 /OUTPUT 1 "D_IN_0";
    .port_info 9 /OUTPUT 1 "D_IN_1";
    .port_info 10 /INPUT 1 "PU_ENB";
    .port_info 11 /INPUT 1 "WEAK_PU_ENB";
P_00000215ae6286e0 .param/str "IO_STANDARD" 0 3 2880, "SB_LVCMOS";
P_00000215ae628718 .param/l "NEG_TRIGGER" 0 3 2879, C4<0>;
P_00000215ae628750 .param/l "PIN_TYPE" 0 3 2876, C4<000000>;
P_00000215ae628788 .param/l "PULLUP" 0 3 2877, C4<0>;
P_00000215ae6287c0 .param/l "WEAK_PULLUP" 0 3 2878, C4<0>;
L_00000215ae9bc7f0 .functor BUFZ 1, v00000215ae94ef70_0, C4<0>, C4<0>, C4<0>;
L_00000215ae9bd0b0 .functor BUFZ 1, v00000215ae94ed90_0, C4<0>, C4<0>, C4<0>;
o00000215ae907888 .functor BUFZ 1, c4<z>; HiZ drive
v00000215ae94b550_0 .net "CLOCK_ENABLE", 0 0, o00000215ae907888;  0 drivers
v00000215ae94b4b0_0 .net "D_IN_0", 0 0, L_00000215ae9bc7f0;  1 drivers
v00000215ae94d670_0 .net "D_IN_1", 0 0, L_00000215ae9bd0b0;  1 drivers
o00000215ae907918 .functor BUFZ 1, c4<z>; HiZ drive
v00000215ae94bcd0_0 .net "D_OUT_0", 0 0, o00000215ae907918;  0 drivers
o00000215ae907948 .functor BUFZ 1, c4<z>; HiZ drive
v00000215ae94bd70_0 .net "D_OUT_1", 0 0, o00000215ae907948;  0 drivers
o00000215ae907978 .functor BUFZ 1, c4<z>; HiZ drive
v00000215ae94bf50_0 .net "INPUT_CLK", 0 0, o00000215ae907978;  0 drivers
o00000215ae9079a8 .functor BUFZ 1, c4<z>; HiZ drive
v00000215ae94bff0_0 .net "LATCH_INPUT_VALUE", 0 0, o00000215ae9079a8;  0 drivers
o00000215ae9079d8 .functor BUFZ 1, c4<z>; HiZ drive
v00000215ae94c130_0 .net "OUTPUT_CLK", 0 0, o00000215ae9079d8;  0 drivers
o00000215ae907a08 .functor BUFZ 1, c4<z>; HiZ drive
v00000215ae94c1d0_0 .net "OUTPUT_ENABLE", 0 0, o00000215ae907a08;  0 drivers
o00000215ae907a38 .functor BUFZ 1, c4<z>; HiZ drive
v00000215ae94e4d0_0 .net "PACKAGE_PIN", 0 0, o00000215ae907a38;  0 drivers
o00000215ae907a68 .functor BUFZ 1, c4<z>; HiZ drive
v00000215ae94eed0_0 .net "PU_ENB", 0 0, o00000215ae907a68;  0 drivers
o00000215ae907a98 .functor BUFZ 1, c4<z>; HiZ drive
v00000215ae94ebb0_0 .net "WEAK_PU_ENB", 0 0, o00000215ae907a98;  0 drivers
v00000215ae94ef70_0 .var "din_0", 0 0;
v00000215ae94ed90_0 .var "din_1", 0 0;
v00000215ae94ea70_0 .var "din_q_0", 0 0;
v00000215ae94f1f0_0 .var "din_q_1", 0 0;
v00000215ae94e7f0_0 .var "dout", 0 0;
v00000215ae94ddf0_0 .var "dout_q_0", 0 0;
v00000215ae94ec50_0 .var "dout_q_1", 0 0;
v00000215ae94de90_0 .var "outclk_delayed_1", 0 0;
v00000215ae94dd50_0 .var "outclk_delayed_2", 0 0;
v00000215ae94e6b0_0 .var "outena_q", 0 0;
E_00000215ae8d14c0 .event anyedge, v00000215ae94dd50_0, v00000215ae94ddf0_0, v00000215ae94ec50_0;
E_00000215ae8d0d40 .event anyedge, v00000215ae94de90_0;
E_00000215ae8d1680 .event anyedge, v00000215ae94c130_0;
E_00000215ae8d17c0 .event anyedge, v00000215ae94ea70_0, v00000215ae94f1f0_0;
S_00000215ae8e63d0 .scope generate, "genblk1" "genblk1" 3 2888, 3 2888 0, S_00000215ae8e20b0;
 .timescale -12 -12;
E_00000215ae8d0ec0 .event posedge, v00000215ae94c130_0;
E_00000215ae8d11c0 .event negedge, v00000215ae94c130_0;
E_00000215ae8d1300 .event negedge, v00000215ae94bf50_0;
E_00000215ae8d13c0 .event posedge, v00000215ae94bf50_0;
S_00000215ae8e0f80 .scope module, "SB_IO_OD" "SB_IO_OD" 3 2931;
 .timescale -12 -12;
    .port_info 0 /INOUT 1 "PACKAGEPIN";
    .port_info 1 /INPUT 1 "LATCHINPUTVALUE";
    .port_info 2 /INPUT 1 "CLOCKENABLE";
    .port_info 3 /INPUT 1 "INPUTCLK";
    .port_info 4 /INPUT 1 "OUTPUTCLK";
    .port_info 5 /INPUT 1 "OUTPUTENABLE";
    .port_info 6 /INPUT 1 "DOUT1";
    .port_info 7 /INPUT 1 "DOUT0";
    .port_info 8 /OUTPUT 1 "DIN1";
    .port_info 9 /OUTPUT 1 "DIN0";
P_00000215ae705f80 .param/l "NEG_TRIGGER" 0 3 2944, C4<0>;
P_00000215ae705fb8 .param/l "PIN_TYPE" 0 3 2943, C4<000000>;
L_00000215ae9bcda0 .functor BUFZ 1, v00000215ae94ee30_0, C4<0>, C4<0>, C4<0>;
L_00000215ae9bd660 .functor BUFZ 1, v00000215ae94e750_0, C4<0>, C4<0>, C4<0>;
o00000215ae907ee8 .functor BUFZ 1, c4<z>; HiZ drive
v00000215ae94e570_0 .net "CLOCKENABLE", 0 0, o00000215ae907ee8;  0 drivers
v00000215ae94f010_0 .net "DIN0", 0 0, L_00000215ae9bcda0;  1 drivers
v00000215ae94eb10_0 .net "DIN1", 0 0, L_00000215ae9bd660;  1 drivers
o00000215ae907f78 .functor BUFZ 1, c4<z>; HiZ drive
v00000215ae94e610_0 .net "DOUT0", 0 0, o00000215ae907f78;  0 drivers
o00000215ae907fa8 .functor BUFZ 1, c4<z>; HiZ drive
v00000215ae94e930_0 .net "DOUT1", 0 0, o00000215ae907fa8;  0 drivers
o00000215ae907fd8 .functor BUFZ 1, c4<z>; HiZ drive
v00000215ae94e1b0_0 .net "INPUTCLK", 0 0, o00000215ae907fd8;  0 drivers
o00000215ae908008 .functor BUFZ 1, c4<z>; HiZ drive
v00000215ae94df30_0 .net "LATCHINPUTVALUE", 0 0, o00000215ae908008;  0 drivers
o00000215ae908038 .functor BUFZ 1, c4<z>; HiZ drive
v00000215ae94dfd0_0 .net "OUTPUTCLK", 0 0, o00000215ae908038;  0 drivers
o00000215ae908068 .functor BUFZ 1, c4<z>; HiZ drive
v00000215ae94e070_0 .net "OUTPUTENABLE", 0 0, o00000215ae908068;  0 drivers
o00000215ae908098 .functor BUFZ 1, c4<z>; HiZ drive
v00000215ae94ecf0_0 .net "PACKAGEPIN", 0 0, o00000215ae908098;  0 drivers
v00000215ae94ee30_0 .var "din_0", 0 0;
v00000215ae94e750_0 .var "din_1", 0 0;
v00000215ae94f0b0_0 .var "din_q_0", 0 0;
v00000215ae94e110_0 .var "din_q_1", 0 0;
v00000215ae94e250_0 .var "dout", 0 0;
v00000215ae94f150_0 .var "dout_q_0", 0 0;
v00000215ae94e890_0 .var "dout_q_1", 0 0;
v00000215ae94f290_0 .var "outclk_delayed_1", 0 0;
v00000215ae94e390_0 .var "outclk_delayed_2", 0 0;
v00000215ae94dc10_0 .var "outena_q", 0 0;
E_00000215ae8d0f40 .event anyedge, v00000215ae94e390_0, v00000215ae94f150_0, v00000215ae94e890_0;
E_00000215ae8d16c0 .event anyedge, v00000215ae94f290_0;
E_00000215ae8d1c40 .event anyedge, v00000215ae94dfd0_0;
E_00000215ae8d1700 .event anyedge, v00000215ae94f0b0_0, v00000215ae94e110_0;
S_00000215ae8e6560 .scope generate, "genblk1" "genblk1" 3 2952, 3 2952 0, S_00000215ae8e0f80;
 .timescale -12 -12;
E_00000215ae8d1c00 .event posedge, v00000215ae94dfd0_0;
E_00000215ae8d0f00 .event negedge, v00000215ae94dfd0_0;
E_00000215ae8d1740 .event negedge, v00000215ae94e1b0_0;
E_00000215ae8d0c80 .event posedge, v00000215ae94e1b0_0;
S_00000215ae8e2240 .scope module, "SB_LEDDA_IP" "SB_LEDDA_IP" 3 2830;
 .timescale -12 -12;
    .port_info 0 /INPUT 1 "LEDDCS";
    .port_info 1 /INPUT 1 "LEDDCLK";
    .port_info 2 /INPUT 1 "LEDDDAT7";
    .port_info 3 /INPUT 1 "LEDDDAT6";
    .port_info 4 /INPUT 1 "LEDDDAT5";
    .port_info 5 /INPUT 1 "LEDDDAT4";
    .port_info 6 /INPUT 1 "LEDDDAT3";
    .port_info 7 /INPUT 1 "LEDDDAT2";
    .port_info 8 /INPUT 1 "LEDDDAT1";
    .port_info 9 /INPUT 1 "LEDDDAT0";
    .port_info 10 /INPUT 1 "LEDDADDR3";
    .port_info 11 /INPUT 1 "LEDDADDR2";
    .port_info 12 /INPUT 1 "LEDDADDR1";
    .port_info 13 /INPUT 1 "LEDDADDR0";
    .port_info 14 /INPUT 1 "LEDDDEN";
    .port_info 15 /INPUT 1 "LEDDEXE";
    .port_info 16 /INPUT 1 "LEDDRST";
    .port_info 17 /OUTPUT 1 "PWMOUT0";
    .port_info 18 /OUTPUT 1 "PWMOUT1";
    .port_info 19 /OUTPUT 1 "PWMOUT2";
    .port_info 20 /OUTPUT 1 "LEDDON";
o00000215ae908488 .functor BUFZ 1, c4<z>; HiZ drive
v00000215ae94dcb0_0 .net "LEDDADDR0", 0 0, o00000215ae908488;  0 drivers
o00000215ae9084b8 .functor BUFZ 1, c4<z>; HiZ drive
v00000215ae94e2f0_0 .net "LEDDADDR1", 0 0, o00000215ae9084b8;  0 drivers
o00000215ae9084e8 .functor BUFZ 1, c4<z>; HiZ drive
v00000215ae94e430_0 .net "LEDDADDR2", 0 0, o00000215ae9084e8;  0 drivers
o00000215ae908518 .functor BUFZ 1, c4<z>; HiZ drive
v00000215ae94e9d0_0 .net "LEDDADDR3", 0 0, o00000215ae908518;  0 drivers
o00000215ae908548 .functor BUFZ 1, c4<z>; HiZ drive
v00000215ae94f560_0 .net "LEDDCLK", 0 0, o00000215ae908548;  0 drivers
o00000215ae908578 .functor BUFZ 1, c4<z>; HiZ drive
v00000215ae950c80_0 .net "LEDDCS", 0 0, o00000215ae908578;  0 drivers
o00000215ae9085a8 .functor BUFZ 1, c4<z>; HiZ drive
v00000215ae950500_0 .net "LEDDDAT0", 0 0, o00000215ae9085a8;  0 drivers
o00000215ae9085d8 .functor BUFZ 1, c4<z>; HiZ drive
v00000215ae950aa0_0 .net "LEDDDAT1", 0 0, o00000215ae9085d8;  0 drivers
o00000215ae908608 .functor BUFZ 1, c4<z>; HiZ drive
v00000215ae94fba0_0 .net "LEDDDAT2", 0 0, o00000215ae908608;  0 drivers
o00000215ae908638 .functor BUFZ 1, c4<z>; HiZ drive
v00000215ae9519a0_0 .net "LEDDDAT3", 0 0, o00000215ae908638;  0 drivers
o00000215ae908668 .functor BUFZ 1, c4<z>; HiZ drive
v00000215ae951a40_0 .net "LEDDDAT4", 0 0, o00000215ae908668;  0 drivers
o00000215ae908698 .functor BUFZ 1, c4<z>; HiZ drive
v00000215ae951900_0 .net "LEDDDAT5", 0 0, o00000215ae908698;  0 drivers
o00000215ae9086c8 .functor BUFZ 1, c4<z>; HiZ drive
v00000215ae951720_0 .net "LEDDDAT6", 0 0, o00000215ae9086c8;  0 drivers
o00000215ae9086f8 .functor BUFZ 1, c4<z>; HiZ drive
v00000215ae94f9c0_0 .net "LEDDDAT7", 0 0, o00000215ae9086f8;  0 drivers
o00000215ae908728 .functor BUFZ 1, c4<z>; HiZ drive
v00000215ae94fec0_0 .net "LEDDDEN", 0 0, o00000215ae908728;  0 drivers
o00000215ae908758 .functor BUFZ 1, c4<z>; HiZ drive
v00000215ae951180_0 .net "LEDDEXE", 0 0, o00000215ae908758;  0 drivers
o00000215ae908788 .functor BUFZ 1, c4<z>; HiZ drive
v00000215ae950f00_0 .net "LEDDON", 0 0, o00000215ae908788;  0 drivers
o00000215ae9087b8 .functor BUFZ 1, c4<z>; HiZ drive
v00000215ae94f740_0 .net "LEDDRST", 0 0, o00000215ae9087b8;  0 drivers
o00000215ae9087e8 .functor BUFZ 1, c4<z>; HiZ drive
v00000215ae9505a0_0 .net "PWMOUT0", 0 0, o00000215ae9087e8;  0 drivers
o00000215ae908818 .functor BUFZ 1, c4<z>; HiZ drive
v00000215ae9506e0_0 .net "PWMOUT1", 0 0, o00000215ae908818;  0 drivers
o00000215ae908848 .functor BUFZ 1, c4<z>; HiZ drive
v00000215ae950e60_0 .net "PWMOUT2", 0 0, o00000215ae908848;  0 drivers
S_00000215ae8e1110 .scope module, "SB_LED_DRV_CUR" "SB_LED_DRV_CUR" 3 2709;
 .timescale -12 -12;
    .port_info 0 /INPUT 1 "EN";
    .port_info 1 /OUTPUT 1 "LEDPU";
o00000215ae908c68 .functor BUFZ 1, c4<z>; HiZ drive
v00000215ae94f7e0_0 .net "EN", 0 0, o00000215ae908c68;  0 drivers
o00000215ae908c98 .functor BUFZ 1, c4<z>; HiZ drive
v00000215ae950000_0 .net "LEDPU", 0 0, o00000215ae908c98;  0 drivers
S_00000215ae8e1430 .scope module, "SB_LFOSC" "SB_LFOSC" 3 2684;
 .timescale -12 -12;
    .port_info 0 /INPUT 1 "CLKLFPU";
    .port_info 1 /INPUT 1 "CLKLFEN";
    .port_info 2 /OUTPUT 1 "CLKLF";
o00000215ae908d28 .functor BUFZ 1, c4<z>; HiZ drive
v00000215ae950dc0_0 .net "CLKLF", 0 0, o00000215ae908d28;  0 drivers
o00000215ae908d58 .functor BUFZ 1, c4<z>; HiZ drive
v00000215ae94f880_0 .net "CLKLFEN", 0 0, o00000215ae908d58;  0 drivers
o00000215ae908d88 .functor BUFZ 1, c4<z>; HiZ drive
v00000215ae9508c0_0 .net "CLKLFPU", 0 0, o00000215ae908d88;  0 drivers
S_00000215ae8e1d90 .scope module, "SB_LUT4" "SB_LUT4" 3 177;
 .timescale -12 -12;
    .port_info 0 /OUTPUT 1 "O";
    .port_info 1 /INPUT 1 "I0";
    .port_info 2 /INPUT 1 "I1";
    .port_info 3 /INPUT 1 "I2";
    .port_info 4 /INPUT 1 "I3";
P_00000215ae8d0940 .param/l "LUT_INIT" 0 3 184, C4<0000000000000000>;
o00000215ae908e48 .functor BUFZ 1, c4<z>; HiZ drive
v00000215ae950b40_0 .net "I0", 0 0, o00000215ae908e48;  0 drivers
o00000215ae908e78 .functor BUFZ 1, c4<z>; HiZ drive
v00000215ae951040_0 .net "I1", 0 0, o00000215ae908e78;  0 drivers
o00000215ae908ea8 .functor BUFZ 1, c4<z>; HiZ drive
v00000215ae94f6a0_0 .net "I2", 0 0, o00000215ae908ea8;  0 drivers
o00000215ae908ed8 .functor BUFZ 1, c4<z>; HiZ drive
v00000215ae94fc40_0 .net "I3", 0 0, o00000215ae908ed8;  0 drivers
v00000215ae9517c0_0 .net "O", 0 0, L_00000215ae9cf6d0;  1 drivers
L_00000215ae974050 .functor BUFT 1, C4<00000000>, C4<0>, C4<0>, C4<0>;
v00000215ae9512c0_0 .net/2u *"_ivl_0", 7 0, L_00000215ae974050;  1 drivers
v00000215ae94f4c0_0 .net *"_ivl_13", 1 0, L_00000215ae9cf590;  1 drivers
v00000215ae94fce0_0 .net *"_ivl_15", 1 0, L_00000215ae9cdf10;  1 drivers
v00000215ae951540_0 .net *"_ivl_19", 0 0, L_00000215ae9cfb30;  1 drivers
L_00000215ae974098 .functor BUFT 1, C4<00000000>, C4<0>, C4<0>, C4<0>;
v00000215ae950fa0_0 .net/2u *"_ivl_2", 7 0, L_00000215ae974098;  1 drivers
v00000215ae951220_0 .net *"_ivl_21", 0 0, L_00000215ae9cfd10;  1 drivers
v00000215ae94f920_0 .net *"_ivl_7", 3 0, L_00000215ae9cf130;  1 drivers
v00000215ae9500a0_0 .net *"_ivl_9", 3 0, L_00000215ae9cf1d0;  1 drivers
v00000215ae950460_0 .net "s1", 1 0, L_00000215ae9cf9f0;  1 drivers
v00000215ae950640_0 .net "s2", 3 0, L_00000215ae9cfe50;  1 drivers
v00000215ae94f600_0 .net "s3", 7 0, L_00000215ae9cea50;  1 drivers
L_00000215ae9cea50 .functor MUXZ 8, L_00000215ae974098, L_00000215ae974050, o00000215ae908ed8, C4<>;
L_00000215ae9cf130 .part L_00000215ae9cea50, 4, 4;
L_00000215ae9cf1d0 .part L_00000215ae9cea50, 0, 4;
L_00000215ae9cfe50 .functor MUXZ 4, L_00000215ae9cf1d0, L_00000215ae9cf130, o00000215ae908ea8, C4<>;
L_00000215ae9cf590 .part L_00000215ae9cfe50, 2, 2;
L_00000215ae9cdf10 .part L_00000215ae9cfe50, 0, 2;
L_00000215ae9cf9f0 .functor MUXZ 2, L_00000215ae9cdf10, L_00000215ae9cf590, o00000215ae908e78, C4<>;
L_00000215ae9cfb30 .part L_00000215ae9cf9f0, 1, 1;
L_00000215ae9cfd10 .part L_00000215ae9cf9f0, 0, 1;
L_00000215ae9cf6d0 .functor MUXZ 1, L_00000215ae9cfd10, L_00000215ae9cfb30, o00000215ae908e48, C4<>;
S_00000215ae8e12a0 .scope module, "SB_MAC16" "SB_MAC16" 3 2996;
 .timescale -12 -12;
    .port_info 0 /INPUT 1 "CLK";
    .port_info 1 /INPUT 1 "CE";
    .port_info 2 /INPUT 16 "C";
    .port_info 3 /INPUT 16 "A";
    .port_info 4 /INPUT 16 "B";
    .port_info 5 /INPUT 16 "D";
    .port_info 6 /INPUT 1 "AHOLD";
    .port_info 7 /INPUT 1 "BHOLD";
    .port_info 8 /INPUT 1 "CHOLD";
    .port_info 9 /INPUT 1 "DHOLD";
    .port_info 10 /INPUT 1 "IRSTTOP";
    .port_info 11 /INPUT 1 "IRSTBOT";
    .port_info 12 /INPUT 1 "ORSTTOP";
    .port_info 13 /INPUT 1 "ORSTBOT";
    .port_info 14 /INPUT 1 "OLOADTOP";
    .port_info 15 /INPUT 1 "OLOADBOT";
    .port_info 16 /INPUT 1 "ADDSUBTOP";
    .port_info 17 /INPUT 1 "ADDSUBBOT";
    .port_info 18 /INPUT 1 "OHOLDTOP";
    .port_info 19 /INPUT 1 "OHOLDBOT";
    .port_info 20 /INPUT 1 "CI";
    .port_info 21 /INPUT 1 "ACCUMCI";
    .port_info 22 /INPUT 1 "SIGNEXTIN";
    .port_info 23 /OUTPUT 32 "O";
    .port_info 24 /OUTPUT 1 "CO";
    .port_info 25 /OUTPUT 1 "ACCUMCO";
    .port_info 26 /OUTPUT 1 "SIGNEXTOUT";
P_00000215ae62cd10 .param/l "A_REG" 0 3 3011, C4<0>;
P_00000215ae62cd48 .param/l "A_SIGNED" 0 3 3027, C4<0>;
P_00000215ae62cd80 .param/l "BOTADDSUB_CARRYSELECT" 0 3 3025, C4<00>;
P_00000215ae62cdb8 .param/l "BOTADDSUB_LOWERINPUT" 0 3 3023, C4<00>;
P_00000215ae62cdf0 .param/l "BOTADDSUB_UPPERINPUT" 0 3 3024, C4<0>;
P_00000215ae62ce28 .param/l "BOTOUTPUT_SELECT" 0 3 3022, C4<00>;
P_00000215ae62ce60 .param/l "BOT_8x8_MULT_REG" 0 3 3015, C4<0>;
P_00000215ae62ce98 .param/l "B_REG" 0 3 3012, C4<0>;
P_00000215ae62ced0 .param/l "B_SIGNED" 0 3 3028, C4<0>;
P_00000215ae62cf08 .param/l "C_REG" 0 3 3010, C4<0>;
P_00000215ae62cf40 .param/l "D_REG" 0 3 3013, C4<0>;
P_00000215ae62cf78 .param/l "MODE_8x8" 0 3 3026, C4<0>;
P_00000215ae62cfb0 .param/l "NEG_TRIGGER" 0 3 3009, C4<0>;
P_00000215ae62cfe8 .param/l "PIPELINE_16x16_MULT_REG1" 0 3 3016, C4<0>;
P_00000215ae62d020 .param/l "PIPELINE_16x16_MULT_REG2" 0 3 3017, C4<0>;
P_00000215ae62d058 .param/l "TOPADDSUB_CARRYSELECT" 0 3 3021, C4<00>;
P_00000215ae62d090 .param/l "TOPADDSUB_LOWERINPUT" 0 3 3019, C4<00>;
P_00000215ae62d0c8 .param/l "TOPADDSUB_UPPERINPUT" 0 3 3020, C4<0>;
P_00000215ae62d100 .param/l "TOPOUTPUT_SELECT" 0 3 3018, C4<00>;
P_00000215ae62d138 .param/l "TOP_8x8_MULT_REG" 0 3 3014, C4<0>;
o00000215ae909538 .functor BUFZ 1, c4<z>; HiZ drive
L_00000215ae9740e0 .functor BUFT 1, C4<0>, C4<0>, C4<0>, C4<0>;
L_00000215ae9bd7b0 .functor XOR 1, o00000215ae909538, L_00000215ae9740e0, C4<0>, C4<0>;
o00000215ae909478 .functor BUFZ 16, c4<zzzzzzzzzzzzzzzz>; HiZ drive
L_00000215ae9bcb70 .functor BUFZ 16, o00000215ae909478, C4<0000000000000000>, C4<0000000000000000>, C4<0000000000000000>;
o00000215ae909238 .functor BUFZ 16, c4<zzzzzzzzzzzzzzzz>; HiZ drive
L_00000215ae9bbfa0 .functor BUFZ 16, o00000215ae909238, C4<0000000000000000>, C4<0000000000000000>, C4<0000000000000000>;
o00000215ae9093b8 .functor BUFZ 16, c4<zzzzzzzzzzzzzzzz>; HiZ drive
L_00000215ae9bcef0 .functor BUFZ 16, o00000215ae9093b8, C4<0000000000000000>, C4<0000000000000000>, C4<0000000000000000>;
o00000215ae909598 .functor BUFZ 16, c4<zzzzzzzzzzzzzzzz>; HiZ drive
L_00000215ae9bd3c0 .functor BUFZ 16, o00000215ae909598, C4<0000000000000000>, C4<0000000000000000>, C4<0000000000000000>;
L_00000215ae9bc630 .functor BUFZ 16, L_00000215ae9d03f0, C4<0000000000000000>, C4<0000000000000000>, C4<0000000000000000>;
L_00000215ae9bc320 .functor BUFZ 16, L_00000215ae9d0210, C4<0000000000000000>, C4<0000000000000000>, C4<0000000000000000>;
L_00000215ae9bd890 .functor BUFZ 16, L_00000215ae9cf270, C4<0000000000000000>, C4<0000000000000000>, C4<0000000000000000>;
L_00000215ae9bca20 .functor BUFZ 16, L_00000215ae9cdfb0, C4<0000000000000000>, C4<0000000000000000>, C4<0000000000000000>;
L_00000215ae9bd6d0 .functor BUFZ 32, L_00000215ae9ce230, C4<00000000000000000000000000000000>, C4<00000000000000000000000000000000>, C4<00000000000000000000000000000000>;
L_00000215ae9bc6a0 .functor BUFZ 16, v00000215ae958390_0, C4<0000000000000000>, C4<0000000000000000>, C4<0000000000000000>;
L_00000215ae9bc400 .functor BUFZ 16, L_00000215ae9bbfa0, C4<0000000000000000>, C4<0000000000000000>, C4<0000000000000000>;
L_00000215ae9bc9b0 .functor XOR 17, L_00000215ae9cef50, L_00000215ae9cecd0, C4<00000000000000000>, C4<00000000000000000>;
o00000215ae9092f8 .functor BUFZ 1, c4<z>; HiZ drive
L_00000215ae9bc940 .functor XOR 1, L_00000215ae9ce050, o00000215ae9092f8, C4<0>, C4<0>;
L_00000215ae9bbde0 .functor XOR 16, L_00000215ae9ce550, L_00000215ae9cfbd0, C4<0000000000000000>, C4<0000000000000000>;
L_00000215ae9bc8d0 .functor BUFZ 16, L_00000215ae9cf950, C4<0000000000000000>, C4<0000000000000000>, C4<0000000000000000>;
L_00000215ae9bd120 .functor BUFZ 16, v00000215ae956b30_0, C4<0000000000000000>, C4<0000000000000000>, C4<0000000000000000>;
L_00000215ae9bd040 .functor BUFZ 16, L_00000215ae9bcef0, C4<0000000000000000>, C4<0000000000000000>, C4<0000000000000000>;
L_00000215ae9bd430 .functor XOR 17, L_00000215ae9cf810, L_00000215ae9d1bb0, C4<00000000000000000>, C4<00000000000000000>;
L_00000215ae9bca90 .functor XOR 16, L_00000215ae9ce910, L_00000215ae9d2650, C4<0000000000000000>, C4<0000000000000000>;
L_00000215ae9bcbe0 .functor BUFZ 16, L_00000215ae9d0710, C4<0000000000000000>, C4<0000000000000000>, C4<0000000000000000>;
v00000215ae950780_0 .net "A", 15 0, o00000215ae909238;  0 drivers
o00000215ae909268 .functor BUFZ 1, c4<z>; HiZ drive
v00000215ae9514a0_0 .net "ACCUMCI", 0 0, o00000215ae909268;  0 drivers
v00000215ae951680_0 .net "ACCUMCO", 0 0, L_00000215ae9ce050;  1 drivers
o00000215ae9092c8 .functor BUFZ 1, c4<z>; HiZ drive
v00000215ae951360_0 .net "ADDSUBBOT", 0 0, o00000215ae9092c8;  0 drivers
v00000215ae9510e0_0 .net "ADDSUBTOP", 0 0, o00000215ae9092f8;  0 drivers
o00000215ae909328 .functor BUFZ 1, c4<z>; HiZ drive
v00000215ae950be0_0 .net "AHOLD", 0 0, o00000215ae909328;  0 drivers
v00000215ae94fa60_0 .net "Ah", 15 0, L_00000215ae9cfc70;  1 drivers
v00000215ae951ae0_0 .net "Al", 15 0, L_00000215ae9ce730;  1 drivers
v00000215ae94fb00_0 .net "B", 15 0, o00000215ae9093b8;  0 drivers
o00000215ae9093e8 .functor BUFZ 1, c4<z>; HiZ drive
v00000215ae950820_0 .net "BHOLD", 0 0, o00000215ae9093e8;  0 drivers
v00000215ae950960_0 .net "Bh", 15 0, L_00000215ae9ce370;  1 drivers
v00000215ae94ff60_0 .net "Bl", 15 0, L_00000215ae9cfef0;  1 drivers
v00000215ae94fd80_0 .net "C", 15 0, o00000215ae909478;  0 drivers
o00000215ae9094a8 .functor BUFZ 1, c4<z>; HiZ drive
v00000215ae950a00_0 .net "CE", 0 0, o00000215ae9094a8;  0 drivers
o00000215ae9094d8 .functor BUFZ 1, c4<z>; HiZ drive
v00000215ae951400_0 .net "CHOLD", 0 0, o00000215ae9094d8;  0 drivers
o00000215ae909508 .functor BUFZ 1, c4<z>; HiZ drive
v00000215ae950d20_0 .net "CI", 0 0, o00000215ae909508;  0 drivers
v00000215ae9515e0_0 .net "CLK", 0 0, o00000215ae909538;  0 drivers
v00000215ae951860_0 .net "CO", 0 0, L_00000215ae9bc940;  1 drivers
v00000215ae951b80_0 .net "D", 15 0, o00000215ae909598;  0 drivers
o00000215ae9095c8 .functor BUFZ 1, c4<z>; HiZ drive
v00000215ae94f420_0 .net "DHOLD", 0 0, o00000215ae9095c8;  0 drivers
L_00000215ae974638 .functor BUFT 1, C4<0>, C4<0>, C4<0>, C4<0>;
v00000215ae94fe20_0 .net "HCI", 0 0, L_00000215ae974638;  1 drivers
o00000215ae909628 .functor BUFZ 1, c4<z>; HiZ drive
v00000215ae950140_0 .net "IRSTBOT", 0 0, o00000215ae909628;  0 drivers
o00000215ae909658 .functor BUFZ 1, c4<z>; HiZ drive
v00000215ae9501e0_0 .net "IRSTTOP", 0 0, o00000215ae909658;  0 drivers
L_00000215ae974758 .functor BUFT 1, C4<0>, C4<0>, C4<0>, C4<0>;
v00000215ae950280_0 .net "LCI", 0 0, L_00000215ae974758;  1 drivers
v00000215ae950320_0 .net "LCO", 0 0, L_00000215ae9ce870;  1 drivers
v00000215ae9503c0_0 .net "O", 31 0, L_00000215ae9d1070;  1 drivers
o00000215ae909718 .functor BUFZ 1, c4<z>; HiZ drive
v00000215ae951ea0_0 .net "OHOLDBOT", 0 0, o00000215ae909718;  0 drivers
o00000215ae909748 .functor BUFZ 1, c4<z>; HiZ drive
v00000215ae951f40_0 .net "OHOLDTOP", 0 0, o00000215ae909748;  0 drivers
o00000215ae909778 .functor BUFZ 1, c4<z>; HiZ drive
v00000215ae952580_0 .net "OLOADBOT", 0 0, o00000215ae909778;  0 drivers
o00000215ae9097a8 .functor BUFZ 1, c4<z>; HiZ drive
v00000215ae9529e0_0 .net "OLOADTOP", 0 0, o00000215ae9097a8;  0 drivers
o00000215ae9097d8 .functor BUFZ 1, c4<z>; HiZ drive
v00000215ae952620_0 .net "ORSTBOT", 0 0, o00000215ae9097d8;  0 drivers
o00000215ae909808 .functor BUFZ 1, c4<z>; HiZ drive
v00000215ae9528a0_0 .net "ORSTTOP", 0 0, o00000215ae909808;  0 drivers
v00000215ae951fe0_0 .net "Oh", 15 0, L_00000215ae9bc8d0;  1 drivers
v00000215ae953160_0 .net "Ol", 15 0, L_00000215ae9bcbe0;  1 drivers
o00000215ae909898 .functor BUFZ 1, c4<z>; HiZ drive
v00000215ae952080_0 .net "SIGNEXTIN", 0 0, o00000215ae909898;  0 drivers
v00000215ae952da0_0 .net "SIGNEXTOUT", 0 0, L_00000215ae9cf4f0;  1 drivers
v00000215ae951cc0_0 .net "XW", 15 0, L_00000215ae9ce550;  1 drivers
v00000215ae9521c0_0 .net "YZ", 15 0, L_00000215ae9ce910;  1 drivers
v00000215ae952c60_0 .net/2u *"_ivl_0", 0 0, L_00000215ae9740e0;  1 drivers
v00000215ae953200_0 .net *"_ivl_100", 31 0, L_00000215ae9cec30;  1 drivers
L_00000215ae9744d0 .functor BUFT 1, C4<0000000000000000>, C4<0>, C4<0>, C4<0>;
v00000215ae9526c0_0 .net *"_ivl_103", 15 0, L_00000215ae9744d0;  1 drivers
v00000215ae9530c0_0 .net *"_ivl_104", 31 0, L_00000215ae9cf630;  1 drivers
v00000215ae952e40_0 .net *"_ivl_106", 15 0, L_00000215ae9ce190;  1 drivers
L_00000215ae974518 .functor BUFT 1, C4<0000000000000000>, C4<0>, C4<0>, C4<0>;
v00000215ae952760_0 .net *"_ivl_108", 15 0, L_00000215ae974518;  1 drivers
L_00000215ae974128 .functor BUFT 1, C4<00000000>, C4<0>, C4<0>, C4<0>;
v00000215ae951c20_0 .net/2u *"_ivl_12", 7 0, L_00000215ae974128;  1 drivers
v00000215ae952120_0 .net *"_ivl_121", 16 0, L_00000215ae9d00d0;  1 drivers
L_00000215ae974560 .functor BUFT 1, C4<0>, C4<0>, C4<0>, C4<0>;
v00000215ae952800_0 .net *"_ivl_124", 0 0, L_00000215ae974560;  1 drivers
v00000215ae9532a0_0 .net *"_ivl_125", 16 0, L_00000215ae9cef50;  1 drivers
L_00000215ae9745a8 .functor BUFT 1, C4<0>, C4<0>, C4<0>, C4<0>;
v00000215ae952940_0 .net *"_ivl_128", 0 0, L_00000215ae9745a8;  1 drivers
v00000215ae951d60_0 .net *"_ivl_130", 15 0, L_00000215ae9ce690;  1 drivers
v00000215ae952a80_0 .net *"_ivl_131", 16 0, L_00000215ae9cecd0;  1 drivers
L_00000215ae9745f0 .functor BUFT 1, C4<0>, C4<0>, C4<0>, C4<0>;
v00000215ae952260_0 .net *"_ivl_134", 0 0, L_00000215ae9745f0;  1 drivers
v00000215ae952b20_0 .net *"_ivl_135", 16 0, L_00000215ae9bc9b0;  1 drivers
v00000215ae952300_0 .net *"_ivl_137", 16 0, L_00000215ae9cf3b0;  1 drivers
L_00000215ae9748c0 .functor BUFT 1, C4<00000000000000000>, C4<0>, C4<0>, C4<0>;
v00000215ae952f80_0 .net *"_ivl_139", 16 0, L_00000215ae9748c0;  1 drivers
v00000215ae953020_0 .net *"_ivl_143", 16 0, L_00000215ae9ce7d0;  1 drivers
v00000215ae952bc0_0 .net *"_ivl_148", 15 0, L_00000215ae9cfbd0;  1 drivers
v00000215ae952d00_0 .net *"_ivl_149", 15 0, L_00000215ae9bbde0;  1 drivers
v00000215ae952ee0_0 .net *"_ivl_15", 7 0, L_00000215ae9d0490;  1 drivers
v00000215ae951e00_0 .net *"_ivl_168", 16 0, L_00000215ae9cf770;  1 drivers
L_00000215ae974680 .functor BUFT 1, C4<0>, C4<0>, C4<0>, C4<0>;
v00000215ae9523a0_0 .net *"_ivl_171", 0 0, L_00000215ae974680;  1 drivers
v00000215ae952440_0 .net *"_ivl_172", 16 0, L_00000215ae9cf810;  1 drivers
L_00000215ae9746c8 .functor BUFT 1, C4<0>, C4<0>, C4<0>, C4<0>;
v00000215ae9524e0_0 .net *"_ivl_175", 0 0, L_00000215ae9746c8;  1 drivers
v00000215ae9540b0_0 .net *"_ivl_177", 15 0, L_00000215ae9cf8b0;  1 drivers
v00000215ae9548d0_0 .net *"_ivl_178", 16 0, L_00000215ae9d1bb0;  1 drivers
L_00000215ae974170 .functor BUFT 1, C4<00000000>, C4<0>, C4<0>, C4<0>;
v00000215ae954fb0_0 .net/2u *"_ivl_18", 7 0, L_00000215ae974170;  1 drivers
L_00000215ae974710 .functor BUFT 1, C4<0>, C4<0>, C4<0>, C4<0>;
v00000215ae955190_0 .net *"_ivl_181", 0 0, L_00000215ae974710;  1 drivers
v00000215ae953930_0 .net *"_ivl_182", 16 0, L_00000215ae9bd430;  1 drivers
v00000215ae954150_0 .net *"_ivl_184", 16 0, L_00000215ae9ce2d0;  1 drivers
L_00000215ae974908 .functor BUFT 1, C4<00000000000000000>, C4<0>, C4<0>, C4<0>;
v00000215ae954470_0 .net *"_ivl_186", 16 0, L_00000215ae974908;  1 drivers
v00000215ae954650_0 .net *"_ivl_190", 16 0, L_00000215ae9d25b0;  1 drivers
v00000215ae953570_0 .net *"_ivl_193", 15 0, L_00000215ae9d2650;  1 drivers
v00000215ae9559b0_0 .net *"_ivl_194", 15 0, L_00000215ae9bca90;  1 drivers
v00000215ae955230_0 .net *"_ivl_21", 7 0, L_00000215ae9cdd30;  1 drivers
L_00000215ae9741b8 .functor BUFT 1, C4<00000000>, C4<0>, C4<0>, C4<0>;
v00000215ae9557d0_0 .net/2u *"_ivl_24", 7 0, L_00000215ae9741b8;  1 drivers
v00000215ae954c90_0 .net *"_ivl_27", 7 0, L_00000215ae9cfdb0;  1 drivers
L_00000215ae974200 .functor BUFT 1, C4<00000000>, C4<0>, C4<0>, C4<0>;
v00000215ae9554b0_0 .net/2u *"_ivl_30", 7 0, L_00000215ae974200;  1 drivers
v00000215ae954510_0 .net *"_ivl_33", 7 0, L_00000215ae9d02b0;  1 drivers
L_00000215ae974248 .functor BUFT 1, C4<00000000>, C4<0>, C4<0>, C4<0>;
v00000215ae9545b0_0 .net/2u *"_ivl_38", 7 0, L_00000215ae974248;  1 drivers
v00000215ae953cf0_0 .net *"_ivl_41", 7 0, L_00000215ae9cf450;  1 drivers
v00000215ae955050_0 .net *"_ivl_42", 15 0, L_00000215ae9cfa90;  1 drivers
L_00000215ae974290 .functor BUFT 1, C4<00000000>, C4<0>, C4<0>, C4<0>;
v00000215ae955410_0 .net/2u *"_ivl_46", 7 0, L_00000215ae974290;  1 drivers
v00000215ae954dd0_0 .net *"_ivl_49", 7 0, L_00000215ae9ced70;  1 drivers
v00000215ae954ab0_0 .net *"_ivl_50", 15 0, L_00000215ae9cee10;  1 drivers
L_00000215ae9742d8 .functor BUFT 1, C4<00000000>, C4<0>, C4<0>, C4<0>;
v00000215ae954830_0 .net/2u *"_ivl_64", 7 0, L_00000215ae9742d8;  1 drivers
L_00000215ae974320 .functor BUFT 1, C4<00000000>, C4<0>, C4<0>, C4<0>;
v00000215ae9550f0_0 .net/2u *"_ivl_68", 7 0, L_00000215ae974320;  1 drivers
v00000215ae953c50_0 .net *"_ivl_72", 31 0, L_00000215ae9d0030;  1 drivers
L_00000215ae974368 .functor BUFT 1, C4<0000000000000000>, C4<0>, C4<0>, C4<0>;
v00000215ae954790_0 .net *"_ivl_75", 15 0, L_00000215ae974368;  1 drivers
v00000215ae9541f0_0 .net *"_ivl_76", 31 0, L_00000215ae9ce0f0;  1 drivers
L_00000215ae9743b0 .functor BUFT 1, C4<00000000>, C4<0>, C4<0>, C4<0>;
v00000215ae953b10_0 .net *"_ivl_79", 7 0, L_00000215ae9743b0;  1 drivers
v00000215ae954e70_0 .net *"_ivl_80", 31 0, L_00000215ae9ceeb0;  1 drivers
v00000215ae954970_0 .net *"_ivl_82", 23 0, L_00000215ae9ceff0;  1 drivers
L_00000215ae9743f8 .functor BUFT 1, C4<00000000>, C4<0>, C4<0>, C4<0>;
v00000215ae953bb0_0 .net *"_ivl_84", 7 0, L_00000215ae9743f8;  1 drivers
v00000215ae954d30_0 .net *"_ivl_86", 31 0, L_00000215ae9cf310;  1 drivers
v00000215ae955b90_0 .net *"_ivl_88", 31 0, L_00000215ae9ceaf0;  1 drivers
L_00000215ae974440 .functor BUFT 1, C4<00000000>, C4<0>, C4<0>, C4<0>;
v00000215ae954b50_0 .net *"_ivl_91", 7 0, L_00000215ae974440;  1 drivers
v00000215ae953ed0_0 .net *"_ivl_92", 31 0, L_00000215ae9cddd0;  1 drivers
v00000215ae955af0_0 .net *"_ivl_94", 23 0, L_00000215ae9ceb90;  1 drivers
L_00000215ae974488 .functor BUFT 1, C4<00000000>, C4<0>, C4<0>, C4<0>;
v00000215ae9539d0_0 .net *"_ivl_96", 7 0, L_00000215ae974488;  1 drivers
v00000215ae954f10_0 .net *"_ivl_98", 31 0, L_00000215ae9cde70;  1 drivers
v00000215ae9543d0_0 .net "clock", 0 0, L_00000215ae9bd7b0;  1 drivers
v00000215ae9546f0_0 .net "iA", 15 0, L_00000215ae9bbfa0;  1 drivers
v00000215ae953d90_0 .net "iB", 15 0, L_00000215ae9bcef0;  1 drivers
v00000215ae954330_0 .net "iC", 15 0, L_00000215ae9bcb70;  1 drivers
v00000215ae954a10_0 .net "iD", 15 0, L_00000215ae9bd3c0;  1 drivers
v00000215ae955a50_0 .net "iF", 15 0, L_00000215ae9bc630;  1 drivers
v00000215ae9552d0_0 .net "iG", 15 0, L_00000215ae9bca20;  1 drivers
v00000215ae955370_0 .net "iH", 31 0, L_00000215ae9bd6d0;  1 drivers
v00000215ae9537f0_0 .net "iJ", 15 0, L_00000215ae9bc320;  1 drivers
v00000215ae954bf0_0 .net "iJ_e", 23 0, L_00000215ae9ce4b0;  1 drivers
v00000215ae955870_0 .net "iK", 15 0, L_00000215ae9bd890;  1 drivers
v00000215ae954290_0 .net "iK_e", 23 0, L_00000215ae9cff90;  1 drivers
v00000215ae955550_0 .net "iL", 31 0, L_00000215ae9ce230;  1 drivers
v00000215ae953f70_0 .net "iP", 15 0, L_00000215ae9cf950;  1 drivers
v00000215ae9555f0_0 .net "iQ", 15 0, v00000215ae958390_0;  1 drivers
v00000215ae953a70_0 .net "iR", 15 0, L_00000215ae9d0710;  1 drivers
v00000215ae9536b0_0 .net "iS", 15 0, v00000215ae956b30_0;  1 drivers
v00000215ae955690_0 .net "iW", 15 0, L_00000215ae9bc6a0;  1 drivers
v00000215ae9534d0_0 .net "iX", 15 0, L_00000215ae9bc400;  1 drivers
v00000215ae955730_0 .net "iY", 15 0, L_00000215ae9bd120;  1 drivers
v00000215ae953610_0 .net "iZ", 15 0, L_00000215ae9bd040;  1 drivers
v00000215ae955910_0 .net "p_Ah_Bh", 15 0, L_00000215ae9d03f0;  1 drivers
v00000215ae953e30_0 .net "p_Ah_Bl", 15 0, L_00000215ae9cf270;  1 drivers
v00000215ae953430_0 .net "p_Al_Bh", 15 0, L_00000215ae9d0210;  1 drivers
v00000215ae953750_0 .net "p_Al_Bl", 15 0, L_00000215ae9cdfb0;  1 drivers
v00000215ae953890_0 .var "rA", 15 0;
v00000215ae954010_0 .var "rB", 15 0;
v00000215ae9570d0_0 .var "rC", 15 0;
v00000215ae955f50_0 .var "rD", 15 0;
v00000215ae957b70_0 .var "rF", 15 0;
v00000215ae955eb0_0 .var "rG", 15 0;
v00000215ae9575d0_0 .var "rH", 31 0;
v00000215ae955ff0_0 .var "rJ", 15 0;
v00000215ae957d50_0 .var "rK", 15 0;
v00000215ae958390_0 .var "rQ", 15 0;
v00000215ae956b30_0 .var "rS", 15 0;
E_00000215ae8d1ac0 .event posedge, v00000215ae952620_0, v00000215ae9543d0_0;
E_00000215ae8d1800 .event posedge, v00000215ae9528a0_0, v00000215ae9543d0_0;
E_00000215ae8d1980 .event posedge, v00000215ae950140_0, v00000215ae9543d0_0;
E_00000215ae8d1340 .event posedge, v00000215ae9501e0_0, v00000215ae9543d0_0;
L_00000215ae9d0490 .part L_00000215ae9bbfa0, 8, 8;
L_00000215ae9cfc70 .concat [ 8 8 0 0], L_00000215ae9d0490, L_00000215ae974128;
L_00000215ae9cdd30 .part L_00000215ae9bbfa0, 0, 8;
L_00000215ae9ce730 .concat [ 8 8 0 0], L_00000215ae9cdd30, L_00000215ae974170;
L_00000215ae9cfdb0 .part L_00000215ae9bcef0, 8, 8;
L_00000215ae9ce370 .concat [ 8 8 0 0], L_00000215ae9cfdb0, L_00000215ae9741b8;
L_00000215ae9d02b0 .part L_00000215ae9bcef0, 0, 8;
L_00000215ae9cfef0 .concat [ 8 8 0 0], L_00000215ae9d02b0, L_00000215ae974200;
L_00000215ae9d03f0 .arith/mult 16, L_00000215ae9cfc70, L_00000215ae9ce370;
L_00000215ae9cf450 .part L_00000215ae9ce730, 0, 8;
L_00000215ae9cfa90 .concat [ 8 8 0 0], L_00000215ae9cf450, L_00000215ae974248;
L_00000215ae9d0210 .arith/mult 16, L_00000215ae9cfa90, L_00000215ae9ce370;
L_00000215ae9ced70 .part L_00000215ae9cfef0, 0, 8;
L_00000215ae9cee10 .concat [ 8 8 0 0], L_00000215ae9ced70, L_00000215ae974290;
L_00000215ae9cf270 .arith/mult 16, L_00000215ae9cfc70, L_00000215ae9cee10;
L_00000215ae9cdfb0 .arith/mult 16, L_00000215ae9ce730, L_00000215ae9cfef0;
L_00000215ae9cff90 .concat [ 16 8 0 0], L_00000215ae9bd890, L_00000215ae9742d8;
L_00000215ae9ce4b0 .concat [ 16 8 0 0], L_00000215ae9bc320, L_00000215ae974320;
L_00000215ae9d0030 .concat [ 16 16 0 0], L_00000215ae9bca20, L_00000215ae974368;
L_00000215ae9ce0f0 .concat [ 24 8 0 0], L_00000215ae9cff90, L_00000215ae9743b0;
L_00000215ae9ceff0 .part L_00000215ae9ce0f0, 0, 24;
L_00000215ae9ceeb0 .concat [ 8 24 0 0], L_00000215ae9743f8, L_00000215ae9ceff0;
L_00000215ae9cf310 .arith/sum 32, L_00000215ae9d0030, L_00000215ae9ceeb0;
L_00000215ae9ceaf0 .concat [ 24 8 0 0], L_00000215ae9ce4b0, L_00000215ae974440;
L_00000215ae9ceb90 .part L_00000215ae9ceaf0, 0, 24;
L_00000215ae9cddd0 .concat [ 8 24 0 0], L_00000215ae974488, L_00000215ae9ceb90;
L_00000215ae9cde70 .arith/sum 32, L_00000215ae9cf310, L_00000215ae9cddd0;
L_00000215ae9cec30 .concat [ 16 16 0 0], L_00000215ae9bc630, L_00000215ae9744d0;
L_00000215ae9ce190 .part L_00000215ae9cec30, 0, 16;
L_00000215ae9cf630 .concat [ 16 16 0 0], L_00000215ae974518, L_00000215ae9ce190;
L_00000215ae9ce230 .arith/sum 32, L_00000215ae9cde70, L_00000215ae9cf630;
L_00000215ae9ce050 .part L_00000215ae9ce7d0, 16, 1;
L_00000215ae9ce550 .part L_00000215ae9ce7d0, 0, 16;
L_00000215ae9d00d0 .concat [ 16 1 0 0], L_00000215ae9bc400, L_00000215ae974560;
L_00000215ae9cef50 .concat [ 16 1 0 0], L_00000215ae9bc6a0, L_00000215ae9745a8;
L_00000215ae9ce690 .repeat 16, 16, o00000215ae9092f8;
L_00000215ae9cecd0 .concat [ 16 1 0 0], L_00000215ae9ce690, L_00000215ae9745f0;
L_00000215ae9cf3b0 .arith/sum 17, L_00000215ae9d00d0, L_00000215ae9bc9b0;
L_00000215ae9ce7d0 .arith/sum 17, L_00000215ae9cf3b0, L_00000215ae9748c0;
L_00000215ae9cfbd0 .repeat 16, 16, o00000215ae9092f8;
L_00000215ae9cf950 .functor MUXZ 16, L_00000215ae9bbde0, L_00000215ae9bcb70, o00000215ae9097a8, C4<>;
L_00000215ae9cf4f0 .part L_00000215ae9bc400, 15, 1;
L_00000215ae9ce870 .part L_00000215ae9d25b0, 16, 1;
L_00000215ae9ce910 .part L_00000215ae9d25b0, 0, 16;
L_00000215ae9cf770 .concat [ 16 1 0 0], L_00000215ae9bd040, L_00000215ae974680;
L_00000215ae9cf810 .concat [ 16 1 0 0], L_00000215ae9bd120, L_00000215ae9746c8;
L_00000215ae9cf8b0 .repeat 16, 16, o00000215ae9092c8;
L_00000215ae9d1bb0 .concat [ 16 1 0 0], L_00000215ae9cf8b0, L_00000215ae974710;
L_00000215ae9ce2d0 .arith/sum 17, L_00000215ae9cf770, L_00000215ae9bd430;
L_00000215ae9d25b0 .arith/sum 17, L_00000215ae9ce2d0, L_00000215ae974908;
L_00000215ae9d2650 .repeat 16, 16, o00000215ae9092c8;
L_00000215ae9d0710 .functor MUXZ 16, L_00000215ae9bca90, L_00000215ae9bd3c0, o00000215ae909778, C4<>;
L_00000215ae9d1070 .concat [ 16 16 0 0], L_00000215ae9bcbe0, L_00000215ae9bc8d0;
S_00000215ae8e0490 .scope module, "SB_PLL40_2F_CORE" "SB_PLL40_2F_CORE" 3 2521;
 .timescale -12 -12;
    .port_info 0 /INPUT 1 "REFERENCECLK";
    .port_info 1 /OUTPUT 1 "PLLOUTCOREA";
    .port_info 2 /OUTPUT 1 "PLLOUTGLOBALA";
    .port_info 3 /OUTPUT 1 "PLLOUTCOREB";
    .port_info 4 /OUTPUT 1 "PLLOUTGLOBALB";
    .port_info 5 /INPUT 1 "EXTFEEDBACK";
    .port_info 6 /INPUT 8 "DYNAMICDELAY";
    .port_info 7 /OUTPUT 1 "LOCK";
    .port_info 8 /INPUT 1 "BYPASS";
    .port_info 9 /INPUT 1 "RESETB";
    .port_info 10 /INPUT 1 "LATCHINPUTVALUE";
    .port_info 11 /OUTPUT 1 "SDO";
    .port_info 12 /INPUT 1 "SDI";
    .port_info 13 /INPUT 1 "SCLK";
P_00000215ae630110 .param/str "DELAY_ADJUSTMENT_MODE_FEEDBACK" 0 3 2538, "FIXED";
P_00000215ae630148 .param/str "DELAY_ADJUSTMENT_MODE_RELATIVE" 0 3 2539, "FIXED";
P_00000215ae630180 .param/l "DIVF" 0 3 2546, C4<0000000>;
P_00000215ae6301b8 .param/l "DIVQ" 0 3 2547, C4<000>;
P_00000215ae6301f0 .param/l "DIVR" 0 3 2545, C4<0000>;
P_00000215ae630228 .param/l "ENABLE_ICEGATE_PORTA" 0 3 2549, C4<0>;
P_00000215ae630260 .param/l "ENABLE_ICEGATE_PORTB" 0 3 2550, C4<0>;
P_00000215ae630298 .param/l "EXTERNAL_DIVIDE_FACTOR" 0 3 2552, +C4<00000000000000000000000000000001>;
P_00000215ae6302d0 .param/l "FDA_FEEDBACK" 0 3 2541, C4<0000>;
P_00000215ae630308 .param/l "FDA_RELATIVE" 0 3 2542, C4<0000>;
P_00000215ae630340 .param/str "FEEDBACK_PATH" 0 3 2537, "SIMPLE";
P_00000215ae630378 .param/l "FILTER_RANGE" 0 3 2548, C4<000>;
P_00000215ae6303b0 .param/str "PLLOUT_SELECT_PORTA" 0 3 2543, "GENCLK";
P_00000215ae6303e8 .param/str "PLLOUT_SELECT_PORTB" 0 3 2544, "GENCLK";
P_00000215ae630420 .param/l "SHIFTREG_DIV_MODE" 0 3 2540, C4<0>;
P_00000215ae630458 .param/l "TEST_MODE" 0 3 2551, C4<0>;
o00000215ae90b0c8 .functor BUFZ 1, c4<z>; HiZ drive
v00000215ae956590_0 .net "BYPASS", 0 0, o00000215ae90b0c8;  0 drivers
o00000215ae90b0f8 .functor BUFZ 8, c4<zzzzzzzz>; HiZ drive
v00000215ae956bd0_0 .net "DYNAMICDELAY", 7 0, o00000215ae90b0f8;  0 drivers
o00000215ae90b128 .functor BUFZ 1, c4<z>; HiZ drive
v00000215ae957170_0 .net "EXTFEEDBACK", 0 0, o00000215ae90b128;  0 drivers
o00000215ae90b158 .functor BUFZ 1, c4<z>; HiZ drive
v00000215ae956ef0_0 .net "LATCHINPUTVALUE", 0 0, o00000215ae90b158;  0 drivers
o00000215ae90b188 .functor BUFZ 1, c4<z>; HiZ drive
v00000215ae957df0_0 .net "LOCK", 0 0, o00000215ae90b188;  0 drivers
o00000215ae90b1b8 .functor BUFZ 1, c4<z>; HiZ drive
v00000215ae956d10_0 .net "PLLOUTCOREA", 0 0, o00000215ae90b1b8;  0 drivers
o00000215ae90b1e8 .functor BUFZ 1, c4<z>; HiZ drive
v00000215ae957030_0 .net "PLLOUTCOREB", 0 0, o00000215ae90b1e8;  0 drivers
o00000215ae90b218 .functor BUFZ 1, c4<z>; HiZ drive
v00000215ae9568b0_0 .net "PLLOUTGLOBALA", 0 0, o00000215ae90b218;  0 drivers
o00000215ae90b248 .functor BUFZ 1, c4<z>; HiZ drive
v00000215ae957210_0 .net "PLLOUTGLOBALB", 0 0, o00000215ae90b248;  0 drivers
o00000215ae90b278 .functor BUFZ 1, c4<z>; HiZ drive
v00000215ae958070_0 .net "REFERENCECLK", 0 0, o00000215ae90b278;  0 drivers
o00000215ae90b2a8 .functor BUFZ 1, c4<z>; HiZ drive
v00000215ae957710_0 .net "RESETB", 0 0, o00000215ae90b2a8;  0 drivers
o00000215ae90b2d8 .functor BUFZ 1, c4<z>; HiZ drive
v00000215ae9572b0_0 .net "SCLK", 0 0, o00000215ae90b2d8;  0 drivers
o00000215ae90b308 .functor BUFZ 1, c4<z>; HiZ drive
v00000215ae957a30_0 .net "SDI", 0 0, o00000215ae90b308;  0 drivers
o00000215ae90b338 .functor BUFZ 1, c4<z>; HiZ drive
v00000215ae955c30_0 .net "SDO", 0 0, o00000215ae90b338;  0 drivers
S_00000215ae8e15c0 .scope module, "SB_PLL40_2F_PAD" "SB_PLL40_2F_PAD" 3 2556;
 .timescale -12 -12;
    .port_info 0 /INPUT 1 "PACKAGEPIN";
    .port_info 1 /OUTPUT 1 "PLLOUTCOREA";
    .port_info 2 /OUTPUT 1 "PLLOUTGLOBALA";
    .port_info 3 /OUTPUT 1 "PLLOUTCOREB";
    .port_info 4 /OUTPUT 1 "PLLOUTGLOBALB";
    .port_info 5 /INPUT 1 "EXTFEEDBACK";
    .port_info 6 /INPUT 8 "DYNAMICDELAY";
    .port_info 7 /OUTPUT 1 "LOCK";
    .port_info 8 /INPUT 1 "BYPASS";
    .port_info 9 /INPUT 1 "RESETB";
    .port_info 10 /INPUT 1 "LATCHINPUTVALUE";
    .port_info 11 /OUTPUT 1 "SDO";
    .port_info 12 /INPUT 1 "SDI";
    .port_info 13 /INPUT 1 "SCLK";
P_00000215ae62b830 .param/str "DELAY_ADJUSTMENT_MODE_FEEDBACK" 0 3 2573, "FIXED";
P_00000215ae62b868 .param/str "DELAY_ADJUSTMENT_MODE_RELATIVE" 0 3 2574, "FIXED";
P_00000215ae62b8a0 .param/l "DIVF" 0 3 2581, C4<0000000>;
P_00000215ae62b8d8 .param/l "DIVQ" 0 3 2582, C4<000>;
P_00000215ae62b910 .param/l "DIVR" 0 3 2580, C4<0000>;
P_00000215ae62b948 .param/l "ENABLE_ICEGATE_PORTA" 0 3 2584, C4<0>;
P_00000215ae62b980 .param/l "ENABLE_ICEGATE_PORTB" 0 3 2585, C4<0>;
P_00000215ae62b9b8 .param/l "EXTERNAL_DIVIDE_FACTOR" 0 3 2587, +C4<00000000000000000000000000000001>;
P_00000215ae62b9f0 .param/l "FDA_FEEDBACK" 0 3 2576, C4<0000>;
P_00000215ae62ba28 .param/l "FDA_RELATIVE" 0 3 2577, C4<0000>;
P_00000215ae62ba60 .param/str "FEEDBACK_PATH" 0 3 2572, "SIMPLE";
P_00000215ae62ba98 .param/l "FILTER_RANGE" 0 3 2583, C4<000>;
P_00000215ae62bad0 .param/str "PLLOUT_SELECT_PORTA" 0 3 2578, "GENCLK";
P_00000215ae62bb08 .param/str "PLLOUT_SELECT_PORTB" 0 3 2579, "GENCLK";
P_00000215ae62bb40 .param/l "SHIFTREG_DIV_MODE" 0 3 2575, C4<00>;
P_00000215ae62bb78 .param/l "TEST_MODE" 0 3 2586, C4<0>;
o00000215ae90b608 .functor BUFZ 1, c4<z>; HiZ drive
v00000215ae957cb0_0 .net "BYPASS", 0 0, o00000215ae90b608;  0 drivers
o00000215ae90b638 .functor BUFZ 8, c4<zzzzzzzz>; HiZ drive
v00000215ae958250_0 .net "DYNAMICDELAY", 7 0, o00000215ae90b638;  0 drivers
o00000215ae90b668 .functor BUFZ 1, c4<z>; HiZ drive
v00000215ae957f30_0 .net "EXTFEEDBACK", 0 0, o00000215ae90b668;  0 drivers
o00000215ae90b698 .functor BUFZ 1, c4<z>; HiZ drive
v00000215ae957ad0_0 .net "LATCHINPUTVALUE", 0 0, o00000215ae90b698;  0 drivers
o00000215ae90b6c8 .functor BUFZ 1, c4<z>; HiZ drive
v00000215ae957850_0 .net "LOCK", 0 0, o00000215ae90b6c8;  0 drivers
o00000215ae90b6f8 .functor BUFZ 1, c4<z>; HiZ drive
v00000215ae9577b0_0 .net "PACKAGEPIN", 0 0, o00000215ae90b6f8;  0 drivers
o00000215ae90b728 .functor BUFZ 1, c4<z>; HiZ drive
v00000215ae9582f0_0 .net "PLLOUTCOREA", 0 0, o00000215ae90b728;  0 drivers
o00000215ae90b758 .functor BUFZ 1, c4<z>; HiZ drive
v00000215ae957350_0 .net "PLLOUTCOREB", 0 0, o00000215ae90b758;  0 drivers
o00000215ae90b788 .functor BUFZ 1, c4<z>; HiZ drive
v00000215ae957c10_0 .net "PLLOUTGLOBALA", 0 0, o00000215ae90b788;  0 drivers
o00000215ae90b7b8 .functor BUFZ 1, c4<z>; HiZ drive
v00000215ae957670_0 .net "PLLOUTGLOBALB", 0 0, o00000215ae90b7b8;  0 drivers
o00000215ae90b7e8 .functor BUFZ 1, c4<z>; HiZ drive
v00000215ae957e90_0 .net "RESETB", 0 0, o00000215ae90b7e8;  0 drivers
o00000215ae90b818 .functor BUFZ 1, c4<z>; HiZ drive
v00000215ae957fd0_0 .net "SCLK", 0 0, o00000215ae90b818;  0 drivers
o00000215ae90b848 .functor BUFZ 1, c4<z>; HiZ drive
v00000215ae9573f0_0 .net "SDI", 0 0, o00000215ae90b848;  0 drivers
o00000215ae90b878 .functor BUFZ 1, c4<z>; HiZ drive
v00000215ae955cd0_0 .net "SDO", 0 0, o00000215ae90b878;  0 drivers
S_00000215ae8e1750 .scope module, "SB_PLL40_2_PAD" "SB_PLL40_2_PAD" 3 2487;
 .timescale -12 -12;
    .port_info 0 /INPUT 1 "PACKAGEPIN";
    .port_info 1 /OUTPUT 1 "PLLOUTCOREA";
    .port_info 2 /OUTPUT 1 "PLLOUTGLOBALA";
    .port_info 3 /OUTPUT 1 "PLLOUTCOREB";
    .port_info 4 /OUTPUT 1 "PLLOUTGLOBALB";
    .port_info 5 /INPUT 1 "EXTFEEDBACK";
    .port_info 6 /INPUT 8 "DYNAMICDELAY";
    .port_info 7 /OUTPUT 1 "LOCK";
    .port_info 8 /INPUT 1 "BYPASS";
    .port_info 9 /INPUT 1 "RESETB";
    .port_info 10 /INPUT 1 "LATCHINPUTVALUE";
    .port_info 11 /OUTPUT 1 "SDO";
    .port_info 12 /INPUT 1 "SDI";
    .port_info 13 /INPUT 1 "SCLK";
P_00000215ae621140 .param/str "DELAY_ADJUSTMENT_MODE_FEEDBACK" 0 3 2504, "FIXED";
P_00000215ae621178 .param/str "DELAY_ADJUSTMENT_MODE_RELATIVE" 0 3 2505, "FIXED";
P_00000215ae6211b0 .param/l "DIVF" 0 3 2511, C4<0000000>;
P_00000215ae6211e8 .param/l "DIVQ" 0 3 2512, C4<000>;
P_00000215ae621220 .param/l "DIVR" 0 3 2510, C4<0000>;
P_00000215ae621258 .param/l "ENABLE_ICEGATE_PORTA" 0 3 2514, C4<0>;
P_00000215ae621290 .param/l "ENABLE_ICEGATE_PORTB" 0 3 2515, C4<0>;
P_00000215ae6212c8 .param/l "EXTERNAL_DIVIDE_FACTOR" 0 3 2517, +C4<00000000000000000000000000000001>;
P_00000215ae621300 .param/l "FDA_FEEDBACK" 0 3 2507, C4<0000>;
P_00000215ae621338 .param/l "FDA_RELATIVE" 0 3 2508, C4<0000>;
P_00000215ae621370 .param/str "FEEDBACK_PATH" 0 3 2503, "SIMPLE";
P_00000215ae6213a8 .param/l "FILTER_RANGE" 0 3 2513, C4<000>;
P_00000215ae6213e0 .param/str "PLLOUT_SELECT_PORTB" 0 3 2509, "GENCLK";
P_00000215ae621418 .param/l "SHIFTREG_DIV_MODE" 0 3 2506, C4<0>;
P_00000215ae621450 .param/l "TEST_MODE" 0 3 2516, C4<0>;
o00000215ae90bb48 .functor BUFZ 1, c4<z>; HiZ drive
v00000215ae9566d0_0 .net "BYPASS", 0 0, o00000215ae90bb48;  0 drivers
o00000215ae90bb78 .functor BUFZ 8, c4<zzzzzzzz>; HiZ drive
v00000215ae956c70_0 .net "DYNAMICDELAY", 7 0, o00000215ae90bb78;  0 drivers
o00000215ae90bba8 .functor BUFZ 1, c4<z>; HiZ drive
v00000215ae956f90_0 .net "EXTFEEDBACK", 0 0, o00000215ae90bba8;  0 drivers
o00000215ae90bbd8 .functor BUFZ 1, c4<z>; HiZ drive
v00000215ae956630_0 .net "LATCHINPUTVALUE", 0 0, o00000215ae90bbd8;  0 drivers
o00000215ae90bc08 .functor BUFZ 1, c4<z>; HiZ drive
v00000215ae956db0_0 .net "LOCK", 0 0, o00000215ae90bc08;  0 drivers
o00000215ae90bc38 .functor BUFZ 1, c4<z>; HiZ drive
v00000215ae957490_0 .net "PACKAGEPIN", 0 0, o00000215ae90bc38;  0 drivers
o00000215ae90bc68 .functor BUFZ 1, c4<z>; HiZ drive
v00000215ae956090_0 .net "PLLOUTCOREA", 0 0, o00000215ae90bc68;  0 drivers
o00000215ae90bc98 .functor BUFZ 1, c4<z>; HiZ drive
v00000215ae957530_0 .net "PLLOUTCOREB", 0 0, o00000215ae90bc98;  0 drivers
o00000215ae90bcc8 .functor BUFZ 1, c4<z>; HiZ drive
v00000215ae9578f0_0 .net "PLLOUTGLOBALA", 0 0, o00000215ae90bcc8;  0 drivers
o00000215ae90bcf8 .functor BUFZ 1, c4<z>; HiZ drive
v00000215ae957990_0 .net "PLLOUTGLOBALB", 0 0, o00000215ae90bcf8;  0 drivers
o00000215ae90bd28 .functor BUFZ 1, c4<z>; HiZ drive
v00000215ae958110_0 .net "RESETB", 0 0, o00000215ae90bd28;  0 drivers
o00000215ae90bd58 .functor BUFZ 1, c4<z>; HiZ drive
v00000215ae9581b0_0 .net "SCLK", 0 0, o00000215ae90bd58;  0 drivers
o00000215ae90bd88 .functor BUFZ 1, c4<z>; HiZ drive
v00000215ae9563b0_0 .net "SDI", 0 0, o00000215ae90bd88;  0 drivers
o00000215ae90bdb8 .functor BUFZ 1, c4<z>; HiZ drive
v00000215ae955d70_0 .net "SDO", 0 0, o00000215ae90bdb8;  0 drivers
S_00000215ae8e18e0 .scope module, "SB_PLL40_CORE" "SB_PLL40_CORE" 3 2425;
 .timescale -12 -12;
    .port_info 0 /INPUT 1 "REFERENCECLK";
    .port_info 1 /OUTPUT 1 "PLLOUTCORE";
    .port_info 2 /OUTPUT 1 "PLLOUTGLOBAL";
    .port_info 3 /INPUT 1 "EXTFEEDBACK";
    .port_info 4 /INPUT 8 "DYNAMICDELAY";
    .port_info 5 /OUTPUT 1 "LOCK";
    .port_info 6 /INPUT 1 "BYPASS";
    .port_info 7 /INPUT 1 "RESETB";
    .port_info 8 /INPUT 1 "LATCHINPUTVALUE";
    .port_info 9 /OUTPUT 1 "SDO";
    .port_info 10 /INPUT 1 "SDI";
    .port_info 11 /INPUT 1 "SCLK";
P_00000215ae61f450 .param/str "DELAY_ADJUSTMENT_MODE_FEEDBACK" 0 3 2440, "FIXED";
P_00000215ae61f488 .param/str "DELAY_ADJUSTMENT_MODE_RELATIVE" 0 3 2441, "FIXED";
P_00000215ae61f4c0 .param/l "DIVF" 0 3 2447, C4<0000000>;
P_00000215ae61f4f8 .param/l "DIVQ" 0 3 2448, C4<000>;
P_00000215ae61f530 .param/l "DIVR" 0 3 2446, C4<0000>;
P_00000215ae61f568 .param/l "ENABLE_ICEGATE" 0 3 2450, C4<0>;
P_00000215ae61f5a0 .param/l "EXTERNAL_DIVIDE_FACTOR" 0 3 2452, +C4<00000000000000000000000000000001>;
P_00000215ae61f5d8 .param/l "FDA_FEEDBACK" 0 3 2443, C4<0000>;
P_00000215ae61f610 .param/l "FDA_RELATIVE" 0 3 2444, C4<0000>;
P_00000215ae61f648 .param/str "FEEDBACK_PATH" 0 3 2439, "SIMPLE";
P_00000215ae61f680 .param/l "FILTER_RANGE" 0 3 2449, C4<000>;
P_00000215ae61f6b8 .param/str "PLLOUT_SELECT" 0 3 2445, "GENCLK";
P_00000215ae61f6f0 .param/l "SHIFTREG_DIV_MODE" 0 3 2442, C4<0>;
P_00000215ae61f728 .param/l "TEST_MODE" 0 3 2451, C4<0>;
o00000215ae90c088 .functor BUFZ 1, c4<z>; HiZ drive
v00000215ae956e50_0 .net "BYPASS", 0 0, o00000215ae90c088;  0 drivers
o00000215ae90c0b8 .functor BUFZ 8, c4<zzzzzzzz>; HiZ drive
v00000215ae955e10_0 .net "DYNAMICDELAY", 7 0, o00000215ae90c0b8;  0 drivers
o00000215ae90c0e8 .functor BUFZ 1, c4<z>; HiZ drive
v00000215ae956130_0 .net "EXTFEEDBACK", 0 0, o00000215ae90c0e8;  0 drivers
o00000215ae90c118 .functor BUFZ 1, c4<z>; HiZ drive
v00000215ae956270_0 .net "LATCHINPUTVALUE", 0 0, o00000215ae90c118;  0 drivers
o00000215ae90c148 .functor BUFZ 1, c4<z>; HiZ drive
v00000215ae9561d0_0 .net "LOCK", 0 0, o00000215ae90c148;  0 drivers
o00000215ae90c178 .functor BUFZ 1, c4<z>; HiZ drive
v00000215ae956950_0 .net "PLLOUTCORE", 0 0, o00000215ae90c178;  0 drivers
o00000215ae90c1a8 .functor BUFZ 1, c4<z>; HiZ drive
v00000215ae956310_0 .net "PLLOUTGLOBAL", 0 0, o00000215ae90c1a8;  0 drivers
o00000215ae90c1d8 .functor BUFZ 1, c4<z>; HiZ drive
v00000215ae956450_0 .net "REFERENCECLK", 0 0, o00000215ae90c1d8;  0 drivers
o00000215ae90c208 .functor BUFZ 1, c4<z>; HiZ drive
v00000215ae9564f0_0 .net "RESETB", 0 0, o00000215ae90c208;  0 drivers
o00000215ae90c238 .functor BUFZ 1, c4<z>; HiZ drive
v00000215ae956770_0 .net "SCLK", 0 0, o00000215ae90c238;  0 drivers
o00000215ae90c268 .functor BUFZ 1, c4<z>; HiZ drive
v00000215ae956810_0 .net "SDI", 0 0, o00000215ae90c268;  0 drivers
o00000215ae90c298 .functor BUFZ 1, c4<z>; HiZ drive
v00000215ae9569f0_0 .net "SDO", 0 0, o00000215ae90c298;  0 drivers
S_00000215ae8e0620 .scope module, "SB_PLL40_PAD" "SB_PLL40_PAD" 3 2456;
 .timescale -12 -12;
    .port_info 0 /INPUT 1 "PACKAGEPIN";
    .port_info 1 /OUTPUT 1 "PLLOUTCORE";
    .port_info 2 /OUTPUT 1 "PLLOUTGLOBAL";
    .port_info 3 /INPUT 1 "EXTFEEDBACK";
    .port_info 4 /INPUT 8 "DYNAMICDELAY";
    .port_info 5 /OUTPUT 1 "LOCK";
    .port_info 6 /INPUT 1 "BYPASS";
    .port_info 7 /INPUT 1 "RESETB";
    .port_info 8 /INPUT 1 "LATCHINPUTVALUE";
    .port_info 9 /OUTPUT 1 "SDO";
    .port_info 10 /INPUT 1 "SDI";
    .port_info 11 /INPUT 1 "SCLK";
P_00000215ae61ed70 .param/str "DELAY_ADJUSTMENT_MODE_FEEDBACK" 0 3 2471, "FIXED";
P_00000215ae61eda8 .param/str "DELAY_ADJUSTMENT_MODE_RELATIVE" 0 3 2472, "FIXED";
P_00000215ae61ede0 .param/l "DIVF" 0 3 2478, C4<0000000>;
P_00000215ae61ee18 .param/l "DIVQ" 0 3 2479, C4<000>;
P_00000215ae61ee50 .param/l "DIVR" 0 3 2477, C4<0000>;
P_00000215ae61ee88 .param/l "ENABLE_ICEGATE" 0 3 2481, C4<0>;
P_00000215ae61eec0 .param/l "EXTERNAL_DIVIDE_FACTOR" 0 3 2483, +C4<00000000000000000000000000000001>;
P_00000215ae61eef8 .param/l "FDA_FEEDBACK" 0 3 2474, C4<0000>;
P_00000215ae61ef30 .param/l "FDA_RELATIVE" 0 3 2475, C4<0000>;
P_00000215ae61ef68 .param/str "FEEDBACK_PATH" 0 3 2470, "SIMPLE";
P_00000215ae61efa0 .param/l "FILTER_RANGE" 0 3 2480, C4<000>;
P_00000215ae61efd8 .param/str "PLLOUT_SELECT" 0 3 2476, "GENCLK";
P_00000215ae61f010 .param/l "SHIFTREG_DIV_MODE" 0 3 2473, C4<0>;
P_00000215ae61f048 .param/l "TEST_MODE" 0 3 2482, C4<0>;
o00000215ae90c508 .functor BUFZ 1, c4<z>; HiZ drive
v00000215ae956a90_0 .net "BYPASS", 0 0, o00000215ae90c508;  0 drivers
o00000215ae90c538 .functor BUFZ 8, c4<zzzzzzzz>; HiZ drive
v00000215ae95a0f0_0 .net "DYNAMICDELAY", 7 0, o00000215ae90c538;  0 drivers
o00000215ae90c568 .functor BUFZ 1, c4<z>; HiZ drive
v00000215ae958cf0_0 .net "EXTFEEDBACK", 0 0, o00000215ae90c568;  0 drivers
o00000215ae90c598 .functor BUFZ 1, c4<z>; HiZ drive
v00000215ae9596f0_0 .net "LATCHINPUTVALUE", 0 0, o00000215ae90c598;  0 drivers
o00000215ae90c5c8 .functor BUFZ 1, c4<z>; HiZ drive
v00000215ae959e70_0 .net "LOCK", 0 0, o00000215ae90c5c8;  0 drivers
o00000215ae90c5f8 .functor BUFZ 1, c4<z>; HiZ drive
v00000215ae9584d0_0 .net "PACKAGEPIN", 0 0, o00000215ae90c5f8;  0 drivers
o00000215ae90c628 .functor BUFZ 1, c4<z>; HiZ drive
v00000215ae9595b0_0 .net "PLLOUTCORE", 0 0, o00000215ae90c628;  0 drivers
o00000215ae90c658 .functor BUFZ 1, c4<z>; HiZ drive
v00000215ae95a730_0 .net "PLLOUTGLOBAL", 0 0, o00000215ae90c658;  0 drivers
o00000215ae90c688 .functor BUFZ 1, c4<z>; HiZ drive
v00000215ae95a690_0 .net "RESETB", 0 0, o00000215ae90c688;  0 drivers
o00000215ae90c6b8 .functor BUFZ 1, c4<z>; HiZ drive
v00000215ae95a190_0 .net "SCLK", 0 0, o00000215ae90c6b8;  0 drivers
o00000215ae90c6e8 .functor BUFZ 1, c4<z>; HiZ drive
v00000215ae959290_0 .net "SDI", 0 0, o00000215ae90c6e8;  0 drivers
o00000215ae90c718 .functor BUFZ 1, c4<z>; HiZ drive
v00000215ae958930_0 .net "SDO", 0 0, o00000215ae90c718;  0 drivers
S_00000215ae8e07b0 .scope module, "SB_RAM40_4KNR" "SB_RAM40_4KNR" 3 1726;
 .timescale -12 -12;
    .port_info 0 /OUTPUT 16 "RDATA";
    .port_info 1 /INPUT 1 "RCLKN";
    .port_info 2 /INPUT 1 "RCLKE";
    .port_info 3 /INPUT 1 "RE";
    .port_info 4 /INPUT 11 "RADDR";
    .port_info 5 /INPUT 1 "WCLK";
    .port_info 6 /INPUT 1 "WCLKE";
    .port_info 7 /INPUT 1 "WE";
    .port_info 8 /INPUT 11 "WADDR";
    .port_info 9 /INPUT 16 "MASK";
    .port_info 10 /INPUT 16 "WDATA";
P_00000215ae5d6780 .param/l "INIT_0" 0 3 1742, C4<0000000000000000000000000000000000000000000000000000000000000000000000000000000000000000000000000000000000000000000000000000000000000000000000000000000000000000000000000000000000000000000000000000000000000000000000000000000000000000000000000000000000000000>;
P_00000215ae5d67b8 .param/l "INIT_1" 0 3 1743, C4<0000000000000000000000000000000000000000000000000000000000000000000000000000000000000000000000000000000000000000000000000000000000000000000000000000000000000000000000000000000000000000000000000000000000000000000000000000000000000000000000000000000000000000>;
P_00000215ae5d67f0 .param/l "INIT_2" 0 3 1744, C4<0000000000000000000000000000000000000000000000000000000000000000000000000000000000000000000000000000000000000000000000000000000000000000000000000000000000000000000000000000000000000000000000000000000000000000000000000000000000000000000000000000000000000000>;
P_00000215ae5d6828 .param/l "INIT_3" 0 3 1745, C4<0000000000000000000000000000000000000000000000000000000000000000000000000000000000000000000000000000000000000000000000000000000000000000000000000000000000000000000000000000000000000000000000000000000000000000000000000000000000000000000000000000000000000000>;
P_00000215ae5d6860 .param/l "INIT_4" 0 3 1746, C4<0000000000000000000000000000000000000000000000000000000000000000000000000000000000000000000000000000000000000000000000000000000000000000000000000000000000000000000000000000000000000000000000000000000000000000000000000000000000000000000000000000000000000000>;
P_00000215ae5d6898 .param/l "INIT_5" 0 3 1747, C4<0000000000000000000000000000000000000000000000000000000000000000000000000000000000000000000000000000000000000000000000000000000000000000000000000000000000000000000000000000000000000000000000000000000000000000000000000000000000000000000000000000000000000000>;
P_00000215ae5d68d0 .param/l "INIT_6" 0 3 1748, C4<0000000000000000000000000000000000000000000000000000000000000000000000000000000000000000000000000000000000000000000000000000000000000000000000000000000000000000000000000000000000000000000000000000000000000000000000000000000000000000000000000000000000000000>;
P_00000215ae5d6908 .param/l "INIT_7" 0 3 1749, C4<0000000000000000000000000000000000000000000000000000000000000000000000000000000000000000000000000000000000000000000000000000000000000000000000000000000000000000000000000000000000000000000000000000000000000000000000000000000000000000000000000000000000000000>;
P_00000215ae5d6940 .param/l "INIT_8" 0 3 1750, C4<0000000000000000000000000000000000000000000000000000000000000000000000000000000000000000000000000000000000000000000000000000000000000000000000000000000000000000000000000000000000000000000000000000000000000000000000000000000000000000000000000000000000000000>;
P_00000215ae5d6978 .param/l "INIT_9" 0 3 1751, C4<0000000000000000000000000000000000000000000000000000000000000000000000000000000000000000000000000000000000000000000000000000000000000000000000000000000000000000000000000000000000000000000000000000000000000000000000000000000000000000000000000000000000000000>;
P_00000215ae5d69b0 .param/l "INIT_A" 0 3 1752, C4<0000000000000000000000000000000000000000000000000000000000000000000000000000000000000000000000000000000000000000000000000000000000000000000000000000000000000000000000000000000000000000000000000000000000000000000000000000000000000000000000000000000000000000>;
P_00000215ae5d69e8 .param/l "INIT_B" 0 3 1753, C4<0000000000000000000000000000000000000000000000000000000000000000000000000000000000000000000000000000000000000000000000000000000000000000000000000000000000000000000000000000000000000000000000000000000000000000000000000000000000000000000000000000000000000000>;
P_00000215ae5d6a20 .param/l "INIT_C" 0 3 1754, C4<0000000000000000000000000000000000000000000000000000000000000000000000000000000000000000000000000000000000000000000000000000000000000000000000000000000000000000000000000000000000000000000000000000000000000000000000000000000000000000000000000000000000000000>;
P_00000215ae5d6a58 .param/l "INIT_D" 0 3 1755, C4<0000000000000000000000000000000000000000000000000000000000000000000000000000000000000000000000000000000000000000000000000000000000000000000000000000000000000000000000000000000000000000000000000000000000000000000000000000000000000000000000000000000000000000>;
P_00000215ae5d6a90 .param/l "INIT_E" 0 3 1756, C4<0000000000000000000000000000000000000000000000000000000000000000000000000000000000000000000000000000000000000000000000000000000000000000000000000000000000000000000000000000000000000000000000000000000000000000000000000000000000000000000000000000000000000000>;
P_00000215ae5d6ac8 .param/l "INIT_F" 0 3 1757, C4<0000000000000000000000000000000000000000000000000000000000000000000000000000000000000000000000000000000000000000000000000000000000000000000000000000000000000000000000000000000000000000000000000000000000000000000000000000000000000000000000000000000000000000>;
P_00000215ae5d6b00 .param/str "INIT_FILE" 0 3 1759, "\000";
P_00000215ae5d6b38 .param/l "READ_MODE" 0 3 1740, +C4<00000000000000000000000000000000>;
P_00000215ae5d6b70 .param/l "WRITE_MODE" 0 3 1739, +C4<00000000000000000000000000000000>;
o00000215ae90ce98 .functor BUFZ 1, c4<z>; HiZ drive
L_00000215ae9bbf30 .functor NOT 1, o00000215ae90ce98, C4<0>, C4<0>, C4<0>;
o00000215ae90c988 .functor BUFZ 16, c4<zzzzzzzzzzzzzzzz>; HiZ drive
v00000215ae95a5f0_0 .net "MASK", 15 0, o00000215ae90c988;  0 drivers
o00000215ae90c9b8 .functor BUFZ 11, c4<zzzzzzzzzzz>; HiZ drive
v00000215ae95a370_0 .net "RADDR", 10 0, o00000215ae90c9b8;  0 drivers
o00000215ae90ca18 .functor BUFZ 1, c4<z>; HiZ drive
v00000215ae959650_0 .net "RCLKE", 0 0, o00000215ae90ca18;  0 drivers
v00000215ae95a870_0 .net "RCLKN", 0 0, o00000215ae90ce98;  0 drivers
v00000215ae958ed0_0 .net "RDATA", 15 0, L_00000215ae9bbec0;  1 drivers
o00000215ae90caa8 .functor BUFZ 1, c4<z>; HiZ drive
v00000215ae958610_0 .net "RE", 0 0, o00000215ae90caa8;  0 drivers
o00000215ae90cb08 .functor BUFZ 11, c4<zzzzzzzzzzz>; HiZ drive
v00000215ae959010_0 .net "WADDR", 10 0, o00000215ae90cb08;  0 drivers
o00000215ae90cb38 .functor BUFZ 1, c4<z>; HiZ drive
v00000215ae9591f0_0 .net "WCLK", 0 0, o00000215ae90cb38;  0 drivers
o00000215ae90cb68 .functor BUFZ 1, c4<z>; HiZ drive
v00000215ae9587f0_0 .net "WCLKE", 0 0, o00000215ae90cb68;  0 drivers
o00000215ae90cb98 .functor BUFZ 16, c4<zzzzzzzzzzzzzzzz>; HiZ drive
v00000215ae959a10_0 .net "WDATA", 15 0, o00000215ae90cb98;  0 drivers
o00000215ae90cbf8 .functor BUFZ 1, c4<z>; HiZ drive
v00000215ae958890_0 .net "WE", 0 0, o00000215ae90cbf8;  0 drivers
S_00000215ae8e6880 .scope module, "RAM" "SB_RAM40_4K" 3 1781, 3 1487 0, S_00000215ae8e07b0;
 .timescale -12 -12;
    .port_info 0 /OUTPUT 16 "RDATA";
    .port_info 1 /INPUT 1 "RCLK";
    .port_info 2 /INPUT 1 "RCLKE";
    .port_info 3 /INPUT 1 "RE";
    .port_info 4 /INPUT 11 "RADDR";
    .port_info 5 /INPUT 1 "WCLK";
    .port_info 6 /INPUT 1 "WCLKE";
    .port_info 7 /INPUT 1 "WE";
    .port_info 8 /INPUT 11 "WADDR";
    .port_info 9 /INPUT 16 "MASK";
    .port_info 10 /INPUT 16 "WDATA";
P_00000215ae8fd300 .param/l "INIT_0" 0 3 1507, C4<0000000000000000000000000000000000000000000000000000000000000000000000000000000000000000000000000000000000000000000000000000000000000000000000000000000000000000000000000000000000000000000000000000000000000000000000000000000000000000000000000000000000000000>;
P_00000215ae8fd338 .param/l "INIT_1" 0 3 1508, C4<0000000000000000000000000000000000000000000000000000000000000000000000000000000000000000000000000000000000000000000000000000000000000000000000000000000000000000000000000000000000000000000000000000000000000000000000000000000000000000000000000000000000000000>;
P_00000215ae8fd370 .param/l "INIT_2" 0 3 1509, C4<0000000000000000000000000000000000000000000000000000000000000000000000000000000000000000000000000000000000000000000000000000000000000000000000000000000000000000000000000000000000000000000000000000000000000000000000000000000000000000000000000000000000000000>;
P_00000215ae8fd3a8 .param/l "INIT_3" 0 3 1510, C4<0000000000000000000000000000000000000000000000000000000000000000000000000000000000000000000000000000000000000000000000000000000000000000000000000000000000000000000000000000000000000000000000000000000000000000000000000000000000000000000000000000000000000000>;
P_00000215ae8fd3e0 .param/l "INIT_4" 0 3 1511, C4<0000000000000000000000000000000000000000000000000000000000000000000000000000000000000000000000000000000000000000000000000000000000000000000000000000000000000000000000000000000000000000000000000000000000000000000000000000000000000000000000000000000000000000>;
P_00000215ae8fd418 .param/l "INIT_5" 0 3 1512, C4<0000000000000000000000000000000000000000000000000000000000000000000000000000000000000000000000000000000000000000000000000000000000000000000000000000000000000000000000000000000000000000000000000000000000000000000000000000000000000000000000000000000000000000>;
P_00000215ae8fd450 .param/l "INIT_6" 0 3 1513, C4<0000000000000000000000000000000000000000000000000000000000000000000000000000000000000000000000000000000000000000000000000000000000000000000000000000000000000000000000000000000000000000000000000000000000000000000000000000000000000000000000000000000000000000>;
P_00000215ae8fd488 .param/l "INIT_7" 0 3 1514, C4<0000000000000000000000000000000000000000000000000000000000000000000000000000000000000000000000000000000000000000000000000000000000000000000000000000000000000000000000000000000000000000000000000000000000000000000000000000000000000000000000000000000000000000>;
P_00000215ae8fd4c0 .param/l "INIT_8" 0 3 1515, C4<0000000000000000000000000000000000000000000000000000000000000000000000000000000000000000000000000000000000000000000000000000000000000000000000000000000000000000000000000000000000000000000000000000000000000000000000000000000000000000000000000000000000000000>;
P_00000215ae8fd4f8 .param/l "INIT_9" 0 3 1516, C4<0000000000000000000000000000000000000000000000000000000000000000000000000000000000000000000000000000000000000000000000000000000000000000000000000000000000000000000000000000000000000000000000000000000000000000000000000000000000000000000000000000000000000000>;
P_00000215ae8fd530 .param/l "INIT_A" 0 3 1517, C4<0000000000000000000000000000000000000000000000000000000000000000000000000000000000000000000000000000000000000000000000000000000000000000000000000000000000000000000000000000000000000000000000000000000000000000000000000000000000000000000000000000000000000000>;
P_00000215ae8fd568 .param/l "INIT_B" 0 3 1518, C4<0000000000000000000000000000000000000000000000000000000000000000000000000000000000000000000000000000000000000000000000000000000000000000000000000000000000000000000000000000000000000000000000000000000000000000000000000000000000000000000000000000000000000000>;
P_00000215ae8fd5a0 .param/l "INIT_C" 0 3 1519, C4<0000000000000000000000000000000000000000000000000000000000000000000000000000000000000000000000000000000000000000000000000000000000000000000000000000000000000000000000000000000000000000000000000000000000000000000000000000000000000000000000000000000000000000>;
P_00000215ae8fd5d8 .param/l "INIT_D" 0 3 1520, C4<0000000000000000000000000000000000000000000000000000000000000000000000000000000000000000000000000000000000000000000000000000000000000000000000000000000000000000000000000000000000000000000000000000000000000000000000000000000000000000000000000000000000000000>;
P_00000215ae8fd610 .param/l "INIT_E" 0 3 1521, C4<0000000000000000000000000000000000000000000000000000000000000000000000000000000000000000000000000000000000000000000000000000000000000000000000000000000000000000000000000000000000000000000000000000000000000000000000000000000000000000000000000000000000000000>;
P_00000215ae8fd648 .param/l "INIT_F" 0 3 1522, C4<0000000000000000000000000000000000000000000000000000000000000000000000000000000000000000000000000000000000000000000000000000000000000000000000000000000000000000000000000000000000000000000000000000000000000000000000000000000000000000000000000000000000000000>;
P_00000215ae8fd680 .param/str "INIT_FILE" 0 3 1524, "\000";
P_00000215ae8fd6b8 .param/l "READ_MODE" 0 3 1505, +C4<00000000000000000000000000000000>;
P_00000215ae8fd6f0 .param/l "WRITE_MODE" 0 3 1504, +C4<00000000000000000000000000000000>;
v00000215ae95a550_0 .net "MASK", 15 0, o00000215ae90c988;  alias, 0 drivers
v00000215ae958d90_0 .net "RADDR", 10 0, o00000215ae90c9b8;  alias, 0 drivers
v00000215ae95a7d0_0 .net "RCLK", 0 0, L_00000215ae9bbf30;  1 drivers
v00000215ae95a2d0_0 .net "RCLKE", 0 0, o00000215ae90ca18;  alias, 0 drivers
v00000215ae959dd0_0 .net "RDATA", 15 0, L_00000215ae9bbec0;  alias, 1 drivers
v00000215ae9598d0_0 .var "RDATA_I", 15 0;
v00000215ae958750_0 .net "RE", 0 0, o00000215ae90caa8;  alias, 0 drivers
L_00000215ae9747a0 .functor BUFT 1, C4<0000000000000000>, C4<0>, C4<0>, C4<0>;
v00000215ae95a230_0 .net "RMASK_I", 15 0, L_00000215ae9747a0;  1 drivers
v00000215ae958c50_0 .net "WADDR", 10 0, o00000215ae90cb08;  alias, 0 drivers
v00000215ae959f10_0 .net "WCLK", 0 0, o00000215ae90cb38;  alias, 0 drivers
v00000215ae959150_0 .net "WCLKE", 0 0, o00000215ae90cb68;  alias, 0 drivers
v00000215ae958f70_0 .net "WDATA", 15 0, o00000215ae90cb98;  alias, 0 drivers
v00000215ae958570_0 .net "WDATA_I", 15 0, L_00000215ae9bd4a0;  1 drivers
v00000215ae959970_0 .net "WE", 0 0, o00000215ae90cbf8;  alias, 0 drivers
v00000215ae959330_0 .net "WMASK_I", 15 0, L_00000215ae9bbe50;  1 drivers
v00000215ae95a4b0_0 .var/i "i", 31 0;
v00000215ae959d30 .array "memory", 255 0, 15 0;
E_00000215ae8d1440 .event posedge, v00000215ae95a7d0_0;
E_00000215ae8d1880 .event posedge, v00000215ae959f10_0;
S_00000215ae967f50 .scope generate, "genblk1" "genblk1" 3 1534, 3 1534 0, S_00000215ae8e6880;
 .timescale -12 -12;
L_00000215ae9bbe50 .functor BUFZ 16, o00000215ae90c988, C4<0000000000000000>, C4<0000000000000000>, C4<0000000000000000>;
S_00000215ae968720 .scope generate, "genblk2" "genblk2" 3 1555, 3 1555 0, S_00000215ae8e6880;
 .timescale -12 -12;
S_00000215ae968d60 .scope generate, "genblk3" "genblk3" 3 1576, 3 1576 0, S_00000215ae8e6880;
 .timescale -12 -12;
L_00000215ae9bd4a0 .functor BUFZ 16, o00000215ae90cb98, C4<0000000000000000>, C4<0000000000000000>, C4<0000000000000000>;
S_00000215ae9680e0 .scope generate, "genblk4" "genblk4" 3 1595, 3 1595 0, S_00000215ae8e6880;
 .timescale -12 -12;
L_00000215ae9bbec0 .functor BUFZ 16, v00000215ae9598d0_0, C4<0000000000000000>, C4<0000000000000000>, C4<0000000000000000>;
S_00000215ae8e0940 .scope module, "SB_RAM40_4KNRNW" "SB_RAM40_4KNRNW" 3 1998;
 .timescale -12 -12;
    .port_info 0 /OUTPUT 16 "RDATA";
    .port_info 1 /INPUT 1 "RCLKN";
    .port_info 2 /INPUT 1 "RCLKE";
    .port_info 3 /INPUT 1 "RE";
    .port_info 4 /INPUT 11 "RADDR";
    .port_info 5 /INPUT 1 "WCLKN";
    .port_info 6 /INPUT 1 "WCLKE";
    .port_info 7 /INPUT 1 "WE";
    .port_info 8 /INPUT 11 "WADDR";
    .port_info 9 /INPUT 16 "MASK";
    .port_info 10 /INPUT 16 "WDATA";
P_00000215ae8e2450 .param/l "INIT_0" 0 3 2014, C4<0000000000000000000000000000000000000000000000000000000000000000000000000000000000000000000000000000000000000000000000000000000000000000000000000000000000000000000000000000000000000000000000000000000000000000000000000000000000000000000000000000000000000000>;
P_00000215ae8e2488 .param/l "INIT_1" 0 3 2015, C4<0000000000000000000000000000000000000000000000000000000000000000000000000000000000000000000000000000000000000000000000000000000000000000000000000000000000000000000000000000000000000000000000000000000000000000000000000000000000000000000000000000000000000000>;
P_00000215ae8e24c0 .param/l "INIT_2" 0 3 2016, C4<0000000000000000000000000000000000000000000000000000000000000000000000000000000000000000000000000000000000000000000000000000000000000000000000000000000000000000000000000000000000000000000000000000000000000000000000000000000000000000000000000000000000000000>;
P_00000215ae8e24f8 .param/l "INIT_3" 0 3 2017, C4<0000000000000000000000000000000000000000000000000000000000000000000000000000000000000000000000000000000000000000000000000000000000000000000000000000000000000000000000000000000000000000000000000000000000000000000000000000000000000000000000000000000000000000>;
P_00000215ae8e2530 .param/l "INIT_4" 0 3 2018, C4<0000000000000000000000000000000000000000000000000000000000000000000000000000000000000000000000000000000000000000000000000000000000000000000000000000000000000000000000000000000000000000000000000000000000000000000000000000000000000000000000000000000000000000>;
P_00000215ae8e2568 .param/l "INIT_5" 0 3 2019, C4<0000000000000000000000000000000000000000000000000000000000000000000000000000000000000000000000000000000000000000000000000000000000000000000000000000000000000000000000000000000000000000000000000000000000000000000000000000000000000000000000000000000000000000>;
P_00000215ae8e25a0 .param/l "INIT_6" 0 3 2020, C4<0000000000000000000000000000000000000000000000000000000000000000000000000000000000000000000000000000000000000000000000000000000000000000000000000000000000000000000000000000000000000000000000000000000000000000000000000000000000000000000000000000000000000000>;
P_00000215ae8e25d8 .param/l "INIT_7" 0 3 2021, C4<0000000000000000000000000000000000000000000000000000000000000000000000000000000000000000000000000000000000000000000000000000000000000000000000000000000000000000000000000000000000000000000000000000000000000000000000000000000000000000000000000000000000000000>;
P_00000215ae8e2610 .param/l "INIT_8" 0 3 2022, C4<0000000000000000000000000000000000000000000000000000000000000000000000000000000000000000000000000000000000000000000000000000000000000000000000000000000000000000000000000000000000000000000000000000000000000000000000000000000000000000000000000000000000000000>;
P_00000215ae8e2648 .param/l "INIT_9" 0 3 2023, C4<0000000000000000000000000000000000000000000000000000000000000000000000000000000000000000000000000000000000000000000000000000000000000000000000000000000000000000000000000000000000000000000000000000000000000000000000000000000000000000000000000000000000000000>;
P_00000215ae8e2680 .param/l "INIT_A" 0 3 2024, C4<0000000000000000000000000000000000000000000000000000000000000000000000000000000000000000000000000000000000000000000000000000000000000000000000000000000000000000000000000000000000000000000000000000000000000000000000000000000000000000000000000000000000000000>;
P_00000215ae8e26b8 .param/l "INIT_B" 0 3 2025, C4<0000000000000000000000000000000000000000000000000000000000000000000000000000000000000000000000000000000000000000000000000000000000000000000000000000000000000000000000000000000000000000000000000000000000000000000000000000000000000000000000000000000000000000>;
P_00000215ae8e26f0 .param/l "INIT_C" 0 3 2026, C4<0000000000000000000000000000000000000000000000000000000000000000000000000000000000000000000000000000000000000000000000000000000000000000000000000000000000000000000000000000000000000000000000000000000000000000000000000000000000000000000000000000000000000000>;
P_00000215ae8e2728 .param/l "INIT_D" 0 3 2027, C4<0000000000000000000000000000000000000000000000000000000000000000000000000000000000000000000000000000000000000000000000000000000000000000000000000000000000000000000000000000000000000000000000000000000000000000000000000000000000000000000000000000000000000000>;
P_00000215ae8e2760 .param/l "INIT_E" 0 3 2028, C4<0000000000000000000000000000000000000000000000000000000000000000000000000000000000000000000000000000000000000000000000000000000000000000000000000000000000000000000000000000000000000000000000000000000000000000000000000000000000000000000000000000000000000000>;
P_00000215ae8e2798 .param/l "INIT_F" 0 3 2029, C4<0000000000000000000000000000000000000000000000000000000000000000000000000000000000000000000000000000000000000000000000000000000000000000000000000000000000000000000000000000000000000000000000000000000000000000000000000000000000000000000000000000000000000000>;
P_00000215ae8e27d0 .param/str "INIT_FILE" 0 3 2031, "\000";
P_00000215ae8e2808 .param/l "READ_MODE" 0 3 2012, +C4<00000000000000000000000000000000>;
P_00000215ae8e2840 .param/l "WRITE_MODE" 0 3 2011, +C4<00000000000000000000000000000000>;
o00000215ae90d5e8 .functor BUFZ 1, c4<z>; HiZ drive
L_00000215ae9bd2e0 .functor NOT 1, o00000215ae90d5e8, C4<0>, C4<0>, C4<0>;
o00000215ae90d618 .functor BUFZ 1, c4<z>; HiZ drive
L_00000215ae9bce10 .functor NOT 1, o00000215ae90d618, C4<0>, C4<0>, C4<0>;
o00000215ae90d0d8 .functor BUFZ 16, c4<zzzzzzzzzzzzzzzz>; HiZ drive
v00000215ae95aa50_0 .net "MASK", 15 0, o00000215ae90d0d8;  0 drivers
o00000215ae90d108 .functor BUFZ 11, c4<zzzzzzzzzzz>; HiZ drive
v00000215ae959bf0_0 .net "RADDR", 10 0, o00000215ae90d108;  0 drivers
o00000215ae90d168 .functor BUFZ 1, c4<z>; HiZ drive
v00000215ae959c90_0 .net "RCLKE", 0 0, o00000215ae90d168;  0 drivers
v00000215ae95a050_0 .net "RCLKN", 0 0, o00000215ae90d5e8;  0 drivers
v00000215ae95ab90_0 .net "RDATA", 15 0, L_00000215ae9bccc0;  1 drivers
o00000215ae90d1f8 .functor BUFZ 1, c4<z>; HiZ drive
v00000215ae9590b0_0 .net "RE", 0 0, o00000215ae90d1f8;  0 drivers
o00000215ae90d258 .functor BUFZ 11, c4<zzzzzzzzzzz>; HiZ drive
v00000215ae958430_0 .net "WADDR", 10 0, o00000215ae90d258;  0 drivers
o00000215ae90d2b8 .functor BUFZ 1, c4<z>; HiZ drive
v00000215ae959510_0 .net "WCLKE", 0 0, o00000215ae90d2b8;  0 drivers
v00000215ae95acd0_0 .net "WCLKN", 0 0, o00000215ae90d618;  0 drivers
o00000215ae90d2e8 .functor BUFZ 16, c4<zzzzzzzzzzzzzzzz>; HiZ drive
v00000215ae95b130_0 .net "WDATA", 15 0, o00000215ae90d2e8;  0 drivers
o00000215ae90d348 .functor BUFZ 1, c4<z>; HiZ drive
v00000215ae95af50_0 .net "WE", 0 0, o00000215ae90d348;  0 drivers
S_00000215ae968bd0 .scope module, "RAM" "SB_RAM40_4K" 3 2053, 3 1487 0, S_00000215ae8e0940;
 .timescale -12 -12;
    .port_info 0 /OUTPUT 16 "RDATA";
    .port_info 1 /INPUT 1 "RCLK";
    .port_info 2 /INPUT 1 "RCLKE";
    .port_info 3 /INPUT 1 "RE";
    .port_info 4 /INPUT 11 "RADDR";
    .port_info 5 /INPUT 1 "WCLK";
    .port_info 6 /INPUT 1 "WCLKE";
    .port_info 7 /INPUT 1 "WE";
    .port_info 8 /INPUT 11 "WADDR";
    .port_info 9 /INPUT 16 "MASK";
    .port_info 10 /INPUT 16 "WDATA";
P_00000215ae969420 .param/l "INIT_0" 0 3 1507, C4<0000000000000000000000000000000000000000000000000000000000000000000000000000000000000000000000000000000000000000000000000000000000000000000000000000000000000000000000000000000000000000000000000000000000000000000000000000000000000000000000000000000000000000>;
P_00000215ae969458 .param/l "INIT_1" 0 3 1508, C4<0000000000000000000000000000000000000000000000000000000000000000000000000000000000000000000000000000000000000000000000000000000000000000000000000000000000000000000000000000000000000000000000000000000000000000000000000000000000000000000000000000000000000000>;
P_00000215ae969490 .param/l "INIT_2" 0 3 1509, C4<0000000000000000000000000000000000000000000000000000000000000000000000000000000000000000000000000000000000000000000000000000000000000000000000000000000000000000000000000000000000000000000000000000000000000000000000000000000000000000000000000000000000000000>;
P_00000215ae9694c8 .param/l "INIT_3" 0 3 1510, C4<0000000000000000000000000000000000000000000000000000000000000000000000000000000000000000000000000000000000000000000000000000000000000000000000000000000000000000000000000000000000000000000000000000000000000000000000000000000000000000000000000000000000000000>;
P_00000215ae969500 .param/l "INIT_4" 0 3 1511, C4<0000000000000000000000000000000000000000000000000000000000000000000000000000000000000000000000000000000000000000000000000000000000000000000000000000000000000000000000000000000000000000000000000000000000000000000000000000000000000000000000000000000000000000>;
P_00000215ae969538 .param/l "INIT_5" 0 3 1512, C4<0000000000000000000000000000000000000000000000000000000000000000000000000000000000000000000000000000000000000000000000000000000000000000000000000000000000000000000000000000000000000000000000000000000000000000000000000000000000000000000000000000000000000000>;
P_00000215ae969570 .param/l "INIT_6" 0 3 1513, C4<0000000000000000000000000000000000000000000000000000000000000000000000000000000000000000000000000000000000000000000000000000000000000000000000000000000000000000000000000000000000000000000000000000000000000000000000000000000000000000000000000000000000000000>;
P_00000215ae9695a8 .param/l "INIT_7" 0 3 1514, C4<0000000000000000000000000000000000000000000000000000000000000000000000000000000000000000000000000000000000000000000000000000000000000000000000000000000000000000000000000000000000000000000000000000000000000000000000000000000000000000000000000000000000000000>;
P_00000215ae9695e0 .param/l "INIT_8" 0 3 1515, C4<0000000000000000000000000000000000000000000000000000000000000000000000000000000000000000000000000000000000000000000000000000000000000000000000000000000000000000000000000000000000000000000000000000000000000000000000000000000000000000000000000000000000000000>;
P_00000215ae969618 .param/l "INIT_9" 0 3 1516, C4<0000000000000000000000000000000000000000000000000000000000000000000000000000000000000000000000000000000000000000000000000000000000000000000000000000000000000000000000000000000000000000000000000000000000000000000000000000000000000000000000000000000000000000>;
P_00000215ae969650 .param/l "INIT_A" 0 3 1517, C4<0000000000000000000000000000000000000000000000000000000000000000000000000000000000000000000000000000000000000000000000000000000000000000000000000000000000000000000000000000000000000000000000000000000000000000000000000000000000000000000000000000000000000000>;
P_00000215ae969688 .param/l "INIT_B" 0 3 1518, C4<0000000000000000000000000000000000000000000000000000000000000000000000000000000000000000000000000000000000000000000000000000000000000000000000000000000000000000000000000000000000000000000000000000000000000000000000000000000000000000000000000000000000000000>;
P_00000215ae9696c0 .param/l "INIT_C" 0 3 1519, C4<0000000000000000000000000000000000000000000000000000000000000000000000000000000000000000000000000000000000000000000000000000000000000000000000000000000000000000000000000000000000000000000000000000000000000000000000000000000000000000000000000000000000000000>;
P_00000215ae9696f8 .param/l "INIT_D" 0 3 1520, C4<0000000000000000000000000000000000000000000000000000000000000000000000000000000000000000000000000000000000000000000000000000000000000000000000000000000000000000000000000000000000000000000000000000000000000000000000000000000000000000000000000000000000000000>;
P_00000215ae969730 .param/l "INIT_E" 0 3 1521, C4<0000000000000000000000000000000000000000000000000000000000000000000000000000000000000000000000000000000000000000000000000000000000000000000000000000000000000000000000000000000000000000000000000000000000000000000000000000000000000000000000000000000000000000>;
P_00000215ae969768 .param/l "INIT_F" 0 3 1522, C4<0000000000000000000000000000000000000000000000000000000000000000000000000000000000000000000000000000000000000000000000000000000000000000000000000000000000000000000000000000000000000000000000000000000000000000000000000000000000000000000000000000000000000000>;
P_00000215ae9697a0 .param/str "INIT_FILE" 0 3 1524, "\000";
P_00000215ae9697d8 .param/l "READ_MODE" 0 3 1505, +C4<00000000000000000000000000000000>;
P_00000215ae969810 .param/l "WRITE_MODE" 0 3 1504, +C4<00000000000000000000000000000000>;
v00000215ae95a410_0 .net "MASK", 15 0, o00000215ae90d0d8;  alias, 0 drivers
v00000215ae959830_0 .net "RADDR", 10 0, o00000215ae90d108;  alias, 0 drivers
v00000215ae9593d0_0 .net "RCLK", 0 0, L_00000215ae9bd2e0;  1 drivers
v00000215ae958b10_0 .net "RCLKE", 0 0, o00000215ae90d168;  alias, 0 drivers
v00000215ae9586b0_0 .net "RDATA", 15 0, L_00000215ae9bccc0;  alias, 1 drivers
v00000215ae959ab0_0 .var "RDATA_I", 15 0;
v00000215ae958bb0_0 .net "RE", 0 0, o00000215ae90d1f8;  alias, 0 drivers
L_00000215ae9747e8 .functor BUFT 1, C4<0000000000000000>, C4<0>, C4<0>, C4<0>;
v00000215ae9589d0_0 .net "RMASK_I", 15 0, L_00000215ae9747e8;  1 drivers
v00000215ae959790_0 .net "WADDR", 10 0, o00000215ae90d258;  alias, 0 drivers
v00000215ae959b50_0 .net "WCLK", 0 0, L_00000215ae9bce10;  1 drivers
v00000215ae958a70_0 .net "WCLKE", 0 0, o00000215ae90d2b8;  alias, 0 drivers
v00000215ae95aaf0_0 .net "WDATA", 15 0, o00000215ae90d2e8;  alias, 0 drivers
v00000215ae958e30_0 .net "WDATA_I", 15 0, L_00000215ae9bc1d0;  1 drivers
v00000215ae95a910_0 .net "WE", 0 0, o00000215ae90d348;  alias, 0 drivers
v00000215ae959fb0_0 .net "WMASK_I", 15 0, L_00000215ae9bcc50;  1 drivers
v00000215ae959470_0 .var/i "i", 31 0;
v00000215ae95a9b0 .array "memory", 255 0, 15 0;
E_00000215ae8d18c0 .event posedge, v00000215ae9593d0_0;
E_00000215ae8d19c0 .event posedge, v00000215ae959b50_0;
S_00000215ae968270 .scope generate, "genblk1" "genblk1" 3 1534, 3 1534 0, S_00000215ae968bd0;
 .timescale -12 -12;
L_00000215ae9bcc50 .functor BUFZ 16, o00000215ae90d0d8, C4<0000000000000000>, C4<0000000000000000>, C4<0000000000000000>;
S_00000215ae969210 .scope generate, "genblk2" "genblk2" 3 1555, 3 1555 0, S_00000215ae968bd0;
 .timescale -12 -12;
S_00000215ae9675f0 .scope generate, "genblk3" "genblk3" 3 1576, 3 1576 0, S_00000215ae968bd0;
 .timescale -12 -12;
L_00000215ae9bc1d0 .functor BUFZ 16, o00000215ae90d2e8, C4<0000000000000000>, C4<0000000000000000>, C4<0000000000000000>;
S_00000215ae969080 .scope generate, "genblk4" "genblk4" 3 1595, 3 1595 0, S_00000215ae968bd0;
 .timescale -12 -12;
L_00000215ae9bccc0 .functor BUFZ 16, v00000215ae959ab0_0, C4<0000000000000000>, C4<0000000000000000>, C4<0000000000000000>;
S_00000215ae8e0ad0 .scope module, "SB_RAM40_4KNW" "SB_RAM40_4KNW" 3 1862;
 .timescale -12 -12;
    .port_info 0 /OUTPUT 16 "RDATA";
    .port_info 1 /INPUT 1 "RCLK";
    .port_info 2 /INPUT 1 "RCLKE";
    .port_info 3 /INPUT 1 "RE";
    .port_info 4 /INPUT 11 "RADDR";
    .port_info 5 /INPUT 1 "WCLKN";
    .port_info 6 /INPUT 1 "WCLKE";
    .port_info 7 /INPUT 1 "WE";
    .port_info 8 /INPUT 11 "WADDR";
    .port_info 9 /INPUT 16 "MASK";
    .port_info 10 /INPUT 16 "WDATA";
P_00000215ae8e4890 .param/l "INIT_0" 0 3 1878, C4<0000000000000000000000000000000000000000000000000000000000000000000000000000000000000000000000000000000000000000000000000000000000000000000000000000000000000000000000000000000000000000000000000000000000000000000000000000000000000000000000000000000000000000>;
P_00000215ae8e48c8 .param/l "INIT_1" 0 3 1879, C4<0000000000000000000000000000000000000000000000000000000000000000000000000000000000000000000000000000000000000000000000000000000000000000000000000000000000000000000000000000000000000000000000000000000000000000000000000000000000000000000000000000000000000000>;
P_00000215ae8e4900 .param/l "INIT_2" 0 3 1880, C4<0000000000000000000000000000000000000000000000000000000000000000000000000000000000000000000000000000000000000000000000000000000000000000000000000000000000000000000000000000000000000000000000000000000000000000000000000000000000000000000000000000000000000000>;
P_00000215ae8e4938 .param/l "INIT_3" 0 3 1881, C4<0000000000000000000000000000000000000000000000000000000000000000000000000000000000000000000000000000000000000000000000000000000000000000000000000000000000000000000000000000000000000000000000000000000000000000000000000000000000000000000000000000000000000000>;
P_00000215ae8e4970 .param/l "INIT_4" 0 3 1882, C4<0000000000000000000000000000000000000000000000000000000000000000000000000000000000000000000000000000000000000000000000000000000000000000000000000000000000000000000000000000000000000000000000000000000000000000000000000000000000000000000000000000000000000000>;
P_00000215ae8e49a8 .param/l "INIT_5" 0 3 1883, C4<0000000000000000000000000000000000000000000000000000000000000000000000000000000000000000000000000000000000000000000000000000000000000000000000000000000000000000000000000000000000000000000000000000000000000000000000000000000000000000000000000000000000000000>;
P_00000215ae8e49e0 .param/l "INIT_6" 0 3 1884, C4<0000000000000000000000000000000000000000000000000000000000000000000000000000000000000000000000000000000000000000000000000000000000000000000000000000000000000000000000000000000000000000000000000000000000000000000000000000000000000000000000000000000000000000>;
P_00000215ae8e4a18 .param/l "INIT_7" 0 3 1885, C4<0000000000000000000000000000000000000000000000000000000000000000000000000000000000000000000000000000000000000000000000000000000000000000000000000000000000000000000000000000000000000000000000000000000000000000000000000000000000000000000000000000000000000000>;
P_00000215ae8e4a50 .param/l "INIT_8" 0 3 1886, C4<0000000000000000000000000000000000000000000000000000000000000000000000000000000000000000000000000000000000000000000000000000000000000000000000000000000000000000000000000000000000000000000000000000000000000000000000000000000000000000000000000000000000000000>;
P_00000215ae8e4a88 .param/l "INIT_9" 0 3 1887, C4<0000000000000000000000000000000000000000000000000000000000000000000000000000000000000000000000000000000000000000000000000000000000000000000000000000000000000000000000000000000000000000000000000000000000000000000000000000000000000000000000000000000000000000>;
P_00000215ae8e4ac0 .param/l "INIT_A" 0 3 1888, C4<0000000000000000000000000000000000000000000000000000000000000000000000000000000000000000000000000000000000000000000000000000000000000000000000000000000000000000000000000000000000000000000000000000000000000000000000000000000000000000000000000000000000000000>;
P_00000215ae8e4af8 .param/l "INIT_B" 0 3 1889, C4<0000000000000000000000000000000000000000000000000000000000000000000000000000000000000000000000000000000000000000000000000000000000000000000000000000000000000000000000000000000000000000000000000000000000000000000000000000000000000000000000000000000000000000>;
P_00000215ae8e4b30 .param/l "INIT_C" 0 3 1890, C4<0000000000000000000000000000000000000000000000000000000000000000000000000000000000000000000000000000000000000000000000000000000000000000000000000000000000000000000000000000000000000000000000000000000000000000000000000000000000000000000000000000000000000000>;
P_00000215ae8e4b68 .param/l "INIT_D" 0 3 1891, C4<0000000000000000000000000000000000000000000000000000000000000000000000000000000000000000000000000000000000000000000000000000000000000000000000000000000000000000000000000000000000000000000000000000000000000000000000000000000000000000000000000000000000000000>;
P_00000215ae8e4ba0 .param/l "INIT_E" 0 3 1892, C4<0000000000000000000000000000000000000000000000000000000000000000000000000000000000000000000000000000000000000000000000000000000000000000000000000000000000000000000000000000000000000000000000000000000000000000000000000000000000000000000000000000000000000000>;
P_00000215ae8e4bd8 .param/l "INIT_F" 0 3 1893, C4<0000000000000000000000000000000000000000000000000000000000000000000000000000000000000000000000000000000000000000000000000000000000000000000000000000000000000000000000000000000000000000000000000000000000000000000000000000000000000000000000000000000000000000>;
P_00000215ae8e4c10 .param/str "INIT_FILE" 0 3 1895, "\000";
P_00000215ae8e4c48 .param/l "READ_MODE" 0 3 1876, +C4<00000000000000000000000000000000>;
P_00000215ae8e4c80 .param/l "WRITE_MODE" 0 3 1875, +C4<00000000000000000000000000000000>;
o00000215ae90dd68 .functor BUFZ 1, c4<z>; HiZ drive
L_00000215ae9bd190 .functor NOT 1, o00000215ae90dd68, C4<0>, C4<0>, C4<0>;
o00000215ae90d858 .functor BUFZ 16, c4<zzzzzzzzzzzzzzzz>; HiZ drive
v00000215ae973270_0 .net "MASK", 15 0, o00000215ae90d858;  0 drivers
o00000215ae90d888 .functor BUFZ 11, c4<zzzzzzzzzzz>; HiZ drive
v00000215ae973450_0 .net "RADDR", 10 0, o00000215ae90d888;  0 drivers
o00000215ae90d8b8 .functor BUFZ 1, c4<z>; HiZ drive
v00000215ae9711f0_0 .net "RCLK", 0 0, o00000215ae90d8b8;  0 drivers
o00000215ae90d8e8 .functor BUFZ 1, c4<z>; HiZ drive
v00000215ae972af0_0 .net "RCLKE", 0 0, o00000215ae90d8e8;  0 drivers
v00000215ae971290_0 .net "RDATA", 15 0, L_00000215ae9bc160;  1 drivers
o00000215ae90d978 .functor BUFZ 1, c4<z>; HiZ drive
v00000215ae971d30_0 .net "RE", 0 0, o00000215ae90d978;  0 drivers
o00000215ae90d9d8 .functor BUFZ 11, c4<zzzzzzzzzzz>; HiZ drive
v00000215ae972550_0 .net "WADDR", 10 0, o00000215ae90d9d8;  0 drivers
o00000215ae90da38 .functor BUFZ 1, c4<z>; HiZ drive
v00000215ae972050_0 .net "WCLKE", 0 0, o00000215ae90da38;  0 drivers
v00000215ae971150_0 .net "WCLKN", 0 0, o00000215ae90dd68;  0 drivers
o00000215ae90da68 .functor BUFZ 16, c4<zzzzzzzzzzzzzzzz>; HiZ drive
v00000215ae972d70_0 .net "WDATA", 15 0, o00000215ae90da68;  0 drivers
o00000215ae90dac8 .functor BUFZ 1, c4<z>; HiZ drive
v00000215ae973310_0 .net "WE", 0 0, o00000215ae90dac8;  0 drivers
S_00000215ae967460 .scope module, "RAM" "SB_RAM40_4K" 3 1917, 3 1487 0, S_00000215ae8e0ad0;
 .timescale -12 -12;
    .port_info 0 /OUTPUT 16 "RDATA";
    .port_info 1 /INPUT 1 "RCLK";
    .port_info 2 /INPUT 1 "RCLKE";
    .port_info 3 /INPUT 1 "RE";
    .port_info 4 /INPUT 11 "RADDR";
    .port_info 5 /INPUT 1 "WCLK";
    .port_info 6 /INPUT 1 "WCLKE";
    .port_info 7 /INPUT 1 "WE";
    .port_info 8 /INPUT 11 "WADDR";
    .port_info 9 /INPUT 16 "MASK";
    .port_info 10 /INPUT 16 "WDATA";
P_00000215ae969850 .param/l "INIT_0" 0 3 1507, C4<0000000000000000000000000000000000000000000000000000000000000000000000000000000000000000000000000000000000000000000000000000000000000000000000000000000000000000000000000000000000000000000000000000000000000000000000000000000000000000000000000000000000000000>;
P_00000215ae969888 .param/l "INIT_1" 0 3 1508, C4<0000000000000000000000000000000000000000000000000000000000000000000000000000000000000000000000000000000000000000000000000000000000000000000000000000000000000000000000000000000000000000000000000000000000000000000000000000000000000000000000000000000000000000>;
P_00000215ae9698c0 .param/l "INIT_2" 0 3 1509, C4<0000000000000000000000000000000000000000000000000000000000000000000000000000000000000000000000000000000000000000000000000000000000000000000000000000000000000000000000000000000000000000000000000000000000000000000000000000000000000000000000000000000000000000>;
P_00000215ae9698f8 .param/l "INIT_3" 0 3 1510, C4<0000000000000000000000000000000000000000000000000000000000000000000000000000000000000000000000000000000000000000000000000000000000000000000000000000000000000000000000000000000000000000000000000000000000000000000000000000000000000000000000000000000000000000>;
P_00000215ae969930 .param/l "INIT_4" 0 3 1511, C4<0000000000000000000000000000000000000000000000000000000000000000000000000000000000000000000000000000000000000000000000000000000000000000000000000000000000000000000000000000000000000000000000000000000000000000000000000000000000000000000000000000000000000000>;
P_00000215ae969968 .param/l "INIT_5" 0 3 1512, C4<0000000000000000000000000000000000000000000000000000000000000000000000000000000000000000000000000000000000000000000000000000000000000000000000000000000000000000000000000000000000000000000000000000000000000000000000000000000000000000000000000000000000000000>;
P_00000215ae9699a0 .param/l "INIT_6" 0 3 1513, C4<0000000000000000000000000000000000000000000000000000000000000000000000000000000000000000000000000000000000000000000000000000000000000000000000000000000000000000000000000000000000000000000000000000000000000000000000000000000000000000000000000000000000000000>;
P_00000215ae9699d8 .param/l "INIT_7" 0 3 1514, C4<0000000000000000000000000000000000000000000000000000000000000000000000000000000000000000000000000000000000000000000000000000000000000000000000000000000000000000000000000000000000000000000000000000000000000000000000000000000000000000000000000000000000000000>;
P_00000215ae969a10 .param/l "INIT_8" 0 3 1515, C4<0000000000000000000000000000000000000000000000000000000000000000000000000000000000000000000000000000000000000000000000000000000000000000000000000000000000000000000000000000000000000000000000000000000000000000000000000000000000000000000000000000000000000000>;
P_00000215ae969a48 .param/l "INIT_9" 0 3 1516, C4<0000000000000000000000000000000000000000000000000000000000000000000000000000000000000000000000000000000000000000000000000000000000000000000000000000000000000000000000000000000000000000000000000000000000000000000000000000000000000000000000000000000000000000>;
P_00000215ae969a80 .param/l "INIT_A" 0 3 1517, C4<0000000000000000000000000000000000000000000000000000000000000000000000000000000000000000000000000000000000000000000000000000000000000000000000000000000000000000000000000000000000000000000000000000000000000000000000000000000000000000000000000000000000000000>;
P_00000215ae969ab8 .param/l "INIT_B" 0 3 1518, C4<0000000000000000000000000000000000000000000000000000000000000000000000000000000000000000000000000000000000000000000000000000000000000000000000000000000000000000000000000000000000000000000000000000000000000000000000000000000000000000000000000000000000000000>;
P_00000215ae969af0 .param/l "INIT_C" 0 3 1519, C4<0000000000000000000000000000000000000000000000000000000000000000000000000000000000000000000000000000000000000000000000000000000000000000000000000000000000000000000000000000000000000000000000000000000000000000000000000000000000000000000000000000000000000000>;
P_00000215ae969b28 .param/l "INIT_D" 0 3 1520, C4<0000000000000000000000000000000000000000000000000000000000000000000000000000000000000000000000000000000000000000000000000000000000000000000000000000000000000000000000000000000000000000000000000000000000000000000000000000000000000000000000000000000000000000>;
P_00000215ae969b60 .param/l "INIT_E" 0 3 1521, C4<0000000000000000000000000000000000000000000000000000000000000000000000000000000000000000000000000000000000000000000000000000000000000000000000000000000000000000000000000000000000000000000000000000000000000000000000000000000000000000000000000000000000000000>;
P_00000215ae969b98 .param/l "INIT_F" 0 3 1522, C4<0000000000000000000000000000000000000000000000000000000000000000000000000000000000000000000000000000000000000000000000000000000000000000000000000000000000000000000000000000000000000000000000000000000000000000000000000000000000000000000000000000000000000000>;
P_00000215ae969bd0 .param/str "INIT_FILE" 0 3 1524, "\000";
P_00000215ae969c08 .param/l "READ_MODE" 0 3 1505, +C4<00000000000000000000000000000000>;
P_00000215ae969c40 .param/l "WRITE_MODE" 0 3 1504, +C4<00000000000000000000000000000000>;
v00000215ae95ae10_0 .net "MASK", 15 0, o00000215ae90d858;  alias, 0 drivers
v00000215ae95b270_0 .net "RADDR", 10 0, o00000215ae90d888;  alias, 0 drivers
v00000215ae95aff0_0 .net "RCLK", 0 0, o00000215ae90d8b8;  alias, 0 drivers
v00000215ae95b1d0_0 .net "RCLKE", 0 0, o00000215ae90d8e8;  alias, 0 drivers
v00000215ae95b310_0 .net "RDATA", 15 0, L_00000215ae9bc160;  alias, 1 drivers
v00000215ae95b090_0 .var "RDATA_I", 15 0;
v00000215ae95aeb0_0 .net "RE", 0 0, o00000215ae90d978;  alias, 0 drivers
L_00000215ae974830 .functor BUFT 1, C4<0000000000000000>, C4<0>, C4<0>, C4<0>;
v00000215ae95ac30_0 .net "RMASK_I", 15 0, L_00000215ae974830;  1 drivers
v00000215ae95ad70_0 .net "WADDR", 10 0, o00000215ae90d9d8;  alias, 0 drivers
v00000215ae972410_0 .net "WCLK", 0 0, L_00000215ae9bd190;  1 drivers
v00000215ae9716f0_0 .net "WCLKE", 0 0, o00000215ae90da38;  alias, 0 drivers
v00000215ae9733b0_0 .net "WDATA", 15 0, o00000215ae90da68;  alias, 0 drivers
v00000215ae971fb0_0 .net "WDATA_I", 15 0, L_00000215ae9bcfd0;  1 drivers
v00000215ae971ab0_0 .net "WE", 0 0, o00000215ae90dac8;  alias, 0 drivers
v00000215ae971dd0_0 .net "WMASK_I", 15 0, L_00000215ae9bce80;  1 drivers
v00000215ae972e10_0 .var/i "i", 31 0;
v00000215ae972230 .array "memory", 255 0, 15 0;
E_00000215ae8d1140 .event posedge, v00000215ae95aff0_0;
E_00000215ae8d1500 .event posedge, v00000215ae972410_0;
S_00000215ae967910 .scope generate, "genblk1" "genblk1" 3 1534, 3 1534 0, S_00000215ae967460;
 .timescale -12 -12;
L_00000215ae9bce80 .functor BUFZ 16, o00000215ae90d858, C4<0000000000000000>, C4<0000000000000000>, C4<0000000000000000>;
S_00000215ae968ef0 .scope generate, "genblk2" "genblk2" 3 1555, 3 1555 0, S_00000215ae967460;
 .timescale -12 -12;
S_00000215ae967aa0 .scope generate, "genblk3" "genblk3" 3 1576, 3 1576 0, S_00000215ae967460;
 .timescale -12 -12;
L_00000215ae9bcfd0 .functor BUFZ 16, o00000215ae90da68, C4<0000000000000000>, C4<0000000000000000>, C4<0000000000000000>;
S_00000215ae967780 .scope generate, "genblk4" "genblk4" 3 1595, 3 1595 0, S_00000215ae967460;
 .timescale -12 -12;
L_00000215ae9bc160 .functor BUFZ 16, v00000215ae95b090_0, C4<0000000000000000>, C4<0000000000000000>, C4<0000000000000000>;
S_00000215ae8e6ba0 .scope module, "SB_RGBA_DRV" "SB_RGBA_DRV" 3 2692;
 .timescale -12 -12;
    .port_info 0 /INPUT 1 "CURREN";
    .port_info 1 /INPUT 1 "RGBLEDEN";
    .port_info 2 /INPUT 1 "RGB0PWM";
    .port_info 3 /INPUT 1 "RGB1PWM";
    .port_info 4 /INPUT 1 "RGB2PWM";
    .port_info 5 /OUTPUT 1 "RGB0";
    .port_info 6 /OUTPUT 1 "RGB1";
    .port_info 7 /OUTPUT 1 "RGB2";
P_00000215ae622880 .param/str "CURRENT_MODE" 0 3 2702, "0b0";
P_00000215ae6228b8 .param/str "RGB0_CURRENT" 0 3 2703, "0b000000";
P_00000215ae6228f0 .param/str "RGB1_CURRENT" 0 3 2704, "0b000000";
P_00000215ae622928 .param/str "RGB2_CURRENT" 0 3 2705, "0b000000";
o00000215ae90dfa8 .functor BUFZ 1, c4<z>; HiZ drive
v00000215ae971c90_0 .net "CURREN", 0 0, o00000215ae90dfa8;  0 drivers
o00000215ae90dfd8 .functor BUFZ 1, c4<z>; HiZ drive
v00000215ae972730_0 .net "RGB0", 0 0, o00000215ae90dfd8;  0 drivers
o00000215ae90e008 .functor BUFZ 1, c4<z>; HiZ drive
v00000215ae973090_0 .net "RGB0PWM", 0 0, o00000215ae90e008;  0 drivers
o00000215ae90e038 .functor BUFZ 1, c4<z>; HiZ drive
v00000215ae972b90_0 .net "RGB1", 0 0, o00000215ae90e038;  0 drivers
o00000215ae90e068 .functor BUFZ 1, c4<z>; HiZ drive
v00000215ae972eb0_0 .net "RGB1PWM", 0 0, o00000215ae90e068;  0 drivers
o00000215ae90e098 .functor BUFZ 1, c4<z>; HiZ drive
v00000215ae972ff0_0 .net "RGB2", 0 0, o00000215ae90e098;  0 drivers
o00000215ae90e0c8 .functor BUFZ 1, c4<z>; HiZ drive
v00000215ae972f50_0 .net "RGB2PWM", 0 0, o00000215ae90e0c8;  0 drivers
o00000215ae90e0f8 .functor BUFZ 1, c4<z>; HiZ drive
v00000215ae9713d0_0 .net "RGBLEDEN", 0 0, o00000215ae90e0f8;  0 drivers
S_00000215ae8e52a0 .scope module, "SB_RGB_DRV" "SB_RGB_DRV" 3 2716;
 .timescale -12 -12;
    .port_info 0 /INPUT 1 "RGBLEDEN";
    .port_info 1 /INPUT 1 "RGB0PWM";
    .port_info 2 /INPUT 1 "RGB1PWM";
    .port_info 3 /INPUT 1 "RGB2PWM";
    .port_info 4 /INPUT 1 "RGBPU";
    .port_info 5 /OUTPUT 1 "RGB0";
    .port_info 6 /OUTPUT 1 "RGB1";
    .port_info 7 /OUTPUT 1 "RGB2";
P_00000215ae5d6bb0 .param/str "CURRENT_MODE" 0 3 2726, "0b0";
P_00000215ae5d6be8 .param/str "RGB0_CURRENT" 0 3 2727, "0b000000";
P_00000215ae5d6c20 .param/str "RGB1_CURRENT" 0 3 2728, "0b000000";
P_00000215ae5d6c58 .param/str "RGB2_CURRENT" 0 3 2729, "0b000000";
o00000215ae90e2a8 .functor BUFZ 1, c4<z>; HiZ drive
v00000215ae9725f0_0 .net "RGB0", 0 0, o00000215ae90e2a8;  0 drivers
o00000215ae90e2d8 .functor BUFZ 1, c4<z>; HiZ drive
v00000215ae971790_0 .net "RGB0PWM", 0 0, o00000215ae90e2d8;  0 drivers
o00000215ae90e308 .functor BUFZ 1, c4<z>; HiZ drive
v00000215ae971bf0_0 .net "RGB1", 0 0, o00000215ae90e308;  0 drivers
o00000215ae90e338 .functor BUFZ 1, c4<z>; HiZ drive
v00000215ae971830_0 .net "RGB1PWM", 0 0, o00000215ae90e338;  0 drivers
o00000215ae90e368 .functor BUFZ 1, c4<z>; HiZ drive
v00000215ae972690_0 .net "RGB2", 0 0, o00000215ae90e368;  0 drivers
o00000215ae90e398 .functor BUFZ 1, c4<z>; HiZ drive
v00000215ae971010_0 .net "RGB2PWM", 0 0, o00000215ae90e398;  0 drivers
o00000215ae90e3c8 .functor BUFZ 1, c4<z>; HiZ drive
v00000215ae972c30_0 .net "RGBLEDEN", 0 0, o00000215ae90e3c8;  0 drivers
o00000215ae90e3f8 .functor BUFZ 1, c4<z>; HiZ drive
v00000215ae9720f0_0 .net "RGBPU", 0 0, o00000215ae90e3f8;  0 drivers
S_00000215ae8e55c0 .scope module, "SB_SPI" "SB_SPI" 3 2776;
 .timescale -12 -12;
    .port_info 0 /INPUT 1 "SBCLKI";
    .port_info 1 /INPUT 1 "SBRWI";
    .port_info 2 /INPUT 1 "SBSTBI";
    .port_info 3 /INPUT 1 "SBADRI7";
    .port_info 4 /INPUT 1 "SBADRI6";
    .port_info 5 /INPUT 1 "SBADRI5";
    .port_info 6 /INPUT 1 "SBADRI4";
    .port_info 7 /INPUT 1 "SBADRI3";
    .port_info 8 /INPUT 1 "SBADRI2";
    .port_info 9 /INPUT 1 "SBADRI1";
    .port_info 10 /INPUT 1 "SBADRI0";
    .port_info 11 /INPUT 1 "SBDATI7";
    .port_info 12 /INPUT 1 "SBDATI6";
    .port_info 13 /INPUT 1 "SBDATI5";
    .port_info 14 /INPUT 1 "SBDATI4";
    .port_info 15 /INPUT 1 "SBDATI3";
    .port_info 16 /INPUT 1 "SBDATI2";
    .port_info 17 /INPUT 1 "SBDATI1";
    .port_info 18 /INPUT 1 "SBDATI0";
    .port_info 19 /INPUT 1 "MI";
    .port_info 20 /INPUT 1 "SI";
    .port_info 21 /INPUT 1 "SCKI";
    .port_info 22 /INPUT 1 "SCSNI";
    .port_info 23 /OUTPUT 1 "SBDATO7";
    .port_info 24 /OUTPUT 1 "SBDATO6";
    .port_info 25 /OUTPUT 1 "SBDATO5";
    .port_info 26 /OUTPUT 1 "SBDATO4";
    .port_info 27 /OUTPUT 1 "SBDATO3";
    .port_info 28 /OUTPUT 1 "SBDATO2";
    .port_info 29 /OUTPUT 1 "SBDATO1";
    .port_info 30 /OUTPUT 1 "SBDATO0";
    .port_info 31 /OUTPUT 1 "SBACKO";
    .port_info 32 /OUTPUT 1 "SPIIRQ";
    .port_info 33 /OUTPUT 1 "SPIWKUP";
    .port_info 34 /OUTPUT 1 "SO";
    .port_info 35 /OUTPUT 1 "SOE";
    .port_info 36 /OUTPUT 1 "MO";
    .port_info 37 /OUTPUT 1 "MOE";
    .port_info 38 /OUTPUT 1 "SCKO";
    .port_info 39 /OUTPUT 1 "SCKOE";
    .port_info 40 /OUTPUT 1 "MCSNO3";
    .port_info 41 /OUTPUT 1 "MCSNO2";
    .port_info 42 /OUTPUT 1 "MCSNO1";
    .port_info 43 /OUTPUT 1 "MCSNO0";
    .port_info 44 /OUTPUT 1 "MCSNOE3";
    .port_info 45 /OUTPUT 1 "MCSNOE2";
    .port_info 46 /OUTPUT 1 "MCSNOE1";
    .port_info 47 /OUTPUT 1 "MCSNOE0";
P_00000215ae8d0c40 .param/str "BUS_ADDR74" 0 3 2826, "0b0000";
o00000215ae90e5a8 .functor BUFZ 1, c4<z>; HiZ drive
v00000215ae9731d0_0 .net "MCSNO0", 0 0, o00000215ae90e5a8;  0 drivers
o00000215ae90e5d8 .functor BUFZ 1, c4<z>; HiZ drive
v00000215ae971e70_0 .net "MCSNO1", 0 0, o00000215ae90e5d8;  0 drivers
o00000215ae90e608 .functor BUFZ 1, c4<z>; HiZ drive
v00000215ae971470_0 .net "MCSNO2", 0 0, o00000215ae90e608;  0 drivers
o00000215ae90e638 .functor BUFZ 1, c4<z>; HiZ drive
v00000215ae971b50_0 .net "MCSNO3", 0 0, o00000215ae90e638;  0 drivers
o00000215ae90e668 .functor BUFZ 1, c4<z>; HiZ drive
v00000215ae970cf0_0 .net "MCSNOE0", 0 0, o00000215ae90e668;  0 drivers
o00000215ae90e698 .functor BUFZ 1, c4<z>; HiZ drive
v00000215ae972910_0 .net "MCSNOE1", 0 0, o00000215ae90e698;  0 drivers
o00000215ae90e6c8 .functor BUFZ 1, c4<z>; HiZ drive
v00000215ae972cd0_0 .net "MCSNOE2", 0 0, o00000215ae90e6c8;  0 drivers
o00000215ae90e6f8 .functor BUFZ 1, c4<z>; HiZ drive
v00000215ae972190_0 .net "MCSNOE3", 0 0, o00000215ae90e6f8;  0 drivers
o00000215ae90e728 .functor BUFZ 1, c4<z>; HiZ drive
v00000215ae9710b0_0 .net "MI", 0 0, o00000215ae90e728;  0 drivers
o00000215ae90e758 .functor BUFZ 1, c4<z>; HiZ drive
v00000215ae971f10_0 .net "MO", 0 0, o00000215ae90e758;  0 drivers
o00000215ae90e788 .functor BUFZ 1, c4<z>; HiZ drive
v00000215ae972a50_0 .net "MOE", 0 0, o00000215ae90e788;  0 drivers
o00000215ae90e7b8 .functor BUFZ 1, c4<z>; HiZ drive
v00000215ae971330_0 .net "SBACKO", 0 0, o00000215ae90e7b8;  0 drivers
o00000215ae90e7e8 .functor BUFZ 1, c4<z>; HiZ drive
v00000215ae971970_0 .net "SBADRI0", 0 0, o00000215ae90e7e8;  0 drivers
o00000215ae90e818 .functor BUFZ 1, c4<z>; HiZ drive
v00000215ae971a10_0 .net "SBADRI1", 0 0, o00000215ae90e818;  0 drivers
o00000215ae90e848 .functor BUFZ 1, c4<z>; HiZ drive
v00000215ae9715b0_0 .net "SBADRI2", 0 0, o00000215ae90e848;  0 drivers
o00000215ae90e878 .functor BUFZ 1, c4<z>; HiZ drive
v00000215ae9718d0_0 .net "SBADRI3", 0 0, o00000215ae90e878;  0 drivers
o00000215ae90e8a8 .functor BUFZ 1, c4<z>; HiZ drive
v00000215ae9722d0_0 .net "SBADRI4", 0 0, o00000215ae90e8a8;  0 drivers
o00000215ae90e8d8 .functor BUFZ 1, c4<z>; HiZ drive
v00000215ae970e30_0 .net "SBADRI5", 0 0, o00000215ae90e8d8;  0 drivers
o00000215ae90e908 .functor BUFZ 1, c4<z>; HiZ drive
v00000215ae972370_0 .net "SBADRI6", 0 0, o00000215ae90e908;  0 drivers
o00000215ae90e938 .functor BUFZ 1, c4<z>; HiZ drive
v00000215ae9724b0_0 .net "SBADRI7", 0 0, o00000215ae90e938;  0 drivers
o00000215ae90e968 .functor BUFZ 1, c4<z>; HiZ drive
v00000215ae9727d0_0 .net "SBCLKI", 0 0, o00000215ae90e968;  0 drivers
o00000215ae90e998 .functor BUFZ 1, c4<z>; HiZ drive
v00000215ae972870_0 .net "SBDATI0", 0 0, o00000215ae90e998;  0 drivers
o00000215ae90e9c8 .functor BUFZ 1, c4<z>; HiZ drive
v00000215ae9729b0_0 .net "SBDATI1", 0 0, o00000215ae90e9c8;  0 drivers
o00000215ae90e9f8 .functor BUFZ 1, c4<z>; HiZ drive
v00000215ae970ed0_0 .net "SBDATI2", 0 0, o00000215ae90e9f8;  0 drivers
o00000215ae90ea28 .functor BUFZ 1, c4<z>; HiZ drive
v00000215ae971510_0 .net "SBDATI3", 0 0, o00000215ae90ea28;  0 drivers
o00000215ae90ea58 .functor BUFZ 1, c4<z>; HiZ drive
v00000215ae973130_0 .net "SBDATI4", 0 0, o00000215ae90ea58;  0 drivers
o00000215ae90ea88 .functor BUFZ 1, c4<z>; HiZ drive
v00000215ae971650_0 .net "SBDATI5", 0 0, o00000215ae90ea88;  0 drivers
o00000215ae90eab8 .functor BUFZ 1, c4<z>; HiZ drive
v00000215ae970f70_0 .net "SBDATI6", 0 0, o00000215ae90eab8;  0 drivers
o00000215ae90eae8 .functor BUFZ 1, c4<z>; HiZ drive
v00000215ae970d90_0 .net "SBDATI7", 0 0, o00000215ae90eae8;  0 drivers
o00000215ae90eb18 .functor BUFZ 1, c4<z>; HiZ drive
v00000215ae973810_0 .net "SBDATO0", 0 0, o00000215ae90eb18;  0 drivers
o00000215ae90eb48 .functor BUFZ 1, c4<z>; HiZ drive
v00000215ae973590_0 .net "SBDATO1", 0 0, o00000215ae90eb48;  0 drivers
o00000215ae90eb78 .functor BUFZ 1, c4<z>; HiZ drive
v00000215ae973630_0 .net "SBDATO2", 0 0, o00000215ae90eb78;  0 drivers
o00000215ae90eba8 .functor BUFZ 1, c4<z>; HiZ drive
v00000215ae9734f0_0 .net "SBDATO3", 0 0, o00000215ae90eba8;  0 drivers
o00000215ae90ebd8 .functor BUFZ 1, c4<z>; HiZ drive
v00000215ae9736d0_0 .net "SBDATO4", 0 0, o00000215ae90ebd8;  0 drivers
o00000215ae90ec08 .functor BUFZ 1, c4<z>; HiZ drive
v00000215ae973b30_0 .net "SBDATO5", 0 0, o00000215ae90ec08;  0 drivers
o00000215ae90ec38 .functor BUFZ 1, c4<z>; HiZ drive
v00000215ae973770_0 .net "SBDATO6", 0 0, o00000215ae90ec38;  0 drivers
o00000215ae90ec68 .functor BUFZ 1, c4<z>; HiZ drive
v00000215ae9738b0_0 .net "SBDATO7", 0 0, o00000215ae90ec68;  0 drivers
o00000215ae90ec98 .functor BUFZ 1, c4<z>; HiZ drive
v00000215ae973950_0 .net "SBRWI", 0 0, o00000215ae90ec98;  0 drivers
o00000215ae90ecc8 .functor BUFZ 1, c4<z>; HiZ drive
v00000215ae9739f0_0 .net "SBSTBI", 0 0, o00000215ae90ecc8;  0 drivers
o00000215ae90ecf8 .functor BUFZ 1, c4<z>; HiZ drive
v00000215ae973a90_0 .net "SCKI", 0 0, o00000215ae90ecf8;  0 drivers
o00000215ae90ed28 .functor BUFZ 1, c4<z>; HiZ drive
v00000215ae973bd0_0 .net "SCKO", 0 0, o00000215ae90ed28;  0 drivers
o00000215ae90ed58 .functor BUFZ 1, c4<z>; HiZ drive
v00000215ae96be30_0 .net "SCKOE", 0 0, o00000215ae90ed58;  0 drivers
o00000215ae90ed88 .functor BUFZ 1, c4<z>; HiZ drive
v00000215ae96cbf0_0 .net "SCSNI", 0 0, o00000215ae90ed88;  0 drivers
o00000215ae90edb8 .functor BUFZ 1, c4<z>; HiZ drive
v00000215ae96ca10_0 .net "SI", 0 0, o00000215ae90edb8;  0 drivers
o00000215ae90ede8 .functor BUFZ 1, c4<z>; HiZ drive
v00000215ae96e450_0 .net "SO", 0 0, o00000215ae90ede8;  0 drivers
o00000215ae90ee18 .functor BUFZ 1, c4<z>; HiZ drive
v00000215ae96d7d0_0 .net "SOE", 0 0, o00000215ae90ee18;  0 drivers
o00000215ae90ee48 .functor BUFZ 1, c4<z>; HiZ drive
v00000215ae96d730_0 .net "SPIIRQ", 0 0, o00000215ae90ee48;  0 drivers
o00000215ae90ee78 .functor BUFZ 1, c4<z>; HiZ drive
v00000215ae96da50_0 .net "SPIWKUP", 0 0, o00000215ae90ee78;  0 drivers
S_00000215ae8e5d90 .scope module, "SB_SPRAM256KA" "SB_SPRAM256KA" 3 2600;
 .timescale -12 -12;
    .port_info 0 /INPUT 14 "ADDRESS";
    .port_info 1 /INPUT 16 "DATAIN";
    .port_info 2 /INPUT 4 "MASKWREN";
    .port_info 3 /INPUT 1 "WREN";
    .port_info 4 /INPUT 1 "CHIPSELECT";
    .port_info 5 /INPUT 1 "CLOCK";
    .port_info 6 /INPUT 1 "STANDBY";
    .port_info 7 /INPUT 1 "SLEEP";
    .port_info 8 /INPUT 1 "POWEROFF";
    .port_info 9 /OUTPUT 16 "DATAOUT";
o00000215ae90f8f8 .functor BUFZ 1, c4<z>; HiZ drive
L_00000215ae9bc080 .functor OR 1, o00000215ae90f8f8, L_00000215ae9d26f0, C4<0>, C4<0>;
o00000215ae90f7a8 .functor BUFZ 14, c4<zzzzzzzzzzzzzz>; HiZ drive
v00000215ae96dff0_0 .net "ADDRESS", 13 0, o00000215ae90f7a8;  0 drivers
o00000215ae90f7d8 .functor BUFZ 1, c4<z>; HiZ drive
v00000215ae96e310_0 .net "CHIPSELECT", 0 0, o00000215ae90f7d8;  0 drivers
o00000215ae90f808 .functor BUFZ 1, c4<z>; HiZ drive
v00000215ae96c3d0_0 .net "CLOCK", 0 0, o00000215ae90f808;  0 drivers
o00000215ae90f838 .functor BUFZ 16, c4<zzzzzzzzzzzzzzzz>; HiZ drive
v00000215ae96c5b0_0 .net "DATAIN", 15 0, o00000215ae90f838;  0 drivers
v00000215ae96c290_0 .var "DATAOUT", 15 0;
o00000215ae90f898 .functor BUFZ 4, c4<zzzz>; HiZ drive
v00000215ae96d370_0 .net "MASKWREN", 3 0, o00000215ae90f898;  0 drivers
o00000215ae90f8c8 .functor BUFZ 1, c4<z>; HiZ drive
v00000215ae96cfb0_0 .net "POWEROFF", 0 0, o00000215ae90f8c8;  0 drivers
v00000215ae96d870_0 .net "SLEEP", 0 0, o00000215ae90f8f8;  0 drivers
o00000215ae90f928 .functor BUFZ 1, c4<z>; HiZ drive
v00000215ae96db90_0 .net "STANDBY", 0 0, o00000215ae90f928;  0 drivers
o00000215ae90f958 .functor BUFZ 1, c4<z>; HiZ drive
v00000215ae96ce70_0 .net "WREN", 0 0, o00000215ae90f958;  0 drivers
v00000215ae96e090_0 .net *"_ivl_1", 0 0, L_00000215ae9d26f0;  1 drivers
v00000215ae96df50_0 .var/i "i", 31 0;
v00000215ae96daf0 .array "mem", 16383 0, 15 0;
v00000215ae96cb50_0 .net "off", 0 0, L_00000215ae9bc080;  1 drivers
E_00000215ae8d1580 .event posedge, v00000215ae96cb50_0, v00000215ae96c3d0_0;
E_00000215ae8d0d80 .event negedge, v00000215ae96cfb0_0;
L_00000215ae9d26f0 .reduce/nor o00000215ae90f8c8;
S_00000215ae8e5f20 .scope module, "SB_WARMBOOT" "SB_WARMBOOT" 3 2593;
 .timescale -12 -12;
    .port_info 0 /INPUT 1 "BOOT";
    .port_info 1 /INPUT 1 "S1";
    .port_info 2 /INPUT 1 "S0";
o00000215ae90fbf8 .functor BUFZ 1, c4<z>; HiZ drive
v00000215ae96c8d0_0 .net "BOOT", 0 0, o00000215ae90fbf8;  0 drivers
o00000215ae90fc28 .functor BUFZ 1, c4<z>; HiZ drive
v00000215ae96d410_0 .net "S0", 0 0, o00000215ae90fc28;  0 drivers
o00000215ae90fc58 .functor BUFZ 1, c4<z>; HiZ drive
v00000215ae96d690_0 .net "S1", 0 0, o00000215ae90fc58;  0 drivers
S_00000215ae8e6d30 .scope module, "ex7_top" "ex7_top" 4 3;
 .timescale -12 -12;
    .port_info 0 /OUTPUT 1 "LED_B";
L_00000215ae974878 .functor BUFT 1, C4<1>, C4<0>, C4<0>, C4<0>;
v00000215ae96d050_0 .net "LED_B", 0 0, L_00000215ae974878;  1 drivers
S_00000215ae8e5430 .scope module, "vector_matching_tb" "vector_matching_tb" 5 16;
 .timescale -9 -12;
P_00000215ae8d0040 .param/l "VEC_LEN" 1 5 19, +C4<00000000000000000000000001100100>;
v00000215ae96d230_0 .var "clk", 0 0;
v00000215ae96e1d0_0 .var/s "din", 7 0;
v00000215ae96dc30_0 .var/i "errors", 31 0;
v00000215ae96d910_0 .var/i "i", 31 0;
v00000215ae96e3b0_0 .var "rst", 0 0;
v00000215ae96d9b0 .array "stimuli", 99 0, 7 0;
E_00000215ae8d1b80 .event posedge, v00000215ae96d230_0;
    .scope S_00000215ae71b220;
T_2 ;
    %pushi/vec4 0, 0, 1;
    %store/vec4 v00000215ae8f9b30_0, 0, 1;
    %pushi/vec4 0, 0, 1;
    %store/vec4 v00000215ae8f8c30_0, 0, 1;
    %end;
    .thread T_2, $init;
    .scope S_00000215ae71b220;
T_3 ;
    %wait E_00000215ae8d0180;
    %load/vec4 v00000215ae895ce0_0;
    %flag_set/vec4 8;
    %jmp/0xz  T_3.0, 8;
    %load/vec4 v00000215ae896280_0;
    %flag_set/vec4 8;
    %jmp/0 T_3.2, 8;
    %pushi/vec4 0, 0, 1;
    %jmp/1 T_3.3, 8;
T_3.2 ; End of true expr.
    %load/vec4 v00000215ae8f8f50_0;
    %jmp/0 T_3.3, 8;
 ; End of false expr.
    %blend;
T_3.3;
    %assign/vec4 v00000215ae8f9b30_0, 0;
T_3.0 ;
    %jmp T_3;
    .thread T_3;
    .scope S_00000215ae71b220;
T_4 ;
    %wait E_00000215ae8d0780;
    %load/vec4 v00000215ae896280_0;
    %flag_set/vec4 8;
    %jmp/0xz  T_4.0, 8;
    %pushi/vec4 0, 0, 1;
    %assign/vec4 v00000215ae8f8c30_0, 0;
    %jmp T_4.1;
T_4.0 ;
    %load/vec4 v00000215ae895ce0_0;
    %flag_set/vec4 8;
    %jmp/0xz  T_4.2, 8;
    %load/vec4 v00000215ae8f8f50_0;
    %assign/vec4 v00000215ae8f8c30_0, 0;
T_4.2 ;
T_4.1 ;
    %jmp T_4;
    .thread T_4;
    .scope S_00000215ae8e6ec0;
T_5 ;
    %pushi/vec4 0, 0, 32;
    %store/vec4 v00000215ae8fa3f0_0, 0, 32;
T_5.0 ; Top of for-loop
    %load/vec4 v00000215ae8fa3f0_0;
    %cmpi/s 16, 0, 32;
	  %jmp/0xz T_5.1, 5;
    %pushi/vec4 0, 0, 256;
    %load/vec4 v00000215ae8fa3f0_0;
    %muli 16, 0, 32;
    %part/s 16;
    %pushi/vec4 0, 0, 32;
    %load/vec4 v00000215ae8fa3f0_0;
    %add;
    %ix/vec4/s 4;
    %store/vec4a v00000215ae8f99f0, 4, 0;
    %pushi/vec4 0, 0, 256;
    %load/vec4 v00000215ae8fa3f0_0;
    %muli 16, 0, 32;
    %part/s 16;
    %pushi/vec4 16, 0, 32;
    %load/vec4 v00000215ae8fa3f0_0;
    %add;
    %ix/vec4/s 4;
    %store/vec4a v00000215ae8f99f0, 4, 0;
    %pushi/vec4 0, 0, 256;
    %load/vec4 v00000215ae8fa3f0_0;
    %muli 16, 0, 32;
    %part/s 16;
    %pushi/vec4 32, 0, 32;
    %load/vec4 v00000215ae8fa3f0_0;
    %add;
    %ix/vec4/s 4;
    %store/vec4a v00000215ae8f99f0, 4, 0;
    %pushi/vec4 0, 0, 256;
    %load/vec4 v00000215ae8fa3f0_0;
    %muli 16, 0, 32;
    %part/s 16;
    %pushi/vec4 48, 0, 32;
    %load/vec4 v00000215ae8fa3f0_0;
    %add;
    %ix/vec4/s 4;
    %store/vec4a v00000215ae8f99f0, 4, 0;
    %pushi/vec4 0, 0, 256;
    %load/vec4 v00000215ae8fa3f0_0;
    %muli 16, 0, 32;
    %part/s 16;
    %pushi/vec4 64, 0, 32;
    %load/vec4 v00000215ae8fa3f0_0;
    %add;
    %ix/vec4/s 4;
    %store/vec4a v00000215ae8f99f0, 4, 0;
    %pushi/vec4 0, 0, 256;
    %load/vec4 v00000215ae8fa3f0_0;
    %muli 16, 0, 32;
    %part/s 16;
    %pushi/vec4 80, 0, 32;
    %load/vec4 v00000215ae8fa3f0_0;
    %add;
    %ix/vec4/s 4;
    %store/vec4a v00000215ae8f99f0, 4, 0;
    %pushi/vec4 0, 0, 256;
    %load/vec4 v00000215ae8fa3f0_0;
    %muli 16, 0, 32;
    %part/s 16;
    %pushi/vec4 96, 0, 32;
    %load/vec4 v00000215ae8fa3f0_0;
    %add;
    %ix/vec4/s 4;
    %store/vec4a v00000215ae8f99f0, 4, 0;
    %pushi/vec4 0, 0, 256;
    %load/vec4 v00000215ae8fa3f0_0;
    %muli 16, 0, 32;
    %part/s 16;
    %pushi/vec4 112, 0, 32;
    %load/vec4 v00000215ae8fa3f0_0;
    %add;
    %ix/vec4/s 4;
    %store/vec4a v00000215ae8f99f0, 4, 0;
    %pushi/vec4 0, 0, 256;
    %load/vec4 v00000215ae8fa3f0_0;
    %muli 16, 0, 32;
    %part/s 16;
    %pushi/vec4 128, 0, 32;
    %load/vec4 v00000215ae8fa3f0_0;
    %add;
    %ix/vec4/s 4;
    %store/vec4a v00000215ae8f99f0, 4, 0;
    %pushi/vec4 0, 0, 256;
    %load/vec4 v00000215ae8fa3f0_0;
    %muli 16, 0, 32;
    %part/s 16;
    %pushi/vec4 144, 0, 32;
    %load/vec4 v00000215ae8fa3f0_0;
    %add;
    %ix/vec4/s 4;
    %store/vec4a v00000215ae8f99f0, 4, 0;
    %pushi/vec4 0, 0, 256;
    %load/vec4 v00000215ae8fa3f0_0;
    %muli 16, 0, 32;
    %part/s 16;
    %pushi/vec4 160, 0, 32;
    %load/vec4 v00000215ae8fa3f0_0;
    %add;
    %ix/vec4/s 4;
    %store/vec4a v00000215ae8f99f0, 4, 0;
    %pushi/vec4 0, 0, 256;
    %load/vec4 v00000215ae8fa3f0_0;
    %muli 16, 0, 32;
    %part/s 16;
    %pushi/vec4 176, 0, 32;
    %load/vec4 v00000215ae8fa3f0_0;
    %add;
    %ix/vec4/s 4;
    %store/vec4a v00000215ae8f99f0, 4, 0;
    %pushi/vec4 0, 0, 256;
    %load/vec4 v00000215ae8fa3f0_0;
    %muli 16, 0, 32;
    %part/s 16;
    %pushi/vec4 192, 0, 32;
    %load/vec4 v00000215ae8fa3f0_0;
    %add;
    %ix/vec4/s 4;
    %store/vec4a v00000215ae8f99f0, 4, 0;
    %pushi/vec4 0, 0, 256;
    %load/vec4 v00000215ae8fa3f0_0;
    %muli 16, 0, 32;
    %part/s 16;
    %pushi/vec4 208, 0, 32;
    %load/vec4 v00000215ae8fa3f0_0;
    %add;
    %ix/vec4/s 4;
    %store/vec4a v00000215ae8f99f0, 4, 0;
    %pushi/vec4 0, 0, 256;
    %load/vec4 v00000215ae8fa3f0_0;
    %muli 16, 0, 32;
    %part/s 16;
    %pushi/vec4 224, 0, 32;
    %load/vec4 v00000215ae8fa3f0_0;
    %add;
    %ix/vec4/s 4;
    %store/vec4a v00000215ae8f99f0, 4, 0;
    %pushi/vec4 0, 0, 256;
    %load/vec4 v00000215ae8fa3f0_0;
    %muli 16, 0, 32;
    %part/s 16;
    %pushi/vec4 240, 0, 32;
    %load/vec4 v00000215ae8fa3f0_0;
    %add;
    %ix/vec4/s 4;
    %store/vec4a v00000215ae8f99f0, 4, 0;
T_5.2 ; for-loop step statement
    %load/vec4 v00000215ae8fa3f0_0;
    %addi 1, 0, 32;
    %store/vec4 v00000215ae8fa3f0_0, 0, 32;
    %jmp T_5.0;
T_5.1 ; for-loop exit label
    %end;
    .thread T_5;
    .scope S_00000215ae8e6ec0;
T_6 ;
    %wait E_00000215ae8cfe80;
    %load/vec4 v00000215ae8f8870_0;
    %flag_set/vec4 9;
    %flag_get/vec4 9;
    %jmp/0 T_6.2, 9;
    %load/vec4 v00000215ae8fa2b0_0;
    %and;
T_6.2;
    %flag_set/vec4 8;
    %jmp/0xz  T_6.0, 8;
    %load/vec4 v00000215ae8fa350_0;
    %parti/s 1, 0, 2;
    %nor/r;
    %flag_set/vec4 8;
    %jmp/0xz  T_6.3, 8;
    %load/vec4 v00000215ae8f8a50_0;
    %parti/s 1, 0, 2;
    %load/vec4 v00000215ae8f85f0_0;
    %parti/s 8, 0, 2;
    %pad/u 10;
    %ix/vec4 3;
    %ix/load 4, 0, 0; Constant delay
    %assign/vec4/a/d v00000215ae8f99f0, 0, 4;
T_6.3 ;
    %load/vec4 v00000215ae8fa350_0;
    %parti/s 1, 1, 2;
    %nor/r;
    %flag_set/vec4 8;
    %jmp/0xz  T_6.5, 8;
    %load/vec4 v00000215ae8f8a50_0;
    %parti/s 1, 1, 2;
    %load/vec4 v00000215ae8f85f0_0;
    %parti/s 8, 0, 2;
    %pad/u 10;
    %ix/vec4 3;
    %ix/load 4, 1, 0; part off
    %ix/load 5, 0, 0; Constant delay
    %assign/vec4/a/d v00000215ae8f99f0, 4, 5;
T_6.5 ;
    %load/vec4 v00000215ae8fa350_0;
    %parti/s 1, 2, 3;
    %nor/r;
    %flag_set/vec4 8;
    %jmp/0xz  T_6.7, 8;
    %load/vec4 v00000215ae8f8a50_0;
    %parti/s 1, 2, 3;
    %load/vec4 v00000215ae8f85f0_0;
    %parti/s 8, 0, 2;
    %pad/u 10;
    %ix/vec4 3;
    %ix/load 4, 2, 0; part off
    %ix/load 5, 0, 0; Constant delay
    %assign/vec4/a/d v00000215ae8f99f0, 4, 5;
T_6.7 ;
    %load/vec4 v00000215ae8fa350_0;
    %parti/s 1, 3, 3;
    %nor/r;
    %flag_set/vec4 8;
    %jmp/0xz  T_6.9, 8;
    %load/vec4 v00000215ae8f8a50_0;
    %parti/s 1, 3, 3;
    %load/vec4 v00000215ae8f85f0_0;
    %parti/s 8, 0, 2;
    %pad/u 10;
    %ix/vec4 3;
    %ix/load 4, 3, 0; part off
    %ix/load 5, 0, 0; Constant delay
    %assign/vec4/a/d v00000215ae8f99f0, 4, 5;
T_6.9 ;
    %load/vec4 v00000215ae8fa350_0;
    %parti/s 1, 4, 4;
    %nor/r;
    %flag_set/vec4 8;
    %jmp/0xz  T_6.11, 8;
    %load/vec4 v00000215ae8f8a50_0;
    %parti/s 1, 4, 4;
    %load/vec4 v00000215ae8f85f0_0;
    %parti/s 8, 0, 2;
    %pad/u 10;
    %ix/vec4 3;
    %ix/load 4, 4, 0; part off
    %ix/load 5, 0, 0; Constant delay
    %assign/vec4/a/d v00000215ae8f99f0, 4, 5;
T_6.11 ;
    %load/vec4 v00000215ae8fa350_0;
    %parti/s 1, 5, 4;
    %nor/r;
    %flag_set/vec4 8;
    %jmp/0xz  T_6.13, 8;
    %load/vec4 v00000215ae8f8a50_0;
    %parti/s 1, 5, 4;
    %load/vec4 v00000215ae8f85f0_0;
    %parti/s 8, 0, 2;
    %pad/u 10;
    %ix/vec4 3;
    %ix/load 4, 5, 0; part off
    %ix/load 5, 0, 0; Constant delay
    %assign/vec4/a/d v00000215ae8f99f0, 4, 5;
T_6.13 ;
    %load/vec4 v00000215ae8fa350_0;
    %parti/s 1, 6, 4;
    %nor/r;
    %flag_set/vec4 8;
    %jmp/0xz  T_6.15, 8;
    %load/vec4 v00000215ae8f8a50_0;
    %parti/s 1, 6, 4;
    %load/vec4 v00000215ae8f85f0_0;
    %parti/s 8, 0, 2;
    %pad/u 10;
    %ix/vec4 3;
    %ix/load 4, 6, 0; part off
    %ix/load 5, 0, 0; Constant delay
    %assign/vec4/a/d v00000215ae8f99f0, 4, 5;
T_6.15 ;
    %load/vec4 v00000215ae8fa350_0;
    %parti/s 1, 7, 4;
    %nor/r;
    %flag_set/vec4 8;
    %jmp/0xz  T_6.17, 8;
    %load/vec4 v00000215ae8f8a50_0;
    %parti/s 1, 7, 4;
    %load/vec4 v00000215ae8f85f0_0;
    %parti/s 8, 0, 2;
    %pad/u 10;
    %ix/vec4 3;
    %ix/load 4, 7, 0; part off
    %ix/load 5, 0, 0; Constant delay
    %assign/vec4/a/d v00000215ae8f99f0, 4, 5;
T_6.17 ;
    %load/vec4 v00000215ae8fa350_0;
    %parti/s 1, 8, 5;
    %nor/r;
    %flag_set/vec4 8;
    %jmp/0xz  T_6.19, 8;
    %load/vec4 v00000215ae8f8a50_0;
    %parti/s 1, 8, 5;
    %load/vec4 v00000215ae8f85f0_0;
    %parti/s 8, 0, 2;
    %pad/u 10;
    %ix/vec4 3;
    %ix/load 4, 8, 0; part off
    %ix/load 5, 0, 0; Constant delay
    %assign/vec4/a/d v00000215ae8f99f0, 4, 5;
T_6.19 ;
    %load/vec4 v00000215ae8fa350_0;
    %parti/s 1, 9, 5;
    %nor/r;
    %flag_set/vec4 8;
    %jmp/0xz  T_6.21, 8;
    %load/vec4 v00000215ae8f8a50_0;
    %parti/s 1, 9, 5;
    %load/vec4 v00000215ae8f85f0_0;
    %parti/s 8, 0, 2;
    %pad/u 10;
    %ix/vec4 3;
    %ix/load 4, 9, 0; part off
    %ix/load 5, 0, 0; Constant delay
    %assign/vec4/a/d v00000215ae8f99f0, 4, 5;
T_6.21 ;
    %load/vec4 v00000215ae8fa350_0;
    %parti/s 1, 10, 5;
    %nor/r;
    %flag_set/vec4 8;
    %jmp/0xz  T_6.23, 8;
    %load/vec4 v00000215ae8f8a50_0;
    %parti/s 1, 10, 5;
    %load/vec4 v00000215ae8f85f0_0;
    %parti/s 8, 0, 2;
    %pad/u 10;
    %ix/vec4 3;
    %ix/load 4, 10, 0; part off
    %ix/load 5, 0, 0; Constant delay
    %assign/vec4/a/d v00000215ae8f99f0, 4, 5;
T_6.23 ;
    %load/vec4 v00000215ae8fa350_0;
    %parti/s 1, 11, 5;
    %nor/r;
    %flag_set/vec4 8;
    %jmp/0xz  T_6.25, 8;
    %load/vec4 v00000215ae8f8a50_0;
    %parti/s 1, 11, 5;
    %load/vec4 v00000215ae8f85f0_0;
    %parti/s 8, 0, 2;
    %pad/u 10;
    %ix/vec4 3;
    %ix/load 4, 11, 0; part off
    %ix/load 5, 0, 0; Constant delay
    %assign/vec4/a/d v00000215ae8f99f0, 4, 5;
T_6.25 ;
    %load/vec4 v00000215ae8fa350_0;
    %parti/s 1, 12, 5;
    %nor/r;
    %flag_set/vec4 8;
    %jmp/0xz  T_6.27, 8;
    %load/vec4 v00000215ae8f8a50_0;
    %parti/s 1, 12, 5;
    %load/vec4 v00000215ae8f85f0_0;
    %parti/s 8, 0, 2;
    %pad/u 10;
    %ix/vec4 3;
    %ix/load 4, 12, 0; part off
    %ix/load 5, 0, 0; Constant delay
    %assign/vec4/a/d v00000215ae8f99f0, 4, 5;
T_6.27 ;
    %load/vec4 v00000215ae8fa350_0;
    %parti/s 1, 13, 5;
    %nor/r;
    %flag_set/vec4 8;
    %jmp/0xz  T_6.29, 8;
    %load/vec4 v00000215ae8f8a50_0;
    %parti/s 1, 13, 5;
    %load/vec4 v00000215ae8f85f0_0;
    %parti/s 8, 0, 2;
    %pad/u 10;
    %ix/vec4 3;
    %ix/load 4, 13, 0; part off
    %ix/load 5, 0, 0; Constant delay
    %assign/vec4/a/d v00000215ae8f99f0, 4, 5;
T_6.29 ;
    %load/vec4 v00000215ae8fa350_0;
    %parti/s 1, 14, 5;
    %nor/r;
    %flag_set/vec4 8;
    %jmp/0xz  T_6.31, 8;
    %load/vec4 v00000215ae8f8a50_0;
    %parti/s 1, 14, 5;
    %load/vec4 v00000215ae8f85f0_0;
    %parti/s 8, 0, 2;
    %pad/u 10;
    %ix/vec4 3;
    %ix/load 4, 14, 0; part off
    %ix/load 5, 0, 0; Constant delay
    %assign/vec4/a/d v00000215ae8f99f0, 4, 5;
T_6.31 ;
    %load/vec4 v00000215ae8fa350_0;
    %parti/s 1, 15, 5;
    %nor/r;
    %flag_set/vec4 8;
    %jmp/0xz  T_6.33, 8;
    %load/vec4 v00000215ae8f8a50_0;
    %parti/s 1, 15, 5;
    %load/vec4 v00000215ae8f85f0_0;
    %parti/s 8, 0, 2;
    %pad/u 10;
    %ix/vec4 3;
    %ix/load 4, 15, 0; part off
    %ix/load 5, 0, 0; Constant delay
    %assign/vec4/a/d v00000215ae8f99f0, 4, 5;
T_6.33 ;
T_6.0 ;
    %jmp T_6;
    .thread T_6;
    .scope S_00000215ae8e6ec0;
T_7 ;
    %wait E_00000215ae8d0700;
    %load/vec4 v00000215ae8fa170_0;
    %flag_set/vec4 9;
    %flag_get/vec4 9;
    %jmp/0 T_7.2, 9;
    %load/vec4 v00000215ae8f8730_0;
    %and;
T_7.2;
    %flag_set/vec4 8;
    %jmp/0xz  T_7.0, 8;
    %load/vec4 v00000215ae8f9db0_0;
    %parti/s 8, 0, 2;
    %pad/u 10;
    %ix/vec4 4;
    %load/vec4a v00000215ae8f99f0, 4;
    %load/vec4 v00000215ae8f89b0_0;
    %inv;
    %and;
    %assign/vec4 v00000215ae8f9e50_0, 0;
T_7.0 ;
    %jmp T_7;
    .thread T_7;
    .scope S_00000215ae616010;
T_8 ;
    %pushi/vec4 0, 0, 1;
    %store/vec4 v00000215ae944270_0, 0, 1;
    %end;
    .thread T_8;
    .scope S_00000215ae616010;
T_9 ;
    %wait E_00000215ae8cfc80;
    %load/vec4 v00000215ae943410_0;
    %assign/vec4 v00000215ae944270_0, 0;
    %jmp T_9;
    .thread T_9;
    .scope S_00000215ae6161a0;
T_10 ;
    %pushi/vec4 0, 0, 1;
    %store/vec4 v00000215ae944d10_0, 0, 1;
    %end;
    .thread T_10;
    .scope S_00000215ae6161a0;
T_11 ;
    %wait E_00000215ae8d0740;
    %load/vec4 v00000215ae944450_0;
    %flag_set/vec4 8;
    %jmp/0xz  T_11.0, 8;
    %load/vec4 v00000215ae942fb0_0;
    %assign/vec4 v00000215ae944d10_0, 0;
T_11.0 ;
    %jmp T_11;
    .thread T_11;
    .scope S_00000215ae616330;
T_12 ;
    %pushi/vec4 0, 0, 1;
    %store/vec4 v00000215ae943870_0, 0, 1;
    %end;
    .thread T_12;
    .scope S_00000215ae616330;
T_13 ;
    %wait E_00000215ae8cfec0;
    %load/vec4 v00000215ae944950_0;
    %flag_set/vec4 8;
    %jmp/0xz  T_13.0, 8;
    %pushi/vec4 0, 0, 1;
    %assign/vec4 v00000215ae943870_0, 0;
    %jmp T_13.1;
T_13.0 ;
    %load/vec4 v00000215ae9434b0_0;
    %flag_set/vec4 8;
    %jmp/0xz  T_13.2, 8;
    %load/vec4 v00000215ae944630_0;
    %assign/vec4 v00000215ae943870_0, 0;
T_13.2 ;
T_13.1 ;
    %jmp T_13;
    .thread T_13;
    .scope S_00000215ae61b020;
T_14 ;
    %pushi/vec4 0, 0, 1;
    %store/vec4 v00000215ae943550_0, 0, 1;
    %end;
    .thread T_14;
    .scope S_00000215ae61b020;
T_15 ;
    %wait E_00000215ae8d07c0;
    %load/vec4 v00000215ae943690_0;
    %flag_set/vec4 8;
    %jmp/0xz  T_15.0, 8;
    %pushi/vec4 1, 0, 1;
    %assign/vec4 v00000215ae943550_0, 0;
    %jmp T_15.1;
T_15.0 ;
    %load/vec4 v00000215ae943370_0;
    %flag_set/vec4 8;
    %jmp/0xz  T_15.2, 8;
    %load/vec4 v00000215ae9450d0_0;
    %assign/vec4 v00000215ae943550_0, 0;
T_15.2 ;
T_15.1 ;
    %jmp T_15;
    .thread T_15;
    .scope S_00000215ae61b1b0;
T_16 ;
    %pushi/vec4 0, 0, 1;
    %store/vec4 v00000215ae94a6a0_0, 0, 1;
    %end;
    .thread T_16;
    .scope S_00000215ae61b1b0;
T_17 ;
    %wait E_00000215ae8d01c0;
    %load/vec4 v00000215ae94a740_0;
    %flag_set/vec4 8;
    %jmp/0xz  T_17.0, 8;
    %load/vec4 v00000215ae94ab00_0;
    %flag_set/vec4 8;
    %jmp/0xz  T_17.2, 8;
    %pushi/vec4 0, 0, 1;
    %assign/vec4 v00000215ae94a6a0_0, 0;
    %jmp T_17.3;
T_17.2 ;
    %load/vec4 v00000215ae9437d0_0;
    %assign/vec4 v00000215ae94a6a0_0, 0;
T_17.3 ;
T_17.0 ;
    %jmp T_17;
    .thread T_17;
    .scope S_00000215ae61b340;
T_18 ;
    %pushi/vec4 0, 0, 1;
    %store/vec4 v00000215ae94aba0_0, 0, 1;
    %end;
    .thread T_18;
    .scope S_00000215ae61b340;
T_19 ;
    %wait E_00000215ae8d0a40;
    %load/vec4 v00000215ae94a7e0_0;
    %flag_set/vec4 8;
    %jmp/0xz  T_19.0, 8;
    %load/vec4 v00000215ae94b000_0;
    %flag_set/vec4 8;
    %jmp/0xz  T_19.2, 8;
    %pushi/vec4 1, 0, 1;
    %assign/vec4 v00000215ae94aba0_0, 0;
    %jmp T_19.3;
T_19.2 ;
    %load/vec4 v00000215ae94a240_0;
    %assign/vec4 v00000215ae94aba0_0, 0;
T_19.3 ;
T_19.0 ;
    %jmp T_19;
    .thread T_19;
    .scope S_00000215ae626e90;
T_20 ;
    %pushi/vec4 0, 0, 1;
    %store/vec4 v00000215ae94ae20_0, 0, 1;
    %end;
    .thread T_20;
    .scope S_00000215ae626e90;
T_21 ;
    %wait E_00000215ae8d0880;
    %load/vec4 v00000215ae94ad80_0;
    %assign/vec4 v00000215ae94ae20_0, 0;
    %jmp T_21;
    .thread T_21;
    .scope S_00000215ae627020;
T_22 ;
    %pushi/vec4 0, 0, 1;
    %store/vec4 v00000215ae94aec0_0, 0, 1;
    %end;
    .thread T_22;
    .scope S_00000215ae627020;
T_23 ;
    %wait E_00000215ae8d0a00;
    %load/vec4 v00000215ae94b0a0_0;
    %flag_set/vec4 8;
    %jmp/0xz  T_23.0, 8;
    %load/vec4 v00000215ae94a2e0_0;
    %assign/vec4 v00000215ae94aec0_0, 0;
T_23.0 ;
    %jmp T_23;
    .thread T_23;
    .scope S_00000215ae6271b0;
T_24 ;
    %pushi/vec4 0, 0, 1;
    %store/vec4 v00000215ae949e80_0, 0, 1;
    %end;
    .thread T_24;
    .scope S_00000215ae6271b0;
T_25 ;
    %wait E_00000215ae8cfd00;
    %load/vec4 v00000215ae949c00_0;
    %flag_set/vec4 8;
    %jmp/0xz  T_25.0, 8;
    %pushi/vec4 0, 0, 1;
    %assign/vec4 v00000215ae949e80_0, 0;
    %jmp T_25.1;
T_25.0 ;
    %load/vec4 v00000215ae94af60_0;
    %flag_set/vec4 8;
    %jmp/0xz  T_25.2, 8;
    %load/vec4 v00000215ae94ac40_0;
    %assign/vec4 v00000215ae949e80_0, 0;
T_25.2 ;
T_25.1 ;
    %jmp T_25;
    .thread T_25;
    .scope S_00000215ae6224c0;
T_26 ;
    %pushi/vec4 0, 0, 1;
    %store/vec4 v00000215ae94aa60_0, 0, 1;
    %end;
    .thread T_26;
    .scope S_00000215ae6224c0;
T_27 ;
    %wait E_00000215ae8cfd40;
    %load/vec4 v00000215ae94a380_0;
    %flag_set/vec4 8;
    %jmp/0xz  T_27.0, 8;
    %pushi/vec4 1, 0, 1;
    %assign/vec4 v00000215ae94aa60_0, 0;
    %jmp T_27.1;
T_27.0 ;
    %load/vec4 v00000215ae94a9c0_0;
    %flag_set/vec4 8;
    %jmp/0xz  T_27.2, 8;
    %load/vec4 v00000215ae94b1e0_0;
    %assign/vec4 v00000215ae94aa60_0, 0;
T_27.2 ;
T_27.1 ;
    %jmp T_27;
    .thread T_27;
    .scope S_00000215ae8df610;
T_28 ;
    %pushi/vec4 0, 0, 1;
    %store/vec4 v00000215ae94a4c0_0, 0, 1;
    %end;
    .thread T_28;
    .scope S_00000215ae8df610;
T_29 ;
    %wait E_00000215ae8d0200;
    %load/vec4 v00000215ae949d40_0;
    %flag_set/vec4 8;
    %jmp/0xz  T_29.0, 8;
    %load/vec4 v00000215ae949de0_0;
    %flag_set/vec4 8;
    %jmp/0xz  T_29.2, 8;
    %pushi/vec4 0, 0, 1;
    %assign/vec4 v00000215ae94a4c0_0, 0;
    %jmp T_29.3;
T_29.2 ;
    %load/vec4 v00000215ae949ca0_0;
    %assign/vec4 v00000215ae94a4c0_0, 0;
T_29.3 ;
T_29.0 ;
    %jmp T_29;
    .thread T_29;
    .scope S_00000215ae8dfac0;
T_30 ;
    %pushi/vec4 0, 0, 1;
    %store/vec4 v00000215ae94a060_0, 0, 1;
    %end;
    .thread T_30;
    .scope S_00000215ae8dfac0;
T_31 ;
    %wait E_00000215ae8d0240;
    %load/vec4 v00000215ae94a420_0;
    %flag_set/vec4 8;
    %jmp/0xz  T_31.0, 8;
    %load/vec4 v00000215ae94a1a0_0;
    %flag_set/vec4 8;
    %jmp/0xz  T_31.2, 8;
    %pushi/vec4 1, 0, 1;
    %assign/vec4 v00000215ae94a060_0, 0;
    %jmp T_31.3;
T_31.2 ;
    %load/vec4 v00000215ae949fc0_0;
    %assign/vec4 v00000215ae94a060_0, 0;
T_31.3 ;
T_31.0 ;
    %jmp T_31;
    .thread T_31;
    .scope S_00000215ae8e0100;
T_32 ;
    %pushi/vec4 0, 0, 1;
    %store/vec4 v00000215ae949700_0, 0, 1;
    %end;
    .thread T_32;
    .scope S_00000215ae8e0100;
T_33 ;
    %wait E_00000215ae8d0a80;
    %load/vec4 v00000215ae948b20_0;
    %flag_set/vec4 8;
    %jmp/0xz  T_33.0, 8;
    %pushi/vec4 0, 0, 1;
    %assign/vec4 v00000215ae949700_0, 0;
    %jmp T_33.1;
T_33.0 ;
    %load/vec4 v00000215ae94a600_0;
    %assign/vec4 v00000215ae949700_0, 0;
T_33.1 ;
    %jmp T_33;
    .thread T_33;
    .scope S_00000215ae8e0290;
T_34 ;
    %pushi/vec4 0, 0, 1;
    %store/vec4 v00000215ae949520_0, 0, 1;
    %end;
    .thread T_34;
    .scope S_00000215ae8e0290;
T_35 ;
    %wait E_00000215ae8d02c0;
    %load/vec4 v00000215ae948940_0;
    %flag_set/vec4 8;
    %jmp/0xz  T_35.0, 8;
    %pushi/vec4 1, 0, 1;
    %assign/vec4 v00000215ae949520_0, 0;
    %jmp T_35.1;
T_35.0 ;
    %load/vec4 v00000215ae9484e0_0;
    %assign/vec4 v00000215ae949520_0, 0;
T_35.1 ;
    %jmp T_35;
    .thread T_35;
    .scope S_00000215ae8df480;
T_36 ;
    %pushi/vec4 0, 0, 1;
    %store/vec4 v00000215ae9475e0_0, 0, 1;
    %end;
    .thread T_36;
    .scope S_00000215ae8df480;
T_37 ;
    %wait E_00000215ae8d0280;
    %load/vec4 v00000215ae948ee0_0;
    %flag_set/vec4 8;
    %jmp/0xz  T_37.0, 8;
    %pushi/vec4 0, 0, 1;
    %assign/vec4 v00000215ae9475e0_0, 0;
    %jmp T_37.1;
T_37.0 ;
    %load/vec4 v00000215ae9488a0_0;
    %assign/vec4 v00000215ae9475e0_0, 0;
T_37.1 ;
    %jmp T_37;
    .thread T_37;
    .scope S_00000215ae8df7a0;
T_38 ;
    %pushi/vec4 0, 0, 1;
    %store/vec4 v00000215ae948580_0, 0, 1;
    %end;
    .thread T_38;
    .scope S_00000215ae8df7a0;
T_39 ;
    %wait E_00000215ae8d0300;
    %load/vec4 v00000215ae948a80_0;
    %flag_set/vec4 8;
    %jmp/0xz  T_39.0, 8;
    %pushi/vec4 1, 0, 1;
    %assign/vec4 v00000215ae948580_0, 0;
    %jmp T_39.1;
T_39.0 ;
    %load/vec4 v00000215ae948440_0;
    %assign/vec4 v00000215ae948580_0, 0;
T_39.1 ;
    %jmp T_39;
    .thread T_39;
    .scope S_00000215ae8df930;
T_40 ;
    %pushi/vec4 0, 0, 1;
    %store/vec4 v00000215ae948bc0_0, 0, 1;
    %end;
    .thread T_40;
    .scope S_00000215ae8df930;
T_41 ;
    %wait E_00000215ae8d0340;
    %load/vec4 v00000215ae948c60_0;
    %flag_set/vec4 8;
    %jmp/0xz  T_41.0, 8;
    %pushi/vec4 0, 0, 1;
    %assign/vec4 v00000215ae948bc0_0, 0;
    %jmp T_41.1;
T_41.0 ;
    %load/vec4 v00000215ae9489e0_0;
    %assign/vec4 v00000215ae948bc0_0, 0;
T_41.1 ;
    %jmp T_41;
    .thread T_41;
    .scope S_00000215ae8dff70;
T_42 ;
    %pushi/vec4 0, 0, 1;
    %store/vec4 v00000215ae949980_0, 0, 1;
    %end;
    .thread T_42;
    .scope S_00000215ae8dff70;
T_43 ;
    %wait E_00000215ae8d1640;
    %load/vec4 v00000215ae9479a0_0;
    %flag_set/vec4 8;
    %jmp/0xz  T_43.0, 8;
    %pushi/vec4 1, 0, 1;
    %assign/vec4 v00000215ae949980_0, 0;
    %jmp T_43.1;
T_43.0 ;
    %load/vec4 v00000215ae947b80_0;
    %assign/vec4 v00000215ae949980_0, 0;
T_43.1 ;
    %jmp T_43;
    .thread T_43;
    .scope S_00000215ae8dfc50;
T_44 ;
    %pushi/vec4 0, 0, 1;
    %store/vec4 v00000215ae948620_0, 0, 1;
    %end;
    .thread T_44;
    .scope S_00000215ae8dfc50;
T_45 ;
    %wait E_00000215ae8d10c0;
    %load/vec4 v00000215ae9497a0_0;
    %flag_set/vec4 8;
    %jmp/0xz  T_45.0, 8;
    %pushi/vec4 0, 0, 1;
    %assign/vec4 v00000215ae948620_0, 0;
    %jmp T_45.1;
T_45.0 ;
    %load/vec4 v00000215ae949a20_0;
    %assign/vec4 v00000215ae948620_0, 0;
T_45.1 ;
    %jmp T_45;
    .thread T_45;
    .scope S_00000215ae8dfde0;
T_46 ;
    %pushi/vec4 0, 0, 1;
    %store/vec4 v00000215ae947f40_0, 0, 1;
    %end;
    .thread T_46;
    .scope S_00000215ae8dfde0;
T_47 ;
    %wait E_00000215ae8d15c0;
    %load/vec4 v00000215ae948d00_0;
    %flag_set/vec4 8;
    %jmp/0xz  T_47.0, 8;
    %pushi/vec4 1, 0, 1;
    %assign/vec4 v00000215ae947f40_0, 0;
    %jmp T_47.1;
T_47.0 ;
    %load/vec4 v00000215ae949160_0;
    %assign/vec4 v00000215ae947f40_0, 0;
T_47.1 ;
    %jmp T_47;
    .thread T_47;
    .scope S_00000215ae8e60b0;
T_48 ;
    %wait E_00000215ae8d1180;
    %load/vec4 v00000215ae947e00_0;
    %assign/vec4 v00000215ae9492a0_0, 0;
    %jmp T_48;
    .thread T_48;
    .scope S_00000215ae8e60b0;
T_49 ;
    %wait E_00000215ae8d1180;
    %load/vec4 v00000215ae947e00_0;
    %flag_set/vec4 8;
    %jmp/0xz  T_49.0, 8;
    %load/vec4 v00000215ae947680_0;
    %assign/vec4 v00000215ae949b60_0, 0;
T_49.0 ;
    %jmp T_49;
    .thread T_49;
    .scope S_00000215ae8e60b0;
T_50 ;
    %wait E_00000215ae8d0e80;
    %load/vec4 v00000215ae9492a0_0;
    %flag_set/vec4 8;
    %jmp/0xz  T_50.0, 8;
    %load/vec4 v00000215ae947680_0;
    %assign/vec4 v00000215ae947400_0, 0;
T_50.0 ;
    %jmp T_50;
    .thread T_50;
    .scope S_00000215ae8e60b0;
T_51 ;
    %wait E_00000215ae8d1780;
    %load/vec4 v00000215ae947e00_0;
    %assign/vec4 v00000215ae949840_0, 0;
    %jmp T_51;
    .thread T_51;
    .scope S_00000215ae8e60b0;
T_52 ;
    %wait E_00000215ae8d1780;
    %load/vec4 v00000215ae947e00_0;
    %flag_set/vec4 8;
    %jmp/0xz  T_52.0, 8;
    %load/vec4 v00000215ae949ac0_0;
    %assign/vec4 v00000215ae9477c0_0, 0;
T_52.0 ;
    %jmp T_52;
    .thread T_52;
    .scope S_00000215ae8e60b0;
T_53 ;
    %wait E_00000215ae8d1840;
    %load/vec4 v00000215ae949840_0;
    %flag_set/vec4 8;
    %jmp/0xz  T_53.0, 8;
    %load/vec4 v00000215ae948e40_0;
    %assign/vec4 v00000215ae947860_0, 0;
T_53.0 ;
    %jmp T_53;
    .thread T_53;
    .scope S_00000215ae8e60b0;
T_54 ;
    %wait E_00000215ae8d1780;
    %load/vec4 v00000215ae947e00_0;
    %flag_set/vec4 8;
    %jmp/0xz  T_54.0, 8;
    %load/vec4 v00000215ae9495c0_0;
    %assign/vec4 v00000215ae947a40_0, 0;
T_54.0 ;
    %jmp T_54;
    .thread T_54;
    .scope S_00000215ae8e5c00;
T_55 ;
    %wait E_00000215ae8d0d00;
    %load/vec4 v00000215ae949b60_0;
    %store/vec4 v00000215ae949480_0, 0, 1;
    %load/vec4 v00000215ae947400_0;
    %store/vec4 v00000215ae9498e0_0, 0, 1;
    %jmp T_55;
    .thread T_55, $push;
    .scope S_00000215ae8e5c00;
T_56 ;
    %wait E_00000215ae8d1480;
    %load/vec4 v00000215ae949020_0;
    %assign/vec4 v00000215ae947c20_0, 0;
    %jmp T_56;
    .thread T_56, $push;
    .scope S_00000215ae8e5c00;
T_57 ;
    %wait E_00000215ae8d1a40;
    %load/vec4 v00000215ae947c20_0;
    %assign/vec4 v00000215ae947900_0, 0;
    %jmp T_57;
    .thread T_57, $push;
    .scope S_00000215ae8e5c00;
T_58 ;
    %wait E_00000215ae8d1600;
    %load/vec4 v00000215ae947900_0;
    %pushi/vec4 0, 0, 1;
    %xor;
    %flag_set/vec4 8;
    %jmp/1 T_58.2, 8;
    %pushi/vec4 0, 0, 1;
    %flag_set/vec4 9;
    %flag_or 8, 9;
T_58.2;
    %jmp/0 T_58.0, 8;
    %load/vec4 v00000215ae9477c0_0;
    %jmp/1 T_58.1, 8;
T_58.0 ; End of true expr.
    %load/vec4 v00000215ae947860_0;
    %jmp/0 T_58.1, 8;
 ; End of false expr.
    %blend;
T_58.1;
    %store/vec4 v00000215ae947720_0, 0, 1;
    %jmp T_58;
    .thread T_58, $push;
    .scope S_00000215ae8e63d0;
T_59 ;
    %wait E_00000215ae8d13c0;
    %load/vec4 v00000215ae94b550_0;
    %flag_set/vec4 8;
    %jmp/0xz  T_59.0, 8;
    %load/vec4 v00000215ae94e4d0_0;
    %assign/vec4 v00000215ae94ea70_0, 0;
T_59.0 ;
    %jmp T_59;
    .thread T_59;
    .scope S_00000215ae8e63d0;
T_60 ;
    %wait E_00000215ae8d1300;
    %load/vec4 v00000215ae94b550_0;
    %flag_set/vec4 8;
    %jmp/0xz  T_60.0, 8;
    %load/vec4 v00000215ae94e4d0_0;
    %assign/vec4 v00000215ae94f1f0_0, 0;
T_60.0 ;
    %jmp T_60;
    .thread T_60;
    .scope S_00000215ae8e63d0;
T_61 ;
    %wait E_00000215ae8d0ec0;
    %load/vec4 v00000215ae94b550_0;
    %flag_set/vec4 8;
    %jmp/0xz  T_61.0, 8;
    %load/vec4 v00000215ae94bcd0_0;
    %assign/vec4 v00000215ae94ddf0_0, 0;
T_61.0 ;
    %jmp T_61;
    .thread T_61;
    .scope S_00000215ae8e63d0;
T_62 ;
    %wait E_00000215ae8d11c0;
    %load/vec4 v00000215ae94b550_0;
    %flag_set/vec4 8;
    %jmp/0xz  T_62.0, 8;
    %load/vec4 v00000215ae94bd70_0;
    %assign/vec4 v00000215ae94ec50_0, 0;
T_62.0 ;
    %jmp T_62;
    .thread T_62;
    .scope S_00000215ae8e63d0;
T_63 ;
    %wait E_00000215ae8d0ec0;
    %load/vec4 v00000215ae94b550_0;
    %flag_set/vec4 8;
    %jmp/0xz  T_63.0, 8;
    %load/vec4 v00000215ae94c1d0_0;
    %assign/vec4 v00000215ae94e6b0_0, 0;
T_63.0 ;
    %jmp T_63;
    .thread T_63;
    .scope S_00000215ae8e20b0;
T_64 ;
    %wait E_00000215ae8d17c0;
    %load/vec4 v00000215ae94ea70_0;
    %store/vec4 v00000215ae94ef70_0, 0, 1;
    %load/vec4 v00000215ae94f1f0_0;
    %store/vec4 v00000215ae94ed90_0, 0, 1;
    %jmp T_64;
    .thread T_64, $push;
    .scope S_00000215ae8e20b0;
T_65 ;
    %wait E_00000215ae8d1680;
    %load/vec4 v00000215ae94c130_0;
    %assign/vec4 v00000215ae94de90_0, 0;
    %jmp T_65;
    .thread T_65, $push;
    .scope S_00000215ae8e20b0;
T_66 ;
    %wait E_00000215ae8d0d40;
    %load/vec4 v00000215ae94de90_0;
    %assign/vec4 v00000215ae94dd50_0, 0;
    %jmp T_66;
    .thread T_66, $push;
    .scope S_00000215ae8e20b0;
T_67 ;
    %wait E_00000215ae8d14c0;
    %load/vec4 v00000215ae94dd50_0;
    %pushi/vec4 0, 0, 1;
    %xor;
    %flag_set/vec4 8;
    %jmp/1 T_67.2, 8;
    %pushi/vec4 0, 0, 1;
    %flag_set/vec4 9;
    %flag_or 8, 9;
T_67.2;
    %jmp/0 T_67.0, 8;
    %load/vec4 v00000215ae94ddf0_0;
    %jmp/1 T_67.1, 8;
T_67.0 ; End of true expr.
    %load/vec4 v00000215ae94ec50_0;
    %jmp/0 T_67.1, 8;
 ; End of false expr.
    %blend;
T_67.1;
    %store/vec4 v00000215ae94e7f0_0, 0, 1;
    %jmp T_67;
    .thread T_67, $push;
    .scope S_00000215ae8e6560;
T_68 ;
    %wait E_00000215ae8d0c80;
    %load/vec4 v00000215ae94e570_0;
    %flag_set/vec4 8;
    %jmp/0xz  T_68.0, 8;
    %load/vec4 v00000215ae94ecf0_0;
    %assign/vec4 v00000215ae94f0b0_0, 0;
T_68.0 ;
    %jmp T_68;
    .thread T_68;
    .scope S_00000215ae8e6560;
T_69 ;
    %wait E_00000215ae8d1740;
    %load/vec4 v00000215ae94e570_0;
    %flag_set/vec4 8;
    %jmp/0xz  T_69.0, 8;
    %load/vec4 v00000215ae94ecf0_0;
    %assign/vec4 v00000215ae94e110_0, 0;
T_69.0 ;
    %jmp T_69;
    .thread T_69;
    .scope S_00000215ae8e6560;
T_70 ;
    %wait E_00000215ae8d1c00;
    %load/vec4 v00000215ae94e570_0;
    %flag_set/vec4 8;
    %jmp/0xz  T_70.0, 8;
    %load/vec4 v00000215ae94e610_0;
    %assign/vec4 v00000215ae94f150_0, 0;
T_70.0 ;
    %jmp T_70;
    .thread T_70;
    .scope S_00000215ae8e6560;
T_71 ;
    %wait E_00000215ae8d0f00;
    %load/vec4 v00000215ae94e570_0;
    %flag_set/vec4 8;
    %jmp/0xz  T_71.0, 8;
    %load/vec4 v00000215ae94e930_0;
    %assign/vec4 v00000215ae94e890_0, 0;
T_71.0 ;
    %jmp T_71;
    .thread T_71;
    .scope S_00000215ae8e6560;
T_72 ;
    %wait E_00000215ae8d1c00;
    %load/vec4 v00000215ae94e570_0;
    %flag_set/vec4 8;
    %jmp/0xz  T_72.0, 8;
    %load/vec4 v00000215ae94e070_0;
    %assign/vec4 v00000215ae94dc10_0, 0;
T_72.0 ;
    %jmp T_72;
    .thread T_72;
    .scope S_00000215ae8e0f80;
T_73 ;
    %wait E_00000215ae8d1700;
    %load/vec4 v00000215ae94f0b0_0;
    %store/vec4 v00000215ae94ee30_0, 0, 1;
    %load/vec4 v00000215ae94e110_0;
    %store/vec4 v00000215ae94e750_0, 0, 1;
    %jmp T_73;
    .thread T_73, $push;
    .scope S_00000215ae8e0f80;
T_74 ;
    %wait E_00000215ae8d1c40;
    %load/vec4 v00000215ae94dfd0_0;
    %assign/vec4 v00000215ae94f290_0, 0;
    %jmp T_74;
    .thread T_74, $push;
    .scope S_00000215ae8e0f80;
T_75 ;
    %wait E_00000215ae8d16c0;
    %load/vec4 v00000215ae94f290_0;
    %assign/vec4 v00000215ae94e390_0, 0;
    %jmp T_75;
    .thread T_75, $push;
    .scope S_00000215ae8e0f80;
T_76 ;
    %wait E_00000215ae8d0f40;
    %load/vec4 v00000215ae94e390_0;
    %pushi/vec4 0, 0, 1;
    %xor;
    %flag_set/vec4 8;
    %jmp/1 T_76.2, 8;
    %pushi/vec4 0, 0, 1;
    %flag_set/vec4 9;
    %flag_or 8, 9;
T_76.2;
    %jmp/0 T_76.0, 8;
    %load/vec4 v00000215ae94f150_0;
    %jmp/1 T_76.1, 8;
T_76.0 ; End of true expr.
    %load/vec4 v00000215ae94e890_0;
    %jmp/0 T_76.1, 8;
 ; End of false expr.
    %blend;
T_76.1;
    %store/vec4 v00000215ae94e250_0, 0, 1;
    %jmp T_76;
    .thread T_76, $push;
    .scope S_00000215ae8e12a0;
T_77 ;
    %wait E_00000215ae8d1340;
    %load/vec4 v00000215ae9501e0_0;
    %flag_set/vec4 8;
    %jmp/0xz  T_77.0, 8;
    %pushi/vec4 0, 0, 16;
    %assign/vec4 v00000215ae9570d0_0, 0;
    %pushi/vec4 0, 0, 16;
    %assign/vec4 v00000215ae953890_0, 0;
    %jmp T_77.1;
T_77.0 ;
    %load/vec4 v00000215ae950a00_0;
    %flag_set/vec4 8;
    %jmp/0xz  T_77.2, 8;
    %load/vec4 v00000215ae951400_0;
    %nor/r;
    %flag_set/vec4 8;
    %jmp/0xz  T_77.4, 8;
    %load/vec4 v00000215ae94fd80_0;
    %assign/vec4 v00000215ae9570d0_0, 0;
T_77.4 ;
    %load/vec4 v00000215ae950be0_0;
    %nor/r;
    %flag_set/vec4 8;
    %jmp/0xz  T_77.6, 8;
    %load/vec4 v00000215ae950780_0;
    %assign/vec4 v00000215ae953890_0, 0;
T_77.6 ;
T_77.2 ;
T_77.1 ;
    %jmp T_77;
    .thread T_77;
    .scope S_00000215ae8e12a0;
T_78 ;
    %wait E_00000215ae8d1980;
    %load/vec4 v00000215ae950140_0;
    %flag_set/vec4 8;
    %jmp/0xz  T_78.0, 8;
    %pushi/vec4 0, 0, 16;
    %assign/vec4 v00000215ae954010_0, 0;
    %pushi/vec4 0, 0, 16;
    %assign/vec4 v00000215ae955f50_0, 0;
    %jmp T_78.1;
T_78.0 ;
    %load/vec4 v00000215ae950a00_0;
    %flag_set/vec4 8;
    %jmp/0xz  T_78.2, 8;
    %load/vec4 v00000215ae950820_0;
    %nor/r;
    %flag_set/vec4 8;
    %jmp/0xz  T_78.4, 8;
    %load/vec4 v00000215ae94fb00_0;
    %assign/vec4 v00000215ae954010_0, 0;
T_78.4 ;
    %load/vec4 v00000215ae94f420_0;
    %nor/r;
    %flag_set/vec4 8;
    %jmp/0xz  T_78.6, 8;
    %load/vec4 v00000215ae951b80_0;
    %assign/vec4 v00000215ae955f50_0, 0;
T_78.6 ;
T_78.2 ;
T_78.1 ;
    %jmp T_78;
    .thread T_78;
    .scope S_00000215ae8e12a0;
T_79 ;
    %wait E_00000215ae8d1340;
    %load/vec4 v00000215ae9501e0_0;
    %flag_set/vec4 8;
    %jmp/0xz  T_79.0, 8;
    %pushi/vec4 0, 0, 16;
    %assign/vec4 v00000215ae957b70_0, 0;
    %pushi/vec4 0, 0, 16;
    %assign/vec4 v00000215ae955ff0_0, 0;
    %jmp T_79.1;
T_79.0 ;
    %load/vec4 v00000215ae950a00_0;
    %flag_set/vec4 8;
    %jmp/0xz  T_79.2, 8;
    %load/vec4 v00000215ae955910_0;
    %assign/vec4 v00000215ae957b70_0, 0;
    %load/vec4 v00000215ae953430_0;
    %assign/vec4 v00000215ae955ff0_0, 0;
T_79.2 ;
T_79.1 ;
    %jmp T_79;
    .thread T_79;
    .scope S_00000215ae8e12a0;
T_80 ;
    %wait E_00000215ae8d1980;
    %load/vec4 v00000215ae950140_0;
    %flag_set/vec4 8;
    %jmp/0xz  T_80.0, 8;
    %pushi/vec4 0, 0, 16;
    %assign/vec4 v00000215ae957d50_0, 0;
    %pushi/vec4 0, 0, 16;
    %assign/vec4 v00000215ae955eb0_0, 0;
    %jmp T_80.1;
T_80.0 ;
    %load/vec4 v00000215ae950a00_0;
    %flag_set/vec4 8;
    %jmp/0xz  T_80.2, 8;
    %load/vec4 v00000215ae953e30_0;
    %assign/vec4 v00000215ae957d50_0, 0;
    %load/vec4 v00000215ae953750_0;
    %assign/vec4 v00000215ae955eb0_0, 0;
T_80.2 ;
T_80.1 ;
    %jmp T_80;
    .thread T_80;
    .scope S_00000215ae8e12a0;
T_81 ;
    %wait E_00000215ae8d1980;
    %load/vec4 v00000215ae950140_0;
    %flag_set/vec4 8;
    %jmp/0xz  T_81.0, 8;
    %pushi/vec4 0, 0, 32;
    %assign/vec4 v00000215ae9575d0_0, 0;
    %jmp T_81.1;
T_81.0 ;
    %load/vec4 v00000215ae950a00_0;
    %flag_set/vec4 8;
    %jmp/0xz  T_81.2, 8;
    %load/vec4 v00000215ae955550_0;
    %assign/vec4 v00000215ae9575d0_0, 0;
T_81.2 ;
T_81.1 ;
    %jmp T_81;
    .thread T_81;
    .scope S_00000215ae8e12a0;
T_82 ;
    %wait E_00000215ae8d1800;
    %load/vec4 v00000215ae9528a0_0;
    %flag_set/vec4 8;
    %jmp/0xz  T_82.0, 8;
    %pushi/vec4 0, 0, 16;
    %assign/vec4 v00000215ae958390_0, 0;
    %jmp T_82.1;
T_82.0 ;
    %load/vec4 v00000215ae950a00_0;
    %flag_set/vec4 8;
    %jmp/0xz  T_82.2, 8;
    %load/vec4 v00000215ae951f40_0;
    %nor/r;
    %flag_set/vec4 8;
    %jmp/0xz  T_82.4, 8;
    %load/vec4 v00000215ae953f70_0;
    %assign/vec4 v00000215ae958390_0, 0;
T_82.4 ;
T_82.2 ;
T_82.1 ;
    %jmp T_82;
    .thread T_82;
    .scope S_00000215ae8e12a0;
T_83 ;
    %wait E_00000215ae8d1ac0;
    %load/vec4 v00000215ae952620_0;
    %flag_set/vec4 8;
    %jmp/0xz  T_83.0, 8;
    %pushi/vec4 0, 0, 16;
    %assign/vec4 v00000215ae956b30_0, 0;
    %jmp T_83.1;
T_83.0 ;
    %load/vec4 v00000215ae950a00_0;
    %flag_set/vec4 8;
    %jmp/0xz  T_83.2, 8;
    %load/vec4 v00000215ae951ea0_0;
    %nor/r;
    %flag_set/vec4 8;
    %jmp/0xz  T_83.4, 8;
    %load/vec4 v00000215ae953a70_0;
    %assign/vec4 v00000215ae956b30_0, 0;
T_83.4 ;
T_83.2 ;
T_83.1 ;
    %jmp T_83;
    .thread T_83;
    .scope S_00000215ae8e6880;
T_84 ;
    %pushi/vec4 0, 0, 32;
    %store/vec4 v00000215ae95a4b0_0, 0, 32;
T_84.0 ; Top of for-loop
    %load/vec4 v00000215ae95a4b0_0;
    %cmpi/s 16, 0, 32;
	  %jmp/0xz T_84.1, 5;
    %pushi/vec4 0, 0, 256;
    %load/vec4 v00000215ae95a4b0_0;
    %muli 16, 0, 32;
    %part/s 16;
    %pushi/vec4 0, 0, 32;
    %load/vec4 v00000215ae95a4b0_0;
    %add;
    %ix/vec4/s 4;
    %store/vec4a v00000215ae959d30, 4, 0;
    %pushi/vec4 0, 0, 256;
    %load/vec4 v00000215ae95a4b0_0;
    %muli 16, 0, 32;
    %part/s 16;
    %pushi/vec4 16, 0, 32;
    %load/vec4 v00000215ae95a4b0_0;
    %add;
    %ix/vec4/s 4;
    %store/vec4a v00000215ae959d30, 4, 0;
    %pushi/vec4 0, 0, 256;
    %load/vec4 v00000215ae95a4b0_0;
    %muli 16, 0, 32;
    %part/s 16;
    %pushi/vec4 32, 0, 32;
    %load/vec4 v00000215ae95a4b0_0;
    %add;
    %ix/vec4/s 4;
    %store/vec4a v00000215ae959d30, 4, 0;
    %pushi/vec4 0, 0, 256;
    %load/vec4 v00000215ae95a4b0_0;
    %muli 16, 0, 32;
    %part/s 16;
    %pushi/vec4 48, 0, 32;
    %load/vec4 v00000215ae95a4b0_0;
    %add;
    %ix/vec4/s 4;
    %store/vec4a v00000215ae959d30, 4, 0;
    %pushi/vec4 0, 0, 256;
    %load/vec4 v00000215ae95a4b0_0;
    %muli 16, 0, 32;
    %part/s 16;
    %pushi/vec4 64, 0, 32;
    %load/vec4 v00000215ae95a4b0_0;
    %add;
    %ix/vec4/s 4;
    %store/vec4a v00000215ae959d30, 4, 0;
    %pushi/vec4 0, 0, 256;
    %load/vec4 v00000215ae95a4b0_0;
    %muli 16, 0, 32;
    %part/s 16;
    %pushi/vec4 80, 0, 32;
    %load/vec4 v00000215ae95a4b0_0;
    %add;
    %ix/vec4/s 4;
    %store/vec4a v00000215ae959d30, 4, 0;
    %pushi/vec4 0, 0, 256;
    %load/vec4 v00000215ae95a4b0_0;
    %muli 16, 0, 32;
    %part/s 16;
    %pushi/vec4 96, 0, 32;
    %load/vec4 v00000215ae95a4b0_0;
    %add;
    %ix/vec4/s 4;
    %store/vec4a v00000215ae959d30, 4, 0;
    %pushi/vec4 0, 0, 256;
    %load/vec4 v00000215ae95a4b0_0;
    %muli 16, 0, 32;
    %part/s 16;
    %pushi/vec4 112, 0, 32;
    %load/vec4 v00000215ae95a4b0_0;
    %add;
    %ix/vec4/s 4;
    %store/vec4a v00000215ae959d30, 4, 0;
    %pushi/vec4 0, 0, 256;
    %load/vec4 v00000215ae95a4b0_0;
    %muli 16, 0, 32;
    %part/s 16;
    %pushi/vec4 128, 0, 32;
    %load/vec4 v00000215ae95a4b0_0;
    %add;
    %ix/vec4/s 4;
    %store/vec4a v00000215ae959d30, 4, 0;
    %pushi/vec4 0, 0, 256;
    %load/vec4 v00000215ae95a4b0_0;
    %muli 16, 0, 32;
    %part/s 16;
    %pushi/vec4 144, 0, 32;
    %load/vec4 v00000215ae95a4b0_0;
    %add;
    %ix/vec4/s 4;
    %store/vec4a v00000215ae959d30, 4, 0;
    %pushi/vec4 0, 0, 256;
    %load/vec4 v00000215ae95a4b0_0;
    %muli 16, 0, 32;
    %part/s 16;
    %pushi/vec4 160, 0, 32;
    %load/vec4 v00000215ae95a4b0_0;
    %add;
    %ix/vec4/s 4;
    %store/vec4a v00000215ae959d30, 4, 0;
    %pushi/vec4 0, 0, 256;
    %load/vec4 v00000215ae95a4b0_0;
    %muli 16, 0, 32;
    %part/s 16;
    %pushi/vec4 176, 0, 32;
    %load/vec4 v00000215ae95a4b0_0;
    %add;
    %ix/vec4/s 4;
    %store/vec4a v00000215ae959d30, 4, 0;
    %pushi/vec4 0, 0, 256;
    %load/vec4 v00000215ae95a4b0_0;
    %muli 16, 0, 32;
    %part/s 16;
    %pushi/vec4 192, 0, 32;
    %load/vec4 v00000215ae95a4b0_0;
    %add;
    %ix/vec4/s 4;
    %store/vec4a v00000215ae959d30, 4, 0;
    %pushi/vec4 0, 0, 256;
    %load/vec4 v00000215ae95a4b0_0;
    %muli 16, 0, 32;
    %part/s 16;
    %pushi/vec4 208, 0, 32;
    %load/vec4 v00000215ae95a4b0_0;
    %add;
    %ix/vec4/s 4;
    %store/vec4a v00000215ae959d30, 4, 0;
    %pushi/vec4 0, 0, 256;
    %load/vec4 v00000215ae95a4b0_0;
    %muli 16, 0, 32;
    %part/s 16;
    %pushi/vec4 224, 0, 32;
    %load/vec4 v00000215ae95a4b0_0;
    %add;
    %ix/vec4/s 4;
    %store/vec4a v00000215ae959d30, 4, 0;
    %pushi/vec4 0, 0, 256;
    %load/vec4 v00000215ae95a4b0_0;
    %muli 16, 0, 32;
    %part/s 16;
    %pushi/vec4 240, 0, 32;
    %load/vec4 v00000215ae95a4b0_0;
    %add;
    %ix/vec4/s 4;
    %store/vec4a v00000215ae959d30, 4, 0;
T_84.2 ; for-loop step statement
    %load/vec4 v00000215ae95a4b0_0;
    %addi 1, 0, 32;
    %store/vec4 v00000215ae95a4b0_0, 0, 32;
    %jmp T_84.0;
T_84.1 ; for-loop exit label
    %end;
    .thread T_84;
    .scope S_00000215ae8e6880;
T_85 ;
    %wait E_00000215ae8d1880;
    %load/vec4 v00000215ae959970_0;
    %flag_set/vec4 9;
    %flag_get/vec4 9;
    %jmp/0 T_85.2, 9;
    %load/vec4 v00000215ae959150_0;
    %and;
T_85.2;
    %flag_set/vec4 8;
    %jmp/0xz  T_85.0, 8;
    %load/vec4 v00000215ae959330_0;
    %parti/s 1, 0, 2;
    %nor/r;
    %flag_set/vec4 8;
    %jmp/0xz  T_85.3, 8;
    %load/vec4 v00000215ae958570_0;
    %parti/s 1, 0, 2;
    %load/vec4 v00000215ae958c50_0;
    %parti/s 8, 0, 2;
    %pad/u 10;
    %ix/vec4 3;
    %ix/load 4, 0, 0; Constant delay
    %assign/vec4/a/d v00000215ae959d30, 0, 4;
T_85.3 ;
    %load/vec4 v00000215ae959330_0;
    %parti/s 1, 1, 2;
    %nor/r;
    %flag_set/vec4 8;
    %jmp/0xz  T_85.5, 8;
    %load/vec4 v00000215ae958570_0;
    %parti/s 1, 1, 2;
    %load/vec4 v00000215ae958c50_0;
    %parti/s 8, 0, 2;
    %pad/u 10;
    %ix/vec4 3;
    %ix/load 4, 1, 0; part off
    %ix/load 5, 0, 0; Constant delay
    %assign/vec4/a/d v00000215ae959d30, 4, 5;
T_85.5 ;
    %load/vec4 v00000215ae959330_0;
    %parti/s 1, 2, 3;
    %nor/r;
    %flag_set/vec4 8;
    %jmp/0xz  T_85.7, 8;
    %load/vec4 v00000215ae958570_0;
    %parti/s 1, 2, 3;
    %load/vec4 v00000215ae958c50_0;
    %parti/s 8, 0, 2;
    %pad/u 10;
    %ix/vec4 3;
    %ix/load 4, 2, 0; part off
    %ix/load 5, 0, 0; Constant delay
    %assign/vec4/a/d v00000215ae959d30, 4, 5;
T_85.7 ;
    %load/vec4 v00000215ae959330_0;
    %parti/s 1, 3, 3;
    %nor/r;
    %flag_set/vec4 8;
    %jmp/0xz  T_85.9, 8;
    %load/vec4 v00000215ae958570_0;
    %parti/s 1, 3, 3;
    %load/vec4 v00000215ae958c50_0;
    %parti/s 8, 0, 2;
    %pad/u 10;
    %ix/vec4 3;
    %ix/load 4, 3, 0; part off
    %ix/load 5, 0, 0; Constant delay
    %assign/vec4/a/d v00000215ae959d30, 4, 5;
T_85.9 ;
    %load/vec4 v00000215ae959330_0;
    %parti/s 1, 4, 4;
    %nor/r;
    %flag_set/vec4 8;
    %jmp/0xz  T_85.11, 8;
    %load/vec4 v00000215ae958570_0;
    %parti/s 1, 4, 4;
    %load/vec4 v00000215ae958c50_0;
    %parti/s 8, 0, 2;
    %pad/u 10;
    %ix/vec4 3;
    %ix/load 4, 4, 0; part off
    %ix/load 5, 0, 0; Constant delay
    %assign/vec4/a/d v00000215ae959d30, 4, 5;
T_85.11 ;
    %load/vec4 v00000215ae959330_0;
    %parti/s 1, 5, 4;
    %nor/r;
    %flag_set/vec4 8;
    %jmp/0xz  T_85.13, 8;
    %load/vec4 v00000215ae958570_0;
    %parti/s 1, 5, 4;
    %load/vec4 v00000215ae958c50_0;
    %parti/s 8, 0, 2;
    %pad/u 10;
    %ix/vec4 3;
    %ix/load 4, 5, 0; part off
    %ix/load 5, 0, 0; Constant delay
    %assign/vec4/a/d v00000215ae959d30, 4, 5;
T_85.13 ;
    %load/vec4 v00000215ae959330_0;
    %parti/s 1, 6, 4;
    %nor/r;
    %flag_set/vec4 8;
    %jmp/0xz  T_85.15, 8;
    %load/vec4 v00000215ae958570_0;
    %parti/s 1, 6, 4;
    %load/vec4 v00000215ae958c50_0;
    %parti/s 8, 0, 2;
    %pad/u 10;
    %ix/vec4 3;
    %ix/load 4, 6, 0; part off
    %ix/load 5, 0, 0; Constant delay
    %assign/vec4/a/d v00000215ae959d30, 4, 5;
T_85.15 ;
    %load/vec4 v00000215ae959330_0;
    %parti/s 1, 7, 4;
    %nor/r;
    %flag_set/vec4 8;
    %jmp/0xz  T_85.17, 8;
    %load/vec4 v00000215ae958570_0;
    %parti/s 1, 7, 4;
    %load/vec4 v00000215ae958c50_0;
    %parti/s 8, 0, 2;
    %pad/u 10;
    %ix/vec4 3;
    %ix/load 4, 7, 0; part off
    %ix/load 5, 0, 0; Constant delay
    %assign/vec4/a/d v00000215ae959d30, 4, 5;
T_85.17 ;
    %load/vec4 v00000215ae959330_0;
    %parti/s 1, 8, 5;
    %nor/r;
    %flag_set/vec4 8;
    %jmp/0xz  T_85.19, 8;
    %load/vec4 v00000215ae958570_0;
    %parti/s 1, 8, 5;
    %load/vec4 v00000215ae958c50_0;
    %parti/s 8, 0, 2;
    %pad/u 10;
    %ix/vec4 3;
    %ix/load 4, 8, 0; part off
    %ix/load 5, 0, 0; Constant delay
    %assign/vec4/a/d v00000215ae959d30, 4, 5;
T_85.19 ;
    %load/vec4 v00000215ae959330_0;
    %parti/s 1, 9, 5;
    %nor/r;
    %flag_set/vec4 8;
    %jmp/0xz  T_85.21, 8;
    %load/vec4 v00000215ae958570_0;
    %parti/s 1, 9, 5;
    %load/vec4 v00000215ae958c50_0;
    %parti/s 8, 0, 2;
    %pad/u 10;
    %ix/vec4 3;
    %ix/load 4, 9, 0; part off
    %ix/load 5, 0, 0; Constant delay
    %assign/vec4/a/d v00000215ae959d30, 4, 5;
T_85.21 ;
    %load/vec4 v00000215ae959330_0;
    %parti/s 1, 10, 5;
    %nor/r;
    %flag_set/vec4 8;
    %jmp/0xz  T_85.23, 8;
    %load/vec4 v00000215ae958570_0;
    %parti/s 1, 10, 5;
    %load/vec4 v00000215ae958c50_0;
    %parti/s 8, 0, 2;
    %pad/u 10;
    %ix/vec4 3;
    %ix/load 4, 10, 0; part off
    %ix/load 5, 0, 0; Constant delay
    %assign/vec4/a/d v00000215ae959d30, 4, 5;
T_85.23 ;
    %load/vec4 v00000215ae959330_0;
    %parti/s 1, 11, 5;
    %nor/r;
    %flag_set/vec4 8;
    %jmp/0xz  T_85.25, 8;
    %load/vec4 v00000215ae958570_0;
    %parti/s 1, 11, 5;
    %load/vec4 v00000215ae958c50_0;
    %parti/s 8, 0, 2;
    %pad/u 10;
    %ix/vec4 3;
    %ix/load 4, 11, 0; part off
    %ix/load 5, 0, 0; Constant delay
    %assign/vec4/a/d v00000215ae959d30, 4, 5;
T_85.25 ;
    %load/vec4 v00000215ae959330_0;
    %parti/s 1, 12, 5;
    %nor/r;
    %flag_set/vec4 8;
    %jmp/0xz  T_85.27, 8;
    %load/vec4 v00000215ae958570_0;
    %parti/s 1, 12, 5;
    %load/vec4 v00000215ae958c50_0;
    %parti/s 8, 0, 2;
    %pad/u 10;
    %ix/vec4 3;
    %ix/load 4, 12, 0; part off
    %ix/load 5, 0, 0; Constant delay
    %assign/vec4/a/d v00000215ae959d30, 4, 5;
T_85.27 ;
    %load/vec4 v00000215ae959330_0;
    %parti/s 1, 13, 5;
    %nor/r;
    %flag_set/vec4 8;
    %jmp/0xz  T_85.29, 8;
    %load/vec4 v00000215ae958570_0;
    %parti/s 1, 13, 5;
    %load/vec4 v00000215ae958c50_0;
    %parti/s 8, 0, 2;
    %pad/u 10;
    %ix/vec4 3;
    %ix/load 4, 13, 0; part off
    %ix/load 5, 0, 0; Constant delay
    %assign/vec4/a/d v00000215ae959d30, 4, 5;
T_85.29 ;
    %load/vec4 v00000215ae959330_0;
    %parti/s 1, 14, 5;
    %nor/r;
    %flag_set/vec4 8;
    %jmp/0xz  T_85.31, 8;
    %load/vec4 v00000215ae958570_0;
    %parti/s 1, 14, 5;
    %load/vec4 v00000215ae958c50_0;
    %parti/s 8, 0, 2;
    %pad/u 10;
    %ix/vec4 3;
    %ix/load 4, 14, 0; part off
    %ix/load 5, 0, 0; Constant delay
    %assign/vec4/a/d v00000215ae959d30, 4, 5;
T_85.31 ;
    %load/vec4 v00000215ae959330_0;
    %parti/s 1, 15, 5;
    %nor/r;
    %flag_set/vec4 8;
    %jmp/0xz  T_85.33, 8;
    %load/vec4 v00000215ae958570_0;
    %parti/s 1, 15, 5;
    %load/vec4 v00000215ae958c50_0;
    %parti/s 8, 0, 2;
    %pad/u 10;
    %ix/vec4 3;
    %ix/load 4, 15, 0; part off
    %ix/load 5, 0, 0; Constant delay
    %assign/vec4/a/d v00000215ae959d30, 4, 5;
T_85.33 ;
T_85.0 ;
    %jmp T_85;
    .thread T_85;
    .scope S_00000215ae8e6880;
T_86 ;
    %wait E_00000215ae8d1440;
    %load/vec4 v00000215ae958750_0;
    %flag_set/vec4 9;
    %flag_get/vec4 9;
    %jmp/0 T_86.2, 9;
    %load/vec4 v00000215ae95a2d0_0;
    %and;
T_86.2;
    %flag_set/vec4 8;
    %jmp/0xz  T_86.0, 8;
    %load/vec4 v00000215ae958d90_0;
    %parti/s 8, 0, 2;
    %pad/u 10;
    %ix/vec4 4;
    %load/vec4a v00000215ae959d30, 4;
    %load/vec4 v00000215ae95a230_0;
    %inv;
    %and;
    %assign/vec4 v00000215ae9598d0_0, 0;
T_86.0 ;
    %jmp T_86;
    .thread T_86;
    .scope S_00000215ae968bd0;
T_87 ;
    %pushi/vec4 0, 0, 32;
    %store/vec4 v00000215ae959470_0, 0, 32;
T_87.0 ; Top of for-loop
    %load/vec4 v00000215ae959470_0;
    %cmpi/s 16, 0, 32;
	  %jmp/0xz T_87.1, 5;
    %pushi/vec4 0, 0, 256;
    %load/vec4 v00000215ae959470_0;
    %muli 16, 0, 32;
    %part/s 16;
    %pushi/vec4 0, 0, 32;
    %load/vec4 v00000215ae959470_0;
    %add;
    %ix/vec4/s 4;
    %store/vec4a v00000215ae95a9b0, 4, 0;
    %pushi/vec4 0, 0, 256;
    %load/vec4 v00000215ae959470_0;
    %muli 16, 0, 32;
    %part/s 16;
    %pushi/vec4 16, 0, 32;
    %load/vec4 v00000215ae959470_0;
    %add;
    %ix/vec4/s 4;
    %store/vec4a v00000215ae95a9b0, 4, 0;
    %pushi/vec4 0, 0, 256;
    %load/vec4 v00000215ae959470_0;
    %muli 16, 0, 32;
    %part/s 16;
    %pushi/vec4 32, 0, 32;
    %load/vec4 v00000215ae959470_0;
    %add;
    %ix/vec4/s 4;
    %store/vec4a v00000215ae95a9b0, 4, 0;
    %pushi/vec4 0, 0, 256;
    %load/vec4 v00000215ae959470_0;
    %muli 16, 0, 32;
    %part/s 16;
    %pushi/vec4 48, 0, 32;
    %load/vec4 v00000215ae959470_0;
    %add;
    %ix/vec4/s 4;
    %store/vec4a v00000215ae95a9b0, 4, 0;
    %pushi/vec4 0, 0, 256;
    %load/vec4 v00000215ae959470_0;
    %muli 16, 0, 32;
    %part/s 16;
    %pushi/vec4 64, 0, 32;
    %load/vec4 v00000215ae959470_0;
    %add;
    %ix/vec4/s 4;
    %store/vec4a v00000215ae95a9b0, 4, 0;
    %pushi/vec4 0, 0, 256;
    %load/vec4 v00000215ae959470_0;
    %muli 16, 0, 32;
    %part/s 16;
    %pushi/vec4 80, 0, 32;
    %load/vec4 v00000215ae959470_0;
    %add;
    %ix/vec4/s 4;
    %store/vec4a v00000215ae95a9b0, 4, 0;
    %pushi/vec4 0, 0, 256;
    %load/vec4 v00000215ae959470_0;
    %muli 16, 0, 32;
    %part/s 16;
    %pushi/vec4 96, 0, 32;
    %load/vec4 v00000215ae959470_0;
    %add;
    %ix/vec4/s 4;
    %store/vec4a v00000215ae95a9b0, 4, 0;
    %pushi/vec4 0, 0, 256;
    %load/vec4 v00000215ae959470_0;
    %muli 16, 0, 32;
    %part/s 16;
    %pushi/vec4 112, 0, 32;
    %load/vec4 v00000215ae959470_0;
    %add;
    %ix/vec4/s 4;
    %store/vec4a v00000215ae95a9b0, 4, 0;
    %pushi/vec4 0, 0, 256;
    %load/vec4 v00000215ae959470_0;
    %muli 16, 0, 32;
    %part/s 16;
    %pushi/vec4 128, 0, 32;
    %load/vec4 v00000215ae959470_0;
    %add;
    %ix/vec4/s 4;
    %store/vec4a v00000215ae95a9b0, 4, 0;
    %pushi/vec4 0, 0, 256;
    %load/vec4 v00000215ae959470_0;
    %muli 16, 0, 32;
    %part/s 16;
    %pushi/vec4 144, 0, 32;
    %load/vec4 v00000215ae959470_0;
    %add;
    %ix/vec4/s 4;
    %store/vec4a v00000215ae95a9b0, 4, 0;
    %pushi/vec4 0, 0, 256;
    %load/vec4 v00000215ae959470_0;
    %muli 16, 0, 32;
    %part/s 16;
    %pushi/vec4 160, 0, 32;
    %load/vec4 v00000215ae959470_0;
    %add;
    %ix/vec4/s 4;
    %store/vec4a v00000215ae95a9b0, 4, 0;
    %pushi/vec4 0, 0, 256;
    %load/vec4 v00000215ae959470_0;
    %muli 16, 0, 32;
    %part/s 16;
    %pushi/vec4 176, 0, 32;
    %load/vec4 v00000215ae959470_0;
    %add;
    %ix/vec4/s 4;
    %store/vec4a v00000215ae95a9b0, 4, 0;
    %pushi/vec4 0, 0, 256;
    %load/vec4 v00000215ae959470_0;
    %muli 16, 0, 32;
    %part/s 16;
    %pushi/vec4 192, 0, 32;
    %load/vec4 v00000215ae959470_0;
    %add;
    %ix/vec4/s 4;
    %store/vec4a v00000215ae95a9b0, 4, 0;
    %pushi/vec4 0, 0, 256;
    %load/vec4 v00000215ae959470_0;
    %muli 16, 0, 32;
    %part/s 16;
    %pushi/vec4 208, 0, 32;
    %load/vec4 v00000215ae959470_0;
    %add;
    %ix/vec4/s 4;
    %store/vec4a v00000215ae95a9b0, 4, 0;
    %pushi/vec4 0, 0, 256;
    %load/vec4 v00000215ae959470_0;
    %muli 16, 0, 32;
    %part/s 16;
    %pushi/vec4 224, 0, 32;
    %load/vec4 v00000215ae959470_0;
    %add;
    %ix/vec4/s 4;
    %store/vec4a v00000215ae95a9b0, 4, 0;
    %pushi/vec4 0, 0, 256;
    %load/vec4 v00000215ae959470_0;
    %muli 16, 0, 32;
    %part/s 16;
    %pushi/vec4 240, 0, 32;
    %load/vec4 v00000215ae959470_0;
    %add;
    %ix/vec4/s 4;
    %store/vec4a v00000215ae95a9b0, 4, 0;
T_87.2 ; for-loop step statement
    %load/vec4 v00000215ae959470_0;
    %addi 1, 0, 32;
    %store/vec4 v00000215ae959470_0, 0, 32;
    %jmp T_87.0;
T_87.1 ; for-loop exit label
    %end;
    .thread T_87;
    .scope S_00000215ae968bd0;
T_88 ;
    %wait E_00000215ae8d19c0;
    %load/vec4 v00000215ae95a910_0;
    %flag_set/vec4 9;
    %flag_get/vec4 9;
    %jmp/0 T_88.2, 9;
    %load/vec4 v00000215ae958a70_0;
    %and;
T_88.2;
    %flag_set/vec4 8;
    %jmp/0xz  T_88.0, 8;
    %load/vec4 v00000215ae959fb0_0;
    %parti/s 1, 0, 2;
    %nor/r;
    %flag_set/vec4 8;
    %jmp/0xz  T_88.3, 8;
    %load/vec4 v00000215ae958e30_0;
    %parti/s 1, 0, 2;
    %load/vec4 v00000215ae959790_0;
    %parti/s 8, 0, 2;
    %pad/u 10;
    %ix/vec4 3;
    %ix/load 4, 0, 0; Constant delay
    %assign/vec4/a/d v00000215ae95a9b0, 0, 4;
T_88.3 ;
    %load/vec4 v00000215ae959fb0_0;
    %parti/s 1, 1, 2;
    %nor/r;
    %flag_set/vec4 8;
    %jmp/0xz  T_88.5, 8;
    %load/vec4 v00000215ae958e30_0;
    %parti/s 1, 1, 2;
    %load/vec4 v00000215ae959790_0;
    %parti/s 8, 0, 2;
    %pad/u 10;
    %ix/vec4 3;
    %ix/load 4, 1, 0; part off
    %ix/load 5, 0, 0; Constant delay
    %assign/vec4/a/d v00000215ae95a9b0, 4, 5;
T_88.5 ;
    %load/vec4 v00000215ae959fb0_0;
    %parti/s 1, 2, 3;
    %nor/r;
    %flag_set/vec4 8;
    %jmp/0xz  T_88.7, 8;
    %load/vec4 v00000215ae958e30_0;
    %parti/s 1, 2, 3;
    %load/vec4 v00000215ae959790_0;
    %parti/s 8, 0, 2;
    %pad/u 10;
    %ix/vec4 3;
    %ix/load 4, 2, 0; part off
    %ix/load 5, 0, 0; Constant delay
    %assign/vec4/a/d v00000215ae95a9b0, 4, 5;
T_88.7 ;
    %load/vec4 v00000215ae959fb0_0;
    %parti/s 1, 3, 3;
    %nor/r;
    %flag_set/vec4 8;
    %jmp/0xz  T_88.9, 8;
    %load/vec4 v00000215ae958e30_0;
    %parti/s 1, 3, 3;
    %load/vec4 v00000215ae959790_0;
    %parti/s 8, 0, 2;
    %pad/u 10;
    %ix/vec4 3;
    %ix/load 4, 3, 0; part off
    %ix/load 5, 0, 0; Constant delay
    %assign/vec4/a/d v00000215ae95a9b0, 4, 5;
T_88.9 ;
    %load/vec4 v00000215ae959fb0_0;
    %parti/s 1, 4, 4;
    %nor/r;
    %flag_set/vec4 8;
    %jmp/0xz  T_88.11, 8;
    %load/vec4 v00000215ae958e30_0;
    %parti/s 1, 4, 4;
    %load/vec4 v00000215ae959790_0;
    %parti/s 8, 0, 2;
    %pad/u 10;
    %ix/vec4 3;
    %ix/load 4, 4, 0; part off
    %ix/load 5, 0, 0; Constant delay
    %assign/vec4/a/d v00000215ae95a9b0, 4, 5;
T_88.11 ;
    %load/vec4 v00000215ae959fb0_0;
    %parti/s 1, 5, 4;
    %nor/r;
    %flag_set/vec4 8;
    %jmp/0xz  T_88.13, 8;
    %load/vec4 v00000215ae958e30_0;
    %parti/s 1, 5, 4;
    %load/vec4 v00000215ae959790_0;
    %parti/s 8, 0, 2;
    %pad/u 10;
    %ix/vec4 3;
    %ix/load 4, 5, 0; part off
    %ix/load 5, 0, 0; Constant delay
    %assign/vec4/a/d v00000215ae95a9b0, 4, 5;
T_88.13 ;
    %load/vec4 v00000215ae959fb0_0;
    %parti/s 1, 6, 4;
    %nor/r;
    %flag_set/vec4 8;
    %jmp/0xz  T_88.15, 8;
    %load/vec4 v00000215ae958e30_0;
    %parti/s 1, 6, 4;
    %load/vec4 v00000215ae959790_0;
    %parti/s 8, 0, 2;
    %pad/u 10;
    %ix/vec4 3;
    %ix/load 4, 6, 0; part off
    %ix/load 5, 0, 0; Constant delay
    %assign/vec4/a/d v00000215ae95a9b0, 4, 5;
T_88.15 ;
    %load/vec4 v00000215ae959fb0_0;
    %parti/s 1, 7, 4;
    %nor/r;
    %flag_set/vec4 8;
    %jmp/0xz  T_88.17, 8;
    %load/vec4 v00000215ae958e30_0;
    %parti/s 1, 7, 4;
    %load/vec4 v00000215ae959790_0;
    %parti/s 8, 0, 2;
    %pad/u 10;
    %ix/vec4 3;
    %ix/load 4, 7, 0; part off
    %ix/load 5, 0, 0; Constant delay
    %assign/vec4/a/d v00000215ae95a9b0, 4, 5;
T_88.17 ;
    %load/vec4 v00000215ae959fb0_0;
    %parti/s 1, 8, 5;
    %nor/r;
    %flag_set/vec4 8;
    %jmp/0xz  T_88.19, 8;
    %load/vec4 v00000215ae958e30_0;
    %parti/s 1, 8, 5;
    %load/vec4 v00000215ae959790_0;
    %parti/s 8, 0, 2;
    %pad/u 10;
    %ix/vec4 3;
    %ix/load 4, 8, 0; part off
    %ix/load 5, 0, 0; Constant delay
    %assign/vec4/a/d v00000215ae95a9b0, 4, 5;
T_88.19 ;
    %load/vec4 v00000215ae959fb0_0;
    %parti/s 1, 9, 5;
    %nor/r;
    %flag_set/vec4 8;
    %jmp/0xz  T_88.21, 8;
    %load/vec4 v00000215ae958e30_0;
    %parti/s 1, 9, 5;
    %load/vec4 v00000215ae959790_0;
    %parti/s 8, 0, 2;
    %pad/u 10;
    %ix/vec4 3;
    %ix/load 4, 9, 0; part off
    %ix/load 5, 0, 0; Constant delay
    %assign/vec4/a/d v00000215ae95a9b0, 4, 5;
T_88.21 ;
    %load/vec4 v00000215ae959fb0_0;
    %parti/s 1, 10, 5;
    %nor/r;
    %flag_set/vec4 8;
    %jmp/0xz  T_88.23, 8;
    %load/vec4 v00000215ae958e30_0;
    %parti/s 1, 10, 5;
    %load/vec4 v00000215ae959790_0;
    %parti/s 8, 0, 2;
    %pad/u 10;
    %ix/vec4 3;
    %ix/load 4, 10, 0; part off
    %ix/load 5, 0, 0; Constant delay
    %assign/vec4/a/d v00000215ae95a9b0, 4, 5;
T_88.23 ;
    %load/vec4 v00000215ae959fb0_0;
    %parti/s 1, 11, 5;
    %nor/r;
    %flag_set/vec4 8;
    %jmp/0xz  T_88.25, 8;
    %load/vec4 v00000215ae958e30_0;
    %parti/s 1, 11, 5;
    %load/vec4 v00000215ae959790_0;
    %parti/s 8, 0, 2;
    %pad/u 10;
    %ix/vec4 3;
    %ix/load 4, 11, 0; part off
    %ix/load 5, 0, 0; Constant delay
    %assign/vec4/a/d v00000215ae95a9b0, 4, 5;
T_88.25 ;
    %load/vec4 v00000215ae959fb0_0;
    %parti/s 1, 12, 5;
    %nor/r;
    %flag_set/vec4 8;
    %jmp/0xz  T_88.27, 8;
    %load/vec4 v00000215ae958e30_0;
    %parti/s 1, 12, 5;
    %load/vec4 v00000215ae959790_0;
    %parti/s 8, 0, 2;
    %pad/u 10;
    %ix/vec4 3;
    %ix/load 4, 12, 0; part off
    %ix/load 5, 0, 0; Constant delay
    %assign/vec4/a/d v00000215ae95a9b0, 4, 5;
T_88.27 ;
    %load/vec4 v00000215ae959fb0_0;
    %parti/s 1, 13, 5;
    %nor/r;
    %flag_set/vec4 8;
    %jmp/0xz  T_88.29, 8;
    %load/vec4 v00000215ae958e30_0;
    %parti/s 1, 13, 5;
    %load/vec4 v00000215ae959790_0;
    %parti/s 8, 0, 2;
    %pad/u 10;
    %ix/vec4 3;
    %ix/load 4, 13, 0; part off
    %ix/load 5, 0, 0; Constant delay
    %assign/vec4/a/d v00000215ae95a9b0, 4, 5;
T_88.29 ;
    %load/vec4 v00000215ae959fb0_0;
    %parti/s 1, 14, 5;
    %nor/r;
    %flag_set/vec4 8;
    %jmp/0xz  T_88.31, 8;
    %load/vec4 v00000215ae958e30_0;
    %parti/s 1, 14, 5;
    %load/vec4 v00000215ae959790_0;
    %parti/s 8, 0, 2;
    %pad/u 10;
    %ix/vec4 3;
    %ix/load 4, 14, 0; part off
    %ix/load 5, 0, 0; Constant delay
    %assign/vec4/a/d v00000215ae95a9b0, 4, 5;
T_88.31 ;
    %load/vec4 v00000215ae959fb0_0;
    %parti/s 1, 15, 5;
    %nor/r;
    %flag_set/vec4 8;
    %jmp/0xz  T_88.33, 8;
    %load/vec4 v00000215ae958e30_0;
    %parti/s 1, 15, 5;
    %load/vec4 v00000215ae959790_0;
    %parti/s 8, 0, 2;
    %pad/u 10;
    %ix/vec4 3;
    %ix/load 4, 15, 0; part off
    %ix/load 5, 0, 0; Constant delay
    %assign/vec4/a/d v00000215ae95a9b0, 4, 5;
T_88.33 ;
T_88.0 ;
    %jmp T_88;
    .thread T_88;
    .scope S_00000215ae968bd0;
T_89 ;
    %wait E_00000215ae8d18c0;
    %load/vec4 v00000215ae958bb0_0;
    %flag_set/vec4 9;
    %flag_get/vec4 9;
    %jmp/0 T_89.2, 9;
    %load/vec4 v00000215ae958b10_0;
    %and;
T_89.2;
    %flag_set/vec4 8;
    %jmp/0xz  T_89.0, 8;
    %load/vec4 v00000215ae959830_0;
    %parti/s 8, 0, 2;
    %pad/u 10;
    %ix/vec4 4;
    %load/vec4a v00000215ae95a9b0, 4;
    %load/vec4 v00000215ae9589d0_0;
    %inv;
    %and;
    %assign/vec4 v00000215ae959ab0_0, 0;
T_89.0 ;
    %jmp T_89;
    .thread T_89;
    .scope S_00000215ae967460;
T_90 ;
    %pushi/vec4 0, 0, 32;
    %store/vec4 v00000215ae972e10_0, 0, 32;
T_90.0 ; Top of for-loop
    %load/vec4 v00000215ae972e10_0;
    %cmpi/s 16, 0, 32;
	  %jmp/0xz T_90.1, 5;
    %pushi/vec4 0, 0, 256;
    %load/vec4 v00000215ae972e10_0;
    %muli 16, 0, 32;
    %part/s 16;
    %pushi/vec4 0, 0, 32;
    %load/vec4 v00000215ae972e10_0;
    %add;
    %ix/vec4/s 4;
    %store/vec4a v00000215ae972230, 4, 0;
    %pushi/vec4 0, 0, 256;
    %load/vec4 v00000215ae972e10_0;
    %muli 16, 0, 32;
    %part/s 16;
    %pushi/vec4 16, 0, 32;
    %load/vec4 v00000215ae972e10_0;
    %add;
    %ix/vec4/s 4;
    %store/vec4a v00000215ae972230, 4, 0;
    %pushi/vec4 0, 0, 256;
    %load/vec4 v00000215ae972e10_0;
    %muli 16, 0, 32;
    %part/s 16;
    %pushi/vec4 32, 0, 32;
    %load/vec4 v00000215ae972e10_0;
    %add;
    %ix/vec4/s 4;
    %store/vec4a v00000215ae972230, 4, 0;
    %pushi/vec4 0, 0, 256;
    %load/vec4 v00000215ae972e10_0;
    %muli 16, 0, 32;
    %part/s 16;
    %pushi/vec4 48, 0, 32;
    %load/vec4 v00000215ae972e10_0;
    %add;
    %ix/vec4/s 4;
    %store/vec4a v00000215ae972230, 4, 0;
    %pushi/vec4 0, 0, 256;
    %load/vec4 v00000215ae972e10_0;
    %muli 16, 0, 32;
    %part/s 16;
    %pushi/vec4 64, 0, 32;
    %load/vec4 v00000215ae972e10_0;
    %add;
    %ix/vec4/s 4;
    %store/vec4a v00000215ae972230, 4, 0;
    %pushi/vec4 0, 0, 256;
    %load/vec4 v00000215ae972e10_0;
    %muli 16, 0, 32;
    %part/s 16;
    %pushi/vec4 80, 0, 32;
    %load/vec4 v00000215ae972e10_0;
    %add;
    %ix/vec4/s 4;
    %store/vec4a v00000215ae972230, 4, 0;
    %pushi/vec4 0, 0, 256;
    %load/vec4 v00000215ae972e10_0;
    %muli 16, 0, 32;
    %part/s 16;
    %pushi/vec4 96, 0, 32;
    %load/vec4 v00000215ae972e10_0;
    %add;
    %ix/vec4/s 4;
    %store/vec4a v00000215ae972230, 4, 0;
    %pushi/vec4 0, 0, 256;
    %load/vec4 v00000215ae972e10_0;
    %muli 16, 0, 32;
    %part/s 16;
    %pushi/vec4 112, 0, 32;
    %load/vec4 v00000215ae972e10_0;
    %add;
    %ix/vec4/s 4;
    %store/vec4a v00000215ae972230, 4, 0;
    %pushi/vec4 0, 0, 256;
    %load/vec4 v00000215ae972e10_0;
    %muli 16, 0, 32;
    %part/s 16;
    %pushi/vec4 128, 0, 32;
    %load/vec4 v00000215ae972e10_0;
    %add;
    %ix/vec4/s 4;
    %store/vec4a v00000215ae972230, 4, 0;
    %pushi/vec4 0, 0, 256;
    %load/vec4 v00000215ae972e10_0;
    %muli 16, 0, 32;
    %part/s 16;
    %pushi/vec4 144, 0, 32;
    %load/vec4 v00000215ae972e10_0;
    %add;
    %ix/vec4/s 4;
    %store/vec4a v00000215ae972230, 4, 0;
    %pushi/vec4 0, 0, 256;
    %load/vec4 v00000215ae972e10_0;
    %muli 16, 0, 32;
    %part/s 16;
    %pushi/vec4 160, 0, 32;
    %load/vec4 v00000215ae972e10_0;
    %add;
    %ix/vec4/s 4;
    %store/vec4a v00000215ae972230, 4, 0;
    %pushi/vec4 0, 0, 256;
    %load/vec4 v00000215ae972e10_0;
    %muli 16, 0, 32;
    %part/s 16;
    %pushi/vec4 176, 0, 32;
    %load/vec4 v00000215ae972e10_0;
    %add;
    %ix/vec4/s 4;
    %store/vec4a v00000215ae972230, 4, 0;
    %pushi/vec4 0, 0, 256;
    %load/vec4 v00000215ae972e10_0;
    %muli 16, 0, 32;
    %part/s 16;
    %pushi/vec4 192, 0, 32;
    %load/vec4 v00000215ae972e10_0;
    %add;
    %ix/vec4/s 4;
    %store/vec4a v00000215ae972230, 4, 0;
    %pushi/vec4 0, 0, 256;
    %load/vec4 v00000215ae972e10_0;
    %muli 16, 0, 32;
    %part/s 16;
    %pushi/vec4 208, 0, 32;
    %load/vec4 v00000215ae972e10_0;
    %add;
    %ix/vec4/s 4;
    %store/vec4a v00000215ae972230, 4, 0;
    %pushi/vec4 0, 0, 256;
    %load/vec4 v00000215ae972e10_0;
    %muli 16, 0, 32;
    %part/s 16;
    %pushi/vec4 224, 0, 32;
    %load/vec4 v00000215ae972e10_0;
    %add;
    %ix/vec4/s 4;
    %store/vec4a v00000215ae972230, 4, 0;
    %pushi/vec4 0, 0, 256;
    %load/vec4 v00000215ae972e10_0;
    %muli 16, 0, 32;
    %part/s 16;
    %pushi/vec4 240, 0, 32;
    %load/vec4 v00000215ae972e10_0;
    %add;
    %ix/vec4/s 4;
    %store/vec4a v00000215ae972230, 4, 0;
T_90.2 ; for-loop step statement
    %load/vec4 v00000215ae972e10_0;
    %addi 1, 0, 32;
    %store/vec4 v00000215ae972e10_0, 0, 32;
    %jmp T_90.0;
T_90.1 ; for-loop exit label
    %end;
    .thread T_90;
    .scope S_00000215ae967460;
T_91 ;
    %wait E_00000215ae8d1500;
    %load/vec4 v00000215ae971ab0_0;
    %flag_set/vec4 9;
    %flag_get/vec4 9;
    %jmp/0 T_91.2, 9;
    %load/vec4 v00000215ae9716f0_0;
    %and;
T_91.2;
    %flag_set/vec4 8;
    %jmp/0xz  T_91.0, 8;
    %load/vec4 v00000215ae971dd0_0;
    %parti/s 1, 0, 2;
    %nor/r;
    %flag_set/vec4 8;
    %jmp/0xz  T_91.3, 8;
    %load/vec4 v00000215ae971fb0_0;
    %parti/s 1, 0, 2;
    %load/vec4 v00000215ae95ad70_0;
    %parti/s 8, 0, 2;
    %pad/u 10;
    %ix/vec4 3;
    %ix/load 4, 0, 0; Constant delay
    %assign/vec4/a/d v00000215ae972230, 0, 4;
T_91.3 ;
    %load/vec4 v00000215ae971dd0_0;
    %parti/s 1, 1, 2;
    %nor/r;
    %flag_set/vec4 8;
    %jmp/0xz  T_91.5, 8;
    %load/vec4 v00000215ae971fb0_0;
    %parti/s 1, 1, 2;
    %load/vec4 v00000215ae95ad70_0;
    %parti/s 8, 0, 2;
    %pad/u 10;
    %ix/vec4 3;
    %ix/load 4, 1, 0; part off
    %ix/load 5, 0, 0; Constant delay
    %assign/vec4/a/d v00000215ae972230, 4, 5;
T_91.5 ;
    %load/vec4 v00000215ae971dd0_0;
    %parti/s 1, 2, 3;
    %nor/r;
    %flag_set/vec4 8;
    %jmp/0xz  T_91.7, 8;
    %load/vec4 v00000215ae971fb0_0;
    %parti/s 1, 2, 3;
    %load/vec4 v00000215ae95ad70_0;
    %parti/s 8, 0, 2;
    %pad/u 10;
    %ix/vec4 3;
    %ix/load 4, 2, 0; part off
    %ix/load 5, 0, 0; Constant delay
    %assign/vec4/a/d v00000215ae972230, 4, 5;
T_91.7 ;
    %load/vec4 v00000215ae971dd0_0;
    %parti/s 1, 3, 3;
    %nor/r;
    %flag_set/vec4 8;
    %jmp/0xz  T_91.9, 8;
    %load/vec4 v00000215ae971fb0_0;
    %parti/s 1, 3, 3;
    %load/vec4 v00000215ae95ad70_0;
    %parti/s 8, 0, 2;
    %pad/u 10;
    %ix/vec4 3;
    %ix/load 4, 3, 0; part off
    %ix/load 5, 0, 0; Constant delay
    %assign/vec4/a/d v00000215ae972230, 4, 5;
T_91.9 ;
    %load/vec4 v00000215ae971dd0_0;
    %parti/s 1, 4, 4;
    %nor/r;
    %flag_set/vec4 8;
    %jmp/0xz  T_91.11, 8;
    %load/vec4 v00000215ae971fb0_0;
    %parti/s 1, 4, 4;
    %load/vec4 v00000215ae95ad70_0;
    %parti/s 8, 0, 2;
    %pad/u 10;
    %ix/vec4 3;
    %ix/load 4, 4, 0; part off
    %ix/load 5, 0, 0; Constant delay
    %assign/vec4/a/d v00000215ae972230, 4, 5;
T_91.11 ;
    %load/vec4 v00000215ae971dd0_0;
    %parti/s 1, 5, 4;
    %nor/r;
    %flag_set/vec4 8;
    %jmp/0xz  T_91.13, 8;
    %load/vec4 v00000215ae971fb0_0;
    %parti/s 1, 5, 4;
    %load/vec4 v00000215ae95ad70_0;
    %parti/s 8, 0, 2;
    %pad/u 10;
    %ix/vec4 3;
    %ix/load 4, 5, 0; part off
    %ix/load 5, 0, 0; Constant delay
    %assign/vec4/a/d v00000215ae972230, 4, 5;
T_91.13 ;
    %load/vec4 v00000215ae971dd0_0;
    %parti/s 1, 6, 4;
    %nor/r;
    %flag_set/vec4 8;
    %jmp/0xz  T_91.15, 8;
    %load/vec4 v00000215ae971fb0_0;
    %parti/s 1, 6, 4;
    %load/vec4 v00000215ae95ad70_0;
    %parti/s 8, 0, 2;
    %pad/u 10;
    %ix/vec4 3;
    %ix/load 4, 6, 0; part off
    %ix/load 5, 0, 0; Constant delay
    %assign/vec4/a/d v00000215ae972230, 4, 5;
T_91.15 ;
    %load/vec4 v00000215ae971dd0_0;
    %parti/s 1, 7, 4;
    %nor/r;
    %flag_set/vec4 8;
    %jmp/0xz  T_91.17, 8;
    %load/vec4 v00000215ae971fb0_0;
    %parti/s 1, 7, 4;
    %load/vec4 v00000215ae95ad70_0;
    %parti/s 8, 0, 2;
    %pad/u 10;
    %ix/vec4 3;
    %ix/load 4, 7, 0; part off
    %ix/load 5, 0, 0; Constant delay
    %assign/vec4/a/d v00000215ae972230, 4, 5;
T_91.17 ;
    %load/vec4 v00000215ae971dd0_0;
    %parti/s 1, 8, 5;
    %nor/r;
    %flag_set/vec4 8;
    %jmp/0xz  T_91.19, 8;
    %load/vec4 v00000215ae971fb0_0;
    %parti/s 1, 8, 5;
    %load/vec4 v00000215ae95ad70_0;
    %parti/s 8, 0, 2;
    %pad/u 10;
    %ix/vec4 3;
    %ix/load 4, 8, 0; part off
    %ix/load 5, 0, 0; Constant delay
    %assign/vec4/a/d v00000215ae972230, 4, 5;
T_91.19 ;
    %load/vec4 v00000215ae971dd0_0;
    %parti/s 1, 9, 5;
    %nor/r;
    %flag_set/vec4 8;
    %jmp/0xz  T_91.21, 8;
    %load/vec4 v00000215ae971fb0_0;
    %parti/s 1, 9, 5;
    %load/vec4 v00000215ae95ad70_0;
    %parti/s 8, 0, 2;
    %pad/u 10;
    %ix/vec4 3;
    %ix/load 4, 9, 0; part off
    %ix/load 5, 0, 0; Constant delay
    %assign/vec4/a/d v00000215ae972230, 4, 5;
T_91.21 ;
    %load/vec4 v00000215ae971dd0_0;
    %parti/s 1, 10, 5;
    %nor/r;
    %flag_set/vec4 8;
    %jmp/0xz  T_91.23, 8;
    %load/vec4 v00000215ae971fb0_0;
    %parti/s 1, 10, 5;
    %load/vec4 v00000215ae95ad70_0;
    %parti/s 8, 0, 2;
    %pad/u 10;
    %ix/vec4 3;
    %ix/load 4, 10, 0; part off
    %ix/load 5, 0, 0; Constant delay
    %assign/vec4/a/d v00000215ae972230, 4, 5;
T_91.23 ;
    %load/vec4 v00000215ae971dd0_0;
    %parti/s 1, 11, 5;
    %nor/r;
    %flag_set/vec4 8;
    %jmp/0xz  T_91.25, 8;
    %load/vec4 v00000215ae971fb0_0;
    %parti/s 1, 11, 5;
    %load/vec4 v00000215ae95ad70_0;
    %parti/s 8, 0, 2;
    %pad/u 10;
    %ix/vec4 3;
    %ix/load 4, 11, 0; part off
    %ix/load 5, 0, 0; Constant delay
    %assign/vec4/a/d v00000215ae972230, 4, 5;
T_91.25 ;
    %load/vec4 v00000215ae971dd0_0;
    %parti/s 1, 12, 5;
    %nor/r;
    %flag_set/vec4 8;
    %jmp/0xz  T_91.27, 8;
    %load/vec4 v00000215ae971fb0_0;
    %parti/s 1, 12, 5;
    %load/vec4 v00000215ae95ad70_0;
    %parti/s 8, 0, 2;
    %pad/u 10;
    %ix/vec4 3;
    %ix/load 4, 12, 0; part off
    %ix/load 5, 0, 0; Constant delay
    %assign/vec4/a/d v00000215ae972230, 4, 5;
T_91.27 ;
    %load/vec4 v00000215ae971dd0_0;
    %parti/s 1, 13, 5;
    %nor/r;
    %flag_set/vec4 8;
    %jmp/0xz  T_91.29, 8;
    %load/vec4 v00000215ae971fb0_0;
    %parti/s 1, 13, 5;
    %load/vec4 v00000215ae95ad70_0;
    %parti/s 8, 0, 2;
    %pad/u 10;
    %ix/vec4 3;
    %ix/load 4, 13, 0; part off
    %ix/load 5, 0, 0; Constant delay
    %assign/vec4/a/d v00000215ae972230, 4, 5;
T_91.29 ;
    %load/vec4 v00000215ae971dd0_0;
    %parti/s 1, 14, 5;
    %nor/r;
    %flag_set/vec4 8;
    %jmp/0xz  T_91.31, 8;
    %load/vec4 v00000215ae971fb0_0;
    %parti/s 1, 14, 5;
    %load/vec4 v00000215ae95ad70_0;
    %parti/s 8, 0, 2;
    %pad/u 10;
    %ix/vec4 3;
    %ix/load 4, 14, 0; part off
    %ix/load 5, 0, 0; Constant delay
    %assign/vec4/a/d v00000215ae972230, 4, 5;
T_91.31 ;
    %load/vec4 v00000215ae971dd0_0;
    %parti/s 1, 15, 5;
    %nor/r;
    %flag_set/vec4 8;
    %jmp/0xz  T_91.33, 8;
    %load/vec4 v00000215ae971fb0_0;
    %parti/s 1, 15, 5;
    %load/vec4 v00000215ae95ad70_0;
    %parti/s 8, 0, 2;
    %pad/u 10;
    %ix/vec4 3;
    %ix/load 4, 15, 0; part off
    %ix/load 5, 0, 0; Constant delay
    %assign/vec4/a/d v00000215ae972230, 4, 5;
T_91.33 ;
T_91.0 ;
    %jmp T_91;
    .thread T_91;
    .scope S_00000215ae967460;
T_92 ;
    %wait E_00000215ae8d1140;
    %load/vec4 v00000215ae95aeb0_0;
    %flag_set/vec4 9;
    %flag_get/vec4 9;
    %jmp/0 T_92.2, 9;
    %load/vec4 v00000215ae95b1d0_0;
    %and;
T_92.2;
    %flag_set/vec4 8;
    %jmp/0xz  T_92.0, 8;
    %load/vec4 v00000215ae95b270_0;
    %parti/s 8, 0, 2;
    %pad/u 10;
    %ix/vec4 4;
    %load/vec4a v00000215ae972230, 4;
    %load/vec4 v00000215ae95ac30_0;
    %inv;
    %and;
    %assign/vec4 v00000215ae95b090_0, 0;
T_92.0 ;
    %jmp T_92;
    .thread T_92;
    .scope S_00000215ae8e5d90;
T_93 ;
    %wait E_00000215ae8d0d80;
    %pushi/vec4 0, 0, 32;
    %store/vec4 v00000215ae96df50_0, 0, 32;
T_93.0 ; Top of for-loop
    %load/vec4 v00000215ae96df50_0;
    %cmpi/s 16383, 0, 32;
    %flag_or 5, 4;
	  %jmp/0xz T_93.1, 5;
    %pushi/vec4 65535, 65535, 16;
    %ix/getv/s 4, v00000215ae96df50_0;
    %store/vec4a v00000215ae96daf0, 4, 0;
T_93.2 ; for-loop step statement
    %load/vec4 v00000215ae96df50_0;
    %addi 1, 0, 32;
    %store/vec4 v00000215ae96df50_0, 0, 32;
    %jmp T_93.0;
T_93.1 ; for-loop exit label
    %jmp T_93;
    .thread T_93;
    .scope S_00000215ae8e5d90;
T_94 ;
    %wait E_00000215ae8d1580;
    %load/vec4 v00000215ae96cb50_0;
    %flag_set/vec4 8;
    %jmp/0xz  T_94.0, 8;
    %pushi/vec4 0, 0, 16;
    %assign/vec4 v00000215ae96c290_0, 0;
    %jmp T_94.1;
T_94.0 ;
    %load/vec4 v00000215ae96db90_0;
    %flag_set/vec4 8;
    %jmp/0xz  T_94.2, 8;
    %pushi/vec4 65535, 65535, 16;
    %assign/vec4 v00000215ae96c290_0, 0;
    %jmp T_94.3;
T_94.2 ;
    %load/vec4 v00000215ae96e310_0;
    %flag_set/vec4 8;
    %jmp/0xz  T_94.4, 8;
    %load/vec4 v00000215ae96ce70_0;
    %nor/r;
    %flag_set/vec4 8;
    %jmp/0xz  T_94.6, 8;
    %load/vec4 v00000215ae96dff0_0;
    %pad/u 16;
    %ix/vec4 4;
    %load/vec4a v00000215ae96daf0, 4;
    %assign/vec4 v00000215ae96c290_0, 0;
    %jmp T_94.7;
T_94.6 ;
    %load/vec4 v00000215ae96d370_0;
    %parti/s 1, 0, 2;
    %flag_set/vec4 8;
    %jmp/0xz  T_94.8, 8;
    %load/vec4 v00000215ae96c5b0_0;
    %parti/s 4, 0, 2;
    %load/vec4 v00000215ae96dff0_0;
    %pad/u 16;
    %ix/vec4 3;
    %ix/load 4, 0, 0; Constant delay
    %assign/vec4/a/d v00000215ae96daf0, 0, 4;
T_94.8 ;
    %load/vec4 v00000215ae96d370_0;
    %parti/s 1, 1, 2;
    %flag_set/vec4 8;
    %jmp/0xz  T_94.10, 8;
    %load/vec4 v00000215ae96c5b0_0;
    %parti/s 4, 4, 4;
    %load/vec4 v00000215ae96dff0_0;
    %pad/u 16;
    %ix/vec4 3;
    %ix/load 4, 4, 0; part off
    %ix/load 5, 0, 0; Constant delay
    %assign/vec4/a/d v00000215ae96daf0, 4, 5;
T_94.10 ;
    %load/vec4 v00000215ae96d370_0;
    %parti/s 1, 2, 3;
    %flag_set/vec4 8;
    %jmp/0xz  T_94.12, 8;
    %load/vec4 v00000215ae96c5b0_0;
    %parti/s 4, 8, 5;
    %load/vec4 v00000215ae96dff0_0;
    %pad/u 16;
    %ix/vec4 3;
    %ix/load 4, 8, 0; part off
    %ix/load 5, 0, 0; Constant delay
    %assign/vec4/a/d v00000215ae96daf0, 4, 5;
T_94.12 ;
    %load/vec4 v00000215ae96d370_0;
    %parti/s 1, 3, 3;
    %flag_set/vec4 8;
    %jmp/0xz  T_94.14, 8;
    %load/vec4 v00000215ae96c5b0_0;
    %parti/s 4, 12, 5;
    %load/vec4 v00000215ae96dff0_0;
    %pad/u 16;
    %ix/vec4 3;
    %ix/load 4, 12, 0; part off
    %ix/load 5, 0, 0; Constant delay
    %assign/vec4/a/d v00000215ae96daf0, 4, 5;
T_94.14 ;
    %pushi/vec4 65535, 65535, 16;
    %assign/vec4 v00000215ae96c290_0, 0;
T_94.7 ;
T_94.4 ;
T_94.3 ;
T_94.1 ;
    %jmp T_94;
    .thread T_94;
    .scope S_00000215ae8e5430;
T_95 ;
    %pushi/vec4 0, 0, 1;
    %store/vec4 v00000215ae96d230_0, 0, 1;
T_95.0 ;
    %delay 5000, 0;
    %load/vec4 v00000215ae96d230_0;
    %inv;
    %store/vec4 v00000215ae96d230_0, 0, 1;
    %jmp T_95.0;
T_95.1 ;
    %end;
    .thread T_95;
    .scope S_00000215ae8e5430;
T_96 ;
    %pushi/vec4 1, 0, 1;
    %store/vec4 v00000215ae96e3b0_0, 0, 1;
    %pushi/vec4 0, 0, 8;
    %store/vec4 v00000215ae96e1d0_0, 0, 8;
    %pushi/vec4 0, 0, 32;
    %store/vec4 v00000215ae96dc30_0, 0, 32;
    %delay 20000, 0;
    %pushi/vec4 0, 0, 1;
    %store/vec4 v00000215ae96e3b0_0, 0, 1;
    %pushi/vec4 0, 0, 32;
    %store/vec4 v00000215ae96d910_0, 0, 32;
T_96.0 ; Top of for-loop
    %load/vec4 v00000215ae96d910_0;
    %cmpi/s 100, 0, 32;
	  %jmp/0xz T_96.1, 5;
    %ix/getv/s 4, v00000215ae96d910_0;
    %load/vec4a v00000215ae96d9b0, 4;
    %store/vec4 v00000215ae96e1d0_0, 0, 8;
    %wait E_00000215ae8d1b80;
    %delay 1000, 0;
T_96.2 ; for-loop step statement
    %load/vec4 v00000215ae96d910_0;
    %addi 1, 0, 32;
    %store/vec4 v00000215ae96d910_0, 0, 32;
    %jmp T_96.0;
T_96.1 ; for-loop exit label
    %load/vec4 v00000215ae96dc30_0;
    %cmpi/e 0, 0, 32;
    %jmp/0xz  T_96.3, 4;
    %vpi_call/w 5 87 "$display", "SIMULATION SUCCESSFUL! 0 Errors." {0 0 0};
    %jmp T_96.4;
T_96.3 ;
    %vpi_call/w 5 89 "$display", "SIMULATION FAILED with %d errors.", v00000215ae96dc30_0 {0 0 0};
T_96.4 ;
    %vpi_call/w 5 92 "$finish" {0 0 0};
    %end;
    .thread T_96;
# The file index is used to find the file name in the following table.
:file_names 6;
    "N/A";
    "<interactive>";
    "-";
    "C:\Users\beade\.apio\packages\oss-cad-suite\share\yosys\ice40\cells_sim.v";
    "ex7_top.v";
    "ex7_tb.v";
