#! 
:ivl_version "14.0 (devel)" "(s20251012-140-gf5a178d47-dirty)";
:ivl_delay_selection "TYPICAL";
:vpi_time_precision - 12;
:vpi_module "C:\Users\beade\APIO~1\packages\OSS-CA~1\lib\ivl\system.vpi";
:vpi_module "C:\Users\beade\APIO~1\packages\OSS-CA~1\lib\ivl\vhdl_sys.vpi";
:vpi_module "C:\Users\beade\APIO~1\packages\OSS-CA~1\lib\ivl\vhdl_textio.vpi";
:vpi_module "C:\Users\beade\APIO~1\packages\OSS-CA~1\lib\ivl\v2005_math.vpi";
:vpi_module "C:\Users\beade\APIO~1\packages\OSS-CA~1\lib\ivl\va_math.vpi";
:vpi_module "C:\Users\beade\APIO~1\packages\OSS-CA~1\lib\ivl\v2009.vpi";
S_00000297ecc61e30 .scope package, "$unit" "$unit" 2 1;
 .timescale 0 0;
S_00000297ecbbee20 .scope module, "ICESTORM_LC" "ICESTORM_LC" 3 2136;
 .timescale -12 -12;
    .port_info 0 /INPUT 1 "I0";
    .port_info 1 /INPUT 1 "I1";
    .port_info 2 /INPUT 1 "I2";
    .port_info 3 /INPUT 1 "I3";
    .port_info 4 /INPUT 1 "CIN";
    .port_info 5 /INPUT 1 "CLK";
    .port_info 6 /INPUT 1 "CEN";
    .port_info 7 /INPUT 1 "SR";
    .port_info 8 /OUTPUT 1 "LO";
    .port_info 9 /OUTPUT 1 "O";
    .port_info 10 /OUTPUT 1 "COUT";
P_00000297ecbbeb00 .param/l "ASYNC_SR" 0 3 2148, C4<0>;
P_00000297ecbbeb38 .param/l "CARRY_ENABLE" 0 3 2145, C4<0>;
P_00000297ecbbeb70 .param/l "CIN_CONST" 0 3 2150, C4<0>;
P_00000297ecbbeba8 .param/l "CIN_SET" 0 3 2151, C4<0>;
P_00000297ecbbebe0 .param/l "DFF_ENABLE" 0 3 2146, C4<0>;
P_00000297ecbbec18 .param/l "LUT_INIT" 0 3 2142, C4<0000000000000000>;
P_00000297ecbbec50 .param/l "NEG_CLK" 0 3 2144, C4<0>;
P_00000297ecbbec88 .param/l "SET_NORESET" 0 3 2147, C4<0>;
o00000297ece400e8 .functor BUFZ 1, c4<z>; HiZ drive
L_00000297ece90050 .functor BUFZ 1, o00000297ece400e8, C4<0>, C4<0>, C4<0>;
L_00000297ece8ee60 .functor BUFZ 1, L_00000297eceb2420, C4<0>, C4<0>, C4<0>;
o00000297ece40118 .functor BUFZ 1, c4<z>; HiZ drive
L_00000297eceb4e70 .functor BUFT 1, C4<0>, C4<0>, C4<0>, C4<0>;
L_00000297ece90130 .functor XOR 1, o00000297ece40118, L_00000297eceb4e70, C4<0>, C4<0>;
L_00000297ece8faa0 .functor BUFZ 1, L_00000297eceb2420, C4<0>, C4<0>, C4<0>;
o00000297ece40088 .functor BUFZ 1, c4<z>; HiZ drive
v00000297ecdd3090_0 .net "CEN", 0 0, o00000297ece40088;  0 drivers
v00000297ecdd4210_0 .net "CEN_pu", 0 0, L_00000297eceb2240;  1 drivers
v00000297ecdd3270_0 .net "CIN", 0 0, o00000297ece400e8;  0 drivers
v00000297ecdd3310_0 .net "CLK", 0 0, o00000297ece40118;  0 drivers
L_00000297eceb4d98 .functor BUFT 1, C4<x>, C4<0>, C4<0>, C4<0>;
v00000297ecdd2690_0 .net "COUT", 0 0, L_00000297eceb4d98;  1 drivers
o00000297ece40178 .functor BUFZ 1, c4<z>; HiZ drive
v00000297ecdd2d70_0 .net "I0", 0 0, o00000297ece40178;  0 drivers
v00000297ecdd3950_0 .net "I0_pd", 0 0, L_00000297eceaf220;  1 drivers
o00000297ece401d8 .functor BUFZ 1, c4<z>; HiZ drive
v00000297ecdd2730_0 .net "I1", 0 0, o00000297ece401d8;  0 drivers
v00000297ecdd3770_0 .net "I1_pd", 0 0, L_00000297eceb0800;  1 drivers
o00000297ece40238 .functor BUFZ 1, c4<z>; HiZ drive
v00000297ecdd2870_0 .net "I2", 0 0, o00000297ece40238;  0 drivers
v00000297ecdd34f0_0 .net "I2_pd", 0 0, L_00000297eceb09e0;  1 drivers
o00000297ece40298 .functor BUFZ 1, c4<z>; HiZ drive
v00000297ecdd3b30_0 .net "I3", 0 0, o00000297ece40298;  0 drivers
v00000297ecdd3590_0 .net "I3_pd", 0 0, L_00000297eceb0260;  1 drivers
v00000297ecdd2910_0 .net "LO", 0 0, L_00000297ece8ee60;  1 drivers
v00000297ecdbea80_0 .net "O", 0 0, L_00000297ece8faa0;  1 drivers
o00000297ece40358 .functor BUFZ 1, c4<z>; HiZ drive
v00000297ecdbe1c0_0 .net "SR", 0 0, o00000297ece40358;  0 drivers
v00000297ecdbf520_0 .net "SR_pd", 0 0, L_00000297eceb0300;  1 drivers
o00000297ece403b8 .functor BUFZ 1, c4<z>; HiZ drive
; Elide local net with no drivers, v00000297ecdbe6c0_0 name=_ivl_0
v00000297ecdbfa20_0 .net *"_ivl_10", 0 0, L_00000297eceafb80;  1 drivers
L_00000297eceb4c30 .functor BUFT 1, C4<0>, C4<0>, C4<0>, C4<0>;
v00000297ecdbfde0_0 .net/2u *"_ivl_12", 0 0, L_00000297eceb4c30;  1 drivers
o00000297ece40448 .functor BUFZ 1, c4<z>; HiZ drive
; Elide local net with no drivers, v00000297ecdbe9e0_0 name=_ivl_16
v00000297ecdbe3a0_0 .net *"_ivl_18", 0 0, L_00000297eceb08a0;  1 drivers
v00000297ecd9c910_0 .net *"_ivl_2", 0 0, L_00000297eceafae0;  1 drivers
L_00000297eceb4c78 .functor BUFT 1, C4<0>, C4<0>, C4<0>, C4<0>;
v00000297ecd9d6d0_0 .net/2u *"_ivl_20", 0 0, L_00000297eceb4c78;  1 drivers
o00000297ece40508 .functor BUFZ 1, c4<z>; HiZ drive
; Elide local net with no drivers, v00000297ecd9d9f0_0 name=_ivl_24
v00000297ecd9c0f0_0 .net *"_ivl_26", 0 0, L_00000297eceb0da0;  1 drivers
L_00000297eceb4cc0 .functor BUFT 1, C4<0>, C4<0>, C4<0>, C4<0>;
v00000297ecd9d090_0 .net/2u *"_ivl_28", 0 0, L_00000297eceb4cc0;  1 drivers
o00000297ece40598 .functor BUFZ 1, c4<z>; HiZ drive
; Elide local net with no drivers, v00000297ecd9c730_0 name=_ivl_32
v00000297ecd780a0_0 .net *"_ivl_34", 0 0, L_00000297eceb0c60;  1 drivers
L_00000297eceb4d08 .functor BUFT 1, C4<0>, C4<0>, C4<0>, C4<0>;
v00000297ece38ea0_0 .net/2u *"_ivl_36", 0 0, L_00000297eceb4d08;  1 drivers
L_00000297eceb4be8 .functor BUFT 1, C4<0>, C4<0>, C4<0>, C4<0>;
v00000297ece39940_0 .net/2u *"_ivl_4", 0 0, L_00000297eceb4be8;  1 drivers
o00000297ece40658 .functor BUFZ 1, c4<z>; HiZ drive
; Elide local net with no drivers, v00000297ece3a480_0 name=_ivl_40
v00000297ece38ae0_0 .net *"_ivl_42", 0 0, L_00000297eceb22e0;  1 drivers
L_00000297eceb4d50 .functor BUFT 1, C4<1>, C4<0>, C4<0>, C4<0>;
v00000297ece3a160_0 .net/2u *"_ivl_44", 0 0, L_00000297eceb4d50;  1 drivers
L_00000297eceb4de0 .functor BUFT 1, C4<00000000>, C4<0>, C4<0>, C4<0>;
v00000297ece399e0_0 .net/2u *"_ivl_52", 7 0, L_00000297eceb4de0;  1 drivers
L_00000297eceb4e28 .functor BUFT 1, C4<00000000>, C4<0>, C4<0>, C4<0>;
v00000297ece38cc0_0 .net/2u *"_ivl_54", 7 0, L_00000297eceb4e28;  1 drivers
v00000297ece38f40_0 .net *"_ivl_59", 3 0, L_00000297eceb2380;  1 drivers
v00000297ece39760_0 .net *"_ivl_61", 3 0, L_00000297eceb40e0;  1 drivers
v00000297ece38b80_0 .net *"_ivl_65", 1 0, L_00000297eceb3320;  1 drivers
v00000297ece3a0c0_0 .net *"_ivl_67", 1 0, L_00000297eceb2f60;  1 drivers
v00000297ece3a660_0 .net *"_ivl_71", 0 0, L_00000297eceb2c40;  1 drivers
v00000297ece39bc0_0 .net *"_ivl_73", 0 0, L_00000297eceb30a0;  1 drivers
v00000297ece3a980_0 .net/2u *"_ivl_78", 0 0, L_00000297eceb4e70;  1 drivers
o00000297ece40898 .functor BUFZ 1, c4<z>; HiZ drive
; Elide local net with no drivers, v00000297ece38d60_0 name=_ivl_8
v00000297ece3a200_0 .net "lut_o", 0 0, L_00000297eceb2420;  1 drivers
v00000297ece3a520_0 .net "lut_s1", 1 0, L_00000297eceb1c00;  1 drivers
v00000297ece39620_0 .net "lut_s2", 3 0, L_00000297eceb3780;  1 drivers
v00000297ece38e00_0 .net "lut_s3", 7 0, L_00000297eceb36e0;  1 drivers
v00000297ece38fe0_0 .net "mux_cin", 0 0, L_00000297ece90050;  1 drivers
v00000297ece39d00_0 .var "o_reg", 0 0;
v00000297ece39800_0 .var "o_reg_async", 0 0;
v00000297ece3a5c0_0 .net "polarized_clk", 0 0, L_00000297ece90130;  1 drivers
E_00000297ece0ede0 .event posedge, v00000297ecdbf520_0, v00000297ece3a5c0_0;
E_00000297ece0eaa0 .event posedge, v00000297ece3a5c0_0;
L_00000297eceafae0 .cmp/eeq 1, o00000297ece40178, o00000297ece403b8;
L_00000297eceaf220 .functor MUXZ 1, o00000297ece40178, L_00000297eceb4be8, L_00000297eceafae0, C4<>;
L_00000297eceafb80 .cmp/eeq 1, o00000297ece401d8, o00000297ece40898;
L_00000297eceb0800 .functor MUXZ 1, o00000297ece401d8, L_00000297eceb4c30, L_00000297eceafb80, C4<>;
L_00000297eceb08a0 .cmp/eeq 1, o00000297ece40238, o00000297ece40448;
L_00000297eceb09e0 .functor MUXZ 1, o00000297ece40238, L_00000297eceb4c78, L_00000297eceb08a0, C4<>;
L_00000297eceb0da0 .cmp/eeq 1, o00000297ece40298, o00000297ece40508;
L_00000297eceb0260 .functor MUXZ 1, o00000297ece40298, L_00000297eceb4cc0, L_00000297eceb0da0, C4<>;
L_00000297eceb0c60 .cmp/eeq 1, o00000297ece40358, o00000297ece40598;
L_00000297eceb0300 .functor MUXZ 1, o00000297ece40358, L_00000297eceb4d08, L_00000297eceb0c60, C4<>;
L_00000297eceb22e0 .cmp/eeq 1, o00000297ece40088, o00000297ece40658;
L_00000297eceb2240 .functor MUXZ 1, o00000297ece40088, L_00000297eceb4d50, L_00000297eceb22e0, C4<>;
L_00000297eceb36e0 .functor MUXZ 8, L_00000297eceb4e28, L_00000297eceb4de0, L_00000297eceb0260, C4<>;
L_00000297eceb2380 .part L_00000297eceb36e0, 4, 4;
L_00000297eceb40e0 .part L_00000297eceb36e0, 0, 4;
L_00000297eceb3780 .functor MUXZ 4, L_00000297eceb40e0, L_00000297eceb2380, L_00000297eceb09e0, C4<>;
L_00000297eceb3320 .part L_00000297eceb3780, 2, 2;
L_00000297eceb2f60 .part L_00000297eceb3780, 0, 2;
L_00000297eceb1c00 .functor MUXZ 2, L_00000297eceb2f60, L_00000297eceb3320, L_00000297eceb0800, C4<>;
L_00000297eceb2c40 .part L_00000297eceb1c00, 1, 1;
L_00000297eceb30a0 .part L_00000297eceb1c00, 0, 1;
L_00000297eceb2420 .functor MUXZ 1, L_00000297eceb30a0, L_00000297eceb2c40, L_00000297eceaf220, C4<>;
S_00000297eccd4470 .scope module, "ICESTORM_RAM" "ICESTORM_RAM" 3 3167;
 .timescale -12 -12;
    .port_info 0 /OUTPUT 1 "RDATA_15";
    .port_info 1 /OUTPUT 1 "RDATA_14";
    .port_info 2 /OUTPUT 1 "RDATA_13";
    .port_info 3 /OUTPUT 1 "RDATA_12";
    .port_info 4 /OUTPUT 1 "RDATA_11";
    .port_info 5 /OUTPUT 1 "RDATA_10";
    .port_info 6 /OUTPUT 1 "RDATA_9";
    .port_info 7 /OUTPUT 1 "RDATA_8";
    .port_info 8 /OUTPUT 1 "RDATA_7";
    .port_info 9 /OUTPUT 1 "RDATA_6";
    .port_info 10 /OUTPUT 1 "RDATA_5";
    .port_info 11 /OUTPUT 1 "RDATA_4";
    .port_info 12 /OUTPUT 1 "RDATA_3";
    .port_info 13 /OUTPUT 1 "RDATA_2";
    .port_info 14 /OUTPUT 1 "RDATA_1";
    .port_info 15 /OUTPUT 1 "RDATA_0";
    .port_info 16 /INPUT 1 "RCLK";
    .port_info 17 /INPUT 1 "RCLKE";
    .port_info 18 /INPUT 1 "RE";
    .port_info 19 /INPUT 1 "RADDR_10";
    .port_info 20 /INPUT 1 "RADDR_9";
    .port_info 21 /INPUT 1 "RADDR_8";
    .port_info 22 /INPUT 1 "RADDR_7";
    .port_info 23 /INPUT 1 "RADDR_6";
    .port_info 24 /INPUT 1 "RADDR_5";
    .port_info 25 /INPUT 1 "RADDR_4";
    .port_info 26 /INPUT 1 "RADDR_3";
    .port_info 27 /INPUT 1 "RADDR_2";
    .port_info 28 /INPUT 1 "RADDR_1";
    .port_info 29 /INPUT 1 "RADDR_0";
    .port_info 30 /INPUT 1 "WCLK";
    .port_info 31 /INPUT 1 "WCLKE";
    .port_info 32 /INPUT 1 "WE";
    .port_info 33 /INPUT 1 "WADDR_10";
    .port_info 34 /INPUT 1 "WADDR_9";
    .port_info 35 /INPUT 1 "WADDR_8";
    .port_info 36 /INPUT 1 "WADDR_7";
    .port_info 37 /INPUT 1 "WADDR_6";
    .port_info 38 /INPUT 1 "WADDR_5";
    .port_info 39 /INPUT 1 "WADDR_4";
    .port_info 40 /INPUT 1 "WADDR_3";
    .port_info 41 /INPUT 1 "WADDR_2";
    .port_info 42 /INPUT 1 "WADDR_1";
    .port_info 43 /INPUT 1 "WADDR_0";
    .port_info 44 /INPUT 1 "MASK_15";
    .port_info 45 /INPUT 1 "MASK_14";
    .port_info 46 /INPUT 1 "MASK_13";
    .port_info 47 /INPUT 1 "MASK_12";
    .port_info 48 /INPUT 1 "MASK_11";
    .port_info 49 /INPUT 1 "MASK_10";
    .port_info 50 /INPUT 1 "MASK_9";
    .port_info 51 /INPUT 1 "MASK_8";
    .port_info 52 /INPUT 1 "MASK_7";
    .port_info 53 /INPUT 1 "MASK_6";
    .port_info 54 /INPUT 1 "MASK_5";
    .port_info 55 /INPUT 1 "MASK_4";
    .port_info 56 /INPUT 1 "MASK_3";
    .port_info 57 /INPUT 1 "MASK_2";
    .port_info 58 /INPUT 1 "MASK_1";
    .port_info 59 /INPUT 1 "MASK_0";
    .port_info 60 /INPUT 1 "WDATA_15";
    .port_info 61 /INPUT 1 "WDATA_14";
    .port_info 62 /INPUT 1 "WDATA_13";
    .port_info 63 /INPUT 1 "WDATA_12";
    .port_info 64 /INPUT 1 "WDATA_11";
    .port_info 65 /INPUT 1 "WDATA_10";
    .port_info 66 /INPUT 1 "WDATA_9";
    .port_info 67 /INPUT 1 "WDATA_8";
    .port_info 68 /INPUT 1 "WDATA_7";
    .port_info 69 /INPUT 1 "WDATA_6";
    .port_info 70 /INPUT 1 "WDATA_5";
    .port_info 71 /INPUT 1 "WDATA_4";
    .port_info 72 /INPUT 1 "WDATA_3";
    .port_info 73 /INPUT 1 "WDATA_2";
    .port_info 74 /INPUT 1 "WDATA_1";
    .port_info 75 /INPUT 1 "WDATA_0";
P_00000297ecb1bdb0 .param/l "INIT_0" 0 3 3182, C4<0000000000000000000000000000000000000000000000000000000000000000000000000000000000000000000000000000000000000000000000000000000000000000000000000000000000000000000000000000000000000000000000000000000000000000000000000000000000000000000000000000000000000000>;
P_00000297ecb1bde8 .param/l "INIT_1" 0 3 3183, C4<0000000000000000000000000000000000000000000000000000000000000000000000000000000000000000000000000000000000000000000000000000000000000000000000000000000000000000000000000000000000000000000000000000000000000000000000000000000000000000000000000000000000000000>;
P_00000297ecb1be20 .param/l "INIT_2" 0 3 3184, C4<0000000000000000000000000000000000000000000000000000000000000000000000000000000000000000000000000000000000000000000000000000000000000000000000000000000000000000000000000000000000000000000000000000000000000000000000000000000000000000000000000000000000000000>;
P_00000297ecb1be58 .param/l "INIT_3" 0 3 3185, C4<0000000000000000000000000000000000000000000000000000000000000000000000000000000000000000000000000000000000000000000000000000000000000000000000000000000000000000000000000000000000000000000000000000000000000000000000000000000000000000000000000000000000000000>;
P_00000297ecb1be90 .param/l "INIT_4" 0 3 3186, C4<0000000000000000000000000000000000000000000000000000000000000000000000000000000000000000000000000000000000000000000000000000000000000000000000000000000000000000000000000000000000000000000000000000000000000000000000000000000000000000000000000000000000000000>;
P_00000297ecb1bec8 .param/l "INIT_5" 0 3 3187, C4<0000000000000000000000000000000000000000000000000000000000000000000000000000000000000000000000000000000000000000000000000000000000000000000000000000000000000000000000000000000000000000000000000000000000000000000000000000000000000000000000000000000000000000>;
P_00000297ecb1bf00 .param/l "INIT_6" 0 3 3188, C4<0000000000000000000000000000000000000000000000000000000000000000000000000000000000000000000000000000000000000000000000000000000000000000000000000000000000000000000000000000000000000000000000000000000000000000000000000000000000000000000000000000000000000000>;
P_00000297ecb1bf38 .param/l "INIT_7" 0 3 3189, C4<0000000000000000000000000000000000000000000000000000000000000000000000000000000000000000000000000000000000000000000000000000000000000000000000000000000000000000000000000000000000000000000000000000000000000000000000000000000000000000000000000000000000000000>;
P_00000297ecb1bf70 .param/l "INIT_8" 0 3 3190, C4<0000000000000000000000000000000000000000000000000000000000000000000000000000000000000000000000000000000000000000000000000000000000000000000000000000000000000000000000000000000000000000000000000000000000000000000000000000000000000000000000000000000000000000>;
P_00000297ecb1bfa8 .param/l "INIT_9" 0 3 3191, C4<0000000000000000000000000000000000000000000000000000000000000000000000000000000000000000000000000000000000000000000000000000000000000000000000000000000000000000000000000000000000000000000000000000000000000000000000000000000000000000000000000000000000000000>;
P_00000297ecb1bfe0 .param/l "INIT_A" 0 3 3192, C4<0000000000000000000000000000000000000000000000000000000000000000000000000000000000000000000000000000000000000000000000000000000000000000000000000000000000000000000000000000000000000000000000000000000000000000000000000000000000000000000000000000000000000000>;
P_00000297ecb1c018 .param/l "INIT_B" 0 3 3193, C4<0000000000000000000000000000000000000000000000000000000000000000000000000000000000000000000000000000000000000000000000000000000000000000000000000000000000000000000000000000000000000000000000000000000000000000000000000000000000000000000000000000000000000000>;
P_00000297ecb1c050 .param/l "INIT_C" 0 3 3194, C4<0000000000000000000000000000000000000000000000000000000000000000000000000000000000000000000000000000000000000000000000000000000000000000000000000000000000000000000000000000000000000000000000000000000000000000000000000000000000000000000000000000000000000000>;
P_00000297ecb1c088 .param/l "INIT_D" 0 3 3195, C4<0000000000000000000000000000000000000000000000000000000000000000000000000000000000000000000000000000000000000000000000000000000000000000000000000000000000000000000000000000000000000000000000000000000000000000000000000000000000000000000000000000000000000000>;
P_00000297ecb1c0c0 .param/l "INIT_E" 0 3 3196, C4<0000000000000000000000000000000000000000000000000000000000000000000000000000000000000000000000000000000000000000000000000000000000000000000000000000000000000000000000000000000000000000000000000000000000000000000000000000000000000000000000000000000000000000>;
P_00000297ecb1c0f8 .param/l "INIT_F" 0 3 3197, C4<0000000000000000000000000000000000000000000000000000000000000000000000000000000000000000000000000000000000000000000000000000000000000000000000000000000000000000000000000000000000000000000000000000000000000000000000000000000000000000000000000000000000000000>;
P_00000297ecb1c130 .param/l "NEG_CLK_R" 0 3 3179, C4<0>;
P_00000297ecb1c168 .param/l "NEG_CLK_W" 0 3 3180, C4<0>;
P_00000297ecb1c1a0 .param/l "READ_MODE" 0 3 3177, +C4<00000000000000000000000000000000>;
P_00000297ecb1c1d8 .param/l "WRITE_MODE" 0 3 3176, +C4<00000000000000000000000000000000>;
L_00000297eceb4f00 .functor BUFT 1, C4<0>, C4<0>, C4<0>, C4<0>;
L_00000297ece90440 .functor XOR 1, L_00000297eceb3a00, L_00000297eceb4f00, C4<0>, C4<0>;
L_00000297eceb4f48 .functor BUFT 1, C4<0>, C4<0>, C4<0>, C4<0>;
L_00000297ece8f640 .functor XOR 1, L_00000297eceb3f00, L_00000297eceb4f48, C4<0>, C4<0>;
o00000297ece41228 .functor BUFZ 1, c4<z>; HiZ drive
v00000297ece393a0_0 .net "MASK_0", 0 0, o00000297ece41228;  0 drivers
o00000297ece41258 .functor BUFZ 1, c4<z>; HiZ drive
v00000297ece39e40_0 .net "MASK_1", 0 0, o00000297ece41258;  0 drivers
o00000297ece41288 .functor BUFZ 1, c4<z>; HiZ drive
v00000297ece39b20_0 .net "MASK_10", 0 0, o00000297ece41288;  0 drivers
o00000297ece412b8 .functor BUFZ 1, c4<z>; HiZ drive
v00000297ece39da0_0 .net "MASK_11", 0 0, o00000297ece412b8;  0 drivers
o00000297ece412e8 .functor BUFZ 1, c4<z>; HiZ drive
v00000297ece39ee0_0 .net "MASK_12", 0 0, o00000297ece412e8;  0 drivers
o00000297ece41318 .functor BUFZ 1, c4<z>; HiZ drive
v00000297ece3a3e0_0 .net "MASK_13", 0 0, o00000297ece41318;  0 drivers
o00000297ece41348 .functor BUFZ 1, c4<z>; HiZ drive
v00000297ece3b310_0 .net "MASK_14", 0 0, o00000297ece41348;  0 drivers
o00000297ece41378 .functor BUFZ 1, c4<z>; HiZ drive
v00000297ece3aeb0_0 .net "MASK_15", 0 0, o00000297ece41378;  0 drivers
o00000297ece413a8 .functor BUFZ 1, c4<z>; HiZ drive
v00000297ece3c990_0 .net "MASK_2", 0 0, o00000297ece413a8;  0 drivers
o00000297ece413d8 .functor BUFZ 1, c4<z>; HiZ drive
v00000297ece3c7b0_0 .net "MASK_3", 0 0, o00000297ece413d8;  0 drivers
o00000297ece41408 .functor BUFZ 1, c4<z>; HiZ drive
v00000297ece3b3b0_0 .net "MASK_4", 0 0, o00000297ece41408;  0 drivers
o00000297ece41438 .functor BUFZ 1, c4<z>; HiZ drive
v00000297ece3ba90_0 .net "MASK_5", 0 0, o00000297ece41438;  0 drivers
o00000297ece41468 .functor BUFZ 1, c4<z>; HiZ drive
v00000297ece3c670_0 .net "MASK_6", 0 0, o00000297ece41468;  0 drivers
o00000297ece41498 .functor BUFZ 1, c4<z>; HiZ drive
v00000297ece3bef0_0 .net "MASK_7", 0 0, o00000297ece41498;  0 drivers
o00000297ece414c8 .functor BUFZ 1, c4<z>; HiZ drive
v00000297ece3c710_0 .net "MASK_8", 0 0, o00000297ece414c8;  0 drivers
o00000297ece414f8 .functor BUFZ 1, c4<z>; HiZ drive
v00000297ece3aff0_0 .net "MASK_9", 0 0, o00000297ece414f8;  0 drivers
o00000297ece41528 .functor BUFZ 1, c4<z>; HiZ drive
v00000297ece3b450_0 .net "RADDR_0", 0 0, o00000297ece41528;  0 drivers
o00000297ece41558 .functor BUFZ 1, c4<z>; HiZ drive
v00000297ece3b6d0_0 .net "RADDR_1", 0 0, o00000297ece41558;  0 drivers
o00000297ece41588 .functor BUFZ 1, c4<z>; HiZ drive
v00000297ece3aaf0_0 .net "RADDR_10", 0 0, o00000297ece41588;  0 drivers
o00000297ece415b8 .functor BUFZ 1, c4<z>; HiZ drive
v00000297ece3ac30_0 .net "RADDR_2", 0 0, o00000297ece415b8;  0 drivers
o00000297ece415e8 .functor BUFZ 1, c4<z>; HiZ drive
v00000297ece3c530_0 .net "RADDR_3", 0 0, o00000297ece415e8;  0 drivers
o00000297ece41618 .functor BUFZ 1, c4<z>; HiZ drive
v00000297ece3bb30_0 .net "RADDR_4", 0 0, o00000297ece41618;  0 drivers
o00000297ece41648 .functor BUFZ 1, c4<z>; HiZ drive
v00000297ece3b090_0 .net "RADDR_5", 0 0, o00000297ece41648;  0 drivers
o00000297ece41678 .functor BUFZ 1, c4<z>; HiZ drive
v00000297ece3bf90_0 .net "RADDR_6", 0 0, o00000297ece41678;  0 drivers
o00000297ece416a8 .functor BUFZ 1, c4<z>; HiZ drive
v00000297ece3c030_0 .net "RADDR_7", 0 0, o00000297ece416a8;  0 drivers
o00000297ece416d8 .functor BUFZ 1, c4<z>; HiZ drive
v00000297ece3c490_0 .net "RADDR_8", 0 0, o00000297ece416d8;  0 drivers
o00000297ece41708 .functor BUFZ 1, c4<z>; HiZ drive
v00000297ece3b950_0 .net "RADDR_9", 0 0, o00000297ece41708;  0 drivers
o00000297ece41738 .functor BUFZ 1, c4<z>; HiZ drive
v00000297ece3ab90_0 .net "RCLK", 0 0, o00000297ece41738;  0 drivers
o00000297ece41768 .functor BUFZ 1, c4<z>; HiZ drive
v00000297ece3b4f0_0 .net "RCLKE", 0 0, o00000297ece41768;  0 drivers
v00000297ece3b130_0 .net "RDATA_0", 0 0, L_00000297eceb3500;  1 drivers
v00000297ece3c0d0_0 .net "RDATA_1", 0 0, L_00000297eceb1a20;  1 drivers
v00000297ece3b590_0 .net "RDATA_10", 0 0, L_00000297eceb38c0;  1 drivers
v00000297ece3b770_0 .net "RDATA_11", 0 0, L_00000297eceb2560;  1 drivers
v00000297ece3bdb0_0 .net "RDATA_12", 0 0, L_00000297eceb3820;  1 drivers
v00000297ece3c5d0_0 .net "RDATA_13", 0 0, L_00000297eceb3640;  1 drivers
v00000297ece3c170_0 .net "RDATA_14", 0 0, L_00000297eceb1d40;  1 drivers
v00000297ece3c210_0 .net "RDATA_15", 0 0, L_00000297eceb24c0;  1 drivers
v00000297ece3c3f0_0 .net "RDATA_2", 0 0, L_00000297eceb2920;  1 drivers
v00000297ece3c850_0 .net "RDATA_3", 0 0, L_00000297eceb27e0;  1 drivers
v00000297ece3c8f0_0 .net "RDATA_4", 0 0, L_00000297eceb2740;  1 drivers
v00000297ece3b630_0 .net "RDATA_5", 0 0, L_00000297eceb2600;  1 drivers
v00000297ece3c2b0_0 .net "RDATA_6", 0 0, L_00000297eceb3960;  1 drivers
v00000297ece3af50_0 .net "RDATA_7", 0 0, L_00000297eceb2ce0;  1 drivers
v00000297ece3b810_0 .net "RDATA_8", 0 0, L_00000297eceb26a0;  1 drivers
v00000297ece3c350_0 .net "RDATA_9", 0 0, L_00000297eceb1ac0;  1 drivers
o00000297ece41a98 .functor BUFZ 1, c4<z>; HiZ drive
v00000297ece3b1d0_0 .net "RE", 0 0, o00000297ece41a98;  0 drivers
o00000297ece41ac8 .functor BUFZ 1, c4<z>; HiZ drive
v00000297ece3acd0_0 .net "WADDR_0", 0 0, o00000297ece41ac8;  0 drivers
o00000297ece41af8 .functor BUFZ 1, c4<z>; HiZ drive
v00000297ece3b8b0_0 .net "WADDR_1", 0 0, o00000297ece41af8;  0 drivers
o00000297ece41b28 .functor BUFZ 1, c4<z>; HiZ drive
v00000297ece3ad70_0 .net "WADDR_10", 0 0, o00000297ece41b28;  0 drivers
o00000297ece41b58 .functor BUFZ 1, c4<z>; HiZ drive
v00000297ece3b270_0 .net "WADDR_2", 0 0, o00000297ece41b58;  0 drivers
o00000297ece41b88 .functor BUFZ 1, c4<z>; HiZ drive
v00000297ece3ae10_0 .net "WADDR_3", 0 0, o00000297ece41b88;  0 drivers
o00000297ece41bb8 .functor BUFZ 1, c4<z>; HiZ drive
v00000297ece3b9f0_0 .net "WADDR_4", 0 0, o00000297ece41bb8;  0 drivers
o00000297ece41be8 .functor BUFZ 1, c4<z>; HiZ drive
v00000297ece3bbd0_0 .net "WADDR_5", 0 0, o00000297ece41be8;  0 drivers
o00000297ece41c18 .functor BUFZ 1, c4<z>; HiZ drive
v00000297ece3bc70_0 .net "WADDR_6", 0 0, o00000297ece41c18;  0 drivers
o00000297ece41c48 .functor BUFZ 1, c4<z>; HiZ drive
v00000297ece3bd10_0 .net "WADDR_7", 0 0, o00000297ece41c48;  0 drivers
o00000297ece41c78 .functor BUFZ 1, c4<z>; HiZ drive
v00000297ece3be50_0 .net "WADDR_8", 0 0, o00000297ece41c78;  0 drivers
o00000297ece41ca8 .functor BUFZ 1, c4<z>; HiZ drive
v00000297ece857b0_0 .net "WADDR_9", 0 0, o00000297ece41ca8;  0 drivers
o00000297ece41cd8 .functor BUFZ 1, c4<z>; HiZ drive
v00000297ece853f0_0 .net "WCLK", 0 0, o00000297ece41cd8;  0 drivers
o00000297ece41d08 .functor BUFZ 1, c4<z>; HiZ drive
v00000297ece86390_0 .net "WCLKE", 0 0, o00000297ece41d08;  0 drivers
o00000297ece41d38 .functor BUFZ 1, c4<z>; HiZ drive
v00000297ece855d0_0 .net "WDATA_0", 0 0, o00000297ece41d38;  0 drivers
o00000297ece41d68 .functor BUFZ 1, c4<z>; HiZ drive
v00000297ece85c10_0 .net "WDATA_1", 0 0, o00000297ece41d68;  0 drivers
o00000297ece41d98 .functor BUFZ 1, c4<z>; HiZ drive
v00000297ece861b0_0 .net "WDATA_10", 0 0, o00000297ece41d98;  0 drivers
o00000297ece41dc8 .functor BUFZ 1, c4<z>; HiZ drive
v00000297ece85170_0 .net "WDATA_11", 0 0, o00000297ece41dc8;  0 drivers
o00000297ece41df8 .functor BUFZ 1, c4<z>; HiZ drive
v00000297ece86430_0 .net "WDATA_12", 0 0, o00000297ece41df8;  0 drivers
o00000297ece41e28 .functor BUFZ 1, c4<z>; HiZ drive
v00000297ece86070_0 .net "WDATA_13", 0 0, o00000297ece41e28;  0 drivers
o00000297ece41e58 .functor BUFZ 1, c4<z>; HiZ drive
v00000297ece85670_0 .net "WDATA_14", 0 0, o00000297ece41e58;  0 drivers
o00000297ece41e88 .functor BUFZ 1, c4<z>; HiZ drive
v00000297ece85df0_0 .net "WDATA_15", 0 0, o00000297ece41e88;  0 drivers
o00000297ece41eb8 .functor BUFZ 1, c4<z>; HiZ drive
v00000297ece867f0_0 .net "WDATA_2", 0 0, o00000297ece41eb8;  0 drivers
o00000297ece41ee8 .functor BUFZ 1, c4<z>; HiZ drive
v00000297ece85ad0_0 .net "WDATA_3", 0 0, o00000297ece41ee8;  0 drivers
o00000297ece41f18 .functor BUFZ 1, c4<z>; HiZ drive
v00000297ece85350_0 .net "WDATA_4", 0 0, o00000297ece41f18;  0 drivers
o00000297ece41f48 .functor BUFZ 1, c4<z>; HiZ drive
v00000297ece864d0_0 .net "WDATA_5", 0 0, o00000297ece41f48;  0 drivers
o00000297ece41f78 .functor BUFZ 1, c4<z>; HiZ drive
v00000297ece85710_0 .net "WDATA_6", 0 0, o00000297ece41f78;  0 drivers
o00000297ece41fa8 .functor BUFZ 1, c4<z>; HiZ drive
v00000297ece852b0_0 .net "WDATA_7", 0 0, o00000297ece41fa8;  0 drivers
o00000297ece41fd8 .functor BUFZ 1, c4<z>; HiZ drive
v00000297ece85990_0 .net "WDATA_8", 0 0, o00000297ece41fd8;  0 drivers
o00000297ece42008 .functor BUFZ 1, c4<z>; HiZ drive
v00000297ece86570_0 .net "WDATA_9", 0 0, o00000297ece42008;  0 drivers
o00000297ece42038 .functor BUFZ 1, c4<z>; HiZ drive
v00000297ece85850_0 .net "WE", 0 0, o00000297ece42038;  0 drivers
v00000297ece85490_0 .net *"_ivl_100", 0 0, L_00000297eceb4400;  1 drivers
v00000297ece86250_0 .net *"_ivl_102", 0 0, L_00000297eceb4360;  1 drivers
v00000297ece85530_0 .net *"_ivl_104", 0 0, L_00000297eceb44a0;  1 drivers
v00000297ece858f0_0 .net *"_ivl_106", 0 0, L_00000297eceb4540;  1 drivers
v00000297ece85a30_0 .net *"_ivl_108", 0 0, L_00000297eceb45e0;  1 drivers
v00000297ece85b70_0 .net *"_ivl_110", 0 0, L_00000297eceb4900;  1 drivers
v00000297ece85cb0_0 .net *"_ivl_112", 0 0, L_00000297eceb4680;  1 drivers
v00000297ece85d50_0 .net *"_ivl_114", 0 0, L_00000297eceb4720;  1 drivers
v00000297ece85210_0 .net *"_ivl_116", 0 0, L_00000297eceb4220;  1 drivers
v00000297ece85e90_0 .net *"_ivl_120", 0 0, L_00000297eceb4860;  1 drivers
v00000297ece85f30_0 .net *"_ivl_122", 0 0, L_00000297ecf13980;  1 drivers
v00000297ece85fd0_0 .net *"_ivl_124", 0 0, L_00000297ecf13520;  1 drivers
v00000297ece86110_0 .net *"_ivl_126", 0 0, L_00000297ecf13a20;  1 drivers
v00000297ece862f0_0 .net *"_ivl_128", 0 0, L_00000297ecf14060;  1 drivers
v00000297ece86610_0 .net *"_ivl_130", 0 0, L_00000297ecf12120;  1 drivers
v00000297ece866b0_0 .net *"_ivl_132", 0 0, L_00000297ecf126c0;  1 drivers
v00000297ece86750_0 .net *"_ivl_134", 0 0, L_00000297ecf12bc0;  1 drivers
v00000297ece82a10_0 .net *"_ivl_136", 0 0, L_00000297ecf123a0;  1 drivers
v00000297ece84a90_0 .net *"_ivl_138", 0 0, L_00000297ecf12b20;  1 drivers
v00000297ece85030_0 .net *"_ivl_140", 0 0, L_00000297ecf13de0;  1 drivers
v00000297ece843b0_0 .net *"_ivl_142", 0 0, L_00000297ecf13e80;  1 drivers
v00000297ece83230_0 .net *"_ivl_144", 0 0, L_00000297ecf13ca0;  1 drivers
v00000297ece83af0_0 .net *"_ivl_146", 0 0, L_00000297ecf12940;  1 drivers
v00000297ece84ef0_0 .net *"_ivl_148", 0 0, L_00000297ecf124e0;  1 drivers
v00000297ece84bd0_0 .net *"_ivl_150", 0 0, L_00000297ecf129e0;  1 drivers
v00000297ece850d0_0 .net *"_ivl_18", 0 0, L_00000297eceb3a00;  1 drivers
v00000297ece83b90_0 .net/2u *"_ivl_19", 0 0, L_00000297eceb4f00;  1 drivers
v00000297ece83730_0 .net *"_ivl_28", 0 0, L_00000297eceb3d20;  1 drivers
v00000297ece832d0_0 .net *"_ivl_30", 0 0, L_00000297eceb29c0;  1 drivers
v00000297ece84c70_0 .net *"_ivl_32", 0 0, L_00000297eceb3be0;  1 drivers
v00000297ece84450_0 .net *"_ivl_34", 0 0, L_00000297eceb3aa0;  1 drivers
v00000297ece83e10_0 .net *"_ivl_36", 0 0, L_00000297eceb3b40;  1 drivers
v00000297ece83eb0_0 .net *"_ivl_38", 0 0, L_00000297eceb3460;  1 drivers
v00000297ece830f0_0 .net *"_ivl_40", 0 0, L_00000297eceb2a60;  1 drivers
v00000297ece844f0_0 .net *"_ivl_42", 0 0, L_00000297eceb3c80;  1 drivers
v00000297ece849f0_0 .net *"_ivl_44", 0 0, L_00000297eceb2d80;  1 drivers
v00000297ece82f10_0 .net *"_ivl_46", 0 0, L_00000297eceb3dc0;  1 drivers
v00000297ece82b50_0 .net *"_ivl_48", 0 0, L_00000297eceb2b00;  1 drivers
v00000297ece82970_0 .net *"_ivl_52", 0 0, L_00000297eceb3f00;  1 drivers
v00000297ece835f0_0 .net/2u *"_ivl_53", 0 0, L_00000297eceb4f48;  1 drivers
v00000297ece83ff0_0 .net *"_ivl_62", 0 0, L_00000297eceb3fa0;  1 drivers
v00000297ece82fb0_0 .net *"_ivl_64", 0 0, L_00000297eceb2ec0;  1 drivers
v00000297ece83410_0 .net *"_ivl_66", 0 0, L_00000297eceb4040;  1 drivers
v00000297ece83c30_0 .net *"_ivl_68", 0 0, L_00000297eceb4180;  1 drivers
v00000297ece84590_0 .net *"_ivl_70", 0 0, L_00000297eceb2e20;  1 drivers
v00000297ece834b0_0 .net *"_ivl_72", 0 0, L_00000297eceb1e80;  1 drivers
v00000297ece839b0_0 .net *"_ivl_74", 0 0, L_00000297eceb3000;  1 drivers
v00000297ece84310_0 .net *"_ivl_76", 0 0, L_00000297eceb3140;  1 drivers
v00000297ece84810_0 .net *"_ivl_78", 0 0, L_00000297eceb31e0;  1 drivers
v00000297ece83550_0 .net *"_ivl_80", 0 0, L_00000297eceb1b60;  1 drivers
v00000297ece83910_0 .net *"_ivl_82", 0 0, L_00000297eceb1ca0;  1 drivers
v00000297ece84270_0 .net *"_ivl_86", 0 0, L_00000297eceb33c0;  1 drivers
v00000297ece84b30_0 .net *"_ivl_88", 0 0, L_00000297eceb1f20;  1 drivers
v00000297ece84d10_0 .net *"_ivl_90", 0 0, L_00000297eceb1fc0;  1 drivers
v00000297ece84630_0 .net *"_ivl_92", 0 0, L_00000297eceb2060;  1 drivers
v00000297ece846d0_0 .net *"_ivl_94", 0 0, L_00000297eceb2100;  1 drivers
v00000297ece83cd0_0 .net *"_ivl_96", 0 0, L_00000297eceb21a0;  1 drivers
v00000297ece82dd0_0 .net *"_ivl_98", 0 0, L_00000297eceb42c0;  1 drivers
L_00000297eceb24c0 .part v00000297ece39080_0, 15, 1;
L_00000297eceb1d40 .part v00000297ece39080_0, 14, 1;
L_00000297eceb3640 .part v00000297ece39080_0, 13, 1;
L_00000297eceb3820 .part v00000297ece39080_0, 12, 1;
L_00000297eceb2560 .part v00000297ece39080_0, 11, 1;
L_00000297eceb38c0 .part v00000297ece39080_0, 10, 1;
L_00000297eceb1ac0 .part v00000297ece39080_0, 9, 1;
L_00000297eceb26a0 .part v00000297ece39080_0, 8, 1;
L_00000297eceb2ce0 .part v00000297ece39080_0, 7, 1;
L_00000297eceb3960 .part v00000297ece39080_0, 6, 1;
L_00000297eceb2600 .part v00000297ece39080_0, 5, 1;
L_00000297eceb2740 .part v00000297ece39080_0, 4, 1;
L_00000297eceb27e0 .part v00000297ece39080_0, 3, 1;
L_00000297eceb2920 .part v00000297ece39080_0, 2, 1;
L_00000297eceb1a20 .part v00000297ece39080_0, 1, 1;
L_00000297eceb3500 .part v00000297ece39080_0, 0, 1;
L_00000297eceb3a00 .ufunc/vec4 TD_ICESTORM_RAM.pd, 1, o00000297ece41738 (v00000297ece3a7a0_0) S_00000297ece25f60;
L_00000297eceb35a0 .ufunc/vec4 TD_ICESTORM_RAM.pu, 1, o00000297ece41768 (v00000297ece39a80_0) S_00000297ece260f0;
L_00000297eceb2880 .ufunc/vec4 TD_ICESTORM_RAM.pd, 1, o00000297ece41a98 (v00000297ece3a7a0_0) S_00000297ece25f60;
L_00000297eceb3d20 .ufunc/vec4 TD_ICESTORM_RAM.pd, 1, o00000297ece41588 (v00000297ece3a7a0_0) S_00000297ece25f60;
L_00000297eceb29c0 .ufunc/vec4 TD_ICESTORM_RAM.pd, 1, o00000297ece41708 (v00000297ece3a7a0_0) S_00000297ece25f60;
L_00000297eceb3be0 .ufunc/vec4 TD_ICESTORM_RAM.pd, 1, o00000297ece416d8 (v00000297ece3a7a0_0) S_00000297ece25f60;
L_00000297eceb3aa0 .ufunc/vec4 TD_ICESTORM_RAM.pd, 1, o00000297ece416a8 (v00000297ece3a7a0_0) S_00000297ece25f60;
L_00000297eceb3b40 .ufunc/vec4 TD_ICESTORM_RAM.pd, 1, o00000297ece41678 (v00000297ece3a7a0_0) S_00000297ece25f60;
L_00000297eceb3460 .ufunc/vec4 TD_ICESTORM_RAM.pd, 1, o00000297ece41648 (v00000297ece3a7a0_0) S_00000297ece25f60;
L_00000297eceb2a60 .ufunc/vec4 TD_ICESTORM_RAM.pd, 1, o00000297ece41618 (v00000297ece3a7a0_0) S_00000297ece25f60;
L_00000297eceb3c80 .ufunc/vec4 TD_ICESTORM_RAM.pd, 1, o00000297ece415e8 (v00000297ece3a7a0_0) S_00000297ece25f60;
L_00000297eceb2d80 .ufunc/vec4 TD_ICESTORM_RAM.pd, 1, o00000297ece415b8 (v00000297ece3a7a0_0) S_00000297ece25f60;
L_00000297eceb3dc0 .ufunc/vec4 TD_ICESTORM_RAM.pd, 1, o00000297ece41558 (v00000297ece3a7a0_0) S_00000297ece25f60;
L_00000297eceb2b00 .ufunc/vec4 TD_ICESTORM_RAM.pd, 1, o00000297ece41528 (v00000297ece3a7a0_0) S_00000297ece25f60;
LS_00000297eceb3e60_0_0 .concat [ 1 1 1 1], L_00000297eceb2b00, L_00000297eceb3dc0, L_00000297eceb2d80, L_00000297eceb3c80;
LS_00000297eceb3e60_0_4 .concat [ 1 1 1 1], L_00000297eceb2a60, L_00000297eceb3460, L_00000297eceb3b40, L_00000297eceb3aa0;
LS_00000297eceb3e60_0_8 .concat [ 1 1 1 0], L_00000297eceb3be0, L_00000297eceb29c0, L_00000297eceb3d20;
L_00000297eceb3e60 .concat [ 4 4 3 0], LS_00000297eceb3e60_0_0, LS_00000297eceb3e60_0_4, LS_00000297eceb3e60_0_8;
L_00000297eceb3f00 .ufunc/vec4 TD_ICESTORM_RAM.pd, 1, o00000297ece41cd8 (v00000297ece3a7a0_0) S_00000297ece25f60;
L_00000297eceb2ba0 .ufunc/vec4 TD_ICESTORM_RAM.pu, 1, o00000297ece41d08 (v00000297ece39a80_0) S_00000297ece260f0;
L_00000297eceb1de0 .ufunc/vec4 TD_ICESTORM_RAM.pd, 1, o00000297ece42038 (v00000297ece3a7a0_0) S_00000297ece25f60;
L_00000297eceb3fa0 .ufunc/vec4 TD_ICESTORM_RAM.pd, 1, o00000297ece41b28 (v00000297ece3a7a0_0) S_00000297ece25f60;
L_00000297eceb2ec0 .ufunc/vec4 TD_ICESTORM_RAM.pd, 1, o00000297ece41ca8 (v00000297ece3a7a0_0) S_00000297ece25f60;
L_00000297eceb4040 .ufunc/vec4 TD_ICESTORM_RAM.pd, 1, o00000297ece41c78 (v00000297ece3a7a0_0) S_00000297ece25f60;
L_00000297eceb4180 .ufunc/vec4 TD_ICESTORM_RAM.pd, 1, o00000297ece41c48 (v00000297ece3a7a0_0) S_00000297ece25f60;
L_00000297eceb2e20 .ufunc/vec4 TD_ICESTORM_RAM.pd, 1, o00000297ece41c18 (v00000297ece3a7a0_0) S_00000297ece25f60;
L_00000297eceb1e80 .ufunc/vec4 TD_ICESTORM_RAM.pd, 1, o00000297ece41be8 (v00000297ece3a7a0_0) S_00000297ece25f60;
L_00000297eceb3000 .ufunc/vec4 TD_ICESTORM_RAM.pd, 1, o00000297ece41bb8 (v00000297ece3a7a0_0) S_00000297ece25f60;
L_00000297eceb3140 .ufunc/vec4 TD_ICESTORM_RAM.pd, 1, o00000297ece41b88 (v00000297ece3a7a0_0) S_00000297ece25f60;
L_00000297eceb31e0 .ufunc/vec4 TD_ICESTORM_RAM.pd, 1, o00000297ece41b58 (v00000297ece3a7a0_0) S_00000297ece25f60;
L_00000297eceb1b60 .ufunc/vec4 TD_ICESTORM_RAM.pd, 1, o00000297ece41af8 (v00000297ece3a7a0_0) S_00000297ece25f60;
L_00000297eceb1ca0 .ufunc/vec4 TD_ICESTORM_RAM.pd, 1, o00000297ece41ac8 (v00000297ece3a7a0_0) S_00000297ece25f60;
LS_00000297eceb3280_0_0 .concat [ 1 1 1 1], L_00000297eceb1ca0, L_00000297eceb1b60, L_00000297eceb31e0, L_00000297eceb3140;
LS_00000297eceb3280_0_4 .concat [ 1 1 1 1], L_00000297eceb3000, L_00000297eceb1e80, L_00000297eceb2e20, L_00000297eceb4180;
LS_00000297eceb3280_0_8 .concat [ 1 1 1 0], L_00000297eceb4040, L_00000297eceb2ec0, L_00000297eceb3fa0;
L_00000297eceb3280 .concat [ 4 4 3 0], LS_00000297eceb3280_0_0, LS_00000297eceb3280_0_4, LS_00000297eceb3280_0_8;
L_00000297eceb33c0 .ufunc/vec4 TD_ICESTORM_RAM.pd, 1, o00000297ece41378 (v00000297ece3a7a0_0) S_00000297ece25f60;
L_00000297eceb1f20 .ufunc/vec4 TD_ICESTORM_RAM.pd, 1, o00000297ece41348 (v00000297ece3a7a0_0) S_00000297ece25f60;
L_00000297eceb1fc0 .ufunc/vec4 TD_ICESTORM_RAM.pd, 1, o00000297ece41318 (v00000297ece3a7a0_0) S_00000297ece25f60;
L_00000297eceb2060 .ufunc/vec4 TD_ICESTORM_RAM.pd, 1, o00000297ece412e8 (v00000297ece3a7a0_0) S_00000297ece25f60;
L_00000297eceb2100 .ufunc/vec4 TD_ICESTORM_RAM.pd, 1, o00000297ece412b8 (v00000297ece3a7a0_0) S_00000297ece25f60;
L_00000297eceb21a0 .ufunc/vec4 TD_ICESTORM_RAM.pd, 1, o00000297ece41288 (v00000297ece3a7a0_0) S_00000297ece25f60;
L_00000297eceb42c0 .ufunc/vec4 TD_ICESTORM_RAM.pd, 1, o00000297ece414f8 (v00000297ece3a7a0_0) S_00000297ece25f60;
L_00000297eceb4400 .ufunc/vec4 TD_ICESTORM_RAM.pd, 1, o00000297ece414c8 (v00000297ece3a7a0_0) S_00000297ece25f60;
L_00000297eceb4360 .ufunc/vec4 TD_ICESTORM_RAM.pd, 1, o00000297ece41498 (v00000297ece3a7a0_0) S_00000297ece25f60;
L_00000297eceb44a0 .ufunc/vec4 TD_ICESTORM_RAM.pd, 1, o00000297ece41468 (v00000297ece3a7a0_0) S_00000297ece25f60;
L_00000297eceb4540 .ufunc/vec4 TD_ICESTORM_RAM.pd, 1, o00000297ece41438 (v00000297ece3a7a0_0) S_00000297ece25f60;
L_00000297eceb45e0 .ufunc/vec4 TD_ICESTORM_RAM.pd, 1, o00000297ece41408 (v00000297ece3a7a0_0) S_00000297ece25f60;
L_00000297eceb4900 .ufunc/vec4 TD_ICESTORM_RAM.pd, 1, o00000297ece413d8 (v00000297ece3a7a0_0) S_00000297ece25f60;
L_00000297eceb4680 .ufunc/vec4 TD_ICESTORM_RAM.pd, 1, o00000297ece413a8 (v00000297ece3a7a0_0) S_00000297ece25f60;
L_00000297eceb4720 .ufunc/vec4 TD_ICESTORM_RAM.pd, 1, o00000297ece41258 (v00000297ece3a7a0_0) S_00000297ece25f60;
L_00000297eceb4220 .ufunc/vec4 TD_ICESTORM_RAM.pd, 1, o00000297ece41228 (v00000297ece3a7a0_0) S_00000297ece25f60;
LS_00000297eceb47c0_0_0 .concat [ 1 1 1 1], L_00000297eceb4220, L_00000297eceb4720, L_00000297eceb4680, L_00000297eceb4900;
LS_00000297eceb47c0_0_4 .concat [ 1 1 1 1], L_00000297eceb45e0, L_00000297eceb4540, L_00000297eceb44a0, L_00000297eceb4360;
LS_00000297eceb47c0_0_8 .concat [ 1 1 1 1], L_00000297eceb4400, L_00000297eceb42c0, L_00000297eceb21a0, L_00000297eceb2100;
LS_00000297eceb47c0_0_12 .concat [ 1 1 1 1], L_00000297eceb2060, L_00000297eceb1fc0, L_00000297eceb1f20, L_00000297eceb33c0;
L_00000297eceb47c0 .concat [ 4 4 4 4], LS_00000297eceb47c0_0_0, LS_00000297eceb47c0_0_4, LS_00000297eceb47c0_0_8, LS_00000297eceb47c0_0_12;
L_00000297eceb4860 .ufunc/vec4 TD_ICESTORM_RAM.pd, 1, o00000297ece41e88 (v00000297ece3a7a0_0) S_00000297ece25f60;
L_00000297ecf13980 .ufunc/vec4 TD_ICESTORM_RAM.pd, 1, o00000297ece41e58 (v00000297ece3a7a0_0) S_00000297ece25f60;
L_00000297ecf13520 .ufunc/vec4 TD_ICESTORM_RAM.pd, 1, o00000297ece41e28 (v00000297ece3a7a0_0) S_00000297ece25f60;
L_00000297ecf13a20 .ufunc/vec4 TD_ICESTORM_RAM.pd, 1, o00000297ece41df8 (v00000297ece3a7a0_0) S_00000297ece25f60;
L_00000297ecf14060 .ufunc/vec4 TD_ICESTORM_RAM.pd, 1, o00000297ece41dc8 (v00000297ece3a7a0_0) S_00000297ece25f60;
L_00000297ecf12120 .ufunc/vec4 TD_ICESTORM_RAM.pd, 1, o00000297ece41d98 (v00000297ece3a7a0_0) S_00000297ece25f60;
L_00000297ecf126c0 .ufunc/vec4 TD_ICESTORM_RAM.pd, 1, o00000297ece42008 (v00000297ece3a7a0_0) S_00000297ece25f60;
L_00000297ecf12bc0 .ufunc/vec4 TD_ICESTORM_RAM.pd, 1, o00000297ece41fd8 (v00000297ece3a7a0_0) S_00000297ece25f60;
L_00000297ecf123a0 .ufunc/vec4 TD_ICESTORM_RAM.pd, 1, o00000297ece41fa8 (v00000297ece3a7a0_0) S_00000297ece25f60;
L_00000297ecf12b20 .ufunc/vec4 TD_ICESTORM_RAM.pd, 1, o00000297ece41f78 (v00000297ece3a7a0_0) S_00000297ece25f60;
L_00000297ecf13de0 .ufunc/vec4 TD_ICESTORM_RAM.pd, 1, o00000297ece41f48 (v00000297ece3a7a0_0) S_00000297ece25f60;
L_00000297ecf13e80 .ufunc/vec4 TD_ICESTORM_RAM.pd, 1, o00000297ece41f18 (v00000297ece3a7a0_0) S_00000297ece25f60;
L_00000297ecf13ca0 .ufunc/vec4 TD_ICESTORM_RAM.pd, 1, o00000297ece41ee8 (v00000297ece3a7a0_0) S_00000297ece25f60;
L_00000297ecf12940 .ufunc/vec4 TD_ICESTORM_RAM.pd, 1, o00000297ece41eb8 (v00000297ece3a7a0_0) S_00000297ece25f60;
L_00000297ecf124e0 .ufunc/vec4 TD_ICESTORM_RAM.pd, 1, o00000297ece41d68 (v00000297ece3a7a0_0) S_00000297ece25f60;
L_00000297ecf129e0 .ufunc/vec4 TD_ICESTORM_RAM.pd, 1, o00000297ece41d38 (v00000297ece3a7a0_0) S_00000297ece25f60;
LS_00000297ecf12440_0_0 .concat [ 1 1 1 1], L_00000297ecf129e0, L_00000297ecf124e0, L_00000297ecf12940, L_00000297ecf13ca0;
LS_00000297ecf12440_0_4 .concat [ 1 1 1 1], L_00000297ecf13e80, L_00000297ecf13de0, L_00000297ecf12b20, L_00000297ecf123a0;
LS_00000297ecf12440_0_8 .concat [ 1 1 1 1], L_00000297ecf12bc0, L_00000297ecf126c0, L_00000297ecf12120, L_00000297ecf14060;
LS_00000297ecf12440_0_12 .concat [ 1 1 1 1], L_00000297ecf13a20, L_00000297ecf13520, L_00000297ecf13980, L_00000297eceb4860;
L_00000297ecf12440 .concat [ 4 4 4 4], LS_00000297ecf12440_0_0, LS_00000297ecf12440_0_4, LS_00000297ecf12440_0_8, LS_00000297ecf12440_0_12;
S_00000297ece25790 .scope module, "RAM" "SB_RAM40_4K" 3 3233, 3 1487 0, S_00000297eccd4470;
 .timescale -12 -12;
    .port_info 0 /OUTPUT 16 "RDATA";
    .port_info 1 /INPUT 1 "RCLK";
    .port_info 2 /INPUT 1 "RCLKE";
    .port_info 3 /INPUT 1 "RE";
    .port_info 4 /INPUT 11 "RADDR";
    .port_info 5 /INPUT 1 "WCLK";
    .port_info 6 /INPUT 1 "WCLKE";
    .port_info 7 /INPUT 1 "WE";
    .port_info 8 /INPUT 11 "WADDR";
    .port_info 9 /INPUT 16 "MASK";
    .port_info 10 /INPUT 16 "WDATA";
P_00000297ece822d0 .param/l "INIT_0" 0 3 1507, C4<0000000000000000000000000000000000000000000000000000000000000000000000000000000000000000000000000000000000000000000000000000000000000000000000000000000000000000000000000000000000000000000000000000000000000000000000000000000000000000000000000000000000000000>;
P_00000297ece82308 .param/l "INIT_1" 0 3 1508, C4<0000000000000000000000000000000000000000000000000000000000000000000000000000000000000000000000000000000000000000000000000000000000000000000000000000000000000000000000000000000000000000000000000000000000000000000000000000000000000000000000000000000000000000>;
P_00000297ece82340 .param/l "INIT_2" 0 3 1509, C4<0000000000000000000000000000000000000000000000000000000000000000000000000000000000000000000000000000000000000000000000000000000000000000000000000000000000000000000000000000000000000000000000000000000000000000000000000000000000000000000000000000000000000000>;
P_00000297ece82378 .param/l "INIT_3" 0 3 1510, C4<0000000000000000000000000000000000000000000000000000000000000000000000000000000000000000000000000000000000000000000000000000000000000000000000000000000000000000000000000000000000000000000000000000000000000000000000000000000000000000000000000000000000000000>;
P_00000297ece823b0 .param/l "INIT_4" 0 3 1511, C4<0000000000000000000000000000000000000000000000000000000000000000000000000000000000000000000000000000000000000000000000000000000000000000000000000000000000000000000000000000000000000000000000000000000000000000000000000000000000000000000000000000000000000000>;
P_00000297ece823e8 .param/l "INIT_5" 0 3 1512, C4<0000000000000000000000000000000000000000000000000000000000000000000000000000000000000000000000000000000000000000000000000000000000000000000000000000000000000000000000000000000000000000000000000000000000000000000000000000000000000000000000000000000000000000>;
P_00000297ece82420 .param/l "INIT_6" 0 3 1513, C4<0000000000000000000000000000000000000000000000000000000000000000000000000000000000000000000000000000000000000000000000000000000000000000000000000000000000000000000000000000000000000000000000000000000000000000000000000000000000000000000000000000000000000000>;
P_00000297ece82458 .param/l "INIT_7" 0 3 1514, C4<0000000000000000000000000000000000000000000000000000000000000000000000000000000000000000000000000000000000000000000000000000000000000000000000000000000000000000000000000000000000000000000000000000000000000000000000000000000000000000000000000000000000000000>;
P_00000297ece82490 .param/l "INIT_8" 0 3 1515, C4<0000000000000000000000000000000000000000000000000000000000000000000000000000000000000000000000000000000000000000000000000000000000000000000000000000000000000000000000000000000000000000000000000000000000000000000000000000000000000000000000000000000000000000>;
P_00000297ece824c8 .param/l "INIT_9" 0 3 1516, C4<0000000000000000000000000000000000000000000000000000000000000000000000000000000000000000000000000000000000000000000000000000000000000000000000000000000000000000000000000000000000000000000000000000000000000000000000000000000000000000000000000000000000000000>;
P_00000297ece82500 .param/l "INIT_A" 0 3 1517, C4<0000000000000000000000000000000000000000000000000000000000000000000000000000000000000000000000000000000000000000000000000000000000000000000000000000000000000000000000000000000000000000000000000000000000000000000000000000000000000000000000000000000000000000>;
P_00000297ece82538 .param/l "INIT_B" 0 3 1518, C4<0000000000000000000000000000000000000000000000000000000000000000000000000000000000000000000000000000000000000000000000000000000000000000000000000000000000000000000000000000000000000000000000000000000000000000000000000000000000000000000000000000000000000000>;
P_00000297ece82570 .param/l "INIT_C" 0 3 1519, C4<0000000000000000000000000000000000000000000000000000000000000000000000000000000000000000000000000000000000000000000000000000000000000000000000000000000000000000000000000000000000000000000000000000000000000000000000000000000000000000000000000000000000000000>;
P_00000297ece825a8 .param/l "INIT_D" 0 3 1520, C4<0000000000000000000000000000000000000000000000000000000000000000000000000000000000000000000000000000000000000000000000000000000000000000000000000000000000000000000000000000000000000000000000000000000000000000000000000000000000000000000000000000000000000000>;
P_00000297ece825e0 .param/l "INIT_E" 0 3 1521, C4<0000000000000000000000000000000000000000000000000000000000000000000000000000000000000000000000000000000000000000000000000000000000000000000000000000000000000000000000000000000000000000000000000000000000000000000000000000000000000000000000000000000000000000>;
P_00000297ece82618 .param/l "INIT_F" 0 3 1522, C4<0000000000000000000000000000000000000000000000000000000000000000000000000000000000000000000000000000000000000000000000000000000000000000000000000000000000000000000000000000000000000000000000000000000000000000000000000000000000000000000000000000000000000000>;
P_00000297ece82650 .param/str "INIT_FILE" 0 3 1524, "\000";
P_00000297ece82688 .param/l "READ_MODE" 0 3 1505, +C4<00000000000000000000000000000000>;
P_00000297ece826c0 .param/l "WRITE_MODE" 0 3 1504, +C4<00000000000000000000000000000000>;
v00000297ece396c0_0 .net "MASK", 15 0, L_00000297eceb47c0;  1 drivers
v00000297ece398a0_0 .net "RADDR", 10 0, L_00000297eceb3e60;  1 drivers
v00000297ece3a2a0_0 .net "RCLK", 0 0, L_00000297ece90440;  1 drivers
v00000297ece39580_0 .net "RCLKE", 0 0, L_00000297eceb35a0;  1 drivers
v00000297ece3a840_0 .net "RDATA", 15 0, v00000297ece39080_0;  1 drivers
v00000297ece39080_0 .var "RDATA_I", 15 0;
v00000297ece39120_0 .net "RE", 0 0, L_00000297eceb2880;  1 drivers
L_00000297eceb4eb8 .functor BUFT 1, C4<0000000000000000>, C4<0>, C4<0>, C4<0>;
v00000297ece391c0_0 .net "RMASK_I", 15 0, L_00000297eceb4eb8;  1 drivers
v00000297ece3a700_0 .net "WADDR", 10 0, L_00000297eceb3280;  1 drivers
v00000297ece39f80_0 .net "WCLK", 0 0, L_00000297ece8f640;  1 drivers
v00000297ece3a020_0 .net "WCLKE", 0 0, L_00000297eceb2ba0;  1 drivers
v00000297ece39c60_0 .net "WDATA", 15 0, L_00000297ecf12440;  1 drivers
v00000297ece39260_0 .net "WDATA_I", 15 0, L_00000297ece8f3a0;  1 drivers
v00000297ece3a8e0_0 .net "WE", 0 0, L_00000297eceb1de0;  1 drivers
v00000297ece394e0_0 .net "WMASK_I", 15 0, L_00000297ece8fdb0;  1 drivers
v00000297ece39440_0 .var/i "i", 31 0;
v00000297ece39300 .array "memory", 255 0, 15 0;
E_00000297ece0ee20 .event posedge, v00000297ece3a2a0_0;
E_00000297ece0e960 .event posedge, v00000297ece39f80_0;
S_00000297ece26730 .scope generate, "genblk1" "genblk1" 3 1534, 3 1534 0, S_00000297ece25790;
 .timescale -12 -12;
L_00000297ece8fdb0 .functor BUFZ 16, L_00000297eceb47c0, C4<0000000000000000>, C4<0000000000000000>, C4<0000000000000000>;
S_00000297ece26280 .scope generate, "genblk2" "genblk2" 3 1555, 3 1555 0, S_00000297ece25790;
 .timescale -12 -12;
S_00000297ece25c40 .scope generate, "genblk3" "genblk3" 3 1576, 3 1576 0, S_00000297ece25790;
 .timescale -12 -12;
L_00000297ece8f3a0 .functor BUFZ 16, L_00000297ecf12440, C4<0000000000000000>, C4<0000000000000000>, C4<0000000000000000>;
S_00000297ece25dd0 .scope generate, "genblk4" "genblk4" 3 1595, 3 1595 0, S_00000297ece25790;
 .timescale -12 -12;
S_00000297ece25f60 .scope function.vec4.s1, "pd" "pd" 3 3200, 3 3200 0, S_00000297eccd4470;
 .timescale -12 -12;
; Variable pd is vec4 return value of scope S_00000297ece25f60
v00000297ece3a7a0_0 .var "x", 0 0;
TD_ICESTORM_RAM.pd ;
    %load/vec4 v00000297ece3a7a0_0;
    %cmpi/e 0, 1, 1;
    %flag_mov 8, 6;
    %jmp/0 T_0.0, 8;
    %pushi/vec4 0, 0, 1;
    %jmp/1 T_0.1, 8;
T_0.0 ; End of true expr.
    %load/vec4 v00000297ece3a7a0_0;
    %jmp/0 T_0.1, 8;
 ; End of false expr.
    %blend;
T_0.1;
    %ret/vec4 0, 0, 1;  Assign to pd (store_vec4_to_lval)
    %end;
S_00000297ece260f0 .scope function.vec4.s1, "pu" "pu" 3 3207, 3 3207 0, S_00000297eccd4470;
 .timescale -12 -12;
; Variable pu is vec4 return value of scope S_00000297ece260f0
v00000297ece39a80_0 .var "x", 0 0;
TD_ICESTORM_RAM.pu ;
    %load/vec4 v00000297ece39a80_0;
    %cmpi/e 0, 1, 1;
    %flag_mov 8, 6;
    %jmp/0 T_1.2, 8;
    %pushi/vec4 1, 0, 1;
    %jmp/1 T_1.3, 8;
T_1.2 ; End of true expr.
    %load/vec4 v00000297ece39a80_0;
    %jmp/0 T_1.3, 8;
 ; End of false expr.
    %blend;
T_1.3;
    %ret/vec4 0, 0, 1;  Assign to pu (store_vec4_to_lval)
    %end;
S_00000297eccd4600 .scope module, "SB_CARRY" "SB_CARRY" 3 228;
 .timescale -12 -12;
    .port_info 0 /OUTPUT 1 "CO";
    .port_info 1 /INPUT 1 "I0";
    .port_info 2 /INPUT 1 "I1";
    .port_info 3 /INPUT 1 "CI";
o00000297ece439e8 .functor BUFZ 1, c4<z>; HiZ drive
o00000297ece43a18 .functor BUFZ 1, c4<z>; HiZ drive
L_00000297ece901a0 .functor AND 1, o00000297ece439e8, o00000297ece43a18, C4<1>, C4<1>;
L_00000297ece8fd40 .functor OR 1, o00000297ece439e8, o00000297ece43a18, C4<0>, C4<0>;
o00000297ece43988 .functor BUFZ 1, c4<z>; HiZ drive
L_00000297ece8ed80 .functor AND 1, L_00000297ece8fd40, o00000297ece43988, C4<1>, C4<1>;
L_00000297ece8ec30 .functor OR 1, L_00000297ece901a0, L_00000297ece8ed80, C4<0>, C4<0>;
v00000297ece83f50_0 .net "CI", 0 0, o00000297ece43988;  0 drivers
v00000297ece84f90_0 .net "CO", 0 0, L_00000297ece8ec30;  1 drivers
v00000297ece82bf0_0 .net "I0", 0 0, o00000297ece439e8;  0 drivers
v00000297ece82d30_0 .net "I1", 0 0, o00000297ece43a18;  0 drivers
v00000297ece84130_0 .net *"_ivl_1", 0 0, L_00000297ece901a0;  1 drivers
v00000297ece84770_0 .net *"_ivl_3", 0 0, L_00000297ece8fd40;  1 drivers
v00000297ece84db0_0 .net *"_ivl_5", 0 0, L_00000297ece8ed80;  1 drivers
S_00000297ecb16a90 .scope module, "SB_DFF" "SB_DFF" 3 265;
 .timescale -12 -12;
    .port_info 0 /OUTPUT 1 "Q";
    .port_info 1 /INPUT 1 "C";
    .port_info 2 /INPUT 1 "D";
o00000297ece43b98 .functor BUFZ 1, c4<z>; HiZ drive
v00000297ece82e70_0 .net "C", 0 0, o00000297ece43b98;  0 drivers
o00000297ece43bc8 .functor BUFZ 1, c4<z>; HiZ drive
v00000297ece848b0_0 .net "D", 0 0, o00000297ece43bc8;  0 drivers
v00000297ece83d70_0 .var "Q", 0 0;
E_00000297ece0e9e0 .event posedge, v00000297ece82e70_0;
S_00000297ecb33530 .scope module, "SB_DFFE" "SB_DFFE" 3 303;
 .timescale -12 -12;
    .port_info 0 /OUTPUT 1 "Q";
    .port_info 1 /INPUT 1 "C";
    .port_info 2 /INPUT 1 "E";
    .port_info 3 /INPUT 1 "D";
o00000297ece43cb8 .functor BUFZ 1, c4<z>; HiZ drive
v00000297ece84e50_0 .net "C", 0 0, o00000297ece43cb8;  0 drivers
o00000297ece43ce8 .functor BUFZ 1, c4<z>; HiZ drive
v00000297ece84090_0 .net "D", 0 0, o00000297ece43ce8;  0 drivers
o00000297ece43d18 .functor BUFZ 1, c4<z>; HiZ drive
v00000297ece82ab0_0 .net "E", 0 0, o00000297ece43d18;  0 drivers
v00000297ece82c90_0 .var "Q", 0 0;
E_00000297ece0f060 .event posedge, v00000297ece84e50_0;
S_00000297ecb1b830 .scope module, "SB_DFFER" "SB_DFFER" 3 653;
 .timescale -12 -12;
    .port_info 0 /OUTPUT 1 "Q";
    .port_info 1 /INPUT 1 "C";
    .port_info 2 /INPUT 1 "E";
    .port_info 3 /INPUT 1 "R";
    .port_info 4 /INPUT 1 "D";
o00000297ece43e38 .functor BUFZ 1, c4<z>; HiZ drive
v00000297ece84950_0 .net "C", 0 0, o00000297ece43e38;  0 drivers
o00000297ece43e68 .functor BUFZ 1, c4<z>; HiZ drive
v00000297ece83050_0 .net "D", 0 0, o00000297ece43e68;  0 drivers
o00000297ece43e98 .functor BUFZ 1, c4<z>; HiZ drive
v00000297ece841d0_0 .net "E", 0 0, o00000297ece43e98;  0 drivers
v00000297ece83190_0 .var "Q", 0 0;
o00000297ece43ef8 .functor BUFZ 1, c4<z>; HiZ drive
v00000297ece83370_0 .net "R", 0 0, o00000297ece43ef8;  0 drivers
E_00000297ece0e620 .event posedge, v00000297ece83370_0, v00000297ece84950_0;
S_00000297ecb1b9c0 .scope module, "SB_DFFES" "SB_DFFES" 3 794;
 .timescale -12 -12;
    .port_info 0 /OUTPUT 1 "Q";
    .port_info 1 /INPUT 1 "C";
    .port_info 2 /INPUT 1 "E";
    .port_info 3 /INPUT 1 "S";
    .port_info 4 /INPUT 1 "D";
o00000297ece44018 .functor BUFZ 1, c4<z>; HiZ drive
v00000297ece83a50_0 .net "C", 0 0, o00000297ece44018;  0 drivers
o00000297ece44048 .functor BUFZ 1, c4<z>; HiZ drive
v00000297ece83690_0 .net "D", 0 0, o00000297ece44048;  0 drivers
o00000297ece44078 .functor BUFZ 1, c4<z>; HiZ drive
v00000297ece83870_0 .net "E", 0 0, o00000297ece44078;  0 drivers
v00000297ece837d0_0 .var "Q", 0 0;
o00000297ece440d8 .functor BUFZ 1, c4<z>; HiZ drive
v00000297ece88b40_0 .net "S", 0 0, o00000297ece440d8;  0 drivers
E_00000297ece0f320 .event posedge, v00000297ece88b40_0, v00000297ece83a50_0;
S_00000297ecb1bb50 .scope module, "SB_DFFESR" "SB_DFFESR" 3 592;
 .timescale -12 -12;
    .port_info 0 /OUTPUT 1 "Q";
    .port_info 1 /INPUT 1 "C";
    .port_info 2 /INPUT 1 "E";
    .port_info 3 /INPUT 1 "R";
    .port_info 4 /INPUT 1 "D";
o00000297ece441f8 .functor BUFZ 1, c4<z>; HiZ drive
v00000297ece89040_0 .net "C", 0 0, o00000297ece441f8;  0 drivers
o00000297ece44228 .functor BUFZ 1, c4<z>; HiZ drive
v00000297ece883c0_0 .net "D", 0 0, o00000297ece44228;  0 drivers
o00000297ece44258 .functor BUFZ 1, c4<z>; HiZ drive
v00000297ece87240_0 .net "E", 0 0, o00000297ece44258;  0 drivers
v00000297ece87b00_0 .var "Q", 0 0;
o00000297ece442b8 .functor BUFZ 1, c4<z>; HiZ drive
v00000297ece88e60_0 .net "R", 0 0, o00000297ece442b8;  0 drivers
E_00000297ece0f360 .event posedge, v00000297ece89040_0;
S_00000297ecb25690 .scope module, "SB_DFFESS" "SB_DFFESS" 3 733;
 .timescale -12 -12;
    .port_info 0 /OUTPUT 1 "Q";
    .port_info 1 /INPUT 1 "C";
    .port_info 2 /INPUT 1 "E";
    .port_info 3 /INPUT 1 "S";
    .port_info 4 /INPUT 1 "D";
o00000297ece443d8 .functor BUFZ 1, c4<z>; HiZ drive
v00000297ece86980_0 .net "C", 0 0, o00000297ece443d8;  0 drivers
o00000297ece44408 .functor BUFZ 1, c4<z>; HiZ drive
v00000297ece86ca0_0 .net "D", 0 0, o00000297ece44408;  0 drivers
o00000297ece44438 .functor BUFZ 1, c4<z>; HiZ drive
v00000297ece88f00_0 .net "E", 0 0, o00000297ece44438;  0 drivers
v00000297ece88be0_0 .var "Q", 0 0;
o00000297ece44498 .functor BUFZ 1, c4<z>; HiZ drive
v00000297ece88c80_0 .net "S", 0 0, o00000297ece44498;  0 drivers
E_00000297ece0f0a0 .event posedge, v00000297ece86980_0;
S_00000297ecb25820 .scope module, "SB_DFFN" "SB_DFFN" 3 876;
 .timescale -12 -12;
    .port_info 0 /OUTPUT 1 "Q";
    .port_info 1 /INPUT 1 "C";
    .port_info 2 /INPUT 1 "D";
o00000297ece445b8 .functor BUFZ 1, c4<z>; HiZ drive
v00000297ece87ce0_0 .net "C", 0 0, o00000297ece445b8;  0 drivers
o00000297ece445e8 .functor BUFZ 1, c4<z>; HiZ drive
v00000297ece872e0_0 .net "D", 0 0, o00000297ece445e8;  0 drivers
v00000297ece88d20_0 .var "Q", 0 0;
E_00000297ece0f3a0 .event negedge, v00000297ece87ce0_0;
S_00000297ecb259b0 .scope module, "SB_DFFNE" "SB_DFFNE" 3 914;
 .timescale -12 -12;
    .port_info 0 /OUTPUT 1 "Q";
    .port_info 1 /INPUT 1 "C";
    .port_info 2 /INPUT 1 "E";
    .port_info 3 /INPUT 1 "D";
o00000297ece446d8 .functor BUFZ 1, c4<z>; HiZ drive
v00000297ece88640_0 .net "C", 0 0, o00000297ece446d8;  0 drivers
o00000297ece44708 .functor BUFZ 1, c4<z>; HiZ drive
v00000297ece87380_0 .net "D", 0 0, o00000297ece44708;  0 drivers
o00000297ece44738 .functor BUFZ 1, c4<z>; HiZ drive
v00000297ece88140_0 .net "E", 0 0, o00000297ece44738;  0 drivers
v00000297ece86de0_0 .var "Q", 0 0;
E_00000297ece0ec60 .event negedge, v00000297ece88640_0;
S_00000297ecb22cd0 .scope module, "SB_DFFNER" "SB_DFFNER" 3 1264;
 .timescale -12 -12;
    .port_info 0 /OUTPUT 1 "Q";
    .port_info 1 /INPUT 1 "C";
    .port_info 2 /INPUT 1 "E";
    .port_info 3 /INPUT 1 "R";
    .port_info 4 /INPUT 1 "D";
o00000297ece44858 .functor BUFZ 1, c4<z>; HiZ drive
v00000297ece879c0_0 .net "C", 0 0, o00000297ece44858;  0 drivers
o00000297ece44888 .functor BUFZ 1, c4<z>; HiZ drive
v00000297ece88320_0 .net "D", 0 0, o00000297ece44888;  0 drivers
o00000297ece448b8 .functor BUFZ 1, c4<z>; HiZ drive
v00000297ece88820_0 .net "E", 0 0, o00000297ece448b8;  0 drivers
v00000297ece87420_0 .var "Q", 0 0;
o00000297ece44918 .functor BUFZ 1, c4<z>; HiZ drive
v00000297ece87ba0_0 .net "R", 0 0, o00000297ece44918;  0 drivers
E_00000297ece0ea20/0 .event negedge, v00000297ece879c0_0;
E_00000297ece0ea20/1 .event posedge, v00000297ece87ba0_0;
E_00000297ece0ea20 .event/or E_00000297ece0ea20/0, E_00000297ece0ea20/1;
S_00000297ecb22e60 .scope module, "SB_DFFNES" "SB_DFFNES" 3 1405;
 .timescale -12 -12;
    .port_info 0 /OUTPUT 1 "Q";
    .port_info 1 /INPUT 1 "C";
    .port_info 2 /INPUT 1 "E";
    .port_info 3 /INPUT 1 "S";
    .port_info 4 /INPUT 1 "D";
o00000297ece44a38 .functor BUFZ 1, c4<z>; HiZ drive
v00000297ece87c40_0 .net "C", 0 0, o00000297ece44a38;  0 drivers
o00000297ece44a68 .functor BUFZ 1, c4<z>; HiZ drive
v00000297ece88460_0 .net "D", 0 0, o00000297ece44a68;  0 drivers
o00000297ece44a98 .functor BUFZ 1, c4<z>; HiZ drive
v00000297ece87a60_0 .net "E", 0 0, o00000297ece44a98;  0 drivers
v00000297ece86a20_0 .var "Q", 0 0;
o00000297ece44af8 .functor BUFZ 1, c4<z>; HiZ drive
v00000297ece871a0_0 .net "S", 0 0, o00000297ece44af8;  0 drivers
E_00000297ece0eea0/0 .event negedge, v00000297ece87c40_0;
E_00000297ece0eea0/1 .event posedge, v00000297ece871a0_0;
E_00000297ece0eea0 .event/or E_00000297ece0eea0/0, E_00000297ece0eea0/1;
S_00000297ece1fd10 .scope module, "SB_DFFNESR" "SB_DFFNESR" 3 1203;
 .timescale -12 -12;
    .port_info 0 /OUTPUT 1 "Q";
    .port_info 1 /INPUT 1 "C";
    .port_info 2 /INPUT 1 "E";
    .port_info 3 /INPUT 1 "R";
    .port_info 4 /INPUT 1 "D";
o00000297ece44c18 .functor BUFZ 1, c4<z>; HiZ drive
v00000297ece888c0_0 .net "C", 0 0, o00000297ece44c18;  0 drivers
o00000297ece44c48 .functor BUFZ 1, c4<z>; HiZ drive
v00000297ece86e80_0 .net "D", 0 0, o00000297ece44c48;  0 drivers
o00000297ece44c78 .functor BUFZ 1, c4<z>; HiZ drive
v00000297ece886e0_0 .net "E", 0 0, o00000297ece44c78;  0 drivers
v00000297ece876a0_0 .var "Q", 0 0;
o00000297ece44cd8 .functor BUFZ 1, c4<z>; HiZ drive
v00000297ece874c0_0 .net "R", 0 0, o00000297ece44cd8;  0 drivers
E_00000297ece0e5e0 .event negedge, v00000297ece888c0_0;
S_00000297ece20030 .scope module, "SB_DFFNESS" "SB_DFFNESS" 3 1344;
 .timescale -12 -12;
    .port_info 0 /OUTPUT 1 "Q";
    .port_info 1 /INPUT 1 "C";
    .port_info 2 /INPUT 1 "E";
    .port_info 3 /INPUT 1 "S";
    .port_info 4 /INPUT 1 "D";
o00000297ece44df8 .functor BUFZ 1, c4<z>; HiZ drive
v00000297ece885a0_0 .net "C", 0 0, o00000297ece44df8;  0 drivers
o00000297ece44e28 .functor BUFZ 1, c4<z>; HiZ drive
v00000297ece87560_0 .net "D", 0 0, o00000297ece44e28;  0 drivers
o00000297ece44e58 .functor BUFZ 1, c4<z>; HiZ drive
v00000297ece88500_0 .net "E", 0 0, o00000297ece44e58;  0 drivers
v00000297ece87600_0 .var "Q", 0 0;
o00000297ece44eb8 .functor BUFZ 1, c4<z>; HiZ drive
v00000297ece86b60_0 .net "S", 0 0, o00000297ece44eb8;  0 drivers
E_00000297ece0eee0 .event negedge, v00000297ece885a0_0;
S_00000297ece1fea0 .scope module, "SB_DFFNR" "SB_DFFNR" 3 1011;
 .timescale -12 -12;
    .port_info 0 /OUTPUT 1 "Q";
    .port_info 1 /INPUT 1 "C";
    .port_info 2 /INPUT 1 "R";
    .port_info 3 /INPUT 1 "D";
o00000297ece44fd8 .functor BUFZ 1, c4<z>; HiZ drive
v00000297ece88780_0 .net "C", 0 0, o00000297ece44fd8;  0 drivers
o00000297ece45008 .functor BUFZ 1, c4<z>; HiZ drive
v00000297ece86ac0_0 .net "D", 0 0, o00000297ece45008;  0 drivers
v00000297ece86d40_0 .var "Q", 0 0;
o00000297ece45068 .functor BUFZ 1, c4<z>; HiZ drive
v00000297ece88fa0_0 .net "R", 0 0, o00000297ece45068;  0 drivers
E_00000297ece0f020/0 .event negedge, v00000297ece88780_0;
E_00000297ece0f020/1 .event posedge, v00000297ece88fa0_0;
E_00000297ece0f020 .event/or E_00000297ece0f020/0, E_00000297ece0f020/1;
S_00000297ece201c0 .scope module, "SB_DFFNS" "SB_DFFNS" 3 1132;
 .timescale -12 -12;
    .port_info 0 /OUTPUT 1 "Q";
    .port_info 1 /INPUT 1 "C";
    .port_info 2 /INPUT 1 "S";
    .port_info 3 /INPUT 1 "D";
o00000297ece45158 .functor BUFZ 1, c4<z>; HiZ drive
v00000297ece87e20_0 .net "C", 0 0, o00000297ece45158;  0 drivers
o00000297ece45188 .functor BUFZ 1, c4<z>; HiZ drive
v00000297ece87100_0 .net "D", 0 0, o00000297ece45188;  0 drivers
v00000297ece88960_0 .var "Q", 0 0;
o00000297ece451e8 .functor BUFZ 1, c4<z>; HiZ drive
v00000297ece88a00_0 .net "S", 0 0, o00000297ece451e8;  0 drivers
E_00000297ece0ef20/0 .event negedge, v00000297ece87e20_0;
E_00000297ece0ef20/1 .event posedge, v00000297ece88a00_0;
E_00000297ece0ef20 .event/or E_00000297ece0ef20/0, E_00000297ece0ef20/1;
S_00000297ece20350 .scope module, "SB_DFFNSR" "SB_DFFNSR" 3 961;
 .timescale -12 -12;
    .port_info 0 /OUTPUT 1 "Q";
    .port_info 1 /INPUT 1 "C";
    .port_info 2 /INPUT 1 "R";
    .port_info 3 /INPUT 1 "D";
o00000297ece452d8 .functor BUFZ 1, c4<z>; HiZ drive
v00000297ece88aa0_0 .net "C", 0 0, o00000297ece452d8;  0 drivers
o00000297ece45308 .functor BUFZ 1, c4<z>; HiZ drive
v00000297ece87f60_0 .net "D", 0 0, o00000297ece45308;  0 drivers
v00000297ece87740_0 .var "Q", 0 0;
o00000297ece45368 .functor BUFZ 1, c4<z>; HiZ drive
v00000297ece87880_0 .net "R", 0 0, o00000297ece45368;  0 drivers
E_00000297ece0e760 .event negedge, v00000297ece88aa0_0;
S_00000297ece1fb80 .scope module, "SB_DFFNSS" "SB_DFFNSS" 3 1082;
 .timescale -12 -12;
    .port_info 0 /OUTPUT 1 "Q";
    .port_info 1 /INPUT 1 "C";
    .port_info 2 /INPUT 1 "S";
    .port_info 3 /INPUT 1 "D";
o00000297ece45458 .functor BUFZ 1, c4<z>; HiZ drive
v00000297ece88000_0 .net "C", 0 0, o00000297ece45458;  0 drivers
o00000297ece45488 .functor BUFZ 1, c4<z>; HiZ drive
v00000297ece87d80_0 .net "D", 0 0, o00000297ece45488;  0 drivers
v00000297ece88dc0_0 .var "Q", 0 0;
o00000297ece454e8 .functor BUFZ 1, c4<z>; HiZ drive
v00000297ece890e0_0 .net "S", 0 0, o00000297ece454e8;  0 drivers
E_00000297ece0e660 .event negedge, v00000297ece88000_0;
S_00000297ece1f540 .scope module, "SB_DFFR" "SB_DFFR" 3 400;
 .timescale -12 -12;
    .port_info 0 /OUTPUT 1 "Q";
    .port_info 1 /INPUT 1 "C";
    .port_info 2 /INPUT 1 "R";
    .port_info 3 /INPUT 1 "D";
o00000297ece455d8 .functor BUFZ 1, c4<z>; HiZ drive
v00000297ece88280_0 .net "C", 0 0, o00000297ece455d8;  0 drivers
o00000297ece45608 .functor BUFZ 1, c4<z>; HiZ drive
v00000297ece86c00_0 .net "D", 0 0, o00000297ece45608;  0 drivers
v00000297ece86f20_0 .var "Q", 0 0;
o00000297ece45668 .functor BUFZ 1, c4<z>; HiZ drive
v00000297ece86fc0_0 .net "R", 0 0, o00000297ece45668;  0 drivers
E_00000297ece0ebe0 .event posedge, v00000297ece86fc0_0, v00000297ece88280_0;
S_00000297ece1f6d0 .scope module, "SB_DFFS" "SB_DFFS" 3 521;
 .timescale -12 -12;
    .port_info 0 /OUTPUT 1 "Q";
    .port_info 1 /INPUT 1 "C";
    .port_info 2 /INPUT 1 "S";
    .port_info 3 /INPUT 1 "D";
o00000297ece45758 .functor BUFZ 1, c4<z>; HiZ drive
v00000297ece877e0_0 .net "C", 0 0, o00000297ece45758;  0 drivers
o00000297ece45788 .functor BUFZ 1, c4<z>; HiZ drive
v00000297ece87920_0 .net "D", 0 0, o00000297ece45788;  0 drivers
v00000297ece87ec0_0 .var "Q", 0 0;
o00000297ece457e8 .functor BUFZ 1, c4<z>; HiZ drive
v00000297ece87060_0 .net "S", 0 0, o00000297ece457e8;  0 drivers
E_00000297ece0ea60 .event posedge, v00000297ece87060_0, v00000297ece877e0_0;
S_00000297ece1f860 .scope module, "SB_DFFSR" "SB_DFFSR" 3 350;
 .timescale -12 -12;
    .port_info 0 /OUTPUT 1 "Q";
    .port_info 1 /INPUT 1 "C";
    .port_info 2 /INPUT 1 "R";
    .port_info 3 /INPUT 1 "D";
o00000297ece458d8 .functor BUFZ 1, c4<z>; HiZ drive
v00000297ece880a0_0 .net "C", 0 0, o00000297ece458d8;  0 drivers
o00000297ece45908 .functor BUFZ 1, c4<z>; HiZ drive
v00000297ece881e0_0 .net "D", 0 0, o00000297ece45908;  0 drivers
v00000297ece8a6c0_0 .var "Q", 0 0;
o00000297ece45968 .functor BUFZ 1, c4<z>; HiZ drive
v00000297ece89360_0 .net "R", 0 0, o00000297ece45968;  0 drivers
E_00000297ece0ef60 .event posedge, v00000297ece880a0_0;
S_00000297ece1f9f0 .scope module, "SB_DFFSS" "SB_DFFSS" 3 471;
 .timescale -12 -12;
    .port_info 0 /OUTPUT 1 "Q";
    .port_info 1 /INPUT 1 "C";
    .port_info 2 /INPUT 1 "S";
    .port_info 3 /INPUT 1 "D";
o00000297ece45a58 .functor BUFZ 1, c4<z>; HiZ drive
v00000297ece89680_0 .net "C", 0 0, o00000297ece45a58;  0 drivers
o00000297ece45a88 .functor BUFZ 1, c4<z>; HiZ drive
v00000297ece89ea0_0 .net "D", 0 0, o00000297ece45a88;  0 drivers
v00000297ece89f40_0 .var "Q", 0 0;
o00000297ece45ae8 .functor BUFZ 1, c4<z>; HiZ drive
v00000297ece8a1c0_0 .net "S", 0 0, o00000297ece45ae8;  0 drivers
E_00000297ece0f0e0 .event posedge, v00000297ece89680_0;
S_00000297ece22300 .scope module, "SB_FILTER_50NS" "SB_FILTER_50NS" 3 2856;
 .timescale -12 -12;
    .port_info 0 /INPUT 1 "FILTERIN";
    .port_info 1 /OUTPUT 1 "FILTEROUT";
o00000297ece45bd8 .functor BUFZ 1, c4<z>; HiZ drive
v00000297ece8a260_0 .net "FILTERIN", 0 0, o00000297ece45bd8;  0 drivers
o00000297ece45c08 .functor BUFZ 1, c4<z>; HiZ drive
v00000297ece897c0_0 .net "FILTEROUT", 0 0, o00000297ece45c08;  0 drivers
S_00000297ece20870 .scope module, "SB_GB" "SB_GB" 3 162;
 .timescale -12 -12;
    .port_info 0 /INPUT 1 "USER_SIGNAL_TO_GLOBAL_BUFFER";
    .port_info 1 /OUTPUT 1 "GLOBAL_BUFFER_OUTPUT";
o00000297ece45cc8 .functor BUFZ 1, c4<z>; HiZ drive
L_00000297ece8f9c0 .functor BUFZ 1, o00000297ece45cc8, C4<0>, C4<0>, C4<0>;
v00000297ece895e0_0 .net "GLOBAL_BUFFER_OUTPUT", 0 0, L_00000297ece8f9c0;  1 drivers
v00000297ece89a40_0 .net "USER_SIGNAL_TO_GLOBAL_BUFFER", 0 0, o00000297ece45cc8;  0 drivers
S_00000297ece21cc0 .scope module, "SB_GB_IO" "SB_GB_IO" 3 123;
 .timescale -12 -12;
    .port_info 0 /INOUT 1 "PACKAGE_PIN";
    .port_info 1 /OUTPUT 1 "GLOBAL_BUFFER_OUTPUT";
    .port_info 2 /INPUT 1 "LATCH_INPUT_VALUE";
    .port_info 3 /INPUT 1 "CLOCK_ENABLE";
    .port_info 4 /INPUT 1 "INPUT_CLK";
    .port_info 5 /INPUT 1 "OUTPUT_CLK";
    .port_info 6 /INPUT 1 "OUTPUT_ENABLE";
    .port_info 7 /INPUT 1 "D_OUT_0";
    .port_info 8 /INPUT 1 "D_OUT_1";
    .port_info 9 /OUTPUT 1 "D_IN_0";
    .port_info 10 /OUTPUT 1 "D_IN_1";
P_00000297ecb22ff0 .param/str "IO_STANDARD" 0 3 139, "SB_LVCMOS";
P_00000297ecb23028 .param/l "NEG_TRIGGER" 0 3 138, C4<0>;
P_00000297ecb23060 .param/l "PIN_TYPE" 0 3 136, C4<000000>;
P_00000297ecb23098 .param/l "PULLUP" 0 3 137, C4<0>;
o00000297ece45f08 .functor BUFZ 1, c4<z>; HiZ drive
L_00000297ece8eae0 .functor BUFZ 1, o00000297ece45f08, C4<0>, C4<0>, C4<0>;
o00000297ece45d58 .functor BUFZ 1, c4<z>; HiZ drive
v00000297ece894a0_0 .net "CLOCK_ENABLE", 0 0, o00000297ece45d58;  0 drivers
v00000297ece89400_0 .net "D_IN_0", 0 0, L_00000297ece8ef40;  1 drivers
v00000297ece8bb10_0 .net "D_IN_1", 0 0, L_00000297ece8fe20;  1 drivers
o00000297ece45de8 .functor BUFZ 1, c4<z>; HiZ drive
v00000297ece8ac10_0 .net "D_OUT_0", 0 0, o00000297ece45de8;  0 drivers
o00000297ece45e18 .functor BUFZ 1, c4<z>; HiZ drive
v00000297ece8c510_0 .net "D_OUT_1", 0 0, o00000297ece45e18;  0 drivers
v00000297ece8a990_0 .net "GLOBAL_BUFFER_OUTPUT", 0 0, L_00000297ece8eae0;  1 drivers
o00000297ece45e48 .functor BUFZ 1, c4<z>; HiZ drive
v00000297ece8bbb0_0 .net "INPUT_CLK", 0 0, o00000297ece45e48;  0 drivers
o00000297ece45e78 .functor BUFZ 1, c4<z>; HiZ drive
v00000297ece8b250_0 .net "LATCH_INPUT_VALUE", 0 0, o00000297ece45e78;  0 drivers
o00000297ece45ea8 .functor BUFZ 1, c4<z>; HiZ drive
v00000297ece8cf10_0 .net "OUTPUT_CLK", 0 0, o00000297ece45ea8;  0 drivers
o00000297ece45ed8 .functor BUFZ 1, c4<z>; HiZ drive
v00000297ece8cb50_0 .net "OUTPUT_ENABLE", 0 0, o00000297ece45ed8;  0 drivers
v00000297ece8cbf0_0 .net "PACKAGE_PIN", 0 0, o00000297ece45f08;  0 drivers
S_00000297ece26a50 .scope module, "IO" "SB_IO" 3 148, 3 17 0, S_00000297ece21cc0;
 .timescale -12 -12;
    .port_info 0 /INOUT 1 "PACKAGE_PIN";
    .port_info 1 /INPUT 1 "LATCH_INPUT_VALUE";
    .port_info 2 /INPUT 1 "CLOCK_ENABLE";
    .port_info 3 /INPUT 1 "INPUT_CLK";
    .port_info 4 /INPUT 1 "OUTPUT_CLK";
    .port_info 5 /INPUT 1 "OUTPUT_ENABLE";
    .port_info 6 /INPUT 1 "D_OUT_0";
    .port_info 7 /INPUT 1 "D_OUT_1";
    .port_info 8 /OUTPUT 1 "D_IN_0";
    .port_info 9 /OUTPUT 1 "D_IN_1";
P_00000297ece82700 .param/str "IO_STANDARD" 0 3 32, "SB_LVCMOS";
P_00000297ece82738 .param/l "NEG_TRIGGER" 0 3 31, C4<0>;
P_00000297ece82770 .param/l "PIN_TYPE" 0 3 29, C4<000000>;
P_00000297ece827a8 .param/l "PULLUP" 0 3 30, C4<0>;
L_00000297ece8f8e0 .functor OR 1, o00000297ece45d58, L_00000297ecf12580, C4<0>, C4<0>;
L_00000297ece8ef40 .functor BUFZ 1, v00000297ece89d60_0, C4<0>, C4<0>, C4<0>;
L_00000297ece8fe20 .functor BUFZ 1, v00000297ece89e00_0, C4<0>, C4<0>, C4<0>;
v00000297ece8a4e0_0 .net "CLOCK_ENABLE", 0 0, o00000297ece45d58;  alias, 0 drivers
v00000297ece89ae0_0 .net "D_IN_0", 0 0, L_00000297ece8ef40;  alias, 1 drivers
v00000297ece89fe0_0 .net "D_IN_1", 0 0, L_00000297ece8fe20;  alias, 1 drivers
v00000297ece899a0_0 .net "D_OUT_0", 0 0, o00000297ece45de8;  alias, 0 drivers
v00000297ece89b80_0 .net "D_OUT_1", 0 0, o00000297ece45e18;  alias, 0 drivers
v00000297ece89720_0 .net "INPUT_CLK", 0 0, o00000297ece45e48;  alias, 0 drivers
v00000297ece89540_0 .net "LATCH_INPUT_VALUE", 0 0, o00000297ece45e78;  alias, 0 drivers
v00000297ece8a080_0 .net "OUTPUT_CLK", 0 0, o00000297ece45ea8;  alias, 0 drivers
v00000297ece8a120_0 .net "OUTPUT_ENABLE", 0 0, o00000297ece45ed8;  alias, 0 drivers
v00000297ece89cc0_0 .net "PACKAGE_PIN", 0 0, o00000297ece45f08;  alias, 0 drivers
o00000297ece45f38 .functor BUFZ 1, c4<z>; HiZ drive
; Elide local net with no drivers, v00000297ece89c20_0 name=_ivl_0
v00000297ece8a300_0 .net *"_ivl_2", 0 0, L_00000297ecf12580;  1 drivers
v00000297ece8a3a0_0 .net "clken_pulled", 0 0, L_00000297ece8f8e0;  1 drivers
v00000297ece89860_0 .var "clken_pulled_ri", 0 0;
v00000297ece89900_0 .var "clken_pulled_ro", 0 0;
v00000297ece89d60_0 .var "din_0", 0 0;
v00000297ece89e00_0 .var "din_1", 0 0;
v00000297ece8a440_0 .var "din_q_0", 0 0;
v00000297ece8a580_0 .var "din_q_1", 0 0;
v00000297ece8a620_0 .var "dout", 0 0;
v00000297ece8a760_0 .var "dout_q_0", 0 0;
v00000297ece8a800_0 .var "dout_q_1", 0 0;
v00000297ece89180_0 .var "outclk_delayed_1", 0 0;
v00000297ece89220_0 .var "outclk_delayed_2", 0 0;
v00000297ece892c0_0 .var "outena_q", 0 0;
E_00000297ece0f120 .event anyedge, v00000297ece89220_0, v00000297ece8a760_0, v00000297ece8a800_0;
E_00000297ece0e6e0 .event anyedge, v00000297ece89180_0;
E_00000297ece0e8e0 .event anyedge, v00000297ece8a080_0;
E_00000297ece0e9a0 .event anyedge, v00000297ece8a440_0, v00000297ece8a580_0;
L_00000297ecf12580 .cmp/eeq 1, o00000297ece45d58, o00000297ece45f38;
S_00000297ece26be0 .scope generate, "genblk1" "genblk1" 3 45, 3 45 0, S_00000297ece26a50;
 .timescale -12 -12;
E_00000297ece0eb60 .event posedge, v00000297ece8a080_0;
E_00000297ece0eb20 .event negedge, v00000297ece8a080_0;
E_00000297ece0e5a0 .event negedge, v00000297ece89720_0;
E_00000297ece0f1a0 .event posedge, v00000297ece89720_0;
S_00000297ece211d0 .scope module, "SB_HFOSC" "SB_HFOSC" 3 2664;
 .timescale -12 -12;
    .port_info 0 /INPUT 1 "TRIM0";
    .port_info 1 /INPUT 1 "TRIM1";
    .port_info 2 /INPUT 1 "TRIM2";
    .port_info 3 /INPUT 1 "TRIM3";
    .port_info 4 /INPUT 1 "TRIM4";
    .port_info 5 /INPUT 1 "TRIM5";
    .port_info 6 /INPUT 1 "TRIM6";
    .port_info 7 /INPUT 1 "TRIM7";
    .port_info 8 /INPUT 1 "TRIM8";
    .port_info 9 /INPUT 1 "TRIM9";
    .port_info 10 /INPUT 1 "CLKHFPU";
    .port_info 11 /INPUT 1 "CLKHFEN";
    .port_info 12 /OUTPUT 1 "CLKHF";
P_00000297ecc47510 .param/str "CLKHF_DIV" 0 3 2680, "0b00";
P_00000297ecc47548 .param/str "TRIM_EN" 0 3 2679, "0b0";
o00000297ece46628 .functor BUFZ 1, c4<z>; HiZ drive
v00000297ece8ca10_0 .net "CLKHF", 0 0, o00000297ece46628;  0 drivers
o00000297ece46658 .functor BUFZ 1, c4<z>; HiZ drive
v00000297ece8af30_0 .net "CLKHFEN", 0 0, o00000297ece46658;  0 drivers
o00000297ece46688 .functor BUFZ 1, c4<z>; HiZ drive
v00000297ece8ab70_0 .net "CLKHFPU", 0 0, o00000297ece46688;  0 drivers
o00000297ece466b8 .functor BUFZ 1, c4<z>; HiZ drive
v00000297ece8d0f0_0 .net "TRIM0", 0 0, o00000297ece466b8;  0 drivers
o00000297ece466e8 .functor BUFZ 1, c4<z>; HiZ drive
v00000297ece8ba70_0 .net "TRIM1", 0 0, o00000297ece466e8;  0 drivers
o00000297ece46718 .functor BUFZ 1, c4<z>; HiZ drive
v00000297ece8c650_0 .net "TRIM2", 0 0, o00000297ece46718;  0 drivers
o00000297ece46748 .functor BUFZ 1, c4<z>; HiZ drive
v00000297ece8b610_0 .net "TRIM3", 0 0, o00000297ece46748;  0 drivers
o00000297ece46778 .functor BUFZ 1, c4<z>; HiZ drive
v00000297ece8afd0_0 .net "TRIM4", 0 0, o00000297ece46778;  0 drivers
o00000297ece467a8 .functor BUFZ 1, c4<z>; HiZ drive
v00000297ece8c150_0 .net "TRIM5", 0 0, o00000297ece467a8;  0 drivers
o00000297ece467d8 .functor BUFZ 1, c4<z>; HiZ drive
v00000297ece8adf0_0 .net "TRIM6", 0 0, o00000297ece467d8;  0 drivers
o00000297ece46808 .functor BUFZ 1, c4<z>; HiZ drive
v00000297ece8aa30_0 .net "TRIM7", 0 0, o00000297ece46808;  0 drivers
o00000297ece46838 .functor BUFZ 1, c4<z>; HiZ drive
v00000297ece8c5b0_0 .net "TRIM8", 0 0, o00000297ece46838;  0 drivers
o00000297ece46868 .functor BUFZ 1, c4<z>; HiZ drive
v00000297ece8bf70_0 .net "TRIM9", 0 0, o00000297ece46868;  0 drivers
S_00000297ece214f0 .scope module, "SB_I2C" "SB_I2C" 3 2733;
 .timescale -12 -12;
    .port_info 0 /INPUT 1 "SBCLKI";
    .port_info 1 /INPUT 1 "SBRWI";
    .port_info 2 /INPUT 1 "SBSTBI";
    .port_info 3 /INPUT 1 "SBADRI7";
    .port_info 4 /INPUT 1 "SBADRI6";
    .port_info 5 /INPUT 1 "SBADRI5";
    .port_info 6 /INPUT 1 "SBADRI4";
    .port_info 7 /INPUT 1 "SBADRI3";
    .port_info 8 /INPUT 1 "SBADRI2";
    .port_info 9 /INPUT 1 "SBADRI1";
    .port_info 10 /INPUT 1 "SBADRI0";
    .port_info 11 /INPUT 1 "SBDATI7";
    .port_info 12 /INPUT 1 "SBDATI6";
    .port_info 13 /INPUT 1 "SBDATI5";
    .port_info 14 /INPUT 1 "SBDATI4";
    .port_info 15 /INPUT 1 "SBDATI3";
    .port_info 16 /INPUT 1 "SBDATI2";
    .port_info 17 /INPUT 1 "SBDATI1";
    .port_info 18 /INPUT 1 "SBDATI0";
    .port_info 19 /INPUT 1 "SCLI";
    .port_info 20 /INPUT 1 "SDAI";
    .port_info 21 /OUTPUT 1 "SBDATO7";
    .port_info 22 /OUTPUT 1 "SBDATO6";
    .port_info 23 /OUTPUT 1 "SBDATO5";
    .port_info 24 /OUTPUT 1 "SBDATO4";
    .port_info 25 /OUTPUT 1 "SBDATO3";
    .port_info 26 /OUTPUT 1 "SBDATO2";
    .port_info 27 /OUTPUT 1 "SBDATO1";
    .port_info 28 /OUTPUT 1 "SBDATO0";
    .port_info 29 /OUTPUT 1 "SBACKO";
    .port_info 30 /OUTPUT 1 "I2CIRQ";
    .port_info 31 /OUTPUT 1 "I2CWKUP";
    .port_info 32 /OUTPUT 1 "SCLO";
    .port_info 33 /OUTPUT 1 "SCLOE";
    .port_info 34 /OUTPUT 1 "SDAO";
    .port_info 35 /OUTPUT 1 "SDAOE";
P_00000297ecc49390 .param/str "BUS_ADDR74" 0 3 2772, "0b0001";
P_00000297ecc493c8 .param/str "I2C_SLAVE_INIT_ADDR" 0 3 2771, "0b1111100001";
o00000297ece46b08 .functor BUFZ 1, c4<z>; HiZ drive
v00000297ece8b390_0 .net "I2CIRQ", 0 0, o00000297ece46b08;  0 drivers
o00000297ece46b38 .functor BUFZ 1, c4<z>; HiZ drive
v00000297ece8aad0_0 .net "I2CWKUP", 0 0, o00000297ece46b38;  0 drivers
o00000297ece46b68 .functor BUFZ 1, c4<z>; HiZ drive
v00000297ece8c1f0_0 .net "SBACKO", 0 0, o00000297ece46b68;  0 drivers
o00000297ece46b98 .functor BUFZ 1, c4<z>; HiZ drive
v00000297ece8b070_0 .net "SBADRI0", 0 0, o00000297ece46b98;  0 drivers
o00000297ece46bc8 .functor BUFZ 1, c4<z>; HiZ drive
v00000297ece8c330_0 .net "SBADRI1", 0 0, o00000297ece46bc8;  0 drivers
o00000297ece46bf8 .functor BUFZ 1, c4<z>; HiZ drive
v00000297ece8c470_0 .net "SBADRI2", 0 0, o00000297ece46bf8;  0 drivers
o00000297ece46c28 .functor BUFZ 1, c4<z>; HiZ drive
v00000297ece8b9d0_0 .net "SBADRI3", 0 0, o00000297ece46c28;  0 drivers
o00000297ece46c58 .functor BUFZ 1, c4<z>; HiZ drive
v00000297ece8b430_0 .net "SBADRI4", 0 0, o00000297ece46c58;  0 drivers
o00000297ece46c88 .functor BUFZ 1, c4<z>; HiZ drive
v00000297ece8ae90_0 .net "SBADRI5", 0 0, o00000297ece46c88;  0 drivers
o00000297ece46cb8 .functor BUFZ 1, c4<z>; HiZ drive
v00000297ece8b110_0 .net "SBADRI6", 0 0, o00000297ece46cb8;  0 drivers
o00000297ece46ce8 .functor BUFZ 1, c4<z>; HiZ drive
v00000297ece8c290_0 .net "SBADRI7", 0 0, o00000297ece46ce8;  0 drivers
o00000297ece46d18 .functor BUFZ 1, c4<z>; HiZ drive
v00000297ece8b4d0_0 .net "SBCLKI", 0 0, o00000297ece46d18;  0 drivers
o00000297ece46d48 .functor BUFZ 1, c4<z>; HiZ drive
v00000297ece8b6b0_0 .net "SBDATI0", 0 0, o00000297ece46d48;  0 drivers
o00000297ece46d78 .functor BUFZ 1, c4<z>; HiZ drive
v00000297ece8bed0_0 .net "SBDATI1", 0 0, o00000297ece46d78;  0 drivers
o00000297ece46da8 .functor BUFZ 1, c4<z>; HiZ drive
v00000297ece8c830_0 .net "SBDATI2", 0 0, o00000297ece46da8;  0 drivers
o00000297ece46dd8 .functor BUFZ 1, c4<z>; HiZ drive
v00000297ece8c3d0_0 .net "SBDATI3", 0 0, o00000297ece46dd8;  0 drivers
o00000297ece46e08 .functor BUFZ 1, c4<z>; HiZ drive
v00000297ece8c0b0_0 .net "SBDATI4", 0 0, o00000297ece46e08;  0 drivers
o00000297ece46e38 .functor BUFZ 1, c4<z>; HiZ drive
v00000297ece8acb0_0 .net "SBDATI5", 0 0, o00000297ece46e38;  0 drivers
o00000297ece46e68 .functor BUFZ 1, c4<z>; HiZ drive
v00000297ece8b750_0 .net "SBDATI6", 0 0, o00000297ece46e68;  0 drivers
o00000297ece46e98 .functor BUFZ 1, c4<z>; HiZ drive
v00000297ece8b570_0 .net "SBDATI7", 0 0, o00000297ece46e98;  0 drivers
o00000297ece46ec8 .functor BUFZ 1, c4<z>; HiZ drive
v00000297ece8cfb0_0 .net "SBDATO0", 0 0, o00000297ece46ec8;  0 drivers
o00000297ece46ef8 .functor BUFZ 1, c4<z>; HiZ drive
v00000297ece8c6f0_0 .net "SBDATO1", 0 0, o00000297ece46ef8;  0 drivers
o00000297ece46f28 .functor BUFZ 1, c4<z>; HiZ drive
v00000297ece8c790_0 .net "SBDATO2", 0 0, o00000297ece46f28;  0 drivers
o00000297ece46f58 .functor BUFZ 1, c4<z>; HiZ drive
v00000297ece8c8d0_0 .net "SBDATO3", 0 0, o00000297ece46f58;  0 drivers
o00000297ece46f88 .functor BUFZ 1, c4<z>; HiZ drive
v00000297ece8cd30_0 .net "SBDATO4", 0 0, o00000297ece46f88;  0 drivers
o00000297ece46fb8 .functor BUFZ 1, c4<z>; HiZ drive
v00000297ece8c970_0 .net "SBDATO5", 0 0, o00000297ece46fb8;  0 drivers
o00000297ece46fe8 .functor BUFZ 1, c4<z>; HiZ drive
v00000297ece8d050_0 .net "SBDATO6", 0 0, o00000297ece46fe8;  0 drivers
o00000297ece47018 .functor BUFZ 1, c4<z>; HiZ drive
v00000297ece8b1b0_0 .net "SBDATO7", 0 0, o00000297ece47018;  0 drivers
o00000297ece47048 .functor BUFZ 1, c4<z>; HiZ drive
v00000297ece8c010_0 .net "SBRWI", 0 0, o00000297ece47048;  0 drivers
o00000297ece47078 .functor BUFZ 1, c4<z>; HiZ drive
v00000297ece8b2f0_0 .net "SBSTBI", 0 0, o00000297ece47078;  0 drivers
o00000297ece470a8 .functor BUFZ 1, c4<z>; HiZ drive
v00000297ece8cab0_0 .net "SCLI", 0 0, o00000297ece470a8;  0 drivers
o00000297ece470d8 .functor BUFZ 1, c4<z>; HiZ drive
v00000297ece8cc90_0 .net "SCLO", 0 0, o00000297ece470d8;  0 drivers
o00000297ece47108 .functor BUFZ 1, c4<z>; HiZ drive
v00000297ece8cdd0_0 .net "SCLOE", 0 0, o00000297ece47108;  0 drivers
o00000297ece47138 .functor BUFZ 1, c4<z>; HiZ drive
v00000297ece8bc50_0 .net "SDAI", 0 0, o00000297ece47138;  0 drivers
o00000297ece47168 .functor BUFZ 1, c4<z>; HiZ drive
v00000297ece8bd90_0 .net "SDAO", 0 0, o00000297ece47168;  0 drivers
o00000297ece47198 .functor BUFZ 1, c4<z>; HiZ drive
v00000297ece8b7f0_0 .net "SDAOE", 0 0, o00000297ece47198;  0 drivers
S_00000297ece20d20 .scope module, "SB_IO_I3C" "SB_IO_I3C" 3 2862;
 .timescale -12 -12;
    .port_info 0 /INOUT 1 "PACKAGE_PIN";
    .port_info 1 /INPUT 1 "LATCH_INPUT_VALUE";
    .port_info 2 /INPUT 1 "CLOCK_ENABLE";
    .port_info 3 /INPUT 1 "INPUT_CLK";
    .port_info 4 /INPUT 1 "OUTPUT_CLK";
    .port_info 5 /INPUT 1 "OUTPUT_ENABLE";
    .port_info 6 /INPUT 1 "D_OUT_0";
    .port_info 7 /INPUT 1 "D_OUT_1";
    .port_info 8 /OUTPUT 1 "D_IN_0";
    .port_info 9 /OUTPUT 1 "D_IN_1";
    .port_info 10 /INPUT 1 "PU_ENB";
    .port_info 11 /INPUT 1 "WEAK_PU_ENB";
P_00000297ecb241b0 .param/str "IO_STANDARD" 0 3 2880, "SB_LVCMOS";
P_00000297ecb241e8 .param/l "NEG_TRIGGER" 0 3 2879, C4<0>;
P_00000297ecb24220 .param/l "PIN_TYPE" 0 3 2876, C4<000000>;
P_00000297ecb24258 .param/l "PULLUP" 0 3 2877, C4<0>;
P_00000297ecb24290 .param/l "WEAK_PULLUP" 0 3 2878, C4<0>;
L_00000297ece8ff00 .functor BUFZ 1, v00000297ece8d5f0_0, C4<0>, C4<0>, C4<0>;
L_00000297ece904b0 .functor BUFZ 1, v00000297ece8da50_0, C4<0>, C4<0>, C4<0>;
o00000297ece47888 .functor BUFZ 1, c4<z>; HiZ drive
v00000297ece8ce70_0 .net "CLOCK_ENABLE", 0 0, o00000297ece47888;  0 drivers
v00000297ece8b890_0 .net "D_IN_0", 0 0, L_00000297ece8ff00;  1 drivers
v00000297ece8ad50_0 .net "D_IN_1", 0 0, L_00000297ece904b0;  1 drivers
o00000297ece47918 .functor BUFZ 1, c4<z>; HiZ drive
v00000297ece8b930_0 .net "D_OUT_0", 0 0, o00000297ece47918;  0 drivers
o00000297ece47948 .functor BUFZ 1, c4<z>; HiZ drive
v00000297ece8bcf0_0 .net "D_OUT_1", 0 0, o00000297ece47948;  0 drivers
o00000297ece47978 .functor BUFZ 1, c4<z>; HiZ drive
v00000297ece8be30_0 .net "INPUT_CLK", 0 0, o00000297ece47978;  0 drivers
o00000297ece479a8 .functor BUFZ 1, c4<z>; HiZ drive
v00000297ece8dc30_0 .net "LATCH_INPUT_VALUE", 0 0, o00000297ece479a8;  0 drivers
o00000297ece479d8 .functor BUFZ 1, c4<z>; HiZ drive
v00000297ece8dcd0_0 .net "OUTPUT_CLK", 0 0, o00000297ece479d8;  0 drivers
o00000297ece47a08 .functor BUFZ 1, c4<z>; HiZ drive
v00000297ece8d7d0_0 .net "OUTPUT_ENABLE", 0 0, o00000297ece47a08;  0 drivers
o00000297ece47a38 .functor BUFZ 1, c4<z>; HiZ drive
v00000297ece8dd70_0 .net "PACKAGE_PIN", 0 0, o00000297ece47a38;  0 drivers
o00000297ece47a68 .functor BUFZ 1, c4<z>; HiZ drive
v00000297ece8d910_0 .net "PU_ENB", 0 0, o00000297ece47a68;  0 drivers
o00000297ece47a98 .functor BUFZ 1, c4<z>; HiZ drive
v00000297ece8e130_0 .net "WEAK_PU_ENB", 0 0, o00000297ece47a98;  0 drivers
v00000297ece8d5f0_0 .var "din_0", 0 0;
v00000297ece8da50_0 .var "din_1", 0 0;
v00000297ece8d870_0 .var "din_q_0", 0 0;
v00000297ece8d9b0_0 .var "din_q_1", 0 0;
v00000297ece8e1d0_0 .var "dout", 0 0;
v00000297ece8e4f0_0 .var "dout_q_0", 0 0;
v00000297ece8d2d0_0 .var "dout_q_1", 0 0;
v00000297ece8e270_0 .var "outclk_delayed_1", 0 0;
v00000297ece8e770_0 .var "outclk_delayed_2", 0 0;
v00000297ece8deb0_0 .var "outena_q", 0 0;
E_00000297ece0eba0 .event anyedge, v00000297ece8e770_0, v00000297ece8e4f0_0, v00000297ece8d2d0_0;
E_00000297ece0eca0 .event anyedge, v00000297ece8e270_0;
E_00000297ece0ece0 .event anyedge, v00000297ece8dcd0_0;
E_00000297ece0ed60 .event anyedge, v00000297ece8d870_0, v00000297ece8d9b0_0;
S_00000297ece26d70 .scope generate, "genblk1" "genblk1" 3 2888, 3 2888 0, S_00000297ece20d20;
 .timescale -12 -12;
E_00000297ece0e720 .event posedge, v00000297ece8dcd0_0;
E_00000297ece0f160 .event negedge, v00000297ece8dcd0_0;
E_00000297ece0efa0 .event negedge, v00000297ece8be30_0;
E_00000297ece0efe0 .event posedge, v00000297ece8be30_0;
S_00000297ece20a00 .scope module, "SB_IO_OD" "SB_IO_OD" 3 2931;
 .timescale -12 -12;
    .port_info 0 /INOUT 1 "PACKAGEPIN";
    .port_info 1 /INPUT 1 "LATCHINPUTVALUE";
    .port_info 2 /INPUT 1 "CLOCKENABLE";
    .port_info 3 /INPUT 1 "INPUTCLK";
    .port_info 4 /INPUT 1 "OUTPUTCLK";
    .port_info 5 /INPUT 1 "OUTPUTENABLE";
    .port_info 6 /INPUT 1 "DOUT1";
    .port_info 7 /INPUT 1 "DOUT0";
    .port_info 8 /OUTPUT 1 "DIN1";
    .port_info 9 /OUTPUT 1 "DIN0";
P_00000297ecc47710 .param/l "NEG_TRIGGER" 0 3 2944, C4<0>;
P_00000297ecc47748 .param/l "PIN_TYPE" 0 3 2943, C4<000000>;
L_00000297ece8f410 .functor BUFZ 1, v00000297ece8de10_0, C4<0>, C4<0>, C4<0>;
L_00000297ece8f480 .functor BUFZ 1, v00000297ece8d230_0, C4<0>, C4<0>, C4<0>;
o00000297ece47ee8 .functor BUFZ 1, c4<z>; HiZ drive
v00000297ece8daf0_0 .net "CLOCKENABLE", 0 0, o00000297ece47ee8;  0 drivers
v00000297ece8d690_0 .net "DIN0", 0 0, L_00000297ece8f410;  1 drivers
v00000297ece8e630_0 .net "DIN1", 0 0, L_00000297ece8f480;  1 drivers
o00000297ece47f78 .functor BUFZ 1, c4<z>; HiZ drive
v00000297ece8e310_0 .net "DOUT0", 0 0, o00000297ece47f78;  0 drivers
o00000297ece47fa8 .functor BUFZ 1, c4<z>; HiZ drive
v00000297ece8e3b0_0 .net "DOUT1", 0 0, o00000297ece47fa8;  0 drivers
o00000297ece47fd8 .functor BUFZ 1, c4<z>; HiZ drive
v00000297ece8db90_0 .net "INPUTCLK", 0 0, o00000297ece47fd8;  0 drivers
o00000297ece48008 .functor BUFZ 1, c4<z>; HiZ drive
v00000297ece8e810_0 .net "LATCHINPUTVALUE", 0 0, o00000297ece48008;  0 drivers
o00000297ece48038 .functor BUFZ 1, c4<z>; HiZ drive
v00000297ece8e450_0 .net "OUTPUTCLK", 0 0, o00000297ece48038;  0 drivers
o00000297ece48068 .functor BUFZ 1, c4<z>; HiZ drive
v00000297ece8dff0_0 .net "OUTPUTENABLE", 0 0, o00000297ece48068;  0 drivers
o00000297ece48098 .functor BUFZ 1, c4<z>; HiZ drive
v00000297ece8d190_0 .net "PACKAGEPIN", 0 0, o00000297ece48098;  0 drivers
v00000297ece8de10_0 .var "din_0", 0 0;
v00000297ece8d230_0 .var "din_1", 0 0;
v00000297ece8d370_0 .var "din_q_0", 0 0;
v00000297ece8df50_0 .var "din_q_1", 0 0;
v00000297ece8e090_0 .var "dout", 0 0;
v00000297ece8e590_0 .var "dout_q_0", 0 0;
v00000297ece8e6d0_0 .var "dout_q_1", 0 0;
v00000297ece8d410_0 .var "outclk_delayed_1", 0 0;
v00000297ece8d730_0 .var "outclk_delayed_2", 0 0;
v00000297ece8d4b0_0 .var "outena_q", 0 0;
E_00000297ece0e7a0 .event anyedge, v00000297ece8d730_0, v00000297ece8e590_0, v00000297ece8e6d0_0;
E_00000297ece0f3e0 .event anyedge, v00000297ece8d410_0;
E_00000297ece0f420 .event anyedge, v00000297ece8e450_0;
E_00000297ece0f4a0 .event anyedge, v00000297ece8d370_0, v00000297ece8df50_0;
S_00000297ece26f00 .scope generate, "genblk1" "genblk1" 3 2952, 3 2952 0, S_00000297ece20a00;
 .timescale -12 -12;
E_00000297ece0eda0 .event posedge, v00000297ece8e450_0;
E_00000297ece0f220 .event negedge, v00000297ece8e450_0;
E_00000297ece0f260 .event negedge, v00000297ece8db90_0;
E_00000297ece0f4e0 .event posedge, v00000297ece8db90_0;
S_00000297ece21680 .scope module, "SB_LEDDA_IP" "SB_LEDDA_IP" 3 2830;
 .timescale -12 -12;
    .port_info 0 /INPUT 1 "LEDDCS";
    .port_info 1 /INPUT 1 "LEDDCLK";
    .port_info 2 /INPUT 1 "LEDDDAT7";
    .port_info 3 /INPUT 1 "LEDDDAT6";
    .port_info 4 /INPUT 1 "LEDDDAT5";
    .port_info 5 /INPUT 1 "LEDDDAT4";
    .port_info 6 /INPUT 1 "LEDDDAT3";
    .port_info 7 /INPUT 1 "LEDDDAT2";
    .port_info 8 /INPUT 1 "LEDDDAT1";
    .port_info 9 /INPUT 1 "LEDDDAT0";
    .port_info 10 /INPUT 1 "LEDDADDR3";
    .port_info 11 /INPUT 1 "LEDDADDR2";
    .port_info 12 /INPUT 1 "LEDDADDR1";
    .port_info 13 /INPUT 1 "LEDDADDR0";
    .port_info 14 /INPUT 1 "LEDDDEN";
    .port_info 15 /INPUT 1 "LEDDEXE";
    .port_info 16 /INPUT 1 "LEDDRST";
    .port_info 17 /OUTPUT 1 "PWMOUT0";
    .port_info 18 /OUTPUT 1 "PWMOUT1";
    .port_info 19 /OUTPUT 1 "PWMOUT2";
    .port_info 20 /OUTPUT 1 "LEDDON";
o00000297ece48488 .functor BUFZ 1, c4<z>; HiZ drive
v00000297ece8d550_0 .net "LEDDADDR0", 0 0, o00000297ece48488;  0 drivers
o00000297ece484b8 .functor BUFZ 1, c4<z>; HiZ drive
v00000297ece91130_0 .net "LEDDADDR1", 0 0, o00000297ece484b8;  0 drivers
o00000297ece484e8 .functor BUFZ 1, c4<z>; HiZ drive
v00000297ece916d0_0 .net "LEDDADDR2", 0 0, o00000297ece484e8;  0 drivers
o00000297ece48518 .functor BUFZ 1, c4<z>; HiZ drive
v00000297ece91810_0 .net "LEDDADDR3", 0 0, o00000297ece48518;  0 drivers
o00000297ece48548 .functor BUFZ 1, c4<z>; HiZ drive
v00000297ece91310_0 .net "LEDDCLK", 0 0, o00000297ece48548;  0 drivers
o00000297ece48578 .functor BUFZ 1, c4<z>; HiZ drive
v00000297ece92850_0 .net "LEDDCS", 0 0, o00000297ece48578;  0 drivers
o00000297ece485a8 .functor BUFZ 1, c4<z>; HiZ drive
v00000297ece92670_0 .net "LEDDDAT0", 0 0, o00000297ece485a8;  0 drivers
o00000297ece485d8 .functor BUFZ 1, c4<z>; HiZ drive
v00000297ece91630_0 .net "LEDDDAT1", 0 0, o00000297ece485d8;  0 drivers
o00000297ece48608 .functor BUFZ 1, c4<z>; HiZ drive
v00000297ece92710_0 .net "LEDDDAT2", 0 0, o00000297ece48608;  0 drivers
o00000297ece48638 .functor BUFZ 1, c4<z>; HiZ drive
v00000297ece91270_0 .net "LEDDDAT3", 0 0, o00000297ece48638;  0 drivers
o00000297ece48668 .functor BUFZ 1, c4<z>; HiZ drive
v00000297ece918b0_0 .net "LEDDDAT4", 0 0, o00000297ece48668;  0 drivers
o00000297ece48698 .functor BUFZ 1, c4<z>; HiZ drive
v00000297ece91450_0 .net "LEDDDAT5", 0 0, o00000297ece48698;  0 drivers
o00000297ece486c8 .functor BUFZ 1, c4<z>; HiZ drive
v00000297ece90e10_0 .net "LEDDDAT6", 0 0, o00000297ece486c8;  0 drivers
o00000297ece486f8 .functor BUFZ 1, c4<z>; HiZ drive
v00000297ece93110_0 .net "LEDDDAT7", 0 0, o00000297ece486f8;  0 drivers
o00000297ece48728 .functor BUFZ 1, c4<z>; HiZ drive
v00000297ece925d0_0 .net "LEDDDEN", 0 0, o00000297ece48728;  0 drivers
o00000297ece48758 .functor BUFZ 1, c4<z>; HiZ drive
v00000297ece90cd0_0 .net "LEDDEXE", 0 0, o00000297ece48758;  0 drivers
o00000297ece48788 .functor BUFZ 1, c4<z>; HiZ drive
v00000297ece91770_0 .net "LEDDON", 0 0, o00000297ece48788;  0 drivers
o00000297ece487b8 .functor BUFZ 1, c4<z>; HiZ drive
v00000297ece909b0_0 .net "LEDDRST", 0 0, o00000297ece487b8;  0 drivers
o00000297ece487e8 .functor BUFZ 1, c4<z>; HiZ drive
v00000297ece92350_0 .net "PWMOUT0", 0 0, o00000297ece487e8;  0 drivers
o00000297ece48818 .functor BUFZ 1, c4<z>; HiZ drive
v00000297ece92d50_0 .net "PWMOUT1", 0 0, o00000297ece48818;  0 drivers
o00000297ece48848 .functor BUFZ 1, c4<z>; HiZ drive
v00000297ece90ff0_0 .net "PWMOUT2", 0 0, o00000297ece48848;  0 drivers
S_00000297ece21810 .scope module, "SB_LED_DRV_CUR" "SB_LED_DRV_CUR" 3 2709;
 .timescale -12 -12;
    .port_info 0 /INPUT 1 "EN";
    .port_info 1 /OUTPUT 1 "LEDPU";
o00000297ece48c68 .functor BUFZ 1, c4<z>; HiZ drive
v00000297ece914f0_0 .net "EN", 0 0, o00000297ece48c68;  0 drivers
o00000297ece48c98 .functor BUFZ 1, c4<z>; HiZ drive
v00000297ece911d0_0 .net "LEDPU", 0 0, o00000297ece48c98;  0 drivers
S_00000297ece219a0 .scope module, "SB_LFOSC" "SB_LFOSC" 3 2684;
 .timescale -12 -12;
    .port_info 0 /INPUT 1 "CLKLFPU";
    .port_info 1 /INPUT 1 "CLKLFEN";
    .port_info 2 /OUTPUT 1 "CLKLF";
o00000297ece48d28 .functor BUFZ 1, c4<z>; HiZ drive
v00000297ece91590_0 .net "CLKLF", 0 0, o00000297ece48d28;  0 drivers
o00000297ece48d58 .functor BUFZ 1, c4<z>; HiZ drive
v00000297ece90a50_0 .net "CLKLFEN", 0 0, o00000297ece48d58;  0 drivers
o00000297ece48d88 .functor BUFZ 1, c4<z>; HiZ drive
v00000297ece928f0_0 .net "CLKLFPU", 0 0, o00000297ece48d88;  0 drivers
S_00000297ece20b90 .scope module, "SB_LUT4" "SB_LUT4" 3 177;
 .timescale -12 -12;
    .port_info 0 /OUTPUT 1 "O";
    .port_info 1 /INPUT 1 "I0";
    .port_info 2 /INPUT 1 "I1";
    .port_info 3 /INPUT 1 "I2";
    .port_info 4 /INPUT 1 "I3";
P_00000297ece0ee60 .param/l "LUT_INIT" 0 3 184, C4<0000000000000000>;
o00000297ece48e48 .functor BUFZ 1, c4<z>; HiZ drive
v00000297ece90af0_0 .net "I0", 0 0, o00000297ece48e48;  0 drivers
o00000297ece48e78 .functor BUFZ 1, c4<z>; HiZ drive
v00000297ece927b0_0 .net "I1", 0 0, o00000297ece48e78;  0 drivers
o00000297ece48ea8 .functor BUFZ 1, c4<z>; HiZ drive
v00000297ece91950_0 .net "I2", 0 0, o00000297ece48ea8;  0 drivers
o00000297ece48ed8 .functor BUFZ 1, c4<z>; HiZ drive
v00000297ece91b30_0 .net "I3", 0 0, o00000297ece48ed8;  0 drivers
v00000297ece91090_0 .net "O", 0 0, L_00000297ecf141a0;  1 drivers
L_00000297eceb4f90 .functor BUFT 1, C4<00000000>, C4<0>, C4<0>, C4<0>;
v00000297ece92530_0 .net/2u *"_ivl_0", 7 0, L_00000297eceb4f90;  1 drivers
v00000297ece90b90_0 .net *"_ivl_13", 1 0, L_00000297ecf12760;  1 drivers
v00000297ece90d70_0 .net *"_ivl_15", 1 0, L_00000297ecf132a0;  1 drivers
v00000297ece92f30_0 .net *"_ivl_19", 0 0, L_00000297ecf12620;  1 drivers
L_00000297eceb4fd8 .functor BUFT 1, C4<00000000>, C4<0>, C4<0>, C4<0>;
v00000297ece923f0_0 .net/2u *"_ivl_2", 7 0, L_00000297eceb4fd8;  1 drivers
v00000297ece91e50_0 .net *"_ivl_21", 0 0, L_00000297ecf13d40;  1 drivers
v00000297ece91ef0_0 .net *"_ivl_7", 3 0, L_00000297ecf13ac0;  1 drivers
v00000297ece913b0_0 .net *"_ivl_9", 3 0, L_00000297ecf146a0;  1 drivers
v00000297ece919f0_0 .net "s1", 1 0, L_00000297ecf12e40;  1 drivers
v00000297ece91a90_0 .net "s2", 3 0, L_00000297ecf13840;  1 drivers
v00000297ece91bd0_0 .net "s3", 7 0, L_00000297ecf13480;  1 drivers
L_00000297ecf13480 .functor MUXZ 8, L_00000297eceb4fd8, L_00000297eceb4f90, o00000297ece48ed8, C4<>;
L_00000297ecf13ac0 .part L_00000297ecf13480, 4, 4;
L_00000297ecf146a0 .part L_00000297ecf13480, 0, 4;
L_00000297ecf13840 .functor MUXZ 4, L_00000297ecf146a0, L_00000297ecf13ac0, o00000297ece48ea8, C4<>;
L_00000297ecf12760 .part L_00000297ecf13840, 2, 2;
L_00000297ecf132a0 .part L_00000297ecf13840, 0, 2;
L_00000297ecf12e40 .functor MUXZ 2, L_00000297ecf132a0, L_00000297ecf12760, o00000297ece48e78, C4<>;
L_00000297ecf12620 .part L_00000297ecf12e40, 1, 1;
L_00000297ecf13d40 .part L_00000297ecf12e40, 0, 1;
L_00000297ecf141a0 .functor MUXZ 1, L_00000297ecf13d40, L_00000297ecf12620, o00000297ece48e48, C4<>;
S_00000297ece20eb0 .scope module, "SB_MAC16" "SB_MAC16" 3 2996;
 .timescale -12 -12;
    .port_info 0 /INPUT 1 "CLK";
    .port_info 1 /INPUT 1 "CE";
    .port_info 2 /INPUT 16 "C";
    .port_info 3 /INPUT 16 "A";
    .port_info 4 /INPUT 16 "B";
    .port_info 5 /INPUT 16 "D";
    .port_info 6 /INPUT 1 "AHOLD";
    .port_info 7 /INPUT 1 "BHOLD";
    .port_info 8 /INPUT 1 "CHOLD";
    .port_info 9 /INPUT 1 "DHOLD";
    .port_info 10 /INPUT 1 "IRSTTOP";
    .port_info 11 /INPUT 1 "IRSTBOT";
    .port_info 12 /INPUT 1 "ORSTTOP";
    .port_info 13 /INPUT 1 "ORSTBOT";
    .port_info 14 /INPUT 1 "OLOADTOP";
    .port_info 15 /INPUT 1 "OLOADBOT";
    .port_info 16 /INPUT 1 "ADDSUBTOP";
    .port_info 17 /INPUT 1 "ADDSUBBOT";
    .port_info 18 /INPUT 1 "OHOLDTOP";
    .port_info 19 /INPUT 1 "OHOLDBOT";
    .port_info 20 /INPUT 1 "CI";
    .port_info 21 /INPUT 1 "ACCUMCI";
    .port_info 22 /INPUT 1 "SIGNEXTIN";
    .port_info 23 /OUTPUT 32 "O";
    .port_info 24 /OUTPUT 1 "CO";
    .port_info 25 /OUTPUT 1 "ACCUMCO";
    .port_info 26 /OUTPUT 1 "SIGNEXTOUT";
P_00000297ecb2b060 .param/l "A_REG" 0 3 3011, C4<0>;
P_00000297ecb2b098 .param/l "A_SIGNED" 0 3 3027, C4<0>;
P_00000297ecb2b0d0 .param/l "BOTADDSUB_CARRYSELECT" 0 3 3025, C4<00>;
P_00000297ecb2b108 .param/l "BOTADDSUB_LOWERINPUT" 0 3 3023, C4<00>;
P_00000297ecb2b140 .param/l "BOTADDSUB_UPPERINPUT" 0 3 3024, C4<0>;
P_00000297ecb2b178 .param/l "BOTOUTPUT_SELECT" 0 3 3022, C4<00>;
P_00000297ecb2b1b0 .param/l "BOT_8x8_MULT_REG" 0 3 3015, C4<0>;
P_00000297ecb2b1e8 .param/l "B_REG" 0 3 3012, C4<0>;
P_00000297ecb2b220 .param/l "B_SIGNED" 0 3 3028, C4<0>;
P_00000297ecb2b258 .param/l "C_REG" 0 3 3010, C4<0>;
P_00000297ecb2b290 .param/l "D_REG" 0 3 3013, C4<0>;
P_00000297ecb2b2c8 .param/l "MODE_8x8" 0 3 3026, C4<0>;
P_00000297ecb2b300 .param/l "NEG_TRIGGER" 0 3 3009, C4<0>;
P_00000297ecb2b338 .param/l "PIPELINE_16x16_MULT_REG1" 0 3 3016, C4<0>;
P_00000297ecb2b370 .param/l "PIPELINE_16x16_MULT_REG2" 0 3 3017, C4<0>;
P_00000297ecb2b3a8 .param/l "TOPADDSUB_CARRYSELECT" 0 3 3021, C4<00>;
P_00000297ecb2b3e0 .param/l "TOPADDSUB_LOWERINPUT" 0 3 3019, C4<00>;
P_00000297ecb2b418 .param/l "TOPADDSUB_UPPERINPUT" 0 3 3020, C4<0>;
P_00000297ecb2b450 .param/l "TOPOUTPUT_SELECT" 0 3 3018, C4<00>;
P_00000297ecb2b488 .param/l "TOP_8x8_MULT_REG" 0 3 3014, C4<0>;
o00000297ece49538 .functor BUFZ 1, c4<z>; HiZ drive
L_00000297eceb5020 .functor BUFT 1, C4<0>, C4<0>, C4<0>, C4<0>;
L_00000297ece90210 .functor XOR 1, o00000297ece49538, L_00000297eceb5020, C4<0>, C4<0>;
o00000297ece49478 .functor BUFZ 16, c4<zzzzzzzzzzzzzzzz>; HiZ drive
L_00000297ece8f250 .functor BUFZ 16, o00000297ece49478, C4<0000000000000000>, C4<0000000000000000>, C4<0000000000000000>;
o00000297ece49238 .functor BUFZ 16, c4<zzzzzzzzzzzzzzzz>; HiZ drive
L_00000297ece8eb50 .functor BUFZ 16, o00000297ece49238, C4<0000000000000000>, C4<0000000000000000>, C4<0000000000000000>;
o00000297ece493b8 .functor BUFZ 16, c4<zzzzzzzzzzzzzzzz>; HiZ drive
L_00000297ece8eca0 .functor BUFZ 16, o00000297ece493b8, C4<0000000000000000>, C4<0000000000000000>, C4<0000000000000000>;
o00000297ece49598 .functor BUFZ 16, c4<zzzzzzzzzzzzzzzz>; HiZ drive
L_00000297ece8f330 .functor BUFZ 16, o00000297ece49598, C4<0000000000000000>, C4<0000000000000000>, C4<0000000000000000>;
L_00000297ece8f4f0 .functor BUFZ 16, L_00000297ecf12ee0, C4<0000000000000000>, C4<0000000000000000>, C4<0000000000000000>;
L_00000297ece8f100 .functor BUFZ 16, L_00000297ecf12800, C4<0000000000000000>, C4<0000000000000000>, C4<0000000000000000>;
L_00000297ece8f2c0 .functor BUFZ 16, L_00000297ecf128a0, C4<0000000000000000>, C4<0000000000000000>, C4<0000000000000000>;
L_00000297ece8f6b0 .functor BUFZ 16, L_00000297ecf12f80, C4<0000000000000000>, C4<0000000000000000>, C4<0000000000000000>;
L_00000297ece8f560 .functor BUFZ 32, L_00000297ecf147e0, C4<00000000000000000000000000000000>, C4<00000000000000000000000000000000>, C4<00000000000000000000000000000000>;
L_00000297ece8edf0 .functor BUFZ 16, v00000297ece98de0_0, C4<0000000000000000>, C4<0000000000000000>, C4<0000000000000000>;
L_00000297ece8f090 .functor BUFZ 16, L_00000297ece8eb50, C4<0000000000000000>, C4<0000000000000000>, C4<0000000000000000>;
L_00000297ece8eed0 .functor XOR 17, L_00000297ecf13660, L_00000297ecf137a0, C4<00000000000000000>, C4<00000000000000000>;
o00000297ece492f8 .functor BUFZ 1, c4<z>; HiZ drive
L_00000297ece8ed10 .functor XOR 1, L_00000297ecf135c0, o00000297ece492f8, C4<0>, C4<0>;
L_00000297ece8efb0 .functor XOR 16, L_00000297ecf14560, L_00000297ecf14e20, C4<0000000000000000>, C4<0000000000000000>;
L_00000297ece8fe90 .functor BUFZ 16, L_00000297ecf14b00, C4<0000000000000000>, C4<0000000000000000>, C4<0000000000000000>;
L_00000297ece8f720 .functor BUFZ 16, v00000297ece97ee0_0, C4<0000000000000000>, C4<0000000000000000>, C4<0000000000000000>;
L_00000297ece8ff70 .functor BUFZ 16, L_00000297ece8eca0, C4<0000000000000000>, C4<0000000000000000>, C4<0000000000000000>;
L_00000297ece8fc60 .functor XOR 17, L_00000297ecf14920, L_00000297ecf14c40, C4<00000000000000000>, C4<00000000000000000>;
L_00000297ece8f020 .functor XOR 16, L_00000297ecf14880, L_00000297ecf0e340, C4<0000000000000000>, C4<0000000000000000>;
L_00000297ece902f0 .functor BUFZ 16, L_00000297ecf0dda0, C4<0000000000000000>, C4<0000000000000000>, C4<0000000000000000>;
v00000297ece91c70_0 .net "A", 15 0, o00000297ece49238;  0 drivers
o00000297ece49268 .functor BUFZ 1, c4<z>; HiZ drive
v00000297ece92fd0_0 .net "ACCUMCI", 0 0, o00000297ece49268;  0 drivers
v00000297ece91d10_0 .net "ACCUMCO", 0 0, L_00000297ecf135c0;  1 drivers
o00000297ece492c8 .functor BUFZ 1, c4<z>; HiZ drive
v00000297ece90c30_0 .net "ADDSUBBOT", 0 0, o00000297ece492c8;  0 drivers
v00000297ece92490_0 .net "ADDSUBTOP", 0 0, o00000297ece492f8;  0 drivers
o00000297ece49328 .functor BUFZ 1, c4<z>; HiZ drive
v00000297ece92990_0 .net "AHOLD", 0 0, o00000297ece49328;  0 drivers
v00000297ece91db0_0 .net "Ah", 15 0, L_00000297ecf12c60;  1 drivers
v00000297ece91f90_0 .net "Al", 15 0, L_00000297ecf138e0;  1 drivers
v00000297ece90eb0_0 .net "B", 15 0, o00000297ece493b8;  0 drivers
o00000297ece493e8 .functor BUFZ 1, c4<z>; HiZ drive
v00000297ece92ad0_0 .net "BHOLD", 0 0, o00000297ece493e8;  0 drivers
v00000297ece92030_0 .net "Bh", 15 0, L_00000297ecf13340;  1 drivers
v00000297ece920d0_0 .net "Bl", 15 0, L_00000297ecf12da0;  1 drivers
v00000297ece92a30_0 .net "C", 15 0, o00000297ece49478;  0 drivers
o00000297ece494a8 .functor BUFZ 1, c4<z>; HiZ drive
v00000297ece92170_0 .net "CE", 0 0, o00000297ece494a8;  0 drivers
o00000297ece494d8 .functor BUFZ 1, c4<z>; HiZ drive
v00000297ece92210_0 .net "CHOLD", 0 0, o00000297ece494d8;  0 drivers
o00000297ece49508 .functor BUFZ 1, c4<z>; HiZ drive
v00000297ece90f50_0 .net "CI", 0 0, o00000297ece49508;  0 drivers
v00000297ece922b0_0 .net "CLK", 0 0, o00000297ece49538;  0 drivers
v00000297ece92b70_0 .net "CO", 0 0, L_00000297ece8ed10;  1 drivers
v00000297ece92c10_0 .net "D", 15 0, o00000297ece49598;  0 drivers
o00000297ece495c8 .functor BUFZ 1, c4<z>; HiZ drive
v00000297ece92cb0_0 .net "DHOLD", 0 0, o00000297ece495c8;  0 drivers
L_00000297eceb5578 .functor BUFT 1, C4<0>, C4<0>, C4<0>, C4<0>;
v00000297ece92df0_0 .net "HCI", 0 0, L_00000297eceb5578;  1 drivers
o00000297ece49628 .functor BUFZ 1, c4<z>; HiZ drive
v00000297ece92e90_0 .net "IRSTBOT", 0 0, o00000297ece49628;  0 drivers
o00000297ece49658 .functor BUFZ 1, c4<z>; HiZ drive
v00000297ece93070_0 .net "IRSTTOP", 0 0, o00000297ece49658;  0 drivers
L_00000297eceb5698 .functor BUFT 1, C4<0>, C4<0>, C4<0>, C4<0>;
v00000297ece93890_0 .net "LCI", 0 0, L_00000297eceb5698;  1 drivers
v00000297ece93250_0 .net "LCO", 0 0, L_00000297ecf14ec0;  1 drivers
v00000297ece93930_0 .net "O", 31 0, L_00000297ecf0eca0;  1 drivers
o00000297ece49718 .functor BUFZ 1, c4<z>; HiZ drive
v00000297ece93750_0 .net "OHOLDBOT", 0 0, o00000297ece49718;  0 drivers
o00000297ece49748 .functor BUFZ 1, c4<z>; HiZ drive
v00000297ece941f0_0 .net "OHOLDTOP", 0 0, o00000297ece49748;  0 drivers
o00000297ece49778 .functor BUFZ 1, c4<z>; HiZ drive
v00000297ece93390_0 .net "OLOADBOT", 0 0, o00000297ece49778;  0 drivers
o00000297ece497a8 .functor BUFZ 1, c4<z>; HiZ drive
v00000297ece936b0_0 .net "OLOADTOP", 0 0, o00000297ece497a8;  0 drivers
o00000297ece497d8 .functor BUFZ 1, c4<z>; HiZ drive
v00000297ece93ed0_0 .net "ORSTBOT", 0 0, o00000297ece497d8;  0 drivers
o00000297ece49808 .functor BUFZ 1, c4<z>; HiZ drive
v00000297ece93430_0 .net "ORSTTOP", 0 0, o00000297ece49808;  0 drivers
v00000297ece94010_0 .net "Oh", 15 0, L_00000297ece8fe90;  1 drivers
v00000297ece934d0_0 .net "Ol", 15 0, L_00000297ece902f0;  1 drivers
o00000297ece49898 .functor BUFZ 1, c4<z>; HiZ drive
v00000297ece93570_0 .net "SIGNEXTIN", 0 0, o00000297ece49898;  0 drivers
v00000297ece93f70_0 .net "SIGNEXTOUT", 0 0, L_00000297ecf14d80;  1 drivers
v00000297ece93c50_0 .net "XW", 15 0, L_00000297ecf14560;  1 drivers
v00000297ece94510_0 .net "YZ", 15 0, L_00000297ecf14880;  1 drivers
v00000297ece931b0_0 .net/2u *"_ivl_0", 0 0, L_00000297eceb5020;  1 drivers
v00000297ece939d0_0 .net *"_ivl_100", 31 0, L_00000297ecf13160;  1 drivers
L_00000297eceb5410 .functor BUFT 1, C4<0000000000000000>, C4<0>, C4<0>, C4<0>;
v00000297ece93e30_0 .net *"_ivl_103", 15 0, L_00000297eceb5410;  1 drivers
v00000297ece945b0_0 .net *"_ivl_104", 31 0, L_00000297ecf14380;  1 drivers
v00000297ece937f0_0 .net *"_ivl_106", 15 0, L_00000297ecf13200;  1 drivers
L_00000297eceb5458 .functor BUFT 1, C4<0000000000000000>, C4<0>, C4<0>, C4<0>;
v00000297ece94330_0 .net *"_ivl_108", 15 0, L_00000297eceb5458;  1 drivers
L_00000297eceb5068 .functor BUFT 1, C4<00000000>, C4<0>, C4<0>, C4<0>;
v00000297ece93a70_0 .net/2u *"_ivl_12", 7 0, L_00000297eceb5068;  1 drivers
v00000297ece94150_0 .net *"_ivl_121", 16 0, L_00000297ecf14600;  1 drivers
L_00000297eceb54a0 .functor BUFT 1, C4<0>, C4<0>, C4<0>, C4<0>;
v00000297ece93b10_0 .net *"_ivl_124", 0 0, L_00000297eceb54a0;  1 drivers
v00000297ece943d0_0 .net *"_ivl_125", 16 0, L_00000297ecf13660;  1 drivers
L_00000297eceb54e8 .functor BUFT 1, C4<0>, C4<0>, C4<0>, C4<0>;
v00000297ece93bb0_0 .net *"_ivl_128", 0 0, L_00000297eceb54e8;  1 drivers
v00000297ece940b0_0 .net *"_ivl_130", 15 0, L_00000297ecf13700;  1 drivers
v00000297ece93cf0_0 .net *"_ivl_131", 16 0, L_00000297ecf137a0;  1 drivers
L_00000297eceb5530 .functor BUFT 1, C4<0>, C4<0>, C4<0>, C4<0>;
v00000297ece93610_0 .net *"_ivl_134", 0 0, L_00000297eceb5530;  1 drivers
v00000297ece94470_0 .net *"_ivl_135", 16 0, L_00000297ece8eed0;  1 drivers
v00000297ece946f0_0 .net *"_ivl_137", 16 0, L_00000297ecf14a60;  1 drivers
L_00000297eceb5890 .functor BUFT 1, C4<00000000000000000>, C4<0>, C4<0>, C4<0>;
v00000297ece94290_0 .net *"_ivl_139", 16 0, L_00000297eceb5890;  1 drivers
v00000297ece94650_0 .net *"_ivl_143", 16 0, L_00000297ecf14ce0;  1 drivers
v00000297ece93d90_0 .net *"_ivl_148", 15 0, L_00000297ecf14e20;  1 drivers
v00000297ece94790_0 .net *"_ivl_149", 15 0, L_00000297ece8efb0;  1 drivers
v00000297ece94830_0 .net *"_ivl_15", 7 0, L_00000297ecf14420;  1 drivers
v00000297ece932f0_0 .net *"_ivl_168", 16 0, L_00000297ecf14f60;  1 drivers
L_00000297eceb55c0 .functor BUFT 1, C4<0>, C4<0>, C4<0>, C4<0>;
v00000297ece96d60_0 .net *"_ivl_171", 0 0, L_00000297eceb55c0;  1 drivers
v00000297ece95780_0 .net *"_ivl_172", 16 0, L_00000297ecf14920;  1 drivers
L_00000297eceb5608 .functor BUFT 1, C4<0>, C4<0>, C4<0>, C4<0>;
v00000297ece958c0_0 .net *"_ivl_175", 0 0, L_00000297eceb5608;  1 drivers
v00000297ece951e0_0 .net *"_ivl_177", 15 0, L_00000297ecf149c0;  1 drivers
v00000297ece96e00_0 .net *"_ivl_178", 16 0, L_00000297ecf14c40;  1 drivers
L_00000297eceb50b0 .functor BUFT 1, C4<00000000>, C4<0>, C4<0>, C4<0>;
v00000297ece950a0_0 .net/2u *"_ivl_18", 7 0, L_00000297eceb50b0;  1 drivers
L_00000297eceb5650 .functor BUFT 1, C4<0>, C4<0>, C4<0>, C4<0>;
v00000297ece96ae0_0 .net *"_ivl_181", 0 0, L_00000297eceb5650;  1 drivers
v00000297ece97080_0 .net *"_ivl_182", 16 0, L_00000297ece8fc60;  1 drivers
v00000297ece96400_0 .net *"_ivl_184", 16 0, L_00000297ecf14ba0;  1 drivers
L_00000297eceb58d8 .functor BUFT 1, C4<00000000000000000>, C4<0>, C4<0>, C4<0>;
v00000297ece95280_0 .net *"_ivl_186", 16 0, L_00000297eceb58d8;  1 drivers
v00000297ece95b40_0 .net *"_ivl_190", 16 0, L_00000297ecf0dbc0;  1 drivers
v00000297ece964a0_0 .net *"_ivl_193", 15 0, L_00000297ecf0e340;  1 drivers
v00000297ece95dc0_0 .net *"_ivl_194", 15 0, L_00000297ece8f020;  1 drivers
v00000297ece960e0_0 .net *"_ivl_21", 7 0, L_00000297ecf13b60;  1 drivers
L_00000297eceb50f8 .functor BUFT 1, C4<00000000>, C4<0>, C4<0>, C4<0>;
v00000297ece96b80_0 .net/2u *"_ivl_24", 7 0, L_00000297eceb50f8;  1 drivers
v00000297ece95f00_0 .net *"_ivl_27", 7 0, L_00000297ecf13c00;  1 drivers
L_00000297eceb5140 .functor BUFT 1, C4<00000000>, C4<0>, C4<0>, C4<0>;
v00000297ece94ba0_0 .net/2u *"_ivl_30", 7 0, L_00000297eceb5140;  1 drivers
v00000297ece96ea0_0 .net *"_ivl_33", 7 0, L_00000297ecf12d00;  1 drivers
L_00000297eceb5188 .functor BUFT 1, C4<00000000>, C4<0>, C4<0>, C4<0>;
v00000297ece95aa0_0 .net/2u *"_ivl_38", 7 0, L_00000297eceb5188;  1 drivers
v00000297ece95000_0 .net *"_ivl_41", 7 0, L_00000297ecf13f20;  1 drivers
v00000297ece96540_0 .net *"_ivl_42", 15 0, L_00000297ecf13fc0;  1 drivers
L_00000297eceb51d0 .functor BUFT 1, C4<00000000>, C4<0>, C4<0>, C4<0>;
v00000297ece949c0_0 .net/2u *"_ivl_46", 7 0, L_00000297eceb51d0;  1 drivers
v00000297ece94ce0_0 .net *"_ivl_49", 7 0, L_00000297ecf144c0;  1 drivers
v00000297ece96f40_0 .net *"_ivl_50", 15 0, L_00000297ecf14740;  1 drivers
L_00000297eceb5218 .functor BUFT 1, C4<00000000>, C4<0>, C4<0>, C4<0>;
v00000297ece96c20_0 .net/2u *"_ivl_64", 7 0, L_00000297eceb5218;  1 drivers
L_00000297eceb5260 .functor BUFT 1, C4<00000000>, C4<0>, C4<0>, C4<0>;
v00000297ece96680_0 .net/2u *"_ivl_68", 7 0, L_00000297eceb5260;  1 drivers
v00000297ece96cc0_0 .net *"_ivl_72", 31 0, L_00000297ecf12260;  1 drivers
L_00000297eceb52a8 .functor BUFT 1, C4<0000000000000000>, C4<0>, C4<0>, C4<0>;
v00000297ece96fe0_0 .net *"_ivl_75", 15 0, L_00000297eceb52a8;  1 drivers
v00000297ece96720_0 .net *"_ivl_76", 31 0, L_00000297ecf121c0;  1 drivers
L_00000297eceb52f0 .functor BUFT 1, C4<00000000>, C4<0>, C4<0>, C4<0>;
v00000297ece97120_0 .net *"_ivl_79", 7 0, L_00000297eceb52f0;  1 drivers
v00000297ece94a60_0 .net *"_ivl_80", 31 0, L_00000297ecf133e0;  1 drivers
v00000297ece95320_0 .net *"_ivl_82", 23 0, L_00000297ecf12300;  1 drivers
L_00000297eceb5338 .functor BUFT 1, C4<00000000>, C4<0>, C4<0>, C4<0>;
v00000297ece96860_0 .net *"_ivl_84", 7 0, L_00000297eceb5338;  1 drivers
v00000297ece95be0_0 .net *"_ivl_86", 31 0, L_00000297ecf12080;  1 drivers
v00000297ece967c0_0 .net *"_ivl_88", 31 0, L_00000297ecf14240;  1 drivers
L_00000297eceb5380 .functor BUFT 1, C4<00000000>, C4<0>, C4<0>, C4<0>;
v00000297ece953c0_0 .net *"_ivl_91", 7 0, L_00000297eceb5380;  1 drivers
v00000297ece96180_0 .net *"_ivl_92", 31 0, L_00000297ecf130c0;  1 drivers
v00000297ece94e20_0 .net *"_ivl_94", 23 0, L_00000297ecf142e0;  1 drivers
L_00000297eceb53c8 .functor BUFT 1, C4<00000000>, C4<0>, C4<0>, C4<0>;
v00000297ece94b00_0 .net *"_ivl_96", 7 0, L_00000297eceb53c8;  1 drivers
v00000297ece94d80_0 .net *"_ivl_98", 31 0, L_00000297ecf12a80;  1 drivers
v00000297ece969a0_0 .net "clock", 0 0, L_00000297ece90210;  1 drivers
v00000297ece94c40_0 .net "iA", 15 0, L_00000297ece8eb50;  1 drivers
v00000297ece95fa0_0 .net "iB", 15 0, L_00000297ece8eca0;  1 drivers
v00000297ece95140_0 .net "iC", 15 0, L_00000297ece8f250;  1 drivers
v00000297ece94ec0_0 .net "iD", 15 0, L_00000297ece8f330;  1 drivers
v00000297ece95460_0 .net "iF", 15 0, L_00000297ece8f4f0;  1 drivers
v00000297ece94f60_0 .net "iG", 15 0, L_00000297ece8f6b0;  1 drivers
v00000297ece96220_0 .net "iH", 31 0, L_00000297ece8f560;  1 drivers
v00000297ece95500_0 .net "iJ", 15 0, L_00000297ece8f100;  1 drivers
v00000297ece965e0_0 .net "iJ_e", 23 0, L_00000297ecf13020;  1 drivers
v00000297ece96a40_0 .net "iK", 15 0, L_00000297ece8f2c0;  1 drivers
v00000297ece955a0_0 .net "iK_e", 23 0, L_00000297ecf14100;  1 drivers
v00000297ece95640_0 .net "iL", 31 0, L_00000297ecf147e0;  1 drivers
v00000297ece956e0_0 .net "iP", 15 0, L_00000297ecf14b00;  1 drivers
v00000297ece95820_0 .net "iQ", 15 0, v00000297ece98de0_0;  1 drivers
v00000297ece95960_0 .net "iR", 15 0, L_00000297ecf0dda0;  1 drivers
v00000297ece96900_0 .net "iS", 15 0, v00000297ece97ee0_0;  1 drivers
v00000297ece95a00_0 .net "iW", 15 0, L_00000297ece8edf0;  1 drivers
v00000297ece95c80_0 .net "iX", 15 0, L_00000297ece8f090;  1 drivers
v00000297ece95d20_0 .net "iY", 15 0, L_00000297ece8f720;  1 drivers
v00000297ece95e60_0 .net "iZ", 15 0, L_00000297ece8ff70;  1 drivers
v00000297ece96040_0 .net "p_Ah_Bh", 15 0, L_00000297ecf12ee0;  1 drivers
v00000297ece962c0_0 .net "p_Ah_Bl", 15 0, L_00000297ecf128a0;  1 drivers
v00000297ece96360_0 .net "p_Al_Bh", 15 0, L_00000297ecf12800;  1 drivers
v00000297ece98b60_0 .net "p_Al_Bl", 15 0, L_00000297ecf12f80;  1 drivers
v00000297ece97760_0 .var "rA", 15 0;
v00000297ece97580_0 .var "rB", 15 0;
v00000297ece97c60_0 .var "rC", 15 0;
v00000297ece992e0_0 .var "rD", 15 0;
v00000297ece97260_0 .var "rF", 15 0;
v00000297ece97d00_0 .var "rG", 15 0;
v00000297ece98520_0 .var "rH", 31 0;
v00000297ece991a0_0 .var "rJ", 15 0;
v00000297ece979e0_0 .var "rK", 15 0;
v00000297ece98de0_0 .var "rQ", 15 0;
v00000297ece97ee0_0 .var "rS", 15 0;
E_00000297ece0f520 .event posedge, v00000297ece93ed0_0, v00000297ece969a0_0;
E_00000297ece0f560 .event posedge, v00000297ece93430_0, v00000297ece969a0_0;
E_00000297ece0e820 .event posedge, v00000297ece92e90_0, v00000297ece969a0_0;
E_00000297ece0e860 .event posedge, v00000297ece93070_0, v00000297ece969a0_0;
L_00000297ecf14420 .part L_00000297ece8eb50, 8, 8;
L_00000297ecf12c60 .concat [ 8 8 0 0], L_00000297ecf14420, L_00000297eceb5068;
L_00000297ecf13b60 .part L_00000297ece8eb50, 0, 8;
L_00000297ecf138e0 .concat [ 8 8 0 0], L_00000297ecf13b60, L_00000297eceb50b0;
L_00000297ecf13c00 .part L_00000297ece8eca0, 8, 8;
L_00000297ecf13340 .concat [ 8 8 0 0], L_00000297ecf13c00, L_00000297eceb50f8;
L_00000297ecf12d00 .part L_00000297ece8eca0, 0, 8;
L_00000297ecf12da0 .concat [ 8 8 0 0], L_00000297ecf12d00, L_00000297eceb5140;
L_00000297ecf12ee0 .arith/mult 16, L_00000297ecf12c60, L_00000297ecf13340;
L_00000297ecf13f20 .part L_00000297ecf138e0, 0, 8;
L_00000297ecf13fc0 .concat [ 8 8 0 0], L_00000297ecf13f20, L_00000297eceb5188;
L_00000297ecf12800 .arith/mult 16, L_00000297ecf13fc0, L_00000297ecf13340;
L_00000297ecf144c0 .part L_00000297ecf12da0, 0, 8;
L_00000297ecf14740 .concat [ 8 8 0 0], L_00000297ecf144c0, L_00000297eceb51d0;
L_00000297ecf128a0 .arith/mult 16, L_00000297ecf12c60, L_00000297ecf14740;
L_00000297ecf12f80 .arith/mult 16, L_00000297ecf138e0, L_00000297ecf12da0;
L_00000297ecf14100 .concat [ 16 8 0 0], L_00000297ece8f2c0, L_00000297eceb5218;
L_00000297ecf13020 .concat [ 16 8 0 0], L_00000297ece8f100, L_00000297eceb5260;
L_00000297ecf12260 .concat [ 16 16 0 0], L_00000297ece8f6b0, L_00000297eceb52a8;
L_00000297ecf121c0 .concat [ 24 8 0 0], L_00000297ecf14100, L_00000297eceb52f0;
L_00000297ecf12300 .part L_00000297ecf121c0, 0, 24;
L_00000297ecf133e0 .concat [ 8 24 0 0], L_00000297eceb5338, L_00000297ecf12300;
L_00000297ecf12080 .arith/sum 32, L_00000297ecf12260, L_00000297ecf133e0;
L_00000297ecf14240 .concat [ 24 8 0 0], L_00000297ecf13020, L_00000297eceb5380;
L_00000297ecf142e0 .part L_00000297ecf14240, 0, 24;
L_00000297ecf130c0 .concat [ 8 24 0 0], L_00000297eceb53c8, L_00000297ecf142e0;
L_00000297ecf12a80 .arith/sum 32, L_00000297ecf12080, L_00000297ecf130c0;
L_00000297ecf13160 .concat [ 16 16 0 0], L_00000297ece8f4f0, L_00000297eceb5410;
L_00000297ecf13200 .part L_00000297ecf13160, 0, 16;
L_00000297ecf14380 .concat [ 16 16 0 0], L_00000297eceb5458, L_00000297ecf13200;
L_00000297ecf147e0 .arith/sum 32, L_00000297ecf12a80, L_00000297ecf14380;
L_00000297ecf135c0 .part L_00000297ecf14ce0, 16, 1;
L_00000297ecf14560 .part L_00000297ecf14ce0, 0, 16;
L_00000297ecf14600 .concat [ 16 1 0 0], L_00000297ece8f090, L_00000297eceb54a0;
L_00000297ecf13660 .concat [ 16 1 0 0], L_00000297ece8edf0, L_00000297eceb54e8;
L_00000297ecf13700 .repeat 16, 16, o00000297ece492f8;
L_00000297ecf137a0 .concat [ 16 1 0 0], L_00000297ecf13700, L_00000297eceb5530;
L_00000297ecf14a60 .arith/sum 17, L_00000297ecf14600, L_00000297ece8eed0;
L_00000297ecf14ce0 .arith/sum 17, L_00000297ecf14a60, L_00000297eceb5890;
L_00000297ecf14e20 .repeat 16, 16, o00000297ece492f8;
L_00000297ecf14b00 .functor MUXZ 16, L_00000297ece8efb0, L_00000297ece8f250, o00000297ece497a8, C4<>;
L_00000297ecf14d80 .part L_00000297ece8f090, 15, 1;
L_00000297ecf14ec0 .part L_00000297ecf0dbc0, 16, 1;
L_00000297ecf14880 .part L_00000297ecf0dbc0, 0, 16;
L_00000297ecf14f60 .concat [ 16 1 0 0], L_00000297ece8ff70, L_00000297eceb55c0;
L_00000297ecf14920 .concat [ 16 1 0 0], L_00000297ece8f720, L_00000297eceb5608;
L_00000297ecf149c0 .repeat 16, 16, o00000297ece492c8;
L_00000297ecf14c40 .concat [ 16 1 0 0], L_00000297ecf149c0, L_00000297eceb5650;
L_00000297ecf14ba0 .arith/sum 17, L_00000297ecf14f60, L_00000297ece8fc60;
L_00000297ecf0dbc0 .arith/sum 17, L_00000297ecf14ba0, L_00000297eceb58d8;
L_00000297ecf0e340 .repeat 16, 16, o00000297ece492c8;
L_00000297ecf0dda0 .functor MUXZ 16, L_00000297ece8f020, L_00000297ece8f330, o00000297ece49778, C4<>;
L_00000297ecf0eca0 .concat [ 16 16 0 0], L_00000297ece902f0, L_00000297ece8fe90;
S_00000297ece21fe0 .scope module, "SB_PLL40_2F_CORE" "SB_PLL40_2F_CORE" 3 2521;
 .timescale -12 -12;
    .port_info 0 /INPUT 1 "REFERENCECLK";
    .port_info 1 /OUTPUT 1 "PLLOUTCOREA";
    .port_info 2 /OUTPUT 1 "PLLOUTGLOBALA";
    .port_info 3 /OUTPUT 1 "PLLOUTCOREB";
    .port_info 4 /OUTPUT 1 "PLLOUTGLOBALB";
    .port_info 5 /INPUT 1 "EXTFEEDBACK";
    .port_info 6 /INPUT 8 "DYNAMICDELAY";
    .port_info 7 /OUTPUT 1 "LOCK";
    .port_info 8 /INPUT 1 "BYPASS";
    .port_info 9 /INPUT 1 "RESETB";
    .port_info 10 /INPUT 1 "LATCHINPUTVALUE";
    .port_info 11 /OUTPUT 1 "SDO";
    .port_info 12 /INPUT 1 "SDI";
    .port_info 13 /INPUT 1 "SCLK";
P_00000297ecb2c040 .param/str "DELAY_ADJUSTMENT_MODE_FEEDBACK" 0 3 2538, "FIXED";
P_00000297ecb2c078 .param/str "DELAY_ADJUSTMENT_MODE_RELATIVE" 0 3 2539, "FIXED";
P_00000297ecb2c0b0 .param/l "DIVF" 0 3 2546, C4<0000000>;
P_00000297ecb2c0e8 .param/l "DIVQ" 0 3 2547, C4<000>;
P_00000297ecb2c120 .param/l "DIVR" 0 3 2545, C4<0000>;
P_00000297ecb2c158 .param/l "ENABLE_ICEGATE_PORTA" 0 3 2549, C4<0>;
P_00000297ecb2c190 .param/l "ENABLE_ICEGATE_PORTB" 0 3 2550, C4<0>;
P_00000297ecb2c1c8 .param/l "EXTERNAL_DIVIDE_FACTOR" 0 3 2552, +C4<00000000000000000000000000000001>;
P_00000297ecb2c200 .param/l "FDA_FEEDBACK" 0 3 2541, C4<0000>;
P_00000297ecb2c238 .param/l "FDA_RELATIVE" 0 3 2542, C4<0000>;
P_00000297ecb2c270 .param/str "FEEDBACK_PATH" 0 3 2537, "SIMPLE";
P_00000297ecb2c2a8 .param/l "FILTER_RANGE" 0 3 2548, C4<000>;
P_00000297ecb2c2e0 .param/str "PLLOUT_SELECT_PORTA" 0 3 2543, "GENCLK";
P_00000297ecb2c318 .param/str "PLLOUT_SELECT_PORTB" 0 3 2544, "GENCLK";
P_00000297ecb2c350 .param/l "SHIFTREG_DIV_MODE" 0 3 2540, C4<0>;
P_00000297ecb2c388 .param/l "TEST_MODE" 0 3 2551, C4<0>;
o00000297ece4b0c8 .functor BUFZ 1, c4<z>; HiZ drive
v00000297ece99240_0 .net "BYPASS", 0 0, o00000297ece4b0c8;  0 drivers
o00000297ece4b0f8 .functor BUFZ 8, c4<zzzzzzzz>; HiZ drive
v00000297ece99380_0 .net "DYNAMICDELAY", 7 0, o00000297ece4b0f8;  0 drivers
o00000297ece4b128 .functor BUFZ 1, c4<z>; HiZ drive
v00000297ece971c0_0 .net "EXTFEEDBACK", 0 0, o00000297ece4b128;  0 drivers
o00000297ece4b158 .functor BUFZ 1, c4<z>; HiZ drive
v00000297ece98fc0_0 .net "LATCHINPUTVALUE", 0 0, o00000297ece4b158;  0 drivers
o00000297ece4b188 .functor BUFZ 1, c4<z>; HiZ drive
v00000297ece97da0_0 .net "LOCK", 0 0, o00000297ece4b188;  0 drivers
o00000297ece4b1b8 .functor BUFZ 1, c4<z>; HiZ drive
v00000297ece97e40_0 .net "PLLOUTCOREA", 0 0, o00000297ece4b1b8;  0 drivers
o00000297ece4b1e8 .functor BUFZ 1, c4<z>; HiZ drive
v00000297ece98f20_0 .net "PLLOUTCOREB", 0 0, o00000297ece4b1e8;  0 drivers
o00000297ece4b218 .functor BUFZ 1, c4<z>; HiZ drive
v00000297ece97800_0 .net "PLLOUTGLOBALA", 0 0, o00000297ece4b218;  0 drivers
o00000297ece4b248 .functor BUFZ 1, c4<z>; HiZ drive
v00000297ece97f80_0 .net "PLLOUTGLOBALB", 0 0, o00000297ece4b248;  0 drivers
o00000297ece4b278 .functor BUFZ 1, c4<z>; HiZ drive
v00000297ece980c0_0 .net "REFERENCECLK", 0 0, o00000297ece4b278;  0 drivers
o00000297ece4b2a8 .functor BUFZ 1, c4<z>; HiZ drive
v00000297ece98c00_0 .net "RESETB", 0 0, o00000297ece4b2a8;  0 drivers
o00000297ece4b2d8 .functor BUFZ 1, c4<z>; HiZ drive
v00000297ece99420_0 .net "SCLK", 0 0, o00000297ece4b2d8;  0 drivers
o00000297ece4b308 .functor BUFZ 1, c4<z>; HiZ drive
v00000297ece99600_0 .net "SDI", 0 0, o00000297ece4b308;  0 drivers
o00000297ece4b338 .functor BUFZ 1, c4<z>; HiZ drive
v00000297ece98e80_0 .net "SDO", 0 0, o00000297ece4b338;  0 drivers
S_00000297ece21b30 .scope module, "SB_PLL40_2F_PAD" "SB_PLL40_2F_PAD" 3 2556;
 .timescale -12 -12;
    .port_info 0 /INPUT 1 "PACKAGEPIN";
    .port_info 1 /OUTPUT 1 "PLLOUTCOREA";
    .port_info 2 /OUTPUT 1 "PLLOUTGLOBALA";
    .port_info 3 /OUTPUT 1 "PLLOUTCOREB";
    .port_info 4 /OUTPUT 1 "PLLOUTGLOBALB";
    .port_info 5 /INPUT 1 "EXTFEEDBACK";
    .port_info 6 /INPUT 8 "DYNAMICDELAY";
    .port_info 7 /OUTPUT 1 "LOCK";
    .port_info 8 /INPUT 1 "BYPASS";
    .port_info 9 /INPUT 1 "RESETB";
    .port_info 10 /INPUT 1 "LATCHINPUTVALUE";
    .port_info 11 /OUTPUT 1 "SDO";
    .port_info 12 /INPUT 1 "SDI";
    .port_info 13 /INPUT 1 "SCLK";
P_00000297ecb217f0 .param/str "DELAY_ADJUSTMENT_MODE_FEEDBACK" 0 3 2573, "FIXED";
P_00000297ecb21828 .param/str "DELAY_ADJUSTMENT_MODE_RELATIVE" 0 3 2574, "FIXED";
P_00000297ecb21860 .param/l "DIVF" 0 3 2581, C4<0000000>;
P_00000297ecb21898 .param/l "DIVQ" 0 3 2582, C4<000>;
P_00000297ecb218d0 .param/l "DIVR" 0 3 2580, C4<0000>;
P_00000297ecb21908 .param/l "ENABLE_ICEGATE_PORTA" 0 3 2584, C4<0>;
P_00000297ecb21940 .param/l "ENABLE_ICEGATE_PORTB" 0 3 2585, C4<0>;
P_00000297ecb21978 .param/l "EXTERNAL_DIVIDE_FACTOR" 0 3 2587, +C4<00000000000000000000000000000001>;
P_00000297ecb219b0 .param/l "FDA_FEEDBACK" 0 3 2576, C4<0000>;
P_00000297ecb219e8 .param/l "FDA_RELATIVE" 0 3 2577, C4<0000>;
P_00000297ecb21a20 .param/str "FEEDBACK_PATH" 0 3 2572, "SIMPLE";
P_00000297ecb21a58 .param/l "FILTER_RANGE" 0 3 2583, C4<000>;
P_00000297ecb21a90 .param/str "PLLOUT_SELECT_PORTA" 0 3 2578, "GENCLK";
P_00000297ecb21ac8 .param/str "PLLOUT_SELECT_PORTB" 0 3 2579, "GENCLK";
P_00000297ecb21b00 .param/l "SHIFTREG_DIV_MODE" 0 3 2575, C4<00>;
P_00000297ecb21b38 .param/l "TEST_MODE" 0 3 2586, C4<0>;
o00000297ece4b608 .functor BUFZ 1, c4<z>; HiZ drive
v00000297ece994c0_0 .net "BYPASS", 0 0, o00000297ece4b608;  0 drivers
o00000297ece4b638 .functor BUFZ 8, c4<zzzzzzzz>; HiZ drive
v00000297ece99560_0 .net "DYNAMICDELAY", 7 0, o00000297ece4b638;  0 drivers
o00000297ece4b668 .functor BUFZ 1, c4<z>; HiZ drive
v00000297ece97940_0 .net "EXTFEEDBACK", 0 0, o00000297ece4b668;  0 drivers
o00000297ece4b698 .functor BUFZ 1, c4<z>; HiZ drive
v00000297ece98020_0 .net "LATCHINPUTVALUE", 0 0, o00000297ece4b698;  0 drivers
o00000297ece4b6c8 .functor BUFZ 1, c4<z>; HiZ drive
v00000297ece996a0_0 .net "LOCK", 0 0, o00000297ece4b6c8;  0 drivers
o00000297ece4b6f8 .functor BUFZ 1, c4<z>; HiZ drive
v00000297ece97b20_0 .net "PACKAGEPIN", 0 0, o00000297ece4b6f8;  0 drivers
o00000297ece4b728 .functor BUFZ 1, c4<z>; HiZ drive
v00000297ece97620_0 .net "PLLOUTCOREA", 0 0, o00000297ece4b728;  0 drivers
o00000297ece4b758 .functor BUFZ 1, c4<z>; HiZ drive
v00000297ece99920_0 .net "PLLOUTCOREB", 0 0, o00000297ece4b758;  0 drivers
o00000297ece4b788 .functor BUFZ 1, c4<z>; HiZ drive
v00000297ece982a0_0 .net "PLLOUTGLOBALA", 0 0, o00000297ece4b788;  0 drivers
o00000297ece4b7b8 .functor BUFZ 1, c4<z>; HiZ drive
v00000297ece99060_0 .net "PLLOUTGLOBALB", 0 0, o00000297ece4b7b8;  0 drivers
o00000297ece4b7e8 .functor BUFZ 1, c4<z>; HiZ drive
v00000297ece98160_0 .net "RESETB", 0 0, o00000297ece4b7e8;  0 drivers
o00000297ece4b818 .functor BUFZ 1, c4<z>; HiZ drive
v00000297ece978a0_0 .net "SCLK", 0 0, o00000297ece4b818;  0 drivers
o00000297ece4b848 .functor BUFZ 1, c4<z>; HiZ drive
v00000297ece98980_0 .net "SDI", 0 0, o00000297ece4b848;  0 drivers
o00000297ece4b878 .functor BUFZ 1, c4<z>; HiZ drive
v00000297ece97440_0 .net "SDO", 0 0, o00000297ece4b878;  0 drivers
S_00000297ece21360 .scope module, "SB_PLL40_2_PAD" "SB_PLL40_2_PAD" 3 2487;
 .timescale -12 -12;
    .port_info 0 /INPUT 1 "PACKAGEPIN";
    .port_info 1 /OUTPUT 1 "PLLOUTCOREA";
    .port_info 2 /OUTPUT 1 "PLLOUTGLOBALA";
    .port_info 3 /OUTPUT 1 "PLLOUTCOREB";
    .port_info 4 /OUTPUT 1 "PLLOUTGLOBALB";
    .port_info 5 /INPUT 1 "EXTFEEDBACK";
    .port_info 6 /INPUT 8 "DYNAMICDELAY";
    .port_info 7 /OUTPUT 1 "LOCK";
    .port_info 8 /INPUT 1 "BYPASS";
    .port_info 9 /INPUT 1 "RESETB";
    .port_info 10 /INPUT 1 "LATCHINPUTVALUE";
    .port_info 11 /OUTPUT 1 "SDO";
    .port_info 12 /INPUT 1 "SDI";
    .port_info 13 /INPUT 1 "SCLK";
P_00000297ecb1fb00 .param/str "DELAY_ADJUSTMENT_MODE_FEEDBACK" 0 3 2504, "FIXED";
P_00000297ecb1fb38 .param/str "DELAY_ADJUSTMENT_MODE_RELATIVE" 0 3 2505, "FIXED";
P_00000297ecb1fb70 .param/l "DIVF" 0 3 2511, C4<0000000>;
P_00000297ecb1fba8 .param/l "DIVQ" 0 3 2512, C4<000>;
P_00000297ecb1fbe0 .param/l "DIVR" 0 3 2510, C4<0000>;
P_00000297ecb1fc18 .param/l "ENABLE_ICEGATE_PORTA" 0 3 2514, C4<0>;
P_00000297ecb1fc50 .param/l "ENABLE_ICEGATE_PORTB" 0 3 2515, C4<0>;
P_00000297ecb1fc88 .param/l "EXTERNAL_DIVIDE_FACTOR" 0 3 2517, +C4<00000000000000000000000000000001>;
P_00000297ecb1fcc0 .param/l "FDA_FEEDBACK" 0 3 2507, C4<0000>;
P_00000297ecb1fcf8 .param/l "FDA_RELATIVE" 0 3 2508, C4<0000>;
P_00000297ecb1fd30 .param/str "FEEDBACK_PATH" 0 3 2503, "SIMPLE";
P_00000297ecb1fd68 .param/l "FILTER_RANGE" 0 3 2513, C4<000>;
P_00000297ecb1fda0 .param/str "PLLOUT_SELECT_PORTB" 0 3 2509, "GENCLK";
P_00000297ecb1fdd8 .param/l "SHIFTREG_DIV_MODE" 0 3 2506, C4<0>;
P_00000297ecb1fe10 .param/l "TEST_MODE" 0 3 2516, C4<0>;
o00000297ece4bb48 .functor BUFZ 1, c4<z>; HiZ drive
v00000297ece99100_0 .net "BYPASS", 0 0, o00000297ece4bb48;  0 drivers
o00000297ece4bb78 .functor BUFZ 8, c4<zzzzzzzz>; HiZ drive
v00000297ece98200_0 .net "DYNAMICDELAY", 7 0, o00000297ece4bb78;  0 drivers
o00000297ece4bba8 .functor BUFZ 1, c4<z>; HiZ drive
v00000297ece97bc0_0 .net "EXTFEEDBACK", 0 0, o00000297ece4bba8;  0 drivers
o00000297ece4bbd8 .functor BUFZ 1, c4<z>; HiZ drive
v00000297ece97300_0 .net "LATCHINPUTVALUE", 0 0, o00000297ece4bbd8;  0 drivers
o00000297ece4bc08 .functor BUFZ 1, c4<z>; HiZ drive
v00000297ece99740_0 .net "LOCK", 0 0, o00000297ece4bc08;  0 drivers
o00000297ece4bc38 .functor BUFZ 1, c4<z>; HiZ drive
v00000297ece997e0_0 .net "PACKAGEPIN", 0 0, o00000297ece4bc38;  0 drivers
o00000297ece4bc68 .functor BUFZ 1, c4<z>; HiZ drive
v00000297ece98340_0 .net "PLLOUTCOREA", 0 0, o00000297ece4bc68;  0 drivers
o00000297ece4bc98 .functor BUFZ 1, c4<z>; HiZ drive
v00000297ece98d40_0 .net "PLLOUTCOREB", 0 0, o00000297ece4bc98;  0 drivers
o00000297ece4bcc8 .functor BUFZ 1, c4<z>; HiZ drive
v00000297ece98ca0_0 .net "PLLOUTGLOBALA", 0 0, o00000297ece4bcc8;  0 drivers
o00000297ece4bcf8 .functor BUFZ 1, c4<z>; HiZ drive
v00000297ece983e0_0 .net "PLLOUTGLOBALB", 0 0, o00000297ece4bcf8;  0 drivers
o00000297ece4bd28 .functor BUFZ 1, c4<z>; HiZ drive
v00000297ece973a0_0 .net "RESETB", 0 0, o00000297ece4bd28;  0 drivers
o00000297ece4bd58 .functor BUFZ 1, c4<z>; HiZ drive
v00000297ece97a80_0 .net "SCLK", 0 0, o00000297ece4bd58;  0 drivers
o00000297ece4bd88 .functor BUFZ 1, c4<z>; HiZ drive
v00000297ece98480_0 .net "SDI", 0 0, o00000297ece4bd88;  0 drivers
o00000297ece4bdb8 .functor BUFZ 1, c4<z>; HiZ drive
v00000297ece98a20_0 .net "SDO", 0 0, o00000297ece4bdb8;  0 drivers
S_00000297ece21e50 .scope module, "SB_PLL40_CORE" "SB_PLL40_CORE" 3 2425;
 .timescale -12 -12;
    .port_info 0 /INPUT 1 "REFERENCECLK";
    .port_info 1 /OUTPUT 1 "PLLOUTCORE";
    .port_info 2 /OUTPUT 1 "PLLOUTGLOBAL";
    .port_info 3 /INPUT 1 "EXTFEEDBACK";
    .port_info 4 /INPUT 8 "DYNAMICDELAY";
    .port_info 5 /OUTPUT 1 "LOCK";
    .port_info 6 /INPUT 1 "BYPASS";
    .port_info 7 /INPUT 1 "RESETB";
    .port_info 8 /INPUT 1 "LATCHINPUTVALUE";
    .port_info 9 /OUTPUT 1 "SDO";
    .port_info 10 /INPUT 1 "SDI";
    .port_info 11 /INPUT 1 "SCLK";
P_00000297ecb1f580 .param/str "DELAY_ADJUSTMENT_MODE_FEEDBACK" 0 3 2440, "FIXED";
P_00000297ecb1f5b8 .param/str "DELAY_ADJUSTMENT_MODE_RELATIVE" 0 3 2441, "FIXED";
P_00000297ecb1f5f0 .param/l "DIVF" 0 3 2447, C4<0000000>;
P_00000297ecb1f628 .param/l "DIVQ" 0 3 2448, C4<000>;
P_00000297ecb1f660 .param/l "DIVR" 0 3 2446, C4<0000>;
P_00000297ecb1f698 .param/l "ENABLE_ICEGATE" 0 3 2450, C4<0>;
P_00000297ecb1f6d0 .param/l "EXTERNAL_DIVIDE_FACTOR" 0 3 2452, +C4<00000000000000000000000000000001>;
P_00000297ecb1f708 .param/l "FDA_FEEDBACK" 0 3 2443, C4<0000>;
P_00000297ecb1f740 .param/l "FDA_RELATIVE" 0 3 2444, C4<0000>;
P_00000297ecb1f778 .param/str "FEEDBACK_PATH" 0 3 2439, "SIMPLE";
P_00000297ecb1f7b0 .param/l "FILTER_RANGE" 0 3 2449, C4<000>;
P_00000297ecb1f7e8 .param/str "PLLOUT_SELECT" 0 3 2445, "GENCLK";
P_00000297ecb1f820 .param/l "SHIFTREG_DIV_MODE" 0 3 2442, C4<0>;
P_00000297ecb1f858 .param/l "TEST_MODE" 0 3 2451, C4<0>;
o00000297ece4c088 .functor BUFZ 1, c4<z>; HiZ drive
v00000297ece99880_0 .net "BYPASS", 0 0, o00000297ece4c088;  0 drivers
o00000297ece4c0b8 .functor BUFZ 8, c4<zzzzzzzz>; HiZ drive
v00000297ece974e0_0 .net "DYNAMICDELAY", 7 0, o00000297ece4c0b8;  0 drivers
o00000297ece4c0e8 .functor BUFZ 1, c4<z>; HiZ drive
v00000297ece98ac0_0 .net "EXTFEEDBACK", 0 0, o00000297ece4c0e8;  0 drivers
o00000297ece4c118 .functor BUFZ 1, c4<z>; HiZ drive
v00000297ece988e0_0 .net "LATCHINPUTVALUE", 0 0, o00000297ece4c118;  0 drivers
o00000297ece4c148 .functor BUFZ 1, c4<z>; HiZ drive
v00000297ece976c0_0 .net "LOCK", 0 0, o00000297ece4c148;  0 drivers
o00000297ece4c178 .functor BUFZ 1, c4<z>; HiZ drive
v00000297ece985c0_0 .net "PLLOUTCORE", 0 0, o00000297ece4c178;  0 drivers
o00000297ece4c1a8 .functor BUFZ 1, c4<z>; HiZ drive
v00000297ece98660_0 .net "PLLOUTGLOBAL", 0 0, o00000297ece4c1a8;  0 drivers
o00000297ece4c1d8 .functor BUFZ 1, c4<z>; HiZ drive
v00000297ece98700_0 .net "REFERENCECLK", 0 0, o00000297ece4c1d8;  0 drivers
o00000297ece4c208 .functor BUFZ 1, c4<z>; HiZ drive
v00000297ece987a0_0 .net "RESETB", 0 0, o00000297ece4c208;  0 drivers
o00000297ece4c238 .functor BUFZ 1, c4<z>; HiZ drive
v00000297ece98840_0 .net "SCLK", 0 0, o00000297ece4c238;  0 drivers
o00000297ece4c268 .functor BUFZ 1, c4<z>; HiZ drive
v00000297ece9a640_0 .net "SDI", 0 0, o00000297ece4c268;  0 drivers
o00000297ece4c298 .functor BUFZ 1, c4<z>; HiZ drive
v00000297ece9a8c0_0 .net "SDO", 0 0, o00000297ece4c298;  0 drivers
S_00000297ece22170 .scope module, "SB_PLL40_PAD" "SB_PLL40_PAD" 3 2456;
 .timescale -12 -12;
    .port_info 0 /INPUT 1 "PACKAGEPIN";
    .port_info 1 /OUTPUT 1 "PLLOUTCORE";
    .port_info 2 /OUTPUT 1 "PLLOUTGLOBAL";
    .port_info 3 /INPUT 1 "EXTFEEDBACK";
    .port_info 4 /INPUT 8 "DYNAMICDELAY";
    .port_info 5 /OUTPUT 1 "LOCK";
    .port_info 6 /INPUT 1 "BYPASS";
    .port_info 7 /INPUT 1 "RESETB";
    .port_info 8 /INPUT 1 "LATCHINPUTVALUE";
    .port_info 9 /OUTPUT 1 "SDO";
    .port_info 10 /INPUT 1 "SDI";
    .port_info 11 /INPUT 1 "SCLK";
P_00000297ecad6780 .param/str "DELAY_ADJUSTMENT_MODE_FEEDBACK" 0 3 2471, "FIXED";
P_00000297ecad67b8 .param/str "DELAY_ADJUSTMENT_MODE_RELATIVE" 0 3 2472, "FIXED";
P_00000297ecad67f0 .param/l "DIVF" 0 3 2478, C4<0000000>;
P_00000297ecad6828 .param/l "DIVQ" 0 3 2479, C4<000>;
P_00000297ecad6860 .param/l "DIVR" 0 3 2477, C4<0000>;
P_00000297ecad6898 .param/l "ENABLE_ICEGATE" 0 3 2481, C4<0>;
P_00000297ecad68d0 .param/l "EXTERNAL_DIVIDE_FACTOR" 0 3 2483, +C4<00000000000000000000000000000001>;
P_00000297ecad6908 .param/l "FDA_FEEDBACK" 0 3 2474, C4<0000>;
P_00000297ecad6940 .param/l "FDA_RELATIVE" 0 3 2475, C4<0000>;
P_00000297ecad6978 .param/str "FEEDBACK_PATH" 0 3 2470, "SIMPLE";
P_00000297ecad69b0 .param/l "FILTER_RANGE" 0 3 2480, C4<000>;
P_00000297ecad69e8 .param/str "PLLOUT_SELECT" 0 3 2476, "GENCLK";
P_00000297ecad6a20 .param/l "SHIFTREG_DIV_MODE" 0 3 2473, C4<0>;
P_00000297ecad6a58 .param/l "TEST_MODE" 0 3 2482, C4<0>;
o00000297ece4c508 .functor BUFZ 1, c4<z>; HiZ drive
v00000297ece9abe0_0 .net "BYPASS", 0 0, o00000297ece4c508;  0 drivers
o00000297ece4c538 .functor BUFZ 8, c4<zzzzzzzz>; HiZ drive
v00000297ece9a6e0_0 .net "DYNAMICDELAY", 7 0, o00000297ece4c538;  0 drivers
o00000297ece4c568 .functor BUFZ 1, c4<z>; HiZ drive
v00000297ece9b4a0_0 .net "EXTFEEDBACK", 0 0, o00000297ece4c568;  0 drivers
o00000297ece4c598 .functor BUFZ 1, c4<z>; HiZ drive
v00000297ece9bb80_0 .net "LATCHINPUTVALUE", 0 0, o00000297ece4c598;  0 drivers
o00000297ece4c5c8 .functor BUFZ 1, c4<z>; HiZ drive
v00000297ece99ba0_0 .net "LOCK", 0 0, o00000297ece4c5c8;  0 drivers
o00000297ece4c5f8 .functor BUFZ 1, c4<z>; HiZ drive
v00000297ece9bfe0_0 .net "PACKAGEPIN", 0 0, o00000297ece4c5f8;  0 drivers
o00000297ece4c628 .functor BUFZ 1, c4<z>; HiZ drive
v00000297ece9a960_0 .net "PLLOUTCORE", 0 0, o00000297ece4c628;  0 drivers
o00000297ece4c658 .functor BUFZ 1, c4<z>; HiZ drive
v00000297ece99c40_0 .net "PLLOUTGLOBAL", 0 0, o00000297ece4c658;  0 drivers
o00000297ece4c688 .functor BUFZ 1, c4<z>; HiZ drive
v00000297ece9b860_0 .net "RESETB", 0 0, o00000297ece4c688;  0 drivers
o00000297ece4c6b8 .functor BUFZ 1, c4<z>; HiZ drive
v00000297ece9b9a0_0 .net "SCLK", 0 0, o00000297ece4c6b8;  0 drivers
o00000297ece4c6e8 .functor BUFZ 1, c4<z>; HiZ drive
v00000297ece99b00_0 .net "SDI", 0 0, o00000297ece4c6e8;  0 drivers
o00000297ece4c718 .functor BUFZ 1, c4<z>; HiZ drive
v00000297ece9a1e0_0 .net "SDO", 0 0, o00000297ece4c718;  0 drivers
S_00000297ece21040 .scope module, "SB_RAM40_4KNR" "SB_RAM40_4KNR" 3 1726;
 .timescale -12 -12;
    .port_info 0 /OUTPUT 16 "RDATA";
    .port_info 1 /INPUT 1 "RCLKN";
    .port_info 2 /INPUT 1 "RCLKE";
    .port_info 3 /INPUT 1 "RE";
    .port_info 4 /INPUT 11 "RADDR";
    .port_info 5 /INPUT 1 "WCLK";
    .port_info 6 /INPUT 1 "WCLKE";
    .port_info 7 /INPUT 1 "WE";
    .port_info 8 /INPUT 11 "WADDR";
    .port_info 9 /INPUT 16 "MASK";
    .port_info 10 /INPUT 16 "WDATA";
P_00000297ece22510 .param/l "INIT_0" 0 3 1742, C4<0000000000000000000000000000000000000000000000000000000000000000000000000000000000000000000000000000000000000000000000000000000000000000000000000000000000000000000000000000000000000000000000000000000000000000000000000000000000000000000000000000000000000000>;
P_00000297ece22548 .param/l "INIT_1" 0 3 1743, C4<0000000000000000000000000000000000000000000000000000000000000000000000000000000000000000000000000000000000000000000000000000000000000000000000000000000000000000000000000000000000000000000000000000000000000000000000000000000000000000000000000000000000000000>;
P_00000297ece22580 .param/l "INIT_2" 0 3 1744, C4<0000000000000000000000000000000000000000000000000000000000000000000000000000000000000000000000000000000000000000000000000000000000000000000000000000000000000000000000000000000000000000000000000000000000000000000000000000000000000000000000000000000000000000>;
P_00000297ece225b8 .param/l "INIT_3" 0 3 1745, C4<0000000000000000000000000000000000000000000000000000000000000000000000000000000000000000000000000000000000000000000000000000000000000000000000000000000000000000000000000000000000000000000000000000000000000000000000000000000000000000000000000000000000000000>;
P_00000297ece225f0 .param/l "INIT_4" 0 3 1746, C4<0000000000000000000000000000000000000000000000000000000000000000000000000000000000000000000000000000000000000000000000000000000000000000000000000000000000000000000000000000000000000000000000000000000000000000000000000000000000000000000000000000000000000000>;
P_00000297ece22628 .param/l "INIT_5" 0 3 1747, C4<0000000000000000000000000000000000000000000000000000000000000000000000000000000000000000000000000000000000000000000000000000000000000000000000000000000000000000000000000000000000000000000000000000000000000000000000000000000000000000000000000000000000000000>;
P_00000297ece22660 .param/l "INIT_6" 0 3 1748, C4<0000000000000000000000000000000000000000000000000000000000000000000000000000000000000000000000000000000000000000000000000000000000000000000000000000000000000000000000000000000000000000000000000000000000000000000000000000000000000000000000000000000000000000>;
P_00000297ece22698 .param/l "INIT_7" 0 3 1749, C4<0000000000000000000000000000000000000000000000000000000000000000000000000000000000000000000000000000000000000000000000000000000000000000000000000000000000000000000000000000000000000000000000000000000000000000000000000000000000000000000000000000000000000000>;
P_00000297ece226d0 .param/l "INIT_8" 0 3 1750, C4<0000000000000000000000000000000000000000000000000000000000000000000000000000000000000000000000000000000000000000000000000000000000000000000000000000000000000000000000000000000000000000000000000000000000000000000000000000000000000000000000000000000000000000>;
P_00000297ece22708 .param/l "INIT_9" 0 3 1751, C4<0000000000000000000000000000000000000000000000000000000000000000000000000000000000000000000000000000000000000000000000000000000000000000000000000000000000000000000000000000000000000000000000000000000000000000000000000000000000000000000000000000000000000000>;
P_00000297ece22740 .param/l "INIT_A" 0 3 1752, C4<0000000000000000000000000000000000000000000000000000000000000000000000000000000000000000000000000000000000000000000000000000000000000000000000000000000000000000000000000000000000000000000000000000000000000000000000000000000000000000000000000000000000000000>;
P_00000297ece22778 .param/l "INIT_B" 0 3 1753, C4<0000000000000000000000000000000000000000000000000000000000000000000000000000000000000000000000000000000000000000000000000000000000000000000000000000000000000000000000000000000000000000000000000000000000000000000000000000000000000000000000000000000000000000>;
P_00000297ece227b0 .param/l "INIT_C" 0 3 1754, C4<0000000000000000000000000000000000000000000000000000000000000000000000000000000000000000000000000000000000000000000000000000000000000000000000000000000000000000000000000000000000000000000000000000000000000000000000000000000000000000000000000000000000000000>;
P_00000297ece227e8 .param/l "INIT_D" 0 3 1755, C4<0000000000000000000000000000000000000000000000000000000000000000000000000000000000000000000000000000000000000000000000000000000000000000000000000000000000000000000000000000000000000000000000000000000000000000000000000000000000000000000000000000000000000000>;
P_00000297ece22820 .param/l "INIT_E" 0 3 1756, C4<0000000000000000000000000000000000000000000000000000000000000000000000000000000000000000000000000000000000000000000000000000000000000000000000000000000000000000000000000000000000000000000000000000000000000000000000000000000000000000000000000000000000000000>;
P_00000297ece22858 .param/l "INIT_F" 0 3 1757, C4<0000000000000000000000000000000000000000000000000000000000000000000000000000000000000000000000000000000000000000000000000000000000000000000000000000000000000000000000000000000000000000000000000000000000000000000000000000000000000000000000000000000000000000>;
P_00000297ece22890 .param/str "INIT_FILE" 0 3 1759, "\000";
P_00000297ece228c8 .param/l "READ_MODE" 0 3 1740, +C4<00000000000000000000000000000000>;
P_00000297ece22900 .param/l "WRITE_MODE" 0 3 1739, +C4<00000000000000000000000000000000>;
o00000297ece4ce98 .functor BUFZ 1, c4<z>; HiZ drive
L_00000297ece8f1e0 .functor NOT 1, o00000297ece4ce98, C4<0>, C4<0>, C4<0>;
o00000297ece4c988 .functor BUFZ 16, c4<zzzzzzzzzzzzzzzz>; HiZ drive
v00000297ece99ec0_0 .net "MASK", 15 0, o00000297ece4c988;  0 drivers
o00000297ece4c9b8 .functor BUFZ 11, c4<zzzzzzzzzzz>; HiZ drive
v00000297ece9aaa0_0 .net "RADDR", 10 0, o00000297ece4c9b8;  0 drivers
o00000297ece4ca18 .functor BUFZ 1, c4<z>; HiZ drive
v00000297ece9bd60_0 .net "RCLKE", 0 0, o00000297ece4ca18;  0 drivers
v00000297ece9b040_0 .net "RCLKN", 0 0, o00000297ece4ce98;  0 drivers
v00000297ece9ad20_0 .net "RDATA", 15 0, L_00000297ece8f5d0;  1 drivers
o00000297ece4caa8 .functor BUFZ 1, c4<z>; HiZ drive
v00000297ece9adc0_0 .net "RE", 0 0, o00000297ece4caa8;  0 drivers
o00000297ece4cb08 .functor BUFZ 11, c4<zzzzzzzzzzz>; HiZ drive
v00000297ece9a320_0 .net "WADDR", 10 0, o00000297ece4cb08;  0 drivers
o00000297ece4cb38 .functor BUFZ 1, c4<z>; HiZ drive
v00000297ece9bcc0_0 .net "WCLK", 0 0, o00000297ece4cb38;  0 drivers
o00000297ece4cb68 .functor BUFZ 1, c4<z>; HiZ drive
v00000297ece9bea0_0 .net "WCLKE", 0 0, o00000297ece4cb68;  0 drivers
o00000297ece4cb98 .functor BUFZ 16, c4<zzzzzzzzzzzzzzzz>; HiZ drive
v00000297ece9b680_0 .net "WDATA", 15 0, o00000297ece4cb98;  0 drivers
o00000297ece4cbf8 .functor BUFZ 1, c4<z>; HiZ drive
v00000297ece9c080_0 .net "WE", 0 0, o00000297ece4cbf8;  0 drivers
S_00000297ece27090 .scope module, "RAM" "SB_RAM40_4K" 3 1781, 3 1487 0, S_00000297ece21040;
 .timescale -12 -12;
    .port_info 0 /OUTPUT 16 "RDATA";
    .port_info 1 /INPUT 1 "RCLK";
    .port_info 2 /INPUT 1 "RCLKE";
    .port_info 3 /INPUT 1 "RE";
    .port_info 4 /INPUT 11 "RADDR";
    .port_info 5 /INPUT 1 "WCLK";
    .port_info 6 /INPUT 1 "WCLKE";
    .port_info 7 /INPUT 1 "WE";
    .port_info 8 /INPUT 11 "WADDR";
    .port_info 9 /INPUT 16 "MASK";
    .port_info 10 /INPUT 16 "WDATA";
P_00000297ece3e270 .param/l "INIT_0" 0 3 1507, C4<0000000000000000000000000000000000000000000000000000000000000000000000000000000000000000000000000000000000000000000000000000000000000000000000000000000000000000000000000000000000000000000000000000000000000000000000000000000000000000000000000000000000000000>;
P_00000297ece3e2a8 .param/l "INIT_1" 0 3 1508, C4<0000000000000000000000000000000000000000000000000000000000000000000000000000000000000000000000000000000000000000000000000000000000000000000000000000000000000000000000000000000000000000000000000000000000000000000000000000000000000000000000000000000000000000>;
P_00000297ece3e2e0 .param/l "INIT_2" 0 3 1509, C4<0000000000000000000000000000000000000000000000000000000000000000000000000000000000000000000000000000000000000000000000000000000000000000000000000000000000000000000000000000000000000000000000000000000000000000000000000000000000000000000000000000000000000000>;
P_00000297ece3e318 .param/l "INIT_3" 0 3 1510, C4<0000000000000000000000000000000000000000000000000000000000000000000000000000000000000000000000000000000000000000000000000000000000000000000000000000000000000000000000000000000000000000000000000000000000000000000000000000000000000000000000000000000000000000>;
P_00000297ece3e350 .param/l "INIT_4" 0 3 1511, C4<0000000000000000000000000000000000000000000000000000000000000000000000000000000000000000000000000000000000000000000000000000000000000000000000000000000000000000000000000000000000000000000000000000000000000000000000000000000000000000000000000000000000000000>;
P_00000297ece3e388 .param/l "INIT_5" 0 3 1512, C4<0000000000000000000000000000000000000000000000000000000000000000000000000000000000000000000000000000000000000000000000000000000000000000000000000000000000000000000000000000000000000000000000000000000000000000000000000000000000000000000000000000000000000000>;
P_00000297ece3e3c0 .param/l "INIT_6" 0 3 1513, C4<0000000000000000000000000000000000000000000000000000000000000000000000000000000000000000000000000000000000000000000000000000000000000000000000000000000000000000000000000000000000000000000000000000000000000000000000000000000000000000000000000000000000000000>;
P_00000297ece3e3f8 .param/l "INIT_7" 0 3 1514, C4<0000000000000000000000000000000000000000000000000000000000000000000000000000000000000000000000000000000000000000000000000000000000000000000000000000000000000000000000000000000000000000000000000000000000000000000000000000000000000000000000000000000000000000>;
P_00000297ece3e430 .param/l "INIT_8" 0 3 1515, C4<0000000000000000000000000000000000000000000000000000000000000000000000000000000000000000000000000000000000000000000000000000000000000000000000000000000000000000000000000000000000000000000000000000000000000000000000000000000000000000000000000000000000000000>;
P_00000297ece3e468 .param/l "INIT_9" 0 3 1516, C4<0000000000000000000000000000000000000000000000000000000000000000000000000000000000000000000000000000000000000000000000000000000000000000000000000000000000000000000000000000000000000000000000000000000000000000000000000000000000000000000000000000000000000000>;
P_00000297ece3e4a0 .param/l "INIT_A" 0 3 1517, C4<0000000000000000000000000000000000000000000000000000000000000000000000000000000000000000000000000000000000000000000000000000000000000000000000000000000000000000000000000000000000000000000000000000000000000000000000000000000000000000000000000000000000000000>;
P_00000297ece3e4d8 .param/l "INIT_B" 0 3 1518, C4<0000000000000000000000000000000000000000000000000000000000000000000000000000000000000000000000000000000000000000000000000000000000000000000000000000000000000000000000000000000000000000000000000000000000000000000000000000000000000000000000000000000000000000>;
P_00000297ece3e510 .param/l "INIT_C" 0 3 1519, C4<0000000000000000000000000000000000000000000000000000000000000000000000000000000000000000000000000000000000000000000000000000000000000000000000000000000000000000000000000000000000000000000000000000000000000000000000000000000000000000000000000000000000000000>;
P_00000297ece3e548 .param/l "INIT_D" 0 3 1520, C4<0000000000000000000000000000000000000000000000000000000000000000000000000000000000000000000000000000000000000000000000000000000000000000000000000000000000000000000000000000000000000000000000000000000000000000000000000000000000000000000000000000000000000000>;
P_00000297ece3e580 .param/l "INIT_E" 0 3 1521, C4<0000000000000000000000000000000000000000000000000000000000000000000000000000000000000000000000000000000000000000000000000000000000000000000000000000000000000000000000000000000000000000000000000000000000000000000000000000000000000000000000000000000000000000>;
P_00000297ece3e5b8 .param/l "INIT_F" 0 3 1522, C4<0000000000000000000000000000000000000000000000000000000000000000000000000000000000000000000000000000000000000000000000000000000000000000000000000000000000000000000000000000000000000000000000000000000000000000000000000000000000000000000000000000000000000000>;
P_00000297ece3e5f0 .param/str "INIT_FILE" 0 3 1524, "\000";
P_00000297ece3e628 .param/l "READ_MODE" 0 3 1505, +C4<00000000000000000000000000000000>;
P_00000297ece3e660 .param/l "WRITE_MODE" 0 3 1504, +C4<00000000000000000000000000000000>;
v00000297ece9b540_0 .net "MASK", 15 0, o00000297ece4c988;  alias, 0 drivers
v00000297ece99ce0_0 .net "RADDR", 10 0, o00000297ece4c9b8;  alias, 0 drivers
v00000297ece99d80_0 .net "RCLK", 0 0, L_00000297ece8f1e0;  1 drivers
v00000297ece99e20_0 .net "RCLKE", 0 0, o00000297ece4ca18;  alias, 0 drivers
v00000297ece9afa0_0 .net "RDATA", 15 0, L_00000297ece8f5d0;  alias, 1 drivers
v00000297ece9bae0_0 .var "RDATA_I", 15 0;
v00000297ece9bc20_0 .net "RE", 0 0, o00000297ece4caa8;  alias, 0 drivers
L_00000297eceb56e0 .functor BUFT 1, C4<0000000000000000>, C4<0>, C4<0>, C4<0>;
v00000297ece9b720_0 .net "RMASK_I", 15 0, L_00000297eceb56e0;  1 drivers
v00000297ece9ba40_0 .net "WADDR", 10 0, o00000297ece4cb08;  alias, 0 drivers
v00000297ece9a500_0 .net "WCLK", 0 0, o00000297ece4cb38;  alias, 0 drivers
v00000297ece9b7c0_0 .net "WCLKE", 0 0, o00000297ece4cb68;  alias, 0 drivers
v00000297ece9a000_0 .net "WDATA", 15 0, o00000297ece4cb98;  alias, 0 drivers
v00000297ece9aa00_0 .net "WDATA_I", 15 0, L_00000297ece8f170;  1 drivers
v00000297ece9be00_0 .net "WE", 0 0, o00000297ece4cbf8;  alias, 0 drivers
v00000297ece9a280_0 .net "WMASK_I", 15 0, L_00000297ece8fb80;  1 drivers
v00000297ece9ac80_0 .var/i "i", 31 0;
v00000297ece9bf40 .array "memory", 255 0, 15 0;
E_00000297ece0e8a0 .event posedge, v00000297ece99d80_0;
E_00000297ece10060 .event posedge, v00000297ece9a500_0;
S_00000297ecea9cb0 .scope generate, "genblk1" "genblk1" 3 1534, 3 1534 0, S_00000297ece27090;
 .timescale -12 -12;
L_00000297ece8fb80 .functor BUFZ 16, o00000297ece4c988, C4<0000000000000000>, C4<0000000000000000>, C4<0000000000000000>;
S_00000297ecea8b80 .scope generate, "genblk2" "genblk2" 3 1555, 3 1555 0, S_00000297ece27090;
 .timescale -12 -12;
S_00000297ecea9670 .scope generate, "genblk3" "genblk3" 3 1576, 3 1576 0, S_00000297ece27090;
 .timescale -12 -12;
L_00000297ece8f170 .functor BUFZ 16, o00000297ece4cb98, C4<0000000000000000>, C4<0000000000000000>, C4<0000000000000000>;
S_00000297ecea9b20 .scope generate, "genblk4" "genblk4" 3 1595, 3 1595 0, S_00000297ece27090;
 .timescale -12 -12;
L_00000297ece8f5d0 .functor BUFZ 16, v00000297ece9bae0_0, C4<0000000000000000>, C4<0000000000000000>, C4<0000000000000000>;
S_00000297ece20550 .scope module, "SB_RAM40_4KNRNW" "SB_RAM40_4KNRNW" 3 1998;
 .timescale -12 -12;
    .port_info 0 /OUTPUT 16 "RDATA";
    .port_info 1 /INPUT 1 "RCLKN";
    .port_info 2 /INPUT 1 "RCLKE";
    .port_info 3 /INPUT 1 "RE";
    .port_info 4 /INPUT 11 "RADDR";
    .port_info 5 /INPUT 1 "WCLKN";
    .port_info 6 /INPUT 1 "WCLKE";
    .port_info 7 /INPUT 1 "WE";
    .port_info 8 /INPUT 11 "WADDR";
    .port_info 9 /INPUT 16 "MASK";
    .port_info 10 /INPUT 16 "WDATA";
P_00000297ece22940 .param/l "INIT_0" 0 3 2014, C4<0000000000000000000000000000000000000000000000000000000000000000000000000000000000000000000000000000000000000000000000000000000000000000000000000000000000000000000000000000000000000000000000000000000000000000000000000000000000000000000000000000000000000000>;
P_00000297ece22978 .param/l "INIT_1" 0 3 2015, C4<0000000000000000000000000000000000000000000000000000000000000000000000000000000000000000000000000000000000000000000000000000000000000000000000000000000000000000000000000000000000000000000000000000000000000000000000000000000000000000000000000000000000000000>;
P_00000297ece229b0 .param/l "INIT_2" 0 3 2016, C4<0000000000000000000000000000000000000000000000000000000000000000000000000000000000000000000000000000000000000000000000000000000000000000000000000000000000000000000000000000000000000000000000000000000000000000000000000000000000000000000000000000000000000000>;
P_00000297ece229e8 .param/l "INIT_3" 0 3 2017, C4<0000000000000000000000000000000000000000000000000000000000000000000000000000000000000000000000000000000000000000000000000000000000000000000000000000000000000000000000000000000000000000000000000000000000000000000000000000000000000000000000000000000000000000>;
P_00000297ece22a20 .param/l "INIT_4" 0 3 2018, C4<0000000000000000000000000000000000000000000000000000000000000000000000000000000000000000000000000000000000000000000000000000000000000000000000000000000000000000000000000000000000000000000000000000000000000000000000000000000000000000000000000000000000000000>;
P_00000297ece22a58 .param/l "INIT_5" 0 3 2019, C4<0000000000000000000000000000000000000000000000000000000000000000000000000000000000000000000000000000000000000000000000000000000000000000000000000000000000000000000000000000000000000000000000000000000000000000000000000000000000000000000000000000000000000000>;
P_00000297ece22a90 .param/l "INIT_6" 0 3 2020, C4<0000000000000000000000000000000000000000000000000000000000000000000000000000000000000000000000000000000000000000000000000000000000000000000000000000000000000000000000000000000000000000000000000000000000000000000000000000000000000000000000000000000000000000>;
P_00000297ece22ac8 .param/l "INIT_7" 0 3 2021, C4<0000000000000000000000000000000000000000000000000000000000000000000000000000000000000000000000000000000000000000000000000000000000000000000000000000000000000000000000000000000000000000000000000000000000000000000000000000000000000000000000000000000000000000>;
P_00000297ece22b00 .param/l "INIT_8" 0 3 2022, C4<0000000000000000000000000000000000000000000000000000000000000000000000000000000000000000000000000000000000000000000000000000000000000000000000000000000000000000000000000000000000000000000000000000000000000000000000000000000000000000000000000000000000000000>;
P_00000297ece22b38 .param/l "INIT_9" 0 3 2023, C4<0000000000000000000000000000000000000000000000000000000000000000000000000000000000000000000000000000000000000000000000000000000000000000000000000000000000000000000000000000000000000000000000000000000000000000000000000000000000000000000000000000000000000000>;
P_00000297ece22b70 .param/l "INIT_A" 0 3 2024, C4<0000000000000000000000000000000000000000000000000000000000000000000000000000000000000000000000000000000000000000000000000000000000000000000000000000000000000000000000000000000000000000000000000000000000000000000000000000000000000000000000000000000000000000>;
P_00000297ece22ba8 .param/l "INIT_B" 0 3 2025, C4<0000000000000000000000000000000000000000000000000000000000000000000000000000000000000000000000000000000000000000000000000000000000000000000000000000000000000000000000000000000000000000000000000000000000000000000000000000000000000000000000000000000000000000>;
P_00000297ece22be0 .param/l "INIT_C" 0 3 2026, C4<0000000000000000000000000000000000000000000000000000000000000000000000000000000000000000000000000000000000000000000000000000000000000000000000000000000000000000000000000000000000000000000000000000000000000000000000000000000000000000000000000000000000000000>;
P_00000297ece22c18 .param/l "INIT_D" 0 3 2027, C4<0000000000000000000000000000000000000000000000000000000000000000000000000000000000000000000000000000000000000000000000000000000000000000000000000000000000000000000000000000000000000000000000000000000000000000000000000000000000000000000000000000000000000000>;
P_00000297ece22c50 .param/l "INIT_E" 0 3 2028, C4<0000000000000000000000000000000000000000000000000000000000000000000000000000000000000000000000000000000000000000000000000000000000000000000000000000000000000000000000000000000000000000000000000000000000000000000000000000000000000000000000000000000000000000>;
P_00000297ece22c88 .param/l "INIT_F" 0 3 2029, C4<0000000000000000000000000000000000000000000000000000000000000000000000000000000000000000000000000000000000000000000000000000000000000000000000000000000000000000000000000000000000000000000000000000000000000000000000000000000000000000000000000000000000000000>;
P_00000297ece22cc0 .param/str "INIT_FILE" 0 3 2031, "\000";
P_00000297ece22cf8 .param/l "READ_MODE" 0 3 2012, +C4<00000000000000000000000000000000>;
P_00000297ece22d30 .param/l "WRITE_MODE" 0 3 2011, +C4<00000000000000000000000000000000>;
o00000297ece4d5e8 .functor BUFZ 1, c4<z>; HiZ drive
L_00000297ece8fa30 .functor NOT 1, o00000297ece4d5e8, C4<0>, C4<0>, C4<0>;
o00000297ece4d618 .functor BUFZ 1, c4<z>; HiZ drive
L_00000297ece8fb10 .functor NOT 1, o00000297ece4d618, C4<0>, C4<0>, C4<0>;
o00000297ece4d0d8 .functor BUFZ 16, c4<zzzzzzzzzzzzzzzz>; HiZ drive
v00000297ece9b180_0 .net "MASK", 15 0, o00000297ece4d0d8;  0 drivers
o00000297ece4d108 .functor BUFZ 11, c4<zzzzzzzzzzz>; HiZ drive
v00000297ece9b220_0 .net "RADDR", 10 0, o00000297ece4d108;  0 drivers
o00000297ece4d168 .functor BUFZ 1, c4<z>; HiZ drive
v00000297ece9b2c0_0 .net "RCLKE", 0 0, o00000297ece4d168;  0 drivers
v00000297ece9b360_0 .net "RCLKN", 0 0, o00000297ece4d5e8;  0 drivers
v00000297ece9b400_0 .net "RDATA", 15 0, L_00000297ece8f870;  1 drivers
o00000297ece4d1f8 .functor BUFZ 1, c4<z>; HiZ drive
v00000297ece9c760_0 .net "RE", 0 0, o00000297ece4d1f8;  0 drivers
o00000297ece4d258 .functor BUFZ 11, c4<zzzzzzzzzzz>; HiZ drive
v00000297ece9c260_0 .net "WADDR", 10 0, o00000297ece4d258;  0 drivers
o00000297ece4d2b8 .functor BUFZ 1, c4<z>; HiZ drive
v00000297ece9c1c0_0 .net "WCLKE", 0 0, o00000297ece4d2b8;  0 drivers
v00000297ece9c440_0 .net "WCLKN", 0 0, o00000297ece4d618;  0 drivers
o00000297ece4d2e8 .functor BUFZ 16, c4<zzzzzzzzzzzzzzzz>; HiZ drive
v00000297ece9c4e0_0 .net "WDATA", 15 0, o00000297ece4d2e8;  0 drivers
o00000297ece4d348 .functor BUFZ 1, c4<z>; HiZ drive
v00000297ece9c580_0 .net "WE", 0 0, o00000297ece4d348;  0 drivers
S_00000297eceaa480 .scope module, "RAM" "SB_RAM40_4K" 3 2053, 3 1487 0, S_00000297ece20550;
 .timescale -12 -12;
    .port_info 0 /OUTPUT 16 "RDATA";
    .port_info 1 /INPUT 1 "RCLK";
    .port_info 2 /INPUT 1 "RCLKE";
    .port_info 3 /INPUT 1 "RE";
    .port_info 4 /INPUT 11 "RADDR";
    .port_info 5 /INPUT 1 "WCLK";
    .port_info 6 /INPUT 1 "WCLKE";
    .port_info 7 /INPUT 1 "WE";
    .port_info 8 /INPUT 11 "WADDR";
    .port_info 9 /INPUT 16 "MASK";
    .port_info 10 /INPUT 16 "WDATA";
P_00000297ece3e6a0 .param/l "INIT_0" 0 3 1507, C4<0000000000000000000000000000000000000000000000000000000000000000000000000000000000000000000000000000000000000000000000000000000000000000000000000000000000000000000000000000000000000000000000000000000000000000000000000000000000000000000000000000000000000000>;
P_00000297ece3e6d8 .param/l "INIT_1" 0 3 1508, C4<0000000000000000000000000000000000000000000000000000000000000000000000000000000000000000000000000000000000000000000000000000000000000000000000000000000000000000000000000000000000000000000000000000000000000000000000000000000000000000000000000000000000000000>;
P_00000297ece3e710 .param/l "INIT_2" 0 3 1509, C4<0000000000000000000000000000000000000000000000000000000000000000000000000000000000000000000000000000000000000000000000000000000000000000000000000000000000000000000000000000000000000000000000000000000000000000000000000000000000000000000000000000000000000000>;
P_00000297ece3e748 .param/l "INIT_3" 0 3 1510, C4<0000000000000000000000000000000000000000000000000000000000000000000000000000000000000000000000000000000000000000000000000000000000000000000000000000000000000000000000000000000000000000000000000000000000000000000000000000000000000000000000000000000000000000>;
P_00000297ece3e780 .param/l "INIT_4" 0 3 1511, C4<0000000000000000000000000000000000000000000000000000000000000000000000000000000000000000000000000000000000000000000000000000000000000000000000000000000000000000000000000000000000000000000000000000000000000000000000000000000000000000000000000000000000000000>;
P_00000297ece3e7b8 .param/l "INIT_5" 0 3 1512, C4<0000000000000000000000000000000000000000000000000000000000000000000000000000000000000000000000000000000000000000000000000000000000000000000000000000000000000000000000000000000000000000000000000000000000000000000000000000000000000000000000000000000000000000>;
P_00000297ece3e7f0 .param/l "INIT_6" 0 3 1513, C4<0000000000000000000000000000000000000000000000000000000000000000000000000000000000000000000000000000000000000000000000000000000000000000000000000000000000000000000000000000000000000000000000000000000000000000000000000000000000000000000000000000000000000000>;
P_00000297ece3e828 .param/l "INIT_7" 0 3 1514, C4<0000000000000000000000000000000000000000000000000000000000000000000000000000000000000000000000000000000000000000000000000000000000000000000000000000000000000000000000000000000000000000000000000000000000000000000000000000000000000000000000000000000000000000>;
P_00000297ece3e860 .param/l "INIT_8" 0 3 1515, C4<0000000000000000000000000000000000000000000000000000000000000000000000000000000000000000000000000000000000000000000000000000000000000000000000000000000000000000000000000000000000000000000000000000000000000000000000000000000000000000000000000000000000000000>;
P_00000297ece3e898 .param/l "INIT_9" 0 3 1516, C4<0000000000000000000000000000000000000000000000000000000000000000000000000000000000000000000000000000000000000000000000000000000000000000000000000000000000000000000000000000000000000000000000000000000000000000000000000000000000000000000000000000000000000000>;
P_00000297ece3e8d0 .param/l "INIT_A" 0 3 1517, C4<0000000000000000000000000000000000000000000000000000000000000000000000000000000000000000000000000000000000000000000000000000000000000000000000000000000000000000000000000000000000000000000000000000000000000000000000000000000000000000000000000000000000000000>;
P_00000297ece3e908 .param/l "INIT_B" 0 3 1518, C4<0000000000000000000000000000000000000000000000000000000000000000000000000000000000000000000000000000000000000000000000000000000000000000000000000000000000000000000000000000000000000000000000000000000000000000000000000000000000000000000000000000000000000000>;
P_00000297ece3e940 .param/l "INIT_C" 0 3 1519, C4<0000000000000000000000000000000000000000000000000000000000000000000000000000000000000000000000000000000000000000000000000000000000000000000000000000000000000000000000000000000000000000000000000000000000000000000000000000000000000000000000000000000000000000>;
P_00000297ece3e978 .param/l "INIT_D" 0 3 1520, C4<0000000000000000000000000000000000000000000000000000000000000000000000000000000000000000000000000000000000000000000000000000000000000000000000000000000000000000000000000000000000000000000000000000000000000000000000000000000000000000000000000000000000000000>;
P_00000297ece3e9b0 .param/l "INIT_E" 0 3 1521, C4<0000000000000000000000000000000000000000000000000000000000000000000000000000000000000000000000000000000000000000000000000000000000000000000000000000000000000000000000000000000000000000000000000000000000000000000000000000000000000000000000000000000000000000>;
P_00000297ece3e9e8 .param/l "INIT_F" 0 3 1522, C4<0000000000000000000000000000000000000000000000000000000000000000000000000000000000000000000000000000000000000000000000000000000000000000000000000000000000000000000000000000000000000000000000000000000000000000000000000000000000000000000000000000000000000000>;
P_00000297ece3ea20 .param/str "INIT_FILE" 0 3 1524, "\000";
P_00000297ece3ea58 .param/l "READ_MODE" 0 3 1505, +C4<00000000000000000000000000000000>;
P_00000297ece3ea90 .param/l "WRITE_MODE" 0 3 1504, +C4<00000000000000000000000000000000>;
v00000297ece9c120_0 .net "MASK", 15 0, o00000297ece4d0d8;  alias, 0 drivers
v00000297ece99f60_0 .net "RADDR", 10 0, o00000297ece4d108;  alias, 0 drivers
v00000297ece9a5a0_0 .net "RCLK", 0 0, L_00000297ece8fa30;  1 drivers
v00000297ece9b5e0_0 .net "RCLKE", 0 0, o00000297ece4d168;  alias, 0 drivers
v00000297ece9a0a0_0 .net "RDATA", 15 0, L_00000297ece8f870;  alias, 1 drivers
v00000297ece9b0e0_0 .var "RDATA_I", 15 0;
v00000297ece9b900_0 .net "RE", 0 0, o00000297ece4d1f8;  alias, 0 drivers
L_00000297eceb5728 .functor BUFT 1, C4<0000000000000000>, C4<0>, C4<0>, C4<0>;
v00000297ece999c0_0 .net "RMASK_I", 15 0, L_00000297eceb5728;  1 drivers
v00000297ece99a60_0 .net "WADDR", 10 0, o00000297ece4d258;  alias, 0 drivers
v00000297ece9a140_0 .net "WCLK", 0 0, L_00000297ece8fb10;  1 drivers
v00000297ece9a460_0 .net "WCLKE", 0 0, o00000297ece4d2b8;  alias, 0 drivers
v00000297ece9a780_0 .net "WDATA", 15 0, o00000297ece4d2e8;  alias, 0 drivers
v00000297ece9ae60_0 .net "WDATA_I", 15 0, L_00000297ece8f800;  1 drivers
v00000297ece9a3c0_0 .net "WE", 0 0, o00000297ece4d348;  alias, 0 drivers
v00000297ece9a820_0 .net "WMASK_I", 15 0, L_00000297ece8f790;  1 drivers
v00000297ece9ab40_0 .var/i "i", 31 0;
v00000297ece9af00 .array "memory", 255 0, 15 0;
E_00000297ece0f5e0 .event posedge, v00000297ece9a5a0_0;
E_00000297ece0f660 .event posedge, v00000297ece9a140_0;
S_00000297ecea9e40 .scope generate, "genblk1" "genblk1" 3 1534, 3 1534 0, S_00000297eceaa480;
 .timescale -12 -12;
L_00000297ece8f790 .functor BUFZ 16, o00000297ece4d0d8, C4<0000000000000000>, C4<0000000000000000>, C4<0000000000000000>;
S_00000297ecea9800 .scope generate, "genblk2" "genblk2" 3 1555, 3 1555 0, S_00000297eceaa480;
 .timescale -12 -12;
S_00000297ecea8d10 .scope generate, "genblk3" "genblk3" 3 1576, 3 1576 0, S_00000297eceaa480;
 .timescale -12 -12;
L_00000297ece8f800 .functor BUFZ 16, o00000297ece4d2e8, C4<0000000000000000>, C4<0000000000000000>, C4<0000000000000000>;
S_00000297ecea91c0 .scope generate, "genblk4" "genblk4" 3 1595, 3 1595 0, S_00000297eceaa480;
 .timescale -12 -12;
L_00000297ece8f870 .functor BUFZ 16, v00000297ece9b0e0_0, C4<0000000000000000>, C4<0000000000000000>, C4<0000000000000000>;
S_00000297ece206e0 .scope module, "SB_RAM40_4KNW" "SB_RAM40_4KNW" 3 1862;
 .timescale -12 -12;
    .port_info 0 /OUTPUT 16 "RDATA";
    .port_info 1 /INPUT 1 "RCLK";
    .port_info 2 /INPUT 1 "RCLKE";
    .port_info 3 /INPUT 1 "RE";
    .port_info 4 /INPUT 11 "RADDR";
    .port_info 5 /INPUT 1 "WCLKN";
    .port_info 6 /INPUT 1 "WCLKE";
    .port_info 7 /INPUT 1 "WE";
    .port_info 8 /INPUT 11 "WADDR";
    .port_info 9 /INPUT 16 "MASK";
    .port_info 10 /INPUT 16 "WDATA";
P_00000297ece24d80 .param/l "INIT_0" 0 3 1878, C4<0000000000000000000000000000000000000000000000000000000000000000000000000000000000000000000000000000000000000000000000000000000000000000000000000000000000000000000000000000000000000000000000000000000000000000000000000000000000000000000000000000000000000000>;
P_00000297ece24db8 .param/l "INIT_1" 0 3 1879, C4<0000000000000000000000000000000000000000000000000000000000000000000000000000000000000000000000000000000000000000000000000000000000000000000000000000000000000000000000000000000000000000000000000000000000000000000000000000000000000000000000000000000000000000>;
P_00000297ece24df0 .param/l "INIT_2" 0 3 1880, C4<0000000000000000000000000000000000000000000000000000000000000000000000000000000000000000000000000000000000000000000000000000000000000000000000000000000000000000000000000000000000000000000000000000000000000000000000000000000000000000000000000000000000000000>;
P_00000297ece24e28 .param/l "INIT_3" 0 3 1881, C4<0000000000000000000000000000000000000000000000000000000000000000000000000000000000000000000000000000000000000000000000000000000000000000000000000000000000000000000000000000000000000000000000000000000000000000000000000000000000000000000000000000000000000000>;
P_00000297ece24e60 .param/l "INIT_4" 0 3 1882, C4<0000000000000000000000000000000000000000000000000000000000000000000000000000000000000000000000000000000000000000000000000000000000000000000000000000000000000000000000000000000000000000000000000000000000000000000000000000000000000000000000000000000000000000>;
P_00000297ece24e98 .param/l "INIT_5" 0 3 1883, C4<0000000000000000000000000000000000000000000000000000000000000000000000000000000000000000000000000000000000000000000000000000000000000000000000000000000000000000000000000000000000000000000000000000000000000000000000000000000000000000000000000000000000000000>;
P_00000297ece24ed0 .param/l "INIT_6" 0 3 1884, C4<0000000000000000000000000000000000000000000000000000000000000000000000000000000000000000000000000000000000000000000000000000000000000000000000000000000000000000000000000000000000000000000000000000000000000000000000000000000000000000000000000000000000000000>;
P_00000297ece24f08 .param/l "INIT_7" 0 3 1885, C4<0000000000000000000000000000000000000000000000000000000000000000000000000000000000000000000000000000000000000000000000000000000000000000000000000000000000000000000000000000000000000000000000000000000000000000000000000000000000000000000000000000000000000000>;
P_00000297ece24f40 .param/l "INIT_8" 0 3 1886, C4<0000000000000000000000000000000000000000000000000000000000000000000000000000000000000000000000000000000000000000000000000000000000000000000000000000000000000000000000000000000000000000000000000000000000000000000000000000000000000000000000000000000000000000>;
P_00000297ece24f78 .param/l "INIT_9" 0 3 1887, C4<0000000000000000000000000000000000000000000000000000000000000000000000000000000000000000000000000000000000000000000000000000000000000000000000000000000000000000000000000000000000000000000000000000000000000000000000000000000000000000000000000000000000000000>;
P_00000297ece24fb0 .param/l "INIT_A" 0 3 1888, C4<0000000000000000000000000000000000000000000000000000000000000000000000000000000000000000000000000000000000000000000000000000000000000000000000000000000000000000000000000000000000000000000000000000000000000000000000000000000000000000000000000000000000000000>;
P_00000297ece24fe8 .param/l "INIT_B" 0 3 1889, C4<0000000000000000000000000000000000000000000000000000000000000000000000000000000000000000000000000000000000000000000000000000000000000000000000000000000000000000000000000000000000000000000000000000000000000000000000000000000000000000000000000000000000000000>;
P_00000297ece25020 .param/l "INIT_C" 0 3 1890, C4<0000000000000000000000000000000000000000000000000000000000000000000000000000000000000000000000000000000000000000000000000000000000000000000000000000000000000000000000000000000000000000000000000000000000000000000000000000000000000000000000000000000000000000>;
P_00000297ece25058 .param/l "INIT_D" 0 3 1891, C4<0000000000000000000000000000000000000000000000000000000000000000000000000000000000000000000000000000000000000000000000000000000000000000000000000000000000000000000000000000000000000000000000000000000000000000000000000000000000000000000000000000000000000000>;
P_00000297ece25090 .param/l "INIT_E" 0 3 1892, C4<0000000000000000000000000000000000000000000000000000000000000000000000000000000000000000000000000000000000000000000000000000000000000000000000000000000000000000000000000000000000000000000000000000000000000000000000000000000000000000000000000000000000000000>;
P_00000297ece250c8 .param/l "INIT_F" 0 3 1893, C4<0000000000000000000000000000000000000000000000000000000000000000000000000000000000000000000000000000000000000000000000000000000000000000000000000000000000000000000000000000000000000000000000000000000000000000000000000000000000000000000000000000000000000000>;
P_00000297ece25100 .param/str "INIT_FILE" 0 3 1895, "\000";
P_00000297ece25138 .param/l "READ_MODE" 0 3 1876, +C4<00000000000000000000000000000000>;
P_00000297ece25170 .param/l "WRITE_MODE" 0 3 1875, +C4<00000000000000000000000000000000>;
o00000297ece4dd68 .functor BUFZ 1, c4<z>; HiZ drive
L_00000297ece8e990 .functor NOT 1, o00000297ece4dd68, C4<0>, C4<0>, C4<0>;
o00000297ece4d858 .functor BUFZ 16, c4<zzzzzzzzzzzzzzzz>; HiZ drive
v00000297eceacfc0_0 .net "MASK", 15 0, o00000297ece4d858;  0 drivers
o00000297ece4d888 .functor BUFZ 11, c4<zzzzzzzzzzz>; HiZ drive
v00000297ecead560_0 .net "RADDR", 10 0, o00000297ece4d888;  0 drivers
o00000297ece4d8b8 .functor BUFZ 1, c4<z>; HiZ drive
v00000297eceadce0_0 .net "RCLK", 0 0, o00000297ece4d8b8;  0 drivers
o00000297ece4d8e8 .functor BUFZ 1, c4<z>; HiZ drive
v00000297ecead100_0 .net "RCLKE", 0 0, o00000297ece4d8e8;  0 drivers
v00000297ecead6a0_0 .net "RDATA", 15 0, L_00000297ece903d0;  1 drivers
o00000297ece4d978 .functor BUFZ 1, c4<z>; HiZ drive
v00000297ecead740_0 .net "RE", 0 0, o00000297ece4d978;  0 drivers
o00000297ece4d9d8 .functor BUFZ 11, c4<zzzzzzzzzzz>; HiZ drive
v00000297eceae780_0 .net "WADDR", 10 0, o00000297ece4d9d8;  0 drivers
o00000297ece4da38 .functor BUFZ 1, c4<z>; HiZ drive
v00000297ecead7e0_0 .net "WCLKE", 0 0, o00000297ece4da38;  0 drivers
v00000297ecead600_0 .net "WCLKN", 0 0, o00000297ece4dd68;  0 drivers
o00000297ece4da68 .functor BUFZ 16, c4<zzzzzzzzzzzzzzzz>; HiZ drive
v00000297eceae640_0 .net "WDATA", 15 0, o00000297ece4da68;  0 drivers
o00000297ece4dac8 .functor BUFZ 1, c4<z>; HiZ drive
v00000297eceae280_0 .net "WE", 0 0, o00000297ece4dac8;  0 drivers
S_00000297ecea9350 .scope module, "RAM" "SB_RAM40_4K" 3 1917, 3 1487 0, S_00000297ece206e0;
 .timescale -12 -12;
    .port_info 0 /OUTPUT 16 "RDATA";
    .port_info 1 /INPUT 1 "RCLK";
    .port_info 2 /INPUT 1 "RCLKE";
    .port_info 3 /INPUT 1 "RE";
    .port_info 4 /INPUT 11 "RADDR";
    .port_info 5 /INPUT 1 "WCLK";
    .port_info 6 /INPUT 1 "WCLKE";
    .port_info 7 /INPUT 1 "WE";
    .port_info 8 /INPUT 11 "WADDR";
    .port_info 9 /INPUT 16 "MASK";
    .port_info 10 /INPUT 16 "WDATA";
P_00000297ece3ead0 .param/l "INIT_0" 0 3 1507, C4<0000000000000000000000000000000000000000000000000000000000000000000000000000000000000000000000000000000000000000000000000000000000000000000000000000000000000000000000000000000000000000000000000000000000000000000000000000000000000000000000000000000000000000>;
P_00000297ece3eb08 .param/l "INIT_1" 0 3 1508, C4<0000000000000000000000000000000000000000000000000000000000000000000000000000000000000000000000000000000000000000000000000000000000000000000000000000000000000000000000000000000000000000000000000000000000000000000000000000000000000000000000000000000000000000>;
P_00000297ece3eb40 .param/l "INIT_2" 0 3 1509, C4<0000000000000000000000000000000000000000000000000000000000000000000000000000000000000000000000000000000000000000000000000000000000000000000000000000000000000000000000000000000000000000000000000000000000000000000000000000000000000000000000000000000000000000>;
P_00000297ece3eb78 .param/l "INIT_3" 0 3 1510, C4<0000000000000000000000000000000000000000000000000000000000000000000000000000000000000000000000000000000000000000000000000000000000000000000000000000000000000000000000000000000000000000000000000000000000000000000000000000000000000000000000000000000000000000>;
P_00000297ece3ebb0 .param/l "INIT_4" 0 3 1511, C4<0000000000000000000000000000000000000000000000000000000000000000000000000000000000000000000000000000000000000000000000000000000000000000000000000000000000000000000000000000000000000000000000000000000000000000000000000000000000000000000000000000000000000000>;
P_00000297ece3ebe8 .param/l "INIT_5" 0 3 1512, C4<0000000000000000000000000000000000000000000000000000000000000000000000000000000000000000000000000000000000000000000000000000000000000000000000000000000000000000000000000000000000000000000000000000000000000000000000000000000000000000000000000000000000000000>;
P_00000297ece3ec20 .param/l "INIT_6" 0 3 1513, C4<0000000000000000000000000000000000000000000000000000000000000000000000000000000000000000000000000000000000000000000000000000000000000000000000000000000000000000000000000000000000000000000000000000000000000000000000000000000000000000000000000000000000000000>;
P_00000297ece3ec58 .param/l "INIT_7" 0 3 1514, C4<0000000000000000000000000000000000000000000000000000000000000000000000000000000000000000000000000000000000000000000000000000000000000000000000000000000000000000000000000000000000000000000000000000000000000000000000000000000000000000000000000000000000000000>;
P_00000297ece3ec90 .param/l "INIT_8" 0 3 1515, C4<0000000000000000000000000000000000000000000000000000000000000000000000000000000000000000000000000000000000000000000000000000000000000000000000000000000000000000000000000000000000000000000000000000000000000000000000000000000000000000000000000000000000000000>;
P_00000297ece3ecc8 .param/l "INIT_9" 0 3 1516, C4<0000000000000000000000000000000000000000000000000000000000000000000000000000000000000000000000000000000000000000000000000000000000000000000000000000000000000000000000000000000000000000000000000000000000000000000000000000000000000000000000000000000000000000>;
P_00000297ece3ed00 .param/l "INIT_A" 0 3 1517, C4<0000000000000000000000000000000000000000000000000000000000000000000000000000000000000000000000000000000000000000000000000000000000000000000000000000000000000000000000000000000000000000000000000000000000000000000000000000000000000000000000000000000000000000>;
P_00000297ece3ed38 .param/l "INIT_B" 0 3 1518, C4<0000000000000000000000000000000000000000000000000000000000000000000000000000000000000000000000000000000000000000000000000000000000000000000000000000000000000000000000000000000000000000000000000000000000000000000000000000000000000000000000000000000000000000>;
P_00000297ece3ed70 .param/l "INIT_C" 0 3 1519, C4<0000000000000000000000000000000000000000000000000000000000000000000000000000000000000000000000000000000000000000000000000000000000000000000000000000000000000000000000000000000000000000000000000000000000000000000000000000000000000000000000000000000000000000>;
P_00000297ece3eda8 .param/l "INIT_D" 0 3 1520, C4<0000000000000000000000000000000000000000000000000000000000000000000000000000000000000000000000000000000000000000000000000000000000000000000000000000000000000000000000000000000000000000000000000000000000000000000000000000000000000000000000000000000000000000>;
P_00000297ece3ede0 .param/l "INIT_E" 0 3 1521, C4<0000000000000000000000000000000000000000000000000000000000000000000000000000000000000000000000000000000000000000000000000000000000000000000000000000000000000000000000000000000000000000000000000000000000000000000000000000000000000000000000000000000000000000>;
P_00000297ece3ee18 .param/l "INIT_F" 0 3 1522, C4<0000000000000000000000000000000000000000000000000000000000000000000000000000000000000000000000000000000000000000000000000000000000000000000000000000000000000000000000000000000000000000000000000000000000000000000000000000000000000000000000000000000000000000>;
P_00000297ece3ee50 .param/str "INIT_FILE" 0 3 1524, "\000";
P_00000297ece3ee88 .param/l "READ_MODE" 0 3 1505, +C4<00000000000000000000000000000000>;
P_00000297ece3eec0 .param/l "WRITE_MODE" 0 3 1504, +C4<00000000000000000000000000000000>;
v00000297ece9c620_0 .net "MASK", 15 0, o00000297ece4d858;  alias, 0 drivers
v00000297ece9c3a0_0 .net "RADDR", 10 0, o00000297ece4d888;  alias, 0 drivers
v00000297ece9c6c0_0 .net "RCLK", 0 0, o00000297ece4d8b8;  alias, 0 drivers
v00000297ece9c800_0 .net "RCLKE", 0 0, o00000297ece4d8e8;  alias, 0 drivers
v00000297ece9c8a0_0 .net "RDATA", 15 0, L_00000297ece903d0;  alias, 1 drivers
v00000297ece9c300_0 .var "RDATA_I", 15 0;
v00000297ecead920_0 .net "RE", 0 0, o00000297ece4d978;  alias, 0 drivers
L_00000297eceb5770 .functor BUFT 1, C4<0000000000000000>, C4<0>, C4<0>, C4<0>;
v00000297eceace80_0 .net "RMASK_I", 15 0, L_00000297eceb5770;  1 drivers
v00000297eceacd40_0 .net "WADDR", 10 0, o00000297ece4d9d8;  alias, 0 drivers
v00000297eceacc00_0 .net "WCLK", 0 0, L_00000297ece8e990;  1 drivers
v00000297eceacde0_0 .net "WCLKE", 0 0, o00000297ece4da38;  alias, 0 drivers
v00000297eceadf60_0 .net "WDATA", 15 0, o00000297ece4da68;  alias, 0 drivers
v00000297ecead060_0 .net "WDATA_I", 15 0, L_00000297ece90360;  1 drivers
v00000297eceacf20_0 .net "WE", 0 0, o00000297ece4dac8;  alias, 0 drivers
v00000297ecead9c0_0 .net "WMASK_I", 15 0, L_00000297ece8fcd0;  1 drivers
v00000297eceae320_0 .var/i "i", 31 0;
v00000297eceaeb40 .array "memory", 255 0, 15 0;
E_00000297ece10320 .event posedge, v00000297ece9c6c0_0;
E_00000297ece0f620 .event posedge, v00000297eceacc00_0;
S_00000297ecea9fd0 .scope generate, "genblk1" "genblk1" 3 1534, 3 1534 0, S_00000297ecea9350;
 .timescale -12 -12;
L_00000297ece8fcd0 .functor BUFZ 16, o00000297ece4d858, C4<0000000000000000>, C4<0000000000000000>, C4<0000000000000000>;
S_00000297eceaa2f0 .scope generate, "genblk2" "genblk2" 3 1555, 3 1555 0, S_00000297ecea9350;
 .timescale -12 -12;
S_00000297eceaa610 .scope generate, "genblk3" "genblk3" 3 1576, 3 1576 0, S_00000297ecea9350;
 .timescale -12 -12;
L_00000297ece90360 .functor BUFZ 16, o00000297ece4da68, C4<0000000000000000>, C4<0000000000000000>, C4<0000000000000000>;
S_00000297ecea8ea0 .scope generate, "genblk4" "genblk4" 3 1595, 3 1595 0, S_00000297ecea9350;
 .timescale -12 -12;
L_00000297ece903d0 .functor BUFZ 16, v00000297ece9c300_0, C4<0000000000000000>, C4<0000000000000000>, C4<0000000000000000>;
S_00000297ece25920 .scope module, "SB_RGBA_DRV" "SB_RGBA_DRV" 3 2692;
 .timescale -12 -12;
    .port_info 0 /INPUT 1 "CURREN";
    .port_info 1 /INPUT 1 "RGBLEDEN";
    .port_info 2 /INPUT 1 "RGB0PWM";
    .port_info 3 /INPUT 1 "RGB1PWM";
    .port_info 4 /INPUT 1 "RGB2PWM";
    .port_info 5 /OUTPUT 1 "RGB0";
    .port_info 6 /OUTPUT 1 "RGB1";
    .port_info 7 /OUTPUT 1 "RGB2";
P_00000297ecb1f8a0 .param/str "CURRENT_MODE" 0 3 2702, "0b0";
P_00000297ecb1f8d8 .param/str "RGB0_CURRENT" 0 3 2703, "0b000000";
P_00000297ecb1f910 .param/str "RGB1_CURRENT" 0 3 2704, "0b000000";
P_00000297ecb1f948 .param/str "RGB2_CURRENT" 0 3 2705, "0b000000";
o00000297ece4dfa8 .functor BUFZ 1, c4<z>; HiZ drive
v00000297ecead1a0_0 .net "CURREN", 0 0, o00000297ece4dfa8;  0 drivers
o00000297ece4dfd8 .functor BUFZ 1, c4<z>; HiZ drive
v00000297ecead4c0_0 .net "RGB0", 0 0, o00000297ece4dfd8;  0 drivers
o00000297ece4e008 .functor BUFZ 1, c4<z>; HiZ drive
v00000297eceaebe0_0 .net "RGB0PWM", 0 0, o00000297ece4e008;  0 drivers
o00000297ece4e038 .functor BUFZ 1, c4<z>; HiZ drive
v00000297eceacac0_0 .net "RGB1", 0 0, o00000297ece4e038;  0 drivers
o00000297ece4e068 .functor BUFZ 1, c4<z>; HiZ drive
v00000297eceae820_0 .net "RGB1PWM", 0 0, o00000297ece4e068;  0 drivers
o00000297ece4e098 .functor BUFZ 1, c4<z>; HiZ drive
v00000297eceaefa0_0 .net "RGB2", 0 0, o00000297ece4e098;  0 drivers
o00000297ece4e0c8 .functor BUFZ 1, c4<z>; HiZ drive
v00000297ecead240_0 .net "RGB2PWM", 0 0, o00000297ece4e0c8;  0 drivers
o00000297ece4e0f8 .functor BUFZ 1, c4<z>; HiZ drive
v00000297eceaf040_0 .net "RGBLEDEN", 0 0, o00000297ece4e0f8;  0 drivers
S_00000297ece26410 .scope module, "SB_RGB_DRV" "SB_RGB_DRV" 3 2716;
 .timescale -12 -12;
    .port_info 0 /INPUT 1 "RGBLEDEN";
    .port_info 1 /INPUT 1 "RGB0PWM";
    .port_info 2 /INPUT 1 "RGB1PWM";
    .port_info 3 /INPUT 1 "RGB2PWM";
    .port_info 4 /INPUT 1 "RGBPU";
    .port_info 5 /OUTPUT 1 "RGB0";
    .port_info 6 /OUTPUT 1 "RGB1";
    .port_info 7 /OUTPUT 1 "RGB2";
P_00000297ecad6aa0 .param/str "CURRENT_MODE" 0 3 2726, "0b0";
P_00000297ecad6ad8 .param/str "RGB0_CURRENT" 0 3 2727, "0b000000";
P_00000297ecad6b10 .param/str "RGB1_CURRENT" 0 3 2728, "0b000000";
P_00000297ecad6b48 .param/str "RGB2_CURRENT" 0 3 2729, "0b000000";
o00000297ece4e2a8 .functor BUFZ 1, c4<z>; HiZ drive
v00000297ecead880_0 .net "RGB0", 0 0, o00000297ece4e2a8;  0 drivers
o00000297ece4e2d8 .functor BUFZ 1, c4<z>; HiZ drive
v00000297ecead2e0_0 .net "RGB0PWM", 0 0, o00000297ece4e2d8;  0 drivers
o00000297ece4e308 .functor BUFZ 1, c4<z>; HiZ drive
v00000297eceacca0_0 .net "RGB1", 0 0, o00000297ece4e308;  0 drivers
o00000297ece4e338 .functor BUFZ 1, c4<z>; HiZ drive
v00000297eceaeaa0_0 .net "RGB1PWM", 0 0, o00000297ece4e338;  0 drivers
o00000297ece4e368 .functor BUFZ 1, c4<z>; HiZ drive
v00000297eceadd80_0 .net "RGB2", 0 0, o00000297ece4e368;  0 drivers
o00000297ece4e398 .functor BUFZ 1, c4<z>; HiZ drive
v00000297eceada60_0 .net "RGB2PWM", 0 0, o00000297ece4e398;  0 drivers
o00000297ece4e3c8 .functor BUFZ 1, c4<z>; HiZ drive
v00000297eceaca20_0 .net "RGBLEDEN", 0 0, o00000297ece4e3c8;  0 drivers
o00000297ece4e3f8 .functor BUFZ 1, c4<z>; HiZ drive
v00000297eceae8c0_0 .net "RGBPU", 0 0, o00000297ece4e3f8;  0 drivers
S_00000297ece25600 .scope module, "SB_SPI" "SB_SPI" 3 2776;
 .timescale -12 -12;
    .port_info 0 /INPUT 1 "SBCLKI";
    .port_info 1 /INPUT 1 "SBRWI";
    .port_info 2 /INPUT 1 "SBSTBI";
    .port_info 3 /INPUT 1 "SBADRI7";
    .port_info 4 /INPUT 1 "SBADRI6";
    .port_info 5 /INPUT 1 "SBADRI5";
    .port_info 6 /INPUT 1 "SBADRI4";
    .port_info 7 /INPUT 1 "SBADRI3";
    .port_info 8 /INPUT 1 "SBADRI2";
    .port_info 9 /INPUT 1 "SBADRI1";
    .port_info 10 /INPUT 1 "SBADRI0";
    .port_info 11 /INPUT 1 "SBDATI7";
    .port_info 12 /INPUT 1 "SBDATI6";
    .port_info 13 /INPUT 1 "SBDATI5";
    .port_info 14 /INPUT 1 "SBDATI4";
    .port_info 15 /INPUT 1 "SBDATI3";
    .port_info 16 /INPUT 1 "SBDATI2";
    .port_info 17 /INPUT 1 "SBDATI1";
    .port_info 18 /INPUT 1 "SBDATI0";
    .port_info 19 /INPUT 1 "MI";
    .port_info 20 /INPUT 1 "SI";
    .port_info 21 /INPUT 1 "SCKI";
    .port_info 22 /INPUT 1 "SCSNI";
    .port_info 23 /OUTPUT 1 "SBDATO7";
    .port_info 24 /OUTPUT 1 "SBDATO6";
    .port_info 25 /OUTPUT 1 "SBDATO5";
    .port_info 26 /OUTPUT 1 "SBDATO4";
    .port_info 27 /OUTPUT 1 "SBDATO3";
    .port_info 28 /OUTPUT 1 "SBDATO2";
    .port_info 29 /OUTPUT 1 "SBDATO1";
    .port_info 30 /OUTPUT 1 "SBDATO0";
    .port_info 31 /OUTPUT 1 "SBACKO";
    .port_info 32 /OUTPUT 1 "SPIIRQ";
    .port_info 33 /OUTPUT 1 "SPIWKUP";
    .port_info 34 /OUTPUT 1 "SO";
    .port_info 35 /OUTPUT 1 "SOE";
    .port_info 36 /OUTPUT 1 "MO";
    .port_info 37 /OUTPUT 1 "MOE";
    .port_info 38 /OUTPUT 1 "SCKO";
    .port_info 39 /OUTPUT 1 "SCKOE";
    .port_info 40 /OUTPUT 1 "MCSNO3";
    .port_info 41 /OUTPUT 1 "MCSNO2";
    .port_info 42 /OUTPUT 1 "MCSNO1";
    .port_info 43 /OUTPUT 1 "MCSNO0";
    .port_info 44 /OUTPUT 1 "MCSNOE3";
    .port_info 45 /OUTPUT 1 "MCSNOE2";
    .port_info 46 /OUTPUT 1 "MCSNOE1";
    .port_info 47 /OUTPUT 1 "MCSNOE0";
P_00000297ece0eae0 .param/str "BUS_ADDR74" 0 3 2826, "0b0000";
o00000297ece4e5a8 .functor BUFZ 1, c4<z>; HiZ drive
v00000297eceae6e0_0 .net "MCSNO0", 0 0, o00000297ece4e5a8;  0 drivers
o00000297ece4e5d8 .functor BUFZ 1, c4<z>; HiZ drive
v00000297eceadb00_0 .net "MCSNO1", 0 0, o00000297ece4e5d8;  0 drivers
o00000297ece4e608 .functor BUFZ 1, c4<z>; HiZ drive
v00000297eceae460_0 .net "MCSNO2", 0 0, o00000297ece4e608;  0 drivers
o00000297ece4e638 .functor BUFZ 1, c4<z>; HiZ drive
v00000297eceadba0_0 .net "MCSNO3", 0 0, o00000297ece4e638;  0 drivers
o00000297ece4e668 .functor BUFZ 1, c4<z>; HiZ drive
v00000297eceaf0e0_0 .net "MCSNOE0", 0 0, o00000297ece4e668;  0 drivers
o00000297ece4e698 .functor BUFZ 1, c4<z>; HiZ drive
v00000297eceae960_0 .net "MCSNOE1", 0 0, o00000297ece4e698;  0 drivers
o00000297ece4e6c8 .functor BUFZ 1, c4<z>; HiZ drive
v00000297eceade20_0 .net "MCSNOE2", 0 0, o00000297ece4e6c8;  0 drivers
o00000297ece4e6f8 .functor BUFZ 1, c4<z>; HiZ drive
v00000297eceadc40_0 .net "MCSNOE3", 0 0, o00000297ece4e6f8;  0 drivers
o00000297ece4e728 .functor BUFZ 1, c4<z>; HiZ drive
v00000297eceaf180_0 .net "MI", 0 0, o00000297ece4e728;  0 drivers
o00000297ece4e758 .functor BUFZ 1, c4<z>; HiZ drive
v00000297eceae500_0 .net "MO", 0 0, o00000297ece4e758;  0 drivers
o00000297ece4e788 .functor BUFZ 1, c4<z>; HiZ drive
v00000297eceae000_0 .net "MOE", 0 0, o00000297ece4e788;  0 drivers
o00000297ece4e7b8 .functor BUFZ 1, c4<z>; HiZ drive
v00000297eceacb60_0 .net "SBACKO", 0 0, o00000297ece4e7b8;  0 drivers
o00000297ece4e7e8 .functor BUFZ 1, c4<z>; HiZ drive
v00000297eceadec0_0 .net "SBADRI0", 0 0, o00000297ece4e7e8;  0 drivers
o00000297ece4e818 .functor BUFZ 1, c4<z>; HiZ drive
v00000297eceaef00_0 .net "SBADRI1", 0 0, o00000297ece4e818;  0 drivers
o00000297ece4e848 .functor BUFZ 1, c4<z>; HiZ drive
v00000297ecead380_0 .net "SBADRI2", 0 0, o00000297ece4e848;  0 drivers
o00000297ece4e878 .functor BUFZ 1, c4<z>; HiZ drive
v00000297eceae0a0_0 .net "SBADRI3", 0 0, o00000297ece4e878;  0 drivers
o00000297ece4e8a8 .functor BUFZ 1, c4<z>; HiZ drive
v00000297ecead420_0 .net "SBADRI4", 0 0, o00000297ece4e8a8;  0 drivers
o00000297ece4e8d8 .functor BUFZ 1, c4<z>; HiZ drive
v00000297eceae5a0_0 .net "SBADRI5", 0 0, o00000297ece4e8d8;  0 drivers
o00000297ece4e908 .functor BUFZ 1, c4<z>; HiZ drive
v00000297eceae140_0 .net "SBADRI6", 0 0, o00000297ece4e908;  0 drivers
o00000297ece4e938 .functor BUFZ 1, c4<z>; HiZ drive
v00000297eceae1e0_0 .net "SBADRI7", 0 0, o00000297ece4e938;  0 drivers
o00000297ece4e968 .functor BUFZ 1, c4<z>; HiZ drive
v00000297eceae3c0_0 .net "SBCLKI", 0 0, o00000297ece4e968;  0 drivers
o00000297ece4e998 .functor BUFZ 1, c4<z>; HiZ drive
v00000297eceaea00_0 .net "SBDATI0", 0 0, o00000297ece4e998;  0 drivers
o00000297ece4e9c8 .functor BUFZ 1, c4<z>; HiZ drive
v00000297eceaec80_0 .net "SBDATI1", 0 0, o00000297ece4e9c8;  0 drivers
o00000297ece4e9f8 .functor BUFZ 1, c4<z>; HiZ drive
v00000297eceaed20_0 .net "SBDATI2", 0 0, o00000297ece4e9f8;  0 drivers
o00000297ece4ea28 .functor BUFZ 1, c4<z>; HiZ drive
v00000297eceaedc0_0 .net "SBDATI3", 0 0, o00000297ece4ea28;  0 drivers
o00000297ece4ea58 .functor BUFZ 1, c4<z>; HiZ drive
v00000297eceaee60_0 .net "SBDATI4", 0 0, o00000297ece4ea58;  0 drivers
o00000297ece4ea88 .functor BUFZ 1, c4<z>; HiZ drive
v00000297eceb1340_0 .net "SBDATI5", 0 0, o00000297ece4ea88;  0 drivers
o00000297ece4eab8 .functor BUFZ 1, c4<z>; HiZ drive
v00000297eceb0a80_0 .net "SBDATI6", 0 0, o00000297ece4eab8;  0 drivers
o00000297ece4eae8 .functor BUFZ 1, c4<z>; HiZ drive
v00000297eceaf9a0_0 .net "SBDATI7", 0 0, o00000297ece4eae8;  0 drivers
o00000297ece4eb18 .functor BUFZ 1, c4<z>; HiZ drive
v00000297eceb0ee0_0 .net "SBDATO0", 0 0, o00000297ece4eb18;  0 drivers
o00000297ece4eb48 .functor BUFZ 1, c4<z>; HiZ drive
v00000297eceb13e0_0 .net "SBDATO1", 0 0, o00000297ece4eb48;  0 drivers
o00000297ece4eb78 .functor BUFZ 1, c4<z>; HiZ drive
v00000297eceaff40_0 .net "SBDATO2", 0 0, o00000297ece4eb78;  0 drivers
o00000297ece4eba8 .functor BUFZ 1, c4<z>; HiZ drive
v00000297eceb1660_0 .net "SBDATO3", 0 0, o00000297ece4eba8;  0 drivers
o00000297ece4ebd8 .functor BUFZ 1, c4<z>; HiZ drive
v00000297eceb1520_0 .net "SBDATO4", 0 0, o00000297ece4ebd8;  0 drivers
o00000297ece4ec08 .functor BUFZ 1, c4<z>; HiZ drive
v00000297eceaf400_0 .net "SBDATO5", 0 0, o00000297ece4ec08;  0 drivers
o00000297ece4ec38 .functor BUFZ 1, c4<z>; HiZ drive
v00000297eceb10c0_0 .net "SBDATO6", 0 0, o00000297ece4ec38;  0 drivers
o00000297ece4ec68 .functor BUFZ 1, c4<z>; HiZ drive
v00000297eceb0f80_0 .net "SBDATO7", 0 0, o00000297ece4ec68;  0 drivers
o00000297ece4ec98 .functor BUFZ 1, c4<z>; HiZ drive
v00000297eceafea0_0 .net "SBRWI", 0 0, o00000297ece4ec98;  0 drivers
o00000297ece4ecc8 .functor BUFZ 1, c4<z>; HiZ drive
v00000297eceb1020_0 .net "SBSTBI", 0 0, o00000297ece4ecc8;  0 drivers
o00000297ece4ecf8 .functor BUFZ 1, c4<z>; HiZ drive
v00000297eceaffe0_0 .net "SCKI", 0 0, o00000297ece4ecf8;  0 drivers
o00000297ece4ed28 .functor BUFZ 1, c4<z>; HiZ drive
v00000297eceaf860_0 .net "SCKO", 0 0, o00000297ece4ed28;  0 drivers
o00000297ece4ed58 .functor BUFZ 1, c4<z>; HiZ drive
v00000297eceb1160_0 .net "SCKOE", 0 0, o00000297ece4ed58;  0 drivers
o00000297ece4ed88 .functor BUFZ 1, c4<z>; HiZ drive
v00000297eceb04e0_0 .net "SCSNI", 0 0, o00000297ece4ed88;  0 drivers
o00000297ece4edb8 .functor BUFZ 1, c4<z>; HiZ drive
v00000297eceb0120_0 .net "SI", 0 0, o00000297ece4edb8;  0 drivers
o00000297ece4ede8 .functor BUFZ 1, c4<z>; HiZ drive
v00000297eceaf680_0 .net "SO", 0 0, o00000297ece4ede8;  0 drivers
o00000297ece4ee18 .functor BUFZ 1, c4<z>; HiZ drive
v00000297eceb1840_0 .net "SOE", 0 0, o00000297ece4ee18;  0 drivers
o00000297ece4ee48 .functor BUFZ 1, c4<z>; HiZ drive
v00000297eceb0080_0 .net "SPIIRQ", 0 0, o00000297ece4ee48;  0 drivers
o00000297ece4ee78 .functor BUFZ 1, c4<z>; HiZ drive
v00000297eceb1200_0 .net "SPIWKUP", 0 0, o00000297ece4ee78;  0 drivers
S_00000297ece25ab0 .scope module, "SB_SPRAM256KA" "SB_SPRAM256KA" 3 2600;
 .timescale -12 -12;
    .port_info 0 /INPUT 14 "ADDRESS";
    .port_info 1 /INPUT 16 "DATAIN";
    .port_info 2 /INPUT 4 "MASKWREN";
    .port_info 3 /INPUT 1 "WREN";
    .port_info 4 /INPUT 1 "CHIPSELECT";
    .port_info 5 /INPUT 1 "CLOCK";
    .port_info 6 /INPUT 1 "STANDBY";
    .port_info 7 /INPUT 1 "SLEEP";
    .port_info 8 /INPUT 1 "POWEROFF";
    .port_info 9 /OUTPUT 16 "DATAOUT";
o00000297ece4f8f8 .functor BUFZ 1, c4<z>; HiZ drive
L_00000297ece90590 .functor OR 1, o00000297ece4f8f8, L_00000297ecf0f1a0, C4<0>, C4<0>;
o00000297ece4f7a8 .functor BUFZ 14, c4<zzzzzzzzzzzzzz>; HiZ drive
v00000297eceb12a0_0 .net "ADDRESS", 13 0, o00000297ece4f7a8;  0 drivers
o00000297ece4f7d8 .functor BUFZ 1, c4<z>; HiZ drive
v00000297eceb0e40_0 .net "CHIPSELECT", 0 0, o00000297ece4f7d8;  0 drivers
o00000297ece4f808 .functor BUFZ 1, c4<z>; HiZ drive
v00000297eceb0b20_0 .net "CLOCK", 0 0, o00000297ece4f808;  0 drivers
o00000297ece4f838 .functor BUFZ 16, c4<zzzzzzzzzzzzzzzz>; HiZ drive
v00000297eceb0940_0 .net "DATAIN", 15 0, o00000297ece4f838;  0 drivers
v00000297eceb1480_0 .var "DATAOUT", 15 0;
o00000297ece4f898 .functor BUFZ 4, c4<zzzz>; HiZ drive
v00000297eceaf7c0_0 .net "MASKWREN", 3 0, o00000297ece4f898;  0 drivers
o00000297ece4f8c8 .functor BUFZ 1, c4<z>; HiZ drive
v00000297eceaf540_0 .net "POWEROFF", 0 0, o00000297ece4f8c8;  0 drivers
v00000297eceaf2c0_0 .net "SLEEP", 0 0, o00000297ece4f8f8;  0 drivers
o00000297ece4f928 .functor BUFZ 1, c4<z>; HiZ drive
v00000297eceafcc0_0 .net "STANDBY", 0 0, o00000297ece4f928;  0 drivers
o00000297ece4f958 .functor BUFZ 1, c4<z>; HiZ drive
v00000297eceb15c0_0 .net "WREN", 0 0, o00000297ece4f958;  0 drivers
v00000297eceb0580_0 .net *"_ivl_1", 0 0, L_00000297ecf0f1a0;  1 drivers
v00000297eceb0620_0 .var/i "i", 31 0;
v00000297eceafd60 .array "mem", 16383 0, 15 0;
v00000297eceb06c0_0 .net "off", 0 0, L_00000297ece90590;  1 drivers
E_00000297ece0fae0 .event posedge, v00000297eceb06c0_0, v00000297eceb0b20_0;
E_00000297ece0f6a0 .event negedge, v00000297eceaf540_0;
L_00000297ecf0f1a0 .reduce/nor o00000297ece4f8c8;
S_00000297ece268c0 .scope module, "SB_WARMBOOT" "SB_WARMBOOT" 3 2593;
 .timescale -12 -12;
    .port_info 0 /INPUT 1 "BOOT";
    .port_info 1 /INPUT 1 "S1";
    .port_info 2 /INPUT 1 "S0";
o00000297ece4fbf8 .functor BUFZ 1, c4<z>; HiZ drive
v00000297eceb1700_0 .net "BOOT", 0 0, o00000297ece4fbf8;  0 drivers
o00000297ece4fc28 .functor BUFZ 1, c4<z>; HiZ drive
v00000297eceaf720_0 .net "S0", 0 0, o00000297ece4fc28;  0 drivers
o00000297ece4fc58 .functor BUFZ 1, c4<z>; HiZ drive
v00000297eceb17a0_0 .net "S1", 0 0, o00000297ece4fc58;  0 drivers
S_00000297ece265a0 .scope module, "ex4_tb" "ex4_tb" 4 2;
 .timescale -9 -12;
v00000297eceaf900_0 .var "din", 7 0;
v00000297eceb03a0_0 .net "dout", 7 0, v00000297eceaf5e0_0;  1 drivers
S_00000297ecea9990 .scope module, "uut" "for_loop_example" 4 5, 5 14 0, S_00000297ece265a0;
 .timescale -12 -12;
    .port_info 0 /INPUT 8 "data_in";
    .port_info 1 /OUTPUT 8 "data_out_reversed";
v00000297eceb01c0_0 .net "data_in", 7 0, v00000297eceaf900_0;  1 drivers
v00000297eceaf5e0_0 .var "data_out_reversed", 7 0;
v00000297eceaf4a0_0 .var/i "i", 31 0;
E_00000297ece0fd20 .event anyedge, v00000297eceb01c0_0;
S_00000297ece273b0 .scope module, "ex4_top" "ex4_top" 6 1;
 .timescale -12 -12;
    .port_info 0 /OUTPUT 1 "LED_B";
    .port_info 1 /OUTPUT 1 "LED_G";
    .port_info 2 /OUTPUT 1 "LED_R";
    .port_info 3 /INPUT 1 "ICE_SW2";
o00000297ece4fef8 .functor BUFZ 1, c4<z>; HiZ drive
v00000297eceb0bc0_0 .net "ICE_SW2", 0 0, o00000297ece4fef8;  0 drivers
L_00000297eceb5848 .functor BUFT 1, C4<1>, C4<0>, C4<0>, C4<0>;
v00000297eceb0760_0 .net "LED_B", 0 0, L_00000297eceb5848;  1 drivers
v00000297eceafa40_0 .net "LED_G", 0 0, L_00000297ecf0de40;  1 drivers
L_00000297eceb5800 .functor BUFT 1, C4<1>, C4<0>, C4<0>, C4<0>;
v00000297eceafc20_0 .net "LED_R", 0 0, L_00000297eceb5800;  1 drivers
L_00000297eceb57b8 .functor BUFT 1, C4<0000000>, C4<0>, C4<0>, C4<0>;
v00000297eceb18e0_0 .net/2u *"_ivl_0", 6 0, L_00000297eceb57b8;  1 drivers
v00000297eceaf360_0 .net "din", 7 0, L_00000297ecf0e660;  1 drivers
v00000297eceb1980_0 .net "dout", 7 0, v00000297eceb0d00_0;  1 drivers
L_00000297ecf0e660 .concat [ 1 7 0 0], o00000297ece4fef8, L_00000297eceb57b8;
L_00000297ecf0de40 .part v00000297eceb0d00_0, 7, 1;
S_00000297eceaa7a0 .scope module, "inst" "for_loop_example" 6 6, 5 14 0, S_00000297ece273b0;
 .timescale -12 -12;
    .port_info 0 /INPUT 8 "data_in";
    .port_info 1 /OUTPUT 8 "data_out_reversed";
v00000297eceb0440_0 .net "data_in", 7 0, L_00000297ecf0e660;  alias, 1 drivers
v00000297eceb0d00_0 .var "data_out_reversed", 7 0;
v00000297eceafe00_0 .var/i "i", 31 0;
E_00000297ece0fde0 .event anyedge, v00000297eceb0440_0;
    .scope S_00000297ecbbee20;
T_2 ;
    %pushi/vec4 0, 0, 1;
    %store/vec4 v00000297ece39d00_0, 0, 1;
    %pushi/vec4 0, 0, 1;
    %store/vec4 v00000297ece39800_0, 0, 1;
    %end;
    .thread T_2, $init;
    .scope S_00000297ecbbee20;
T_3 ;
    %wait E_00000297ece0eaa0;
    %load/vec4 v00000297ecdd4210_0;
    %flag_set/vec4 8;
    %jmp/0xz  T_3.0, 8;
    %load/vec4 v00000297ecdbf520_0;
    %flag_set/vec4 8;
    %jmp/0 T_3.2, 8;
    %pushi/vec4 0, 0, 1;
    %jmp/1 T_3.3, 8;
T_3.2 ; End of true expr.
    %load/vec4 v00000297ece3a200_0;
    %jmp/0 T_3.3, 8;
 ; End of false expr.
    %blend;
T_3.3;
    %assign/vec4 v00000297ece39d00_0, 0;
T_3.0 ;
    %jmp T_3;
    .thread T_3;
    .scope S_00000297ecbbee20;
T_4 ;
    %wait E_00000297ece0ede0;
    %load/vec4 v00000297ecdbf520_0;
    %flag_set/vec4 8;
    %jmp/0xz  T_4.0, 8;
    %pushi/vec4 0, 0, 1;
    %assign/vec4 v00000297ece39800_0, 0;
    %jmp T_4.1;
T_4.0 ;
    %load/vec4 v00000297ecdd4210_0;
    %flag_set/vec4 8;
    %jmp/0xz  T_4.2, 8;
    %load/vec4 v00000297ece3a200_0;
    %assign/vec4 v00000297ece39800_0, 0;
T_4.2 ;
T_4.1 ;
    %jmp T_4;
    .thread T_4;
    .scope S_00000297ece25790;
T_5 ;
    %pushi/vec4 0, 0, 32;
    %store/vec4 v00000297ece39440_0, 0, 32;
T_5.0 ; Top of for-loop
    %load/vec4 v00000297ece39440_0;
    %cmpi/s 16, 0, 32;
	  %jmp/0xz T_5.1, 5;
    %pushi/vec4 0, 0, 256;
    %load/vec4 v00000297ece39440_0;
    %muli 16, 0, 32;
    %part/s 16;
    %pushi/vec4 0, 0, 32;
    %load/vec4 v00000297ece39440_0;
    %add;
    %ix/vec4/s 4;
    %store/vec4a v00000297ece39300, 4, 0;
    %pushi/vec4 0, 0, 256;
    %load/vec4 v00000297ece39440_0;
    %muli 16, 0, 32;
    %part/s 16;
    %pushi/vec4 16, 0, 32;
    %load/vec4 v00000297ece39440_0;
    %add;
    %ix/vec4/s 4;
    %store/vec4a v00000297ece39300, 4, 0;
    %pushi/vec4 0, 0, 256;
    %load/vec4 v00000297ece39440_0;
    %muli 16, 0, 32;
    %part/s 16;
    %pushi/vec4 32, 0, 32;
    %load/vec4 v00000297ece39440_0;
    %add;
    %ix/vec4/s 4;
    %store/vec4a v00000297ece39300, 4, 0;
    %pushi/vec4 0, 0, 256;
    %load/vec4 v00000297ece39440_0;
    %muli 16, 0, 32;
    %part/s 16;
    %pushi/vec4 48, 0, 32;
    %load/vec4 v00000297ece39440_0;
    %add;
    %ix/vec4/s 4;
    %store/vec4a v00000297ece39300, 4, 0;
    %pushi/vec4 0, 0, 256;
    %load/vec4 v00000297ece39440_0;
    %muli 16, 0, 32;
    %part/s 16;
    %pushi/vec4 64, 0, 32;
    %load/vec4 v00000297ece39440_0;
    %add;
    %ix/vec4/s 4;
    %store/vec4a v00000297ece39300, 4, 0;
    %pushi/vec4 0, 0, 256;
    %load/vec4 v00000297ece39440_0;
    %muli 16, 0, 32;
    %part/s 16;
    %pushi/vec4 80, 0, 32;
    %load/vec4 v00000297ece39440_0;
    %add;
    %ix/vec4/s 4;
    %store/vec4a v00000297ece39300, 4, 0;
    %pushi/vec4 0, 0, 256;
    %load/vec4 v00000297ece39440_0;
    %muli 16, 0, 32;
    %part/s 16;
    %pushi/vec4 96, 0, 32;
    %load/vec4 v00000297ece39440_0;
    %add;
    %ix/vec4/s 4;
    %store/vec4a v00000297ece39300, 4, 0;
    %pushi/vec4 0, 0, 256;
    %load/vec4 v00000297ece39440_0;
    %muli 16, 0, 32;
    %part/s 16;
    %pushi/vec4 112, 0, 32;
    %load/vec4 v00000297ece39440_0;
    %add;
    %ix/vec4/s 4;
    %store/vec4a v00000297ece39300, 4, 0;
    %pushi/vec4 0, 0, 256;
    %load/vec4 v00000297ece39440_0;
    %muli 16, 0, 32;
    %part/s 16;
    %pushi/vec4 128, 0, 32;
    %load/vec4 v00000297ece39440_0;
    %add;
    %ix/vec4/s 4;
    %store/vec4a v00000297ece39300, 4, 0;
    %pushi/vec4 0, 0, 256;
    %load/vec4 v00000297ece39440_0;
    %muli 16, 0, 32;
    %part/s 16;
    %pushi/vec4 144, 0, 32;
    %load/vec4 v00000297ece39440_0;
    %add;
    %ix/vec4/s 4;
    %store/vec4a v00000297ece39300, 4, 0;
    %pushi/vec4 0, 0, 256;
    %load/vec4 v00000297ece39440_0;
    %muli 16, 0, 32;
    %part/s 16;
    %pushi/vec4 160, 0, 32;
    %load/vec4 v00000297ece39440_0;
    %add;
    %ix/vec4/s 4;
    %store/vec4a v00000297ece39300, 4, 0;
    %pushi/vec4 0, 0, 256;
    %load/vec4 v00000297ece39440_0;
    %muli 16, 0, 32;
    %part/s 16;
    %pushi/vec4 176, 0, 32;
    %load/vec4 v00000297ece39440_0;
    %add;
    %ix/vec4/s 4;
    %store/vec4a v00000297ece39300, 4, 0;
    %pushi/vec4 0, 0, 256;
    %load/vec4 v00000297ece39440_0;
    %muli 16, 0, 32;
    %part/s 16;
    %pushi/vec4 192, 0, 32;
    %load/vec4 v00000297ece39440_0;
    %add;
    %ix/vec4/s 4;
    %store/vec4a v00000297ece39300, 4, 0;
    %pushi/vec4 0, 0, 256;
    %load/vec4 v00000297ece39440_0;
    %muli 16, 0, 32;
    %part/s 16;
    %pushi/vec4 208, 0, 32;
    %load/vec4 v00000297ece39440_0;
    %add;
    %ix/vec4/s 4;
    %store/vec4a v00000297ece39300, 4, 0;
    %pushi/vec4 0, 0, 256;
    %load/vec4 v00000297ece39440_0;
    %muli 16, 0, 32;
    %part/s 16;
    %pushi/vec4 224, 0, 32;
    %load/vec4 v00000297ece39440_0;
    %add;
    %ix/vec4/s 4;
    %store/vec4a v00000297ece39300, 4, 0;
    %pushi/vec4 0, 0, 256;
    %load/vec4 v00000297ece39440_0;
    %muli 16, 0, 32;
    %part/s 16;
    %pushi/vec4 240, 0, 32;
    %load/vec4 v00000297ece39440_0;
    %add;
    %ix/vec4/s 4;
    %store/vec4a v00000297ece39300, 4, 0;
T_5.2 ; for-loop step statement
    %load/vec4 v00000297ece39440_0;
    %addi 1, 0, 32;
    %store/vec4 v00000297ece39440_0, 0, 32;
    %jmp T_5.0;
T_5.1 ; for-loop exit label
    %end;
    .thread T_5;
    .scope S_00000297ece25790;
T_6 ;
    %wait E_00000297ece0e960;
    %load/vec4 v00000297ece3a8e0_0;
    %flag_set/vec4 9;
    %flag_get/vec4 9;
    %jmp/0 T_6.2, 9;
    %load/vec4 v00000297ece3a020_0;
    %and;
T_6.2;
    %flag_set/vec4 8;
    %jmp/0xz  T_6.0, 8;
    %load/vec4 v00000297ece394e0_0;
    %parti/s 1, 0, 2;
    %nor/r;
    %flag_set/vec4 8;
    %jmp/0xz  T_6.3, 8;
    %load/vec4 v00000297ece39260_0;
    %parti/s 1, 0, 2;
    %load/vec4 v00000297ece3a700_0;
    %parti/s 8, 0, 2;
    %pad/u 10;
    %ix/vec4 3;
    %ix/load 4, 0, 0; Constant delay
    %assign/vec4/a/d v00000297ece39300, 0, 4;
T_6.3 ;
    %load/vec4 v00000297ece394e0_0;
    %parti/s 1, 1, 2;
    %nor/r;
    %flag_set/vec4 8;
    %jmp/0xz  T_6.5, 8;
    %load/vec4 v00000297ece39260_0;
    %parti/s 1, 1, 2;
    %load/vec4 v00000297ece3a700_0;
    %parti/s 8, 0, 2;
    %pad/u 10;
    %ix/vec4 3;
    %ix/load 4, 1, 0; part off
    %ix/load 5, 0, 0; Constant delay
    %assign/vec4/a/d v00000297ece39300, 4, 5;
T_6.5 ;
    %load/vec4 v00000297ece394e0_0;
    %parti/s 1, 2, 3;
    %nor/r;
    %flag_set/vec4 8;
    %jmp/0xz  T_6.7, 8;
    %load/vec4 v00000297ece39260_0;
    %parti/s 1, 2, 3;
    %load/vec4 v00000297ece3a700_0;
    %parti/s 8, 0, 2;
    %pad/u 10;
    %ix/vec4 3;
    %ix/load 4, 2, 0; part off
    %ix/load 5, 0, 0; Constant delay
    %assign/vec4/a/d v00000297ece39300, 4, 5;
T_6.7 ;
    %load/vec4 v00000297ece394e0_0;
    %parti/s 1, 3, 3;
    %nor/r;
    %flag_set/vec4 8;
    %jmp/0xz  T_6.9, 8;
    %load/vec4 v00000297ece39260_0;
    %parti/s 1, 3, 3;
    %load/vec4 v00000297ece3a700_0;
    %parti/s 8, 0, 2;
    %pad/u 10;
    %ix/vec4 3;
    %ix/load 4, 3, 0; part off
    %ix/load 5, 0, 0; Constant delay
    %assign/vec4/a/d v00000297ece39300, 4, 5;
T_6.9 ;
    %load/vec4 v00000297ece394e0_0;
    %parti/s 1, 4, 4;
    %nor/r;
    %flag_set/vec4 8;
    %jmp/0xz  T_6.11, 8;
    %load/vec4 v00000297ece39260_0;
    %parti/s 1, 4, 4;
    %load/vec4 v00000297ece3a700_0;
    %parti/s 8, 0, 2;
    %pad/u 10;
    %ix/vec4 3;
    %ix/load 4, 4, 0; part off
    %ix/load 5, 0, 0; Constant delay
    %assign/vec4/a/d v00000297ece39300, 4, 5;
T_6.11 ;
    %load/vec4 v00000297ece394e0_0;
    %parti/s 1, 5, 4;
    %nor/r;
    %flag_set/vec4 8;
    %jmp/0xz  T_6.13, 8;
    %load/vec4 v00000297ece39260_0;
    %parti/s 1, 5, 4;
    %load/vec4 v00000297ece3a700_0;
    %parti/s 8, 0, 2;
    %pad/u 10;
    %ix/vec4 3;
    %ix/load 4, 5, 0; part off
    %ix/load 5, 0, 0; Constant delay
    %assign/vec4/a/d v00000297ece39300, 4, 5;
T_6.13 ;
    %load/vec4 v00000297ece394e0_0;
    %parti/s 1, 6, 4;
    %nor/r;
    %flag_set/vec4 8;
    %jmp/0xz  T_6.15, 8;
    %load/vec4 v00000297ece39260_0;
    %parti/s 1, 6, 4;
    %load/vec4 v00000297ece3a700_0;
    %parti/s 8, 0, 2;
    %pad/u 10;
    %ix/vec4 3;
    %ix/load 4, 6, 0; part off
    %ix/load 5, 0, 0; Constant delay
    %assign/vec4/a/d v00000297ece39300, 4, 5;
T_6.15 ;
    %load/vec4 v00000297ece394e0_0;
    %parti/s 1, 7, 4;
    %nor/r;
    %flag_set/vec4 8;
    %jmp/0xz  T_6.17, 8;
    %load/vec4 v00000297ece39260_0;
    %parti/s 1, 7, 4;
    %load/vec4 v00000297ece3a700_0;
    %parti/s 8, 0, 2;
    %pad/u 10;
    %ix/vec4 3;
    %ix/load 4, 7, 0; part off
    %ix/load 5, 0, 0; Constant delay
    %assign/vec4/a/d v00000297ece39300, 4, 5;
T_6.17 ;
    %load/vec4 v00000297ece394e0_0;
    %parti/s 1, 8, 5;
    %nor/r;
    %flag_set/vec4 8;
    %jmp/0xz  T_6.19, 8;
    %load/vec4 v00000297ece39260_0;
    %parti/s 1, 8, 5;
    %load/vec4 v00000297ece3a700_0;
    %parti/s 8, 0, 2;
    %pad/u 10;
    %ix/vec4 3;
    %ix/load 4, 8, 0; part off
    %ix/load 5, 0, 0; Constant delay
    %assign/vec4/a/d v00000297ece39300, 4, 5;
T_6.19 ;
    %load/vec4 v00000297ece394e0_0;
    %parti/s 1, 9, 5;
    %nor/r;
    %flag_set/vec4 8;
    %jmp/0xz  T_6.21, 8;
    %load/vec4 v00000297ece39260_0;
    %parti/s 1, 9, 5;
    %load/vec4 v00000297ece3a700_0;
    %parti/s 8, 0, 2;
    %pad/u 10;
    %ix/vec4 3;
    %ix/load 4, 9, 0; part off
    %ix/load 5, 0, 0; Constant delay
    %assign/vec4/a/d v00000297ece39300, 4, 5;
T_6.21 ;
    %load/vec4 v00000297ece394e0_0;
    %parti/s 1, 10, 5;
    %nor/r;
    %flag_set/vec4 8;
    %jmp/0xz  T_6.23, 8;
    %load/vec4 v00000297ece39260_0;
    %parti/s 1, 10, 5;
    %load/vec4 v00000297ece3a700_0;
    %parti/s 8, 0, 2;
    %pad/u 10;
    %ix/vec4 3;
    %ix/load 4, 10, 0; part off
    %ix/load 5, 0, 0; Constant delay
    %assign/vec4/a/d v00000297ece39300, 4, 5;
T_6.23 ;
    %load/vec4 v00000297ece394e0_0;
    %parti/s 1, 11, 5;
    %nor/r;
    %flag_set/vec4 8;
    %jmp/0xz  T_6.25, 8;
    %load/vec4 v00000297ece39260_0;
    %parti/s 1, 11, 5;
    %load/vec4 v00000297ece3a700_0;
    %parti/s 8, 0, 2;
    %pad/u 10;
    %ix/vec4 3;
    %ix/load 4, 11, 0; part off
    %ix/load 5, 0, 0; Constant delay
    %assign/vec4/a/d v00000297ece39300, 4, 5;
T_6.25 ;
    %load/vec4 v00000297ece394e0_0;
    %parti/s 1, 12, 5;
    %nor/r;
    %flag_set/vec4 8;
    %jmp/0xz  T_6.27, 8;
    %load/vec4 v00000297ece39260_0;
    %parti/s 1, 12, 5;
    %load/vec4 v00000297ece3a700_0;
    %parti/s 8, 0, 2;
    %pad/u 10;
    %ix/vec4 3;
    %ix/load 4, 12, 0; part off
    %ix/load 5, 0, 0; Constant delay
    %assign/vec4/a/d v00000297ece39300, 4, 5;
T_6.27 ;
    %load/vec4 v00000297ece394e0_0;
    %parti/s 1, 13, 5;
    %nor/r;
    %flag_set/vec4 8;
    %jmp/0xz  T_6.29, 8;
    %load/vec4 v00000297ece39260_0;
    %parti/s 1, 13, 5;
    %load/vec4 v00000297ece3a700_0;
    %parti/s 8, 0, 2;
    %pad/u 10;
    %ix/vec4 3;
    %ix/load 4, 13, 0; part off
    %ix/load 5, 0, 0; Constant delay
    %assign/vec4/a/d v00000297ece39300, 4, 5;
T_6.29 ;
    %load/vec4 v00000297ece394e0_0;
    %parti/s 1, 14, 5;
    %nor/r;
    %flag_set/vec4 8;
    %jmp/0xz  T_6.31, 8;
    %load/vec4 v00000297ece39260_0;
    %parti/s 1, 14, 5;
    %load/vec4 v00000297ece3a700_0;
    %parti/s 8, 0, 2;
    %pad/u 10;
    %ix/vec4 3;
    %ix/load 4, 14, 0; part off
    %ix/load 5, 0, 0; Constant delay
    %assign/vec4/a/d v00000297ece39300, 4, 5;
T_6.31 ;
    %load/vec4 v00000297ece394e0_0;
    %parti/s 1, 15, 5;
    %nor/r;
    %flag_set/vec4 8;
    %jmp/0xz  T_6.33, 8;
    %load/vec4 v00000297ece39260_0;
    %parti/s 1, 15, 5;
    %load/vec4 v00000297ece3a700_0;
    %parti/s 8, 0, 2;
    %pad/u 10;
    %ix/vec4 3;
    %ix/load 4, 15, 0; part off
    %ix/load 5, 0, 0; Constant delay
    %assign/vec4/a/d v00000297ece39300, 4, 5;
T_6.33 ;
T_6.0 ;
    %jmp T_6;
    .thread T_6;
    .scope S_00000297ece25790;
T_7 ;
    %wait E_00000297ece0ee20;
    %load/vec4 v00000297ece39120_0;
    %flag_set/vec4 9;
    %flag_get/vec4 9;
    %jmp/0 T_7.2, 9;
    %load/vec4 v00000297ece39580_0;
    %and;
T_7.2;
    %flag_set/vec4 8;
    %jmp/0xz  T_7.0, 8;
    %load/vec4 v00000297ece398a0_0;
    %parti/s 8, 0, 2;
    %pad/u 10;
    %ix/vec4 4;
    %load/vec4a v00000297ece39300, 4;
    %load/vec4 v00000297ece391c0_0;
    %inv;
    %and;
    %assign/vec4 v00000297ece39080_0, 0;
T_7.0 ;
    %jmp T_7;
    .thread T_7;
    .scope S_00000297ecb16a90;
T_8 ;
    %pushi/vec4 0, 0, 1;
    %store/vec4 v00000297ece83d70_0, 0, 1;
    %end;
    .thread T_8;
    .scope S_00000297ecb16a90;
T_9 ;
    %wait E_00000297ece0e9e0;
    %load/vec4 v00000297ece848b0_0;
    %assign/vec4 v00000297ece83d70_0, 0;
    %jmp T_9;
    .thread T_9;
    .scope S_00000297ecb33530;
T_10 ;
    %pushi/vec4 0, 0, 1;
    %store/vec4 v00000297ece82c90_0, 0, 1;
    %end;
    .thread T_10;
    .scope S_00000297ecb33530;
T_11 ;
    %wait E_00000297ece0f060;
    %load/vec4 v00000297ece82ab0_0;
    %flag_set/vec4 8;
    %jmp/0xz  T_11.0, 8;
    %load/vec4 v00000297ece84090_0;
    %assign/vec4 v00000297ece82c90_0, 0;
T_11.0 ;
    %jmp T_11;
    .thread T_11;
    .scope S_00000297ecb1b830;
T_12 ;
    %pushi/vec4 0, 0, 1;
    %store/vec4 v00000297ece83190_0, 0, 1;
    %end;
    .thread T_12;
    .scope S_00000297ecb1b830;
T_13 ;
    %wait E_00000297ece0e620;
    %load/vec4 v00000297ece83370_0;
    %flag_set/vec4 8;
    %jmp/0xz  T_13.0, 8;
    %pushi/vec4 0, 0, 1;
    %assign/vec4 v00000297ece83190_0, 0;
    %jmp T_13.1;
T_13.0 ;
    %load/vec4 v00000297ece841d0_0;
    %flag_set/vec4 8;
    %jmp/0xz  T_13.2, 8;
    %load/vec4 v00000297ece83050_0;
    %assign/vec4 v00000297ece83190_0, 0;
T_13.2 ;
T_13.1 ;
    %jmp T_13;
    .thread T_13;
    .scope S_00000297ecb1b9c0;
T_14 ;
    %pushi/vec4 0, 0, 1;
    %store/vec4 v00000297ece837d0_0, 0, 1;
    %end;
    .thread T_14;
    .scope S_00000297ecb1b9c0;
T_15 ;
    %wait E_00000297ece0f320;
    %load/vec4 v00000297ece88b40_0;
    %flag_set/vec4 8;
    %jmp/0xz  T_15.0, 8;
    %pushi/vec4 1, 0, 1;
    %assign/vec4 v00000297ece837d0_0, 0;
    %jmp T_15.1;
T_15.0 ;
    %load/vec4 v00000297ece83870_0;
    %flag_set/vec4 8;
    %jmp/0xz  T_15.2, 8;
    %load/vec4 v00000297ece83690_0;
    %assign/vec4 v00000297ece837d0_0, 0;
T_15.2 ;
T_15.1 ;
    %jmp T_15;
    .thread T_15;
    .scope S_00000297ecb1bb50;
T_16 ;
    %pushi/vec4 0, 0, 1;
    %store/vec4 v00000297ece87b00_0, 0, 1;
    %end;
    .thread T_16;
    .scope S_00000297ecb1bb50;
T_17 ;
    %wait E_00000297ece0f360;
    %load/vec4 v00000297ece87240_0;
    %flag_set/vec4 8;
    %jmp/0xz  T_17.0, 8;
    %load/vec4 v00000297ece88e60_0;
    %flag_set/vec4 8;
    %jmp/0xz  T_17.2, 8;
    %pushi/vec4 0, 0, 1;
    %assign/vec4 v00000297ece87b00_0, 0;
    %jmp T_17.3;
T_17.2 ;
    %load/vec4 v00000297ece883c0_0;
    %assign/vec4 v00000297ece87b00_0, 0;
T_17.3 ;
T_17.0 ;
    %jmp T_17;
    .thread T_17;
    .scope S_00000297ecb25690;
T_18 ;
    %pushi/vec4 0, 0, 1;
    %store/vec4 v00000297ece88be0_0, 0, 1;
    %end;
    .thread T_18;
    .scope S_00000297ecb25690;
T_19 ;
    %wait E_00000297ece0f0a0;
    %load/vec4 v00000297ece88f00_0;
    %flag_set/vec4 8;
    %jmp/0xz  T_19.0, 8;
    %load/vec4 v00000297ece88c80_0;
    %flag_set/vec4 8;
    %jmp/0xz  T_19.2, 8;
    %pushi/vec4 1, 0, 1;
    %assign/vec4 v00000297ece88be0_0, 0;
    %jmp T_19.3;
T_19.2 ;
    %load/vec4 v00000297ece86ca0_0;
    %assign/vec4 v00000297ece88be0_0, 0;
T_19.3 ;
T_19.0 ;
    %jmp T_19;
    .thread T_19;
    .scope S_00000297ecb25820;
T_20 ;
    %pushi/vec4 0, 0, 1;
    %store/vec4 v00000297ece88d20_0, 0, 1;
    %end;
    .thread T_20;
    .scope S_00000297ecb25820;
T_21 ;
    %wait E_00000297ece0f3a0;
    %load/vec4 v00000297ece872e0_0;
    %assign/vec4 v00000297ece88d20_0, 0;
    %jmp T_21;
    .thread T_21;
    .scope S_00000297ecb259b0;
T_22 ;
    %pushi/vec4 0, 0, 1;
    %store/vec4 v00000297ece86de0_0, 0, 1;
    %end;
    .thread T_22;
    .scope S_00000297ecb259b0;
T_23 ;
    %wait E_00000297ece0ec60;
    %load/vec4 v00000297ece88140_0;
    %flag_set/vec4 8;
    %jmp/0xz  T_23.0, 8;
    %load/vec4 v00000297ece87380_0;
    %assign/vec4 v00000297ece86de0_0, 0;
T_23.0 ;
    %jmp T_23;
    .thread T_23;
    .scope S_00000297ecb22cd0;
T_24 ;
    %pushi/vec4 0, 0, 1;
    %store/vec4 v00000297ece87420_0, 0, 1;
    %end;
    .thread T_24;
    .scope S_00000297ecb22cd0;
T_25 ;
    %wait E_00000297ece0ea20;
    %load/vec4 v00000297ece87ba0_0;
    %flag_set/vec4 8;
    %jmp/0xz  T_25.0, 8;
    %pushi/vec4 0, 0, 1;
    %assign/vec4 v00000297ece87420_0, 0;
    %jmp T_25.1;
T_25.0 ;
    %load/vec4 v00000297ece88820_0;
    %flag_set/vec4 8;
    %jmp/0xz  T_25.2, 8;
    %load/vec4 v00000297ece88320_0;
    %assign/vec4 v00000297ece87420_0, 0;
T_25.2 ;
T_25.1 ;
    %jmp T_25;
    .thread T_25;
    .scope S_00000297ecb22e60;
T_26 ;
    %pushi/vec4 0, 0, 1;
    %store/vec4 v00000297ece86a20_0, 0, 1;
    %end;
    .thread T_26;
    .scope S_00000297ecb22e60;
T_27 ;
    %wait E_00000297ece0eea0;
    %load/vec4 v00000297ece871a0_0;
    %flag_set/vec4 8;
    %jmp/0xz  T_27.0, 8;
    %pushi/vec4 1, 0, 1;
    %assign/vec4 v00000297ece86a20_0, 0;
    %jmp T_27.1;
T_27.0 ;
    %load/vec4 v00000297ece87a60_0;
    %flag_set/vec4 8;
    %jmp/0xz  T_27.2, 8;
    %load/vec4 v00000297ece88460_0;
    %assign/vec4 v00000297ece86a20_0, 0;
T_27.2 ;
T_27.1 ;
    %jmp T_27;
    .thread T_27;
    .scope S_00000297ece1fd10;
T_28 ;
    %pushi/vec4 0, 0, 1;
    %store/vec4 v00000297ece876a0_0, 0, 1;
    %end;
    .thread T_28;
    .scope S_00000297ece1fd10;
T_29 ;
    %wait E_00000297ece0e5e0;
    %load/vec4 v00000297ece886e0_0;
    %flag_set/vec4 8;
    %jmp/0xz  T_29.0, 8;
    %load/vec4 v00000297ece874c0_0;
    %flag_set/vec4 8;
    %jmp/0xz  T_29.2, 8;
    %pushi/vec4 0, 0, 1;
    %assign/vec4 v00000297ece876a0_0, 0;
    %jmp T_29.3;
T_29.2 ;
    %load/vec4 v00000297ece86e80_0;
    %assign/vec4 v00000297ece876a0_0, 0;
T_29.3 ;
T_29.0 ;
    %jmp T_29;
    .thread T_29;
    .scope S_00000297ece20030;
T_30 ;
    %pushi/vec4 0, 0, 1;
    %store/vec4 v00000297ece87600_0, 0, 1;
    %end;
    .thread T_30;
    .scope S_00000297ece20030;
T_31 ;
    %wait E_00000297ece0eee0;
    %load/vec4 v00000297ece88500_0;
    %flag_set/vec4 8;
    %jmp/0xz  T_31.0, 8;
    %load/vec4 v00000297ece86b60_0;
    %flag_set/vec4 8;
    %jmp/0xz  T_31.2, 8;
    %pushi/vec4 1, 0, 1;
    %assign/vec4 v00000297ece87600_0, 0;
    %jmp T_31.3;
T_31.2 ;
    %load/vec4 v00000297ece87560_0;
    %assign/vec4 v00000297ece87600_0, 0;
T_31.3 ;
T_31.0 ;
    %jmp T_31;
    .thread T_31;
    .scope S_00000297ece1fea0;
T_32 ;
    %pushi/vec4 0, 0, 1;
    %store/vec4 v00000297ece86d40_0, 0, 1;
    %end;
    .thread T_32;
    .scope S_00000297ece1fea0;
T_33 ;
    %wait E_00000297ece0f020;
    %load/vec4 v00000297ece88fa0_0;
    %flag_set/vec4 8;
    %jmp/0xz  T_33.0, 8;
    %pushi/vec4 0, 0, 1;
    %assign/vec4 v00000297ece86d40_0, 0;
    %jmp T_33.1;
T_33.0 ;
    %load/vec4 v00000297ece86ac0_0;
    %assign/vec4 v00000297ece86d40_0, 0;
T_33.1 ;
    %jmp T_33;
    .thread T_33;
    .scope S_00000297ece201c0;
T_34 ;
    %pushi/vec4 0, 0, 1;
    %store/vec4 v00000297ece88960_0, 0, 1;
    %end;
    .thread T_34;
    .scope S_00000297ece201c0;
T_35 ;
    %wait E_00000297ece0ef20;
    %load/vec4 v00000297ece88a00_0;
    %flag_set/vec4 8;
    %jmp/0xz  T_35.0, 8;
    %pushi/vec4 1, 0, 1;
    %assign/vec4 v00000297ece88960_0, 0;
    %jmp T_35.1;
T_35.0 ;
    %load/vec4 v00000297ece87100_0;
    %assign/vec4 v00000297ece88960_0, 0;
T_35.1 ;
    %jmp T_35;
    .thread T_35;
    .scope S_00000297ece20350;
T_36 ;
    %pushi/vec4 0, 0, 1;
    %store/vec4 v00000297ece87740_0, 0, 1;
    %end;
    .thread T_36;
    .scope S_00000297ece20350;
T_37 ;
    %wait E_00000297ece0e760;
    %load/vec4 v00000297ece87880_0;
    %flag_set/vec4 8;
    %jmp/0xz  T_37.0, 8;
    %pushi/vec4 0, 0, 1;
    %assign/vec4 v00000297ece87740_0, 0;
    %jmp T_37.1;
T_37.0 ;
    %load/vec4 v00000297ece87f60_0;
    %assign/vec4 v00000297ece87740_0, 0;
T_37.1 ;
    %jmp T_37;
    .thread T_37;
    .scope S_00000297ece1fb80;
T_38 ;
    %pushi/vec4 0, 0, 1;
    %store/vec4 v00000297ece88dc0_0, 0, 1;
    %end;
    .thread T_38;
    .scope S_00000297ece1fb80;
T_39 ;
    %wait E_00000297ece0e660;
    %load/vec4 v00000297ece890e0_0;
    %flag_set/vec4 8;
    %jmp/0xz  T_39.0, 8;
    %pushi/vec4 1, 0, 1;
    %assign/vec4 v00000297ece88dc0_0, 0;
    %jmp T_39.1;
T_39.0 ;
    %load/vec4 v00000297ece87d80_0;
    %assign/vec4 v00000297ece88dc0_0, 0;
T_39.1 ;
    %jmp T_39;
    .thread T_39;
    .scope S_00000297ece1f540;
T_40 ;
    %pushi/vec4 0, 0, 1;
    %store/vec4 v00000297ece86f20_0, 0, 1;
    %end;
    .thread T_40;
    .scope S_00000297ece1f540;
T_41 ;
    %wait E_00000297ece0ebe0;
    %load/vec4 v00000297ece86fc0_0;
    %flag_set/vec4 8;
    %jmp/0xz  T_41.0, 8;
    %pushi/vec4 0, 0, 1;
    %assign/vec4 v00000297ece86f20_0, 0;
    %jmp T_41.1;
T_41.0 ;
    %load/vec4 v00000297ece86c00_0;
    %assign/vec4 v00000297ece86f20_0, 0;
T_41.1 ;
    %jmp T_41;
    .thread T_41;
    .scope S_00000297ece1f6d0;
T_42 ;
    %pushi/vec4 0, 0, 1;
    %store/vec4 v00000297ece87ec0_0, 0, 1;
    %end;
    .thread T_42;
    .scope S_00000297ece1f6d0;
T_43 ;
    %wait E_00000297ece0ea60;
    %load/vec4 v00000297ece87060_0;
    %flag_set/vec4 8;
    %jmp/0xz  T_43.0, 8;
    %pushi/vec4 1, 0, 1;
    %assign/vec4 v00000297ece87ec0_0, 0;
    %jmp T_43.1;
T_43.0 ;
    %load/vec4 v00000297ece87920_0;
    %assign/vec4 v00000297ece87ec0_0, 0;
T_43.1 ;
    %jmp T_43;
    .thread T_43;
    .scope S_00000297ece1f860;
T_44 ;
    %pushi/vec4 0, 0, 1;
    %store/vec4 v00000297ece8a6c0_0, 0, 1;
    %end;
    .thread T_44;
    .scope S_00000297ece1f860;
T_45 ;
    %wait E_00000297ece0ef60;
    %load/vec4 v00000297ece89360_0;
    %flag_set/vec4 8;
    %jmp/0xz  T_45.0, 8;
    %pushi/vec4 0, 0, 1;
    %assign/vec4 v00000297ece8a6c0_0, 0;
    %jmp T_45.1;
T_45.0 ;
    %load/vec4 v00000297ece881e0_0;
    %assign/vec4 v00000297ece8a6c0_0, 0;
T_45.1 ;
    %jmp T_45;
    .thread T_45;
    .scope S_00000297ece1f9f0;
T_46 ;
    %pushi/vec4 0, 0, 1;
    %store/vec4 v00000297ece89f40_0, 0, 1;
    %end;
    .thread T_46;
    .scope S_00000297ece1f9f0;
T_47 ;
    %wait E_00000297ece0f0e0;
    %load/vec4 v00000297ece8a1c0_0;
    %flag_set/vec4 8;
    %jmp/0xz  T_47.0, 8;
    %pushi/vec4 1, 0, 1;
    %assign/vec4 v00000297ece89f40_0, 0;
    %jmp T_47.1;
T_47.0 ;
    %load/vec4 v00000297ece89ea0_0;
    %assign/vec4 v00000297ece89f40_0, 0;
T_47.1 ;
    %jmp T_47;
    .thread T_47;
    .scope S_00000297ece26be0;
T_48 ;
    %wait E_00000297ece0f1a0;
    %load/vec4 v00000297ece8a3a0_0;
    %assign/vec4 v00000297ece89860_0, 0;
    %jmp T_48;
    .thread T_48;
    .scope S_00000297ece26be0;
T_49 ;
    %wait E_00000297ece0f1a0;
    %load/vec4 v00000297ece8a3a0_0;
    %flag_set/vec4 8;
    %jmp/0xz  T_49.0, 8;
    %load/vec4 v00000297ece89cc0_0;
    %assign/vec4 v00000297ece8a440_0, 0;
T_49.0 ;
    %jmp T_49;
    .thread T_49;
    .scope S_00000297ece26be0;
T_50 ;
    %wait E_00000297ece0e5a0;
    %load/vec4 v00000297ece89860_0;
    %flag_set/vec4 8;
    %jmp/0xz  T_50.0, 8;
    %load/vec4 v00000297ece89cc0_0;
    %assign/vec4 v00000297ece8a580_0, 0;
T_50.0 ;
    %jmp T_50;
    .thread T_50;
    .scope S_00000297ece26be0;
T_51 ;
    %wait E_00000297ece0eb60;
    %load/vec4 v00000297ece8a3a0_0;
    %assign/vec4 v00000297ece89900_0, 0;
    %jmp T_51;
    .thread T_51;
    .scope S_00000297ece26be0;
T_52 ;
    %wait E_00000297ece0eb60;
    %load/vec4 v00000297ece8a3a0_0;
    %flag_set/vec4 8;
    %jmp/0xz  T_52.0, 8;
    %load/vec4 v00000297ece899a0_0;
    %assign/vec4 v00000297ece8a760_0, 0;
T_52.0 ;
    %jmp T_52;
    .thread T_52;
    .scope S_00000297ece26be0;
T_53 ;
    %wait E_00000297ece0eb20;
    %load/vec4 v00000297ece89900_0;
    %flag_set/vec4 8;
    %jmp/0xz  T_53.0, 8;
    %load/vec4 v00000297ece89b80_0;
    %assign/vec4 v00000297ece8a800_0, 0;
T_53.0 ;
    %jmp T_53;
    .thread T_53;
    .scope S_00000297ece26be0;
T_54 ;
    %wait E_00000297ece0eb60;
    %load/vec4 v00000297ece8a3a0_0;
    %flag_set/vec4 8;
    %jmp/0xz  T_54.0, 8;
    %load/vec4 v00000297ece8a120_0;
    %assign/vec4 v00000297ece892c0_0, 0;
T_54.0 ;
    %jmp T_54;
    .thread T_54;
    .scope S_00000297ece26a50;
T_55 ;
    %wait E_00000297ece0e9a0;
    %load/vec4 v00000297ece8a440_0;
    %store/vec4 v00000297ece89d60_0, 0, 1;
    %load/vec4 v00000297ece8a580_0;
    %store/vec4 v00000297ece89e00_0, 0, 1;
    %jmp T_55;
    .thread T_55, $push;
    .scope S_00000297ece26a50;
T_56 ;
    %wait E_00000297ece0e8e0;
    %load/vec4 v00000297ece8a080_0;
    %assign/vec4 v00000297ece89180_0, 0;
    %jmp T_56;
    .thread T_56, $push;
    .scope S_00000297ece26a50;
T_57 ;
    %wait E_00000297ece0e6e0;
    %load/vec4 v00000297ece89180_0;
    %assign/vec4 v00000297ece89220_0, 0;
    %jmp T_57;
    .thread T_57, $push;
    .scope S_00000297ece26a50;
T_58 ;
    %wait E_00000297ece0f120;
    %load/vec4 v00000297ece89220_0;
    %pushi/vec4 0, 0, 1;
    %xor;
    %flag_set/vec4 8;
    %jmp/1 T_58.2, 8;
    %pushi/vec4 0, 0, 1;
    %flag_set/vec4 9;
    %flag_or 8, 9;
T_58.2;
    %jmp/0 T_58.0, 8;
    %load/vec4 v00000297ece8a760_0;
    %jmp/1 T_58.1, 8;
T_58.0 ; End of true expr.
    %load/vec4 v00000297ece8a800_0;
    %jmp/0 T_58.1, 8;
 ; End of false expr.
    %blend;
T_58.1;
    %store/vec4 v00000297ece8a620_0, 0, 1;
    %jmp T_58;
    .thread T_58, $push;
    .scope S_00000297ece26d70;
T_59 ;
    %wait E_00000297ece0efe0;
    %load/vec4 v00000297ece8ce70_0;
    %flag_set/vec4 8;
    %jmp/0xz  T_59.0, 8;
    %load/vec4 v00000297ece8dd70_0;
    %assign/vec4 v00000297ece8d870_0, 0;
T_59.0 ;
    %jmp T_59;
    .thread T_59;
    .scope S_00000297ece26d70;
T_60 ;
    %wait E_00000297ece0efa0;
    %load/vec4 v00000297ece8ce70_0;
    %flag_set/vec4 8;
    %jmp/0xz  T_60.0, 8;
    %load/vec4 v00000297ece8dd70_0;
    %assign/vec4 v00000297ece8d9b0_0, 0;
T_60.0 ;
    %jmp T_60;
    .thread T_60;
    .scope S_00000297ece26d70;
T_61 ;
    %wait E_00000297ece0e720;
    %load/vec4 v00000297ece8ce70_0;
    %flag_set/vec4 8;
    %jmp/0xz  T_61.0, 8;
    %load/vec4 v00000297ece8b930_0;
    %assign/vec4 v00000297ece8e4f0_0, 0;
T_61.0 ;
    %jmp T_61;
    .thread T_61;
    .scope S_00000297ece26d70;
T_62 ;
    %wait E_00000297ece0f160;
    %load/vec4 v00000297ece8ce70_0;
    %flag_set/vec4 8;
    %jmp/0xz  T_62.0, 8;
    %load/vec4 v00000297ece8bcf0_0;
    %assign/vec4 v00000297ece8d2d0_0, 0;
T_62.0 ;
    %jmp T_62;
    .thread T_62;
    .scope S_00000297ece26d70;
T_63 ;
    %wait E_00000297ece0e720;
    %load/vec4 v00000297ece8ce70_0;
    %flag_set/vec4 8;
    %jmp/0xz  T_63.0, 8;
    %load/vec4 v00000297ece8d7d0_0;
    %assign/vec4 v00000297ece8deb0_0, 0;
T_63.0 ;
    %jmp T_63;
    .thread T_63;
    .scope S_00000297ece20d20;
T_64 ;
    %wait E_00000297ece0ed60;
    %load/vec4 v00000297ece8d870_0;
    %store/vec4 v00000297ece8d5f0_0, 0, 1;
    %load/vec4 v00000297ece8d9b0_0;
    %store/vec4 v00000297ece8da50_0, 0, 1;
    %jmp T_64;
    .thread T_64, $push;
    .scope S_00000297ece20d20;
T_65 ;
    %wait E_00000297ece0ece0;
    %load/vec4 v00000297ece8dcd0_0;
    %assign/vec4 v00000297ece8e270_0, 0;
    %jmp T_65;
    .thread T_65, $push;
    .scope S_00000297ece20d20;
T_66 ;
    %wait E_00000297ece0eca0;
    %load/vec4 v00000297ece8e270_0;
    %assign/vec4 v00000297ece8e770_0, 0;
    %jmp T_66;
    .thread T_66, $push;
    .scope S_00000297ece20d20;
T_67 ;
    %wait E_00000297ece0eba0;
    %load/vec4 v00000297ece8e770_0;
    %pushi/vec4 0, 0, 1;
    %xor;
    %flag_set/vec4 8;
    %jmp/1 T_67.2, 8;
    %pushi/vec4 0, 0, 1;
    %flag_set/vec4 9;
    %flag_or 8, 9;
T_67.2;
    %jmp/0 T_67.0, 8;
    %load/vec4 v00000297ece8e4f0_0;
    %jmp/1 T_67.1, 8;
T_67.0 ; End of true expr.
    %load/vec4 v00000297ece8d2d0_0;
    %jmp/0 T_67.1, 8;
 ; End of false expr.
    %blend;
T_67.1;
    %store/vec4 v00000297ece8e1d0_0, 0, 1;
    %jmp T_67;
    .thread T_67, $push;
    .scope S_00000297ece26f00;
T_68 ;
    %wait E_00000297ece0f4e0;
    %load/vec4 v00000297ece8daf0_0;
    %flag_set/vec4 8;
    %jmp/0xz  T_68.0, 8;
    %load/vec4 v00000297ece8d190_0;
    %assign/vec4 v00000297ece8d370_0, 0;
T_68.0 ;
    %jmp T_68;
    .thread T_68;
    .scope S_00000297ece26f00;
T_69 ;
    %wait E_00000297ece0f260;
    %load/vec4 v00000297ece8daf0_0;
    %flag_set/vec4 8;
    %jmp/0xz  T_69.0, 8;
    %load/vec4 v00000297ece8d190_0;
    %assign/vec4 v00000297ece8df50_0, 0;
T_69.0 ;
    %jmp T_69;
    .thread T_69;
    .scope S_00000297ece26f00;
T_70 ;
    %wait E_00000297ece0eda0;
    %load/vec4 v00000297ece8daf0_0;
    %flag_set/vec4 8;
    %jmp/0xz  T_70.0, 8;
    %load/vec4 v00000297ece8e310_0;
    %assign/vec4 v00000297ece8e590_0, 0;
T_70.0 ;
    %jmp T_70;
    .thread T_70;
    .scope S_00000297ece26f00;
T_71 ;
    %wait E_00000297ece0f220;
    %load/vec4 v00000297ece8daf0_0;
    %flag_set/vec4 8;
    %jmp/0xz  T_71.0, 8;
    %load/vec4 v00000297ece8e3b0_0;
    %assign/vec4 v00000297ece8e6d0_0, 0;
T_71.0 ;
    %jmp T_71;
    .thread T_71;
    .scope S_00000297ece26f00;
T_72 ;
    %wait E_00000297ece0eda0;
    %load/vec4 v00000297ece8daf0_0;
    %flag_set/vec4 8;
    %jmp/0xz  T_72.0, 8;
    %load/vec4 v00000297ece8dff0_0;
    %assign/vec4 v00000297ece8d4b0_0, 0;
T_72.0 ;
    %jmp T_72;
    .thread T_72;
    .scope S_00000297ece20a00;
T_73 ;
    %wait E_00000297ece0f4a0;
    %load/vec4 v00000297ece8d370_0;
    %store/vec4 v00000297ece8de10_0, 0, 1;
    %load/vec4 v00000297ece8df50_0;
    %store/vec4 v00000297ece8d230_0, 0, 1;
    %jmp T_73;
    .thread T_73, $push;
    .scope S_00000297ece20a00;
T_74 ;
    %wait E_00000297ece0f420;
    %load/vec4 v00000297ece8e450_0;
    %assign/vec4 v00000297ece8d410_0, 0;
    %jmp T_74;
    .thread T_74, $push;
    .scope S_00000297ece20a00;
T_75 ;
    %wait E_00000297ece0f3e0;
    %load/vec4 v00000297ece8d410_0;
    %assign/vec4 v00000297ece8d730_0, 0;
    %jmp T_75;
    .thread T_75, $push;
    .scope S_00000297ece20a00;
T_76 ;
    %wait E_00000297ece0e7a0;
    %load/vec4 v00000297ece8d730_0;
    %pushi/vec4 0, 0, 1;
    %xor;
    %flag_set/vec4 8;
    %jmp/1 T_76.2, 8;
    %pushi/vec4 0, 0, 1;
    %flag_set/vec4 9;
    %flag_or 8, 9;
T_76.2;
    %jmp/0 T_76.0, 8;
    %load/vec4 v00000297ece8e590_0;
    %jmp/1 T_76.1, 8;
T_76.0 ; End of true expr.
    %load/vec4 v00000297ece8e6d0_0;
    %jmp/0 T_76.1, 8;
 ; End of false expr.
    %blend;
T_76.1;
    %store/vec4 v00000297ece8e090_0, 0, 1;
    %jmp T_76;
    .thread T_76, $push;
    .scope S_00000297ece20eb0;
T_77 ;
    %wait E_00000297ece0e860;
    %load/vec4 v00000297ece93070_0;
    %flag_set/vec4 8;
    %jmp/0xz  T_77.0, 8;
    %pushi/vec4 0, 0, 16;
    %assign/vec4 v00000297ece97c60_0, 0;
    %pushi/vec4 0, 0, 16;
    %assign/vec4 v00000297ece97760_0, 0;
    %jmp T_77.1;
T_77.0 ;
    %load/vec4 v00000297ece92170_0;
    %flag_set/vec4 8;
    %jmp/0xz  T_77.2, 8;
    %load/vec4 v00000297ece92210_0;
    %nor/r;
    %flag_set/vec4 8;
    %jmp/0xz  T_77.4, 8;
    %load/vec4 v00000297ece92a30_0;
    %assign/vec4 v00000297ece97c60_0, 0;
T_77.4 ;
    %load/vec4 v00000297ece92990_0;
    %nor/r;
    %flag_set/vec4 8;
    %jmp/0xz  T_77.6, 8;
    %load/vec4 v00000297ece91c70_0;
    %assign/vec4 v00000297ece97760_0, 0;
T_77.6 ;
T_77.2 ;
T_77.1 ;
    %jmp T_77;
    .thread T_77;
    .scope S_00000297ece20eb0;
T_78 ;
    %wait E_00000297ece0e820;
    %load/vec4 v00000297ece92e90_0;
    %flag_set/vec4 8;
    %jmp/0xz  T_78.0, 8;
    %pushi/vec4 0, 0, 16;
    %assign/vec4 v00000297ece97580_0, 0;
    %pushi/vec4 0, 0, 16;
    %assign/vec4 v00000297ece992e0_0, 0;
    %jmp T_78.1;
T_78.0 ;
    %load/vec4 v00000297ece92170_0;
    %flag_set/vec4 8;
    %jmp/0xz  T_78.2, 8;
    %load/vec4 v00000297ece92ad0_0;
    %nor/r;
    %flag_set/vec4 8;
    %jmp/0xz  T_78.4, 8;
    %load/vec4 v00000297ece90eb0_0;
    %assign/vec4 v00000297ece97580_0, 0;
T_78.4 ;
    %load/vec4 v00000297ece92cb0_0;
    %nor/r;
    %flag_set/vec4 8;
    %jmp/0xz  T_78.6, 8;
    %load/vec4 v00000297ece92c10_0;
    %assign/vec4 v00000297ece992e0_0, 0;
T_78.6 ;
T_78.2 ;
T_78.1 ;
    %jmp T_78;
    .thread T_78;
    .scope S_00000297ece20eb0;
T_79 ;
    %wait E_00000297ece0e860;
    %load/vec4 v00000297ece93070_0;
    %flag_set/vec4 8;
    %jmp/0xz  T_79.0, 8;
    %pushi/vec4 0, 0, 16;
    %assign/vec4 v00000297ece97260_0, 0;
    %pushi/vec4 0, 0, 16;
    %assign/vec4 v00000297ece991a0_0, 0;
    %jmp T_79.1;
T_79.0 ;
    %load/vec4 v00000297ece92170_0;
    %flag_set/vec4 8;
    %jmp/0xz  T_79.2, 8;
    %load/vec4 v00000297ece96040_0;
    %assign/vec4 v00000297ece97260_0, 0;
    %load/vec4 v00000297ece96360_0;
    %assign/vec4 v00000297ece991a0_0, 0;
T_79.2 ;
T_79.1 ;
    %jmp T_79;
    .thread T_79;
    .scope S_00000297ece20eb0;
T_80 ;
    %wait E_00000297ece0e820;
    %load/vec4 v00000297ece92e90_0;
    %flag_set/vec4 8;
    %jmp/0xz  T_80.0, 8;
    %pushi/vec4 0, 0, 16;
    %assign/vec4 v00000297ece979e0_0, 0;
    %pushi/vec4 0, 0, 16;
    %assign/vec4 v00000297ece97d00_0, 0;
    %jmp T_80.1;
T_80.0 ;
    %load/vec4 v00000297ece92170_0;
    %flag_set/vec4 8;
    %jmp/0xz  T_80.2, 8;
    %load/vec4 v00000297ece962c0_0;
    %assign/vec4 v00000297ece979e0_0, 0;
    %load/vec4 v00000297ece98b60_0;
    %assign/vec4 v00000297ece97d00_0, 0;
T_80.2 ;
T_80.1 ;
    %jmp T_80;
    .thread T_80;
    .scope S_00000297ece20eb0;
T_81 ;
    %wait E_00000297ece0e820;
    %load/vec4 v00000297ece92e90_0;
    %flag_set/vec4 8;
    %jmp/0xz  T_81.0, 8;
    %pushi/vec4 0, 0, 32;
    %assign/vec4 v00000297ece98520_0, 0;
    %jmp T_81.1;
T_81.0 ;
    %load/vec4 v00000297ece92170_0;
    %flag_set/vec4 8;
    %jmp/0xz  T_81.2, 8;
    %load/vec4 v00000297ece95640_0;
    %assign/vec4 v00000297ece98520_0, 0;
T_81.2 ;
T_81.1 ;
    %jmp T_81;
    .thread T_81;
    .scope S_00000297ece20eb0;
T_82 ;
    %wait E_00000297ece0f560;
    %load/vec4 v00000297ece93430_0;
    %flag_set/vec4 8;
    %jmp/0xz  T_82.0, 8;
    %pushi/vec4 0, 0, 16;
    %assign/vec4 v00000297ece98de0_0, 0;
    %jmp T_82.1;
T_82.0 ;
    %load/vec4 v00000297ece92170_0;
    %flag_set/vec4 8;
    %jmp/0xz  T_82.2, 8;
    %load/vec4 v00000297ece941f0_0;
    %nor/r;
    %flag_set/vec4 8;
    %jmp/0xz  T_82.4, 8;
    %load/vec4 v00000297ece956e0_0;
    %assign/vec4 v00000297ece98de0_0, 0;
T_82.4 ;
T_82.2 ;
T_82.1 ;
    %jmp T_82;
    .thread T_82;
    .scope S_00000297ece20eb0;
T_83 ;
    %wait E_00000297ece0f520;
    %load/vec4 v00000297ece93ed0_0;
    %flag_set/vec4 8;
    %jmp/0xz  T_83.0, 8;
    %pushi/vec4 0, 0, 16;
    %assign/vec4 v00000297ece97ee0_0, 0;
    %jmp T_83.1;
T_83.0 ;
    %load/vec4 v00000297ece92170_0;
    %flag_set/vec4 8;
    %jmp/0xz  T_83.2, 8;
    %load/vec4 v00000297ece93750_0;
    %nor/r;
    %flag_set/vec4 8;
    %jmp/0xz  T_83.4, 8;
    %load/vec4 v00000297ece95960_0;
    %assign/vec4 v00000297ece97ee0_0, 0;
T_83.4 ;
T_83.2 ;
T_83.1 ;
    %jmp T_83;
    .thread T_83;
    .scope S_00000297ece27090;
T_84 ;
    %pushi/vec4 0, 0, 32;
    %store/vec4 v00000297ece9ac80_0, 0, 32;
T_84.0 ; Top of for-loop
    %load/vec4 v00000297ece9ac80_0;
    %cmpi/s 16, 0, 32;
	  %jmp/0xz T_84.1, 5;
    %pushi/vec4 0, 0, 256;
    %load/vec4 v00000297ece9ac80_0;
    %muli 16, 0, 32;
    %part/s 16;
    %pushi/vec4 0, 0, 32;
    %load/vec4 v00000297ece9ac80_0;
    %add;
    %ix/vec4/s 4;
    %store/vec4a v00000297ece9bf40, 4, 0;
    %pushi/vec4 0, 0, 256;
    %load/vec4 v00000297ece9ac80_0;
    %muli 16, 0, 32;
    %part/s 16;
    %pushi/vec4 16, 0, 32;
    %load/vec4 v00000297ece9ac80_0;
    %add;
    %ix/vec4/s 4;
    %store/vec4a v00000297ece9bf40, 4, 0;
    %pushi/vec4 0, 0, 256;
    %load/vec4 v00000297ece9ac80_0;
    %muli 16, 0, 32;
    %part/s 16;
    %pushi/vec4 32, 0, 32;
    %load/vec4 v00000297ece9ac80_0;
    %add;
    %ix/vec4/s 4;
    %store/vec4a v00000297ece9bf40, 4, 0;
    %pushi/vec4 0, 0, 256;
    %load/vec4 v00000297ece9ac80_0;
    %muli 16, 0, 32;
    %part/s 16;
    %pushi/vec4 48, 0, 32;
    %load/vec4 v00000297ece9ac80_0;
    %add;
    %ix/vec4/s 4;
    %store/vec4a v00000297ece9bf40, 4, 0;
    %pushi/vec4 0, 0, 256;
    %load/vec4 v00000297ece9ac80_0;
    %muli 16, 0, 32;
    %part/s 16;
    %pushi/vec4 64, 0, 32;
    %load/vec4 v00000297ece9ac80_0;
    %add;
    %ix/vec4/s 4;
    %store/vec4a v00000297ece9bf40, 4, 0;
    %pushi/vec4 0, 0, 256;
    %load/vec4 v00000297ece9ac80_0;
    %muli 16, 0, 32;
    %part/s 16;
    %pushi/vec4 80, 0, 32;
    %load/vec4 v00000297ece9ac80_0;
    %add;
    %ix/vec4/s 4;
    %store/vec4a v00000297ece9bf40, 4, 0;
    %pushi/vec4 0, 0, 256;
    %load/vec4 v00000297ece9ac80_0;
    %muli 16, 0, 32;
    %part/s 16;
    %pushi/vec4 96, 0, 32;
    %load/vec4 v00000297ece9ac80_0;
    %add;
    %ix/vec4/s 4;
    %store/vec4a v00000297ece9bf40, 4, 0;
    %pushi/vec4 0, 0, 256;
    %load/vec4 v00000297ece9ac80_0;
    %muli 16, 0, 32;
    %part/s 16;
    %pushi/vec4 112, 0, 32;
    %load/vec4 v00000297ece9ac80_0;
    %add;
    %ix/vec4/s 4;
    %store/vec4a v00000297ece9bf40, 4, 0;
    %pushi/vec4 0, 0, 256;
    %load/vec4 v00000297ece9ac80_0;
    %muli 16, 0, 32;
    %part/s 16;
    %pushi/vec4 128, 0, 32;
    %load/vec4 v00000297ece9ac80_0;
    %add;
    %ix/vec4/s 4;
    %store/vec4a v00000297ece9bf40, 4, 0;
    %pushi/vec4 0, 0, 256;
    %load/vec4 v00000297ece9ac80_0;
    %muli 16, 0, 32;
    %part/s 16;
    %pushi/vec4 144, 0, 32;
    %load/vec4 v00000297ece9ac80_0;
    %add;
    %ix/vec4/s 4;
    %store/vec4a v00000297ece9bf40, 4, 0;
    %pushi/vec4 0, 0, 256;
    %load/vec4 v00000297ece9ac80_0;
    %muli 16, 0, 32;
    %part/s 16;
    %pushi/vec4 160, 0, 32;
    %load/vec4 v00000297ece9ac80_0;
    %add;
    %ix/vec4/s 4;
    %store/vec4a v00000297ece9bf40, 4, 0;
    %pushi/vec4 0, 0, 256;
    %load/vec4 v00000297ece9ac80_0;
    %muli 16, 0, 32;
    %part/s 16;
    %pushi/vec4 176, 0, 32;
    %load/vec4 v00000297ece9ac80_0;
    %add;
    %ix/vec4/s 4;
    %store/vec4a v00000297ece9bf40, 4, 0;
    %pushi/vec4 0, 0, 256;
    %load/vec4 v00000297ece9ac80_0;
    %muli 16, 0, 32;
    %part/s 16;
    %pushi/vec4 192, 0, 32;
    %load/vec4 v00000297ece9ac80_0;
    %add;
    %ix/vec4/s 4;
    %store/vec4a v00000297ece9bf40, 4, 0;
    %pushi/vec4 0, 0, 256;
    %load/vec4 v00000297ece9ac80_0;
    %muli 16, 0, 32;
    %part/s 16;
    %pushi/vec4 208, 0, 32;
    %load/vec4 v00000297ece9ac80_0;
    %add;
    %ix/vec4/s 4;
    %store/vec4a v00000297ece9bf40, 4, 0;
    %pushi/vec4 0, 0, 256;
    %load/vec4 v00000297ece9ac80_0;
    %muli 16, 0, 32;
    %part/s 16;
    %pushi/vec4 224, 0, 32;
    %load/vec4 v00000297ece9ac80_0;
    %add;
    %ix/vec4/s 4;
    %store/vec4a v00000297ece9bf40, 4, 0;
    %pushi/vec4 0, 0, 256;
    %load/vec4 v00000297ece9ac80_0;
    %muli 16, 0, 32;
    %part/s 16;
    %pushi/vec4 240, 0, 32;
    %load/vec4 v00000297ece9ac80_0;
    %add;
    %ix/vec4/s 4;
    %store/vec4a v00000297ece9bf40, 4, 0;
T_84.2 ; for-loop step statement
    %load/vec4 v00000297ece9ac80_0;
    %addi 1, 0, 32;
    %store/vec4 v00000297ece9ac80_0, 0, 32;
    %jmp T_84.0;
T_84.1 ; for-loop exit label
    %end;
    .thread T_84;
    .scope S_00000297ece27090;
T_85 ;
    %wait E_00000297ece10060;
    %load/vec4 v00000297ece9be00_0;
    %flag_set/vec4 9;
    %flag_get/vec4 9;
    %jmp/0 T_85.2, 9;
    %load/vec4 v00000297ece9b7c0_0;
    %and;
T_85.2;
    %flag_set/vec4 8;
    %jmp/0xz  T_85.0, 8;
    %load/vec4 v00000297ece9a280_0;
    %parti/s 1, 0, 2;
    %nor/r;
    %flag_set/vec4 8;
    %jmp/0xz  T_85.3, 8;
    %load/vec4 v00000297ece9aa00_0;
    %parti/s 1, 0, 2;
    %load/vec4 v00000297ece9ba40_0;
    %parti/s 8, 0, 2;
    %pad/u 10;
    %ix/vec4 3;
    %ix/load 4, 0, 0; Constant delay
    %assign/vec4/a/d v00000297ece9bf40, 0, 4;
T_85.3 ;
    %load/vec4 v00000297ece9a280_0;
    %parti/s 1, 1, 2;
    %nor/r;
    %flag_set/vec4 8;
    %jmp/0xz  T_85.5, 8;
    %load/vec4 v00000297ece9aa00_0;
    %parti/s 1, 1, 2;
    %load/vec4 v00000297ece9ba40_0;
    %parti/s 8, 0, 2;
    %pad/u 10;
    %ix/vec4 3;
    %ix/load 4, 1, 0; part off
    %ix/load 5, 0, 0; Constant delay
    %assign/vec4/a/d v00000297ece9bf40, 4, 5;
T_85.5 ;
    %load/vec4 v00000297ece9a280_0;
    %parti/s 1, 2, 3;
    %nor/r;
    %flag_set/vec4 8;
    %jmp/0xz  T_85.7, 8;
    %load/vec4 v00000297ece9aa00_0;
    %parti/s 1, 2, 3;
    %load/vec4 v00000297ece9ba40_0;
    %parti/s 8, 0, 2;
    %pad/u 10;
    %ix/vec4 3;
    %ix/load 4, 2, 0; part off
    %ix/load 5, 0, 0; Constant delay
    %assign/vec4/a/d v00000297ece9bf40, 4, 5;
T_85.7 ;
    %load/vec4 v00000297ece9a280_0;
    %parti/s 1, 3, 3;
    %nor/r;
    %flag_set/vec4 8;
    %jmp/0xz  T_85.9, 8;
    %load/vec4 v00000297ece9aa00_0;
    %parti/s 1, 3, 3;
    %load/vec4 v00000297ece9ba40_0;
    %parti/s 8, 0, 2;
    %pad/u 10;
    %ix/vec4 3;
    %ix/load 4, 3, 0; part off
    %ix/load 5, 0, 0; Constant delay
    %assign/vec4/a/d v00000297ece9bf40, 4, 5;
T_85.9 ;
    %load/vec4 v00000297ece9a280_0;
    %parti/s 1, 4, 4;
    %nor/r;
    %flag_set/vec4 8;
    %jmp/0xz  T_85.11, 8;
    %load/vec4 v00000297ece9aa00_0;
    %parti/s 1, 4, 4;
    %load/vec4 v00000297ece9ba40_0;
    %parti/s 8, 0, 2;
    %pad/u 10;
    %ix/vec4 3;
    %ix/load 4, 4, 0; part off
    %ix/load 5, 0, 0; Constant delay
    %assign/vec4/a/d v00000297ece9bf40, 4, 5;
T_85.11 ;
    %load/vec4 v00000297ece9a280_0;
    %parti/s 1, 5, 4;
    %nor/r;
    %flag_set/vec4 8;
    %jmp/0xz  T_85.13, 8;
    %load/vec4 v00000297ece9aa00_0;
    %parti/s 1, 5, 4;
    %load/vec4 v00000297ece9ba40_0;
    %parti/s 8, 0, 2;
    %pad/u 10;
    %ix/vec4 3;
    %ix/load 4, 5, 0; part off
    %ix/load 5, 0, 0; Constant delay
    %assign/vec4/a/d v00000297ece9bf40, 4, 5;
T_85.13 ;
    %load/vec4 v00000297ece9a280_0;
    %parti/s 1, 6, 4;
    %nor/r;
    %flag_set/vec4 8;
    %jmp/0xz  T_85.15, 8;
    %load/vec4 v00000297ece9aa00_0;
    %parti/s 1, 6, 4;
    %load/vec4 v00000297ece9ba40_0;
    %parti/s 8, 0, 2;
    %pad/u 10;
    %ix/vec4 3;
    %ix/load 4, 6, 0; part off
    %ix/load 5, 0, 0; Constant delay
    %assign/vec4/a/d v00000297ece9bf40, 4, 5;
T_85.15 ;
    %load/vec4 v00000297ece9a280_0;
    %parti/s 1, 7, 4;
    %nor/r;
    %flag_set/vec4 8;
    %jmp/0xz  T_85.17, 8;
    %load/vec4 v00000297ece9aa00_0;
    %parti/s 1, 7, 4;
    %load/vec4 v00000297ece9ba40_0;
    %parti/s 8, 0, 2;
    %pad/u 10;
    %ix/vec4 3;
    %ix/load 4, 7, 0; part off
    %ix/load 5, 0, 0; Constant delay
    %assign/vec4/a/d v00000297ece9bf40, 4, 5;
T_85.17 ;
    %load/vec4 v00000297ece9a280_0;
    %parti/s 1, 8, 5;
    %nor/r;
    %flag_set/vec4 8;
    %jmp/0xz  T_85.19, 8;
    %load/vec4 v00000297ece9aa00_0;
    %parti/s 1, 8, 5;
    %load/vec4 v00000297ece9ba40_0;
    %parti/s 8, 0, 2;
    %pad/u 10;
    %ix/vec4 3;
    %ix/load 4, 8, 0; part off
    %ix/load 5, 0, 0; Constant delay
    %assign/vec4/a/d v00000297ece9bf40, 4, 5;
T_85.19 ;
    %load/vec4 v00000297ece9a280_0;
    %parti/s 1, 9, 5;
    %nor/r;
    %flag_set/vec4 8;
    %jmp/0xz  T_85.21, 8;
    %load/vec4 v00000297ece9aa00_0;
    %parti/s 1, 9, 5;
    %load/vec4 v00000297ece9ba40_0;
    %parti/s 8, 0, 2;
    %pad/u 10;
    %ix/vec4 3;
    %ix/load 4, 9, 0; part off
    %ix/load 5, 0, 0; Constant delay
    %assign/vec4/a/d v00000297ece9bf40, 4, 5;
T_85.21 ;
    %load/vec4 v00000297ece9a280_0;
    %parti/s 1, 10, 5;
    %nor/r;
    %flag_set/vec4 8;
    %jmp/0xz  T_85.23, 8;
    %load/vec4 v00000297ece9aa00_0;
    %parti/s 1, 10, 5;
    %load/vec4 v00000297ece9ba40_0;
    %parti/s 8, 0, 2;
    %pad/u 10;
    %ix/vec4 3;
    %ix/load 4, 10, 0; part off
    %ix/load 5, 0, 0; Constant delay
    %assign/vec4/a/d v00000297ece9bf40, 4, 5;
T_85.23 ;
    %load/vec4 v00000297ece9a280_0;
    %parti/s 1, 11, 5;
    %nor/r;
    %flag_set/vec4 8;
    %jmp/0xz  T_85.25, 8;
    %load/vec4 v00000297ece9aa00_0;
    %parti/s 1, 11, 5;
    %load/vec4 v00000297ece9ba40_0;
    %parti/s 8, 0, 2;
    %pad/u 10;
    %ix/vec4 3;
    %ix/load 4, 11, 0; part off
    %ix/load 5, 0, 0; Constant delay
    %assign/vec4/a/d v00000297ece9bf40, 4, 5;
T_85.25 ;
    %load/vec4 v00000297ece9a280_0;
    %parti/s 1, 12, 5;
    %nor/r;
    %flag_set/vec4 8;
    %jmp/0xz  T_85.27, 8;
    %load/vec4 v00000297ece9aa00_0;
    %parti/s 1, 12, 5;
    %load/vec4 v00000297ece9ba40_0;
    %parti/s 8, 0, 2;
    %pad/u 10;
    %ix/vec4 3;
    %ix/load 4, 12, 0; part off
    %ix/load 5, 0, 0; Constant delay
    %assign/vec4/a/d v00000297ece9bf40, 4, 5;
T_85.27 ;
    %load/vec4 v00000297ece9a280_0;
    %parti/s 1, 13, 5;
    %nor/r;
    %flag_set/vec4 8;
    %jmp/0xz  T_85.29, 8;
    %load/vec4 v00000297ece9aa00_0;
    %parti/s 1, 13, 5;
    %load/vec4 v00000297ece9ba40_0;
    %parti/s 8, 0, 2;
    %pad/u 10;
    %ix/vec4 3;
    %ix/load 4, 13, 0; part off
    %ix/load 5, 0, 0; Constant delay
    %assign/vec4/a/d v00000297ece9bf40, 4, 5;
T_85.29 ;
    %load/vec4 v00000297ece9a280_0;
    %parti/s 1, 14, 5;
    %nor/r;
    %flag_set/vec4 8;
    %jmp/0xz  T_85.31, 8;
    %load/vec4 v00000297ece9aa00_0;
    %parti/s 1, 14, 5;
    %load/vec4 v00000297ece9ba40_0;
    %parti/s 8, 0, 2;
    %pad/u 10;
    %ix/vec4 3;
    %ix/load 4, 14, 0; part off
    %ix/load 5, 0, 0; Constant delay
    %assign/vec4/a/d v00000297ece9bf40, 4, 5;
T_85.31 ;
    %load/vec4 v00000297ece9a280_0;
    %parti/s 1, 15, 5;
    %nor/r;
    %flag_set/vec4 8;
    %jmp/0xz  T_85.33, 8;
    %load/vec4 v00000297ece9aa00_0;
    %parti/s 1, 15, 5;
    %load/vec4 v00000297ece9ba40_0;
    %parti/s 8, 0, 2;
    %pad/u 10;
    %ix/vec4 3;
    %ix/load 4, 15, 0; part off
    %ix/load 5, 0, 0; Constant delay
    %assign/vec4/a/d v00000297ece9bf40, 4, 5;
T_85.33 ;
T_85.0 ;
    %jmp T_85;
    .thread T_85;
    .scope S_00000297ece27090;
T_86 ;
    %wait E_00000297ece0e8a0;
    %load/vec4 v00000297ece9bc20_0;
    %flag_set/vec4 9;
    %flag_get/vec4 9;
    %jmp/0 T_86.2, 9;
    %load/vec4 v00000297ece99e20_0;
    %and;
T_86.2;
    %flag_set/vec4 8;
    %jmp/0xz  T_86.0, 8;
    %load/vec4 v00000297ece99ce0_0;
    %parti/s 8, 0, 2;
    %pad/u 10;
    %ix/vec4 4;
    %load/vec4a v00000297ece9bf40, 4;
    %load/vec4 v00000297ece9b720_0;
    %inv;
    %and;
    %assign/vec4 v00000297ece9bae0_0, 0;
T_86.0 ;
    %jmp T_86;
    .thread T_86;
    .scope S_00000297eceaa480;
T_87 ;
    %pushi/vec4 0, 0, 32;
    %store/vec4 v00000297ece9ab40_0, 0, 32;
T_87.0 ; Top of for-loop
    %load/vec4 v00000297ece9ab40_0;
    %cmpi/s 16, 0, 32;
	  %jmp/0xz T_87.1, 5;
    %pushi/vec4 0, 0, 256;
    %load/vec4 v00000297ece9ab40_0;
    %muli 16, 0, 32;
    %part/s 16;
    %pushi/vec4 0, 0, 32;
    %load/vec4 v00000297ece9ab40_0;
    %add;
    %ix/vec4/s 4;
    %store/vec4a v00000297ece9af00, 4, 0;
    %pushi/vec4 0, 0, 256;
    %load/vec4 v00000297ece9ab40_0;
    %muli 16, 0, 32;
    %part/s 16;
    %pushi/vec4 16, 0, 32;
    %load/vec4 v00000297ece9ab40_0;
    %add;
    %ix/vec4/s 4;
    %store/vec4a v00000297ece9af00, 4, 0;
    %pushi/vec4 0, 0, 256;
    %load/vec4 v00000297ece9ab40_0;
    %muli 16, 0, 32;
    %part/s 16;
    %pushi/vec4 32, 0, 32;
    %load/vec4 v00000297ece9ab40_0;
    %add;
    %ix/vec4/s 4;
    %store/vec4a v00000297ece9af00, 4, 0;
    %pushi/vec4 0, 0, 256;
    %load/vec4 v00000297ece9ab40_0;
    %muli 16, 0, 32;
    %part/s 16;
    %pushi/vec4 48, 0, 32;
    %load/vec4 v00000297ece9ab40_0;
    %add;
    %ix/vec4/s 4;
    %store/vec4a v00000297ece9af00, 4, 0;
    %pushi/vec4 0, 0, 256;
    %load/vec4 v00000297ece9ab40_0;
    %muli 16, 0, 32;
    %part/s 16;
    %pushi/vec4 64, 0, 32;
    %load/vec4 v00000297ece9ab40_0;
    %add;
    %ix/vec4/s 4;
    %store/vec4a v00000297ece9af00, 4, 0;
    %pushi/vec4 0, 0, 256;
    %load/vec4 v00000297ece9ab40_0;
    %muli 16, 0, 32;
    %part/s 16;
    %pushi/vec4 80, 0, 32;
    %load/vec4 v00000297ece9ab40_0;
    %add;
    %ix/vec4/s 4;
    %store/vec4a v00000297ece9af00, 4, 0;
    %pushi/vec4 0, 0, 256;
    %load/vec4 v00000297ece9ab40_0;
    %muli 16, 0, 32;
    %part/s 16;
    %pushi/vec4 96, 0, 32;
    %load/vec4 v00000297ece9ab40_0;
    %add;
    %ix/vec4/s 4;
    %store/vec4a v00000297ece9af00, 4, 0;
    %pushi/vec4 0, 0, 256;
    %load/vec4 v00000297ece9ab40_0;
    %muli 16, 0, 32;
    %part/s 16;
    %pushi/vec4 112, 0, 32;
    %load/vec4 v00000297ece9ab40_0;
    %add;
    %ix/vec4/s 4;
    %store/vec4a v00000297ece9af00, 4, 0;
    %pushi/vec4 0, 0, 256;
    %load/vec4 v00000297ece9ab40_0;
    %muli 16, 0, 32;
    %part/s 16;
    %pushi/vec4 128, 0, 32;
    %load/vec4 v00000297ece9ab40_0;
    %add;
    %ix/vec4/s 4;
    %store/vec4a v00000297ece9af00, 4, 0;
    %pushi/vec4 0, 0, 256;
    %load/vec4 v00000297ece9ab40_0;
    %muli 16, 0, 32;
    %part/s 16;
    %pushi/vec4 144, 0, 32;
    %load/vec4 v00000297ece9ab40_0;
    %add;
    %ix/vec4/s 4;
    %store/vec4a v00000297ece9af00, 4, 0;
    %pushi/vec4 0, 0, 256;
    %load/vec4 v00000297ece9ab40_0;
    %muli 16, 0, 32;
    %part/s 16;
    %pushi/vec4 160, 0, 32;
    %load/vec4 v00000297ece9ab40_0;
    %add;
    %ix/vec4/s 4;
    %store/vec4a v00000297ece9af00, 4, 0;
    %pushi/vec4 0, 0, 256;
    %load/vec4 v00000297ece9ab40_0;
    %muli 16, 0, 32;
    %part/s 16;
    %pushi/vec4 176, 0, 32;
    %load/vec4 v00000297ece9ab40_0;
    %add;
    %ix/vec4/s 4;
    %store/vec4a v00000297ece9af00, 4, 0;
    %pushi/vec4 0, 0, 256;
    %load/vec4 v00000297ece9ab40_0;
    %muli 16, 0, 32;
    %part/s 16;
    %pushi/vec4 192, 0, 32;
    %load/vec4 v00000297ece9ab40_0;
    %add;
    %ix/vec4/s 4;
    %store/vec4a v00000297ece9af00, 4, 0;
    %pushi/vec4 0, 0, 256;
    %load/vec4 v00000297ece9ab40_0;
    %muli 16, 0, 32;
    %part/s 16;
    %pushi/vec4 208, 0, 32;
    %load/vec4 v00000297ece9ab40_0;
    %add;
    %ix/vec4/s 4;
    %store/vec4a v00000297ece9af00, 4, 0;
    %pushi/vec4 0, 0, 256;
    %load/vec4 v00000297ece9ab40_0;
    %muli 16, 0, 32;
    %part/s 16;
    %pushi/vec4 224, 0, 32;
    %load/vec4 v00000297ece9ab40_0;
    %add;
    %ix/vec4/s 4;
    %store/vec4a v00000297ece9af00, 4, 0;
    %pushi/vec4 0, 0, 256;
    %load/vec4 v00000297ece9ab40_0;
    %muli 16, 0, 32;
    %part/s 16;
    %pushi/vec4 240, 0, 32;
    %load/vec4 v00000297ece9ab40_0;
    %add;
    %ix/vec4/s 4;
    %store/vec4a v00000297ece9af00, 4, 0;
T_87.2 ; for-loop step statement
    %load/vec4 v00000297ece9ab40_0;
    %addi 1, 0, 32;
    %store/vec4 v00000297ece9ab40_0, 0, 32;
    %jmp T_87.0;
T_87.1 ; for-loop exit label
    %end;
    .thread T_87;
    .scope S_00000297eceaa480;
T_88 ;
    %wait E_00000297ece0f660;
    %load/vec4 v00000297ece9a3c0_0;
    %flag_set/vec4 9;
    %flag_get/vec4 9;
    %jmp/0 T_88.2, 9;
    %load/vec4 v00000297ece9a460_0;
    %and;
T_88.2;
    %flag_set/vec4 8;
    %jmp/0xz  T_88.0, 8;
    %load/vec4 v00000297ece9a820_0;
    %parti/s 1, 0, 2;
    %nor/r;
    %flag_set/vec4 8;
    %jmp/0xz  T_88.3, 8;
    %load/vec4 v00000297ece9ae60_0;
    %parti/s 1, 0, 2;
    %load/vec4 v00000297ece99a60_0;
    %parti/s 8, 0, 2;
    %pad/u 10;
    %ix/vec4 3;
    %ix/load 4, 0, 0; Constant delay
    %assign/vec4/a/d v00000297ece9af00, 0, 4;
T_88.3 ;
    %load/vec4 v00000297ece9a820_0;
    %parti/s 1, 1, 2;
    %nor/r;
    %flag_set/vec4 8;
    %jmp/0xz  T_88.5, 8;
    %load/vec4 v00000297ece9ae60_0;
    %parti/s 1, 1, 2;
    %load/vec4 v00000297ece99a60_0;
    %parti/s 8, 0, 2;
    %pad/u 10;
    %ix/vec4 3;
    %ix/load 4, 1, 0; part off
    %ix/load 5, 0, 0; Constant delay
    %assign/vec4/a/d v00000297ece9af00, 4, 5;
T_88.5 ;
    %load/vec4 v00000297ece9a820_0;
    %parti/s 1, 2, 3;
    %nor/r;
    %flag_set/vec4 8;
    %jmp/0xz  T_88.7, 8;
    %load/vec4 v00000297ece9ae60_0;
    %parti/s 1, 2, 3;
    %load/vec4 v00000297ece99a60_0;
    %parti/s 8, 0, 2;
    %pad/u 10;
    %ix/vec4 3;
    %ix/load 4, 2, 0; part off
    %ix/load 5, 0, 0; Constant delay
    %assign/vec4/a/d v00000297ece9af00, 4, 5;
T_88.7 ;
    %load/vec4 v00000297ece9a820_0;
    %parti/s 1, 3, 3;
    %nor/r;
    %flag_set/vec4 8;
    %jmp/0xz  T_88.9, 8;
    %load/vec4 v00000297ece9ae60_0;
    %parti/s 1, 3, 3;
    %load/vec4 v00000297ece99a60_0;
    %parti/s 8, 0, 2;
    %pad/u 10;
    %ix/vec4 3;
    %ix/load 4, 3, 0; part off
    %ix/load 5, 0, 0; Constant delay
    %assign/vec4/a/d v00000297ece9af00, 4, 5;
T_88.9 ;
    %load/vec4 v00000297ece9a820_0;
    %parti/s 1, 4, 4;
    %nor/r;
    %flag_set/vec4 8;
    %jmp/0xz  T_88.11, 8;
    %load/vec4 v00000297ece9ae60_0;
    %parti/s 1, 4, 4;
    %load/vec4 v00000297ece99a60_0;
    %parti/s 8, 0, 2;
    %pad/u 10;
    %ix/vec4 3;
    %ix/load 4, 4, 0; part off
    %ix/load 5, 0, 0; Constant delay
    %assign/vec4/a/d v00000297ece9af00, 4, 5;
T_88.11 ;
    %load/vec4 v00000297ece9a820_0;
    %parti/s 1, 5, 4;
    %nor/r;
    %flag_set/vec4 8;
    %jmp/0xz  T_88.13, 8;
    %load/vec4 v00000297ece9ae60_0;
    %parti/s 1, 5, 4;
    %load/vec4 v00000297ece99a60_0;
    %parti/s 8, 0, 2;
    %pad/u 10;
    %ix/vec4 3;
    %ix/load 4, 5, 0; part off
    %ix/load 5, 0, 0; Constant delay
    %assign/vec4/a/d v00000297ece9af00, 4, 5;
T_88.13 ;
    %load/vec4 v00000297ece9a820_0;
    %parti/s 1, 6, 4;
    %nor/r;
    %flag_set/vec4 8;
    %jmp/0xz  T_88.15, 8;
    %load/vec4 v00000297ece9ae60_0;
    %parti/s 1, 6, 4;
    %load/vec4 v00000297ece99a60_0;
    %parti/s 8, 0, 2;
    %pad/u 10;
    %ix/vec4 3;
    %ix/load 4, 6, 0; part off
    %ix/load 5, 0, 0; Constant delay
    %assign/vec4/a/d v00000297ece9af00, 4, 5;
T_88.15 ;
    %load/vec4 v00000297ece9a820_0;
    %parti/s 1, 7, 4;
    %nor/r;
    %flag_set/vec4 8;
    %jmp/0xz  T_88.17, 8;
    %load/vec4 v00000297ece9ae60_0;
    %parti/s 1, 7, 4;
    %load/vec4 v00000297ece99a60_0;
    %parti/s 8, 0, 2;
    %pad/u 10;
    %ix/vec4 3;
    %ix/load 4, 7, 0; part off
    %ix/load 5, 0, 0; Constant delay
    %assign/vec4/a/d v00000297ece9af00, 4, 5;
T_88.17 ;
    %load/vec4 v00000297ece9a820_0;
    %parti/s 1, 8, 5;
    %nor/r;
    %flag_set/vec4 8;
    %jmp/0xz  T_88.19, 8;
    %load/vec4 v00000297ece9ae60_0;
    %parti/s 1, 8, 5;
    %load/vec4 v00000297ece99a60_0;
    %parti/s 8, 0, 2;
    %pad/u 10;
    %ix/vec4 3;
    %ix/load 4, 8, 0; part off
    %ix/load 5, 0, 0; Constant delay
    %assign/vec4/a/d v00000297ece9af00, 4, 5;
T_88.19 ;
    %load/vec4 v00000297ece9a820_0;
    %parti/s 1, 9, 5;
    %nor/r;
    %flag_set/vec4 8;
    %jmp/0xz  T_88.21, 8;
    %load/vec4 v00000297ece9ae60_0;
    %parti/s 1, 9, 5;
    %load/vec4 v00000297ece99a60_0;
    %parti/s 8, 0, 2;
    %pad/u 10;
    %ix/vec4 3;
    %ix/load 4, 9, 0; part off
    %ix/load 5, 0, 0; Constant delay
    %assign/vec4/a/d v00000297ece9af00, 4, 5;
T_88.21 ;
    %load/vec4 v00000297ece9a820_0;
    %parti/s 1, 10, 5;
    %nor/r;
    %flag_set/vec4 8;
    %jmp/0xz  T_88.23, 8;
    %load/vec4 v00000297ece9ae60_0;
    %parti/s 1, 10, 5;
    %load/vec4 v00000297ece99a60_0;
    %parti/s 8, 0, 2;
    %pad/u 10;
    %ix/vec4 3;
    %ix/load 4, 10, 0; part off
    %ix/load 5, 0, 0; Constant delay
    %assign/vec4/a/d v00000297ece9af00, 4, 5;
T_88.23 ;
    %load/vec4 v00000297ece9a820_0;
    %parti/s 1, 11, 5;
    %nor/r;
    %flag_set/vec4 8;
    %jmp/0xz  T_88.25, 8;
    %load/vec4 v00000297ece9ae60_0;
    %parti/s 1, 11, 5;
    %load/vec4 v00000297ece99a60_0;
    %parti/s 8, 0, 2;
    %pad/u 10;
    %ix/vec4 3;
    %ix/load 4, 11, 0; part off
    %ix/load 5, 0, 0; Constant delay
    %assign/vec4/a/d v00000297ece9af00, 4, 5;
T_88.25 ;
    %load/vec4 v00000297ece9a820_0;
    %parti/s 1, 12, 5;
    %nor/r;
    %flag_set/vec4 8;
    %jmp/0xz  T_88.27, 8;
    %load/vec4 v00000297ece9ae60_0;
    %parti/s 1, 12, 5;
    %load/vec4 v00000297ece99a60_0;
    %parti/s 8, 0, 2;
    %pad/u 10;
    %ix/vec4 3;
    %ix/load 4, 12, 0; part off
    %ix/load 5, 0, 0; Constant delay
    %assign/vec4/a/d v00000297ece9af00, 4, 5;
T_88.27 ;
    %load/vec4 v00000297ece9a820_0;
    %parti/s 1, 13, 5;
    %nor/r;
    %flag_set/vec4 8;
    %jmp/0xz  T_88.29, 8;
    %load/vec4 v00000297ece9ae60_0;
    %parti/s 1, 13, 5;
    %load/vec4 v00000297ece99a60_0;
    %parti/s 8, 0, 2;
    %pad/u 10;
    %ix/vec4 3;
    %ix/load 4, 13, 0; part off
    %ix/load 5, 0, 0; Constant delay
    %assign/vec4/a/d v00000297ece9af00, 4, 5;
T_88.29 ;
    %load/vec4 v00000297ece9a820_0;
    %parti/s 1, 14, 5;
    %nor/r;
    %flag_set/vec4 8;
    %jmp/0xz  T_88.31, 8;
    %load/vec4 v00000297ece9ae60_0;
    %parti/s 1, 14, 5;
    %load/vec4 v00000297ece99a60_0;
    %parti/s 8, 0, 2;
    %pad/u 10;
    %ix/vec4 3;
    %ix/load 4, 14, 0; part off
    %ix/load 5, 0, 0; Constant delay
    %assign/vec4/a/d v00000297ece9af00, 4, 5;
T_88.31 ;
    %load/vec4 v00000297ece9a820_0;
    %parti/s 1, 15, 5;
    %nor/r;
    %flag_set/vec4 8;
    %jmp/0xz  T_88.33, 8;
    %load/vec4 v00000297ece9ae60_0;
    %parti/s 1, 15, 5;
    %load/vec4 v00000297ece99a60_0;
    %parti/s 8, 0, 2;
    %pad/u 10;
    %ix/vec4 3;
    %ix/load 4, 15, 0; part off
    %ix/load 5, 0, 0; Constant delay
    %assign/vec4/a/d v00000297ece9af00, 4, 5;
T_88.33 ;
T_88.0 ;
    %jmp T_88;
    .thread T_88;
    .scope S_00000297eceaa480;
T_89 ;
    %wait E_00000297ece0f5e0;
    %load/vec4 v00000297ece9b900_0;
    %flag_set/vec4 9;
    %flag_get/vec4 9;
    %jmp/0 T_89.2, 9;
    %load/vec4 v00000297ece9b5e0_0;
    %and;
T_89.2;
    %flag_set/vec4 8;
    %jmp/0xz  T_89.0, 8;
    %load/vec4 v00000297ece99f60_0;
    %parti/s 8, 0, 2;
    %pad/u 10;
    %ix/vec4 4;
    %load/vec4a v00000297ece9af00, 4;
    %load/vec4 v00000297ece999c0_0;
    %inv;
    %and;
    %assign/vec4 v00000297ece9b0e0_0, 0;
T_89.0 ;
    %jmp T_89;
    .thread T_89;
    .scope S_00000297ecea9350;
T_90 ;
    %pushi/vec4 0, 0, 32;
    %store/vec4 v00000297eceae320_0, 0, 32;
T_90.0 ; Top of for-loop
    %load/vec4 v00000297eceae320_0;
    %cmpi/s 16, 0, 32;
	  %jmp/0xz T_90.1, 5;
    %pushi/vec4 0, 0, 256;
    %load/vec4 v00000297eceae320_0;
    %muli 16, 0, 32;
    %part/s 16;
    %pushi/vec4 0, 0, 32;
    %load/vec4 v00000297eceae320_0;
    %add;
    %ix/vec4/s 4;
    %store/vec4a v00000297eceaeb40, 4, 0;
    %pushi/vec4 0, 0, 256;
    %load/vec4 v00000297eceae320_0;
    %muli 16, 0, 32;
    %part/s 16;
    %pushi/vec4 16, 0, 32;
    %load/vec4 v00000297eceae320_0;
    %add;
    %ix/vec4/s 4;
    %store/vec4a v00000297eceaeb40, 4, 0;
    %pushi/vec4 0, 0, 256;
    %load/vec4 v00000297eceae320_0;
    %muli 16, 0, 32;
    %part/s 16;
    %pushi/vec4 32, 0, 32;
    %load/vec4 v00000297eceae320_0;
    %add;
    %ix/vec4/s 4;
    %store/vec4a v00000297eceaeb40, 4, 0;
    %pushi/vec4 0, 0, 256;
    %load/vec4 v00000297eceae320_0;
    %muli 16, 0, 32;
    %part/s 16;
    %pushi/vec4 48, 0, 32;
    %load/vec4 v00000297eceae320_0;
    %add;
    %ix/vec4/s 4;
    %store/vec4a v00000297eceaeb40, 4, 0;
    %pushi/vec4 0, 0, 256;
    %load/vec4 v00000297eceae320_0;
    %muli 16, 0, 32;
    %part/s 16;
    %pushi/vec4 64, 0, 32;
    %load/vec4 v00000297eceae320_0;
    %add;
    %ix/vec4/s 4;
    %store/vec4a v00000297eceaeb40, 4, 0;
    %pushi/vec4 0, 0, 256;
    %load/vec4 v00000297eceae320_0;
    %muli 16, 0, 32;
    %part/s 16;
    %pushi/vec4 80, 0, 32;
    %load/vec4 v00000297eceae320_0;
    %add;
    %ix/vec4/s 4;
    %store/vec4a v00000297eceaeb40, 4, 0;
    %pushi/vec4 0, 0, 256;
    %load/vec4 v00000297eceae320_0;
    %muli 16, 0, 32;
    %part/s 16;
    %pushi/vec4 96, 0, 32;
    %load/vec4 v00000297eceae320_0;
    %add;
    %ix/vec4/s 4;
    %store/vec4a v00000297eceaeb40, 4, 0;
    %pushi/vec4 0, 0, 256;
    %load/vec4 v00000297eceae320_0;
    %muli 16, 0, 32;
    %part/s 16;
    %pushi/vec4 112, 0, 32;
    %load/vec4 v00000297eceae320_0;
    %add;
    %ix/vec4/s 4;
    %store/vec4a v00000297eceaeb40, 4, 0;
    %pushi/vec4 0, 0, 256;
    %load/vec4 v00000297eceae320_0;
    %muli 16, 0, 32;
    %part/s 16;
    %pushi/vec4 128, 0, 32;
    %load/vec4 v00000297eceae320_0;
    %add;
    %ix/vec4/s 4;
    %store/vec4a v00000297eceaeb40, 4, 0;
    %pushi/vec4 0, 0, 256;
    %load/vec4 v00000297eceae320_0;
    %muli 16, 0, 32;
    %part/s 16;
    %pushi/vec4 144, 0, 32;
    %load/vec4 v00000297eceae320_0;
    %add;
    %ix/vec4/s 4;
    %store/vec4a v00000297eceaeb40, 4, 0;
    %pushi/vec4 0, 0, 256;
    %load/vec4 v00000297eceae320_0;
    %muli 16, 0, 32;
    %part/s 16;
    %pushi/vec4 160, 0, 32;
    %load/vec4 v00000297eceae320_0;
    %add;
    %ix/vec4/s 4;
    %store/vec4a v00000297eceaeb40, 4, 0;
    %pushi/vec4 0, 0, 256;
    %load/vec4 v00000297eceae320_0;
    %muli 16, 0, 32;
    %part/s 16;
    %pushi/vec4 176, 0, 32;
    %load/vec4 v00000297eceae320_0;
    %add;
    %ix/vec4/s 4;
    %store/vec4a v00000297eceaeb40, 4, 0;
    %pushi/vec4 0, 0, 256;
    %load/vec4 v00000297eceae320_0;
    %muli 16, 0, 32;
    %part/s 16;
    %pushi/vec4 192, 0, 32;
    %load/vec4 v00000297eceae320_0;
    %add;
    %ix/vec4/s 4;
    %store/vec4a v00000297eceaeb40, 4, 0;
    %pushi/vec4 0, 0, 256;
    %load/vec4 v00000297eceae320_0;
    %muli 16, 0, 32;
    %part/s 16;
    %pushi/vec4 208, 0, 32;
    %load/vec4 v00000297eceae320_0;
    %add;
    %ix/vec4/s 4;
    %store/vec4a v00000297eceaeb40, 4, 0;
    %pushi/vec4 0, 0, 256;
    %load/vec4 v00000297eceae320_0;
    %muli 16, 0, 32;
    %part/s 16;
    %pushi/vec4 224, 0, 32;
    %load/vec4 v00000297eceae320_0;
    %add;
    %ix/vec4/s 4;
    %store/vec4a v00000297eceaeb40, 4, 0;
    %pushi/vec4 0, 0, 256;
    %load/vec4 v00000297eceae320_0;
    %muli 16, 0, 32;
    %part/s 16;
    %pushi/vec4 240, 0, 32;
    %load/vec4 v00000297eceae320_0;
    %add;
    %ix/vec4/s 4;
    %store/vec4a v00000297eceaeb40, 4, 0;
T_90.2 ; for-loop step statement
    %load/vec4 v00000297eceae320_0;
    %addi 1, 0, 32;
    %store/vec4 v00000297eceae320_0, 0, 32;
    %jmp T_90.0;
T_90.1 ; for-loop exit label
    %end;
    .thread T_90;
    .scope S_00000297ecea9350;
T_91 ;
    %wait E_00000297ece0f620;
    %load/vec4 v00000297eceacf20_0;
    %flag_set/vec4 9;
    %flag_get/vec4 9;
    %jmp/0 T_91.2, 9;
    %load/vec4 v00000297eceacde0_0;
    %and;
T_91.2;
    %flag_set/vec4 8;
    %jmp/0xz  T_91.0, 8;
    %load/vec4 v00000297ecead9c0_0;
    %parti/s 1, 0, 2;
    %nor/r;
    %flag_set/vec4 8;
    %jmp/0xz  T_91.3, 8;
    %load/vec4 v00000297ecead060_0;
    %parti/s 1, 0, 2;
    %load/vec4 v00000297eceacd40_0;
    %parti/s 8, 0, 2;
    %pad/u 10;
    %ix/vec4 3;
    %ix/load 4, 0, 0; Constant delay
    %assign/vec4/a/d v00000297eceaeb40, 0, 4;
T_91.3 ;
    %load/vec4 v00000297ecead9c0_0;
    %parti/s 1, 1, 2;
    %nor/r;
    %flag_set/vec4 8;
    %jmp/0xz  T_91.5, 8;
    %load/vec4 v00000297ecead060_0;
    %parti/s 1, 1, 2;
    %load/vec4 v00000297eceacd40_0;
    %parti/s 8, 0, 2;
    %pad/u 10;
    %ix/vec4 3;
    %ix/load 4, 1, 0; part off
    %ix/load 5, 0, 0; Constant delay
    %assign/vec4/a/d v00000297eceaeb40, 4, 5;
T_91.5 ;
    %load/vec4 v00000297ecead9c0_0;
    %parti/s 1, 2, 3;
    %nor/r;
    %flag_set/vec4 8;
    %jmp/0xz  T_91.7, 8;
    %load/vec4 v00000297ecead060_0;
    %parti/s 1, 2, 3;
    %load/vec4 v00000297eceacd40_0;
    %parti/s 8, 0, 2;
    %pad/u 10;
    %ix/vec4 3;
    %ix/load 4, 2, 0; part off
    %ix/load 5, 0, 0; Constant delay
    %assign/vec4/a/d v00000297eceaeb40, 4, 5;
T_91.7 ;
    %load/vec4 v00000297ecead9c0_0;
    %parti/s 1, 3, 3;
    %nor/r;
    %flag_set/vec4 8;
    %jmp/0xz  T_91.9, 8;
    %load/vec4 v00000297ecead060_0;
    %parti/s 1, 3, 3;
    %load/vec4 v00000297eceacd40_0;
    %parti/s 8, 0, 2;
    %pad/u 10;
    %ix/vec4 3;
    %ix/load 4, 3, 0; part off
    %ix/load 5, 0, 0; Constant delay
    %assign/vec4/a/d v00000297eceaeb40, 4, 5;
T_91.9 ;
    %load/vec4 v00000297ecead9c0_0;
    %parti/s 1, 4, 4;
    %nor/r;
    %flag_set/vec4 8;
    %jmp/0xz  T_91.11, 8;
    %load/vec4 v00000297ecead060_0;
    %parti/s 1, 4, 4;
    %load/vec4 v00000297eceacd40_0;
    %parti/s 8, 0, 2;
    %pad/u 10;
    %ix/vec4 3;
    %ix/load 4, 4, 0; part off
    %ix/load 5, 0, 0; Constant delay
    %assign/vec4/a/d v00000297eceaeb40, 4, 5;
T_91.11 ;
    %load/vec4 v00000297ecead9c0_0;
    %parti/s 1, 5, 4;
    %nor/r;
    %flag_set/vec4 8;
    %jmp/0xz  T_91.13, 8;
    %load/vec4 v00000297ecead060_0;
    %parti/s 1, 5, 4;
    %load/vec4 v00000297eceacd40_0;
    %parti/s 8, 0, 2;
    %pad/u 10;
    %ix/vec4 3;
    %ix/load 4, 5, 0; part off
    %ix/load 5, 0, 0; Constant delay
    %assign/vec4/a/d v00000297eceaeb40, 4, 5;
T_91.13 ;
    %load/vec4 v00000297ecead9c0_0;
    %parti/s 1, 6, 4;
    %nor/r;
    %flag_set/vec4 8;
    %jmp/0xz  T_91.15, 8;
    %load/vec4 v00000297ecead060_0;
    %parti/s 1, 6, 4;
    %load/vec4 v00000297eceacd40_0;
    %parti/s 8, 0, 2;
    %pad/u 10;
    %ix/vec4 3;
    %ix/load 4, 6, 0; part off
    %ix/load 5, 0, 0; Constant delay
    %assign/vec4/a/d v00000297eceaeb40, 4, 5;
T_91.15 ;
    %load/vec4 v00000297ecead9c0_0;
    %parti/s 1, 7, 4;
    %nor/r;
    %flag_set/vec4 8;
    %jmp/0xz  T_91.17, 8;
    %load/vec4 v00000297ecead060_0;
    %parti/s 1, 7, 4;
    %load/vec4 v00000297eceacd40_0;
    %parti/s 8, 0, 2;
    %pad/u 10;
    %ix/vec4 3;
    %ix/load 4, 7, 0; part off
    %ix/load 5, 0, 0; Constant delay
    %assign/vec4/a/d v00000297eceaeb40, 4, 5;
T_91.17 ;
    %load/vec4 v00000297ecead9c0_0;
    %parti/s 1, 8, 5;
    %nor/r;
    %flag_set/vec4 8;
    %jmp/0xz  T_91.19, 8;
    %load/vec4 v00000297ecead060_0;
    %parti/s 1, 8, 5;
    %load/vec4 v00000297eceacd40_0;
    %parti/s 8, 0, 2;
    %pad/u 10;
    %ix/vec4 3;
    %ix/load 4, 8, 0; part off
    %ix/load 5, 0, 0; Constant delay
    %assign/vec4/a/d v00000297eceaeb40, 4, 5;
T_91.19 ;
    %load/vec4 v00000297ecead9c0_0;
    %parti/s 1, 9, 5;
    %nor/r;
    %flag_set/vec4 8;
    %jmp/0xz  T_91.21, 8;
    %load/vec4 v00000297ecead060_0;
    %parti/s 1, 9, 5;
    %load/vec4 v00000297eceacd40_0;
    %parti/s 8, 0, 2;
    %pad/u 10;
    %ix/vec4 3;
    %ix/load 4, 9, 0; part off
    %ix/load 5, 0, 0; Constant delay
    %assign/vec4/a/d v00000297eceaeb40, 4, 5;
T_91.21 ;
    %load/vec4 v00000297ecead9c0_0;
    %parti/s 1, 10, 5;
    %nor/r;
    %flag_set/vec4 8;
    %jmp/0xz  T_91.23, 8;
    %load/vec4 v00000297ecead060_0;
    %parti/s 1, 10, 5;
    %load/vec4 v00000297eceacd40_0;
    %parti/s 8, 0, 2;
    %pad/u 10;
    %ix/vec4 3;
    %ix/load 4, 10, 0; part off
    %ix/load 5, 0, 0; Constant delay
    %assign/vec4/a/d v00000297eceaeb40, 4, 5;
T_91.23 ;
    %load/vec4 v00000297ecead9c0_0;
    %parti/s 1, 11, 5;
    %nor/r;
    %flag_set/vec4 8;
    %jmp/0xz  T_91.25, 8;
    %load/vec4 v00000297ecead060_0;
    %parti/s 1, 11, 5;
    %load/vec4 v00000297eceacd40_0;
    %parti/s 8, 0, 2;
    %pad/u 10;
    %ix/vec4 3;
    %ix/load 4, 11, 0; part off
    %ix/load 5, 0, 0; Constant delay
    %assign/vec4/a/d v00000297eceaeb40, 4, 5;
T_91.25 ;
    %load/vec4 v00000297ecead9c0_0;
    %parti/s 1, 12, 5;
    %nor/r;
    %flag_set/vec4 8;
    %jmp/0xz  T_91.27, 8;
    %load/vec4 v00000297ecead060_0;
    %parti/s 1, 12, 5;
    %load/vec4 v00000297eceacd40_0;
    %parti/s 8, 0, 2;
    %pad/u 10;
    %ix/vec4 3;
    %ix/load 4, 12, 0; part off
    %ix/load 5, 0, 0; Constant delay
    %assign/vec4/a/d v00000297eceaeb40, 4, 5;
T_91.27 ;
    %load/vec4 v00000297ecead9c0_0;
    %parti/s 1, 13, 5;
    %nor/r;
    %flag_set/vec4 8;
    %jmp/0xz  T_91.29, 8;
    %load/vec4 v00000297ecead060_0;
    %parti/s 1, 13, 5;
    %load/vec4 v00000297eceacd40_0;
    %parti/s 8, 0, 2;
    %pad/u 10;
    %ix/vec4 3;
    %ix/load 4, 13, 0; part off
    %ix/load 5, 0, 0; Constant delay
    %assign/vec4/a/d v00000297eceaeb40, 4, 5;
T_91.29 ;
    %load/vec4 v00000297ecead9c0_0;
    %parti/s 1, 14, 5;
    %nor/r;
    %flag_set/vec4 8;
    %jmp/0xz  T_91.31, 8;
    %load/vec4 v00000297ecead060_0;
    %parti/s 1, 14, 5;
    %load/vec4 v00000297eceacd40_0;
    %parti/s 8, 0, 2;
    %pad/u 10;
    %ix/vec4 3;
    %ix/load 4, 14, 0; part off
    %ix/load 5, 0, 0; Constant delay
    %assign/vec4/a/d v00000297eceaeb40, 4, 5;
T_91.31 ;
    %load/vec4 v00000297ecead9c0_0;
    %parti/s 1, 15, 5;
    %nor/r;
    %flag_set/vec4 8;
    %jmp/0xz  T_91.33, 8;
    %load/vec4 v00000297ecead060_0;
    %parti/s 1, 15, 5;
    %load/vec4 v00000297eceacd40_0;
    %parti/s 8, 0, 2;
    %pad/u 10;
    %ix/vec4 3;
    %ix/load 4, 15, 0; part off
    %ix/load 5, 0, 0; Constant delay
    %assign/vec4/a/d v00000297eceaeb40, 4, 5;
T_91.33 ;
T_91.0 ;
    %jmp T_91;
    .thread T_91;
    .scope S_00000297ecea9350;
T_92 ;
    %wait E_00000297ece10320;
    %load/vec4 v00000297ecead920_0;
    %flag_set/vec4 9;
    %flag_get/vec4 9;
    %jmp/0 T_92.2, 9;
    %load/vec4 v00000297ece9c800_0;
    %and;
T_92.2;
    %flag_set/vec4 8;
    %jmp/0xz  T_92.0, 8;
    %load/vec4 v00000297ece9c3a0_0;
    %parti/s 8, 0, 2;
    %pad/u 10;
    %ix/vec4 4;
    %load/vec4a v00000297eceaeb40, 4;
    %load/vec4 v00000297eceace80_0;
    %inv;
    %and;
    %assign/vec4 v00000297ece9c300_0, 0;
T_92.0 ;
    %jmp T_92;
    .thread T_92;
    .scope S_00000297ece25ab0;
T_93 ;
    %wait E_00000297ece0f6a0;
    %pushi/vec4 0, 0, 32;
    %store/vec4 v00000297eceb0620_0, 0, 32;
T_93.0 ; Top of for-loop
    %load/vec4 v00000297eceb0620_0;
    %cmpi/s 16383, 0, 32;
    %flag_or 5, 4;
	  %jmp/0xz T_93.1, 5;
    %pushi/vec4 65535, 65535, 16;
    %ix/getv/s 4, v00000297eceb0620_0;
    %store/vec4a v00000297eceafd60, 4, 0;
T_93.2 ; for-loop step statement
    %load/vec4 v00000297eceb0620_0;
    %addi 1, 0, 32;
    %store/vec4 v00000297eceb0620_0, 0, 32;
    %jmp T_93.0;
T_93.1 ; for-loop exit label
    %jmp T_93;
    .thread T_93;
    .scope S_00000297ece25ab0;
T_94 ;
    %wait E_00000297ece0fae0;
    %load/vec4 v00000297eceb06c0_0;
    %flag_set/vec4 8;
    %jmp/0xz  T_94.0, 8;
    %pushi/vec4 0, 0, 16;
    %assign/vec4 v00000297eceb1480_0, 0;
    %jmp T_94.1;
T_94.0 ;
    %load/vec4 v00000297eceafcc0_0;
    %flag_set/vec4 8;
    %jmp/0xz  T_94.2, 8;
    %pushi/vec4 65535, 65535, 16;
    %assign/vec4 v00000297eceb1480_0, 0;
    %jmp T_94.3;
T_94.2 ;
    %load/vec4 v00000297eceb0e40_0;
    %flag_set/vec4 8;
    %jmp/0xz  T_94.4, 8;
    %load/vec4 v00000297eceb15c0_0;
    %nor/r;
    %flag_set/vec4 8;
    %jmp/0xz  T_94.6, 8;
    %load/vec4 v00000297eceb12a0_0;
    %pad/u 16;
    %ix/vec4 4;
    %load/vec4a v00000297eceafd60, 4;
    %assign/vec4 v00000297eceb1480_0, 0;
    %jmp T_94.7;
T_94.6 ;
    %load/vec4 v00000297eceaf7c0_0;
    %parti/s 1, 0, 2;
    %flag_set/vec4 8;
    %jmp/0xz  T_94.8, 8;
    %load/vec4 v00000297eceb0940_0;
    %parti/s 4, 0, 2;
    %load/vec4 v00000297eceb12a0_0;
    %pad/u 16;
    %ix/vec4 3;
    %ix/load 4, 0, 0; Constant delay
    %assign/vec4/a/d v00000297eceafd60, 0, 4;
T_94.8 ;
    %load/vec4 v00000297eceaf7c0_0;
    %parti/s 1, 1, 2;
    %flag_set/vec4 8;
    %jmp/0xz  T_94.10, 8;
    %load/vec4 v00000297eceb0940_0;
    %parti/s 4, 4, 4;
    %load/vec4 v00000297eceb12a0_0;
    %pad/u 16;
    %ix/vec4 3;
    %ix/load 4, 4, 0; part off
    %ix/load 5, 0, 0; Constant delay
    %assign/vec4/a/d v00000297eceafd60, 4, 5;
T_94.10 ;
    %load/vec4 v00000297eceaf7c0_0;
    %parti/s 1, 2, 3;
    %flag_set/vec4 8;
    %jmp/0xz  T_94.12, 8;
    %load/vec4 v00000297eceb0940_0;
    %parti/s 4, 8, 5;
    %load/vec4 v00000297eceb12a0_0;
    %pad/u 16;
    %ix/vec4 3;
    %ix/load 4, 8, 0; part off
    %ix/load 5, 0, 0; Constant delay
    %assign/vec4/a/d v00000297eceafd60, 4, 5;
T_94.12 ;
    %load/vec4 v00000297eceaf7c0_0;
    %parti/s 1, 3, 3;
    %flag_set/vec4 8;
    %jmp/0xz  T_94.14, 8;
    %load/vec4 v00000297eceb0940_0;
    %parti/s 4, 12, 5;
    %load/vec4 v00000297eceb12a0_0;
    %pad/u 16;
    %ix/vec4 3;
    %ix/load 4, 12, 0; part off
    %ix/load 5, 0, 0; Constant delay
    %assign/vec4/a/d v00000297eceafd60, 4, 5;
T_94.14 ;
    %pushi/vec4 65535, 65535, 16;
    %assign/vec4 v00000297eceb1480_0, 0;
T_94.7 ;
T_94.4 ;
T_94.3 ;
T_94.1 ;
    %jmp T_94;
    .thread T_94;
    .scope S_00000297ecea9990;
T_95 ;
    %wait E_00000297ece0fd20;
    %pushi/vec4 0, 0, 8;
    %store/vec4 v00000297eceaf5e0_0, 0, 8;
    %pushi/vec4 0, 0, 32;
    %store/vec4 v00000297eceaf4a0_0, 0, 32;
T_95.0 ; Top of for-loop
    %load/vec4 v00000297eceaf4a0_0;
    %cmpi/s 8, 0, 32;
	  %jmp/0xz T_95.1, 5;
    %load/vec4 v00000297eceb01c0_0;
    %load/vec4 v00000297eceaf4a0_0;
    %part/s 1;
    %pushi/vec4 7, 0, 32;
    %load/vec4 v00000297eceaf4a0_0;
    %sub;
    %ix/vec4/s 4;
    %store/vec4 v00000297eceaf5e0_0, 4, 1;
T_95.2 ; for-loop step statement
    %load/vec4 v00000297eceaf4a0_0;
    %addi 1, 0, 32;
    %store/vec4 v00000297eceaf4a0_0, 0, 32;
    %jmp T_95.0;
T_95.1 ; for-loop exit label
    %jmp T_95;
    .thread T_95, $push;
    .scope S_00000297ece265a0;
T_96 ;
    %vpi_call/w 4 7 "$dumpvars", 32'sb00000000000000000000000000000000, S_00000297ece265a0 {0 0 0};
    %pushi/vec4 163, 0, 8;
    %store/vec4 v00000297eceaf900_0, 0, 8;
    %delay 10000, 0;
    %pushi/vec4 240, 0, 8;
    %store/vec4 v00000297eceaf900_0, 0, 8;
    %delay 10000, 0;
    %vpi_call/w 4 10 "$finish" {0 0 0};
    %end;
    .thread T_96;
    .scope S_00000297eceaa7a0;
T_97 ;
    %wait E_00000297ece0fde0;
    %pushi/vec4 0, 0, 8;
    %store/vec4 v00000297eceb0d00_0, 0, 8;
    %pushi/vec4 0, 0, 32;
    %store/vec4 v00000297eceafe00_0, 0, 32;
T_97.0 ; Top of for-loop
    %load/vec4 v00000297eceafe00_0;
    %cmpi/s 8, 0, 32;
	  %jmp/0xz T_97.1, 5;
    %load/vec4 v00000297eceb0440_0;
    %load/vec4 v00000297eceafe00_0;
    %part/s 1;
    %pushi/vec4 7, 0, 32;
    %load/vec4 v00000297eceafe00_0;
    %sub;
    %ix/vec4/s 4;
    %store/vec4 v00000297eceb0d00_0, 4, 1;
T_97.2 ; for-loop step statement
    %load/vec4 v00000297eceafe00_0;
    %addi 1, 0, 32;
    %store/vec4 v00000297eceafe00_0, 0, 32;
    %jmp T_97.0;
T_97.1 ; for-loop exit label
    %jmp T_97;
    .thread T_97, $push;
# The file index is used to find the file name in the following table.
:file_names 7;
    "N/A";
    "<interactive>";
    "-";
    "C:\Users\beade\.apio\packages\oss-cad-suite\share\yosys\ice40\cells_sim.v";
    "ex4_tb.v";
    "ex4_for_loop.v";
    "ex4_top.v";
