#! 
:ivl_version "14.0 (devel)" "(s20251012-140-gf5a178d47-dirty)";
:ivl_delay_selection "TYPICAL";
:vpi_time_precision - 12;
:vpi_module "C:\Users\beade\APIO~1\packages\OSS-CA~1\lib\ivl\system.vpi";
:vpi_module "C:\Users\beade\APIO~1\packages\OSS-CA~1\lib\ivl\vhdl_sys.vpi";
:vpi_module "C:\Users\beade\APIO~1\packages\OSS-CA~1\lib\ivl\vhdl_textio.vpi";
:vpi_module "C:\Users\beade\APIO~1\packages\OSS-CA~1\lib\ivl\v2005_math.vpi";
:vpi_module "C:\Users\beade\APIO~1\packages\OSS-CA~1\lib\ivl\va_math.vpi";
:vpi_module "C:\Users\beade\APIO~1\packages\OSS-CA~1\lib\ivl\v2009.vpi";
S_00000229c2e01e30 .scope package, "$unit" "$unit" 2 1;
 .timescale 0 0;
S_00000229c2ddee20 .scope module, "ICESTORM_LC" "ICESTORM_LC" 3 2136;
 .timescale -12 -12;
    .port_info 0 /INPUT 1 "I0";
    .port_info 1 /INPUT 1 "I1";
    .port_info 2 /INPUT 1 "I2";
    .port_info 3 /INPUT 1 "I3";
    .port_info 4 /INPUT 1 "CIN";
    .port_info 5 /INPUT 1 "CLK";
    .port_info 6 /INPUT 1 "CEN";
    .port_info 7 /INPUT 1 "SR";
    .port_info 8 /OUTPUT 1 "LO";
    .port_info 9 /OUTPUT 1 "O";
    .port_info 10 /OUTPUT 1 "COUT";
P_00000229c2ddeb00 .param/l "ASYNC_SR" 0 3 2148, C4<0>;
P_00000229c2ddeb38 .param/l "CARRY_ENABLE" 0 3 2145, C4<0>;
P_00000229c2ddeb70 .param/l "CIN_CONST" 0 3 2150, C4<0>;
P_00000229c2ddeba8 .param/l "CIN_SET" 0 3 2151, C4<0>;
P_00000229c2ddebe0 .param/l "DFF_ENABLE" 0 3 2146, C4<0>;
P_00000229c2ddec18 .param/l "LUT_INIT" 0 3 2142, C4<0000000000000000>;
P_00000229c2ddec50 .param/l "NEG_CLK" 0 3 2144, C4<0>;
P_00000229c2ddec88 .param/l "SET_NORESET" 0 3 2147, C4<0>;
o00000229c2fe00e8 .functor BUFZ 1, c4<z>; HiZ drive
L_00000229c2fc26f0 .functor BUFZ 1, o00000229c2fe00e8, C4<0>, C4<0>, C4<0>;
L_00000229c2fc2290 .functor BUFZ 1, L_00000229c30586b0, C4<0>, C4<0>, C4<0>;
o00000229c2fe0118 .functor BUFZ 1, c4<z>; HiZ drive
L_00000229c305b240 .functor BUFT 1, C4<0>, C4<0>, C4<0>, C4<0>;
L_00000229c2fc1a40 .functor XOR 1, o00000229c2fe0118, L_00000229c305b240, C4<0>, C4<0>;
L_00000229c2fc2990 .functor BUFZ 1, L_00000229c30586b0, C4<0>, C4<0>, C4<0>;
o00000229c2fe0088 .functor BUFZ 1, c4<z>; HiZ drive
v00000229c2f8f980_0 .net "CEN", 0 0, o00000229c2fe0088;  0 drivers
v00000229c2f8fac0_0 .net "CEN_pu", 0 0, L_00000229c3056bd0;  1 drivers
v00000229c2f8fa20_0 .net "CIN", 0 0, o00000229c2fe00e8;  0 drivers
v00000229c2f744a0_0 .net "CLK", 0 0, o00000229c2fe0118;  0 drivers
L_00000229c305b168 .functor BUFT 1, C4<x>, C4<0>, C4<0>, C4<0>;
v00000229c2f75440_0 .net "COUT", 0 0, L_00000229c305b168;  1 drivers
o00000229c2fe0178 .functor BUFZ 1, c4<z>; HiZ drive
v00000229c2f74680_0 .net "I0", 0 0, o00000229c2fe0178;  0 drivers
v00000229c2f747c0_0 .net "I0_pd", 0 0, L_00000229c3056950;  1 drivers
o00000229c2fe01d8 .functor BUFZ 1, c4<z>; HiZ drive
v00000229c2f758a0_0 .net "I1", 0 0, o00000229c2fe01d8;  0 drivers
v00000229c2f756c0_0 .net "I1_pd", 0 0, L_00000229c3057df0;  1 drivers
o00000229c2fe0238 .functor BUFZ 1, c4<z>; HiZ drive
v00000229c2f75760_0 .net "I2", 0 0, o00000229c2fe0238;  0 drivers
v00000229c2f759e0_0 .net "I2_pd", 0 0, L_00000229c3057e90;  1 drivers
o00000229c2fe0298 .functor BUFZ 1, c4<z>; HiZ drive
v00000229c2f3ffb0_0 .net "I3", 0 0, o00000229c2fe0298;  0 drivers
v00000229c2f411d0_0 .net "I3_pd", 0 0, L_00000229c3056a90;  1 drivers
v00000229c2f404b0_0 .net "LO", 0 0, L_00000229c2fc2290;  1 drivers
v00000229c2f40910_0 .net "O", 0 0, L_00000229c2fc2990;  1 drivers
o00000229c2fe0358 .functor BUFZ 1, c4<z>; HiZ drive
v00000229c2f40ff0_0 .net "SR", 0 0, o00000229c2fe0358;  0 drivers
v00000229c2f40550_0 .net "SR_pd", 0 0, L_00000229c3058390;  1 drivers
o00000229c2fe03b8 .functor BUFZ 1, c4<z>; HiZ drive
; Elide local net with no drivers, v00000229c2f1cf00_0 name=_ivl_0
v00000229c3028390_0 .net *"_ivl_10", 0 0, L_00000229c3057670;  1 drivers
L_00000229c305b000 .functor BUFT 1, C4<0>, C4<0>, C4<0>, C4<0>;
v00000229c3028f70_0 .net/2u *"_ivl_12", 0 0, L_00000229c305b000;  1 drivers
o00000229c2fe0448 .functor BUFZ 1, c4<z>; HiZ drive
; Elide local net with no drivers, v00000229c3028250_0 name=_ivl_16
v00000229c3028430_0 .net *"_ivl_18", 0 0, L_00000229c3057f30;  1 drivers
v00000229c30289d0_0 .net *"_ivl_2", 0 0, L_00000229c3056450;  1 drivers
L_00000229c305b048 .functor BUFT 1, C4<0>, C4<0>, C4<0>, C4<0>;
v00000229c3028750_0 .net/2u *"_ivl_20", 0 0, L_00000229c305b048;  1 drivers
o00000229c2fe0508 .functor BUFZ 1, c4<z>; HiZ drive
; Elide local net with no drivers, v00000229c3029dd0_0 name=_ivl_24
v00000229c3029790_0 .net *"_ivl_26", 0 0, L_00000229c3056130;  1 drivers
L_00000229c305b090 .functor BUFT 1, C4<0>, C4<0>, C4<0>, C4<0>;
v00000229c3029b50_0 .net/2u *"_ivl_28", 0 0, L_00000229c305b090;  1 drivers
o00000229c2fe0598 .functor BUFZ 1, c4<z>; HiZ drive
; Elide local net with no drivers, v00000229c3029470_0 name=_ivl_32
v00000229c3028570_0 .net *"_ivl_34", 0 0, L_00000229c3057030;  1 drivers
L_00000229c305b0d8 .functor BUFT 1, C4<0>, C4<0>, C4<0>, C4<0>;
v00000229c3028930_0 .net/2u *"_ivl_36", 0 0, L_00000229c305b0d8;  1 drivers
L_00000229c305afb8 .functor BUFT 1, C4<0>, C4<0>, C4<0>, C4<0>;
v00000229c3029830_0 .net/2u *"_ivl_4", 0 0, L_00000229c305afb8;  1 drivers
o00000229c2fe0658 .functor BUFZ 1, c4<z>; HiZ drive
; Elide local net with no drivers, v00000229c3028b10_0 name=_ivl_40
v00000229c3029f10_0 .net *"_ivl_42", 0 0, L_00000229c3057710;  1 drivers
L_00000229c305b120 .functor BUFT 1, C4<1>, C4<0>, C4<0>, C4<0>;
v00000229c3029fb0_0 .net/2u *"_ivl_44", 0 0, L_00000229c305b120;  1 drivers
L_00000229c305b1b0 .functor BUFT 1, C4<00000000>, C4<0>, C4<0>, C4<0>;
v00000229c3029010_0 .net/2u *"_ivl_52", 7 0, L_00000229c305b1b0;  1 drivers
L_00000229c305b1f8 .functor BUFT 1, C4<00000000>, C4<0>, C4<0>, C4<0>;
v00000229c30290b0_0 .net/2u *"_ivl_54", 7 0, L_00000229c305b1f8;  1 drivers
v00000229c30282f0_0 .net *"_ivl_59", 3 0, L_00000229c3058110;  1 drivers
v00000229c3028bb0_0 .net *"_ivl_61", 3 0, L_00000229c3056ef0;  1 drivers
v00000229c30284d0_0 .net *"_ivl_65", 1 0, L_00000229c3056db0;  1 drivers
v00000229c3029d30_0 .net *"_ivl_67", 1 0, L_00000229c3058570;  1 drivers
v00000229c30287f0_0 .net *"_ivl_71", 0 0, L_00000229c30569f0;  1 drivers
v00000229c3028c50_0 .net *"_ivl_73", 0 0, L_00000229c3058610;  1 drivers
v00000229c3028cf0_0 .net/2u *"_ivl_78", 0 0, L_00000229c305b240;  1 drivers
o00000229c2fe0898 .functor BUFZ 1, c4<z>; HiZ drive
; Elide local net with no drivers, v00000229c3029330_0 name=_ivl_8
v00000229c30293d0_0 .net "lut_o", 0 0, L_00000229c30586b0;  1 drivers
v00000229c3029e70_0 .net "lut_s1", 1 0, L_00000229c3058430;  1 drivers
v00000229c3029150_0 .net "lut_s2", 3 0, L_00000229c3056310;  1 drivers
v00000229c30295b0_0 .net "lut_s3", 7 0, L_00000229c30581b0;  1 drivers
v00000229c3028a70_0 .net "mux_cin", 0 0, L_00000229c2fc26f0;  1 drivers
v00000229c3028d90_0 .var "o_reg", 0 0;
v00000229c3029a10_0 .var "o_reg_async", 0 0;
v00000229c3029bf0_0 .net "polarized_clk", 0 0, L_00000229c2fc1a40;  1 drivers
E_00000229c2fb8280 .event posedge, v00000229c2f40550_0, v00000229c3029bf0_0;
E_00000229c2fb7500 .event posedge, v00000229c3029bf0_0;
L_00000229c3056450 .cmp/eeq 1, o00000229c2fe0178, o00000229c2fe03b8;
L_00000229c3056950 .functor MUXZ 1, o00000229c2fe0178, L_00000229c305afb8, L_00000229c3056450, C4<>;
L_00000229c3057670 .cmp/eeq 1, o00000229c2fe01d8, o00000229c2fe0898;
L_00000229c3057df0 .functor MUXZ 1, o00000229c2fe01d8, L_00000229c305b000, L_00000229c3057670, C4<>;
L_00000229c3057f30 .cmp/eeq 1, o00000229c2fe0238, o00000229c2fe0448;
L_00000229c3057e90 .functor MUXZ 1, o00000229c2fe0238, L_00000229c305b048, L_00000229c3057f30, C4<>;
L_00000229c3056130 .cmp/eeq 1, o00000229c2fe0298, o00000229c2fe0508;
L_00000229c3056a90 .functor MUXZ 1, o00000229c2fe0298, L_00000229c305b090, L_00000229c3056130, C4<>;
L_00000229c3057030 .cmp/eeq 1, o00000229c2fe0358, o00000229c2fe0598;
L_00000229c3058390 .functor MUXZ 1, o00000229c2fe0358, L_00000229c305b0d8, L_00000229c3057030, C4<>;
L_00000229c3057710 .cmp/eeq 1, o00000229c2fe0088, o00000229c2fe0658;
L_00000229c3056bd0 .functor MUXZ 1, o00000229c2fe0088, L_00000229c305b120, L_00000229c3057710, C4<>;
L_00000229c30581b0 .functor MUXZ 8, L_00000229c305b1f8, L_00000229c305b1b0, L_00000229c3056a90, C4<>;
L_00000229c3058110 .part L_00000229c30581b0, 4, 4;
L_00000229c3056ef0 .part L_00000229c30581b0, 0, 4;
L_00000229c3056310 .functor MUXZ 4, L_00000229c3056ef0, L_00000229c3058110, L_00000229c3057e90, C4<>;
L_00000229c3056db0 .part L_00000229c3056310, 2, 2;
L_00000229c3058570 .part L_00000229c3056310, 0, 2;
L_00000229c3058430 .functor MUXZ 2, L_00000229c3058570, L_00000229c3056db0, L_00000229c3057df0, C4<>;
L_00000229c30569f0 .part L_00000229c3058430, 1, 1;
L_00000229c3058610 .part L_00000229c3058430, 0, 1;
L_00000229c30586b0 .functor MUXZ 1, L_00000229c3058610, L_00000229c30569f0, L_00000229c3056950, C4<>;
S_00000229c2e76480 .scope module, "ICESTORM_RAM" "ICESTORM_RAM" 3 3167;
 .timescale -12 -12;
    .port_info 0 /OUTPUT 1 "RDATA_15";
    .port_info 1 /OUTPUT 1 "RDATA_14";
    .port_info 2 /OUTPUT 1 "RDATA_13";
    .port_info 3 /OUTPUT 1 "RDATA_12";
    .port_info 4 /OUTPUT 1 "RDATA_11";
    .port_info 5 /OUTPUT 1 "RDATA_10";
    .port_info 6 /OUTPUT 1 "RDATA_9";
    .port_info 7 /OUTPUT 1 "RDATA_8";
    .port_info 8 /OUTPUT 1 "RDATA_7";
    .port_info 9 /OUTPUT 1 "RDATA_6";
    .port_info 10 /OUTPUT 1 "RDATA_5";
    .port_info 11 /OUTPUT 1 "RDATA_4";
    .port_info 12 /OUTPUT 1 "RDATA_3";
    .port_info 13 /OUTPUT 1 "RDATA_2";
    .port_info 14 /OUTPUT 1 "RDATA_1";
    .port_info 15 /OUTPUT 1 "RDATA_0";
    .port_info 16 /INPUT 1 "RCLK";
    .port_info 17 /INPUT 1 "RCLKE";
    .port_info 18 /INPUT 1 "RE";
    .port_info 19 /INPUT 1 "RADDR_10";
    .port_info 20 /INPUT 1 "RADDR_9";
    .port_info 21 /INPUT 1 "RADDR_8";
    .port_info 22 /INPUT 1 "RADDR_7";
    .port_info 23 /INPUT 1 "RADDR_6";
    .port_info 24 /INPUT 1 "RADDR_5";
    .port_info 25 /INPUT 1 "RADDR_4";
    .port_info 26 /INPUT 1 "RADDR_3";
    .port_info 27 /INPUT 1 "RADDR_2";
    .port_info 28 /INPUT 1 "RADDR_1";
    .port_info 29 /INPUT 1 "RADDR_0";
    .port_info 30 /INPUT 1 "WCLK";
    .port_info 31 /INPUT 1 "WCLKE";
    .port_info 32 /INPUT 1 "WE";
    .port_info 33 /INPUT 1 "WADDR_10";
    .port_info 34 /INPUT 1 "WADDR_9";
    .port_info 35 /INPUT 1 "WADDR_8";
    .port_info 36 /INPUT 1 "WADDR_7";
    .port_info 37 /INPUT 1 "WADDR_6";
    .port_info 38 /INPUT 1 "WADDR_5";
    .port_info 39 /INPUT 1 "WADDR_4";
    .port_info 40 /INPUT 1 "WADDR_3";
    .port_info 41 /INPUT 1 "WADDR_2";
    .port_info 42 /INPUT 1 "WADDR_1";
    .port_info 43 /INPUT 1 "WADDR_0";
    .port_info 44 /INPUT 1 "MASK_15";
    .port_info 45 /INPUT 1 "MASK_14";
    .port_info 46 /INPUT 1 "MASK_13";
    .port_info 47 /INPUT 1 "MASK_12";
    .port_info 48 /INPUT 1 "MASK_11";
    .port_info 49 /INPUT 1 "MASK_10";
    .port_info 50 /INPUT 1 "MASK_9";
    .port_info 51 /INPUT 1 "MASK_8";
    .port_info 52 /INPUT 1 "MASK_7";
    .port_info 53 /INPUT 1 "MASK_6";
    .port_info 54 /INPUT 1 "MASK_5";
    .port_info 55 /INPUT 1 "MASK_4";
    .port_info 56 /INPUT 1 "MASK_3";
    .port_info 57 /INPUT 1 "MASK_2";
    .port_info 58 /INPUT 1 "MASK_1";
    .port_info 59 /INPUT 1 "MASK_0";
    .port_info 60 /INPUT 1 "WDATA_15";
    .port_info 61 /INPUT 1 "WDATA_14";
    .port_info 62 /INPUT 1 "WDATA_13";
    .port_info 63 /INPUT 1 "WDATA_12";
    .port_info 64 /INPUT 1 "WDATA_11";
    .port_info 65 /INPUT 1 "WDATA_10";
    .port_info 66 /INPUT 1 "WDATA_9";
    .port_info 67 /INPUT 1 "WDATA_8";
    .port_info 68 /INPUT 1 "WDATA_7";
    .port_info 69 /INPUT 1 "WDATA_6";
    .port_info 70 /INPUT 1 "WDATA_5";
    .port_info 71 /INPUT 1 "WDATA_4";
    .port_info 72 /INPUT 1 "WDATA_3";
    .port_info 73 /INPUT 1 "WDATA_2";
    .port_info 74 /INPUT 1 "WDATA_1";
    .port_info 75 /INPUT 1 "WDATA_0";
P_00000229c2d3bdb0 .param/l "INIT_0" 0 3 3182, C4<0000000000000000000000000000000000000000000000000000000000000000000000000000000000000000000000000000000000000000000000000000000000000000000000000000000000000000000000000000000000000000000000000000000000000000000000000000000000000000000000000000000000000000>;
P_00000229c2d3bde8 .param/l "INIT_1" 0 3 3183, C4<0000000000000000000000000000000000000000000000000000000000000000000000000000000000000000000000000000000000000000000000000000000000000000000000000000000000000000000000000000000000000000000000000000000000000000000000000000000000000000000000000000000000000000>;
P_00000229c2d3be20 .param/l "INIT_2" 0 3 3184, C4<0000000000000000000000000000000000000000000000000000000000000000000000000000000000000000000000000000000000000000000000000000000000000000000000000000000000000000000000000000000000000000000000000000000000000000000000000000000000000000000000000000000000000000>;
P_00000229c2d3be58 .param/l "INIT_3" 0 3 3185, C4<0000000000000000000000000000000000000000000000000000000000000000000000000000000000000000000000000000000000000000000000000000000000000000000000000000000000000000000000000000000000000000000000000000000000000000000000000000000000000000000000000000000000000000>;
P_00000229c2d3be90 .param/l "INIT_4" 0 3 3186, C4<0000000000000000000000000000000000000000000000000000000000000000000000000000000000000000000000000000000000000000000000000000000000000000000000000000000000000000000000000000000000000000000000000000000000000000000000000000000000000000000000000000000000000000>;
P_00000229c2d3bec8 .param/l "INIT_5" 0 3 3187, C4<0000000000000000000000000000000000000000000000000000000000000000000000000000000000000000000000000000000000000000000000000000000000000000000000000000000000000000000000000000000000000000000000000000000000000000000000000000000000000000000000000000000000000000>;
P_00000229c2d3bf00 .param/l "INIT_6" 0 3 3188, C4<0000000000000000000000000000000000000000000000000000000000000000000000000000000000000000000000000000000000000000000000000000000000000000000000000000000000000000000000000000000000000000000000000000000000000000000000000000000000000000000000000000000000000000>;
P_00000229c2d3bf38 .param/l "INIT_7" 0 3 3189, C4<0000000000000000000000000000000000000000000000000000000000000000000000000000000000000000000000000000000000000000000000000000000000000000000000000000000000000000000000000000000000000000000000000000000000000000000000000000000000000000000000000000000000000000>;
P_00000229c2d3bf70 .param/l "INIT_8" 0 3 3190, C4<0000000000000000000000000000000000000000000000000000000000000000000000000000000000000000000000000000000000000000000000000000000000000000000000000000000000000000000000000000000000000000000000000000000000000000000000000000000000000000000000000000000000000000>;
P_00000229c2d3bfa8 .param/l "INIT_9" 0 3 3191, C4<0000000000000000000000000000000000000000000000000000000000000000000000000000000000000000000000000000000000000000000000000000000000000000000000000000000000000000000000000000000000000000000000000000000000000000000000000000000000000000000000000000000000000000>;
P_00000229c2d3bfe0 .param/l "INIT_A" 0 3 3192, C4<0000000000000000000000000000000000000000000000000000000000000000000000000000000000000000000000000000000000000000000000000000000000000000000000000000000000000000000000000000000000000000000000000000000000000000000000000000000000000000000000000000000000000000>;
P_00000229c2d3c018 .param/l "INIT_B" 0 3 3193, C4<0000000000000000000000000000000000000000000000000000000000000000000000000000000000000000000000000000000000000000000000000000000000000000000000000000000000000000000000000000000000000000000000000000000000000000000000000000000000000000000000000000000000000000>;
P_00000229c2d3c050 .param/l "INIT_C" 0 3 3194, C4<0000000000000000000000000000000000000000000000000000000000000000000000000000000000000000000000000000000000000000000000000000000000000000000000000000000000000000000000000000000000000000000000000000000000000000000000000000000000000000000000000000000000000000>;
P_00000229c2d3c088 .param/l "INIT_D" 0 3 3195, C4<0000000000000000000000000000000000000000000000000000000000000000000000000000000000000000000000000000000000000000000000000000000000000000000000000000000000000000000000000000000000000000000000000000000000000000000000000000000000000000000000000000000000000000>;
P_00000229c2d3c0c0 .param/l "INIT_E" 0 3 3196, C4<0000000000000000000000000000000000000000000000000000000000000000000000000000000000000000000000000000000000000000000000000000000000000000000000000000000000000000000000000000000000000000000000000000000000000000000000000000000000000000000000000000000000000000>;
P_00000229c2d3c0f8 .param/l "INIT_F" 0 3 3197, C4<0000000000000000000000000000000000000000000000000000000000000000000000000000000000000000000000000000000000000000000000000000000000000000000000000000000000000000000000000000000000000000000000000000000000000000000000000000000000000000000000000000000000000000>;
P_00000229c2d3c130 .param/l "NEG_CLK_R" 0 3 3179, C4<0>;
P_00000229c2d3c168 .param/l "NEG_CLK_W" 0 3 3180, C4<0>;
P_00000229c2d3c1a0 .param/l "READ_MODE" 0 3 3177, +C4<00000000000000000000000000000000>;
P_00000229c2d3c1d8 .param/l "WRITE_MODE" 0 3 3176, +C4<00000000000000000000000000000000>;
L_00000229c305b2d0 .functor BUFT 1, C4<0>, C4<0>, C4<0>, C4<0>;
L_00000229c2fc2450 .functor XOR 1, L_00000229c3056c70, L_00000229c305b2d0, C4<0>, C4<0>;
L_00000229c305b318 .functor BUFT 1, C4<0>, C4<0>, C4<0>, C4<0>;
L_00000229c2fc18f0 .functor XOR 1, L_00000229c3058d90, L_00000229c305b318, C4<0>, C4<0>;
o00000229c2fe1228 .functor BUFZ 1, c4<z>; HiZ drive
v00000229c302b5c0_0 .net "MASK_0", 0 0, o00000229c2fe1228;  0 drivers
o00000229c2fe1258 .functor BUFZ 1, c4<z>; HiZ drive
v00000229c302b660_0 .net "MASK_1", 0 0, o00000229c2fe1258;  0 drivers
o00000229c2fe1288 .functor BUFZ 1, c4<z>; HiZ drive
v00000229c302a940_0 .net "MASK_10", 0 0, o00000229c2fe1288;  0 drivers
o00000229c2fe12b8 .functor BUFZ 1, c4<z>; HiZ drive
v00000229c302b700_0 .net "MASK_11", 0 0, o00000229c2fe12b8;  0 drivers
o00000229c2fe12e8 .functor BUFZ 1, c4<z>; HiZ drive
v00000229c302b2a0_0 .net "MASK_12", 0 0, o00000229c2fe12e8;  0 drivers
o00000229c2fe1318 .functor BUFZ 1, c4<z>; HiZ drive
v00000229c302bde0_0 .net "MASK_13", 0 0, o00000229c2fe1318;  0 drivers
o00000229c2fe1348 .functor BUFZ 1, c4<z>; HiZ drive
v00000229c302a4e0_0 .net "MASK_14", 0 0, o00000229c2fe1348;  0 drivers
o00000229c2fe1378 .functor BUFZ 1, c4<z>; HiZ drive
v00000229c302a800_0 .net "MASK_15", 0 0, o00000229c2fe1378;  0 drivers
o00000229c2fe13a8 .functor BUFZ 1, c4<z>; HiZ drive
v00000229c302a580_0 .net "MASK_2", 0 0, o00000229c2fe13a8;  0 drivers
o00000229c2fe13d8 .functor BUFZ 1, c4<z>; HiZ drive
v00000229c302b7a0_0 .net "MASK_3", 0 0, o00000229c2fe13d8;  0 drivers
o00000229c2fe1408 .functor BUFZ 1, c4<z>; HiZ drive
v00000229c302b340_0 .net "MASK_4", 0 0, o00000229c2fe1408;  0 drivers
o00000229c2fe1438 .functor BUFZ 1, c4<z>; HiZ drive
v00000229c302b0c0_0 .net "MASK_5", 0 0, o00000229c2fe1438;  0 drivers
o00000229c2fe1468 .functor BUFZ 1, c4<z>; HiZ drive
v00000229c302a9e0_0 .net "MASK_6", 0 0, o00000229c2fe1468;  0 drivers
o00000229c2fe1498 .functor BUFZ 1, c4<z>; HiZ drive
v00000229c302aee0_0 .net "MASK_7", 0 0, o00000229c2fe1498;  0 drivers
o00000229c2fe14c8 .functor BUFZ 1, c4<z>; HiZ drive
v00000229c302aa80_0 .net "MASK_8", 0 0, o00000229c2fe14c8;  0 drivers
o00000229c2fe14f8 .functor BUFZ 1, c4<z>; HiZ drive
v00000229c302ab20_0 .net "MASK_9", 0 0, o00000229c2fe14f8;  0 drivers
o00000229c2fe1528 .functor BUFZ 1, c4<z>; HiZ drive
v00000229c302a1c0_0 .net "RADDR_0", 0 0, o00000229c2fe1528;  0 drivers
o00000229c2fe1558 .functor BUFZ 1, c4<z>; HiZ drive
v00000229c302b840_0 .net "RADDR_1", 0 0, o00000229c2fe1558;  0 drivers
o00000229c2fe1588 .functor BUFZ 1, c4<z>; HiZ drive
v00000229c302abc0_0 .net "RADDR_10", 0 0, o00000229c2fe1588;  0 drivers
o00000229c2fe15b8 .functor BUFZ 1, c4<z>; HiZ drive
v00000229c302bf20_0 .net "RADDR_2", 0 0, o00000229c2fe15b8;  0 drivers
o00000229c2fe15e8 .functor BUFZ 1, c4<z>; HiZ drive
v00000229c302b020_0 .net "RADDR_3", 0 0, o00000229c2fe15e8;  0 drivers
o00000229c2fe1618 .functor BUFZ 1, c4<z>; HiZ drive
v00000229c302b8e0_0 .net "RADDR_4", 0 0, o00000229c2fe1618;  0 drivers
o00000229c2fe1648 .functor BUFZ 1, c4<z>; HiZ drive
v00000229c302b480_0 .net "RADDR_5", 0 0, o00000229c2fe1648;  0 drivers
o00000229c2fe1678 .functor BUFZ 1, c4<z>; HiZ drive
v00000229c302a260_0 .net "RADDR_6", 0 0, o00000229c2fe1678;  0 drivers
o00000229c2fe16a8 .functor BUFZ 1, c4<z>; HiZ drive
v00000229c302bca0_0 .net "RADDR_7", 0 0, o00000229c2fe16a8;  0 drivers
o00000229c2fe16d8 .functor BUFZ 1, c4<z>; HiZ drive
v00000229c302b980_0 .net "RADDR_8", 0 0, o00000229c2fe16d8;  0 drivers
o00000229c2fe1708 .functor BUFZ 1, c4<z>; HiZ drive
v00000229c302ba20_0 .net "RADDR_9", 0 0, o00000229c2fe1708;  0 drivers
o00000229c2fe1738 .functor BUFZ 1, c4<z>; HiZ drive
v00000229c302bac0_0 .net "RCLK", 0 0, o00000229c2fe1738;  0 drivers
o00000229c2fe1768 .functor BUFZ 1, c4<z>; HiZ drive
v00000229c302bd40_0 .net "RCLKE", 0 0, o00000229c2fe1768;  0 drivers
v00000229c302a300_0 .net "RDATA_0", 0 0, L_00000229c3058750;  1 drivers
v00000229c302bb60_0 .net "RDATA_1", 0 0, L_00000229c3055ff0;  1 drivers
v00000229c302be80_0 .net "RDATA_10", 0 0, L_00000229c3057a30;  1 drivers
v00000229c302a620_0 .net "RDATA_11", 0 0, L_00000229c30570d0;  1 drivers
v00000229c302bc00_0 .net "RDATA_12", 0 0, L_00000229c3056f90;  1 drivers
v00000229c302ac60_0 .net "RDATA_13", 0 0, L_00000229c3057990;  1 drivers
v00000229c302bfc0_0 .net "RDATA_14", 0 0, L_00000229c3056e50;  1 drivers
v00000229c302a120_0 .net "RDATA_15", 0 0, L_00000229c3057fd0;  1 drivers
v00000229c302a6c0_0 .net "RDATA_2", 0 0, L_00000229c3056270;  1 drivers
v00000229c302a8a0_0 .net "RDATA_3", 0 0, L_00000229c3057c10;  1 drivers
v00000229c302ae40_0 .net "RDATA_4", 0 0, L_00000229c3057b70;  1 drivers
v00000229c302b160_0 .net "RDATA_5", 0 0, L_00000229c3058250;  1 drivers
v00000229c302b200_0 .net "RDATA_6", 0 0, L_00000229c3057170;  1 drivers
v00000229c302ad00_0 .net "RDATA_7", 0 0, L_00000229c3056590;  1 drivers
v00000229c302ada0_0 .net "RDATA_8", 0 0, L_00000229c30561d0;  1 drivers
v00000229c302af80_0 .net "RDATA_9", 0 0, L_00000229c3057ad0;  1 drivers
o00000229c2fe1a98 .functor BUFZ 1, c4<z>; HiZ drive
v00000229c2fdc0e0_0 .net "RE", 0 0, o00000229c2fe1a98;  0 drivers
o00000229c2fe1ac8 .functor BUFZ 1, c4<z>; HiZ drive
v00000229c2fdcc20_0 .net "WADDR_0", 0 0, o00000229c2fe1ac8;  0 drivers
o00000229c2fe1af8 .functor BUFZ 1, c4<z>; HiZ drive
v00000229c2fdc360_0 .net "WADDR_1", 0 0, o00000229c2fe1af8;  0 drivers
o00000229c2fe1b28 .functor BUFZ 1, c4<z>; HiZ drive
v00000229c2fdbd20_0 .net "WADDR_10", 0 0, o00000229c2fe1b28;  0 drivers
o00000229c2fe1b58 .functor BUFZ 1, c4<z>; HiZ drive
v00000229c2fdbbe0_0 .net "WADDR_2", 0 0, o00000229c2fe1b58;  0 drivers
o00000229c2fe1b88 .functor BUFZ 1, c4<z>; HiZ drive
v00000229c2fdbe60_0 .net "WADDR_3", 0 0, o00000229c2fe1b88;  0 drivers
o00000229c2fe1bb8 .functor BUFZ 1, c4<z>; HiZ drive
v00000229c2fdbc80_0 .net "WADDR_4", 0 0, o00000229c2fe1bb8;  0 drivers
o00000229c2fe1be8 .functor BUFZ 1, c4<z>; HiZ drive
v00000229c2fdc9a0_0 .net "WADDR_5", 0 0, o00000229c2fe1be8;  0 drivers
o00000229c2fe1c18 .functor BUFZ 1, c4<z>; HiZ drive
v00000229c2fdc040_0 .net "WADDR_6", 0 0, o00000229c2fe1c18;  0 drivers
o00000229c2fe1c48 .functor BUFZ 1, c4<z>; HiZ drive
v00000229c2fdcf40_0 .net "WADDR_7", 0 0, o00000229c2fe1c48;  0 drivers
o00000229c2fe1c78 .functor BUFZ 1, c4<z>; HiZ drive
v00000229c2fdc400_0 .net "WADDR_8", 0 0, o00000229c2fe1c78;  0 drivers
o00000229c2fe1ca8 .functor BUFZ 1, c4<z>; HiZ drive
v00000229c2fdbf00_0 .net "WADDR_9", 0 0, o00000229c2fe1ca8;  0 drivers
o00000229c2fe1cd8 .functor BUFZ 1, c4<z>; HiZ drive
v00000229c2fdc4a0_0 .net "WCLK", 0 0, o00000229c2fe1cd8;  0 drivers
o00000229c2fe1d08 .functor BUFZ 1, c4<z>; HiZ drive
v00000229c2fdc540_0 .net "WCLKE", 0 0, o00000229c2fe1d08;  0 drivers
o00000229c2fe1d38 .functor BUFZ 1, c4<z>; HiZ drive
v00000229c2fdcae0_0 .net "WDATA_0", 0 0, o00000229c2fe1d38;  0 drivers
o00000229c2fe1d68 .functor BUFZ 1, c4<z>; HiZ drive
v00000229c2fdba00_0 .net "WDATA_1", 0 0, o00000229c2fe1d68;  0 drivers
o00000229c2fe1d98 .functor BUFZ 1, c4<z>; HiZ drive
v00000229c2fdc720_0 .net "WDATA_10", 0 0, o00000229c2fe1d98;  0 drivers
o00000229c2fe1dc8 .functor BUFZ 1, c4<z>; HiZ drive
v00000229c2fdca40_0 .net "WDATA_11", 0 0, o00000229c2fe1dc8;  0 drivers
o00000229c2fe1df8 .functor BUFZ 1, c4<z>; HiZ drive
v00000229c2fdbaa0_0 .net "WDATA_12", 0 0, o00000229c2fe1df8;  0 drivers
o00000229c2fe1e28 .functor BUFZ 1, c4<z>; HiZ drive
v00000229c2fdc180_0 .net "WDATA_13", 0 0, o00000229c2fe1e28;  0 drivers
o00000229c2fe1e58 .functor BUFZ 1, c4<z>; HiZ drive
v00000229c2fdc7c0_0 .net "WDATA_14", 0 0, o00000229c2fe1e58;  0 drivers
o00000229c2fe1e88 .functor BUFZ 1, c4<z>; HiZ drive
v00000229c2fdb8c0_0 .net "WDATA_15", 0 0, o00000229c2fe1e88;  0 drivers
o00000229c2fe1eb8 .functor BUFZ 1, c4<z>; HiZ drive
v00000229c2fdc220_0 .net "WDATA_2", 0 0, o00000229c2fe1eb8;  0 drivers
o00000229c2fe1ee8 .functor BUFZ 1, c4<z>; HiZ drive
v00000229c2fdcea0_0 .net "WDATA_3", 0 0, o00000229c2fe1ee8;  0 drivers
o00000229c2fe1f18 .functor BUFZ 1, c4<z>; HiZ drive
v00000229c2fdbdc0_0 .net "WDATA_4", 0 0, o00000229c2fe1f18;  0 drivers
o00000229c2fe1f48 .functor BUFZ 1, c4<z>; HiZ drive
v00000229c2fdc680_0 .net "WDATA_5", 0 0, o00000229c2fe1f48;  0 drivers
o00000229c2fe1f78 .functor BUFZ 1, c4<z>; HiZ drive
v00000229c2fdbfa0_0 .net "WDATA_6", 0 0, o00000229c2fe1f78;  0 drivers
o00000229c2fe1fa8 .functor BUFZ 1, c4<z>; HiZ drive
v00000229c2fdce00_0 .net "WDATA_7", 0 0, o00000229c2fe1fa8;  0 drivers
o00000229c2fe1fd8 .functor BUFZ 1, c4<z>; HiZ drive
v00000229c2fdbb40_0 .net "WDATA_8", 0 0, o00000229c2fe1fd8;  0 drivers
o00000229c2fe2008 .functor BUFZ 1, c4<z>; HiZ drive
v00000229c2fdc5e0_0 .net "WDATA_9", 0 0, o00000229c2fe2008;  0 drivers
o00000229c2fe2038 .functor BUFZ 1, c4<z>; HiZ drive
v00000229c2fdc2c0_0 .net "WE", 0 0, o00000229c2fe2038;  0 drivers
v00000229c2fdc860_0 .net *"_ivl_100", 0 0, L_00000229c30bd730;  1 drivers
v00000229c2fdcb80_0 .net *"_ivl_102", 0 0, L_00000229c30bd690;  1 drivers
v00000229c2fdccc0_0 .net *"_ivl_104", 0 0, L_00000229c30bdd70;  1 drivers
v00000229c2fdc900_0 .net *"_ivl_106", 0 0, L_00000229c30be3b0;  1 drivers
v00000229c2fdcd60_0 .net *"_ivl_108", 0 0, L_00000229c30be450;  1 drivers
v00000229c2fdb960_0 .net *"_ivl_110", 0 0, L_00000229c30bf030;  1 drivers
v00000229c2fd9840_0 .net *"_ivl_112", 0 0, L_00000229c30bf0d0;  1 drivers
v00000229c2fdae20_0 .net *"_ivl_114", 0 0, L_00000229c30bd370;  1 drivers
v00000229c2fd9340_0 .net *"_ivl_116", 0 0, L_00000229c30bf670;  1 drivers
v00000229c2fda880_0 .net *"_ivl_120", 0 0, L_00000229c30be630;  1 drivers
v00000229c2fda600_0 .net *"_ivl_122", 0 0, L_00000229c30bedb0;  1 drivers
v00000229c2fd9de0_0 .net *"_ivl_124", 0 0, L_00000229c30be9f0;  1 drivers
v00000229c2fd92a0_0 .net *"_ivl_126", 0 0, L_00000229c30bf2b0;  1 drivers
v00000229c2fd9200_0 .net *"_ivl_128", 0 0, L_00000229c30bd050;  1 drivers
v00000229c2fda6a0_0 .net *"_ivl_130", 0 0, L_00000229c30bf5d0;  1 drivers
v00000229c2fd93e0_0 .net *"_ivl_132", 0 0, L_00000229c30be770;  1 drivers
v00000229c2fda2e0_0 .net *"_ivl_134", 0 0, L_00000229c30bde10;  1 drivers
v00000229c2fd9480_0 .net *"_ivl_136", 0 0, L_00000229c30bd410;  1 drivers
v00000229c2fda100_0 .net *"_ivl_138", 0 0, L_00000229c30bf170;  1 drivers
v00000229c2fd9520_0 .net *"_ivl_140", 0 0, L_00000229c30beb30;  1 drivers
v00000229c2fd95c0_0 .net *"_ivl_142", 0 0, L_00000229c30bf350;  1 drivers
v00000229c2fd9d40_0 .net *"_ivl_144", 0 0, L_00000229c30bf490;  1 drivers
v00000229c2fda740_0 .net *"_ivl_146", 0 0, L_00000229c30bd4b0;  1 drivers
v00000229c2fd9fc0_0 .net *"_ivl_148", 0 0, L_00000229c30bd7d0;  1 drivers
v00000229c2fda240_0 .net *"_ivl_150", 0 0, L_00000229c30bdf50;  1 drivers
v00000229c2fda7e0_0 .net *"_ivl_18", 0 0, L_00000229c3056c70;  1 drivers
v00000229c2fd9660_0 .net/2u *"_ivl_19", 0 0, L_00000229c305b2d0;  1 drivers
v00000229c2fdab00_0 .net *"_ivl_28", 0 0, L_00000229c30572b0;  1 drivers
v00000229c2fdb460_0 .net *"_ivl_30", 0 0, L_00000229c3056b30;  1 drivers
v00000229c2fda420_0 .net *"_ivl_32", 0 0, L_00000229c3056630;  1 drivers
v00000229c2fdb280_0 .net *"_ivl_34", 0 0, L_00000229c3057350;  1 drivers
v00000229c2fd9700_0 .net *"_ivl_36", 0 0, L_00000229c3056770;  1 drivers
v00000229c2fd9160_0 .net *"_ivl_38", 0 0, L_00000229c3056810;  1 drivers
v00000229c2fdb000_0 .net *"_ivl_40", 0 0, L_00000229c3058930;  1 drivers
v00000229c2fdb500_0 .net *"_ivl_42", 0 0, L_00000229c30589d0;  1 drivers
v00000229c2fd97a0_0 .net *"_ivl_44", 0 0, L_00000229c3058a70;  1 drivers
v00000229c2fd9e80_0 .net *"_ivl_46", 0 0, L_00000229c3058bb0;  1 drivers
v00000229c2fd98e0_0 .net *"_ivl_48", 0 0, L_00000229c3058890;  1 drivers
v00000229c2fd9ac0_0 .net *"_ivl_52", 0 0, L_00000229c3058d90;  1 drivers
v00000229c2fdaba0_0 .net/2u *"_ivl_53", 0 0, L_00000229c305b318;  1 drivers
v00000229c2fd9980_0 .net *"_ivl_62", 0 0, L_00000229c3058cf0;  1 drivers
v00000229c2fdb140_0 .net *"_ivl_64", 0 0, L_00000229c3058e30;  1 drivers
v00000229c2fda920_0 .net *"_ivl_66", 0 0, L_00000229c3058ed0;  1 drivers
v00000229c2fd9a20_0 .net *"_ivl_68", 0 0, L_00000229c30bee50;  1 drivers
v00000229c2fdad80_0 .net *"_ivl_70", 0 0, L_00000229c30bdb90;  1 drivers
v00000229c2fd9f20_0 .net *"_ivl_72", 0 0, L_00000229c30be4f0;  1 drivers
v00000229c2fda060_0 .net *"_ivl_74", 0 0, L_00000229c30bf3f0;  1 drivers
v00000229c2fd9b60_0 .net *"_ivl_76", 0 0, L_00000229c30beef0;  1 drivers
v00000229c2fd9c00_0 .net *"_ivl_78", 0 0, L_00000229c30bef90;  1 drivers
v00000229c2fdaec0_0 .net *"_ivl_80", 0 0, L_00000229c30bea90;  1 drivers
v00000229c2fd9ca0_0 .net *"_ivl_82", 0 0, L_00000229c30bf710;  1 drivers
v00000229c2fda1a0_0 .net *"_ivl_86", 0 0, L_00000229c30be8b0;  1 drivers
v00000229c2fdb780_0 .net *"_ivl_88", 0 0, L_00000229c30be310;  1 drivers
v00000229c2fdb820_0 .net *"_ivl_90", 0 0, L_00000229c30bd910;  1 drivers
v00000229c2fda4c0_0 .net *"_ivl_92", 0 0, L_00000229c30bf530;  1 drivers
v00000229c2fda380_0 .net *"_ivl_94", 0 0, L_00000229c30bd5f0;  1 drivers
v00000229c2fda560_0 .net *"_ivl_96", 0 0, L_00000229c30bdeb0;  1 drivers
v00000229c2fda9c0_0 .net *"_ivl_98", 0 0, L_00000229c30bd9b0;  1 drivers
L_00000229c3057fd0 .part v00000229c30291f0_0, 15, 1;
L_00000229c3056e50 .part v00000229c30291f0_0, 14, 1;
L_00000229c3057990 .part v00000229c30291f0_0, 13, 1;
L_00000229c3056f90 .part v00000229c30291f0_0, 12, 1;
L_00000229c30570d0 .part v00000229c30291f0_0, 11, 1;
L_00000229c3057a30 .part v00000229c30291f0_0, 10, 1;
L_00000229c3057ad0 .part v00000229c30291f0_0, 9, 1;
L_00000229c30561d0 .part v00000229c30291f0_0, 8, 1;
L_00000229c3056590 .part v00000229c30291f0_0, 7, 1;
L_00000229c3057170 .part v00000229c30291f0_0, 6, 1;
L_00000229c3058250 .part v00000229c30291f0_0, 5, 1;
L_00000229c3057b70 .part v00000229c30291f0_0, 4, 1;
L_00000229c3057c10 .part v00000229c30291f0_0, 3, 1;
L_00000229c3056270 .part v00000229c30291f0_0, 2, 1;
L_00000229c3055ff0 .part v00000229c30291f0_0, 1, 1;
L_00000229c3058750 .part v00000229c30291f0_0, 0, 1;
L_00000229c3056c70 .ufunc/vec4 TD_ICESTORM_RAM.pd, 1, o00000229c2fe1738 (v00000229c302a760_0) S_00000229c2fcd0b0;
L_00000229c3057210 .ufunc/vec4 TD_ICESTORM_RAM.pu, 1, o00000229c2fe1768 (v00000229c302b3e0_0) S_00000229c2fcd240;
L_00000229c30566d0 .ufunc/vec4 TD_ICESTORM_RAM.pd, 1, o00000229c2fe1a98 (v00000229c302a760_0) S_00000229c2fcd0b0;
L_00000229c30572b0 .ufunc/vec4 TD_ICESTORM_RAM.pd, 1, o00000229c2fe1588 (v00000229c302a760_0) S_00000229c2fcd0b0;
L_00000229c3056b30 .ufunc/vec4 TD_ICESTORM_RAM.pd, 1, o00000229c2fe1708 (v00000229c302a760_0) S_00000229c2fcd0b0;
L_00000229c3056630 .ufunc/vec4 TD_ICESTORM_RAM.pd, 1, o00000229c2fe16d8 (v00000229c302a760_0) S_00000229c2fcd0b0;
L_00000229c3057350 .ufunc/vec4 TD_ICESTORM_RAM.pd, 1, o00000229c2fe16a8 (v00000229c302a760_0) S_00000229c2fcd0b0;
L_00000229c3056770 .ufunc/vec4 TD_ICESTORM_RAM.pd, 1, o00000229c2fe1678 (v00000229c302a760_0) S_00000229c2fcd0b0;
L_00000229c3056810 .ufunc/vec4 TD_ICESTORM_RAM.pd, 1, o00000229c2fe1648 (v00000229c302a760_0) S_00000229c2fcd0b0;
L_00000229c3058930 .ufunc/vec4 TD_ICESTORM_RAM.pd, 1, o00000229c2fe1618 (v00000229c302a760_0) S_00000229c2fcd0b0;
L_00000229c30589d0 .ufunc/vec4 TD_ICESTORM_RAM.pd, 1, o00000229c2fe15e8 (v00000229c302a760_0) S_00000229c2fcd0b0;
L_00000229c3058a70 .ufunc/vec4 TD_ICESTORM_RAM.pd, 1, o00000229c2fe15b8 (v00000229c302a760_0) S_00000229c2fcd0b0;
L_00000229c3058bb0 .ufunc/vec4 TD_ICESTORM_RAM.pd, 1, o00000229c2fe1558 (v00000229c302a760_0) S_00000229c2fcd0b0;
L_00000229c3058890 .ufunc/vec4 TD_ICESTORM_RAM.pd, 1, o00000229c2fe1528 (v00000229c302a760_0) S_00000229c2fcd0b0;
LS_00000229c3058b10_0_0 .concat [ 1 1 1 1], L_00000229c3058890, L_00000229c3058bb0, L_00000229c3058a70, L_00000229c30589d0;
LS_00000229c3058b10_0_4 .concat [ 1 1 1 1], L_00000229c3058930, L_00000229c3056810, L_00000229c3056770, L_00000229c3057350;
LS_00000229c3058b10_0_8 .concat [ 1 1 1 0], L_00000229c3056630, L_00000229c3056b30, L_00000229c30572b0;
L_00000229c3058b10 .concat [ 4 4 3 0], LS_00000229c3058b10_0_0, LS_00000229c3058b10_0_4, LS_00000229c3058b10_0_8;
L_00000229c3058d90 .ufunc/vec4 TD_ICESTORM_RAM.pd, 1, o00000229c2fe1cd8 (v00000229c302a760_0) S_00000229c2fcd0b0;
L_00000229c30587f0 .ufunc/vec4 TD_ICESTORM_RAM.pu, 1, o00000229c2fe1d08 (v00000229c302b3e0_0) S_00000229c2fcd240;
L_00000229c3058c50 .ufunc/vec4 TD_ICESTORM_RAM.pd, 1, o00000229c2fe2038 (v00000229c302a760_0) S_00000229c2fcd0b0;
L_00000229c3058cf0 .ufunc/vec4 TD_ICESTORM_RAM.pd, 1, o00000229c2fe1b28 (v00000229c302a760_0) S_00000229c2fcd0b0;
L_00000229c3058e30 .ufunc/vec4 TD_ICESTORM_RAM.pd, 1, o00000229c2fe1ca8 (v00000229c302a760_0) S_00000229c2fcd0b0;
L_00000229c3058ed0 .ufunc/vec4 TD_ICESTORM_RAM.pd, 1, o00000229c2fe1c78 (v00000229c302a760_0) S_00000229c2fcd0b0;
L_00000229c30bee50 .ufunc/vec4 TD_ICESTORM_RAM.pd, 1, o00000229c2fe1c48 (v00000229c302a760_0) S_00000229c2fcd0b0;
L_00000229c30bdb90 .ufunc/vec4 TD_ICESTORM_RAM.pd, 1, o00000229c2fe1c18 (v00000229c302a760_0) S_00000229c2fcd0b0;
L_00000229c30be4f0 .ufunc/vec4 TD_ICESTORM_RAM.pd, 1, o00000229c2fe1be8 (v00000229c302a760_0) S_00000229c2fcd0b0;
L_00000229c30bf3f0 .ufunc/vec4 TD_ICESTORM_RAM.pd, 1, o00000229c2fe1bb8 (v00000229c302a760_0) S_00000229c2fcd0b0;
L_00000229c30beef0 .ufunc/vec4 TD_ICESTORM_RAM.pd, 1, o00000229c2fe1b88 (v00000229c302a760_0) S_00000229c2fcd0b0;
L_00000229c30bef90 .ufunc/vec4 TD_ICESTORM_RAM.pd, 1, o00000229c2fe1b58 (v00000229c302a760_0) S_00000229c2fcd0b0;
L_00000229c30bea90 .ufunc/vec4 TD_ICESTORM_RAM.pd, 1, o00000229c2fe1af8 (v00000229c302a760_0) S_00000229c2fcd0b0;
L_00000229c30bf710 .ufunc/vec4 TD_ICESTORM_RAM.pd, 1, o00000229c2fe1ac8 (v00000229c302a760_0) S_00000229c2fcd0b0;
LS_00000229c30bd190_0_0 .concat [ 1 1 1 1], L_00000229c30bf710, L_00000229c30bea90, L_00000229c30bef90, L_00000229c30beef0;
LS_00000229c30bd190_0_4 .concat [ 1 1 1 1], L_00000229c30bf3f0, L_00000229c30be4f0, L_00000229c30bdb90, L_00000229c30bee50;
LS_00000229c30bd190_0_8 .concat [ 1 1 1 0], L_00000229c3058ed0, L_00000229c3058e30, L_00000229c3058cf0;
L_00000229c30bd190 .concat [ 4 4 3 0], LS_00000229c30bd190_0_0, LS_00000229c30bd190_0_4, LS_00000229c30bd190_0_8;
L_00000229c30be8b0 .ufunc/vec4 TD_ICESTORM_RAM.pd, 1, o00000229c2fe1378 (v00000229c302a760_0) S_00000229c2fcd0b0;
L_00000229c30be310 .ufunc/vec4 TD_ICESTORM_RAM.pd, 1, o00000229c2fe1348 (v00000229c302a760_0) S_00000229c2fcd0b0;
L_00000229c30bd910 .ufunc/vec4 TD_ICESTORM_RAM.pd, 1, o00000229c2fe1318 (v00000229c302a760_0) S_00000229c2fcd0b0;
L_00000229c30bf530 .ufunc/vec4 TD_ICESTORM_RAM.pd, 1, o00000229c2fe12e8 (v00000229c302a760_0) S_00000229c2fcd0b0;
L_00000229c30bd5f0 .ufunc/vec4 TD_ICESTORM_RAM.pd, 1, o00000229c2fe12b8 (v00000229c302a760_0) S_00000229c2fcd0b0;
L_00000229c30bdeb0 .ufunc/vec4 TD_ICESTORM_RAM.pd, 1, o00000229c2fe1288 (v00000229c302a760_0) S_00000229c2fcd0b0;
L_00000229c30bd9b0 .ufunc/vec4 TD_ICESTORM_RAM.pd, 1, o00000229c2fe14f8 (v00000229c302a760_0) S_00000229c2fcd0b0;
L_00000229c30bd730 .ufunc/vec4 TD_ICESTORM_RAM.pd, 1, o00000229c2fe14c8 (v00000229c302a760_0) S_00000229c2fcd0b0;
L_00000229c30bd690 .ufunc/vec4 TD_ICESTORM_RAM.pd, 1, o00000229c2fe1498 (v00000229c302a760_0) S_00000229c2fcd0b0;
L_00000229c30bdd70 .ufunc/vec4 TD_ICESTORM_RAM.pd, 1, o00000229c2fe1468 (v00000229c302a760_0) S_00000229c2fcd0b0;
L_00000229c30be3b0 .ufunc/vec4 TD_ICESTORM_RAM.pd, 1, o00000229c2fe1438 (v00000229c302a760_0) S_00000229c2fcd0b0;
L_00000229c30be450 .ufunc/vec4 TD_ICESTORM_RAM.pd, 1, o00000229c2fe1408 (v00000229c302a760_0) S_00000229c2fcd0b0;
L_00000229c30bf030 .ufunc/vec4 TD_ICESTORM_RAM.pd, 1, o00000229c2fe13d8 (v00000229c302a760_0) S_00000229c2fcd0b0;
L_00000229c30bf0d0 .ufunc/vec4 TD_ICESTORM_RAM.pd, 1, o00000229c2fe13a8 (v00000229c302a760_0) S_00000229c2fcd0b0;
L_00000229c30bd370 .ufunc/vec4 TD_ICESTORM_RAM.pd, 1, o00000229c2fe1258 (v00000229c302a760_0) S_00000229c2fcd0b0;
L_00000229c30bf670 .ufunc/vec4 TD_ICESTORM_RAM.pd, 1, o00000229c2fe1228 (v00000229c302a760_0) S_00000229c2fcd0b0;
LS_00000229c30be590_0_0 .concat [ 1 1 1 1], L_00000229c30bf670, L_00000229c30bd370, L_00000229c30bf0d0, L_00000229c30bf030;
LS_00000229c30be590_0_4 .concat [ 1 1 1 1], L_00000229c30be450, L_00000229c30be3b0, L_00000229c30bdd70, L_00000229c30bd690;
LS_00000229c30be590_0_8 .concat [ 1 1 1 1], L_00000229c30bd730, L_00000229c30bd9b0, L_00000229c30bdeb0, L_00000229c30bd5f0;
LS_00000229c30be590_0_12 .concat [ 1 1 1 1], L_00000229c30bf530, L_00000229c30bd910, L_00000229c30be310, L_00000229c30be8b0;
L_00000229c30be590 .concat [ 4 4 4 4], LS_00000229c30be590_0_0, LS_00000229c30be590_0_4, LS_00000229c30be590_0_8, LS_00000229c30be590_0_12;
L_00000229c30be630 .ufunc/vec4 TD_ICESTORM_RAM.pd, 1, o00000229c2fe1e88 (v00000229c302a760_0) S_00000229c2fcd0b0;
L_00000229c30bedb0 .ufunc/vec4 TD_ICESTORM_RAM.pd, 1, o00000229c2fe1e58 (v00000229c302a760_0) S_00000229c2fcd0b0;
L_00000229c30be9f0 .ufunc/vec4 TD_ICESTORM_RAM.pd, 1, o00000229c2fe1e28 (v00000229c302a760_0) S_00000229c2fcd0b0;
L_00000229c30bf2b0 .ufunc/vec4 TD_ICESTORM_RAM.pd, 1, o00000229c2fe1df8 (v00000229c302a760_0) S_00000229c2fcd0b0;
L_00000229c30bd050 .ufunc/vec4 TD_ICESTORM_RAM.pd, 1, o00000229c2fe1dc8 (v00000229c302a760_0) S_00000229c2fcd0b0;
L_00000229c30bf5d0 .ufunc/vec4 TD_ICESTORM_RAM.pd, 1, o00000229c2fe1d98 (v00000229c302a760_0) S_00000229c2fcd0b0;
L_00000229c30be770 .ufunc/vec4 TD_ICESTORM_RAM.pd, 1, o00000229c2fe2008 (v00000229c302a760_0) S_00000229c2fcd0b0;
L_00000229c30bde10 .ufunc/vec4 TD_ICESTORM_RAM.pd, 1, o00000229c2fe1fd8 (v00000229c302a760_0) S_00000229c2fcd0b0;
L_00000229c30bd410 .ufunc/vec4 TD_ICESTORM_RAM.pd, 1, o00000229c2fe1fa8 (v00000229c302a760_0) S_00000229c2fcd0b0;
L_00000229c30bf170 .ufunc/vec4 TD_ICESTORM_RAM.pd, 1, o00000229c2fe1f78 (v00000229c302a760_0) S_00000229c2fcd0b0;
L_00000229c30beb30 .ufunc/vec4 TD_ICESTORM_RAM.pd, 1, o00000229c2fe1f48 (v00000229c302a760_0) S_00000229c2fcd0b0;
L_00000229c30bf350 .ufunc/vec4 TD_ICESTORM_RAM.pd, 1, o00000229c2fe1f18 (v00000229c302a760_0) S_00000229c2fcd0b0;
L_00000229c30bf490 .ufunc/vec4 TD_ICESTORM_RAM.pd, 1, o00000229c2fe1ee8 (v00000229c302a760_0) S_00000229c2fcd0b0;
L_00000229c30bd4b0 .ufunc/vec4 TD_ICESTORM_RAM.pd, 1, o00000229c2fe1eb8 (v00000229c302a760_0) S_00000229c2fcd0b0;
L_00000229c30bd7d0 .ufunc/vec4 TD_ICESTORM_RAM.pd, 1, o00000229c2fe1d68 (v00000229c302a760_0) S_00000229c2fcd0b0;
L_00000229c30bdf50 .ufunc/vec4 TD_ICESTORM_RAM.pd, 1, o00000229c2fe1d38 (v00000229c302a760_0) S_00000229c2fcd0b0;
LS_00000229c30bd230_0_0 .concat [ 1 1 1 1], L_00000229c30bdf50, L_00000229c30bd7d0, L_00000229c30bd4b0, L_00000229c30bf490;
LS_00000229c30bd230_0_4 .concat [ 1 1 1 1], L_00000229c30bf350, L_00000229c30beb30, L_00000229c30bf170, L_00000229c30bd410;
LS_00000229c30bd230_0_8 .concat [ 1 1 1 1], L_00000229c30bde10, L_00000229c30be770, L_00000229c30bf5d0, L_00000229c30bd050;
LS_00000229c30bd230_0_12 .concat [ 1 1 1 1], L_00000229c30bf2b0, L_00000229c30be9f0, L_00000229c30bedb0, L_00000229c30be630;
L_00000229c30bd230 .concat [ 4 4 4 4], LS_00000229c30bd230_0_0, LS_00000229c30bd230_0_4, LS_00000229c30bd230_0_8, LS_00000229c30bd230_0_12;
S_00000229c2fcca70 .scope module, "RAM" "SB_RAM40_4K" 3 3233, 3 1487 0, S_00000229c2e76480;
 .timescale -12 -12;
    .port_info 0 /OUTPUT 16 "RDATA";
    .port_info 1 /INPUT 1 "RCLK";
    .port_info 2 /INPUT 1 "RCLKE";
    .port_info 3 /INPUT 1 "RE";
    .port_info 4 /INPUT 11 "RADDR";
    .port_info 5 /INPUT 1 "WCLK";
    .port_info 6 /INPUT 1 "WCLKE";
    .port_info 7 /INPUT 1 "WE";
    .port_info 8 /INPUT 11 "WADDR";
    .port_info 9 /INPUT 16 "MASK";
    .port_info 10 /INPUT 16 "WDATA";
P_00000229c2fd8c30 .param/l "INIT_0" 0 3 1507, C4<0000000000000000000000000000000000000000000000000000000000000000000000000000000000000000000000000000000000000000000000000000000000000000000000000000000000000000000000000000000000000000000000000000000000000000000000000000000000000000000000000000000000000000>;
P_00000229c2fd8c68 .param/l "INIT_1" 0 3 1508, C4<0000000000000000000000000000000000000000000000000000000000000000000000000000000000000000000000000000000000000000000000000000000000000000000000000000000000000000000000000000000000000000000000000000000000000000000000000000000000000000000000000000000000000000>;
P_00000229c2fd8ca0 .param/l "INIT_2" 0 3 1509, C4<0000000000000000000000000000000000000000000000000000000000000000000000000000000000000000000000000000000000000000000000000000000000000000000000000000000000000000000000000000000000000000000000000000000000000000000000000000000000000000000000000000000000000000>;
P_00000229c2fd8cd8 .param/l "INIT_3" 0 3 1510, C4<0000000000000000000000000000000000000000000000000000000000000000000000000000000000000000000000000000000000000000000000000000000000000000000000000000000000000000000000000000000000000000000000000000000000000000000000000000000000000000000000000000000000000000>;
P_00000229c2fd8d10 .param/l "INIT_4" 0 3 1511, C4<0000000000000000000000000000000000000000000000000000000000000000000000000000000000000000000000000000000000000000000000000000000000000000000000000000000000000000000000000000000000000000000000000000000000000000000000000000000000000000000000000000000000000000>;
P_00000229c2fd8d48 .param/l "INIT_5" 0 3 1512, C4<0000000000000000000000000000000000000000000000000000000000000000000000000000000000000000000000000000000000000000000000000000000000000000000000000000000000000000000000000000000000000000000000000000000000000000000000000000000000000000000000000000000000000000>;
P_00000229c2fd8d80 .param/l "INIT_6" 0 3 1513, C4<0000000000000000000000000000000000000000000000000000000000000000000000000000000000000000000000000000000000000000000000000000000000000000000000000000000000000000000000000000000000000000000000000000000000000000000000000000000000000000000000000000000000000000>;
P_00000229c2fd8db8 .param/l "INIT_7" 0 3 1514, C4<0000000000000000000000000000000000000000000000000000000000000000000000000000000000000000000000000000000000000000000000000000000000000000000000000000000000000000000000000000000000000000000000000000000000000000000000000000000000000000000000000000000000000000>;
P_00000229c2fd8df0 .param/l "INIT_8" 0 3 1515, C4<0000000000000000000000000000000000000000000000000000000000000000000000000000000000000000000000000000000000000000000000000000000000000000000000000000000000000000000000000000000000000000000000000000000000000000000000000000000000000000000000000000000000000000>;
P_00000229c2fd8e28 .param/l "INIT_9" 0 3 1516, C4<0000000000000000000000000000000000000000000000000000000000000000000000000000000000000000000000000000000000000000000000000000000000000000000000000000000000000000000000000000000000000000000000000000000000000000000000000000000000000000000000000000000000000000>;
P_00000229c2fd8e60 .param/l "INIT_A" 0 3 1517, C4<0000000000000000000000000000000000000000000000000000000000000000000000000000000000000000000000000000000000000000000000000000000000000000000000000000000000000000000000000000000000000000000000000000000000000000000000000000000000000000000000000000000000000000>;
P_00000229c2fd8e98 .param/l "INIT_B" 0 3 1518, C4<0000000000000000000000000000000000000000000000000000000000000000000000000000000000000000000000000000000000000000000000000000000000000000000000000000000000000000000000000000000000000000000000000000000000000000000000000000000000000000000000000000000000000000>;
P_00000229c2fd8ed0 .param/l "INIT_C" 0 3 1519, C4<0000000000000000000000000000000000000000000000000000000000000000000000000000000000000000000000000000000000000000000000000000000000000000000000000000000000000000000000000000000000000000000000000000000000000000000000000000000000000000000000000000000000000000>;
P_00000229c2fd8f08 .param/l "INIT_D" 0 3 1520, C4<0000000000000000000000000000000000000000000000000000000000000000000000000000000000000000000000000000000000000000000000000000000000000000000000000000000000000000000000000000000000000000000000000000000000000000000000000000000000000000000000000000000000000000>;
P_00000229c2fd8f40 .param/l "INIT_E" 0 3 1521, C4<0000000000000000000000000000000000000000000000000000000000000000000000000000000000000000000000000000000000000000000000000000000000000000000000000000000000000000000000000000000000000000000000000000000000000000000000000000000000000000000000000000000000000000>;
P_00000229c2fd8f78 .param/l "INIT_F" 0 3 1522, C4<0000000000000000000000000000000000000000000000000000000000000000000000000000000000000000000000000000000000000000000000000000000000000000000000000000000000000000000000000000000000000000000000000000000000000000000000000000000000000000000000000000000000000000>;
P_00000229c2fd8fb0 .param/str "INIT_FILE" 0 3 1524, "\000";
P_00000229c2fd8fe8 .param/l "READ_MODE" 0 3 1505, +C4<00000000000000000000000000000000>;
P_00000229c2fd9020 .param/l "WRITE_MODE" 0 3 1504, +C4<00000000000000000000000000000000>;
v00000229c3028e30_0 .net "MASK", 15 0, L_00000229c30be590;  1 drivers
v00000229c3029650_0 .net "RADDR", 10 0, L_00000229c3058b10;  1 drivers
v00000229c3028ed0_0 .net "RCLK", 0 0, L_00000229c2fc2450;  1 drivers
v00000229c3028610_0 .net "RCLKE", 0 0, L_00000229c3057210;  1 drivers
v00000229c3028890_0 .net "RDATA", 15 0, v00000229c30291f0_0;  1 drivers
v00000229c30291f0_0 .var "RDATA_I", 15 0;
v00000229c3029290_0 .net "RE", 0 0, L_00000229c30566d0;  1 drivers
L_00000229c305b288 .functor BUFT 1, C4<0000000000000000>, C4<0>, C4<0>, C4<0>;
v00000229c3029c90_0 .net "RMASK_I", 15 0, L_00000229c305b288;  1 drivers
v00000229c30296f0_0 .net "WADDR", 10 0, L_00000229c30bd190;  1 drivers
v00000229c3028110_0 .net "WCLK", 0 0, L_00000229c2fc18f0;  1 drivers
v00000229c3029970_0 .net "WCLKE", 0 0, L_00000229c30587f0;  1 drivers
v00000229c30281b0_0 .net "WDATA", 15 0, L_00000229c30bd230;  1 drivers
v00000229c30286b0_0 .net "WDATA_I", 15 0, L_00000229c2fc2220;  1 drivers
v00000229c3029510_0 .net "WE", 0 0, L_00000229c3058c50;  1 drivers
v00000229c30298d0_0 .net "WMASK_I", 15 0, L_00000229c2fc2300;  1 drivers
v00000229c3029ab0_0 .var/i "i", 31 0;
v00000229c302a3a0 .array "memory", 255 0, 15 0;
E_00000229c2fb7540 .event posedge, v00000229c3028ed0_0;
E_00000229c2fb90c0 .event posedge, v00000229c3028110_0;
S_00000229c2fcbad0 .scope generate, "genblk1" "genblk1" 3 1534, 3 1534 0, S_00000229c2fcca70;
 .timescale -12 -12;
L_00000229c2fc2300 .functor BUFZ 16, L_00000229c30be590, C4<0000000000000000>, C4<0000000000000000>, C4<0000000000000000>;
S_00000229c2fccc00 .scope generate, "genblk2" "genblk2" 3 1555, 3 1555 0, S_00000229c2fcca70;
 .timescale -12 -12;
S_00000229c2fccd90 .scope generate, "genblk3" "genblk3" 3 1576, 3 1576 0, S_00000229c2fcca70;
 .timescale -12 -12;
L_00000229c2fc2220 .functor BUFZ 16, L_00000229c30bd230, C4<0000000000000000>, C4<0000000000000000>, C4<0000000000000000>;
S_00000229c2fccf20 .scope generate, "genblk4" "genblk4" 3 1595, 3 1595 0, S_00000229c2fcca70;
 .timescale -12 -12;
S_00000229c2fcd0b0 .scope function.vec4.s1, "pd" "pd" 3 3200, 3 3200 0, S_00000229c2e76480;
 .timescale -12 -12;
; Variable pd is vec4 return value of scope S_00000229c2fcd0b0
v00000229c302a760_0 .var "x", 0 0;
TD_ICESTORM_RAM.pd ;
    %load/vec4 v00000229c302a760_0;
    %cmpi/e 0, 1, 1;
    %flag_mov 8, 6;
    %jmp/0 T_0.0, 8;
    %pushi/vec4 0, 0, 1;
    %jmp/1 T_0.1, 8;
T_0.0 ; End of true expr.
    %load/vec4 v00000229c302a760_0;
    %jmp/0 T_0.1, 8;
 ; End of false expr.
    %blend;
T_0.1;
    %ret/vec4 0, 0, 1;  Assign to pd (store_vec4_to_lval)
    %end;
S_00000229c2fcd240 .scope function.vec4.s1, "pu" "pu" 3 3207, 3 3207 0, S_00000229c2e76480;
 .timescale -12 -12;
; Variable pu is vec4 return value of scope S_00000229c2fcd240
v00000229c302b3e0_0 .var "x", 0 0;
TD_ICESTORM_RAM.pu ;
    %load/vec4 v00000229c302b3e0_0;
    %cmpi/e 0, 1, 1;
    %flag_mov 8, 6;
    %jmp/0 T_1.2, 8;
    %pushi/vec4 1, 0, 1;
    %jmp/1 T_1.3, 8;
T_1.2 ; End of true expr.
    %load/vec4 v00000229c302b3e0_0;
    %jmp/0 T_1.3, 8;
 ; End of false expr.
    %blend;
T_1.3;
    %ret/vec4 0, 0, 1;  Assign to pu (store_vec4_to_lval)
    %end;
S_00000229c2e76610 .scope module, "SB_CARRY" "SB_CARRY" 3 228;
 .timescale -12 -12;
    .port_info 0 /OUTPUT 1 "CO";
    .port_info 1 /INPUT 1 "I0";
    .port_info 2 /INPUT 1 "I1";
    .port_info 3 /INPUT 1 "CI";
o00000229c2fe39e8 .functor BUFZ 1, c4<z>; HiZ drive
o00000229c2fe3a18 .functor BUFZ 1, c4<z>; HiZ drive
L_00000229c2fc1500 .functor AND 1, o00000229c2fe39e8, o00000229c2fe3a18, C4<1>, C4<1>;
L_00000229c2fc25a0 .functor OR 1, o00000229c2fe39e8, o00000229c2fe3a18, C4<0>, C4<0>;
o00000229c2fe3988 .functor BUFZ 1, c4<z>; HiZ drive
L_00000229c2fc1dc0 .functor AND 1, L_00000229c2fc25a0, o00000229c2fe3988, C4<1>, C4<1>;
L_00000229c2fc1e30 .functor OR 1, L_00000229c2fc1500, L_00000229c2fc1dc0, C4<0>, C4<0>;
v00000229c2fd90c0_0 .net "CI", 0 0, o00000229c2fe3988;  0 drivers
v00000229c2fdaa60_0 .net "CO", 0 0, L_00000229c2fc1e30;  1 drivers
v00000229c2fdac40_0 .net "I0", 0 0, o00000229c2fe39e8;  0 drivers
v00000229c2fdace0_0 .net "I1", 0 0, o00000229c2fe3a18;  0 drivers
v00000229c2fdaf60_0 .net *"_ivl_1", 0 0, L_00000229c2fc1500;  1 drivers
v00000229c2fdb0a0_0 .net *"_ivl_3", 0 0, L_00000229c2fc25a0;  1 drivers
v00000229c2fdb1e0_0 .net *"_ivl_5", 0 0, L_00000229c2fc1dc0;  1 drivers
S_00000229c2d36a90 .scope module, "SB_DFF" "SB_DFF" 3 265;
 .timescale -12 -12;
    .port_info 0 /OUTPUT 1 "Q";
    .port_info 1 /INPUT 1 "C";
    .port_info 2 /INPUT 1 "D";
o00000229c2fe3b98 .functor BUFZ 1, c4<z>; HiZ drive
v00000229c2fdb320_0 .net "C", 0 0, o00000229c2fe3b98;  0 drivers
o00000229c2fe3bc8 .functor BUFZ 1, c4<z>; HiZ drive
v00000229c2fdb3c0_0 .net "D", 0 0, o00000229c2fe3bc8;  0 drivers
v00000229c2fdb5a0_0 .var "Q", 0 0;
E_00000229c2fb9100 .event posedge, v00000229c2fdb320_0;
S_00000229c2d53530 .scope module, "SB_DFFE" "SB_DFFE" 3 303;
 .timescale -12 -12;
    .port_info 0 /OUTPUT 1 "Q";
    .port_info 1 /INPUT 1 "C";
    .port_info 2 /INPUT 1 "E";
    .port_info 3 /INPUT 1 "D";
o00000229c2fe3cb8 .functor BUFZ 1, c4<z>; HiZ drive
v00000229c2fdb640_0 .net "C", 0 0, o00000229c2fe3cb8;  0 drivers
o00000229c2fe3ce8 .functor BUFZ 1, c4<z>; HiZ drive
v00000229c2fdb6e0_0 .net "D", 0 0, o00000229c2fe3ce8;  0 drivers
o00000229c2fe3d18 .functor BUFZ 1, c4<z>; HiZ drive
v00000229c302dc80_0 .net "E", 0 0, o00000229c2fe3d18;  0 drivers
v00000229c302e7c0_0 .var "Q", 0 0;
E_00000229c2fb8880 .event posedge, v00000229c2fdb640_0;
S_00000229c2d3b830 .scope module, "SB_DFFER" "SB_DFFER" 3 653;
 .timescale -12 -12;
    .port_info 0 /OUTPUT 1 "Q";
    .port_info 1 /INPUT 1 "C";
    .port_info 2 /INPUT 1 "E";
    .port_info 3 /INPUT 1 "R";
    .port_info 4 /INPUT 1 "D";
o00000229c2fe3e38 .functor BUFZ 1, c4<z>; HiZ drive
v00000229c302eae0_0 .net "C", 0 0, o00000229c2fe3e38;  0 drivers
o00000229c2fe3e68 .functor BUFZ 1, c4<z>; HiZ drive
v00000229c302f440_0 .net "D", 0 0, o00000229c2fe3e68;  0 drivers
o00000229c2fe3e98 .functor BUFZ 1, c4<z>; HiZ drive
v00000229c302f260_0 .net "E", 0 0, o00000229c2fe3e98;  0 drivers
v00000229c302e220_0 .var "Q", 0 0;
o00000229c2fe3ef8 .functor BUFZ 1, c4<z>; HiZ drive
v00000229c302d640_0 .net "R", 0 0, o00000229c2fe3ef8;  0 drivers
E_00000229c2fb9340 .event posedge, v00000229c302d640_0, v00000229c302eae0_0;
S_00000229c2d3b9c0 .scope module, "SB_DFFES" "SB_DFFES" 3 794;
 .timescale -12 -12;
    .port_info 0 /OUTPUT 1 "Q";
    .port_info 1 /INPUT 1 "C";
    .port_info 2 /INPUT 1 "E";
    .port_info 3 /INPUT 1 "S";
    .port_info 4 /INPUT 1 "D";
o00000229c2fe4018 .functor BUFZ 1, c4<z>; HiZ drive
v00000229c302d280_0 .net "C", 0 0, o00000229c2fe4018;  0 drivers
o00000229c2fe4048 .functor BUFZ 1, c4<z>; HiZ drive
v00000229c302e400_0 .net "D", 0 0, o00000229c2fe4048;  0 drivers
o00000229c2fe4078 .functor BUFZ 1, c4<z>; HiZ drive
v00000229c302e2c0_0 .net "E", 0 0, o00000229c2fe4078;  0 drivers
v00000229c302eb80_0 .var "Q", 0 0;
o00000229c2fe40d8 .functor BUFZ 1, c4<z>; HiZ drive
v00000229c302ec20_0 .net "S", 0 0, o00000229c2fe40d8;  0 drivers
E_00000229c2fb9400 .event posedge, v00000229c302ec20_0, v00000229c302d280_0;
S_00000229c2d3bb50 .scope module, "SB_DFFESR" "SB_DFFESR" 3 592;
 .timescale -12 -12;
    .port_info 0 /OUTPUT 1 "Q";
    .port_info 1 /INPUT 1 "C";
    .port_info 2 /INPUT 1 "E";
    .port_info 3 /INPUT 1 "R";
    .port_info 4 /INPUT 1 "D";
o00000229c2fe41f8 .functor BUFZ 1, c4<z>; HiZ drive
v00000229c302f6c0_0 .net "C", 0 0, o00000229c2fe41f8;  0 drivers
o00000229c2fe4228 .functor BUFZ 1, c4<z>; HiZ drive
v00000229c302e360_0 .net "D", 0 0, o00000229c2fe4228;  0 drivers
o00000229c2fe4258 .functor BUFZ 1, c4<z>; HiZ drive
v00000229c302e4a0_0 .net "E", 0 0, o00000229c2fe4258;  0 drivers
v00000229c302d1e0_0 .var "Q", 0 0;
o00000229c2fe42b8 .functor BUFZ 1, c4<z>; HiZ drive
v00000229c302e860_0 .net "R", 0 0, o00000229c2fe42b8;  0 drivers
E_00000229c2fb9480 .event posedge, v00000229c302f6c0_0;
S_00000229c2d45690 .scope module, "SB_DFFESS" "SB_DFFESS" 3 733;
 .timescale -12 -12;
    .port_info 0 /OUTPUT 1 "Q";
    .port_info 1 /INPUT 1 "C";
    .port_info 2 /INPUT 1 "E";
    .port_info 3 /INPUT 1 "S";
    .port_info 4 /INPUT 1 "D";
o00000229c2fe43d8 .functor BUFZ 1, c4<z>; HiZ drive
v00000229c302e540_0 .net "C", 0 0, o00000229c2fe43d8;  0 drivers
o00000229c2fe4408 .functor BUFZ 1, c4<z>; HiZ drive
v00000229c302f4e0_0 .net "D", 0 0, o00000229c2fe4408;  0 drivers
o00000229c2fe4438 .functor BUFZ 1, c4<z>; HiZ drive
v00000229c302f080_0 .net "E", 0 0, o00000229c2fe4438;  0 drivers
v00000229c302daa0_0 .var "Q", 0 0;
o00000229c2fe4498 .functor BUFZ 1, c4<z>; HiZ drive
v00000229c302f3a0_0 .net "S", 0 0, o00000229c2fe4498;  0 drivers
E_00000229c2fb8f40 .event posedge, v00000229c302e540_0;
S_00000229c2d45820 .scope module, "SB_DFFN" "SB_DFFN" 3 876;
 .timescale -12 -12;
    .port_info 0 /OUTPUT 1 "Q";
    .port_info 1 /INPUT 1 "C";
    .port_info 2 /INPUT 1 "D";
o00000229c2fe45b8 .functor BUFZ 1, c4<z>; HiZ drive
v00000229c302dd20_0 .net "C", 0 0, o00000229c2fe45b8;  0 drivers
o00000229c2fe45e8 .functor BUFZ 1, c4<z>; HiZ drive
v00000229c302da00_0 .net "D", 0 0, o00000229c2fe45e8;  0 drivers
v00000229c302d960_0 .var "Q", 0 0;
E_00000229c2fb8b80 .event negedge, v00000229c302dd20_0;
S_00000229c2d459b0 .scope module, "SB_DFFNE" "SB_DFFNE" 3 914;
 .timescale -12 -12;
    .port_info 0 /OUTPUT 1 "Q";
    .port_info 1 /INPUT 1 "C";
    .port_info 2 /INPUT 1 "E";
    .port_info 3 /INPUT 1 "D";
o00000229c2fe46d8 .functor BUFZ 1, c4<z>; HiZ drive
v00000229c302e5e0_0 .net "C", 0 0, o00000229c2fe46d8;  0 drivers
o00000229c2fe4708 .functor BUFZ 1, c4<z>; HiZ drive
v00000229c302ee00_0 .net "D", 0 0, o00000229c2fe4708;  0 drivers
o00000229c2fe4738 .functor BUFZ 1, c4<z>; HiZ drive
v00000229c302f580_0 .net "E", 0 0, o00000229c2fe4738;  0 drivers
v00000229c302e680_0 .var "Q", 0 0;
E_00000229c2fb8e80 .event negedge, v00000229c302e5e0_0;
S_00000229c2d42cd0 .scope module, "SB_DFFNER" "SB_DFFNER" 3 1264;
 .timescale -12 -12;
    .port_info 0 /OUTPUT 1 "Q";
    .port_info 1 /INPUT 1 "C";
    .port_info 2 /INPUT 1 "E";
    .port_info 3 /INPUT 1 "R";
    .port_info 4 /INPUT 1 "D";
o00000229c2fe4858 .functor BUFZ 1, c4<z>; HiZ drive
v00000229c302d320_0 .net "C", 0 0, o00000229c2fe4858;  0 drivers
o00000229c2fe4888 .functor BUFZ 1, c4<z>; HiZ drive
v00000229c302d820_0 .net "D", 0 0, o00000229c2fe4888;  0 drivers
o00000229c2fe48b8 .functor BUFZ 1, c4<z>; HiZ drive
v00000229c302e040_0 .net "E", 0 0, o00000229c2fe48b8;  0 drivers
v00000229c302f620_0 .var "Q", 0 0;
o00000229c2fe4918 .functor BUFZ 1, c4<z>; HiZ drive
v00000229c302ef40_0 .net "R", 0 0, o00000229c2fe4918;  0 drivers
E_00000229c2fb9200/0 .event negedge, v00000229c302d320_0;
E_00000229c2fb9200/1 .event posedge, v00000229c302ef40_0;
E_00000229c2fb9200 .event/or E_00000229c2fb9200/0, E_00000229c2fb9200/1;
S_00000229c2d42e60 .scope module, "SB_DFFNES" "SB_DFFNES" 3 1405;
 .timescale -12 -12;
    .port_info 0 /OUTPUT 1 "Q";
    .port_info 1 /INPUT 1 "C";
    .port_info 2 /INPUT 1 "E";
    .port_info 3 /INPUT 1 "S";
    .port_info 4 /INPUT 1 "D";
o00000229c2fe4a38 .functor BUFZ 1, c4<z>; HiZ drive
v00000229c302efe0_0 .net "C", 0 0, o00000229c2fe4a38;  0 drivers
o00000229c2fe4a68 .functor BUFZ 1, c4<z>; HiZ drive
v00000229c302e720_0 .net "D", 0 0, o00000229c2fe4a68;  0 drivers
o00000229c2fe4a98 .functor BUFZ 1, c4<z>; HiZ drive
v00000229c302eea0_0 .net "E", 0 0, o00000229c2fe4a98;  0 drivers
v00000229c302d5a0_0 .var "Q", 0 0;
o00000229c2fe4af8 .functor BUFZ 1, c4<z>; HiZ drive
v00000229c302ecc0_0 .net "S", 0 0, o00000229c2fe4af8;  0 drivers
E_00000229c2fb88c0/0 .event negedge, v00000229c302efe0_0;
E_00000229c2fb88c0/1 .event posedge, v00000229c302ecc0_0;
E_00000229c2fb88c0 .event/or E_00000229c2fb88c0/0, E_00000229c2fb88c0/1;
S_00000229c2fc5af0 .scope module, "SB_DFFNESR" "SB_DFFNESR" 3 1203;
 .timescale -12 -12;
    .port_info 0 /OUTPUT 1 "Q";
    .port_info 1 /INPUT 1 "C";
    .port_info 2 /INPUT 1 "E";
    .port_info 3 /INPUT 1 "R";
    .port_info 4 /INPUT 1 "D";
o00000229c2fe4c18 .functor BUFZ 1, c4<z>; HiZ drive
v00000229c302db40_0 .net "C", 0 0, o00000229c2fe4c18;  0 drivers
o00000229c2fe4c48 .functor BUFZ 1, c4<z>; HiZ drive
v00000229c302d8c0_0 .net "D", 0 0, o00000229c2fe4c48;  0 drivers
o00000229c2fe4c78 .functor BUFZ 1, c4<z>; HiZ drive
v00000229c302d140_0 .net "E", 0 0, o00000229c2fe4c78;  0 drivers
v00000229c302d0a0_0 .var "Q", 0 0;
o00000229c2fe4cd8 .functor BUFZ 1, c4<z>; HiZ drive
v00000229c302e900_0 .net "R", 0 0, o00000229c2fe4cd8;  0 drivers
E_00000229c2fb8ec0 .event negedge, v00000229c302db40_0;
S_00000229c2fc6130 .scope module, "SB_DFFNESS" "SB_DFFNESS" 3 1344;
 .timescale -12 -12;
    .port_info 0 /OUTPUT 1 "Q";
    .port_info 1 /INPUT 1 "C";
    .port_info 2 /INPUT 1 "E";
    .port_info 3 /INPUT 1 "S";
    .port_info 4 /INPUT 1 "D";
o00000229c2fe4df8 .functor BUFZ 1, c4<z>; HiZ drive
v00000229c302ed60_0 .net "C", 0 0, o00000229c2fe4df8;  0 drivers
o00000229c2fe4e28 .functor BUFZ 1, c4<z>; HiZ drive
v00000229c302e9a0_0 .net "D", 0 0, o00000229c2fe4e28;  0 drivers
o00000229c2fe4e58 .functor BUFZ 1, c4<z>; HiZ drive
v00000229c302d780_0 .net "E", 0 0, o00000229c2fe4e58;  0 drivers
v00000229c302d3c0_0 .var "Q", 0 0;
o00000229c2fe4eb8 .functor BUFZ 1, c4<z>; HiZ drive
v00000229c302ea40_0 .net "S", 0 0, o00000229c2fe4eb8;  0 drivers
E_00000229c2fb9000 .event negedge, v00000229c302ed60_0;
S_00000229c2fc5e10 .scope module, "SB_DFFNR" "SB_DFFNR" 3 1011;
 .timescale -12 -12;
    .port_info 0 /OUTPUT 1 "Q";
    .port_info 1 /INPUT 1 "C";
    .port_info 2 /INPUT 1 "R";
    .port_info 3 /INPUT 1 "D";
o00000229c2fe4fd8 .functor BUFZ 1, c4<z>; HiZ drive
v00000229c302dbe0_0 .net "C", 0 0, o00000229c2fe4fd8;  0 drivers
o00000229c2fe5008 .functor BUFZ 1, c4<z>; HiZ drive
v00000229c302ddc0_0 .net "D", 0 0, o00000229c2fe5008;  0 drivers
v00000229c302cf60_0 .var "Q", 0 0;
o00000229c2fe5068 .functor BUFZ 1, c4<z>; HiZ drive
v00000229c302d000_0 .net "R", 0 0, o00000229c2fe5068;  0 drivers
E_00000229c2fb9380/0 .event negedge, v00000229c302dbe0_0;
E_00000229c2fb9380/1 .event posedge, v00000229c302d000_0;
E_00000229c2fb9380 .event/or E_00000229c2fb9380/0, E_00000229c2fb9380/1;
S_00000229c2fc5960 .scope module, "SB_DFFNS" "SB_DFFNS" 3 1132;
 .timescale -12 -12;
    .port_info 0 /OUTPUT 1 "Q";
    .port_info 1 /INPUT 1 "C";
    .port_info 2 /INPUT 1 "S";
    .port_info 3 /INPUT 1 "D";
o00000229c2fe5158 .functor BUFZ 1, c4<z>; HiZ drive
v00000229c302d460_0 .net "C", 0 0, o00000229c2fe5158;  0 drivers
o00000229c2fe5188 .functor BUFZ 1, c4<z>; HiZ drive
v00000229c302de60_0 .net "D", 0 0, o00000229c2fe5188;  0 drivers
v00000229c302d500_0 .var "Q", 0 0;
o00000229c2fe51e8 .functor BUFZ 1, c4<z>; HiZ drive
v00000229c302d6e0_0 .net "S", 0 0, o00000229c2fe51e8;  0 drivers
E_00000229c2fb8c80/0 .event negedge, v00000229c302d460_0;
E_00000229c2fb8c80/1 .event posedge, v00000229c302d6e0_0;
E_00000229c2fb8c80 .event/or E_00000229c2fb8c80/0, E_00000229c2fb8c80/1;
S_00000229c2fc5fa0 .scope module, "SB_DFFNSR" "SB_DFFNSR" 3 961;
 .timescale -12 -12;
    .port_info 0 /OUTPUT 1 "Q";
    .port_info 1 /INPUT 1 "C";
    .port_info 2 /INPUT 1 "R";
    .port_info 3 /INPUT 1 "D";
o00000229c2fe52d8 .functor BUFZ 1, c4<z>; HiZ drive
v00000229c302df00_0 .net "C", 0 0, o00000229c2fe52d8;  0 drivers
o00000229c2fe5308 .functor BUFZ 1, c4<z>; HiZ drive
v00000229c302e180_0 .net "D", 0 0, o00000229c2fe5308;  0 drivers
v00000229c302dfa0_0 .var "Q", 0 0;
o00000229c2fe5368 .functor BUFZ 1, c4<z>; HiZ drive
v00000229c302e0e0_0 .net "R", 0 0, o00000229c2fe5368;  0 drivers
E_00000229c2fb89c0 .event negedge, v00000229c302df00_0;
S_00000229c2fc5c80 .scope module, "SB_DFFNSS" "SB_DFFNSS" 3 1082;
 .timescale -12 -12;
    .port_info 0 /OUTPUT 1 "Q";
    .port_info 1 /INPUT 1 "C";
    .port_info 2 /INPUT 1 "S";
    .port_info 3 /INPUT 1 "D";
o00000229c2fe5458 .functor BUFZ 1, c4<z>; HiZ drive
v00000229c302f120_0 .net "C", 0 0, o00000229c2fe5458;  0 drivers
o00000229c2fe5488 .functor BUFZ 1, c4<z>; HiZ drive
v00000229c302f1c0_0 .net "D", 0 0, o00000229c2fe5488;  0 drivers
v00000229c302f300_0 .var "Q", 0 0;
o00000229c2fe54e8 .functor BUFZ 1, c4<z>; HiZ drive
v00000229c3030d40_0 .net "S", 0 0, o00000229c2fe54e8;  0 drivers
E_00000229c2fb8940 .event negedge, v00000229c302f120_0;
S_00000229c2fc57d0 .scope module, "SB_DFFR" "SB_DFFR" 3 400;
 .timescale -12 -12;
    .port_info 0 /OUTPUT 1 "Q";
    .port_info 1 /INPUT 1 "C";
    .port_info 2 /INPUT 1 "R";
    .port_info 3 /INPUT 1 "D";
o00000229c2fe55d8 .functor BUFZ 1, c4<z>; HiZ drive
v00000229c302f8a0_0 .net "C", 0 0, o00000229c2fe55d8;  0 drivers
o00000229c2fe5608 .functor BUFZ 1, c4<z>; HiZ drive
v00000229c3030520_0 .net "D", 0 0, o00000229c2fe5608;  0 drivers
v00000229c30303e0_0 .var "Q", 0 0;
o00000229c2fe5668 .functor BUFZ 1, c4<z>; HiZ drive
v00000229c302fee0_0 .net "R", 0 0, o00000229c2fe5668;  0 drivers
E_00000229c2fb9140 .event posedge, v00000229c302fee0_0, v00000229c302f8a0_0;
S_00000229c2fc5640 .scope module, "SB_DFFS" "SB_DFFS" 3 521;
 .timescale -12 -12;
    .port_info 0 /OUTPUT 1 "Q";
    .port_info 1 /INPUT 1 "C";
    .port_info 2 /INPUT 1 "S";
    .port_info 3 /INPUT 1 "D";
o00000229c2fe5758 .functor BUFZ 1, c4<z>; HiZ drive
v00000229c302f940_0 .net "C", 0 0, o00000229c2fe5758;  0 drivers
o00000229c2fe5788 .functor BUFZ 1, c4<z>; HiZ drive
v00000229c30308e0_0 .net "D", 0 0, o00000229c2fe5788;  0 drivers
v00000229c302f760_0 .var "Q", 0 0;
o00000229c2fe57e8 .functor BUFZ 1, c4<z>; HiZ drive
v00000229c3030340_0 .net "S", 0 0, o00000229c2fe57e8;  0 drivers
E_00000229c2fb8f80 .event posedge, v00000229c3030340_0, v00000229c302f940_0;
S_00000229c2fc62c0 .scope module, "SB_DFFSR" "SB_DFFSR" 3 350;
 .timescale -12 -12;
    .port_info 0 /OUTPUT 1 "Q";
    .port_info 1 /INPUT 1 "C";
    .port_info 2 /INPUT 1 "R";
    .port_info 3 /INPUT 1 "D";
o00000229c2fe58d8 .functor BUFZ 1, c4<z>; HiZ drive
v00000229c3030ac0_0 .net "C", 0 0, o00000229c2fe58d8;  0 drivers
o00000229c2fe5908 .functor BUFZ 1, c4<z>; HiZ drive
v00000229c30305c0_0 .net "D", 0 0, o00000229c2fe5908;  0 drivers
v00000229c3030980_0 .var "Q", 0 0;
o00000229c2fe5968 .functor BUFZ 1, c4<z>; HiZ drive
v00000229c302fbc0_0 .net "R", 0 0, o00000229c2fe5968;  0 drivers
E_00000229c2fb8900 .event posedge, v00000229c3030ac0_0;
S_00000229c2fc54b0 .scope module, "SB_DFFSS" "SB_DFFSS" 3 471;
 .timescale -12 -12;
    .port_info 0 /OUTPUT 1 "Q";
    .port_info 1 /INPUT 1 "C";
    .port_info 2 /INPUT 1 "S";
    .port_info 3 /INPUT 1 "D";
o00000229c2fe5a58 .functor BUFZ 1, c4<z>; HiZ drive
v00000229c3030660_0 .net "C", 0 0, o00000229c2fe5a58;  0 drivers
o00000229c2fe5a88 .functor BUFZ 1, c4<z>; HiZ drive
v00000229c302fc60_0 .net "D", 0 0, o00000229c2fe5a88;  0 drivers
v00000229c3030a20_0 .var "Q", 0 0;
o00000229c2fe5ae8 .functor BUFZ 1, c4<z>; HiZ drive
v00000229c302fa80_0 .net "S", 0 0, o00000229c2fe5ae8;  0 drivers
E_00000229c2fb9240 .event posedge, v00000229c3030660_0;
S_00000229c2fc7140 .scope module, "SB_FILTER_50NS" "SB_FILTER_50NS" 3 2856;
 .timescale -12 -12;
    .port_info 0 /INPUT 1 "FILTERIN";
    .port_info 1 /OUTPUT 1 "FILTEROUT";
o00000229c2fe5bd8 .functor BUFZ 1, c4<z>; HiZ drive
v00000229c3030480_0 .net "FILTERIN", 0 0, o00000229c2fe5bd8;  0 drivers
o00000229c2fe5c08 .functor BUFZ 1, c4<z>; HiZ drive
v00000229c302f9e0_0 .net "FILTEROUT", 0 0, o00000229c2fe5c08;  0 drivers
S_00000229c2fc6b00 .scope module, "SB_GB" "SB_GB" 3 162;
 .timescale -12 -12;
    .port_info 0 /INPUT 1 "USER_SIGNAL_TO_GLOBAL_BUFFER";
    .port_info 1 /OUTPUT 1 "GLOBAL_BUFFER_OUTPUT";
o00000229c2fe5cc8 .functor BUFZ 1, c4<z>; HiZ drive
L_00000229c2fc2f40 .functor BUFZ 1, o00000229c2fe5cc8, C4<0>, C4<0>, C4<0>;
v00000229c302fb20_0 .net "GLOBAL_BUFFER_OUTPUT", 0 0, L_00000229c2fc2f40;  1 drivers
v00000229c3030160_0 .net "USER_SIGNAL_TO_GLOBAL_BUFFER", 0 0, o00000229c2fe5cc8;  0 drivers
S_00000229c2fc6650 .scope module, "SB_GB_IO" "SB_GB_IO" 3 123;
 .timescale -12 -12;
    .port_info 0 /INOUT 1 "PACKAGE_PIN";
    .port_info 1 /OUTPUT 1 "GLOBAL_BUFFER_OUTPUT";
    .port_info 2 /INPUT 1 "LATCH_INPUT_VALUE";
    .port_info 3 /INPUT 1 "CLOCK_ENABLE";
    .port_info 4 /INPUT 1 "INPUT_CLK";
    .port_info 5 /INPUT 1 "OUTPUT_CLK";
    .port_info 6 /INPUT 1 "OUTPUT_ENABLE";
    .port_info 7 /INPUT 1 "D_OUT_0";
    .port_info 8 /INPUT 1 "D_OUT_1";
    .port_info 9 /OUTPUT 1 "D_IN_0";
    .port_info 10 /OUTPUT 1 "D_IN_1";
P_00000229c2d42ff0 .param/str "IO_STANDARD" 0 3 139, "SB_LVCMOS";
P_00000229c2d43028 .param/l "NEG_TRIGGER" 0 3 138, C4<0>;
P_00000229c2d43060 .param/l "PIN_TYPE" 0 3 136, C4<000000>;
P_00000229c2d43098 .param/l "PULLUP" 0 3 137, C4<0>;
o00000229c2fe5f08 .functor BUFZ 1, c4<z>; HiZ drive
L_00000229c2fc24c0 .functor BUFZ 1, o00000229c2fe5f08, C4<0>, C4<0>, C4<0>;
o00000229c2fe5d58 .functor BUFZ 1, c4<z>; HiZ drive
v00000229c30346a0_0 .net "CLOCK_ENABLE", 0 0, o00000229c2fe5d58;  0 drivers
v00000229c30347e0_0 .net "D_IN_0", 0 0, L_00000229c2fc2840;  1 drivers
v00000229c3033200_0 .net "D_IN_1", 0 0, L_00000229c2fc1b20;  1 drivers
o00000229c2fe5de8 .functor BUFZ 1, c4<z>; HiZ drive
v00000229c3033d40_0 .net "D_OUT_0", 0 0, o00000229c2fe5de8;  0 drivers
o00000229c2fe5e18 .functor BUFZ 1, c4<z>; HiZ drive
v00000229c30349c0_0 .net "D_OUT_1", 0 0, o00000229c2fe5e18;  0 drivers
v00000229c3033a20_0 .net "GLOBAL_BUFFER_OUTPUT", 0 0, L_00000229c2fc24c0;  1 drivers
o00000229c2fe5e48 .functor BUFZ 1, c4<z>; HiZ drive
v00000229c3033ca0_0 .net "INPUT_CLK", 0 0, o00000229c2fe5e48;  0 drivers
o00000229c2fe5e78 .functor BUFZ 1, c4<z>; HiZ drive
v00000229c3035000_0 .net "LATCH_INPUT_VALUE", 0 0, o00000229c2fe5e78;  0 drivers
o00000229c2fe5ea8 .functor BUFZ 1, c4<z>; HiZ drive
v00000229c30351e0_0 .net "OUTPUT_CLK", 0 0, o00000229c2fe5ea8;  0 drivers
o00000229c2fe5ed8 .functor BUFZ 1, c4<z>; HiZ drive
v00000229c3034ce0_0 .net "OUTPUT_ENABLE", 0 0, o00000229c2fe5ed8;  0 drivers
v00000229c3034240_0 .net "PACKAGE_PIN", 0 0, o00000229c2fe5f08;  0 drivers
S_00000229c2fcbc60 .scope module, "IO" "SB_IO" 3 148, 3 17 0, S_00000229c2fc6650;
 .timescale -12 -12;
    .port_info 0 /INOUT 1 "PACKAGE_PIN";
    .port_info 1 /INPUT 1 "LATCH_INPUT_VALUE";
    .port_info 2 /INPUT 1 "CLOCK_ENABLE";
    .port_info 3 /INPUT 1 "INPUT_CLK";
    .port_info 4 /INPUT 1 "OUTPUT_CLK";
    .port_info 5 /INPUT 1 "OUTPUT_ENABLE";
    .port_info 6 /INPUT 1 "D_OUT_0";
    .port_info 7 /INPUT 1 "D_OUT_1";
    .port_info 8 /OUTPUT 1 "D_IN_0";
    .port_info 9 /OUTPUT 1 "D_IN_1";
P_00000229c302c0e0 .param/str "IO_STANDARD" 0 3 32, "SB_LVCMOS";
P_00000229c302c118 .param/l "NEG_TRIGGER" 0 3 31, C4<0>;
P_00000229c302c150 .param/l "PIN_TYPE" 0 3 29, C4<000000>;
P_00000229c302c188 .param/l "PULLUP" 0 3 30, C4<0>;
L_00000229c2fc2ca0 .functor OR 1, o00000229c2fe5d58, L_00000229c30bf210, C4<0>, C4<0>;
L_00000229c2fc2840 .functor BUFZ 1, v00000229c30302a0_0, C4<0>, C4<0>, C4<0>;
L_00000229c2fc1b20 .functor BUFZ 1, v00000229c30338e0_0, C4<0>, C4<0>, C4<0>;
v00000229c3030700_0 .net "CLOCK_ENABLE", 0 0, o00000229c2fe5d58;  alias, 0 drivers
v00000229c30307a0_0 .net "D_IN_0", 0 0, L_00000229c2fc2840;  alias, 1 drivers
v00000229c3030ca0_0 .net "D_IN_1", 0 0, L_00000229c2fc1b20;  alias, 1 drivers
v00000229c3030840_0 .net "D_OUT_0", 0 0, o00000229c2fe5de8;  alias, 0 drivers
v00000229c302fda0_0 .net "D_OUT_1", 0 0, o00000229c2fe5e18;  alias, 0 drivers
v00000229c3030b60_0 .net "INPUT_CLK", 0 0, o00000229c2fe5e48;  alias, 0 drivers
v00000229c3030c00_0 .net "LATCH_INPUT_VALUE", 0 0, o00000229c2fe5e78;  alias, 0 drivers
v00000229c3030de0_0 .net "OUTPUT_CLK", 0 0, o00000229c2fe5ea8;  alias, 0 drivers
v00000229c302f800_0 .net "OUTPUT_ENABLE", 0 0, o00000229c2fe5ed8;  alias, 0 drivers
v00000229c302fd00_0 .net "PACKAGE_PIN", 0 0, o00000229c2fe5f08;  alias, 0 drivers
o00000229c2fe5f38 .functor BUFZ 1, c4<z>; HiZ drive
; Elide local net with no drivers, v00000229c3030020_0 name=_ivl_0
v00000229c302fe40_0 .net *"_ivl_2", 0 0, L_00000229c30bf210;  1 drivers
v00000229c302ff80_0 .net "clken_pulled", 0 0, L_00000229c2fc2ca0;  1 drivers
v00000229c30300c0_0 .var "clken_pulled_ri", 0 0;
v00000229c3030200_0 .var "clken_pulled_ro", 0 0;
v00000229c30302a0_0 .var "din_0", 0 0;
v00000229c30338e0_0 .var "din_1", 0 0;
v00000229c3034420_0 .var "din_q_0", 0 0;
v00000229c3034c40_0 .var "din_q_1", 0 0;
v00000229c3034880_0 .var "dout", 0 0;
v00000229c3034d80_0 .var "dout_q_0", 0 0;
v00000229c3033160_0 .var "dout_q_1", 0 0;
v00000229c30344c0_0 .var "outclk_delayed_1", 0 0;
v00000229c3035640_0 .var "outclk_delayed_2", 0 0;
v00000229c30356e0_0 .var "outena_q", 0 0;
E_00000229c2fb8e40 .event anyedge, v00000229c3035640_0, v00000229c3034d80_0, v00000229c3033160_0;
E_00000229c2fb8580 .event anyedge, v00000229c30344c0_0;
E_00000229c2fb8fc0 .event anyedge, v00000229c3030de0_0;
E_00000229c2fb93c0 .event anyedge, v00000229c3034420_0, v00000229c3034c40_0;
L_00000229c30bf210 .cmp/eeq 1, o00000229c2fe5d58, o00000229c2fe5f38;
S_00000229c2fcc750 .scope generate, "genblk1" "genblk1" 3 45, 3 45 0, S_00000229c2fcbc60;
 .timescale -12 -12;
E_00000229c2fb9280 .event posedge, v00000229c3030de0_0;
E_00000229c2fb8540 .event negedge, v00000229c3030de0_0;
E_00000229c2fb92c0 .event negedge, v00000229c3030b60_0;
E_00000229c2fb8a40 .event posedge, v00000229c3030b60_0;
S_00000229c2fc6c90 .scope module, "SB_I2C" "SB_I2C" 3 2733;
 .timescale -12 -12;
    .port_info 0 /INPUT 1 "SBCLKI";
    .port_info 1 /INPUT 1 "SBRWI";
    .port_info 2 /INPUT 1 "SBSTBI";
    .port_info 3 /INPUT 1 "SBADRI7";
    .port_info 4 /INPUT 1 "SBADRI6";
    .port_info 5 /INPUT 1 "SBADRI5";
    .port_info 6 /INPUT 1 "SBADRI4";
    .port_info 7 /INPUT 1 "SBADRI3";
    .port_info 8 /INPUT 1 "SBADRI2";
    .port_info 9 /INPUT 1 "SBADRI1";
    .port_info 10 /INPUT 1 "SBADRI0";
    .port_info 11 /INPUT 1 "SBDATI7";
    .port_info 12 /INPUT 1 "SBDATI6";
    .port_info 13 /INPUT 1 "SBDATI5";
    .port_info 14 /INPUT 1 "SBDATI4";
    .port_info 15 /INPUT 1 "SBDATI3";
    .port_info 16 /INPUT 1 "SBDATI2";
    .port_info 17 /INPUT 1 "SBDATI1";
    .port_info 18 /INPUT 1 "SBDATI0";
    .port_info 19 /INPUT 1 "SCLI";
    .port_info 20 /INPUT 1 "SDAI";
    .port_info 21 /OUTPUT 1 "SBDATO7";
    .port_info 22 /OUTPUT 1 "SBDATO6";
    .port_info 23 /OUTPUT 1 "SBDATO5";
    .port_info 24 /OUTPUT 1 "SBDATO4";
    .port_info 25 /OUTPUT 1 "SBDATO3";
    .port_info 26 /OUTPUT 1 "SBDATO2";
    .port_info 27 /OUTPUT 1 "SBDATO1";
    .port_info 28 /OUTPUT 1 "SBDATO0";
    .port_info 29 /OUTPUT 1 "SBACKO";
    .port_info 30 /OUTPUT 1 "I2CIRQ";
    .port_info 31 /OUTPUT 1 "I2CWKUP";
    .port_info 32 /OUTPUT 1 "SCLO";
    .port_info 33 /OUTPUT 1 "SCLOE";
    .port_info 34 /OUTPUT 1 "SDAO";
    .port_info 35 /OUTPUT 1 "SDAOE";
P_00000229c2de7f90 .param/str "BUS_ADDR74" 0 3 2772, "0b0001";
P_00000229c2de7fc8 .param/str "I2C_SLAVE_INIT_ADDR" 0 3 2771, "0b1111100001";
o00000229c2fe6628 .functor BUFZ 1, c4<z>; HiZ drive
v00000229c3034740_0 .net "I2CIRQ", 0 0, o00000229c2fe6628;  0 drivers
o00000229c2fe6658 .functor BUFZ 1, c4<z>; HiZ drive
v00000229c3034560_0 .net "I2CWKUP", 0 0, o00000229c2fe6658;  0 drivers
o00000229c2fe6688 .functor BUFZ 1, c4<z>; HiZ drive
v00000229c3033de0_0 .net "SBACKO", 0 0, o00000229c2fe6688;  0 drivers
o00000229c2fe66b8 .functor BUFZ 1, c4<z>; HiZ drive
v00000229c30350a0_0 .net "SBADRI0", 0 0, o00000229c2fe66b8;  0 drivers
o00000229c2fe66e8 .functor BUFZ 1, c4<z>; HiZ drive
v00000229c3033340_0 .net "SBADRI1", 0 0, o00000229c2fe66e8;  0 drivers
o00000229c2fe6718 .functor BUFZ 1, c4<z>; HiZ drive
v00000229c3034b00_0 .net "SBADRI2", 0 0, o00000229c2fe6718;  0 drivers
o00000229c2fe6748 .functor BUFZ 1, c4<z>; HiZ drive
v00000229c30332a0_0 .net "SBADRI3", 0 0, o00000229c2fe6748;  0 drivers
o00000229c2fe6778 .functor BUFZ 1, c4<z>; HiZ drive
v00000229c3034060_0 .net "SBADRI4", 0 0, o00000229c2fe6778;  0 drivers
o00000229c2fe67a8 .functor BUFZ 1, c4<z>; HiZ drive
v00000229c3034100_0 .net "SBADRI5", 0 0, o00000229c2fe67a8;  0 drivers
o00000229c2fe67d8 .functor BUFZ 1, c4<z>; HiZ drive
v00000229c3034f60_0 .net "SBADRI6", 0 0, o00000229c2fe67d8;  0 drivers
o00000229c2fe6808 .functor BUFZ 1, c4<z>; HiZ drive
v00000229c30342e0_0 .net "SBADRI7", 0 0, o00000229c2fe6808;  0 drivers
o00000229c2fe6838 .functor BUFZ 1, c4<z>; HiZ drive
v00000229c3033f20_0 .net "SBCLKI", 0 0, o00000229c2fe6838;  0 drivers
o00000229c2fe6868 .functor BUFZ 1, c4<z>; HiZ drive
v00000229c3035320_0 .net "SBDATI0", 0 0, o00000229c2fe6868;  0 drivers
o00000229c2fe6898 .functor BUFZ 1, c4<z>; HiZ drive
v00000229c30333e0_0 .net "SBDATI1", 0 0, o00000229c2fe6898;  0 drivers
o00000229c2fe68c8 .functor BUFZ 1, c4<z>; HiZ drive
v00000229c3033e80_0 .net "SBDATI2", 0 0, o00000229c2fe68c8;  0 drivers
o00000229c2fe68f8 .functor BUFZ 1, c4<z>; HiZ drive
v00000229c3035140_0 .net "SBDATI3", 0 0, o00000229c2fe68f8;  0 drivers
o00000229c2fe6928 .functor BUFZ 1, c4<z>; HiZ drive
v00000229c3033480_0 .net "SBDATI4", 0 0, o00000229c2fe6928;  0 drivers
o00000229c2fe6958 .functor BUFZ 1, c4<z>; HiZ drive
v00000229c3035280_0 .net "SBDATI5", 0 0, o00000229c2fe6958;  0 drivers
o00000229c2fe6988 .functor BUFZ 1, c4<z>; HiZ drive
v00000229c30353c0_0 .net "SBDATI6", 0 0, o00000229c2fe6988;  0 drivers
o00000229c2fe69b8 .functor BUFZ 1, c4<z>; HiZ drive
v00000229c30335c0_0 .net "SBDATI7", 0 0, o00000229c2fe69b8;  0 drivers
o00000229c2fe69e8 .functor BUFZ 1, c4<z>; HiZ drive
v00000229c3034e20_0 .net "SBDATO0", 0 0, o00000229c2fe69e8;  0 drivers
o00000229c2fe6a18 .functor BUFZ 1, c4<z>; HiZ drive
v00000229c3033700_0 .net "SBDATO1", 0 0, o00000229c2fe6a18;  0 drivers
o00000229c2fe6a48 .functor BUFZ 1, c4<z>; HiZ drive
v00000229c3034380_0 .net "SBDATO2", 0 0, o00000229c2fe6a48;  0 drivers
o00000229c2fe6a78 .functor BUFZ 1, c4<z>; HiZ drive
v00000229c3033980_0 .net "SBDATO3", 0 0, o00000229c2fe6a78;  0 drivers
o00000229c2fe6aa8 .functor BUFZ 1, c4<z>; HiZ drive
v00000229c3034920_0 .net "SBDATO4", 0 0, o00000229c2fe6aa8;  0 drivers
o00000229c2fe6ad8 .functor BUFZ 1, c4<z>; HiZ drive
v00000229c3034600_0 .net "SBDATO5", 0 0, o00000229c2fe6ad8;  0 drivers
o00000229c2fe6b08 .functor BUFZ 1, c4<z>; HiZ drive
v00000229c3033ac0_0 .net "SBDATO6", 0 0, o00000229c2fe6b08;  0 drivers
o00000229c2fe6b38 .functor BUFZ 1, c4<z>; HiZ drive
v00000229c3034ec0_0 .net "SBDATO7", 0 0, o00000229c2fe6b38;  0 drivers
o00000229c2fe6b68 .functor BUFZ 1, c4<z>; HiZ drive
v00000229c3032f80_0 .net "SBRWI", 0 0, o00000229c2fe6b68;  0 drivers
o00000229c2fe6b98 .functor BUFZ 1, c4<z>; HiZ drive
v00000229c3033520_0 .net "SBSTBI", 0 0, o00000229c2fe6b98;  0 drivers
o00000229c2fe6bc8 .functor BUFZ 1, c4<z>; HiZ drive
v00000229c3034a60_0 .net "SCLI", 0 0, o00000229c2fe6bc8;  0 drivers
o00000229c2fe6bf8 .functor BUFZ 1, c4<z>; HiZ drive
v00000229c3035460_0 .net "SCLO", 0 0, o00000229c2fe6bf8;  0 drivers
o00000229c2fe6c28 .functor BUFZ 1, c4<z>; HiZ drive
v00000229c3034ba0_0 .net "SCLOE", 0 0, o00000229c2fe6c28;  0 drivers
o00000229c2fe6c58 .functor BUFZ 1, c4<z>; HiZ drive
v00000229c3035500_0 .net "SDAI", 0 0, o00000229c2fe6c58;  0 drivers
o00000229c2fe6c88 .functor BUFZ 1, c4<z>; HiZ drive
v00000229c3033b60_0 .net "SDAO", 0 0, o00000229c2fe6c88;  0 drivers
o00000229c2fe6cb8 .functor BUFZ 1, c4<z>; HiZ drive
v00000229c30341a0_0 .net "SDAOE", 0 0, o00000229c2fe6cb8;  0 drivers
S_00000229c2fc6e20 .scope module, "SB_IO_I3C" "SB_IO_I3C" 3 2862;
 .timescale -12 -12;
    .port_info 0 /INOUT 1 "PACKAGE_PIN";
    .port_info 1 /INPUT 1 "LATCH_INPUT_VALUE";
    .port_info 2 /INPUT 1 "CLOCK_ENABLE";
    .port_info 3 /INPUT 1 "INPUT_CLK";
    .port_info 4 /INPUT 1 "OUTPUT_CLK";
    .port_info 5 /INPUT 1 "OUTPUT_ENABLE";
    .port_info 6 /INPUT 1 "D_OUT_0";
    .port_info 7 /INPUT 1 "D_OUT_1";
    .port_info 8 /OUTPUT 1 "D_IN_0";
    .port_info 9 /OUTPUT 1 "D_IN_1";
    .port_info 10 /INPUT 1 "PU_ENB";
    .port_info 11 /INPUT 1 "WEAK_PU_ENB";
P_00000229c2d4d520 .param/str "IO_STANDARD" 0 3 2880, "SB_LVCMOS";
P_00000229c2d4d558 .param/l "NEG_TRIGGER" 0 3 2879, C4<0>;
P_00000229c2d4d590 .param/l "PIN_TYPE" 0 3 2876, C4<000000>;
P_00000229c2d4d5c8 .param/l "PULLUP" 0 3 2877, C4<0>;
P_00000229c2d4d600 .param/l "WEAK_PULLUP" 0 3 2878, C4<0>;
L_00000229c2fc1ea0 .functor BUFZ 1, v00000229c3035d20_0, C4<0>, C4<0>, C4<0>;
L_00000229c2fc2760 .functor BUFZ 1, v00000229c3036900_0, C4<0>, C4<0>, C4<0>;
o00000229c2fe73a8 .functor BUFZ 1, c4<z>; HiZ drive
v00000229c30355a0_0 .net "CLOCK_ENABLE", 0 0, o00000229c2fe73a8;  0 drivers
v00000229c3033020_0 .net "D_IN_0", 0 0, L_00000229c2fc1ea0;  1 drivers
v00000229c30330c0_0 .net "D_IN_1", 0 0, L_00000229c2fc2760;  1 drivers
o00000229c2fe7438 .functor BUFZ 1, c4<z>; HiZ drive
v00000229c3033660_0 .net "D_OUT_0", 0 0, o00000229c2fe7438;  0 drivers
o00000229c2fe7468 .functor BUFZ 1, c4<z>; HiZ drive
v00000229c30337a0_0 .net "D_OUT_1", 0 0, o00000229c2fe7468;  0 drivers
o00000229c2fe7498 .functor BUFZ 1, c4<z>; HiZ drive
v00000229c3033840_0 .net "INPUT_CLK", 0 0, o00000229c2fe7498;  0 drivers
o00000229c2fe74c8 .functor BUFZ 1, c4<z>; HiZ drive
v00000229c3033c00_0 .net "LATCH_INPUT_VALUE", 0 0, o00000229c2fe74c8;  0 drivers
o00000229c2fe74f8 .functor BUFZ 1, c4<z>; HiZ drive
v00000229c3033fc0_0 .net "OUTPUT_CLK", 0 0, o00000229c2fe74f8;  0 drivers
o00000229c2fe7528 .functor BUFZ 1, c4<z>; HiZ drive
v00000229c3036cc0_0 .net "OUTPUT_ENABLE", 0 0, o00000229c2fe7528;  0 drivers
o00000229c2fe7558 .functor BUFZ 1, c4<z>; HiZ drive
v00000229c3035960_0 .net "PACKAGE_PIN", 0 0, o00000229c2fe7558;  0 drivers
o00000229c2fe7588 .functor BUFZ 1, c4<z>; HiZ drive
v00000229c3035fa0_0 .net "PU_ENB", 0 0, o00000229c2fe7588;  0 drivers
o00000229c2fe75b8 .functor BUFZ 1, c4<z>; HiZ drive
v00000229c3036040_0 .net "WEAK_PU_ENB", 0 0, o00000229c2fe75b8;  0 drivers
v00000229c3035d20_0 .var "din_0", 0 0;
v00000229c3036900_0 .var "din_1", 0 0;
v00000229c3036400_0 .var "din_q_0", 0 0;
v00000229c3035dc0_0 .var "din_q_1", 0 0;
v00000229c3035aa0_0 .var "dout", 0 0;
v00000229c3035820_0 .var "dout_q_0", 0 0;
v00000229c3036360_0 .var "dout_q_1", 0 0;
v00000229c3036d60_0 .var "outclk_delayed_1", 0 0;
v00000229c3036e00_0 .var "outclk_delayed_2", 0 0;
v00000229c3036860_0 .var "outena_q", 0 0;
E_00000229c2fb8780 .event anyedge, v00000229c3036e00_0, v00000229c3035820_0, v00000229c3036360_0;
E_00000229c2fb9040 .event anyedge, v00000229c3036d60_0;
E_00000229c2fb9180 .event anyedge, v00000229c3033fc0_0;
E_00000229c2fb9300 .event anyedge, v00000229c3036400_0, v00000229c3035dc0_0;
S_00000229c2fcb7b0 .scope generate, "genblk1" "genblk1" 3 2888, 3 2888 0, S_00000229c2fc6e20;
 .timescale -12 -12;
E_00000229c2fb8b00 .event posedge, v00000229c3033fc0_0;
E_00000229c2fb8bc0 .event negedge, v00000229c3033fc0_0;
E_00000229c2fb8f00 .event negedge, v00000229c3033840_0;
E_00000229c2fb9440 .event posedge, v00000229c3033840_0;
S_00000229c2fc64c0 .scope module, "SB_IO_OD" "SB_IO_OD" 3 2931;
 .timescale -12 -12;
    .port_info 0 /INOUT 1 "PACKAGEPIN";
    .port_info 1 /INPUT 1 "LATCHINPUTVALUE";
    .port_info 2 /INPUT 1 "CLOCKENABLE";
    .port_info 3 /INPUT 1 "INPUTCLK";
    .port_info 4 /INPUT 1 "OUTPUTCLK";
    .port_info 5 /INPUT 1 "OUTPUTENABLE";
    .port_info 6 /INPUT 1 "DOUT1";
    .port_info 7 /INPUT 1 "DOUT0";
    .port_info 8 /OUTPUT 1 "DIN1";
    .port_info 9 /OUTPUT 1 "DIN0";
P_00000229c2de7e90 .param/l "NEG_TRIGGER" 0 3 2944, C4<0>;
P_00000229c2de7ec8 .param/l "PIN_TYPE" 0 3 2943, C4<000000>;
L_00000229c2fc27d0 .functor BUFZ 1, v00000229c3035a00_0, C4<0>, C4<0>, C4<0>;
L_00000229c2fc2060 .functor BUFZ 1, v00000229c30360e0_0, C4<0>, C4<0>, C4<0>;
o00000229c2fe7a08 .functor BUFZ 1, c4<z>; HiZ drive
v00000229c30365e0_0 .net "CLOCKENABLE", 0 0, o00000229c2fe7a08;  0 drivers
v00000229c30369a0_0 .net "DIN0", 0 0, L_00000229c2fc27d0;  1 drivers
v00000229c30364a0_0 .net "DIN1", 0 0, L_00000229c2fc2060;  1 drivers
o00000229c2fe7a98 .functor BUFZ 1, c4<z>; HiZ drive
v00000229c30362c0_0 .net "DOUT0", 0 0, o00000229c2fe7a98;  0 drivers
o00000229c2fe7ac8 .functor BUFZ 1, c4<z>; HiZ drive
v00000229c3035e60_0 .net "DOUT1", 0 0, o00000229c2fe7ac8;  0 drivers
o00000229c2fe7af8 .functor BUFZ 1, c4<z>; HiZ drive
v00000229c30367c0_0 .net "INPUTCLK", 0 0, o00000229c2fe7af8;  0 drivers
o00000229c2fe7b28 .functor BUFZ 1, c4<z>; HiZ drive
v00000229c3036220_0 .net "LATCHINPUTVALUE", 0 0, o00000229c2fe7b28;  0 drivers
o00000229c2fe7b58 .functor BUFZ 1, c4<z>; HiZ drive
v00000229c3036a40_0 .net "OUTPUTCLK", 0 0, o00000229c2fe7b58;  0 drivers
o00000229c2fe7b88 .functor BUFZ 1, c4<z>; HiZ drive
v00000229c3035f00_0 .net "OUTPUTENABLE", 0 0, o00000229c2fe7b88;  0 drivers
o00000229c2fe7bb8 .functor BUFZ 1, c4<z>; HiZ drive
v00000229c3036ae0_0 .net "PACKAGEPIN", 0 0, o00000229c2fe7bb8;  0 drivers
v00000229c3035a00_0 .var "din_0", 0 0;
v00000229c30360e0_0 .var "din_1", 0 0;
v00000229c3035780_0 .var "din_q_0", 0 0;
v00000229c3036180_0 .var "din_q_1", 0 0;
v00000229c3036540_0 .var "dout", 0 0;
v00000229c3036680_0 .var "dout_q_0", 0 0;
v00000229c3036720_0 .var "dout_q_1", 0 0;
v00000229c3036b80_0 .var "outclk_delayed_1", 0 0;
v00000229c3036c20_0 .var "outclk_delayed_2", 0 0;
v00000229c30358c0_0 .var "outena_q", 0 0;
E_00000229c2fb8a80 .event anyedge, v00000229c3036c20_0, v00000229c3036680_0, v00000229c3036720_0;
E_00000229c2fb9080 .event anyedge, v00000229c3036b80_0;
E_00000229c2fb8680 .event anyedge, v00000229c3036a40_0;
E_00000229c2fb8c00 .event anyedge, v00000229c3035780_0, v00000229c3036180_0;
S_00000229c2fcbdf0 .scope generate, "genblk1" "genblk1" 3 2952, 3 2952 0, S_00000229c2fc64c0;
 .timescale -12 -12;
E_00000229c2fb91c0 .event posedge, v00000229c3036a40_0;
E_00000229c2fb8ac0 .event negedge, v00000229c3036a40_0;
E_00000229c2fb94c0 .event negedge, v00000229c30367c0_0;
E_00000229c2fb8dc0 .event posedge, v00000229c30367c0_0;
S_00000229c2fc7780 .scope module, "SB_LEDDA_IP" "SB_LEDDA_IP" 3 2830;
 .timescale -12 -12;
    .port_info 0 /INPUT 1 "LEDDCS";
    .port_info 1 /INPUT 1 "LEDDCLK";
    .port_info 2 /INPUT 1 "LEDDDAT7";
    .port_info 3 /INPUT 1 "LEDDDAT6";
    .port_info 4 /INPUT 1 "LEDDDAT5";
    .port_info 5 /INPUT 1 "LEDDDAT4";
    .port_info 6 /INPUT 1 "LEDDDAT3";
    .port_info 7 /INPUT 1 "LEDDDAT2";
    .port_info 8 /INPUT 1 "LEDDDAT1";
    .port_info 9 /INPUT 1 "LEDDDAT0";
    .port_info 10 /INPUT 1 "LEDDADDR3";
    .port_info 11 /INPUT 1 "LEDDADDR2";
    .port_info 12 /INPUT 1 "LEDDADDR1";
    .port_info 13 /INPUT 1 "LEDDADDR0";
    .port_info 14 /INPUT 1 "LEDDDEN";
    .port_info 15 /INPUT 1 "LEDDEXE";
    .port_info 16 /INPUT 1 "LEDDRST";
    .port_info 17 /OUTPUT 1 "PWMOUT0";
    .port_info 18 /OUTPUT 1 "PWMOUT1";
    .port_info 19 /OUTPUT 1 "PWMOUT2";
    .port_info 20 /OUTPUT 1 "LEDDON";
o00000229c2fe7fa8 .functor BUFZ 1, c4<z>; HiZ drive
v00000229c3035b40_0 .net "LEDDADDR0", 0 0, o00000229c2fe7fa8;  0 drivers
o00000229c2fe7fd8 .functor BUFZ 1, c4<z>; HiZ drive
v00000229c3035be0_0 .net "LEDDADDR1", 0 0, o00000229c2fe7fd8;  0 drivers
o00000229c2fe8008 .functor BUFZ 1, c4<z>; HiZ drive
v00000229c3035c80_0 .net "LEDDADDR2", 0 0, o00000229c2fe8008;  0 drivers
o00000229c2fe8038 .functor BUFZ 1, c4<z>; HiZ drive
v00000229c30384d0_0 .net "LEDDADDR3", 0 0, o00000229c2fe8038;  0 drivers
o00000229c2fe8068 .functor BUFZ 1, c4<z>; HiZ drive
v00000229c3038390_0 .net "LEDDCLK", 0 0, o00000229c2fe8068;  0 drivers
o00000229c2fe8098 .functor BUFZ 1, c4<z>; HiZ drive
v00000229c30382f0_0 .net "LEDDCS", 0 0, o00000229c2fe8098;  0 drivers
o00000229c2fe80c8 .functor BUFZ 1, c4<z>; HiZ drive
v00000229c30387f0_0 .net "LEDDDAT0", 0 0, o00000229c2fe80c8;  0 drivers
o00000229c2fe80f8 .functor BUFZ 1, c4<z>; HiZ drive
v00000229c3037210_0 .net "LEDDDAT1", 0 0, o00000229c2fe80f8;  0 drivers
o00000229c2fe8128 .functor BUFZ 1, c4<z>; HiZ drive
v00000229c30393d0_0 .net "LEDDDAT2", 0 0, o00000229c2fe8128;  0 drivers
o00000229c2fe8158 .functor BUFZ 1, c4<z>; HiZ drive
v00000229c3038570_0 .net "LEDDDAT3", 0 0, o00000229c2fe8158;  0 drivers
o00000229c2fe8188 .functor BUFZ 1, c4<z>; HiZ drive
v00000229c3039470_0 .net "LEDDDAT4", 0 0, o00000229c2fe8188;  0 drivers
o00000229c2fe81b8 .functor BUFZ 1, c4<z>; HiZ drive
v00000229c3037cb0_0 .net "LEDDDAT5", 0 0, o00000229c2fe81b8;  0 drivers
o00000229c2fe81e8 .functor BUFZ 1, c4<z>; HiZ drive
v00000229c30381b0_0 .net "LEDDDAT6", 0 0, o00000229c2fe81e8;  0 drivers
o00000229c2fe8218 .functor BUFZ 1, c4<z>; HiZ drive
v00000229c30391f0_0 .net "LEDDDAT7", 0 0, o00000229c2fe8218;  0 drivers
o00000229c2fe8248 .functor BUFZ 1, c4<z>; HiZ drive
v00000229c30372b0_0 .net "LEDDDEN", 0 0, o00000229c2fe8248;  0 drivers
o00000229c2fe8278 .functor BUFZ 1, c4<z>; HiZ drive
v00000229c3038b10_0 .net "LEDDEXE", 0 0, o00000229c2fe8278;  0 drivers
o00000229c2fe82a8 .functor BUFZ 1, c4<z>; HiZ drive
v00000229c3037350_0 .net "LEDDON", 0 0, o00000229c2fe82a8;  0 drivers
o00000229c2fe82d8 .functor BUFZ 1, c4<z>; HiZ drive
v00000229c3038e30_0 .net "LEDDRST", 0 0, o00000229c2fe82d8;  0 drivers
o00000229c2fe8308 .functor BUFZ 1, c4<z>; HiZ drive
v00000229c3039510_0 .net "PWMOUT0", 0 0, o00000229c2fe8308;  0 drivers
o00000229c2fe8338 .functor BUFZ 1, c4<z>; HiZ drive
v00000229c3038f70_0 .net "PWMOUT1", 0 0, o00000229c2fe8338;  0 drivers
o00000229c2fe8368 .functor BUFZ 1, c4<z>; HiZ drive
v00000229c3038430_0 .net "PWMOUT2", 0 0, o00000229c2fe8368;  0 drivers
S_00000229c2fc7910 .scope module, "SB_LED_DRV_CUR" "SB_LED_DRV_CUR" 3 2709;
 .timescale -12 -12;
    .port_info 0 /INPUT 1 "EN";
    .port_info 1 /OUTPUT 1 "LEDPU";
o00000229c2fe8788 .functor BUFZ 1, c4<z>; HiZ drive
v00000229c30395b0_0 .net "EN", 0 0, o00000229c2fe8788;  0 drivers
o00000229c2fe87b8 .functor BUFZ 1, c4<z>; HiZ drive
v00000229c30378f0_0 .net "LEDPU", 0 0, o00000229c2fe87b8;  0 drivers
S_00000229c2fc7f50 .scope module, "SB_LFOSC" "SB_LFOSC" 3 2684;
 .timescale -12 -12;
    .port_info 0 /INPUT 1 "CLKLFPU";
    .port_info 1 /INPUT 1 "CLKLFEN";
    .port_info 2 /OUTPUT 1 "CLKLF";
o00000229c2fe8848 .functor BUFZ 1, c4<z>; HiZ drive
v00000229c3037a30_0 .net "CLKLF", 0 0, o00000229c2fe8848;  0 drivers
o00000229c2fe8878 .functor BUFZ 1, c4<z>; HiZ drive
v00000229c3037850_0 .net "CLKLFEN", 0 0, o00000229c2fe8878;  0 drivers
o00000229c2fe88a8 .functor BUFZ 1, c4<z>; HiZ drive
v00000229c3037170_0 .net "CLKLFPU", 0 0, o00000229c2fe88a8;  0 drivers
S_00000229c2fc80e0 .scope module, "SB_LUT4" "SB_LUT4" 3 177;
 .timescale -12 -12;
    .port_info 0 /OUTPUT 1 "O";
    .port_info 1 /INPUT 1 "I0";
    .port_info 2 /INPUT 1 "I1";
    .port_info 3 /INPUT 1 "I2";
    .port_info 4 /INPUT 1 "I3";
P_00000229c2fb8040 .param/l "LUT_INIT" 0 3 184, C4<0000000000000000>;
o00000229c2fe8968 .functor BUFZ 1, c4<z>; HiZ drive
v00000229c3037d50_0 .net "I0", 0 0, o00000229c2fe8968;  0 drivers
o00000229c2fe8998 .functor BUFZ 1, c4<z>; HiZ drive
v00000229c3037ad0_0 .net "I1", 0 0, o00000229c2fe8998;  0 drivers
o00000229c2fe89c8 .functor BUFZ 1, c4<z>; HiZ drive
v00000229c3037fd0_0 .net "I2", 0 0, o00000229c2fe89c8;  0 drivers
o00000229c2fe89f8 .functor BUFZ 1, c4<z>; HiZ drive
v00000229c3038610_0 .net "I3", 0 0, o00000229c2fe89f8;  0 drivers
v00000229c3038070_0 .net "O", 0 0, L_00000229c30bdff0;  1 drivers
L_00000229c305b360 .functor BUFT 1, C4<00000000>, C4<0>, C4<0>, C4<0>;
v00000229c30373f0_0 .net/2u *"_ivl_0", 7 0, L_00000229c305b360;  1 drivers
v00000229c3037490_0 .net *"_ivl_13", 1 0, L_00000229c30be6d0;  1 drivers
v00000229c3037c10_0 .net *"_ivl_15", 1 0, L_00000229c30bd0f0;  1 drivers
v00000229c30386b0_0 .net *"_ivl_19", 0 0, L_00000229c30be950;  1 drivers
L_00000229c305b3a8 .functor BUFT 1, C4<00000000>, C4<0>, C4<0>, C4<0>;
v00000229c3037b70_0 .net/2u *"_ivl_2", 7 0, L_00000229c305b3a8;  1 drivers
v00000229c3039650_0 .net *"_ivl_21", 0 0, L_00000229c30bed10;  1 drivers
v00000229c3037df0_0 .net *"_ivl_7", 3 0, L_00000229c30bf7b0;  1 drivers
v00000229c3037e90_0 .net *"_ivl_9", 3 0, L_00000229c30bda50;  1 drivers
v00000229c30396f0_0 .net "s1", 1 0, L_00000229c30be810;  1 drivers
v00000229c3036f90_0 .net "s2", 3 0, L_00000229c30bdaf0;  1 drivers
v00000229c3038d90_0 .net "s3", 7 0, L_00000229c30bd870;  1 drivers
L_00000229c30bd870 .functor MUXZ 8, L_00000229c305b3a8, L_00000229c305b360, o00000229c2fe89f8, C4<>;
L_00000229c30bf7b0 .part L_00000229c30bd870, 4, 4;
L_00000229c30bda50 .part L_00000229c30bd870, 0, 4;
L_00000229c30bdaf0 .functor MUXZ 4, L_00000229c30bda50, L_00000229c30bf7b0, o00000229c2fe89c8, C4<>;
L_00000229c30be6d0 .part L_00000229c30bdaf0, 2, 2;
L_00000229c30bd0f0 .part L_00000229c30bdaf0, 0, 2;
L_00000229c30be810 .functor MUXZ 2, L_00000229c30bd0f0, L_00000229c30be6d0, o00000229c2fe8998, C4<>;
L_00000229c30be950 .part L_00000229c30be810, 1, 1;
L_00000229c30bed10 .part L_00000229c30be810, 0, 1;
L_00000229c30bdff0 .functor MUXZ 1, L_00000229c30bed10, L_00000229c30be950, o00000229c2fe8968, C4<>;
S_00000229c2fc7aa0 .scope module, "SB_MAC16" "SB_MAC16" 3 2996;
 .timescale -12 -12;
    .port_info 0 /INPUT 1 "CLK";
    .port_info 1 /INPUT 1 "CE";
    .port_info 2 /INPUT 16 "C";
    .port_info 3 /INPUT 16 "A";
    .port_info 4 /INPUT 16 "B";
    .port_info 5 /INPUT 16 "D";
    .port_info 6 /INPUT 1 "AHOLD";
    .port_info 7 /INPUT 1 "BHOLD";
    .port_info 8 /INPUT 1 "CHOLD";
    .port_info 9 /INPUT 1 "DHOLD";
    .port_info 10 /INPUT 1 "IRSTTOP";
    .port_info 11 /INPUT 1 "IRSTBOT";
    .port_info 12 /INPUT 1 "ORSTTOP";
    .port_info 13 /INPUT 1 "ORSTBOT";
    .port_info 14 /INPUT 1 "OLOADTOP";
    .port_info 15 /INPUT 1 "OLOADBOT";
    .port_info 16 /INPUT 1 "ADDSUBTOP";
    .port_info 17 /INPUT 1 "ADDSUBBOT";
    .port_info 18 /INPUT 1 "OHOLDTOP";
    .port_info 19 /INPUT 1 "OHOLDBOT";
    .port_info 20 /INPUT 1 "CI";
    .port_info 21 /INPUT 1 "ACCUMCI";
    .port_info 22 /INPUT 1 "SIGNEXTIN";
    .port_info 23 /OUTPUT 32 "O";
    .port_info 24 /OUTPUT 1 "CO";
    .port_info 25 /OUTPUT 1 "ACCUMCO";
    .port_info 26 /OUTPUT 1 "SIGNEXTOUT";
P_00000229c2d50920 .param/l "A_REG" 0 3 3011, C4<0>;
P_00000229c2d50958 .param/l "A_SIGNED" 0 3 3027, C4<0>;
P_00000229c2d50990 .param/l "BOTADDSUB_CARRYSELECT" 0 3 3025, C4<00>;
P_00000229c2d509c8 .param/l "BOTADDSUB_LOWERINPUT" 0 3 3023, C4<00>;
P_00000229c2d50a00 .param/l "BOTADDSUB_UPPERINPUT" 0 3 3024, C4<0>;
P_00000229c2d50a38 .param/l "BOTOUTPUT_SELECT" 0 3 3022, C4<00>;
P_00000229c2d50a70 .param/l "BOT_8x8_MULT_REG" 0 3 3015, C4<0>;
P_00000229c2d50aa8 .param/l "B_REG" 0 3 3012, C4<0>;
P_00000229c2d50ae0 .param/l "B_SIGNED" 0 3 3028, C4<0>;
P_00000229c2d50b18 .param/l "C_REG" 0 3 3010, C4<0>;
P_00000229c2d50b50 .param/l "D_REG" 0 3 3013, C4<0>;
P_00000229c2d50b88 .param/l "MODE_8x8" 0 3 3026, C4<0>;
P_00000229c2d50bc0 .param/l "NEG_TRIGGER" 0 3 3009, C4<0>;
P_00000229c2d50bf8 .param/l "PIPELINE_16x16_MULT_REG1" 0 3 3016, C4<0>;
P_00000229c2d50c30 .param/l "PIPELINE_16x16_MULT_REG2" 0 3 3017, C4<0>;
P_00000229c2d50c68 .param/l "TOPADDSUB_CARRYSELECT" 0 3 3021, C4<00>;
P_00000229c2d50ca0 .param/l "TOPADDSUB_LOWERINPUT" 0 3 3019, C4<00>;
P_00000229c2d50cd8 .param/l "TOPADDSUB_UPPERINPUT" 0 3 3020, C4<0>;
P_00000229c2d50d10 .param/l "TOPOUTPUT_SELECT" 0 3 3018, C4<00>;
P_00000229c2d50d48 .param/l "TOP_8x8_MULT_REG" 0 3 3014, C4<0>;
o00000229c2fe9058 .functor BUFZ 1, c4<z>; HiZ drive
L_00000229c305b3f0 .functor BUFT 1, C4<0>, C4<0>, C4<0>, C4<0>;
L_00000229c2fc1f10 .functor XOR 1, o00000229c2fe9058, L_00000229c305b3f0, C4<0>, C4<0>;
o00000229c2fe8f98 .functor BUFZ 16, c4<zzzzzzzzzzzzzzzz>; HiZ drive
L_00000229c2fc2140 .functor BUFZ 16, o00000229c2fe8f98, C4<0000000000000000>, C4<0000000000000000>, C4<0000000000000000>;
o00000229c2fe8d58 .functor BUFZ 16, c4<zzzzzzzzzzzzzzzz>; HiZ drive
L_00000229c2fc15e0 .functor BUFZ 16, o00000229c2fe8d58, C4<0000000000000000>, C4<0000000000000000>, C4<0000000000000000>;
o00000229c2fe8ed8 .functor BUFZ 16, c4<zzzzzzzzzzzzzzzz>; HiZ drive
L_00000229c2fc2920 .functor BUFZ 16, o00000229c2fe8ed8, C4<0000000000000000>, C4<0000000000000000>, C4<0000000000000000>;
o00000229c2fe90b8 .functor BUFZ 16, c4<zzzzzzzzzzzzzzzz>; HiZ drive
L_00000229c2fc2a00 .functor BUFZ 16, o00000229c2fe90b8, C4<0000000000000000>, C4<0000000000000000>, C4<0000000000000000>;
L_00000229c2fc1650 .functor BUFZ 16, L_00000229c30be130, C4<0000000000000000>, C4<0000000000000000>, C4<0000000000000000>;
L_00000229c2fc2a70 .functor BUFZ 16, L_00000229c30c16f0, C4<0000000000000000>, C4<0000000000000000>, C4<0000000000000000>;
L_00000229c2fc1f80 .functor BUFZ 16, L_00000229c30c1fb0, C4<0000000000000000>, C4<0000000000000000>, C4<0000000000000000>;
L_00000229c2fc1b90 .functor BUFZ 16, L_00000229c30c1970, C4<0000000000000000>, C4<0000000000000000>, C4<0000000000000000>;
L_00000229c2fc2d10 .functor BUFZ 32, L_00000229c30c1ab0, C4<00000000000000000000000000000000>, C4<00000000000000000000000000000000>, C4<00000000000000000000000000000000>;
L_00000229c2fc2d80 .functor BUFZ 16, v00000229c303f960_0, C4<0000000000000000>, C4<0000000000000000>, C4<0000000000000000>;
L_00000229c2fc1ff0 .functor BUFZ 16, L_00000229c2fc15e0, C4<0000000000000000>, C4<0000000000000000>, C4<0000000000000000>;
L_00000229c2fc20d0 .functor XOR 17, L_00000229c30c1790, L_00000229c30c0cf0, C4<00000000000000000>, C4<00000000000000000>;
o00000229c2fe8e18 .functor BUFZ 1, c4<z>; HiZ drive
L_00000229c2fc2e60 .functor XOR 1, L_00000229c30bfdf0, o00000229c2fe8e18, C4<0>, C4<0>;
L_00000229c2fc2ed0 .functor XOR 16, L_00000229c30c0110, L_00000229c30c13d0, C4<0000000000000000>, C4<0000000000000000>;
L_00000229c2fc3170 .functor BUFZ 16, L_00000229c30bf8f0, C4<0000000000000000>, C4<0000000000000000>, C4<0000000000000000>;
L_00000229c2fc3090 .functor BUFZ 16, v00000229c303f6e0_0, C4<0000000000000000>, C4<0000000000000000>, C4<0000000000000000>;
L_00000229c2fc3250 .functor BUFZ 16, L_00000229c2fc2920, C4<0000000000000000>, C4<0000000000000000>, C4<0000000000000000>;
L_00000229c2fc32c0 .functor XOR 17, L_00000229c30c1f10, L_00000229c30c1dd0, C4<00000000000000000>, C4<00000000000000000>;
L_00000229c2fc3100 .functor XOR 16, L_00000229c30c0e30, L_00000229c30c1e70, C4<0000000000000000>, C4<0000000000000000>;
L_00000229c2fc3330 .functor BUFZ 16, L_00000229c30c0d90, C4<0000000000000000>, C4<0000000000000000>, C4<0000000000000000>;
v00000229c3037030_0 .net "A", 15 0, o00000229c2fe8d58;  0 drivers
o00000229c2fe8d88 .functor BUFZ 1, c4<z>; HiZ drive
v00000229c3038bb0_0 .net "ACCUMCI", 0 0, o00000229c2fe8d88;  0 drivers
v00000229c30370d0_0 .net "ACCUMCO", 0 0, L_00000229c30bfdf0;  1 drivers
o00000229c2fe8de8 .functor BUFZ 1, c4<z>; HiZ drive
v00000229c3039290_0 .net "ADDSUBBOT", 0 0, o00000229c2fe8de8;  0 drivers
v00000229c3038750_0 .net "ADDSUBTOP", 0 0, o00000229c2fe8e18;  0 drivers
o00000229c2fe8e48 .functor BUFZ 1, c4<z>; HiZ drive
v00000229c3037670_0 .net "AHOLD", 0 0, o00000229c2fe8e48;  0 drivers
v00000229c3038890_0 .net "Ah", 15 0, L_00000229c30bebd0;  1 drivers
v00000229c3037f30_0 .net "Al", 15 0, L_00000229c30be270;  1 drivers
v00000229c3038ed0_0 .net "B", 15 0, o00000229c2fe8ed8;  0 drivers
o00000229c2fe8f08 .functor BUFZ 1, c4<z>; HiZ drive
v00000229c3038110_0 .net "BHOLD", 0 0, o00000229c2fe8f08;  0 drivers
v00000229c3037530_0 .net "Bh", 15 0, L_00000229c30bdc30;  1 drivers
v00000229c30375d0_0 .net "Bl", 15 0, L_00000229c30be090;  1 drivers
v00000229c3038250_0 .net "C", 15 0, o00000229c2fe8f98;  0 drivers
o00000229c2fe8fc8 .functor BUFZ 1, c4<z>; HiZ drive
v00000229c3037710_0 .net "CE", 0 0, o00000229c2fe8fc8;  0 drivers
o00000229c2fe8ff8 .functor BUFZ 1, c4<z>; HiZ drive
v00000229c3038930_0 .net "CHOLD", 0 0, o00000229c2fe8ff8;  0 drivers
o00000229c2fe9028 .functor BUFZ 1, c4<z>; HiZ drive
v00000229c30389d0_0 .net "CI", 0 0, o00000229c2fe9028;  0 drivers
v00000229c30377b0_0 .net "CLK", 0 0, o00000229c2fe9058;  0 drivers
v00000229c3037990_0 .net "CO", 0 0, L_00000229c2fc2e60;  1 drivers
v00000229c3038a70_0 .net "D", 15 0, o00000229c2fe90b8;  0 drivers
o00000229c2fe90e8 .functor BUFZ 1, c4<z>; HiZ drive
v00000229c3038c50_0 .net "DHOLD", 0 0, o00000229c2fe90e8;  0 drivers
L_00000229c305b948 .functor BUFT 1, C4<0>, C4<0>, C4<0>, C4<0>;
v00000229c3038cf0_0 .net "HCI", 0 0, L_00000229c305b948;  1 drivers
o00000229c2fe9148 .functor BUFZ 1, c4<z>; HiZ drive
v00000229c3039010_0 .net "IRSTBOT", 0 0, o00000229c2fe9148;  0 drivers
o00000229c2fe9178 .functor BUFZ 1, c4<z>; HiZ drive
v00000229c30390b0_0 .net "IRSTTOP", 0 0, o00000229c2fe9178;  0 drivers
L_00000229c305ba68 .functor BUFT 1, C4<0>, C4<0>, C4<0>, C4<0>;
v00000229c3039330_0 .net "LCI", 0 0, L_00000229c305ba68;  1 drivers
v00000229c3039150_0 .net "LCO", 0 0, L_00000229c30c1830;  1 drivers
v00000229c303aaf0_0 .net "O", 31 0, L_00000229c30c0610;  1 drivers
o00000229c2fe9238 .functor BUFZ 1, c4<z>; HiZ drive
v00000229c303a410_0 .net "OHOLDBOT", 0 0, o00000229c2fe9238;  0 drivers
o00000229c2fe9268 .functor BUFZ 1, c4<z>; HiZ drive
v00000229c303a2d0_0 .net "OHOLDTOP", 0 0, o00000229c2fe9268;  0 drivers
o00000229c2fe9298 .functor BUFZ 1, c4<z>; HiZ drive
v00000229c303a4b0_0 .net "OLOADBOT", 0 0, o00000229c2fe9298;  0 drivers
o00000229c2fe92c8 .functor BUFZ 1, c4<z>; HiZ drive
v00000229c303a870_0 .net "OLOADTOP", 0 0, o00000229c2fe92c8;  0 drivers
o00000229c2fe92f8 .functor BUFZ 1, c4<z>; HiZ drive
v00000229c303a910_0 .net "ORSTBOT", 0 0, o00000229c2fe92f8;  0 drivers
o00000229c2fe9328 .functor BUFZ 1, c4<z>; HiZ drive
v00000229c303a050_0 .net "ORSTTOP", 0 0, o00000229c2fe9328;  0 drivers
v00000229c303a550_0 .net "Oh", 15 0, L_00000229c2fc3170;  1 drivers
v00000229c303a5f0_0 .net "Ol", 15 0, L_00000229c2fc3330;  1 drivers
o00000229c2fe93b8 .functor BUFZ 1, c4<z>; HiZ drive
v00000229c3039f10_0 .net "SIGNEXTIN", 0 0, o00000229c2fe93b8;  0 drivers
v00000229c303a190_0 .net "SIGNEXTOUT", 0 0, L_00000229c30c0390;  1 drivers
v00000229c303ab90_0 .net "XW", 15 0, L_00000229c30c0110;  1 drivers
v00000229c303a690_0 .net "YZ", 15 0, L_00000229c30c0e30;  1 drivers
v00000229c30398d0_0 .net/2u *"_ivl_0", 0 0, L_00000229c305b3f0;  1 drivers
v00000229c303a9b0_0 .net *"_ivl_100", 31 0, L_00000229c30c1a10;  1 drivers
L_00000229c305b7e0 .functor BUFT 1, C4<0000000000000000>, C4<0>, C4<0>, C4<0>;
v00000229c3039790_0 .net *"_ivl_103", 15 0, L_00000229c305b7e0;  1 drivers
v00000229c303a370_0 .net *"_ivl_104", 31 0, L_00000229c30c1c90;  1 drivers
v00000229c3039d30_0 .net *"_ivl_106", 15 0, L_00000229c30c1010;  1 drivers
L_00000229c305b828 .functor BUFT 1, C4<0000000000000000>, C4<0>, C4<0>, C4<0>;
v00000229c3039ab0_0 .net *"_ivl_108", 15 0, L_00000229c305b828;  1 drivers
L_00000229c305b438 .functor BUFT 1, C4<00000000>, C4<0>, C4<0>, C4<0>;
v00000229c303ae10_0 .net/2u *"_ivl_12", 7 0, L_00000229c305b438;  1 drivers
v00000229c3039970_0 .net *"_ivl_121", 16 0, L_00000229c30c1b50;  1 drivers
L_00000229c305b870 .functor BUFT 1, C4<0>, C4<0>, C4<0>, C4<0>;
v00000229c303ac30_0 .net *"_ivl_124", 0 0, L_00000229c305b870;  1 drivers
v00000229c3039fb0_0 .net *"_ivl_125", 16 0, L_00000229c30c1790;  1 drivers
L_00000229c305b8b8 .functor BUFT 1, C4<0>, C4<0>, C4<0>, C4<0>;
v00000229c303aa50_0 .net *"_ivl_128", 0 0, L_00000229c305b8b8;  1 drivers
v00000229c3039830_0 .net *"_ivl_130", 15 0, L_00000229c30c0bb0;  1 drivers
v00000229c303a0f0_0 .net *"_ivl_131", 16 0, L_00000229c30c0cf0;  1 drivers
L_00000229c305b900 .functor BUFT 1, C4<0>, C4<0>, C4<0>, C4<0>;
v00000229c303a7d0_0 .net *"_ivl_134", 0 0, L_00000229c305b900;  1 drivers
v00000229c303a230_0 .net *"_ivl_135", 16 0, L_00000229c2fc20d0;  1 drivers
v00000229c303a730_0 .net *"_ivl_137", 16 0, L_00000229c30bfe90;  1 drivers
L_00000229c305bd38 .functor BUFT 1, C4<00000000000000000>, C4<0>, C4<0>, C4<0>;
v00000229c3039b50_0 .net *"_ivl_139", 16 0, L_00000229c305bd38;  1 drivers
v00000229c3039bf0_0 .net *"_ivl_143", 16 0, L_00000229c30c1bf0;  1 drivers
v00000229c303acd0_0 .net *"_ivl_148", 15 0, L_00000229c30c13d0;  1 drivers
v00000229c3039c90_0 .net *"_ivl_149", 15 0, L_00000229c2fc2ed0;  1 drivers
v00000229c303ad70_0 .net *"_ivl_15", 7 0, L_00000229c30bd2d0;  1 drivers
v00000229c3039dd0_0 .net *"_ivl_168", 16 0, L_00000229c30bf990;  1 drivers
L_00000229c305b990 .functor BUFT 1, C4<0>, C4<0>, C4<0>, C4<0>;
v00000229c3039a10_0 .net *"_ivl_171", 0 0, L_00000229c305b990;  1 drivers
v00000229c3039e70_0 .net *"_ivl_172", 16 0, L_00000229c30c1f10;  1 drivers
L_00000229c305b9d8 .functor BUFT 1, C4<0>, C4<0>, C4<0>, C4<0>;
v00000229c303d2a0_0 .net *"_ivl_175", 0 0, L_00000229c305b9d8;  1 drivers
v00000229c303bcc0_0 .net *"_ivl_177", 15 0, L_00000229c30c1d30;  1 drivers
v00000229c303d340_0 .net *"_ivl_178", 16 0, L_00000229c30c1dd0;  1 drivers
L_00000229c305b480 .functor BUFT 1, C4<00000000>, C4<0>, C4<0>, C4<0>;
v00000229c303d660_0 .net/2u *"_ivl_18", 7 0, L_00000229c305b480;  1 drivers
L_00000229c305ba20 .functor BUFT 1, C4<0>, C4<0>, C4<0>, C4<0>;
v00000229c303bb80_0 .net *"_ivl_181", 0 0, L_00000229c305ba20;  1 drivers
v00000229c303b180_0 .net *"_ivl_182", 16 0, L_00000229c2fc32c0;  1 drivers
v00000229c303c440_0 .net *"_ivl_184", 16 0, L_00000229c30c11f0;  1 drivers
L_00000229c305bd80 .functor BUFT 1, C4<00000000000000000>, C4<0>, C4<0>, C4<0>;
v00000229c303bae0_0 .net *"_ivl_186", 16 0, L_00000229c305bd80;  1 drivers
v00000229c303b5e0_0 .net *"_ivl_190", 16 0, L_00000229c30c01b0;  1 drivers
v00000229c303c940_0 .net *"_ivl_193", 15 0, L_00000229c30c1e70;  1 drivers
v00000229c303ce40_0 .net *"_ivl_194", 15 0, L_00000229c2fc3100;  1 drivers
v00000229c303d0c0_0 .net *"_ivl_21", 7 0, L_00000229c30bec70;  1 drivers
L_00000229c305b4c8 .functor BUFT 1, C4<00000000>, C4<0>, C4<0>, C4<0>;
v00000229c303d3e0_0 .net/2u *"_ivl_24", 7 0, L_00000229c305b4c8;  1 drivers
v00000229c303bea0_0 .net *"_ivl_27", 7 0, L_00000229c30bd550;  1 drivers
L_00000229c305b510 .functor BUFT 1, C4<00000000>, C4<0>, C4<0>, C4<0>;
v00000229c303bfe0_0 .net/2u *"_ivl_30", 7 0, L_00000229c305b510;  1 drivers
v00000229c303c800_0 .net *"_ivl_33", 7 0, L_00000229c30bdcd0;  1 drivers
L_00000229c305b558 .functor BUFT 1, C4<00000000>, C4<0>, C4<0>, C4<0>;
v00000229c303d480_0 .net/2u *"_ivl_38", 7 0, L_00000229c305b558;  1 drivers
v00000229c303cb20_0 .net *"_ivl_41", 7 0, L_00000229c30be1d0;  1 drivers
v00000229c303d520_0 .net *"_ivl_42", 15 0, L_00000229c30c18d0;  1 drivers
L_00000229c305b5a0 .functor BUFT 1, C4<00000000>, C4<0>, C4<0>, C4<0>;
v00000229c303d5c0_0 .net/2u *"_ivl_46", 7 0, L_00000229c305b5a0;  1 drivers
v00000229c303c260_0 .net *"_ivl_49", 7 0, L_00000229c30c15b0;  1 drivers
v00000229c303b220_0 .net *"_ivl_50", 15 0, L_00000229c30c0b10;  1 drivers
L_00000229c305b5e8 .functor BUFT 1, C4<00000000>, C4<0>, C4<0>, C4<0>;
v00000229c303b360_0 .net/2u *"_ivl_64", 7 0, L_00000229c305b5e8;  1 drivers
L_00000229c305b630 .functor BUFT 1, C4<00000000>, C4<0>, C4<0>, C4<0>;
v00000229c303c080_0 .net/2u *"_ivl_68", 7 0, L_00000229c305b630;  1 drivers
v00000229c303b540_0 .net *"_ivl_72", 31 0, L_00000229c30c1510;  1 drivers
L_00000229c305b678 .functor BUFT 1, C4<0000000000000000>, C4<0>, C4<0>, C4<0>;
v00000229c303cda0_0 .net *"_ivl_75", 15 0, L_00000229c305b678;  1 drivers
v00000229c303bd60_0 .net *"_ivl_76", 31 0, L_00000229c30c0070;  1 drivers
L_00000229c305b6c0 .functor BUFT 1, C4<00000000>, C4<0>, C4<0>, C4<0>;
v00000229c303d700_0 .net *"_ivl_79", 7 0, L_00000229c305b6c0;  1 drivers
v00000229c303c580_0 .net *"_ivl_80", 31 0, L_00000229c30c10b0;  1 drivers
v00000229c303c8a0_0 .net *"_ivl_82", 23 0, L_00000229c30bfd50;  1 drivers
L_00000229c305b708 .functor BUFT 1, C4<00000000>, C4<0>, C4<0>, C4<0>;
v00000229c303cee0_0 .net *"_ivl_84", 7 0, L_00000229c305b708;  1 drivers
v00000229c303c4e0_0 .net *"_ivl_86", 31 0, L_00000229c30c0c50;  1 drivers
v00000229c303c300_0 .net *"_ivl_88", 31 0, L_00000229c30c0890;  1 drivers
L_00000229c305b750 .functor BUFT 1, C4<00000000>, C4<0>, C4<0>, C4<0>;
v00000229c303cd00_0 .net *"_ivl_91", 7 0, L_00000229c305b750;  1 drivers
v00000229c303c620_0 .net *"_ivl_92", 31 0, L_00000229c30c1650;  1 drivers
v00000229c303bc20_0 .net *"_ivl_94", 23 0, L_00000229c30c1150;  1 drivers
L_00000229c305b798 .functor BUFT 1, C4<00000000>, C4<0>, C4<0>, C4<0>;
v00000229c303cc60_0 .net *"_ivl_96", 7 0, L_00000229c305b798;  1 drivers
v00000229c303cf80_0 .net *"_ivl_98", 31 0, L_00000229c30bf850;  1 drivers
v00000229c303ba40_0 .net "clock", 0 0, L_00000229c2fc1f10;  1 drivers
v00000229c303be00_0 .net "iA", 15 0, L_00000229c2fc15e0;  1 drivers
v00000229c303b2c0_0 .net "iB", 15 0, L_00000229c2fc2920;  1 drivers
v00000229c303afa0_0 .net "iC", 15 0, L_00000229c2fc2140;  1 drivers
v00000229c303b7c0_0 .net "iD", 15 0, L_00000229c2fc2a00;  1 drivers
v00000229c303bf40_0 .net "iF", 15 0, L_00000229c2fc1650;  1 drivers
v00000229c303c120_0 .net "iG", 15 0, L_00000229c2fc1b90;  1 drivers
v00000229c303c6c0_0 .net "iH", 31 0, L_00000229c2fc2d10;  1 drivers
v00000229c303c9e0_0 .net "iJ", 15 0, L_00000229c2fc2a70;  1 drivers
v00000229c303b400_0 .net "iJ_e", 23 0, L_00000229c30c0570;  1 drivers
v00000229c303c1c0_0 .net "iK", 15 0, L_00000229c2fc1f80;  1 drivers
v00000229c303c760_0 .net "iK_e", 23 0, L_00000229c30bfcb0;  1 drivers
v00000229c303d020_0 .net "iL", 31 0, L_00000229c30c1ab0;  1 drivers
v00000229c303d160_0 .net "iP", 15 0, L_00000229c30bf8f0;  1 drivers
v00000229c303c3a0_0 .net "iQ", 15 0, v00000229c303f960_0;  1 drivers
v00000229c303d200_0 .net "iR", 15 0, L_00000229c30c0d90;  1 drivers
v00000229c303ca80_0 .net "iS", 15 0, v00000229c303f6e0_0;  1 drivers
v00000229c303b720_0 .net "iW", 15 0, L_00000229c2fc2d80;  1 drivers
v00000229c303b040_0 .net "iX", 15 0, L_00000229c2fc1ff0;  1 drivers
v00000229c303b4a0_0 .net "iY", 15 0, L_00000229c2fc3090;  1 drivers
v00000229c303cbc0_0 .net "iZ", 15 0, L_00000229c2fc3250;  1 drivers
v00000229c303b0e0_0 .net "p_Ah_Bh", 15 0, L_00000229c30be130;  1 drivers
v00000229c303b680_0 .net "p_Ah_Bl", 15 0, L_00000229c30c1fb0;  1 drivers
v00000229c303b860_0 .net "p_Al_Bh", 15 0, L_00000229c30c16f0;  1 drivers
v00000229c303b900_0 .net "p_Al_Bl", 15 0, L_00000229c30c1970;  1 drivers
v00000229c303b9a0_0 .var "rA", 15 0;
v00000229c303e880_0 .var "rB", 15 0;
v00000229c303fbe0_0 .var "rC", 15 0;
v00000229c303f5a0_0 .var "rD", 15 0;
v00000229c303e740_0 .var "rF", 15 0;
v00000229c303f640_0 .var "rG", 15 0;
v00000229c303e600_0 .var "rH", 31 0;
v00000229c303dac0_0 .var "rJ", 15 0;
v00000229c303ece0_0 .var "rK", 15 0;
v00000229c303f960_0 .var "rQ", 15 0;
v00000229c303f6e0_0 .var "rS", 15 0;
E_00000229c2fb8500 .event posedge, v00000229c303a910_0, v00000229c303ba40_0;
E_00000229c2fb8b40 .event posedge, v00000229c303a050_0, v00000229c303ba40_0;
E_00000229c2fb85c0 .event posedge, v00000229c3039010_0, v00000229c303ba40_0;
E_00000229c2fb8600 .event posedge, v00000229c30390b0_0, v00000229c303ba40_0;
L_00000229c30bd2d0 .part L_00000229c2fc15e0, 8, 8;
L_00000229c30bebd0 .concat [ 8 8 0 0], L_00000229c30bd2d0, L_00000229c305b438;
L_00000229c30bec70 .part L_00000229c2fc15e0, 0, 8;
L_00000229c30be270 .concat [ 8 8 0 0], L_00000229c30bec70, L_00000229c305b480;
L_00000229c30bd550 .part L_00000229c2fc2920, 8, 8;
L_00000229c30bdc30 .concat [ 8 8 0 0], L_00000229c30bd550, L_00000229c305b4c8;
L_00000229c30bdcd0 .part L_00000229c2fc2920, 0, 8;
L_00000229c30be090 .concat [ 8 8 0 0], L_00000229c30bdcd0, L_00000229c305b510;
L_00000229c30be130 .arith/mult 16, L_00000229c30bebd0, L_00000229c30bdc30;
L_00000229c30be1d0 .part L_00000229c30be270, 0, 8;
L_00000229c30c18d0 .concat [ 8 8 0 0], L_00000229c30be1d0, L_00000229c305b558;
L_00000229c30c16f0 .arith/mult 16, L_00000229c30c18d0, L_00000229c30bdc30;
L_00000229c30c15b0 .part L_00000229c30be090, 0, 8;
L_00000229c30c0b10 .concat [ 8 8 0 0], L_00000229c30c15b0, L_00000229c305b5a0;
L_00000229c30c1fb0 .arith/mult 16, L_00000229c30bebd0, L_00000229c30c0b10;
L_00000229c30c1970 .arith/mult 16, L_00000229c30be270, L_00000229c30be090;
L_00000229c30bfcb0 .concat [ 16 8 0 0], L_00000229c2fc1f80, L_00000229c305b5e8;
L_00000229c30c0570 .concat [ 16 8 0 0], L_00000229c2fc2a70, L_00000229c305b630;
L_00000229c30c1510 .concat [ 16 16 0 0], L_00000229c2fc1b90, L_00000229c305b678;
L_00000229c30c0070 .concat [ 24 8 0 0], L_00000229c30bfcb0, L_00000229c305b6c0;
L_00000229c30bfd50 .part L_00000229c30c0070, 0, 24;
L_00000229c30c10b0 .concat [ 8 24 0 0], L_00000229c305b708, L_00000229c30bfd50;
L_00000229c30c0c50 .arith/sum 32, L_00000229c30c1510, L_00000229c30c10b0;
L_00000229c30c0890 .concat [ 24 8 0 0], L_00000229c30c0570, L_00000229c305b750;
L_00000229c30c1150 .part L_00000229c30c0890, 0, 24;
L_00000229c30c1650 .concat [ 8 24 0 0], L_00000229c305b798, L_00000229c30c1150;
L_00000229c30bf850 .arith/sum 32, L_00000229c30c0c50, L_00000229c30c1650;
L_00000229c30c1a10 .concat [ 16 16 0 0], L_00000229c2fc1650, L_00000229c305b7e0;
L_00000229c30c1010 .part L_00000229c30c1a10, 0, 16;
L_00000229c30c1c90 .concat [ 16 16 0 0], L_00000229c305b828, L_00000229c30c1010;
L_00000229c30c1ab0 .arith/sum 32, L_00000229c30bf850, L_00000229c30c1c90;
L_00000229c30bfdf0 .part L_00000229c30c1bf0, 16, 1;
L_00000229c30c0110 .part L_00000229c30c1bf0, 0, 16;
L_00000229c30c1b50 .concat [ 16 1 0 0], L_00000229c2fc1ff0, L_00000229c305b870;
L_00000229c30c1790 .concat [ 16 1 0 0], L_00000229c2fc2d80, L_00000229c305b8b8;
L_00000229c30c0bb0 .repeat 16, 16, o00000229c2fe8e18;
L_00000229c30c0cf0 .concat [ 16 1 0 0], L_00000229c30c0bb0, L_00000229c305b900;
L_00000229c30bfe90 .arith/sum 17, L_00000229c30c1b50, L_00000229c2fc20d0;
L_00000229c30c1bf0 .arith/sum 17, L_00000229c30bfe90, L_00000229c305bd38;
L_00000229c30c13d0 .repeat 16, 16, o00000229c2fe8e18;
L_00000229c30bf8f0 .functor MUXZ 16, L_00000229c2fc2ed0, L_00000229c2fc2140, o00000229c2fe92c8, C4<>;
L_00000229c30c0390 .part L_00000229c2fc1ff0, 15, 1;
L_00000229c30c1830 .part L_00000229c30c01b0, 16, 1;
L_00000229c30c0e30 .part L_00000229c30c01b0, 0, 16;
L_00000229c30bf990 .concat [ 16 1 0 0], L_00000229c2fc3250, L_00000229c305b990;
L_00000229c30c1f10 .concat [ 16 1 0 0], L_00000229c2fc3090, L_00000229c305b9d8;
L_00000229c30c1d30 .repeat 16, 16, o00000229c2fe8de8;
L_00000229c30c1dd0 .concat [ 16 1 0 0], L_00000229c30c1d30, L_00000229c305ba20;
L_00000229c30c11f0 .arith/sum 17, L_00000229c30bf990, L_00000229c2fc32c0;
L_00000229c30c01b0 .arith/sum 17, L_00000229c30c11f0, L_00000229c305bd80;
L_00000229c30c1e70 .repeat 16, 16, o00000229c2fe8de8;
L_00000229c30c0d90 .functor MUXZ 16, L_00000229c2fc3100, L_00000229c2fc2a00, o00000229c2fe9298, C4<>;
L_00000229c30c0610 .concat [ 16 16 0 0], L_00000229c2fc3330, L_00000229c2fc3170;
S_00000229c2fc7c30 .scope module, "SB_PLL40_2F_CORE" "SB_PLL40_2F_CORE" 3 2521;
 .timescale -12 -12;
    .port_info 0 /INPUT 1 "REFERENCECLK";
    .port_info 1 /OUTPUT 1 "PLLOUTCOREA";
    .port_info 2 /OUTPUT 1 "PLLOUTGLOBALA";
    .port_info 3 /OUTPUT 1 "PLLOUTCOREB";
    .port_info 4 /OUTPUT 1 "PLLOUTGLOBALB";
    .port_info 5 /INPUT 1 "EXTFEEDBACK";
    .port_info 6 /INPUT 8 "DYNAMICDELAY";
    .port_info 7 /OUTPUT 1 "LOCK";
    .port_info 8 /INPUT 1 "BYPASS";
    .port_info 9 /INPUT 1 "RESETB";
    .port_info 10 /INPUT 1 "LATCHINPUTVALUE";
    .port_info 11 /OUTPUT 1 "SDO";
    .port_info 12 /INPUT 1 "SDI";
    .port_info 13 /INPUT 1 "SCLK";
P_00000229c2d417f0 .param/str "DELAY_ADJUSTMENT_MODE_FEEDBACK" 0 3 2538, "FIXED";
P_00000229c2d41828 .param/str "DELAY_ADJUSTMENT_MODE_RELATIVE" 0 3 2539, "FIXED";
P_00000229c2d41860 .param/l "DIVF" 0 3 2546, C4<0000000>;
P_00000229c2d41898 .param/l "DIVQ" 0 3 2547, C4<000>;
P_00000229c2d418d0 .param/l "DIVR" 0 3 2545, C4<0000>;
P_00000229c2d41908 .param/l "ENABLE_ICEGATE_PORTA" 0 3 2549, C4<0>;
P_00000229c2d41940 .param/l "ENABLE_ICEGATE_PORTB" 0 3 2550, C4<0>;
P_00000229c2d41978 .param/l "EXTERNAL_DIVIDE_FACTOR" 0 3 2552, +C4<00000000000000000000000000000001>;
P_00000229c2d419b0 .param/l "FDA_FEEDBACK" 0 3 2541, C4<0000>;
P_00000229c2d419e8 .param/l "FDA_RELATIVE" 0 3 2542, C4<0000>;
P_00000229c2d41a20 .param/str "FEEDBACK_PATH" 0 3 2537, "SIMPLE";
P_00000229c2d41a58 .param/l "FILTER_RANGE" 0 3 2548, C4<000>;
P_00000229c2d41a90 .param/str "PLLOUT_SELECT_PORTA" 0 3 2543, "GENCLK";
P_00000229c2d41ac8 .param/str "PLLOUT_SELECT_PORTB" 0 3 2544, "GENCLK";
P_00000229c2d41b00 .param/l "SHIFTREG_DIV_MODE" 0 3 2540, C4<0>;
P_00000229c2d41b38 .param/l "TEST_MODE" 0 3 2551, C4<0>;
o00000229c2feabe8 .functor BUFZ 1, c4<z>; HiZ drive
v00000229c303e9c0_0 .net "BYPASS", 0 0, o00000229c2feabe8;  0 drivers
o00000229c2feac18 .functor BUFZ 8, c4<zzzzzzzz>; HiZ drive
v00000229c303d980_0 .net "DYNAMICDELAY", 7 0, o00000229c2feac18;  0 drivers
o00000229c2feac48 .functor BUFZ 1, c4<z>; HiZ drive
v00000229c303fc80_0 .net "EXTFEEDBACK", 0 0, o00000229c2feac48;  0 drivers
o00000229c2feac78 .functor BUFZ 1, c4<z>; HiZ drive
v00000229c303fa00_0 .net "LATCHINPUTVALUE", 0 0, o00000229c2feac78;  0 drivers
o00000229c2feaca8 .functor BUFZ 1, c4<z>; HiZ drive
v00000229c303fdc0_0 .net "LOCK", 0 0, o00000229c2feaca8;  0 drivers
o00000229c2feacd8 .functor BUFZ 1, c4<z>; HiZ drive
v00000229c303ec40_0 .net "PLLOUTCOREA", 0 0, o00000229c2feacd8;  0 drivers
o00000229c2fead08 .functor BUFZ 1, c4<z>; HiZ drive
v00000229c303e6a0_0 .net "PLLOUTCOREB", 0 0, o00000229c2fead08;  0 drivers
o00000229c2fead38 .functor BUFZ 1, c4<z>; HiZ drive
v00000229c303faa0_0 .net "PLLOUTGLOBALA", 0 0, o00000229c2fead38;  0 drivers
o00000229c2fead68 .functor BUFZ 1, c4<z>; HiZ drive
v00000229c303e7e0_0 .net "PLLOUTGLOBALB", 0 0, o00000229c2fead68;  0 drivers
o00000229c2fead98 .functor BUFZ 1, c4<z>; HiZ drive
v00000229c303e920_0 .net "REFERENCECLK", 0 0, o00000229c2fead98;  0 drivers
o00000229c2feadc8 .functor BUFZ 1, c4<z>; HiZ drive
v00000229c303e380_0 .net "RESETB", 0 0, o00000229c2feadc8;  0 drivers
o00000229c2feadf8 .functor BUFZ 1, c4<z>; HiZ drive
v00000229c303e2e0_0 .net "SCLK", 0 0, o00000229c2feadf8;  0 drivers
o00000229c2feae28 .functor BUFZ 1, c4<z>; HiZ drive
v00000229c303d8e0_0 .net "SDI", 0 0, o00000229c2feae28;  0 drivers
o00000229c2feae58 .functor BUFZ 1, c4<z>; HiZ drive
v00000229c303ed80_0 .net "SDO", 0 0, o00000229c2feae58;  0 drivers
S_00000229c2fc72d0 .scope module, "SB_PLL40_2F_PAD" "SB_PLL40_2F_PAD" 3 2556;
 .timescale -12 -12;
    .port_info 0 /INPUT 1 "PACKAGEPIN";
    .port_info 1 /OUTPUT 1 "PLLOUTCOREA";
    .port_info 2 /OUTPUT 1 "PLLOUTGLOBALA";
    .port_info 3 /OUTPUT 1 "PLLOUTCOREB";
    .port_info 4 /OUTPUT 1 "PLLOUTGLOBALB";
    .port_info 5 /INPUT 1 "EXTFEEDBACK";
    .port_info 6 /INPUT 8 "DYNAMICDELAY";
    .port_info 7 /OUTPUT 1 "LOCK";
    .port_info 8 /INPUT 1 "BYPASS";
    .port_info 9 /INPUT 1 "RESETB";
    .port_info 10 /INPUT 1 "LATCHINPUTVALUE";
    .port_info 11 /OUTPUT 1 "SDO";
    .port_info 12 /INPUT 1 "SDI";
    .port_info 13 /INPUT 1 "SCLK";
P_00000229c2d3fb00 .param/str "DELAY_ADJUSTMENT_MODE_FEEDBACK" 0 3 2573, "FIXED";
P_00000229c2d3fb38 .param/str "DELAY_ADJUSTMENT_MODE_RELATIVE" 0 3 2574, "FIXED";
P_00000229c2d3fb70 .param/l "DIVF" 0 3 2581, C4<0000000>;
P_00000229c2d3fba8 .param/l "DIVQ" 0 3 2582, C4<000>;
P_00000229c2d3fbe0 .param/l "DIVR" 0 3 2580, C4<0000>;
P_00000229c2d3fc18 .param/l "ENABLE_ICEGATE_PORTA" 0 3 2584, C4<0>;
P_00000229c2d3fc50 .param/l "ENABLE_ICEGATE_PORTB" 0 3 2585, C4<0>;
P_00000229c2d3fc88 .param/l "EXTERNAL_DIVIDE_FACTOR" 0 3 2587, +C4<00000000000000000000000000000001>;
P_00000229c2d3fcc0 .param/l "FDA_FEEDBACK" 0 3 2576, C4<0000>;
P_00000229c2d3fcf8 .param/l "FDA_RELATIVE" 0 3 2577, C4<0000>;
P_00000229c2d3fd30 .param/str "FEEDBACK_PATH" 0 3 2572, "SIMPLE";
P_00000229c2d3fd68 .param/l "FILTER_RANGE" 0 3 2583, C4<000>;
P_00000229c2d3fda0 .param/str "PLLOUT_SELECT_PORTA" 0 3 2578, "GENCLK";
P_00000229c2d3fdd8 .param/str "PLLOUT_SELECT_PORTB" 0 3 2579, "GENCLK";
P_00000229c2d3fe10 .param/l "SHIFTREG_DIV_MODE" 0 3 2575, C4<00>;
P_00000229c2d3fe48 .param/l "TEST_MODE" 0 3 2586, C4<0>;
o00000229c2feb128 .functor BUFZ 1, c4<z>; HiZ drive
v00000229c303f8c0_0 .net "BYPASS", 0 0, o00000229c2feb128;  0 drivers
o00000229c2feb158 .functor BUFZ 8, c4<zzzzzzzz>; HiZ drive
v00000229c303e4c0_0 .net "DYNAMICDELAY", 7 0, o00000229c2feb158;  0 drivers
o00000229c2feb188 .functor BUFZ 1, c4<z>; HiZ drive
v00000229c303ea60_0 .net "EXTFEEDBACK", 0 0, o00000229c2feb188;  0 drivers
o00000229c2feb1b8 .functor BUFZ 1, c4<z>; HiZ drive
v00000229c303f000_0 .net "LATCHINPUTVALUE", 0 0, o00000229c2feb1b8;  0 drivers
o00000229c2feb1e8 .functor BUFZ 1, c4<z>; HiZ drive
v00000229c303fd20_0 .net "LOCK", 0 0, o00000229c2feb1e8;  0 drivers
o00000229c2feb218 .functor BUFZ 1, c4<z>; HiZ drive
v00000229c303f0a0_0 .net "PACKAGEPIN", 0 0, o00000229c2feb218;  0 drivers
o00000229c2feb248 .functor BUFZ 1, c4<z>; HiZ drive
v00000229c303e1a0_0 .net "PLLOUTCOREA", 0 0, o00000229c2feb248;  0 drivers
o00000229c2feb278 .functor BUFZ 1, c4<z>; HiZ drive
v00000229c303fe60_0 .net "PLLOUTCOREB", 0 0, o00000229c2feb278;  0 drivers
o00000229c2feb2a8 .functor BUFZ 1, c4<z>; HiZ drive
v00000229c303f140_0 .net "PLLOUTGLOBALA", 0 0, o00000229c2feb2a8;  0 drivers
o00000229c2feb2d8 .functor BUFZ 1, c4<z>; HiZ drive
v00000229c303ef60_0 .net "PLLOUTGLOBALB", 0 0, o00000229c2feb2d8;  0 drivers
o00000229c2feb308 .functor BUFZ 1, c4<z>; HiZ drive
v00000229c303f820_0 .net "RESETB", 0 0, o00000229c2feb308;  0 drivers
o00000229c2feb338 .functor BUFZ 1, c4<z>; HiZ drive
v00000229c303da20_0 .net "SCLK", 0 0, o00000229c2feb338;  0 drivers
o00000229c2feb368 .functor BUFZ 1, c4<z>; HiZ drive
v00000229c303dc00_0 .net "SDI", 0 0, o00000229c2feb368;  0 drivers
o00000229c2feb398 .functor BUFZ 1, c4<z>; HiZ drive
v00000229c303dca0_0 .net "SDO", 0 0, o00000229c2feb398;  0 drivers
S_00000229c2fc7460 .scope module, "SB_PLL40_2_PAD" "SB_PLL40_2_PAD" 3 2487;
 .timescale -12 -12;
    .port_info 0 /INPUT 1 "PACKAGEPIN";
    .port_info 1 /OUTPUT 1 "PLLOUTCOREA";
    .port_info 2 /OUTPUT 1 "PLLOUTGLOBALA";
    .port_info 3 /OUTPUT 1 "PLLOUTCOREB";
    .port_info 4 /OUTPUT 1 "PLLOUTGLOBALB";
    .port_info 5 /INPUT 1 "EXTFEEDBACK";
    .port_info 6 /INPUT 8 "DYNAMICDELAY";
    .port_info 7 /OUTPUT 1 "LOCK";
    .port_info 8 /INPUT 1 "BYPASS";
    .port_info 9 /INPUT 1 "RESETB";
    .port_info 10 /INPUT 1 "LATCHINPUTVALUE";
    .port_info 11 /OUTPUT 1 "SDO";
    .port_info 12 /INPUT 1 "SDI";
    .port_info 13 /INPUT 1 "SCLK";
P_00000229c2d3f580 .param/str "DELAY_ADJUSTMENT_MODE_FEEDBACK" 0 3 2504, "FIXED";
P_00000229c2d3f5b8 .param/str "DELAY_ADJUSTMENT_MODE_RELATIVE" 0 3 2505, "FIXED";
P_00000229c2d3f5f0 .param/l "DIVF" 0 3 2511, C4<0000000>;
P_00000229c2d3f628 .param/l "DIVQ" 0 3 2512, C4<000>;
P_00000229c2d3f660 .param/l "DIVR" 0 3 2510, C4<0000>;
P_00000229c2d3f698 .param/l "ENABLE_ICEGATE_PORTA" 0 3 2514, C4<0>;
P_00000229c2d3f6d0 .param/l "ENABLE_ICEGATE_PORTB" 0 3 2515, C4<0>;
P_00000229c2d3f708 .param/l "EXTERNAL_DIVIDE_FACTOR" 0 3 2517, +C4<00000000000000000000000000000001>;
P_00000229c2d3f740 .param/l "FDA_FEEDBACK" 0 3 2507, C4<0000>;
P_00000229c2d3f778 .param/l "FDA_RELATIVE" 0 3 2508, C4<0000>;
P_00000229c2d3f7b0 .param/str "FEEDBACK_PATH" 0 3 2503, "SIMPLE";
P_00000229c2d3f7e8 .param/l "FILTER_RANGE" 0 3 2513, C4<000>;
P_00000229c2d3f820 .param/str "PLLOUT_SELECT_PORTB" 0 3 2509, "GENCLK";
P_00000229c2d3f858 .param/l "SHIFTREG_DIV_MODE" 0 3 2506, C4<0>;
P_00000229c2d3f890 .param/l "TEST_MODE" 0 3 2516, C4<0>;
o00000229c2feb668 .functor BUFZ 1, c4<z>; HiZ drive
v00000229c303f460_0 .net "BYPASS", 0 0, o00000229c2feb668;  0 drivers
o00000229c2feb698 .functor BUFZ 8, c4<zzzzzzzz>; HiZ drive
v00000229c303dd40_0 .net "DYNAMICDELAY", 7 0, o00000229c2feb698;  0 drivers
o00000229c2feb6c8 .functor BUFZ 1, c4<z>; HiZ drive
v00000229c303e560_0 .net "EXTFEEDBACK", 0 0, o00000229c2feb6c8;  0 drivers
o00000229c2feb6f8 .functor BUFZ 1, c4<z>; HiZ drive
v00000229c303ff00_0 .net "LATCHINPUTVALUE", 0 0, o00000229c2feb6f8;  0 drivers
o00000229c2feb728 .functor BUFZ 1, c4<z>; HiZ drive
v00000229c303d7a0_0 .net "LOCK", 0 0, o00000229c2feb728;  0 drivers
o00000229c2feb758 .functor BUFZ 1, c4<z>; HiZ drive
v00000229c303ee20_0 .net "PACKAGEPIN", 0 0, o00000229c2feb758;  0 drivers
o00000229c2feb788 .functor BUFZ 1, c4<z>; HiZ drive
v00000229c303eb00_0 .net "PLLOUTCOREA", 0 0, o00000229c2feb788;  0 drivers
o00000229c2feb7b8 .functor BUFZ 1, c4<z>; HiZ drive
v00000229c303fb40_0 .net "PLLOUTCOREB", 0 0, o00000229c2feb7b8;  0 drivers
o00000229c2feb7e8 .functor BUFZ 1, c4<z>; HiZ drive
v00000229c303eba0_0 .net "PLLOUTGLOBALA", 0 0, o00000229c2feb7e8;  0 drivers
o00000229c2feb818 .functor BUFZ 1, c4<z>; HiZ drive
v00000229c303eec0_0 .net "PLLOUTGLOBALB", 0 0, o00000229c2feb818;  0 drivers
o00000229c2feb848 .functor BUFZ 1, c4<z>; HiZ drive
v00000229c303e420_0 .net "RESETB", 0 0, o00000229c2feb848;  0 drivers
o00000229c2feb878 .functor BUFZ 1, c4<z>; HiZ drive
v00000229c303f1e0_0 .net "SCLK", 0 0, o00000229c2feb878;  0 drivers
o00000229c2feb8a8 .functor BUFZ 1, c4<z>; HiZ drive
v00000229c303db60_0 .net "SDI", 0 0, o00000229c2feb8a8;  0 drivers
o00000229c2feb8d8 .functor BUFZ 1, c4<z>; HiZ drive
v00000229c303f280_0 .net "SDO", 0 0, o00000229c2feb8d8;  0 drivers
S_00000229c2fc6fb0 .scope module, "SB_PLL40_CORE" "SB_PLL40_CORE" 3 2425;
 .timescale -12 -12;
    .port_info 0 /INPUT 1 "REFERENCECLK";
    .port_info 1 /OUTPUT 1 "PLLOUTCORE";
    .port_info 2 /OUTPUT 1 "PLLOUTGLOBAL";
    .port_info 3 /INPUT 1 "EXTFEEDBACK";
    .port_info 4 /INPUT 8 "DYNAMICDELAY";
    .port_info 5 /OUTPUT 1 "LOCK";
    .port_info 6 /INPUT 1 "BYPASS";
    .port_info 7 /INPUT 1 "RESETB";
    .port_info 8 /INPUT 1 "LATCHINPUTVALUE";
    .port_info 9 /OUTPUT 1 "SDO";
    .port_info 10 /INPUT 1 "SDI";
    .port_info 11 /INPUT 1 "SCLK";
P_00000229c2cf6780 .param/str "DELAY_ADJUSTMENT_MODE_FEEDBACK" 0 3 2440, "FIXED";
P_00000229c2cf67b8 .param/str "DELAY_ADJUSTMENT_MODE_RELATIVE" 0 3 2441, "FIXED";
P_00000229c2cf67f0 .param/l "DIVF" 0 3 2447, C4<0000000>;
P_00000229c2cf6828 .param/l "DIVQ" 0 3 2448, C4<000>;
P_00000229c2cf6860 .param/l "DIVR" 0 3 2446, C4<0000>;
P_00000229c2cf6898 .param/l "ENABLE_ICEGATE" 0 3 2450, C4<0>;
P_00000229c2cf68d0 .param/l "EXTERNAL_DIVIDE_FACTOR" 0 3 2452, +C4<00000000000000000000000000000001>;
P_00000229c2cf6908 .param/l "FDA_FEEDBACK" 0 3 2443, C4<0000>;
P_00000229c2cf6940 .param/l "FDA_RELATIVE" 0 3 2444, C4<0000>;
P_00000229c2cf6978 .param/str "FEEDBACK_PATH" 0 3 2439, "SIMPLE";
P_00000229c2cf69b0 .param/l "FILTER_RANGE" 0 3 2449, C4<000>;
P_00000229c2cf69e8 .param/str "PLLOUT_SELECT" 0 3 2445, "GENCLK";
P_00000229c2cf6a20 .param/l "SHIFTREG_DIV_MODE" 0 3 2442, C4<0>;
P_00000229c2cf6a58 .param/l "TEST_MODE" 0 3 2451, C4<0>;
o00000229c2febba8 .functor BUFZ 1, c4<z>; HiZ drive
v00000229c303d840_0 .net "BYPASS", 0 0, o00000229c2febba8;  0 drivers
o00000229c2febbd8 .functor BUFZ 8, c4<zzzzzzzz>; HiZ drive
v00000229c303f320_0 .net "DYNAMICDELAY", 7 0, o00000229c2febbd8;  0 drivers
o00000229c2febc08 .functor BUFZ 1, c4<z>; HiZ drive
v00000229c303f3c0_0 .net "EXTFEEDBACK", 0 0, o00000229c2febc08;  0 drivers
o00000229c2febc38 .functor BUFZ 1, c4<z>; HiZ drive
v00000229c303f500_0 .net "LATCHINPUTVALUE", 0 0, o00000229c2febc38;  0 drivers
o00000229c2febc68 .functor BUFZ 1, c4<z>; HiZ drive
v00000229c303dde0_0 .net "LOCK", 0 0, o00000229c2febc68;  0 drivers
o00000229c2febc98 .functor BUFZ 1, c4<z>; HiZ drive
v00000229c303f780_0 .net "PLLOUTCORE", 0 0, o00000229c2febc98;  0 drivers
o00000229c2febcc8 .functor BUFZ 1, c4<z>; HiZ drive
v00000229c303e240_0 .net "PLLOUTGLOBAL", 0 0, o00000229c2febcc8;  0 drivers
o00000229c2febcf8 .functor BUFZ 1, c4<z>; HiZ drive
v00000229c303de80_0 .net "REFERENCECLK", 0 0, o00000229c2febcf8;  0 drivers
o00000229c2febd28 .functor BUFZ 1, c4<z>; HiZ drive
v00000229c303df20_0 .net "RESETB", 0 0, o00000229c2febd28;  0 drivers
o00000229c2febd58 .functor BUFZ 1, c4<z>; HiZ drive
v00000229c303dfc0_0 .net "SCLK", 0 0, o00000229c2febd58;  0 drivers
o00000229c2febd88 .functor BUFZ 1, c4<z>; HiZ drive
v00000229c303e060_0 .net "SDI", 0 0, o00000229c2febd88;  0 drivers
o00000229c2febdb8 .functor BUFZ 1, c4<z>; HiZ drive
v00000229c303e100_0 .net "SDO", 0 0, o00000229c2febdb8;  0 drivers
S_00000229c2fc75f0 .scope module, "SB_PLL40_PAD" "SB_PLL40_PAD" 3 2456;
 .timescale -12 -12;
    .port_info 0 /INPUT 1 "PACKAGEPIN";
    .port_info 1 /OUTPUT 1 "PLLOUTCORE";
    .port_info 2 /OUTPUT 1 "PLLOUTGLOBAL";
    .port_info 3 /INPUT 1 "EXTFEEDBACK";
    .port_info 4 /INPUT 8 "DYNAMICDELAY";
    .port_info 5 /OUTPUT 1 "LOCK";
    .port_info 6 /INPUT 1 "BYPASS";
    .port_info 7 /INPUT 1 "RESETB";
    .port_info 8 /INPUT 1 "LATCHINPUTVALUE";
    .port_info 9 /OUTPUT 1 "SDO";
    .port_info 10 /INPUT 1 "SDI";
    .port_info 11 /INPUT 1 "SCLK";
P_00000229c2fc8480 .param/str "DELAY_ADJUSTMENT_MODE_FEEDBACK" 0 3 2471, "FIXED";
P_00000229c2fc84b8 .param/str "DELAY_ADJUSTMENT_MODE_RELATIVE" 0 3 2472, "FIXED";
P_00000229c2fc84f0 .param/l "DIVF" 0 3 2478, C4<0000000>;
P_00000229c2fc8528 .param/l "DIVQ" 0 3 2479, C4<000>;
P_00000229c2fc8560 .param/l "DIVR" 0 3 2477, C4<0000>;
P_00000229c2fc8598 .param/l "ENABLE_ICEGATE" 0 3 2481, C4<0>;
P_00000229c2fc85d0 .param/l "EXTERNAL_DIVIDE_FACTOR" 0 3 2483, +C4<00000000000000000000000000000001>;
P_00000229c2fc8608 .param/l "FDA_FEEDBACK" 0 3 2474, C4<0000>;
P_00000229c2fc8640 .param/l "FDA_RELATIVE" 0 3 2475, C4<0000>;
P_00000229c2fc8678 .param/str "FEEDBACK_PATH" 0 3 2470, "SIMPLE";
P_00000229c2fc86b0 .param/l "FILTER_RANGE" 0 3 2480, C4<000>;
P_00000229c2fc86e8 .param/str "PLLOUT_SELECT" 0 3 2476, "GENCLK";
P_00000229c2fc8720 .param/l "SHIFTREG_DIV_MODE" 0 3 2473, C4<0>;
P_00000229c2fc8758 .param/l "TEST_MODE" 0 3 2482, C4<0>;
o00000229c2fec028 .functor BUFZ 1, c4<z>; HiZ drive
v00000229c3040180_0 .net "BYPASS", 0 0, o00000229c2fec028;  0 drivers
o00000229c2fec058 .functor BUFZ 8, c4<zzzzzzzz>; HiZ drive
v00000229c30419e0_0 .net "DYNAMICDELAY", 7 0, o00000229c2fec058;  0 drivers
o00000229c2fec088 .functor BUFZ 1, c4<z>; HiZ drive
v00000229c3041c60_0 .net "EXTFEEDBACK", 0 0, o00000229c2fec088;  0 drivers
o00000229c2fec0b8 .functor BUFZ 1, c4<z>; HiZ drive
v00000229c3040540_0 .net "LATCHINPUTVALUE", 0 0, o00000229c2fec0b8;  0 drivers
o00000229c2fec0e8 .functor BUFZ 1, c4<z>; HiZ drive
v00000229c3041da0_0 .net "LOCK", 0 0, o00000229c2fec0e8;  0 drivers
o00000229c2fec118 .functor BUFZ 1, c4<z>; HiZ drive
v00000229c3041440_0 .net "PACKAGEPIN", 0 0, o00000229c2fec118;  0 drivers
o00000229c2fec148 .functor BUFZ 1, c4<z>; HiZ drive
v00000229c3042660_0 .net "PLLOUTCORE", 0 0, o00000229c2fec148;  0 drivers
o00000229c2fec178 .functor BUFZ 1, c4<z>; HiZ drive
v00000229c3042700_0 .net "PLLOUTGLOBAL", 0 0, o00000229c2fec178;  0 drivers
o00000229c2fec1a8 .functor BUFZ 1, c4<z>; HiZ drive
v00000229c3041d00_0 .net "RESETB", 0 0, o00000229c2fec1a8;  0 drivers
o00000229c2fec1d8 .functor BUFZ 1, c4<z>; HiZ drive
v00000229c3041580_0 .net "SCLK", 0 0, o00000229c2fec1d8;  0 drivers
o00000229c2fec208 .functor BUFZ 1, c4<z>; HiZ drive
v00000229c3041f80_0 .net "SDI", 0 0, o00000229c2fec208;  0 drivers
o00000229c2fec238 .functor BUFZ 1, c4<z>; HiZ drive
v00000229c3040220_0 .net "SDO", 0 0, o00000229c2fec238;  0 drivers
S_00000229c2fc7dc0 .scope module, "SB_RAM40_4KNR" "SB_RAM40_4KNR" 3 1726;
 .timescale -12 -12;
    .port_info 0 /OUTPUT 16 "RDATA";
    .port_info 1 /INPUT 1 "RCLKN";
    .port_info 2 /INPUT 1 "RCLKE";
    .port_info 3 /INPUT 1 "RE";
    .port_info 4 /INPUT 11 "RADDR";
    .port_info 5 /INPUT 1 "WCLK";
    .port_info 6 /INPUT 1 "WCLKE";
    .port_info 7 /INPUT 1 "WE";
    .port_info 8 /INPUT 11 "WADDR";
    .port_info 9 /INPUT 16 "MASK";
    .port_info 10 /INPUT 16 "WDATA";
P_00000229c2fc87a0 .param/l "INIT_0" 0 3 1742, C4<0000000000000000000000000000000000000000000000000000000000000000000000000000000000000000000000000000000000000000000000000000000000000000000000000000000000000000000000000000000000000000000000000000000000000000000000000000000000000000000000000000000000000000>;
P_00000229c2fc87d8 .param/l "INIT_1" 0 3 1743, C4<0000000000000000000000000000000000000000000000000000000000000000000000000000000000000000000000000000000000000000000000000000000000000000000000000000000000000000000000000000000000000000000000000000000000000000000000000000000000000000000000000000000000000000>;
P_00000229c2fc8810 .param/l "INIT_2" 0 3 1744, C4<0000000000000000000000000000000000000000000000000000000000000000000000000000000000000000000000000000000000000000000000000000000000000000000000000000000000000000000000000000000000000000000000000000000000000000000000000000000000000000000000000000000000000000>;
P_00000229c2fc8848 .param/l "INIT_3" 0 3 1745, C4<0000000000000000000000000000000000000000000000000000000000000000000000000000000000000000000000000000000000000000000000000000000000000000000000000000000000000000000000000000000000000000000000000000000000000000000000000000000000000000000000000000000000000000>;
P_00000229c2fc8880 .param/l "INIT_4" 0 3 1746, C4<0000000000000000000000000000000000000000000000000000000000000000000000000000000000000000000000000000000000000000000000000000000000000000000000000000000000000000000000000000000000000000000000000000000000000000000000000000000000000000000000000000000000000000>;
P_00000229c2fc88b8 .param/l "INIT_5" 0 3 1747, C4<0000000000000000000000000000000000000000000000000000000000000000000000000000000000000000000000000000000000000000000000000000000000000000000000000000000000000000000000000000000000000000000000000000000000000000000000000000000000000000000000000000000000000000>;
P_00000229c2fc88f0 .param/l "INIT_6" 0 3 1748, C4<0000000000000000000000000000000000000000000000000000000000000000000000000000000000000000000000000000000000000000000000000000000000000000000000000000000000000000000000000000000000000000000000000000000000000000000000000000000000000000000000000000000000000000>;
P_00000229c2fc8928 .param/l "INIT_7" 0 3 1749, C4<0000000000000000000000000000000000000000000000000000000000000000000000000000000000000000000000000000000000000000000000000000000000000000000000000000000000000000000000000000000000000000000000000000000000000000000000000000000000000000000000000000000000000000>;
P_00000229c2fc8960 .param/l "INIT_8" 0 3 1750, C4<0000000000000000000000000000000000000000000000000000000000000000000000000000000000000000000000000000000000000000000000000000000000000000000000000000000000000000000000000000000000000000000000000000000000000000000000000000000000000000000000000000000000000000>;
P_00000229c2fc8998 .param/l "INIT_9" 0 3 1751, C4<0000000000000000000000000000000000000000000000000000000000000000000000000000000000000000000000000000000000000000000000000000000000000000000000000000000000000000000000000000000000000000000000000000000000000000000000000000000000000000000000000000000000000000>;
P_00000229c2fc89d0 .param/l "INIT_A" 0 3 1752, C4<0000000000000000000000000000000000000000000000000000000000000000000000000000000000000000000000000000000000000000000000000000000000000000000000000000000000000000000000000000000000000000000000000000000000000000000000000000000000000000000000000000000000000000>;
P_00000229c2fc8a08 .param/l "INIT_B" 0 3 1753, C4<0000000000000000000000000000000000000000000000000000000000000000000000000000000000000000000000000000000000000000000000000000000000000000000000000000000000000000000000000000000000000000000000000000000000000000000000000000000000000000000000000000000000000000>;
P_00000229c2fc8a40 .param/l "INIT_C" 0 3 1754, C4<0000000000000000000000000000000000000000000000000000000000000000000000000000000000000000000000000000000000000000000000000000000000000000000000000000000000000000000000000000000000000000000000000000000000000000000000000000000000000000000000000000000000000000>;
P_00000229c2fc8a78 .param/l "INIT_D" 0 3 1755, C4<0000000000000000000000000000000000000000000000000000000000000000000000000000000000000000000000000000000000000000000000000000000000000000000000000000000000000000000000000000000000000000000000000000000000000000000000000000000000000000000000000000000000000000>;
P_00000229c2fc8ab0 .param/l "INIT_E" 0 3 1756, C4<0000000000000000000000000000000000000000000000000000000000000000000000000000000000000000000000000000000000000000000000000000000000000000000000000000000000000000000000000000000000000000000000000000000000000000000000000000000000000000000000000000000000000000>;
P_00000229c2fc8ae8 .param/l "INIT_F" 0 3 1757, C4<0000000000000000000000000000000000000000000000000000000000000000000000000000000000000000000000000000000000000000000000000000000000000000000000000000000000000000000000000000000000000000000000000000000000000000000000000000000000000000000000000000000000000000>;
P_00000229c2fc8b20 .param/str "INIT_FILE" 0 3 1759, "\000";
P_00000229c2fc8b58 .param/l "READ_MODE" 0 3 1740, +C4<00000000000000000000000000000000>;
P_00000229c2fc8b90 .param/l "WRITE_MODE" 0 3 1739, +C4<00000000000000000000000000000000>;
o00000229c2fec9b8 .functor BUFZ 1, c4<z>; HiZ drive
L_00000229c2f4e020 .functor NOT 1, o00000229c2fec9b8, C4<0>, C4<0>, C4<0>;
o00000229c2fec4a8 .functor BUFZ 16, c4<zzzzzzzzzzzzzzzz>; HiZ drive
v00000229c30404a0_0 .net "MASK", 15 0, o00000229c2fec4a8;  0 drivers
o00000229c2fec4d8 .functor BUFZ 11, c4<zzzzzzzzzzz>; HiZ drive
v00000229c3040ae0_0 .net "RADDR", 10 0, o00000229c2fec4d8;  0 drivers
o00000229c2fec538 .functor BUFZ 1, c4<z>; HiZ drive
v00000229c3040400_0 .net "RCLKE", 0 0, o00000229c2fec538;  0 drivers
v00000229c3040d60_0 .net "RCLKN", 0 0, o00000229c2fec9b8;  0 drivers
v00000229c3041a80_0 .net "RDATA", 15 0, L_00000229c2f4ee20;  1 drivers
o00000229c2fec5c8 .functor BUFZ 1, c4<z>; HiZ drive
v00000229c303ffa0_0 .net "RE", 0 0, o00000229c2fec5c8;  0 drivers
o00000229c2fec628 .functor BUFZ 11, c4<zzzzzzzzzzz>; HiZ drive
v00000229c3040040_0 .net "WADDR", 10 0, o00000229c2fec628;  0 drivers
o00000229c2fec658 .functor BUFZ 1, c4<z>; HiZ drive
v00000229c3041940_0 .net "WCLK", 0 0, o00000229c2fec658;  0 drivers
o00000229c2fec688 .functor BUFZ 1, c4<z>; HiZ drive
v00000229c30418a0_0 .net "WCLKE", 0 0, o00000229c2fec688;  0 drivers
o00000229c2fec6b8 .functor BUFZ 16, c4<zzzzzzzzzzzzzzzz>; HiZ drive
v00000229c30400e0_0 .net "WDATA", 15 0, o00000229c2fec6b8;  0 drivers
o00000229c2fec718 .functor BUFZ 1, c4<z>; HiZ drive
v00000229c30405e0_0 .net "WE", 0 0, o00000229c2fec718;  0 drivers
S_00000229c2fcb940 .scope module, "RAM" "SB_RAM40_4K" 3 1781, 3 1487 0, S_00000229c2fc7dc0;
 .timescale -12 -12;
    .port_info 0 /OUTPUT 16 "RDATA";
    .port_info 1 /INPUT 1 "RCLK";
    .port_info 2 /INPUT 1 "RCLKE";
    .port_info 3 /INPUT 1 "RE";
    .port_info 4 /INPUT 11 "RADDR";
    .port_info 5 /INPUT 1 "WCLK";
    .port_info 6 /INPUT 1 "WCLKE";
    .port_info 7 /INPUT 1 "WE";
    .port_info 8 /INPUT 11 "WADDR";
    .port_info 9 /INPUT 16 "MASK";
    .port_info 10 /INPUT 16 "WDATA";
P_00000229c2fddc20 .param/l "INIT_0" 0 3 1507, C4<0000000000000000000000000000000000000000000000000000000000000000000000000000000000000000000000000000000000000000000000000000000000000000000000000000000000000000000000000000000000000000000000000000000000000000000000000000000000000000000000000000000000000000>;
P_00000229c2fddc58 .param/l "INIT_1" 0 3 1508, C4<0000000000000000000000000000000000000000000000000000000000000000000000000000000000000000000000000000000000000000000000000000000000000000000000000000000000000000000000000000000000000000000000000000000000000000000000000000000000000000000000000000000000000000>;
P_00000229c2fddc90 .param/l "INIT_2" 0 3 1509, C4<0000000000000000000000000000000000000000000000000000000000000000000000000000000000000000000000000000000000000000000000000000000000000000000000000000000000000000000000000000000000000000000000000000000000000000000000000000000000000000000000000000000000000000>;
P_00000229c2fddcc8 .param/l "INIT_3" 0 3 1510, C4<0000000000000000000000000000000000000000000000000000000000000000000000000000000000000000000000000000000000000000000000000000000000000000000000000000000000000000000000000000000000000000000000000000000000000000000000000000000000000000000000000000000000000000>;
P_00000229c2fddd00 .param/l "INIT_4" 0 3 1511, C4<0000000000000000000000000000000000000000000000000000000000000000000000000000000000000000000000000000000000000000000000000000000000000000000000000000000000000000000000000000000000000000000000000000000000000000000000000000000000000000000000000000000000000000>;
P_00000229c2fddd38 .param/l "INIT_5" 0 3 1512, C4<0000000000000000000000000000000000000000000000000000000000000000000000000000000000000000000000000000000000000000000000000000000000000000000000000000000000000000000000000000000000000000000000000000000000000000000000000000000000000000000000000000000000000000>;
P_00000229c2fddd70 .param/l "INIT_6" 0 3 1513, C4<0000000000000000000000000000000000000000000000000000000000000000000000000000000000000000000000000000000000000000000000000000000000000000000000000000000000000000000000000000000000000000000000000000000000000000000000000000000000000000000000000000000000000000>;
P_00000229c2fddda8 .param/l "INIT_7" 0 3 1514, C4<0000000000000000000000000000000000000000000000000000000000000000000000000000000000000000000000000000000000000000000000000000000000000000000000000000000000000000000000000000000000000000000000000000000000000000000000000000000000000000000000000000000000000000>;
P_00000229c2fddde0 .param/l "INIT_8" 0 3 1515, C4<0000000000000000000000000000000000000000000000000000000000000000000000000000000000000000000000000000000000000000000000000000000000000000000000000000000000000000000000000000000000000000000000000000000000000000000000000000000000000000000000000000000000000000>;
P_00000229c2fdde18 .param/l "INIT_9" 0 3 1516, C4<0000000000000000000000000000000000000000000000000000000000000000000000000000000000000000000000000000000000000000000000000000000000000000000000000000000000000000000000000000000000000000000000000000000000000000000000000000000000000000000000000000000000000000>;
P_00000229c2fdde50 .param/l "INIT_A" 0 3 1517, C4<0000000000000000000000000000000000000000000000000000000000000000000000000000000000000000000000000000000000000000000000000000000000000000000000000000000000000000000000000000000000000000000000000000000000000000000000000000000000000000000000000000000000000000>;
P_00000229c2fdde88 .param/l "INIT_B" 0 3 1518, C4<0000000000000000000000000000000000000000000000000000000000000000000000000000000000000000000000000000000000000000000000000000000000000000000000000000000000000000000000000000000000000000000000000000000000000000000000000000000000000000000000000000000000000000>;
P_00000229c2fddec0 .param/l "INIT_C" 0 3 1519, C4<0000000000000000000000000000000000000000000000000000000000000000000000000000000000000000000000000000000000000000000000000000000000000000000000000000000000000000000000000000000000000000000000000000000000000000000000000000000000000000000000000000000000000000>;
P_00000229c2fddef8 .param/l "INIT_D" 0 3 1520, C4<0000000000000000000000000000000000000000000000000000000000000000000000000000000000000000000000000000000000000000000000000000000000000000000000000000000000000000000000000000000000000000000000000000000000000000000000000000000000000000000000000000000000000000>;
P_00000229c2fddf30 .param/l "INIT_E" 0 3 1521, C4<0000000000000000000000000000000000000000000000000000000000000000000000000000000000000000000000000000000000000000000000000000000000000000000000000000000000000000000000000000000000000000000000000000000000000000000000000000000000000000000000000000000000000000>;
P_00000229c2fddf68 .param/l "INIT_F" 0 3 1522, C4<0000000000000000000000000000000000000000000000000000000000000000000000000000000000000000000000000000000000000000000000000000000000000000000000000000000000000000000000000000000000000000000000000000000000000000000000000000000000000000000000000000000000000000>;
P_00000229c2fddfa0 .param/str "INIT_FILE" 0 3 1524, "\000";
P_00000229c2fddfd8 .param/l "READ_MODE" 0 3 1505, +C4<00000000000000000000000000000000>;
P_00000229c2fde010 .param/l "WRITE_MODE" 0 3 1504, +C4<00000000000000000000000000000000>;
v00000229c3042020_0 .net "MASK", 15 0, o00000229c2fec4a8;  alias, 0 drivers
v00000229c30414e0_0 .net "RADDR", 10 0, o00000229c2fec4d8;  alias, 0 drivers
v00000229c3040b80_0 .net "RCLK", 0 0, L_00000229c2f4e020;  1 drivers
v00000229c3041e40_0 .net "RCLKE", 0 0, o00000229c2fec538;  alias, 0 drivers
v00000229c3040720_0 .net "RDATA", 15 0, L_00000229c2f4ee20;  alias, 1 drivers
v00000229c3040900_0 .var "RDATA_I", 15 0;
v00000229c3041760_0 .net "RE", 0 0, o00000229c2fec5c8;  alias, 0 drivers
L_00000229c305bab0 .functor BUFT 1, C4<0000000000000000>, C4<0>, C4<0>, C4<0>;
v00000229c30407c0_0 .net "RMASK_I", 15 0, L_00000229c305bab0;  1 drivers
v00000229c3041ee0_0 .net "WADDR", 10 0, o00000229c2fec628;  alias, 0 drivers
v00000229c30402c0_0 .net "WCLK", 0 0, o00000229c2fec658;  alias, 0 drivers
v00000229c3041800_0 .net "WCLKE", 0 0, o00000229c2fec688;  alias, 0 drivers
v00000229c30420c0_0 .net "WDATA", 15 0, o00000229c2fec6b8;  alias, 0 drivers
v00000229c3040cc0_0 .net "WDATA_I", 15 0, L_00000229c2f4e1e0;  1 drivers
v00000229c3040a40_0 .net "WE", 0 0, o00000229c2fec718;  alias, 0 drivers
v00000229c30411c0_0 .net "WMASK_I", 15 0, L_00000229c2f4df40;  1 drivers
v00000229c3040360_0 .var/i "i", 31 0;
v00000229c3040fe0 .array "memory", 255 0, 15 0;
E_00000229c2fb8640 .event posedge, v00000229c3040b80_0;
E_00000229c2fb8c40 .event posedge, v00000229c30402c0_0;
S_00000229c2fcc2a0 .scope generate, "genblk1" "genblk1" 3 1534, 3 1534 0, S_00000229c2fcb940;
 .timescale -12 -12;
L_00000229c2f4df40 .functor BUFZ 16, o00000229c2fec4a8, C4<0000000000000000>, C4<0000000000000000>, C4<0000000000000000>;
S_00000229c304e0f0 .scope generate, "genblk2" "genblk2" 3 1555, 3 1555 0, S_00000229c2fcb940;
 .timescale -12 -12;
S_00000229c304ed70 .scope generate, "genblk3" "genblk3" 3 1576, 3 1576 0, S_00000229c2fcb940;
 .timescale -12 -12;
L_00000229c2f4e1e0 .functor BUFZ 16, o00000229c2fec6b8, C4<0000000000000000>, C4<0000000000000000>, C4<0000000000000000>;
S_00000229c304dab0 .scope generate, "genblk4" "genblk4" 3 1595, 3 1595 0, S_00000229c2fcb940;
 .timescale -12 -12;
L_00000229c2f4ee20 .functor BUFZ 16, v00000229c3040900_0, C4<0000000000000000>, C4<0000000000000000>, C4<0000000000000000>;
S_00000229c2fc8270 .scope module, "SB_RAM40_4KNRNW" "SB_RAM40_4KNRNW" 3 1998;
 .timescale -12 -12;
    .port_info 0 /OUTPUT 16 "RDATA";
    .port_info 1 /INPUT 1 "RCLKN";
    .port_info 2 /INPUT 1 "RCLKE";
    .port_info 3 /INPUT 1 "RE";
    .port_info 4 /INPUT 11 "RADDR";
    .port_info 5 /INPUT 1 "WCLKN";
    .port_info 6 /INPUT 1 "WCLKE";
    .port_info 7 /INPUT 1 "WE";
    .port_info 8 /INPUT 11 "WADDR";
    .port_info 9 /INPUT 16 "MASK";
    .port_info 10 /INPUT 16 "WDATA";
P_00000229c2fc8bd0 .param/l "INIT_0" 0 3 2014, C4<0000000000000000000000000000000000000000000000000000000000000000000000000000000000000000000000000000000000000000000000000000000000000000000000000000000000000000000000000000000000000000000000000000000000000000000000000000000000000000000000000000000000000000>;
P_00000229c2fc8c08 .param/l "INIT_1" 0 3 2015, C4<0000000000000000000000000000000000000000000000000000000000000000000000000000000000000000000000000000000000000000000000000000000000000000000000000000000000000000000000000000000000000000000000000000000000000000000000000000000000000000000000000000000000000000>;
P_00000229c2fc8c40 .param/l "INIT_2" 0 3 2016, C4<0000000000000000000000000000000000000000000000000000000000000000000000000000000000000000000000000000000000000000000000000000000000000000000000000000000000000000000000000000000000000000000000000000000000000000000000000000000000000000000000000000000000000000>;
P_00000229c2fc8c78 .param/l "INIT_3" 0 3 2017, C4<0000000000000000000000000000000000000000000000000000000000000000000000000000000000000000000000000000000000000000000000000000000000000000000000000000000000000000000000000000000000000000000000000000000000000000000000000000000000000000000000000000000000000000>;
P_00000229c2fc8cb0 .param/l "INIT_4" 0 3 2018, C4<0000000000000000000000000000000000000000000000000000000000000000000000000000000000000000000000000000000000000000000000000000000000000000000000000000000000000000000000000000000000000000000000000000000000000000000000000000000000000000000000000000000000000000>;
P_00000229c2fc8ce8 .param/l "INIT_5" 0 3 2019, C4<0000000000000000000000000000000000000000000000000000000000000000000000000000000000000000000000000000000000000000000000000000000000000000000000000000000000000000000000000000000000000000000000000000000000000000000000000000000000000000000000000000000000000000>;
P_00000229c2fc8d20 .param/l "INIT_6" 0 3 2020, C4<0000000000000000000000000000000000000000000000000000000000000000000000000000000000000000000000000000000000000000000000000000000000000000000000000000000000000000000000000000000000000000000000000000000000000000000000000000000000000000000000000000000000000000>;
P_00000229c2fc8d58 .param/l "INIT_7" 0 3 2021, C4<0000000000000000000000000000000000000000000000000000000000000000000000000000000000000000000000000000000000000000000000000000000000000000000000000000000000000000000000000000000000000000000000000000000000000000000000000000000000000000000000000000000000000000>;
P_00000229c2fc8d90 .param/l "INIT_8" 0 3 2022, C4<0000000000000000000000000000000000000000000000000000000000000000000000000000000000000000000000000000000000000000000000000000000000000000000000000000000000000000000000000000000000000000000000000000000000000000000000000000000000000000000000000000000000000000>;
P_00000229c2fc8dc8 .param/l "INIT_9" 0 3 2023, C4<0000000000000000000000000000000000000000000000000000000000000000000000000000000000000000000000000000000000000000000000000000000000000000000000000000000000000000000000000000000000000000000000000000000000000000000000000000000000000000000000000000000000000000>;
P_00000229c2fc8e00 .param/l "INIT_A" 0 3 2024, C4<0000000000000000000000000000000000000000000000000000000000000000000000000000000000000000000000000000000000000000000000000000000000000000000000000000000000000000000000000000000000000000000000000000000000000000000000000000000000000000000000000000000000000000>;
P_00000229c2fc8e38 .param/l "INIT_B" 0 3 2025, C4<0000000000000000000000000000000000000000000000000000000000000000000000000000000000000000000000000000000000000000000000000000000000000000000000000000000000000000000000000000000000000000000000000000000000000000000000000000000000000000000000000000000000000000>;
P_00000229c2fc8e70 .param/l "INIT_C" 0 3 2026, C4<0000000000000000000000000000000000000000000000000000000000000000000000000000000000000000000000000000000000000000000000000000000000000000000000000000000000000000000000000000000000000000000000000000000000000000000000000000000000000000000000000000000000000000>;
P_00000229c2fc8ea8 .param/l "INIT_D" 0 3 2027, C4<0000000000000000000000000000000000000000000000000000000000000000000000000000000000000000000000000000000000000000000000000000000000000000000000000000000000000000000000000000000000000000000000000000000000000000000000000000000000000000000000000000000000000000>;
P_00000229c2fc8ee0 .param/l "INIT_E" 0 3 2028, C4<0000000000000000000000000000000000000000000000000000000000000000000000000000000000000000000000000000000000000000000000000000000000000000000000000000000000000000000000000000000000000000000000000000000000000000000000000000000000000000000000000000000000000000>;
P_00000229c2fc8f18 .param/l "INIT_F" 0 3 2029, C4<0000000000000000000000000000000000000000000000000000000000000000000000000000000000000000000000000000000000000000000000000000000000000000000000000000000000000000000000000000000000000000000000000000000000000000000000000000000000000000000000000000000000000000>;
P_00000229c2fc8f50 .param/str "INIT_FILE" 0 3 2031, "\000";
P_00000229c2fc8f88 .param/l "READ_MODE" 0 3 2012, +C4<00000000000000000000000000000000>;
P_00000229c2fc8fc0 .param/l "WRITE_MODE" 0 3 2011, +C4<00000000000000000000000000000000>;
o00000229c2fed108 .functor BUFZ 1, c4<z>; HiZ drive
L_00000229c2e75370 .functor NOT 1, o00000229c2fed108, C4<0>, C4<0>, C4<0>;
o00000229c2fed138 .functor BUFZ 1, c4<z>; HiZ drive
L_00000229c2e748f0 .functor NOT 1, o00000229c2fed138, C4<0>, C4<0>, C4<0>;
o00000229c2fecbf8 .functor BUFZ 16, c4<zzzzzzzzzzzzzzzz>; HiZ drive
v00000229c3041080_0 .net "MASK", 15 0, o00000229c2fecbf8;  0 drivers
o00000229c2fecc28 .functor BUFZ 11, c4<zzzzzzzzzzz>; HiZ drive
v00000229c3041120_0 .net "RADDR", 10 0, o00000229c2fecc28;  0 drivers
o00000229c2fecc88 .functor BUFZ 1, c4<z>; HiZ drive
v00000229c3041260_0 .net "RCLKE", 0 0, o00000229c2fecc88;  0 drivers
v00000229c3041620_0 .net "RCLKN", 0 0, o00000229c2fed108;  0 drivers
v00000229c3041300_0 .net "RDATA", 15 0, L_00000229c2e76100;  1 drivers
o00000229c2fecd18 .functor BUFZ 1, c4<z>; HiZ drive
v00000229c30413a0_0 .net "RE", 0 0, o00000229c2fecd18;  0 drivers
o00000229c2fecd78 .functor BUFZ 11, c4<zzzzzzzzzzz>; HiZ drive
v00000229c3041bc0_0 .net "WADDR", 10 0, o00000229c2fecd78;  0 drivers
o00000229c2fecdd8 .functor BUFZ 1, c4<z>; HiZ drive
v00000229c3042d40_0 .net "WCLKE", 0 0, o00000229c2fecdd8;  0 drivers
v00000229c3042b60_0 .net "WCLKN", 0 0, o00000229c2fed138;  0 drivers
o00000229c2fece08 .functor BUFZ 16, c4<zzzzzzzzzzzzzzzz>; HiZ drive
v00000229c30428e0_0 .net "WDATA", 15 0, o00000229c2fece08;  0 drivers
o00000229c2fece68 .functor BUFZ 1, c4<z>; HiZ drive
v00000229c3042980_0 .net "WE", 0 0, o00000229c2fece68;  0 drivers
S_00000229c304df60 .scope module, "RAM" "SB_RAM40_4K" 3 2053, 3 1487 0, S_00000229c2fc8270;
 .timescale -12 -12;
    .port_info 0 /OUTPUT 16 "RDATA";
    .port_info 1 /INPUT 1 "RCLK";
    .port_info 2 /INPUT 1 "RCLKE";
    .port_info 3 /INPUT 1 "RE";
    .port_info 4 /INPUT 11 "RADDR";
    .port_info 5 /INPUT 1 "WCLK";
    .port_info 6 /INPUT 1 "WCLKE";
    .port_info 7 /INPUT 1 "WE";
    .port_info 8 /INPUT 11 "WADDR";
    .port_info 9 /INPUT 16 "MASK";
    .port_info 10 /INPUT 16 "WDATA";
P_00000229c2fde050 .param/l "INIT_0" 0 3 1507, C4<0000000000000000000000000000000000000000000000000000000000000000000000000000000000000000000000000000000000000000000000000000000000000000000000000000000000000000000000000000000000000000000000000000000000000000000000000000000000000000000000000000000000000000>;
P_00000229c2fde088 .param/l "INIT_1" 0 3 1508, C4<0000000000000000000000000000000000000000000000000000000000000000000000000000000000000000000000000000000000000000000000000000000000000000000000000000000000000000000000000000000000000000000000000000000000000000000000000000000000000000000000000000000000000000>;
P_00000229c2fde0c0 .param/l "INIT_2" 0 3 1509, C4<0000000000000000000000000000000000000000000000000000000000000000000000000000000000000000000000000000000000000000000000000000000000000000000000000000000000000000000000000000000000000000000000000000000000000000000000000000000000000000000000000000000000000000>;
P_00000229c2fde0f8 .param/l "INIT_3" 0 3 1510, C4<0000000000000000000000000000000000000000000000000000000000000000000000000000000000000000000000000000000000000000000000000000000000000000000000000000000000000000000000000000000000000000000000000000000000000000000000000000000000000000000000000000000000000000>;
P_00000229c2fde130 .param/l "INIT_4" 0 3 1511, C4<0000000000000000000000000000000000000000000000000000000000000000000000000000000000000000000000000000000000000000000000000000000000000000000000000000000000000000000000000000000000000000000000000000000000000000000000000000000000000000000000000000000000000000>;
P_00000229c2fde168 .param/l "INIT_5" 0 3 1512, C4<0000000000000000000000000000000000000000000000000000000000000000000000000000000000000000000000000000000000000000000000000000000000000000000000000000000000000000000000000000000000000000000000000000000000000000000000000000000000000000000000000000000000000000>;
P_00000229c2fde1a0 .param/l "INIT_6" 0 3 1513, C4<0000000000000000000000000000000000000000000000000000000000000000000000000000000000000000000000000000000000000000000000000000000000000000000000000000000000000000000000000000000000000000000000000000000000000000000000000000000000000000000000000000000000000000>;
P_00000229c2fde1d8 .param/l "INIT_7" 0 3 1514, C4<0000000000000000000000000000000000000000000000000000000000000000000000000000000000000000000000000000000000000000000000000000000000000000000000000000000000000000000000000000000000000000000000000000000000000000000000000000000000000000000000000000000000000000>;
P_00000229c2fde210 .param/l "INIT_8" 0 3 1515, C4<0000000000000000000000000000000000000000000000000000000000000000000000000000000000000000000000000000000000000000000000000000000000000000000000000000000000000000000000000000000000000000000000000000000000000000000000000000000000000000000000000000000000000000>;
P_00000229c2fde248 .param/l "INIT_9" 0 3 1516, C4<0000000000000000000000000000000000000000000000000000000000000000000000000000000000000000000000000000000000000000000000000000000000000000000000000000000000000000000000000000000000000000000000000000000000000000000000000000000000000000000000000000000000000000>;
P_00000229c2fde280 .param/l "INIT_A" 0 3 1517, C4<0000000000000000000000000000000000000000000000000000000000000000000000000000000000000000000000000000000000000000000000000000000000000000000000000000000000000000000000000000000000000000000000000000000000000000000000000000000000000000000000000000000000000000>;
P_00000229c2fde2b8 .param/l "INIT_B" 0 3 1518, C4<0000000000000000000000000000000000000000000000000000000000000000000000000000000000000000000000000000000000000000000000000000000000000000000000000000000000000000000000000000000000000000000000000000000000000000000000000000000000000000000000000000000000000000>;
P_00000229c2fde2f0 .param/l "INIT_C" 0 3 1519, C4<0000000000000000000000000000000000000000000000000000000000000000000000000000000000000000000000000000000000000000000000000000000000000000000000000000000000000000000000000000000000000000000000000000000000000000000000000000000000000000000000000000000000000000>;
P_00000229c2fde328 .param/l "INIT_D" 0 3 1520, C4<0000000000000000000000000000000000000000000000000000000000000000000000000000000000000000000000000000000000000000000000000000000000000000000000000000000000000000000000000000000000000000000000000000000000000000000000000000000000000000000000000000000000000000>;
P_00000229c2fde360 .param/l "INIT_E" 0 3 1521, C4<0000000000000000000000000000000000000000000000000000000000000000000000000000000000000000000000000000000000000000000000000000000000000000000000000000000000000000000000000000000000000000000000000000000000000000000000000000000000000000000000000000000000000000>;
P_00000229c2fde398 .param/l "INIT_F" 0 3 1522, C4<0000000000000000000000000000000000000000000000000000000000000000000000000000000000000000000000000000000000000000000000000000000000000000000000000000000000000000000000000000000000000000000000000000000000000000000000000000000000000000000000000000000000000000>;
P_00000229c2fde3d0 .param/str "INIT_FILE" 0 3 1524, "\000";
P_00000229c2fde408 .param/l "READ_MODE" 0 3 1505, +C4<00000000000000000000000000000000>;
P_00000229c2fde440 .param/l "WRITE_MODE" 0 3 1504, +C4<00000000000000000000000000000000>;
v00000229c3042160_0 .net "MASK", 15 0, o00000229c2fecbf8;  alias, 0 drivers
v00000229c3040680_0 .net "RADDR", 10 0, o00000229c2fecc28;  alias, 0 drivers
v00000229c30422a0_0 .net "RCLK", 0 0, L_00000229c2e75370;  1 drivers
v00000229c3040e00_0 .net "RCLKE", 0 0, o00000229c2fecc88;  alias, 0 drivers
v00000229c3042200_0 .net "RDATA", 15 0, L_00000229c2e76100;  alias, 1 drivers
v00000229c3040c20_0 .var "RDATA_I", 15 0;
v00000229c30423e0_0 .net "RE", 0 0, o00000229c2fecd18;  alias, 0 drivers
L_00000229c305baf8 .functor BUFT 1, C4<0000000000000000>, C4<0>, C4<0>, C4<0>;
v00000229c30416c0_0 .net "RMASK_I", 15 0, L_00000229c305baf8;  1 drivers
v00000229c3040860_0 .net "WADDR", 10 0, o00000229c2fecd78;  alias, 0 drivers
v00000229c30425c0_0 .net "WCLK", 0 0, L_00000229c2e748f0;  1 drivers
v00000229c3042340_0 .net "WCLKE", 0 0, o00000229c2fecdd8;  alias, 0 drivers
v00000229c30409a0_0 .net "WDATA", 15 0, o00000229c2fece08;  alias, 0 drivers
v00000229c3041b20_0 .net "WDATA_I", 15 0, L_00000229c2f4e330;  1 drivers
v00000229c3042480_0 .net "WE", 0 0, o00000229c2fece68;  alias, 0 drivers
v00000229c3040ea0_0 .net "WMASK_I", 15 0, L_00000229c2f4e2c0;  1 drivers
v00000229c3042520_0 .var/i "i", 31 0;
v00000229c3040f40 .array "memory", 255 0, 15 0;
E_00000229c2fb86c0 .event posedge, v00000229c30422a0_0;
E_00000229c2fb8700 .event posedge, v00000229c30425c0_0;
S_00000229c304e280 .scope generate, "genblk1" "genblk1" 3 1534, 3 1534 0, S_00000229c304df60;
 .timescale -12 -12;
L_00000229c2f4e2c0 .functor BUFZ 16, o00000229c2fecbf8, C4<0000000000000000>, C4<0000000000000000>, C4<0000000000000000>;
S_00000229c304d150 .scope generate, "genblk2" "genblk2" 3 1555, 3 1555 0, S_00000229c304df60;
 .timescale -12 -12;
S_00000229c304ddd0 .scope generate, "genblk3" "genblk3" 3 1576, 3 1576 0, S_00000229c304df60;
 .timescale -12 -12;
L_00000229c2f4e330 .functor BUFZ 16, o00000229c2fece08, C4<0000000000000000>, C4<0000000000000000>, C4<0000000000000000>;
S_00000229c304cfc0 .scope generate, "genblk4" "genblk4" 3 1595, 3 1595 0, S_00000229c304df60;
 .timescale -12 -12;
L_00000229c2e76100 .functor BUFZ 16, v00000229c3040c20_0, C4<0000000000000000>, C4<0000000000000000>, C4<0000000000000000>;
S_00000229c2fc67e0 .scope module, "SB_RAM40_4KNW" "SB_RAM40_4KNW" 3 1862;
 .timescale -12 -12;
    .port_info 0 /OUTPUT 16 "RDATA";
    .port_info 1 /INPUT 1 "RCLK";
    .port_info 2 /INPUT 1 "RCLKE";
    .port_info 3 /INPUT 1 "RE";
    .port_info 4 /INPUT 11 "RADDR";
    .port_info 5 /INPUT 1 "WCLKN";
    .port_info 6 /INPUT 1 "WCLKE";
    .port_info 7 /INPUT 1 "WE";
    .port_info 8 /INPUT 11 "WADDR";
    .port_info 9 /INPUT 16 "MASK";
    .port_info 10 /INPUT 16 "WDATA";
P_00000229c2fcb010 .param/l "INIT_0" 0 3 1878, C4<0000000000000000000000000000000000000000000000000000000000000000000000000000000000000000000000000000000000000000000000000000000000000000000000000000000000000000000000000000000000000000000000000000000000000000000000000000000000000000000000000000000000000000>;
P_00000229c2fcb048 .param/l "INIT_1" 0 3 1879, C4<0000000000000000000000000000000000000000000000000000000000000000000000000000000000000000000000000000000000000000000000000000000000000000000000000000000000000000000000000000000000000000000000000000000000000000000000000000000000000000000000000000000000000000>;
P_00000229c2fcb080 .param/l "INIT_2" 0 3 1880, C4<0000000000000000000000000000000000000000000000000000000000000000000000000000000000000000000000000000000000000000000000000000000000000000000000000000000000000000000000000000000000000000000000000000000000000000000000000000000000000000000000000000000000000000>;
P_00000229c2fcb0b8 .param/l "INIT_3" 0 3 1881, C4<0000000000000000000000000000000000000000000000000000000000000000000000000000000000000000000000000000000000000000000000000000000000000000000000000000000000000000000000000000000000000000000000000000000000000000000000000000000000000000000000000000000000000000>;
P_00000229c2fcb0f0 .param/l "INIT_4" 0 3 1882, C4<0000000000000000000000000000000000000000000000000000000000000000000000000000000000000000000000000000000000000000000000000000000000000000000000000000000000000000000000000000000000000000000000000000000000000000000000000000000000000000000000000000000000000000>;
P_00000229c2fcb128 .param/l "INIT_5" 0 3 1883, C4<0000000000000000000000000000000000000000000000000000000000000000000000000000000000000000000000000000000000000000000000000000000000000000000000000000000000000000000000000000000000000000000000000000000000000000000000000000000000000000000000000000000000000000>;
P_00000229c2fcb160 .param/l "INIT_6" 0 3 1884, C4<0000000000000000000000000000000000000000000000000000000000000000000000000000000000000000000000000000000000000000000000000000000000000000000000000000000000000000000000000000000000000000000000000000000000000000000000000000000000000000000000000000000000000000>;
P_00000229c2fcb198 .param/l "INIT_7" 0 3 1885, C4<0000000000000000000000000000000000000000000000000000000000000000000000000000000000000000000000000000000000000000000000000000000000000000000000000000000000000000000000000000000000000000000000000000000000000000000000000000000000000000000000000000000000000000>;
P_00000229c2fcb1d0 .param/l "INIT_8" 0 3 1886, C4<0000000000000000000000000000000000000000000000000000000000000000000000000000000000000000000000000000000000000000000000000000000000000000000000000000000000000000000000000000000000000000000000000000000000000000000000000000000000000000000000000000000000000000>;
P_00000229c2fcb208 .param/l "INIT_9" 0 3 1887, C4<0000000000000000000000000000000000000000000000000000000000000000000000000000000000000000000000000000000000000000000000000000000000000000000000000000000000000000000000000000000000000000000000000000000000000000000000000000000000000000000000000000000000000000>;
P_00000229c2fcb240 .param/l "INIT_A" 0 3 1888, C4<0000000000000000000000000000000000000000000000000000000000000000000000000000000000000000000000000000000000000000000000000000000000000000000000000000000000000000000000000000000000000000000000000000000000000000000000000000000000000000000000000000000000000000>;
P_00000229c2fcb278 .param/l "INIT_B" 0 3 1889, C4<0000000000000000000000000000000000000000000000000000000000000000000000000000000000000000000000000000000000000000000000000000000000000000000000000000000000000000000000000000000000000000000000000000000000000000000000000000000000000000000000000000000000000000>;
P_00000229c2fcb2b0 .param/l "INIT_C" 0 3 1890, C4<0000000000000000000000000000000000000000000000000000000000000000000000000000000000000000000000000000000000000000000000000000000000000000000000000000000000000000000000000000000000000000000000000000000000000000000000000000000000000000000000000000000000000000>;
P_00000229c2fcb2e8 .param/l "INIT_D" 0 3 1891, C4<0000000000000000000000000000000000000000000000000000000000000000000000000000000000000000000000000000000000000000000000000000000000000000000000000000000000000000000000000000000000000000000000000000000000000000000000000000000000000000000000000000000000000000>;
P_00000229c2fcb320 .param/l "INIT_E" 0 3 1892, C4<0000000000000000000000000000000000000000000000000000000000000000000000000000000000000000000000000000000000000000000000000000000000000000000000000000000000000000000000000000000000000000000000000000000000000000000000000000000000000000000000000000000000000000>;
P_00000229c2fcb358 .param/l "INIT_F" 0 3 1893, C4<0000000000000000000000000000000000000000000000000000000000000000000000000000000000000000000000000000000000000000000000000000000000000000000000000000000000000000000000000000000000000000000000000000000000000000000000000000000000000000000000000000000000000000>;
P_00000229c2fcb390 .param/str "INIT_FILE" 0 3 1895, "\000";
P_00000229c2fcb3c8 .param/l "READ_MODE" 0 3 1876, +C4<00000000000000000000000000000000>;
P_00000229c2fcb400 .param/l "WRITE_MODE" 0 3 1875, +C4<00000000000000000000000000000000>;
o00000229c2fed888 .functor BUFZ 1, c4<z>; HiZ drive
L_00000229c2dbf700 .functor NOT 1, o00000229c2fed888, C4<0>, C4<0>, C4<0>;
o00000229c2fed378 .functor BUFZ 16, c4<zzzzzzzzzzzzzzzz>; HiZ drive
v00000229c3052d50_0 .net "MASK", 15 0, o00000229c2fed378;  0 drivers
o00000229c2fed3a8 .functor BUFZ 11, c4<zzzzzzzzzzz>; HiZ drive
v00000229c30513b0_0 .net "RADDR", 10 0, o00000229c2fed3a8;  0 drivers
o00000229c2fed3d8 .functor BUFZ 1, c4<z>; HiZ drive
v00000229c30525d0_0 .net "RCLK", 0 0, o00000229c2fed3d8;  0 drivers
o00000229c2fed408 .functor BUFZ 1, c4<z>; HiZ drive
v00000229c3052df0_0 .net "RCLKE", 0 0, o00000229c2fed408;  0 drivers
v00000229c3051310_0 .net "RDATA", 15 0, L_00000229c2ddd5d0;  1 drivers
o00000229c2fed498 .functor BUFZ 1, c4<z>; HiZ drive
v00000229c3053610_0 .net "RE", 0 0, o00000229c2fed498;  0 drivers
o00000229c2fed4f8 .functor BUFZ 11, c4<zzzzzzzzzzz>; HiZ drive
v00000229c3051810_0 .net "WADDR", 10 0, o00000229c2fed4f8;  0 drivers
o00000229c2fed558 .functor BUFZ 1, c4<z>; HiZ drive
v00000229c3051ef0_0 .net "WCLKE", 0 0, o00000229c2fed558;  0 drivers
v00000229c3053570_0 .net "WCLKN", 0 0, o00000229c2fed888;  0 drivers
o00000229c2fed588 .functor BUFZ 16, c4<zzzzzzzzzzzzzzzz>; HiZ drive
v00000229c30531b0_0 .net "WDATA", 15 0, o00000229c2fed588;  0 drivers
o00000229c2fed5e8 .functor BUFZ 1, c4<z>; HiZ drive
v00000229c3051b30_0 .net "WE", 0 0, o00000229c2fed5e8;  0 drivers
S_00000229c304d2e0 .scope module, "RAM" "SB_RAM40_4K" 3 1917, 3 1487 0, S_00000229c2fc67e0;
 .timescale -12 -12;
    .port_info 0 /OUTPUT 16 "RDATA";
    .port_info 1 /INPUT 1 "RCLK";
    .port_info 2 /INPUT 1 "RCLKE";
    .port_info 3 /INPUT 1 "RE";
    .port_info 4 /INPUT 11 "RADDR";
    .port_info 5 /INPUT 1 "WCLK";
    .port_info 6 /INPUT 1 "WCLKE";
    .port_info 7 /INPUT 1 "WE";
    .port_info 8 /INPUT 11 "WADDR";
    .port_info 9 /INPUT 16 "MASK";
    .port_info 10 /INPUT 16 "WDATA";
P_00000229c2fde480 .param/l "INIT_0" 0 3 1507, C4<0000000000000000000000000000000000000000000000000000000000000000000000000000000000000000000000000000000000000000000000000000000000000000000000000000000000000000000000000000000000000000000000000000000000000000000000000000000000000000000000000000000000000000>;
P_00000229c2fde4b8 .param/l "INIT_1" 0 3 1508, C4<0000000000000000000000000000000000000000000000000000000000000000000000000000000000000000000000000000000000000000000000000000000000000000000000000000000000000000000000000000000000000000000000000000000000000000000000000000000000000000000000000000000000000000>;
P_00000229c2fde4f0 .param/l "INIT_2" 0 3 1509, C4<0000000000000000000000000000000000000000000000000000000000000000000000000000000000000000000000000000000000000000000000000000000000000000000000000000000000000000000000000000000000000000000000000000000000000000000000000000000000000000000000000000000000000000>;
P_00000229c2fde528 .param/l "INIT_3" 0 3 1510, C4<0000000000000000000000000000000000000000000000000000000000000000000000000000000000000000000000000000000000000000000000000000000000000000000000000000000000000000000000000000000000000000000000000000000000000000000000000000000000000000000000000000000000000000>;
P_00000229c2fde560 .param/l "INIT_4" 0 3 1511, C4<0000000000000000000000000000000000000000000000000000000000000000000000000000000000000000000000000000000000000000000000000000000000000000000000000000000000000000000000000000000000000000000000000000000000000000000000000000000000000000000000000000000000000000>;
P_00000229c2fde598 .param/l "INIT_5" 0 3 1512, C4<0000000000000000000000000000000000000000000000000000000000000000000000000000000000000000000000000000000000000000000000000000000000000000000000000000000000000000000000000000000000000000000000000000000000000000000000000000000000000000000000000000000000000000>;
P_00000229c2fde5d0 .param/l "INIT_6" 0 3 1513, C4<0000000000000000000000000000000000000000000000000000000000000000000000000000000000000000000000000000000000000000000000000000000000000000000000000000000000000000000000000000000000000000000000000000000000000000000000000000000000000000000000000000000000000000>;
P_00000229c2fde608 .param/l "INIT_7" 0 3 1514, C4<0000000000000000000000000000000000000000000000000000000000000000000000000000000000000000000000000000000000000000000000000000000000000000000000000000000000000000000000000000000000000000000000000000000000000000000000000000000000000000000000000000000000000000>;
P_00000229c2fde640 .param/l "INIT_8" 0 3 1515, C4<0000000000000000000000000000000000000000000000000000000000000000000000000000000000000000000000000000000000000000000000000000000000000000000000000000000000000000000000000000000000000000000000000000000000000000000000000000000000000000000000000000000000000000>;
P_00000229c2fde678 .param/l "INIT_9" 0 3 1516, C4<0000000000000000000000000000000000000000000000000000000000000000000000000000000000000000000000000000000000000000000000000000000000000000000000000000000000000000000000000000000000000000000000000000000000000000000000000000000000000000000000000000000000000000>;
P_00000229c2fde6b0 .param/l "INIT_A" 0 3 1517, C4<0000000000000000000000000000000000000000000000000000000000000000000000000000000000000000000000000000000000000000000000000000000000000000000000000000000000000000000000000000000000000000000000000000000000000000000000000000000000000000000000000000000000000000>;
P_00000229c2fde6e8 .param/l "INIT_B" 0 3 1518, C4<0000000000000000000000000000000000000000000000000000000000000000000000000000000000000000000000000000000000000000000000000000000000000000000000000000000000000000000000000000000000000000000000000000000000000000000000000000000000000000000000000000000000000000>;
P_00000229c2fde720 .param/l "INIT_C" 0 3 1519, C4<0000000000000000000000000000000000000000000000000000000000000000000000000000000000000000000000000000000000000000000000000000000000000000000000000000000000000000000000000000000000000000000000000000000000000000000000000000000000000000000000000000000000000000>;
P_00000229c2fde758 .param/l "INIT_D" 0 3 1520, C4<0000000000000000000000000000000000000000000000000000000000000000000000000000000000000000000000000000000000000000000000000000000000000000000000000000000000000000000000000000000000000000000000000000000000000000000000000000000000000000000000000000000000000000>;
P_00000229c2fde790 .param/l "INIT_E" 0 3 1521, C4<0000000000000000000000000000000000000000000000000000000000000000000000000000000000000000000000000000000000000000000000000000000000000000000000000000000000000000000000000000000000000000000000000000000000000000000000000000000000000000000000000000000000000000>;
P_00000229c2fde7c8 .param/l "INIT_F" 0 3 1522, C4<0000000000000000000000000000000000000000000000000000000000000000000000000000000000000000000000000000000000000000000000000000000000000000000000000000000000000000000000000000000000000000000000000000000000000000000000000000000000000000000000000000000000000000>;
P_00000229c2fde800 .param/str "INIT_FILE" 0 3 1524, "\000";
P_00000229c2fde838 .param/l "READ_MODE" 0 3 1505, +C4<00000000000000000000000000000000>;
P_00000229c2fde870 .param/l "WRITE_MODE" 0 3 1504, +C4<00000000000000000000000000000000>;
v00000229c3042de0_0 .net "MASK", 15 0, o00000229c2fed378;  alias, 0 drivers
v00000229c3042e80_0 .net "RADDR", 10 0, o00000229c2fed3a8;  alias, 0 drivers
v00000229c3042c00_0 .net "RCLK", 0 0, o00000229c2fed3d8;  alias, 0 drivers
v00000229c30427a0_0 .net "RCLKE", 0 0, o00000229c2fed408;  alias, 0 drivers
v00000229c3042840_0 .net "RDATA", 15 0, L_00000229c2ddd5d0;  alias, 1 drivers
v00000229c3042ca0_0 .var "RDATA_I", 15 0;
v00000229c3042a20_0 .net "RE", 0 0, o00000229c2fed498;  alias, 0 drivers
L_00000229c305bb40 .functor BUFT 1, C4<0000000000000000>, C4<0>, C4<0>, C4<0>;
v00000229c3042ac0_0 .net "RMASK_I", 15 0, L_00000229c305bb40;  1 drivers
v00000229c3053110_0 .net "WADDR", 10 0, o00000229c2fed4f8;  alias, 0 drivers
v00000229c30523f0_0 .net "WCLK", 0 0, L_00000229c2dbf700;  1 drivers
v00000229c30534d0_0 .net "WCLKE", 0 0, o00000229c2fed558;  alias, 0 drivers
v00000229c3052cb0_0 .net "WDATA", 15 0, o00000229c2fed588;  alias, 0 drivers
v00000229c3051d10_0 .net "WDATA_I", 15 0, L_00000229c2ddde20;  1 drivers
v00000229c3051e50_0 .net "WE", 0 0, o00000229c2fed5e8;  alias, 0 drivers
v00000229c30511d0_0 .net "WMASK_I", 15 0, L_00000229c2e756f0;  1 drivers
v00000229c3052a30_0 .var/i "i", 31 0;
v00000229c30516d0 .array "memory", 255 0, 15 0;
E_00000229c2fb8740 .event posedge, v00000229c3042c00_0;
E_00000229c2fb87c0 .event posedge, v00000229c30523f0_0;
S_00000229c304e410 .scope generate, "genblk1" "genblk1" 3 1534, 3 1534 0, S_00000229c304d2e0;
 .timescale -12 -12;
L_00000229c2e756f0 .functor BUFZ 16, o00000229c2fed378, C4<0000000000000000>, C4<0000000000000000>, C4<0000000000000000>;
S_00000229c304d470 .scope generate, "genblk2" "genblk2" 3 1555, 3 1555 0, S_00000229c304d2e0;
 .timescale -12 -12;
S_00000229c304d920 .scope generate, "genblk3" "genblk3" 3 1576, 3 1576 0, S_00000229c304d2e0;
 .timescale -12 -12;
L_00000229c2ddde20 .functor BUFZ 16, o00000229c2fed588, C4<0000000000000000>, C4<0000000000000000>, C4<0000000000000000>;
S_00000229c304ea50 .scope generate, "genblk4" "genblk4" 3 1595, 3 1595 0, S_00000229c304d2e0;
 .timescale -12 -12;
L_00000229c2ddd5d0 .functor BUFZ 16, v00000229c3042ca0_0, C4<0000000000000000>, C4<0000000000000000>, C4<0000000000000000>;
S_00000229c2fc6970 .scope module, "SB_RGBA_DRV" "SB_RGBA_DRV" 3 2692;
 .timescale -12 -12;
    .port_info 0 /INPUT 1 "CURREN";
    .port_info 1 /INPUT 1 "RGBLEDEN";
    .port_info 2 /INPUT 1 "RGB0PWM";
    .port_info 3 /INPUT 1 "RGB1PWM";
    .port_info 4 /INPUT 1 "RGB2PWM";
    .port_info 5 /OUTPUT 1 "RGB0";
    .port_info 6 /OUTPUT 1 "RGB1";
    .port_info 7 /OUTPUT 1 "RGB2";
P_00000229c2cf6aa0 .param/str "CURRENT_MODE" 0 3 2702, "0b0";
P_00000229c2cf6ad8 .param/str "RGB0_CURRENT" 0 3 2703, "0b000000";
P_00000229c2cf6b10 .param/str "RGB1_CURRENT" 0 3 2704, "0b000000";
P_00000229c2cf6b48 .param/str "RGB2_CURRENT" 0 3 2705, "0b000000";
o00000229c2fedac8 .functor BUFZ 1, c4<z>; HiZ drive
v00000229c3052e90_0 .net "CURREN", 0 0, o00000229c2fedac8;  0 drivers
o00000229c2fedaf8 .functor BUFZ 1, c4<z>; HiZ drive
v00000229c30528f0_0 .net "RGB0", 0 0, o00000229c2fedaf8;  0 drivers
o00000229c2fedb28 .functor BUFZ 1, c4<z>; HiZ drive
v00000229c3052850_0 .net "RGB0PWM", 0 0, o00000229c2fedb28;  0 drivers
o00000229c2fedb58 .functor BUFZ 1, c4<z>; HiZ drive
v00000229c3051090_0 .net "RGB1", 0 0, o00000229c2fedb58;  0 drivers
o00000229c2fedb88 .functor BUFZ 1, c4<z>; HiZ drive
v00000229c3052530_0 .net "RGB1PWM", 0 0, o00000229c2fedb88;  0 drivers
o00000229c2fedbb8 .functor BUFZ 1, c4<z>; HiZ drive
v00000229c3051770_0 .net "RGB2", 0 0, o00000229c2fedbb8;  0 drivers
o00000229c2fedbe8 .functor BUFZ 1, c4<z>; HiZ drive
v00000229c3052350_0 .net "RGB2PWM", 0 0, o00000229c2fedbe8;  0 drivers
o00000229c2fedc18 .functor BUFZ 1, c4<z>; HiZ drive
v00000229c3052990_0 .net "RGBLEDEN", 0 0, o00000229c2fedc18;  0 drivers
S_00000229c2fcbf80 .scope module, "SB_RGB_DRV" "SB_RGB_DRV" 3 2716;
 .timescale -12 -12;
    .port_info 0 /INPUT 1 "RGBLEDEN";
    .port_info 1 /INPUT 1 "RGB0PWM";
    .port_info 2 /INPUT 1 "RGB1PWM";
    .port_info 3 /INPUT 1 "RGB2PWM";
    .port_info 4 /INPUT 1 "RGBPU";
    .port_info 5 /OUTPUT 1 "RGB0";
    .port_info 6 /OUTPUT 1 "RGB1";
    .port_info 7 /OUTPUT 1 "RGB2";
P_00000229c2cf6b90 .param/str "CURRENT_MODE" 0 3 2726, "0b0";
P_00000229c2cf6bc8 .param/str "RGB0_CURRENT" 0 3 2727, "0b000000";
P_00000229c2cf6c00 .param/str "RGB1_CURRENT" 0 3 2728, "0b000000";
P_00000229c2cf6c38 .param/str "RGB2_CURRENT" 0 3 2729, "0b000000";
o00000229c2feddc8 .functor BUFZ 1, c4<z>; HiZ drive
v00000229c3051db0_0 .net "RGB0", 0 0, o00000229c2feddc8;  0 drivers
o00000229c2feddf8 .functor BUFZ 1, c4<z>; HiZ drive
v00000229c3053070_0 .net "RGB0PWM", 0 0, o00000229c2feddf8;  0 drivers
o00000229c2fede28 .functor BUFZ 1, c4<z>; HiZ drive
v00000229c3051270_0 .net "RGB1", 0 0, o00000229c2fede28;  0 drivers
o00000229c2fede58 .functor BUFZ 1, c4<z>; HiZ drive
v00000229c30518b0_0 .net "RGB1PWM", 0 0, o00000229c2fede58;  0 drivers
o00000229c2fede88 .functor BUFZ 1, c4<z>; HiZ drive
v00000229c30532f0_0 .net "RGB2", 0 0, o00000229c2fede88;  0 drivers
o00000229c2fedeb8 .functor BUFZ 1, c4<z>; HiZ drive
v00000229c30520d0_0 .net "RGB2PWM", 0 0, o00000229c2fedeb8;  0 drivers
o00000229c2fedee8 .functor BUFZ 1, c4<z>; HiZ drive
v00000229c3050ff0_0 .net "RGBLEDEN", 0 0, o00000229c2fedee8;  0 drivers
o00000229c2fedf18 .functor BUFZ 1, c4<z>; HiZ drive
v00000229c3051f90_0 .net "RGBPU", 0 0, o00000229c2fedf18;  0 drivers
S_00000229c2fcb490 .scope module, "SB_SPI" "SB_SPI" 3 2776;
 .timescale -12 -12;
    .port_info 0 /INPUT 1 "SBCLKI";
    .port_info 1 /INPUT 1 "SBRWI";
    .port_info 2 /INPUT 1 "SBSTBI";
    .port_info 3 /INPUT 1 "SBADRI7";
    .port_info 4 /INPUT 1 "SBADRI6";
    .port_info 5 /INPUT 1 "SBADRI5";
    .port_info 6 /INPUT 1 "SBADRI4";
    .port_info 7 /INPUT 1 "SBADRI3";
    .port_info 8 /INPUT 1 "SBADRI2";
    .port_info 9 /INPUT 1 "SBADRI1";
    .port_info 10 /INPUT 1 "SBADRI0";
    .port_info 11 /INPUT 1 "SBDATI7";
    .port_info 12 /INPUT 1 "SBDATI6";
    .port_info 13 /INPUT 1 "SBDATI5";
    .port_info 14 /INPUT 1 "SBDATI4";
    .port_info 15 /INPUT 1 "SBDATI3";
    .port_info 16 /INPUT 1 "SBDATI2";
    .port_info 17 /INPUT 1 "SBDATI1";
    .port_info 18 /INPUT 1 "SBDATI0";
    .port_info 19 /INPUT 1 "MI";
    .port_info 20 /INPUT 1 "SI";
    .port_info 21 /INPUT 1 "SCKI";
    .port_info 22 /INPUT 1 "SCSNI";
    .port_info 23 /OUTPUT 1 "SBDATO7";
    .port_info 24 /OUTPUT 1 "SBDATO6";
    .port_info 25 /OUTPUT 1 "SBDATO5";
    .port_info 26 /OUTPUT 1 "SBDATO4";
    .port_info 27 /OUTPUT 1 "SBDATO3";
    .port_info 28 /OUTPUT 1 "SBDATO2";
    .port_info 29 /OUTPUT 1 "SBDATO1";
    .port_info 30 /OUTPUT 1 "SBDATO0";
    .port_info 31 /OUTPUT 1 "SBACKO";
    .port_info 32 /OUTPUT 1 "SPIIRQ";
    .port_info 33 /OUTPUT 1 "SPIWKUP";
    .port_info 34 /OUTPUT 1 "SO";
    .port_info 35 /OUTPUT 1 "SOE";
    .port_info 36 /OUTPUT 1 "MO";
    .port_info 37 /OUTPUT 1 "MOE";
    .port_info 38 /OUTPUT 1 "SCKO";
    .port_info 39 /OUTPUT 1 "SCKOE";
    .port_info 40 /OUTPUT 1 "MCSNO3";
    .port_info 41 /OUTPUT 1 "MCSNO2";
    .port_info 42 /OUTPUT 1 "MCSNO1";
    .port_info 43 /OUTPUT 1 "MCSNO0";
    .port_info 44 /OUTPUT 1 "MCSNOE3";
    .port_info 45 /OUTPUT 1 "MCSNOE2";
    .port_info 46 /OUTPUT 1 "MCSNOE1";
    .port_info 47 /OUTPUT 1 "MCSNOE0";
P_00000229c2fb8140 .param/str "BUS_ADDR74" 0 3 2826, "0b0000";
o00000229c2fee0c8 .functor BUFZ 1, c4<z>; HiZ drive
v00000229c3053250_0 .net "MCSNO0", 0 0, o00000229c2fee0c8;  0 drivers
o00000229c2fee0f8 .functor BUFZ 1, c4<z>; HiZ drive
v00000229c3052710_0 .net "MCSNO1", 0 0, o00000229c2fee0f8;  0 drivers
o00000229c2fee128 .functor BUFZ 1, c4<z>; HiZ drive
v00000229c3052f30_0 .net "MCSNO2", 0 0, o00000229c2fee128;  0 drivers
o00000229c2fee158 .functor BUFZ 1, c4<z>; HiZ drive
v00000229c3051630_0 .net "MCSNO3", 0 0, o00000229c2fee158;  0 drivers
o00000229c2fee188 .functor BUFZ 1, c4<z>; HiZ drive
v00000229c3052fd0_0 .net "MCSNOE0", 0 0, o00000229c2fee188;  0 drivers
o00000229c2fee1b8 .functor BUFZ 1, c4<z>; HiZ drive
v00000229c30536b0_0 .net "MCSNOE1", 0 0, o00000229c2fee1b8;  0 drivers
o00000229c2fee1e8 .functor BUFZ 1, c4<z>; HiZ drive
v00000229c3053390_0 .net "MCSNOE2", 0 0, o00000229c2fee1e8;  0 drivers
o00000229c2fee218 .functor BUFZ 1, c4<z>; HiZ drive
v00000229c3053430_0 .net "MCSNOE3", 0 0, o00000229c2fee218;  0 drivers
o00000229c2fee248 .functor BUFZ 1, c4<z>; HiZ drive
v00000229c30527b0_0 .net "MI", 0 0, o00000229c2fee248;  0 drivers
o00000229c2fee278 .functor BUFZ 1, c4<z>; HiZ drive
v00000229c3051a90_0 .net "MO", 0 0, o00000229c2fee278;  0 drivers
o00000229c2fee2a8 .functor BUFZ 1, c4<z>; HiZ drive
v00000229c3053750_0 .net "MOE", 0 0, o00000229c2fee2a8;  0 drivers
o00000229c2fee2d8 .functor BUFZ 1, c4<z>; HiZ drive
v00000229c3051130_0 .net "SBACKO", 0 0, o00000229c2fee2d8;  0 drivers
o00000229c2fee308 .functor BUFZ 1, c4<z>; HiZ drive
v00000229c3051450_0 .net "SBADRI0", 0 0, o00000229c2fee308;  0 drivers
o00000229c2fee338 .functor BUFZ 1, c4<z>; HiZ drive
v00000229c3052ad0_0 .net "SBADRI1", 0 0, o00000229c2fee338;  0 drivers
o00000229c2fee368 .functor BUFZ 1, c4<z>; HiZ drive
v00000229c3051950_0 .net "SBADRI2", 0 0, o00000229c2fee368;  0 drivers
o00000229c2fee398 .functor BUFZ 1, c4<z>; HiZ drive
v00000229c30522b0_0 .net "SBADRI3", 0 0, o00000229c2fee398;  0 drivers
o00000229c2fee3c8 .functor BUFZ 1, c4<z>; HiZ drive
v00000229c30519f0_0 .net "SBADRI4", 0 0, o00000229c2fee3c8;  0 drivers
o00000229c2fee3f8 .functor BUFZ 1, c4<z>; HiZ drive
v00000229c3052b70_0 .net "SBADRI5", 0 0, o00000229c2fee3f8;  0 drivers
o00000229c2fee428 .functor BUFZ 1, c4<z>; HiZ drive
v00000229c3051bd0_0 .net "SBADRI6", 0 0, o00000229c2fee428;  0 drivers
o00000229c2fee458 .functor BUFZ 1, c4<z>; HiZ drive
v00000229c3052490_0 .net "SBADRI7", 0 0, o00000229c2fee458;  0 drivers
o00000229c2fee488 .functor BUFZ 1, c4<z>; HiZ drive
v00000229c3051c70_0 .net "SBCLKI", 0 0, o00000229c2fee488;  0 drivers
o00000229c2fee4b8 .functor BUFZ 1, c4<z>; HiZ drive
v00000229c30514f0_0 .net "SBDATI0", 0 0, o00000229c2fee4b8;  0 drivers
o00000229c2fee4e8 .functor BUFZ 1, c4<z>; HiZ drive
v00000229c3052030_0 .net "SBDATI1", 0 0, o00000229c2fee4e8;  0 drivers
o00000229c2fee518 .functor BUFZ 1, c4<z>; HiZ drive
v00000229c3051590_0 .net "SBDATI2", 0 0, o00000229c2fee518;  0 drivers
o00000229c2fee548 .functor BUFZ 1, c4<z>; HiZ drive
v00000229c3052c10_0 .net "SBDATI3", 0 0, o00000229c2fee548;  0 drivers
o00000229c2fee578 .functor BUFZ 1, c4<z>; HiZ drive
v00000229c3052170_0 .net "SBDATI4", 0 0, o00000229c2fee578;  0 drivers
o00000229c2fee5a8 .functor BUFZ 1, c4<z>; HiZ drive
v00000229c3052210_0 .net "SBDATI5", 0 0, o00000229c2fee5a8;  0 drivers
o00000229c2fee5d8 .functor BUFZ 1, c4<z>; HiZ drive
v00000229c3052670_0 .net "SBDATI6", 0 0, o00000229c2fee5d8;  0 drivers
o00000229c2fee608 .functor BUFZ 1, c4<z>; HiZ drive
v00000229c3054830_0 .net "SBDATI7", 0 0, o00000229c2fee608;  0 drivers
o00000229c2fee638 .functor BUFZ 1, c4<z>; HiZ drive
v00000229c30539d0_0 .net "SBDATO0", 0 0, o00000229c2fee638;  0 drivers
o00000229c2fee668 .functor BUFZ 1, c4<z>; HiZ drive
v00000229c30555f0_0 .net "SBDATO1", 0 0, o00000229c2fee668;  0 drivers
o00000229c2fee698 .functor BUFZ 1, c4<z>; HiZ drive
v00000229c3055cd0_0 .net "SBDATO2", 0 0, o00000229c2fee698;  0 drivers
o00000229c2fee6c8 .functor BUFZ 1, c4<z>; HiZ drive
v00000229c3053c50_0 .net "SBDATO3", 0 0, o00000229c2fee6c8;  0 drivers
o00000229c2fee6f8 .functor BUFZ 1, c4<z>; HiZ drive
v00000229c3053890_0 .net "SBDATO4", 0 0, o00000229c2fee6f8;  0 drivers
o00000229c2fee728 .functor BUFZ 1, c4<z>; HiZ drive
v00000229c3055af0_0 .net "SBDATO5", 0 0, o00000229c2fee728;  0 drivers
o00000229c2fee758 .functor BUFZ 1, c4<z>; HiZ drive
v00000229c3054c90_0 .net "SBDATO6", 0 0, o00000229c2fee758;  0 drivers
o00000229c2fee788 .functor BUFZ 1, c4<z>; HiZ drive
v00000229c30546f0_0 .net "SBDATO7", 0 0, o00000229c2fee788;  0 drivers
o00000229c2fee7b8 .functor BUFZ 1, c4<z>; HiZ drive
v00000229c3055b90_0 .net "SBRWI", 0 0, o00000229c2fee7b8;  0 drivers
o00000229c2fee7e8 .functor BUFZ 1, c4<z>; HiZ drive
v00000229c3054790_0 .net "SBSTBI", 0 0, o00000229c2fee7e8;  0 drivers
o00000229c2fee818 .functor BUFZ 1, c4<z>; HiZ drive
v00000229c3055eb0_0 .net "SCKI", 0 0, o00000229c2fee818;  0 drivers
o00000229c2fee848 .functor BUFZ 1, c4<z>; HiZ drive
v00000229c3055c30_0 .net "SCKO", 0 0, o00000229c2fee848;  0 drivers
o00000229c2fee878 .functor BUFZ 1, c4<z>; HiZ drive
v00000229c3054f10_0 .net "SCKOE", 0 0, o00000229c2fee878;  0 drivers
o00000229c2fee8a8 .functor BUFZ 1, c4<z>; HiZ drive
v00000229c3053a70_0 .net "SCSNI", 0 0, o00000229c2fee8a8;  0 drivers
o00000229c2fee8d8 .functor BUFZ 1, c4<z>; HiZ drive
v00000229c3054330_0 .net "SI", 0 0, o00000229c2fee8d8;  0 drivers
o00000229c2fee908 .functor BUFZ 1, c4<z>; HiZ drive
v00000229c3055230_0 .net "SO", 0 0, o00000229c2fee908;  0 drivers
o00000229c2fee938 .functor BUFZ 1, c4<z>; HiZ drive
v00000229c30543d0_0 .net "SOE", 0 0, o00000229c2fee938;  0 drivers
o00000229c2fee968 .functor BUFZ 1, c4<z>; HiZ drive
v00000229c3055e10_0 .net "SPIIRQ", 0 0, o00000229c2fee968;  0 drivers
o00000229c2fee998 .functor BUFZ 1, c4<z>; HiZ drive
v00000229c3054b50_0 .net "SPIWKUP", 0 0, o00000229c2fee998;  0 drivers
S_00000229c2fcc5c0 .scope module, "SB_SPRAM256KA" "SB_SPRAM256KA" 3 2600;
 .timescale -12 -12;
    .port_info 0 /INPUT 14 "ADDRESS";
    .port_info 1 /INPUT 16 "DATAIN";
    .port_info 2 /INPUT 4 "MASKWREN";
    .port_info 3 /INPUT 1 "WREN";
    .port_info 4 /INPUT 1 "CHIPSELECT";
    .port_info 5 /INPUT 1 "CLOCK";
    .port_info 6 /INPUT 1 "STANDBY";
    .port_info 7 /INPUT 1 "SLEEP";
    .port_info 8 /INPUT 1 "POWEROFF";
    .port_info 9 /OUTPUT 16 "DATAOUT";
o00000229c2fef418 .functor BUFZ 1, c4<z>; HiZ drive
L_00000229c2dbfaf0 .functor OR 1, o00000229c2fef418, L_00000229c30c1290, C4<0>, C4<0>;
o00000229c2fef2c8 .functor BUFZ 14, c4<zzzzzzzzzzzzzz>; HiZ drive
v00000229c3053bb0_0 .net "ADDRESS", 13 0, o00000229c2fef2c8;  0 drivers
o00000229c2fef2f8 .functor BUFZ 1, c4<z>; HiZ drive
v00000229c3054290_0 .net "CHIPSELECT", 0 0, o00000229c2fef2f8;  0 drivers
o00000229c2fef328 .functor BUFZ 1, c4<z>; HiZ drive
v00000229c3055690_0 .net "CLOCK", 0 0, o00000229c2fef328;  0 drivers
o00000229c2fef358 .functor BUFZ 16, c4<zzzzzzzzzzzzzzzz>; HiZ drive
v00000229c3054510_0 .net "DATAIN", 15 0, o00000229c2fef358;  0 drivers
v00000229c3055f50_0 .var "DATAOUT", 15 0;
o00000229c2fef3b8 .functor BUFZ 4, c4<zzzz>; HiZ drive
v00000229c3055550_0 .net "MASKWREN", 3 0, o00000229c2fef3b8;  0 drivers
o00000229c2fef3e8 .functor BUFZ 1, c4<z>; HiZ drive
v00000229c3055410_0 .net "POWEROFF", 0 0, o00000229c2fef3e8;  0 drivers
v00000229c30557d0_0 .net "SLEEP", 0 0, o00000229c2fef418;  0 drivers
o00000229c2fef448 .functor BUFZ 1, c4<z>; HiZ drive
v00000229c3054650_0 .net "STANDBY", 0 0, o00000229c2fef448;  0 drivers
o00000229c2fef478 .functor BUFZ 1, c4<z>; HiZ drive
v00000229c30545b0_0 .net "WREN", 0 0, o00000229c2fef478;  0 drivers
v00000229c30554b0_0 .net *"_ivl_1", 0 0, L_00000229c30c1290;  1 drivers
v00000229c30548d0_0 .var/i "i", 31 0;
v00000229c30537f0 .array "mem", 16383 0, 15 0;
v00000229c3054010_0 .net "off", 0 0, L_00000229c2dbfaf0;  1 drivers
E_00000229c2fb8cc0 .event posedge, v00000229c3054010_0, v00000229c3055690_0;
E_00000229c2fb8800 .event negedge, v00000229c3055410_0;
L_00000229c30c1290 .reduce/nor o00000229c2fef3e8;
S_00000229c2fcc110 .scope module, "SB_WARMBOOT" "SB_WARMBOOT" 3 2593;
 .timescale -12 -12;
    .port_info 0 /INPUT 1 "BOOT";
    .port_info 1 /INPUT 1 "S1";
    .port_info 2 /INPUT 1 "S0";
o00000229c2fef718 .functor BUFZ 1, c4<z>; HiZ drive
v00000229c3055d70_0 .net "BOOT", 0 0, o00000229c2fef718;  0 drivers
o00000229c2fef748 .functor BUFZ 1, c4<z>; HiZ drive
v00000229c3053930_0 .net "S0", 0 0, o00000229c2fef748;  0 drivers
o00000229c2fef778 .functor BUFZ 1, c4<z>; HiZ drive
v00000229c3053cf0_0 .net "S1", 0 0, o00000229c2fef778;  0 drivers
S_00000229c2fcb620 .scope module, "ex9_tb" "ex9_tb" 4 2;
 .timescale -9 -12;
v00000229c3053f70_0 .var "clk", 0 0;
v00000229c3054a10_0 .var/s "din", 7 0;
v00000229c30540b0_0 .var "rst", 0 0;
v00000229c3054ab0_0 .net "taps", 31 0, L_00000229c30bfa30;  1 drivers
S_00000229c304d600 .scope module, "uut" "regressor" 4 5, 5 11 0, S_00000229c2fcb620;
 .timescale -12 -12;
    .port_info 0 /INPUT 1 "clk";
    .port_info 1 /INPUT 1 "rst";
    .port_info 2 /INPUT 8 "data_in";
    .port_info 3 /OUTPUT 32 "flat_taps";
P_00000229c2de8010 .param/l "DATA_WIDTH" 0 5 12, +C4<00000000000000000000000000001000>;
P_00000229c2de8048 .param/l "TAPS" 0 5 13, +C4<00000000000000000000000000000100>;
v00000229c3055a50_0 .net "clk", 0 0, v00000229c3053f70_0;  1 drivers
v00000229c3054470_0 .net/s "data_in", 7 0, v00000229c3054a10_0;  1 drivers
v00000229c3055370 .array/s "delay_line", 3 0, 7 0;
v00000229c3054e70_0 .net "flat_taps", 31 0, L_00000229c30bfa30;  alias, 1 drivers
v00000229c3053e30_0 .var/i "i", 31 0;
v00000229c3053ed0_0 .net "rst", 0 0, v00000229c30540b0_0;  1 drivers
E_00000229c2fb8d00 .event posedge, v00000229c3055a50_0;
v00000229c3055370_0 .array/port v00000229c3055370, 0;
v00000229c3055370_1 .array/port v00000229c3055370, 1;
v00000229c3055370_2 .array/port v00000229c3055370, 2;
v00000229c3055370_3 .array/port v00000229c3055370, 3;
L_00000229c30bfa30 .concat8 [ 8 8 8 8], v00000229c3055370_0, v00000229c3055370_1, v00000229c3055370_2, v00000229c3055370_3;
S_00000229c304e5a0 .scope generate, "pack[0]" "pack[0]" 5 46, 5 46 0, S_00000229c304d600;
 .timescale -12 -12;
P_00000229c2fb8840 .param/l "j" 1 5 46, +C4<00>;
v00000229c3054970_0 .net *"_ivl_2", 7 0, v00000229c3055370_0;  1 drivers
S_00000229c304dc40 .scope generate, "pack[1]" "pack[1]" 5 46, 5 46 0, S_00000229c304d600;
 .timescale -12 -12;
P_00000229c2fb8980 .param/l "j" 1 5 46, +C4<01>;
v00000229c30552d0_0 .net *"_ivl_2", 7 0, v00000229c3055370_1;  1 drivers
S_00000229c304d790 .scope generate, "pack[2]" "pack[2]" 5 46, 5 46 0, S_00000229c304d600;
 .timescale -12 -12;
P_00000229c2fb8a00 .param/l "j" 1 5 46, +C4<010>;
v00000229c3053d90_0 .net *"_ivl_2", 7 0, v00000229c3055370_2;  1 drivers
S_00000229c304e730 .scope generate, "pack[3]" "pack[3]" 5 46, 5 46 0, S_00000229c304d600;
 .timescale -12 -12;
P_00000229c2fb8d40 .param/l "j" 1 5 46, +C4<011>;
v00000229c3053b10_0 .net *"_ivl_2", 7 0, v00000229c3055370_3;  1 drivers
S_00000229c2fcc8e0 .scope module, "ex9_top" "ex9_top" 6 1;
 .timescale -12 -12;
    .port_info 0 /OUTPUT 1 "LED_B";
    .port_info 1 /OUTPUT 1 "LED_G";
    .port_info 2 /OUTPUT 1 "LED_R";
    .port_info 3 /INPUT 1 "ICE_SW2";
o00000229c2ff0348 .functor BUFZ 1, c4<z>; HiZ drive
v00000229c30577b0_0 .net "ICE_SW2", 0 0, o00000229c2ff0348;  0 drivers
L_00000229c305bcf0 .functor BUFT 1, C4<1>, C4<0>, C4<0>, C4<0>;
v00000229c3057530_0 .net "LED_B", 0 0, L_00000229c305bcf0;  1 drivers
v00000229c3056d10_0 .net "LED_G", 0 0, L_00000229c30c0430;  1 drivers
L_00000229c305bca8 .functor BUFT 1, C4<1>, C4<0>, C4<0>, C4<0>;
v00000229c3058070_0 .net "LED_R", 0 0, L_00000229c305bca8;  1 drivers
L_00000229c305bc60 .functor BUFT 1, C4<0000000>, C4<0>, C4<0>, C4<0>;
v00000229c30563b0_0 .net/2u *"_ivl_6", 6 0, L_00000229c305bc60;  1 drivers
o00000229c2fefc28 .functor BUFZ 1, c4<z>; HiZ drive
v00000229c30568b0_0 .net "clk", 0 0, o00000229c2fefc28;  0 drivers
v00000229c30582f0_0 .net "taps", 31 0, L_00000229c30bfad0;  1 drivers
L_00000229c30bfb70 .concat [ 1 7 0 0], o00000229c2ff0348, L_00000229c305bc60;
L_00000229c30c0430 .part L_00000229c30bfad0, 0, 1;
S_00000229c304e8c0 .scope module, "inst" "regressor" 6 7, 5 11 0, S_00000229c2fcc8e0;
 .timescale -12 -12;
    .port_info 0 /INPUT 1 "clk";
    .port_info 1 /INPUT 1 "rst";
    .port_info 2 /INPUT 8 "data_in";
    .port_info 3 /OUTPUT 32 "flat_taps";
P_00000229c2d33d00 .param/l "DATA_WIDTH" 0 5 12, +C4<00000000000000000000000000001000>;
P_00000229c2d33d38 .param/l "TAPS" 0 5 13, +C4<00000000000000000000000000000100>;
v00000229c30541f0_0 .net "clk", 0 0, o00000229c2fefc28;  alias, 0 drivers
v00000229c3054fb0_0 .net/s "data_in", 7 0, L_00000229c30bfb70;  1 drivers
v00000229c30550f0 .array/s "delay_line", 3 0, 7 0;
v00000229c3055050_0 .net "flat_taps", 31 0, L_00000229c30bfad0;  alias, 1 drivers
v00000229c3055190_0 .var/i "i", 31 0;
L_00000229c305bc18 .functor BUFT 1, C4<0>, C4<0>, C4<0>, C4<0>;
v00000229c3055730_0 .net "rst", 0 0, L_00000229c305bc18;  1 drivers
E_00000229c2fb8d80 .event posedge, v00000229c30541f0_0;
v00000229c30550f0_0 .array/port v00000229c30550f0, 0;
v00000229c30550f0_1 .array/port v00000229c30550f0, 1;
v00000229c30550f0_2 .array/port v00000229c30550f0, 2;
v00000229c30550f0_3 .array/port v00000229c30550f0, 3;
L_00000229c30bfad0 .concat8 [ 8 8 8 8], v00000229c30550f0_0, v00000229c30550f0_1, v00000229c30550f0_2, v00000229c30550f0_3;
S_00000229c2fcc430 .scope generate, "pack[0]" "pack[0]" 5 46, 5 46 0, S_00000229c304e8c0;
 .timescale -12 -12;
P_00000229c2fb8e00 .param/l "j" 1 5 46, +C4<00>;
v00000229c3054150_0 .net *"_ivl_2", 7 0, v00000229c30550f0_0;  1 drivers
S_00000229c3059630 .scope generate, "pack[1]" "pack[1]" 5 46, 5 46 0, S_00000229c304e8c0;
 .timescale -12 -12;
P_00000229c2fb9980 .param/l "j" 1 5 46, +C4<01>;
v00000229c3054bf0_0 .net *"_ivl_2", 7 0, v00000229c30550f0_1;  1 drivers
S_00000229c305aa80 .scope generate, "pack[2]" "pack[2]" 5 46, 5 46 0, S_00000229c304e8c0;
 .timescale -12 -12;
P_00000229c2fba380 .param/l "j" 1 5 46, +C4<010>;
v00000229c3054d30_0 .net *"_ivl_2", 7 0, v00000229c30550f0_2;  1 drivers
S_00000229c3059c70 .scope generate, "pack[3]" "pack[3]" 5 46, 5 46 0, S_00000229c304e8c0;
 .timescale -12 -12;
P_00000229c2fb9740 .param/l "j" 1 5 46, +C4<011>;
v00000229c3054dd0_0 .net *"_ivl_2", 7 0, v00000229c30550f0_3;  1 drivers
S_00000229c3059ae0 .scope module, "u_hfosc" "SB_HFOSC" 6 5, 3 2664 0, S_00000229c2fcc8e0;
 .timescale -12 -12;
    .port_info 0 /INPUT 1 "TRIM0";
    .port_info 1 /INPUT 1 "TRIM1";
    .port_info 2 /INPUT 1 "TRIM2";
    .port_info 3 /INPUT 1 "TRIM3";
    .port_info 4 /INPUT 1 "TRIM4";
    .port_info 5 /INPUT 1 "TRIM5";
    .port_info 6 /INPUT 1 "TRIM6";
    .port_info 7 /INPUT 1 "TRIM7";
    .port_info 8 /INPUT 1 "TRIM8";
    .port_info 9 /INPUT 1 "TRIM9";
    .port_info 10 /INPUT 1 "CLKHFPU";
    .port_info 11 /INPUT 1 "CLKHFEN";
    .port_info 12 /OUTPUT 1 "CLKHF";
P_00000229c2d33d80 .param/str "CLKHF_DIV" 0 3 2680, "0b10";
P_00000229c2d33db8 .param/str "TRIM_EN" 0 3 2679, "0b0";
v00000229c3055870_0 .net "CLKHF", 0 0, o00000229c2fefc28;  alias, 0 drivers
L_00000229c305bbd0 .functor BUFT 1, C4<1>, C4<0>, C4<0>, C4<0>;
v00000229c3055910_0 .net "CLKHFEN", 0 0, L_00000229c305bbd0;  1 drivers
L_00000229c305bb88 .functor BUFT 1, C4<1>, C4<0>, C4<0>, C4<0>;
v00000229c30559b0_0 .net "CLKHFPU", 0 0, L_00000229c305bb88;  1 drivers
o00000229c2fefef8 .functor BUFZ 1, c4<z>; HiZ drive
v00000229c3057850_0 .net "TRIM0", 0 0, o00000229c2fefef8;  0 drivers
o00000229c2feff28 .functor BUFZ 1, c4<z>; HiZ drive
v00000229c30584d0_0 .net "TRIM1", 0 0, o00000229c2feff28;  0 drivers
o00000229c2feff58 .functor BUFZ 1, c4<z>; HiZ drive
v00000229c30573f0_0 .net "TRIM2", 0 0, o00000229c2feff58;  0 drivers
o00000229c2feff88 .functor BUFZ 1, c4<z>; HiZ drive
v00000229c30564f0_0 .net "TRIM3", 0 0, o00000229c2feff88;  0 drivers
o00000229c2feffb8 .functor BUFZ 1, c4<z>; HiZ drive
v00000229c30575d0_0 .net "TRIM4", 0 0, o00000229c2feffb8;  0 drivers
o00000229c2feffe8 .functor BUFZ 1, c4<z>; HiZ drive
v00000229c3057490_0 .net "TRIM5", 0 0, o00000229c2feffe8;  0 drivers
o00000229c2ff0018 .functor BUFZ 1, c4<z>; HiZ drive
v00000229c3056090_0 .net "TRIM6", 0 0, o00000229c2ff0018;  0 drivers
o00000229c2ff0048 .functor BUFZ 1, c4<z>; HiZ drive
v00000229c30578f0_0 .net "TRIM7", 0 0, o00000229c2ff0048;  0 drivers
o00000229c2ff0078 .functor BUFZ 1, c4<z>; HiZ drive
v00000229c3057cb0_0 .net "TRIM8", 0 0, o00000229c2ff0078;  0 drivers
o00000229c2ff00a8 .functor BUFZ 1, c4<z>; HiZ drive
v00000229c3057d50_0 .net "TRIM9", 0 0, o00000229c2ff00a8;  0 drivers
    .scope S_00000229c2ddee20;
T_2 ;
    %pushi/vec4 0, 0, 1;
    %store/vec4 v00000229c3028d90_0, 0, 1;
    %pushi/vec4 0, 0, 1;
    %store/vec4 v00000229c3029a10_0, 0, 1;
    %end;
    .thread T_2, $init;
    .scope S_00000229c2ddee20;
T_3 ;
    %wait E_00000229c2fb7500;
    %load/vec4 v00000229c2f8fac0_0;
    %flag_set/vec4 8;
    %jmp/0xz  T_3.0, 8;
    %load/vec4 v00000229c2f40550_0;
    %flag_set/vec4 8;
    %jmp/0 T_3.2, 8;
    %pushi/vec4 0, 0, 1;
    %jmp/1 T_3.3, 8;
T_3.2 ; End of true expr.
    %load/vec4 v00000229c30293d0_0;
    %jmp/0 T_3.3, 8;
 ; End of false expr.
    %blend;
T_3.3;
    %assign/vec4 v00000229c3028d90_0, 0;
T_3.0 ;
    %jmp T_3;
    .thread T_3;
    .scope S_00000229c2ddee20;
T_4 ;
    %wait E_00000229c2fb8280;
    %load/vec4 v00000229c2f40550_0;
    %flag_set/vec4 8;
    %jmp/0xz  T_4.0, 8;
    %pushi/vec4 0, 0, 1;
    %assign/vec4 v00000229c3029a10_0, 0;
    %jmp T_4.1;
T_4.0 ;
    %load/vec4 v00000229c2f8fac0_0;
    %flag_set/vec4 8;
    %jmp/0xz  T_4.2, 8;
    %load/vec4 v00000229c30293d0_0;
    %assign/vec4 v00000229c3029a10_0, 0;
T_4.2 ;
T_4.1 ;
    %jmp T_4;
    .thread T_4;
    .scope S_00000229c2fcca70;
T_5 ;
    %pushi/vec4 0, 0, 32;
    %store/vec4 v00000229c3029ab0_0, 0, 32;
T_5.0 ; Top of for-loop
    %load/vec4 v00000229c3029ab0_0;
    %cmpi/s 16, 0, 32;
	  %jmp/0xz T_5.1, 5;
    %pushi/vec4 0, 0, 256;
    %load/vec4 v00000229c3029ab0_0;
    %muli 16, 0, 32;
    %part/s 16;
    %pushi/vec4 0, 0, 32;
    %load/vec4 v00000229c3029ab0_0;
    %add;
    %ix/vec4/s 4;
    %store/vec4a v00000229c302a3a0, 4, 0;
    %pushi/vec4 0, 0, 256;
    %load/vec4 v00000229c3029ab0_0;
    %muli 16, 0, 32;
    %part/s 16;
    %pushi/vec4 16, 0, 32;
    %load/vec4 v00000229c3029ab0_0;
    %add;
    %ix/vec4/s 4;
    %store/vec4a v00000229c302a3a0, 4, 0;
    %pushi/vec4 0, 0, 256;
    %load/vec4 v00000229c3029ab0_0;
    %muli 16, 0, 32;
    %part/s 16;
    %pushi/vec4 32, 0, 32;
    %load/vec4 v00000229c3029ab0_0;
    %add;
    %ix/vec4/s 4;
    %store/vec4a v00000229c302a3a0, 4, 0;
    %pushi/vec4 0, 0, 256;
    %load/vec4 v00000229c3029ab0_0;
    %muli 16, 0, 32;
    %part/s 16;
    %pushi/vec4 48, 0, 32;
    %load/vec4 v00000229c3029ab0_0;
    %add;
    %ix/vec4/s 4;
    %store/vec4a v00000229c302a3a0, 4, 0;
    %pushi/vec4 0, 0, 256;
    %load/vec4 v00000229c3029ab0_0;
    %muli 16, 0, 32;
    %part/s 16;
    %pushi/vec4 64, 0, 32;
    %load/vec4 v00000229c3029ab0_0;
    %add;
    %ix/vec4/s 4;
    %store/vec4a v00000229c302a3a0, 4, 0;
    %pushi/vec4 0, 0, 256;
    %load/vec4 v00000229c3029ab0_0;
    %muli 16, 0, 32;
    %part/s 16;
    %pushi/vec4 80, 0, 32;
    %load/vec4 v00000229c3029ab0_0;
    %add;
    %ix/vec4/s 4;
    %store/vec4a v00000229c302a3a0, 4, 0;
    %pushi/vec4 0, 0, 256;
    %load/vec4 v00000229c3029ab0_0;
    %muli 16, 0, 32;
    %part/s 16;
    %pushi/vec4 96, 0, 32;
    %load/vec4 v00000229c3029ab0_0;
    %add;
    %ix/vec4/s 4;
    %store/vec4a v00000229c302a3a0, 4, 0;
    %pushi/vec4 0, 0, 256;
    %load/vec4 v00000229c3029ab0_0;
    %muli 16, 0, 32;
    %part/s 16;
    %pushi/vec4 112, 0, 32;
    %load/vec4 v00000229c3029ab0_0;
    %add;
    %ix/vec4/s 4;
    %store/vec4a v00000229c302a3a0, 4, 0;
    %pushi/vec4 0, 0, 256;
    %load/vec4 v00000229c3029ab0_0;
    %muli 16, 0, 32;
    %part/s 16;
    %pushi/vec4 128, 0, 32;
    %load/vec4 v00000229c3029ab0_0;
    %add;
    %ix/vec4/s 4;
    %store/vec4a v00000229c302a3a0, 4, 0;
    %pushi/vec4 0, 0, 256;
    %load/vec4 v00000229c3029ab0_0;
    %muli 16, 0, 32;
    %part/s 16;
    %pushi/vec4 144, 0, 32;
    %load/vec4 v00000229c3029ab0_0;
    %add;
    %ix/vec4/s 4;
    %store/vec4a v00000229c302a3a0, 4, 0;
    %pushi/vec4 0, 0, 256;
    %load/vec4 v00000229c3029ab0_0;
    %muli 16, 0, 32;
    %part/s 16;
    %pushi/vec4 160, 0, 32;
    %load/vec4 v00000229c3029ab0_0;
    %add;
    %ix/vec4/s 4;
    %store/vec4a v00000229c302a3a0, 4, 0;
    %pushi/vec4 0, 0, 256;
    %load/vec4 v00000229c3029ab0_0;
    %muli 16, 0, 32;
    %part/s 16;
    %pushi/vec4 176, 0, 32;
    %load/vec4 v00000229c3029ab0_0;
    %add;
    %ix/vec4/s 4;
    %store/vec4a v00000229c302a3a0, 4, 0;
    %pushi/vec4 0, 0, 256;
    %load/vec4 v00000229c3029ab0_0;
    %muli 16, 0, 32;
    %part/s 16;
    %pushi/vec4 192, 0, 32;
    %load/vec4 v00000229c3029ab0_0;
    %add;
    %ix/vec4/s 4;
    %store/vec4a v00000229c302a3a0, 4, 0;
    %pushi/vec4 0, 0, 256;
    %load/vec4 v00000229c3029ab0_0;
    %muli 16, 0, 32;
    %part/s 16;
    %pushi/vec4 208, 0, 32;
    %load/vec4 v00000229c3029ab0_0;
    %add;
    %ix/vec4/s 4;
    %store/vec4a v00000229c302a3a0, 4, 0;
    %pushi/vec4 0, 0, 256;
    %load/vec4 v00000229c3029ab0_0;
    %muli 16, 0, 32;
    %part/s 16;
    %pushi/vec4 224, 0, 32;
    %load/vec4 v00000229c3029ab0_0;
    %add;
    %ix/vec4/s 4;
    %store/vec4a v00000229c302a3a0, 4, 0;
    %pushi/vec4 0, 0, 256;
    %load/vec4 v00000229c3029ab0_0;
    %muli 16, 0, 32;
    %part/s 16;
    %pushi/vec4 240, 0, 32;
    %load/vec4 v00000229c3029ab0_0;
    %add;
    %ix/vec4/s 4;
    %store/vec4a v00000229c302a3a0, 4, 0;
T_5.2 ; for-loop step statement
    %load/vec4 v00000229c3029ab0_0;
    %addi 1, 0, 32;
    %store/vec4 v00000229c3029ab0_0, 0, 32;
    %jmp T_5.0;
T_5.1 ; for-loop exit label
    %end;
    .thread T_5;
    .scope S_00000229c2fcca70;
T_6 ;
    %wait E_00000229c2fb90c0;
    %load/vec4 v00000229c3029510_0;
    %flag_set/vec4 9;
    %flag_get/vec4 9;
    %jmp/0 T_6.2, 9;
    %load/vec4 v00000229c3029970_0;
    %and;
T_6.2;
    %flag_set/vec4 8;
    %jmp/0xz  T_6.0, 8;
    %load/vec4 v00000229c30298d0_0;
    %parti/s 1, 0, 2;
    %nor/r;
    %flag_set/vec4 8;
    %jmp/0xz  T_6.3, 8;
    %load/vec4 v00000229c30286b0_0;
    %parti/s 1, 0, 2;
    %load/vec4 v00000229c30296f0_0;
    %parti/s 8, 0, 2;
    %pad/u 10;
    %ix/vec4 3;
    %ix/load 4, 0, 0; Constant delay
    %assign/vec4/a/d v00000229c302a3a0, 0, 4;
T_6.3 ;
    %load/vec4 v00000229c30298d0_0;
    %parti/s 1, 1, 2;
    %nor/r;
    %flag_set/vec4 8;
    %jmp/0xz  T_6.5, 8;
    %load/vec4 v00000229c30286b0_0;
    %parti/s 1, 1, 2;
    %load/vec4 v00000229c30296f0_0;
    %parti/s 8, 0, 2;
    %pad/u 10;
    %ix/vec4 3;
    %ix/load 4, 1, 0; part off
    %ix/load 5, 0, 0; Constant delay
    %assign/vec4/a/d v00000229c302a3a0, 4, 5;
T_6.5 ;
    %load/vec4 v00000229c30298d0_0;
    %parti/s 1, 2, 3;
    %nor/r;
    %flag_set/vec4 8;
    %jmp/0xz  T_6.7, 8;
    %load/vec4 v00000229c30286b0_0;
    %parti/s 1, 2, 3;
    %load/vec4 v00000229c30296f0_0;
    %parti/s 8, 0, 2;
    %pad/u 10;
    %ix/vec4 3;
    %ix/load 4, 2, 0; part off
    %ix/load 5, 0, 0; Constant delay
    %assign/vec4/a/d v00000229c302a3a0, 4, 5;
T_6.7 ;
    %load/vec4 v00000229c30298d0_0;
    %parti/s 1, 3, 3;
    %nor/r;
    %flag_set/vec4 8;
    %jmp/0xz  T_6.9, 8;
    %load/vec4 v00000229c30286b0_0;
    %parti/s 1, 3, 3;
    %load/vec4 v00000229c30296f0_0;
    %parti/s 8, 0, 2;
    %pad/u 10;
    %ix/vec4 3;
    %ix/load 4, 3, 0; part off
    %ix/load 5, 0, 0; Constant delay
    %assign/vec4/a/d v00000229c302a3a0, 4, 5;
T_6.9 ;
    %load/vec4 v00000229c30298d0_0;
    %parti/s 1, 4, 4;
    %nor/r;
    %flag_set/vec4 8;
    %jmp/0xz  T_6.11, 8;
    %load/vec4 v00000229c30286b0_0;
    %parti/s 1, 4, 4;
    %load/vec4 v00000229c30296f0_0;
    %parti/s 8, 0, 2;
    %pad/u 10;
    %ix/vec4 3;
    %ix/load 4, 4, 0; part off
    %ix/load 5, 0, 0; Constant delay
    %assign/vec4/a/d v00000229c302a3a0, 4, 5;
T_6.11 ;
    %load/vec4 v00000229c30298d0_0;
    %parti/s 1, 5, 4;
    %nor/r;
    %flag_set/vec4 8;
    %jmp/0xz  T_6.13, 8;
    %load/vec4 v00000229c30286b0_0;
    %parti/s 1, 5, 4;
    %load/vec4 v00000229c30296f0_0;
    %parti/s 8, 0, 2;
    %pad/u 10;
    %ix/vec4 3;
    %ix/load 4, 5, 0; part off
    %ix/load 5, 0, 0; Constant delay
    %assign/vec4/a/d v00000229c302a3a0, 4, 5;
T_6.13 ;
    %load/vec4 v00000229c30298d0_0;
    %parti/s 1, 6, 4;
    %nor/r;
    %flag_set/vec4 8;
    %jmp/0xz  T_6.15, 8;
    %load/vec4 v00000229c30286b0_0;
    %parti/s 1, 6, 4;
    %load/vec4 v00000229c30296f0_0;
    %parti/s 8, 0, 2;
    %pad/u 10;
    %ix/vec4 3;
    %ix/load 4, 6, 0; part off
    %ix/load 5, 0, 0; Constant delay
    %assign/vec4/a/d v00000229c302a3a0, 4, 5;
T_6.15 ;
    %load/vec4 v00000229c30298d0_0;
    %parti/s 1, 7, 4;
    %nor/r;
    %flag_set/vec4 8;
    %jmp/0xz  T_6.17, 8;
    %load/vec4 v00000229c30286b0_0;
    %parti/s 1, 7, 4;
    %load/vec4 v00000229c30296f0_0;
    %parti/s 8, 0, 2;
    %pad/u 10;
    %ix/vec4 3;
    %ix/load 4, 7, 0; part off
    %ix/load 5, 0, 0; Constant delay
    %assign/vec4/a/d v00000229c302a3a0, 4, 5;
T_6.17 ;
    %load/vec4 v00000229c30298d0_0;
    %parti/s 1, 8, 5;
    %nor/r;
    %flag_set/vec4 8;
    %jmp/0xz  T_6.19, 8;
    %load/vec4 v00000229c30286b0_0;
    %parti/s 1, 8, 5;
    %load/vec4 v00000229c30296f0_0;
    %parti/s 8, 0, 2;
    %pad/u 10;
    %ix/vec4 3;
    %ix/load 4, 8, 0; part off
    %ix/load 5, 0, 0; Constant delay
    %assign/vec4/a/d v00000229c302a3a0, 4, 5;
T_6.19 ;
    %load/vec4 v00000229c30298d0_0;
    %parti/s 1, 9, 5;
    %nor/r;
    %flag_set/vec4 8;
    %jmp/0xz  T_6.21, 8;
    %load/vec4 v00000229c30286b0_0;
    %parti/s 1, 9, 5;
    %load/vec4 v00000229c30296f0_0;
    %parti/s 8, 0, 2;
    %pad/u 10;
    %ix/vec4 3;
    %ix/load 4, 9, 0; part off
    %ix/load 5, 0, 0; Constant delay
    %assign/vec4/a/d v00000229c302a3a0, 4, 5;
T_6.21 ;
    %load/vec4 v00000229c30298d0_0;
    %parti/s 1, 10, 5;
    %nor/r;
    %flag_set/vec4 8;
    %jmp/0xz  T_6.23, 8;
    %load/vec4 v00000229c30286b0_0;
    %parti/s 1, 10, 5;
    %load/vec4 v00000229c30296f0_0;
    %parti/s 8, 0, 2;
    %pad/u 10;
    %ix/vec4 3;
    %ix/load 4, 10, 0; part off
    %ix/load 5, 0, 0; Constant delay
    %assign/vec4/a/d v00000229c302a3a0, 4, 5;
T_6.23 ;
    %load/vec4 v00000229c30298d0_0;
    %parti/s 1, 11, 5;
    %nor/r;
    %flag_set/vec4 8;
    %jmp/0xz  T_6.25, 8;
    %load/vec4 v00000229c30286b0_0;
    %parti/s 1, 11, 5;
    %load/vec4 v00000229c30296f0_0;
    %parti/s 8, 0, 2;
    %pad/u 10;
    %ix/vec4 3;
    %ix/load 4, 11, 0; part off
    %ix/load 5, 0, 0; Constant delay
    %assign/vec4/a/d v00000229c302a3a0, 4, 5;
T_6.25 ;
    %load/vec4 v00000229c30298d0_0;
    %parti/s 1, 12, 5;
    %nor/r;
    %flag_set/vec4 8;
    %jmp/0xz  T_6.27, 8;
    %load/vec4 v00000229c30286b0_0;
    %parti/s 1, 12, 5;
    %load/vec4 v00000229c30296f0_0;
    %parti/s 8, 0, 2;
    %pad/u 10;
    %ix/vec4 3;
    %ix/load 4, 12, 0; part off
    %ix/load 5, 0, 0; Constant delay
    %assign/vec4/a/d v00000229c302a3a0, 4, 5;
T_6.27 ;
    %load/vec4 v00000229c30298d0_0;
    %parti/s 1, 13, 5;
    %nor/r;
    %flag_set/vec4 8;
    %jmp/0xz  T_6.29, 8;
    %load/vec4 v00000229c30286b0_0;
    %parti/s 1, 13, 5;
    %load/vec4 v00000229c30296f0_0;
    %parti/s 8, 0, 2;
    %pad/u 10;
    %ix/vec4 3;
    %ix/load 4, 13, 0; part off
    %ix/load 5, 0, 0; Constant delay
    %assign/vec4/a/d v00000229c302a3a0, 4, 5;
T_6.29 ;
    %load/vec4 v00000229c30298d0_0;
    %parti/s 1, 14, 5;
    %nor/r;
    %flag_set/vec4 8;
    %jmp/0xz  T_6.31, 8;
    %load/vec4 v00000229c30286b0_0;
    %parti/s 1, 14, 5;
    %load/vec4 v00000229c30296f0_0;
    %parti/s 8, 0, 2;
    %pad/u 10;
    %ix/vec4 3;
    %ix/load 4, 14, 0; part off
    %ix/load 5, 0, 0; Constant delay
    %assign/vec4/a/d v00000229c302a3a0, 4, 5;
T_6.31 ;
    %load/vec4 v00000229c30298d0_0;
    %parti/s 1, 15, 5;
    %nor/r;
    %flag_set/vec4 8;
    %jmp/0xz  T_6.33, 8;
    %load/vec4 v00000229c30286b0_0;
    %parti/s 1, 15, 5;
    %load/vec4 v00000229c30296f0_0;
    %parti/s 8, 0, 2;
    %pad/u 10;
    %ix/vec4 3;
    %ix/load 4, 15, 0; part off
    %ix/load 5, 0, 0; Constant delay
    %assign/vec4/a/d v00000229c302a3a0, 4, 5;
T_6.33 ;
T_6.0 ;
    %jmp T_6;
    .thread T_6;
    .scope S_00000229c2fcca70;
T_7 ;
    %wait E_00000229c2fb7540;
    %load/vec4 v00000229c3029290_0;
    %flag_set/vec4 9;
    %flag_get/vec4 9;
    %jmp/0 T_7.2, 9;
    %load/vec4 v00000229c3028610_0;
    %and;
T_7.2;
    %flag_set/vec4 8;
    %jmp/0xz  T_7.0, 8;
    %load/vec4 v00000229c3029650_0;
    %parti/s 8, 0, 2;
    %pad/u 10;
    %ix/vec4 4;
    %load/vec4a v00000229c302a3a0, 4;
    %load/vec4 v00000229c3029c90_0;
    %inv;
    %and;
    %assign/vec4 v00000229c30291f0_0, 0;
T_7.0 ;
    %jmp T_7;
    .thread T_7;
    .scope S_00000229c2d36a90;
T_8 ;
    %pushi/vec4 0, 0, 1;
    %store/vec4 v00000229c2fdb5a0_0, 0, 1;
    %end;
    .thread T_8;
    .scope S_00000229c2d36a90;
T_9 ;
    %wait E_00000229c2fb9100;
    %load/vec4 v00000229c2fdb3c0_0;
    %assign/vec4 v00000229c2fdb5a0_0, 0;
    %jmp T_9;
    .thread T_9;
    .scope S_00000229c2d53530;
T_10 ;
    %pushi/vec4 0, 0, 1;
    %store/vec4 v00000229c302e7c0_0, 0, 1;
    %end;
    .thread T_10;
    .scope S_00000229c2d53530;
T_11 ;
    %wait E_00000229c2fb8880;
    %load/vec4 v00000229c302dc80_0;
    %flag_set/vec4 8;
    %jmp/0xz  T_11.0, 8;
    %load/vec4 v00000229c2fdb6e0_0;
    %assign/vec4 v00000229c302e7c0_0, 0;
T_11.0 ;
    %jmp T_11;
    .thread T_11;
    .scope S_00000229c2d3b830;
T_12 ;
    %pushi/vec4 0, 0, 1;
    %store/vec4 v00000229c302e220_0, 0, 1;
    %end;
    .thread T_12;
    .scope S_00000229c2d3b830;
T_13 ;
    %wait E_00000229c2fb9340;
    %load/vec4 v00000229c302d640_0;
    %flag_set/vec4 8;
    %jmp/0xz  T_13.0, 8;
    %pushi/vec4 0, 0, 1;
    %assign/vec4 v00000229c302e220_0, 0;
    %jmp T_13.1;
T_13.0 ;
    %load/vec4 v00000229c302f260_0;
    %flag_set/vec4 8;
    %jmp/0xz  T_13.2, 8;
    %load/vec4 v00000229c302f440_0;
    %assign/vec4 v00000229c302e220_0, 0;
T_13.2 ;
T_13.1 ;
    %jmp T_13;
    .thread T_13;
    .scope S_00000229c2d3b9c0;
T_14 ;
    %pushi/vec4 0, 0, 1;
    %store/vec4 v00000229c302eb80_0, 0, 1;
    %end;
    .thread T_14;
    .scope S_00000229c2d3b9c0;
T_15 ;
    %wait E_00000229c2fb9400;
    %load/vec4 v00000229c302ec20_0;
    %flag_set/vec4 8;
    %jmp/0xz  T_15.0, 8;
    %pushi/vec4 1, 0, 1;
    %assign/vec4 v00000229c302eb80_0, 0;
    %jmp T_15.1;
T_15.0 ;
    %load/vec4 v00000229c302e2c0_0;
    %flag_set/vec4 8;
    %jmp/0xz  T_15.2, 8;
    %load/vec4 v00000229c302e400_0;
    %assign/vec4 v00000229c302eb80_0, 0;
T_15.2 ;
T_15.1 ;
    %jmp T_15;
    .thread T_15;
    .scope S_00000229c2d3bb50;
T_16 ;
    %pushi/vec4 0, 0, 1;
    %store/vec4 v00000229c302d1e0_0, 0, 1;
    %end;
    .thread T_16;
    .scope S_00000229c2d3bb50;
T_17 ;
    %wait E_00000229c2fb9480;
    %load/vec4 v00000229c302e4a0_0;
    %flag_set/vec4 8;
    %jmp/0xz  T_17.0, 8;
    %load/vec4 v00000229c302e860_0;
    %flag_set/vec4 8;
    %jmp/0xz  T_17.2, 8;
    %pushi/vec4 0, 0, 1;
    %assign/vec4 v00000229c302d1e0_0, 0;
    %jmp T_17.3;
T_17.2 ;
    %load/vec4 v00000229c302e360_0;
    %assign/vec4 v00000229c302d1e0_0, 0;
T_17.3 ;
T_17.0 ;
    %jmp T_17;
    .thread T_17;
    .scope S_00000229c2d45690;
T_18 ;
    %pushi/vec4 0, 0, 1;
    %store/vec4 v00000229c302daa0_0, 0, 1;
    %end;
    .thread T_18;
    .scope S_00000229c2d45690;
T_19 ;
    %wait E_00000229c2fb8f40;
    %load/vec4 v00000229c302f080_0;
    %flag_set/vec4 8;
    %jmp/0xz  T_19.0, 8;
    %load/vec4 v00000229c302f3a0_0;
    %flag_set/vec4 8;
    %jmp/0xz  T_19.2, 8;
    %pushi/vec4 1, 0, 1;
    %assign/vec4 v00000229c302daa0_0, 0;
    %jmp T_19.3;
T_19.2 ;
    %load/vec4 v00000229c302f4e0_0;
    %assign/vec4 v00000229c302daa0_0, 0;
T_19.3 ;
T_19.0 ;
    %jmp T_19;
    .thread T_19;
    .scope S_00000229c2d45820;
T_20 ;
    %pushi/vec4 0, 0, 1;
    %store/vec4 v00000229c302d960_0, 0, 1;
    %end;
    .thread T_20;
    .scope S_00000229c2d45820;
T_21 ;
    %wait E_00000229c2fb8b80;
    %load/vec4 v00000229c302da00_0;
    %assign/vec4 v00000229c302d960_0, 0;
    %jmp T_21;
    .thread T_21;
    .scope S_00000229c2d459b0;
T_22 ;
    %pushi/vec4 0, 0, 1;
    %store/vec4 v00000229c302e680_0, 0, 1;
    %end;
    .thread T_22;
    .scope S_00000229c2d459b0;
T_23 ;
    %wait E_00000229c2fb8e80;
    %load/vec4 v00000229c302f580_0;
    %flag_set/vec4 8;
    %jmp/0xz  T_23.0, 8;
    %load/vec4 v00000229c302ee00_0;
    %assign/vec4 v00000229c302e680_0, 0;
T_23.0 ;
    %jmp T_23;
    .thread T_23;
    .scope S_00000229c2d42cd0;
T_24 ;
    %pushi/vec4 0, 0, 1;
    %store/vec4 v00000229c302f620_0, 0, 1;
    %end;
    .thread T_24;
    .scope S_00000229c2d42cd0;
T_25 ;
    %wait E_00000229c2fb9200;
    %load/vec4 v00000229c302ef40_0;
    %flag_set/vec4 8;
    %jmp/0xz  T_25.0, 8;
    %pushi/vec4 0, 0, 1;
    %assign/vec4 v00000229c302f620_0, 0;
    %jmp T_25.1;
T_25.0 ;
    %load/vec4 v00000229c302e040_0;
    %flag_set/vec4 8;
    %jmp/0xz  T_25.2, 8;
    %load/vec4 v00000229c302d820_0;
    %assign/vec4 v00000229c302f620_0, 0;
T_25.2 ;
T_25.1 ;
    %jmp T_25;
    .thread T_25;
    .scope S_00000229c2d42e60;
T_26 ;
    %pushi/vec4 0, 0, 1;
    %store/vec4 v00000229c302d5a0_0, 0, 1;
    %end;
    .thread T_26;
    .scope S_00000229c2d42e60;
T_27 ;
    %wait E_00000229c2fb88c0;
    %load/vec4 v00000229c302ecc0_0;
    %flag_set/vec4 8;
    %jmp/0xz  T_27.0, 8;
    %pushi/vec4 1, 0, 1;
    %assign/vec4 v00000229c302d5a0_0, 0;
    %jmp T_27.1;
T_27.0 ;
    %load/vec4 v00000229c302eea0_0;
    %flag_set/vec4 8;
    %jmp/0xz  T_27.2, 8;
    %load/vec4 v00000229c302e720_0;
    %assign/vec4 v00000229c302d5a0_0, 0;
T_27.2 ;
T_27.1 ;
    %jmp T_27;
    .thread T_27;
    .scope S_00000229c2fc5af0;
T_28 ;
    %pushi/vec4 0, 0, 1;
    %store/vec4 v00000229c302d0a0_0, 0, 1;
    %end;
    .thread T_28;
    .scope S_00000229c2fc5af0;
T_29 ;
    %wait E_00000229c2fb8ec0;
    %load/vec4 v00000229c302d140_0;
    %flag_set/vec4 8;
    %jmp/0xz  T_29.0, 8;
    %load/vec4 v00000229c302e900_0;
    %flag_set/vec4 8;
    %jmp/0xz  T_29.2, 8;
    %pushi/vec4 0, 0, 1;
    %assign/vec4 v00000229c302d0a0_0, 0;
    %jmp T_29.3;
T_29.2 ;
    %load/vec4 v00000229c302d8c0_0;
    %assign/vec4 v00000229c302d0a0_0, 0;
T_29.3 ;
T_29.0 ;
    %jmp T_29;
    .thread T_29;
    .scope S_00000229c2fc6130;
T_30 ;
    %pushi/vec4 0, 0, 1;
    %store/vec4 v00000229c302d3c0_0, 0, 1;
    %end;
    .thread T_30;
    .scope S_00000229c2fc6130;
T_31 ;
    %wait E_00000229c2fb9000;
    %load/vec4 v00000229c302d780_0;
    %flag_set/vec4 8;
    %jmp/0xz  T_31.0, 8;
    %load/vec4 v00000229c302ea40_0;
    %flag_set/vec4 8;
    %jmp/0xz  T_31.2, 8;
    %pushi/vec4 1, 0, 1;
    %assign/vec4 v00000229c302d3c0_0, 0;
    %jmp T_31.3;
T_31.2 ;
    %load/vec4 v00000229c302e9a0_0;
    %assign/vec4 v00000229c302d3c0_0, 0;
T_31.3 ;
T_31.0 ;
    %jmp T_31;
    .thread T_31;
    .scope S_00000229c2fc5e10;
T_32 ;
    %pushi/vec4 0, 0, 1;
    %store/vec4 v00000229c302cf60_0, 0, 1;
    %end;
    .thread T_32;
    .scope S_00000229c2fc5e10;
T_33 ;
    %wait E_00000229c2fb9380;
    %load/vec4 v00000229c302d000_0;
    %flag_set/vec4 8;
    %jmp/0xz  T_33.0, 8;
    %pushi/vec4 0, 0, 1;
    %assign/vec4 v00000229c302cf60_0, 0;
    %jmp T_33.1;
T_33.0 ;
    %load/vec4 v00000229c302ddc0_0;
    %assign/vec4 v00000229c302cf60_0, 0;
T_33.1 ;
    %jmp T_33;
    .thread T_33;
    .scope S_00000229c2fc5960;
T_34 ;
    %pushi/vec4 0, 0, 1;
    %store/vec4 v00000229c302d500_0, 0, 1;
    %end;
    .thread T_34;
    .scope S_00000229c2fc5960;
T_35 ;
    %wait E_00000229c2fb8c80;
    %load/vec4 v00000229c302d6e0_0;
    %flag_set/vec4 8;
    %jmp/0xz  T_35.0, 8;
    %pushi/vec4 1, 0, 1;
    %assign/vec4 v00000229c302d500_0, 0;
    %jmp T_35.1;
T_35.0 ;
    %load/vec4 v00000229c302de60_0;
    %assign/vec4 v00000229c302d500_0, 0;
T_35.1 ;
    %jmp T_35;
    .thread T_35;
    .scope S_00000229c2fc5fa0;
T_36 ;
    %pushi/vec4 0, 0, 1;
    %store/vec4 v00000229c302dfa0_0, 0, 1;
    %end;
    .thread T_36;
    .scope S_00000229c2fc5fa0;
T_37 ;
    %wait E_00000229c2fb89c0;
    %load/vec4 v00000229c302e0e0_0;
    %flag_set/vec4 8;
    %jmp/0xz  T_37.0, 8;
    %pushi/vec4 0, 0, 1;
    %assign/vec4 v00000229c302dfa0_0, 0;
    %jmp T_37.1;
T_37.0 ;
    %load/vec4 v00000229c302e180_0;
    %assign/vec4 v00000229c302dfa0_0, 0;
T_37.1 ;
    %jmp T_37;
    .thread T_37;
    .scope S_00000229c2fc5c80;
T_38 ;
    %pushi/vec4 0, 0, 1;
    %store/vec4 v00000229c302f300_0, 0, 1;
    %end;
    .thread T_38;
    .scope S_00000229c2fc5c80;
T_39 ;
    %wait E_00000229c2fb8940;
    %load/vec4 v00000229c3030d40_0;
    %flag_set/vec4 8;
    %jmp/0xz  T_39.0, 8;
    %pushi/vec4 1, 0, 1;
    %assign/vec4 v00000229c302f300_0, 0;
    %jmp T_39.1;
T_39.0 ;
    %load/vec4 v00000229c302f1c0_0;
    %assign/vec4 v00000229c302f300_0, 0;
T_39.1 ;
    %jmp T_39;
    .thread T_39;
    .scope S_00000229c2fc57d0;
T_40 ;
    %pushi/vec4 0, 0, 1;
    %store/vec4 v00000229c30303e0_0, 0, 1;
    %end;
    .thread T_40;
    .scope S_00000229c2fc57d0;
T_41 ;
    %wait E_00000229c2fb9140;
    %load/vec4 v00000229c302fee0_0;
    %flag_set/vec4 8;
    %jmp/0xz  T_41.0, 8;
    %pushi/vec4 0, 0, 1;
    %assign/vec4 v00000229c30303e0_0, 0;
    %jmp T_41.1;
T_41.0 ;
    %load/vec4 v00000229c3030520_0;
    %assign/vec4 v00000229c30303e0_0, 0;
T_41.1 ;
    %jmp T_41;
    .thread T_41;
    .scope S_00000229c2fc5640;
T_42 ;
    %pushi/vec4 0, 0, 1;
    %store/vec4 v00000229c302f760_0, 0, 1;
    %end;
    .thread T_42;
    .scope S_00000229c2fc5640;
T_43 ;
    %wait E_00000229c2fb8f80;
    %load/vec4 v00000229c3030340_0;
    %flag_set/vec4 8;
    %jmp/0xz  T_43.0, 8;
    %pushi/vec4 1, 0, 1;
    %assign/vec4 v00000229c302f760_0, 0;
    %jmp T_43.1;
T_43.0 ;
    %load/vec4 v00000229c30308e0_0;
    %assign/vec4 v00000229c302f760_0, 0;
T_43.1 ;
    %jmp T_43;
    .thread T_43;
    .scope S_00000229c2fc62c0;
T_44 ;
    %pushi/vec4 0, 0, 1;
    %store/vec4 v00000229c3030980_0, 0, 1;
    %end;
    .thread T_44;
    .scope S_00000229c2fc62c0;
T_45 ;
    %wait E_00000229c2fb8900;
    %load/vec4 v00000229c302fbc0_0;
    %flag_set/vec4 8;
    %jmp/0xz  T_45.0, 8;
    %pushi/vec4 0, 0, 1;
    %assign/vec4 v00000229c3030980_0, 0;
    %jmp T_45.1;
T_45.0 ;
    %load/vec4 v00000229c30305c0_0;
    %assign/vec4 v00000229c3030980_0, 0;
T_45.1 ;
    %jmp T_45;
    .thread T_45;
    .scope S_00000229c2fc54b0;
T_46 ;
    %pushi/vec4 0, 0, 1;
    %store/vec4 v00000229c3030a20_0, 0, 1;
    %end;
    .thread T_46;
    .scope S_00000229c2fc54b0;
T_47 ;
    %wait E_00000229c2fb9240;
    %load/vec4 v00000229c302fa80_0;
    %flag_set/vec4 8;
    %jmp/0xz  T_47.0, 8;
    %pushi/vec4 1, 0, 1;
    %assign/vec4 v00000229c3030a20_0, 0;
    %jmp T_47.1;
T_47.0 ;
    %load/vec4 v00000229c302fc60_0;
    %assign/vec4 v00000229c3030a20_0, 0;
T_47.1 ;
    %jmp T_47;
    .thread T_47;
    .scope S_00000229c2fcc750;
T_48 ;
    %wait E_00000229c2fb8a40;
    %load/vec4 v00000229c302ff80_0;
    %assign/vec4 v00000229c30300c0_0, 0;
    %jmp T_48;
    .thread T_48;
    .scope S_00000229c2fcc750;
T_49 ;
    %wait E_00000229c2fb8a40;
    %load/vec4 v00000229c302ff80_0;
    %flag_set/vec4 8;
    %jmp/0xz  T_49.0, 8;
    %load/vec4 v00000229c302fd00_0;
    %assign/vec4 v00000229c3034420_0, 0;
T_49.0 ;
    %jmp T_49;
    .thread T_49;
    .scope S_00000229c2fcc750;
T_50 ;
    %wait E_00000229c2fb92c0;
    %load/vec4 v00000229c30300c0_0;
    %flag_set/vec4 8;
    %jmp/0xz  T_50.0, 8;
    %load/vec4 v00000229c302fd00_0;
    %assign/vec4 v00000229c3034c40_0, 0;
T_50.0 ;
    %jmp T_50;
    .thread T_50;
    .scope S_00000229c2fcc750;
T_51 ;
    %wait E_00000229c2fb9280;
    %load/vec4 v00000229c302ff80_0;
    %assign/vec4 v00000229c3030200_0, 0;
    %jmp T_51;
    .thread T_51;
    .scope S_00000229c2fcc750;
T_52 ;
    %wait E_00000229c2fb9280;
    %load/vec4 v00000229c302ff80_0;
    %flag_set/vec4 8;
    %jmp/0xz  T_52.0, 8;
    %load/vec4 v00000229c3030840_0;
    %assign/vec4 v00000229c3034d80_0, 0;
T_52.0 ;
    %jmp T_52;
    .thread T_52;
    .scope S_00000229c2fcc750;
T_53 ;
    %wait E_00000229c2fb8540;
    %load/vec4 v00000229c3030200_0;
    %flag_set/vec4 8;
    %jmp/0xz  T_53.0, 8;
    %load/vec4 v00000229c302fda0_0;
    %assign/vec4 v00000229c3033160_0, 0;
T_53.0 ;
    %jmp T_53;
    .thread T_53;
    .scope S_00000229c2fcc750;
T_54 ;
    %wait E_00000229c2fb9280;
    %load/vec4 v00000229c302ff80_0;
    %flag_set/vec4 8;
    %jmp/0xz  T_54.0, 8;
    %load/vec4 v00000229c302f800_0;
    %assign/vec4 v00000229c30356e0_0, 0;
T_54.0 ;
    %jmp T_54;
    .thread T_54;
    .scope S_00000229c2fcbc60;
T_55 ;
    %wait E_00000229c2fb93c0;
    %load/vec4 v00000229c3034420_0;
    %store/vec4 v00000229c30302a0_0, 0, 1;
    %load/vec4 v00000229c3034c40_0;
    %store/vec4 v00000229c30338e0_0, 0, 1;
    %jmp T_55;
    .thread T_55, $push;
    .scope S_00000229c2fcbc60;
T_56 ;
    %wait E_00000229c2fb8fc0;
    %load/vec4 v00000229c3030de0_0;
    %assign/vec4 v00000229c30344c0_0, 0;
    %jmp T_56;
    .thread T_56, $push;
    .scope S_00000229c2fcbc60;
T_57 ;
    %wait E_00000229c2fb8580;
    %load/vec4 v00000229c30344c0_0;
    %assign/vec4 v00000229c3035640_0, 0;
    %jmp T_57;
    .thread T_57, $push;
    .scope S_00000229c2fcbc60;
T_58 ;
    %wait E_00000229c2fb8e40;
    %load/vec4 v00000229c3035640_0;
    %pushi/vec4 0, 0, 1;
    %xor;
    %flag_set/vec4 8;
    %jmp/1 T_58.2, 8;
    %pushi/vec4 0, 0, 1;
    %flag_set/vec4 9;
    %flag_or 8, 9;
T_58.2;
    %jmp/0 T_58.0, 8;
    %load/vec4 v00000229c3034d80_0;
    %jmp/1 T_58.1, 8;
T_58.0 ; End of true expr.
    %load/vec4 v00000229c3033160_0;
    %jmp/0 T_58.1, 8;
 ; End of false expr.
    %blend;
T_58.1;
    %store/vec4 v00000229c3034880_0, 0, 1;
    %jmp T_58;
    .thread T_58, $push;
    .scope S_00000229c2fcb7b0;
T_59 ;
    %wait E_00000229c2fb9440;
    %load/vec4 v00000229c30355a0_0;
    %flag_set/vec4 8;
    %jmp/0xz  T_59.0, 8;
    %load/vec4 v00000229c3035960_0;
    %assign/vec4 v00000229c3036400_0, 0;
T_59.0 ;
    %jmp T_59;
    .thread T_59;
    .scope S_00000229c2fcb7b0;
T_60 ;
    %wait E_00000229c2fb8f00;
    %load/vec4 v00000229c30355a0_0;
    %flag_set/vec4 8;
    %jmp/0xz  T_60.0, 8;
    %load/vec4 v00000229c3035960_0;
    %assign/vec4 v00000229c3035dc0_0, 0;
T_60.0 ;
    %jmp T_60;
    .thread T_60;
    .scope S_00000229c2fcb7b0;
T_61 ;
    %wait E_00000229c2fb8b00;
    %load/vec4 v00000229c30355a0_0;
    %flag_set/vec4 8;
    %jmp/0xz  T_61.0, 8;
    %load/vec4 v00000229c3033660_0;
    %assign/vec4 v00000229c3035820_0, 0;
T_61.0 ;
    %jmp T_61;
    .thread T_61;
    .scope S_00000229c2fcb7b0;
T_62 ;
    %wait E_00000229c2fb8bc0;
    %load/vec4 v00000229c30355a0_0;
    %flag_set/vec4 8;
    %jmp/0xz  T_62.0, 8;
    %load/vec4 v00000229c30337a0_0;
    %assign/vec4 v00000229c3036360_0, 0;
T_62.0 ;
    %jmp T_62;
    .thread T_62;
    .scope S_00000229c2fcb7b0;
T_63 ;
    %wait E_00000229c2fb8b00;
    %load/vec4 v00000229c30355a0_0;
    %flag_set/vec4 8;
    %jmp/0xz  T_63.0, 8;
    %load/vec4 v00000229c3036cc0_0;
    %assign/vec4 v00000229c3036860_0, 0;
T_63.0 ;
    %jmp T_63;
    .thread T_63;
    .scope S_00000229c2fc6e20;
T_64 ;
    %wait E_00000229c2fb9300;
    %load/vec4 v00000229c3036400_0;
    %store/vec4 v00000229c3035d20_0, 0, 1;
    %load/vec4 v00000229c3035dc0_0;
    %store/vec4 v00000229c3036900_0, 0, 1;
    %jmp T_64;
    .thread T_64, $push;
    .scope S_00000229c2fc6e20;
T_65 ;
    %wait E_00000229c2fb9180;
    %load/vec4 v00000229c3033fc0_0;
    %assign/vec4 v00000229c3036d60_0, 0;
    %jmp T_65;
    .thread T_65, $push;
    .scope S_00000229c2fc6e20;
T_66 ;
    %wait E_00000229c2fb9040;
    %load/vec4 v00000229c3036d60_0;
    %assign/vec4 v00000229c3036e00_0, 0;
    %jmp T_66;
    .thread T_66, $push;
    .scope S_00000229c2fc6e20;
T_67 ;
    %wait E_00000229c2fb8780;
    %load/vec4 v00000229c3036e00_0;
    %pushi/vec4 0, 0, 1;
    %xor;
    %flag_set/vec4 8;
    %jmp/1 T_67.2, 8;
    %pushi/vec4 0, 0, 1;
    %flag_set/vec4 9;
    %flag_or 8, 9;
T_67.2;
    %jmp/0 T_67.0, 8;
    %load/vec4 v00000229c3035820_0;
    %jmp/1 T_67.1, 8;
T_67.0 ; End of true expr.
    %load/vec4 v00000229c3036360_0;
    %jmp/0 T_67.1, 8;
 ; End of false expr.
    %blend;
T_67.1;
    %store/vec4 v00000229c3035aa0_0, 0, 1;
    %jmp T_67;
    .thread T_67, $push;
    .scope S_00000229c2fcbdf0;
T_68 ;
    %wait E_00000229c2fb8dc0;
    %load/vec4 v00000229c30365e0_0;
    %flag_set/vec4 8;
    %jmp/0xz  T_68.0, 8;
    %load/vec4 v00000229c3036ae0_0;
    %assign/vec4 v00000229c3035780_0, 0;
T_68.0 ;
    %jmp T_68;
    .thread T_68;
    .scope S_00000229c2fcbdf0;
T_69 ;
    %wait E_00000229c2fb94c0;
    %load/vec4 v00000229c30365e0_0;
    %flag_set/vec4 8;
    %jmp/0xz  T_69.0, 8;
    %load/vec4 v00000229c3036ae0_0;
    %assign/vec4 v00000229c3036180_0, 0;
T_69.0 ;
    %jmp T_69;
    .thread T_69;
    .scope S_00000229c2fcbdf0;
T_70 ;
    %wait E_00000229c2fb91c0;
    %load/vec4 v00000229c30365e0_0;
    %flag_set/vec4 8;
    %jmp/0xz  T_70.0, 8;
    %load/vec4 v00000229c30362c0_0;
    %assign/vec4 v00000229c3036680_0, 0;
T_70.0 ;
    %jmp T_70;
    .thread T_70;
    .scope S_00000229c2fcbdf0;
T_71 ;
    %wait E_00000229c2fb8ac0;
    %load/vec4 v00000229c30365e0_0;
    %flag_set/vec4 8;
    %jmp/0xz  T_71.0, 8;
    %load/vec4 v00000229c3035e60_0;
    %assign/vec4 v00000229c3036720_0, 0;
T_71.0 ;
    %jmp T_71;
    .thread T_71;
    .scope S_00000229c2fcbdf0;
T_72 ;
    %wait E_00000229c2fb91c0;
    %load/vec4 v00000229c30365e0_0;
    %flag_set/vec4 8;
    %jmp/0xz  T_72.0, 8;
    %load/vec4 v00000229c3035f00_0;
    %assign/vec4 v00000229c30358c0_0, 0;
T_72.0 ;
    %jmp T_72;
    .thread T_72;
    .scope S_00000229c2fc64c0;
T_73 ;
    %wait E_00000229c2fb8c00;
    %load/vec4 v00000229c3035780_0;
    %store/vec4 v00000229c3035a00_0, 0, 1;
    %load/vec4 v00000229c3036180_0;
    %store/vec4 v00000229c30360e0_0, 0, 1;
    %jmp T_73;
    .thread T_73, $push;
    .scope S_00000229c2fc64c0;
T_74 ;
    %wait E_00000229c2fb8680;
    %load/vec4 v00000229c3036a40_0;
    %assign/vec4 v00000229c3036b80_0, 0;
    %jmp T_74;
    .thread T_74, $push;
    .scope S_00000229c2fc64c0;
T_75 ;
    %wait E_00000229c2fb9080;
    %load/vec4 v00000229c3036b80_0;
    %assign/vec4 v00000229c3036c20_0, 0;
    %jmp T_75;
    .thread T_75, $push;
    .scope S_00000229c2fc64c0;
T_76 ;
    %wait E_00000229c2fb8a80;
    %load/vec4 v00000229c3036c20_0;
    %pushi/vec4 0, 0, 1;
    %xor;
    %flag_set/vec4 8;
    %jmp/1 T_76.2, 8;
    %pushi/vec4 0, 0, 1;
    %flag_set/vec4 9;
    %flag_or 8, 9;
T_76.2;
    %jmp/0 T_76.0, 8;
    %load/vec4 v00000229c3036680_0;
    %jmp/1 T_76.1, 8;
T_76.0 ; End of true expr.
    %load/vec4 v00000229c3036720_0;
    %jmp/0 T_76.1, 8;
 ; End of false expr.
    %blend;
T_76.1;
    %store/vec4 v00000229c3036540_0, 0, 1;
    %jmp T_76;
    .thread T_76, $push;
    .scope S_00000229c2fc7aa0;
T_77 ;
    %wait E_00000229c2fb8600;
    %load/vec4 v00000229c30390b0_0;
    %flag_set/vec4 8;
    %jmp/0xz  T_77.0, 8;
    %pushi/vec4 0, 0, 16;
    %assign/vec4 v00000229c303fbe0_0, 0;
    %pushi/vec4 0, 0, 16;
    %assign/vec4 v00000229c303b9a0_0, 0;
    %jmp T_77.1;
T_77.0 ;
    %load/vec4 v00000229c3037710_0;
    %flag_set/vec4 8;
    %jmp/0xz  T_77.2, 8;
    %load/vec4 v00000229c3038930_0;
    %nor/r;
    %flag_set/vec4 8;
    %jmp/0xz  T_77.4, 8;
    %load/vec4 v00000229c3038250_0;
    %assign/vec4 v00000229c303fbe0_0, 0;
T_77.4 ;
    %load/vec4 v00000229c3037670_0;
    %nor/r;
    %flag_set/vec4 8;
    %jmp/0xz  T_77.6, 8;
    %load/vec4 v00000229c3037030_0;
    %assign/vec4 v00000229c303b9a0_0, 0;
T_77.6 ;
T_77.2 ;
T_77.1 ;
    %jmp T_77;
    .thread T_77;
    .scope S_00000229c2fc7aa0;
T_78 ;
    %wait E_00000229c2fb85c0;
    %load/vec4 v00000229c3039010_0;
    %flag_set/vec4 8;
    %jmp/0xz  T_78.0, 8;
    %pushi/vec4 0, 0, 16;
    %assign/vec4 v00000229c303e880_0, 0;
    %pushi/vec4 0, 0, 16;
    %assign/vec4 v00000229c303f5a0_0, 0;
    %jmp T_78.1;
T_78.0 ;
    %load/vec4 v00000229c3037710_0;
    %flag_set/vec4 8;
    %jmp/0xz  T_78.2, 8;
    %load/vec4 v00000229c3038110_0;
    %nor/r;
    %flag_set/vec4 8;
    %jmp/0xz  T_78.4, 8;
    %load/vec4 v00000229c3038ed0_0;
    %assign/vec4 v00000229c303e880_0, 0;
T_78.4 ;
    %load/vec4 v00000229c3038c50_0;
    %nor/r;
    %flag_set/vec4 8;
    %jmp/0xz  T_78.6, 8;
    %load/vec4 v00000229c3038a70_0;
    %assign/vec4 v00000229c303f5a0_0, 0;
T_78.6 ;
T_78.2 ;
T_78.1 ;
    %jmp T_78;
    .thread T_78;
    .scope S_00000229c2fc7aa0;
T_79 ;
    %wait E_00000229c2fb8600;
    %load/vec4 v00000229c30390b0_0;
    %flag_set/vec4 8;
    %jmp/0xz  T_79.0, 8;
    %pushi/vec4 0, 0, 16;
    %assign/vec4 v00000229c303e740_0, 0;
    %pushi/vec4 0, 0, 16;
    %assign/vec4 v00000229c303dac0_0, 0;
    %jmp T_79.1;
T_79.0 ;
    %load/vec4 v00000229c3037710_0;
    %flag_set/vec4 8;
    %jmp/0xz  T_79.2, 8;
    %load/vec4 v00000229c303b0e0_0;
    %assign/vec4 v00000229c303e740_0, 0;
    %load/vec4 v00000229c303b860_0;
    %assign/vec4 v00000229c303dac0_0, 0;
T_79.2 ;
T_79.1 ;
    %jmp T_79;
    .thread T_79;
    .scope S_00000229c2fc7aa0;
T_80 ;
    %wait E_00000229c2fb85c0;
    %load/vec4 v00000229c3039010_0;
    %flag_set/vec4 8;
    %jmp/0xz  T_80.0, 8;
    %pushi/vec4 0, 0, 16;
    %assign/vec4 v00000229c303ece0_0, 0;
    %pushi/vec4 0, 0, 16;
    %assign/vec4 v00000229c303f640_0, 0;
    %jmp T_80.1;
T_80.0 ;
    %load/vec4 v00000229c3037710_0;
    %flag_set/vec4 8;
    %jmp/0xz  T_80.2, 8;
    %load/vec4 v00000229c303b680_0;
    %assign/vec4 v00000229c303ece0_0, 0;
    %load/vec4 v00000229c303b900_0;
    %assign/vec4 v00000229c303f640_0, 0;
T_80.2 ;
T_80.1 ;
    %jmp T_80;
    .thread T_80;
    .scope S_00000229c2fc7aa0;
T_81 ;
    %wait E_00000229c2fb85c0;
    %load/vec4 v00000229c3039010_0;
    %flag_set/vec4 8;
    %jmp/0xz  T_81.0, 8;
    %pushi/vec4 0, 0, 32;
    %assign/vec4 v00000229c303e600_0, 0;
    %jmp T_81.1;
T_81.0 ;
    %load/vec4 v00000229c3037710_0;
    %flag_set/vec4 8;
    %jmp/0xz  T_81.2, 8;
    %load/vec4 v00000229c303d020_0;
    %assign/vec4 v00000229c303e600_0, 0;
T_81.2 ;
T_81.1 ;
    %jmp T_81;
    .thread T_81;
    .scope S_00000229c2fc7aa0;
T_82 ;
    %wait E_00000229c2fb8b40;
    %load/vec4 v00000229c303a050_0;
    %flag_set/vec4 8;
    %jmp/0xz  T_82.0, 8;
    %pushi/vec4 0, 0, 16;
    %assign/vec4 v00000229c303f960_0, 0;
    %jmp T_82.1;
T_82.0 ;
    %load/vec4 v00000229c3037710_0;
    %flag_set/vec4 8;
    %jmp/0xz  T_82.2, 8;
    %load/vec4 v00000229c303a2d0_0;
    %nor/r;
    %flag_set/vec4 8;
    %jmp/0xz  T_82.4, 8;
    %load/vec4 v00000229c303d160_0;
    %assign/vec4 v00000229c303f960_0, 0;
T_82.4 ;
T_82.2 ;
T_82.1 ;
    %jmp T_82;
    .thread T_82;
    .scope S_00000229c2fc7aa0;
T_83 ;
    %wait E_00000229c2fb8500;
    %load/vec4 v00000229c303a910_0;
    %flag_set/vec4 8;
    %jmp/0xz  T_83.0, 8;
    %pushi/vec4 0, 0, 16;
    %assign/vec4 v00000229c303f6e0_0, 0;
    %jmp T_83.1;
T_83.0 ;
    %load/vec4 v00000229c3037710_0;
    %flag_set/vec4 8;
    %jmp/0xz  T_83.2, 8;
    %load/vec4 v00000229c303a410_0;
    %nor/r;
    %flag_set/vec4 8;
    %jmp/0xz  T_83.4, 8;
    %load/vec4 v00000229c303d200_0;
    %assign/vec4 v00000229c303f6e0_0, 0;
T_83.4 ;
T_83.2 ;
T_83.1 ;
    %jmp T_83;
    .thread T_83;
    .scope S_00000229c2fcb940;
T_84 ;
    %pushi/vec4 0, 0, 32;
    %store/vec4 v00000229c3040360_0, 0, 32;
T_84.0 ; Top of for-loop
    %load/vec4 v00000229c3040360_0;
    %cmpi/s 16, 0, 32;
	  %jmp/0xz T_84.1, 5;
    %pushi/vec4 0, 0, 256;
    %load/vec4 v00000229c3040360_0;
    %muli 16, 0, 32;
    %part/s 16;
    %pushi/vec4 0, 0, 32;
    %load/vec4 v00000229c3040360_0;
    %add;
    %ix/vec4/s 4;
    %store/vec4a v00000229c3040fe0, 4, 0;
    %pushi/vec4 0, 0, 256;
    %load/vec4 v00000229c3040360_0;
    %muli 16, 0, 32;
    %part/s 16;
    %pushi/vec4 16, 0, 32;
    %load/vec4 v00000229c3040360_0;
    %add;
    %ix/vec4/s 4;
    %store/vec4a v00000229c3040fe0, 4, 0;
    %pushi/vec4 0, 0, 256;
    %load/vec4 v00000229c3040360_0;
    %muli 16, 0, 32;
    %part/s 16;
    %pushi/vec4 32, 0, 32;
    %load/vec4 v00000229c3040360_0;
    %add;
    %ix/vec4/s 4;
    %store/vec4a v00000229c3040fe0, 4, 0;
    %pushi/vec4 0, 0, 256;
    %load/vec4 v00000229c3040360_0;
    %muli 16, 0, 32;
    %part/s 16;
    %pushi/vec4 48, 0, 32;
    %load/vec4 v00000229c3040360_0;
    %add;
    %ix/vec4/s 4;
    %store/vec4a v00000229c3040fe0, 4, 0;
    %pushi/vec4 0, 0, 256;
    %load/vec4 v00000229c3040360_0;
    %muli 16, 0, 32;
    %part/s 16;
    %pushi/vec4 64, 0, 32;
    %load/vec4 v00000229c3040360_0;
    %add;
    %ix/vec4/s 4;
    %store/vec4a v00000229c3040fe0, 4, 0;
    %pushi/vec4 0, 0, 256;
    %load/vec4 v00000229c3040360_0;
    %muli 16, 0, 32;
    %part/s 16;
    %pushi/vec4 80, 0, 32;
    %load/vec4 v00000229c3040360_0;
    %add;
    %ix/vec4/s 4;
    %store/vec4a v00000229c3040fe0, 4, 0;
    %pushi/vec4 0, 0, 256;
    %load/vec4 v00000229c3040360_0;
    %muli 16, 0, 32;
    %part/s 16;
    %pushi/vec4 96, 0, 32;
    %load/vec4 v00000229c3040360_0;
    %add;
    %ix/vec4/s 4;
    %store/vec4a v00000229c3040fe0, 4, 0;
    %pushi/vec4 0, 0, 256;
    %load/vec4 v00000229c3040360_0;
    %muli 16, 0, 32;
    %part/s 16;
    %pushi/vec4 112, 0, 32;
    %load/vec4 v00000229c3040360_0;
    %add;
    %ix/vec4/s 4;
    %store/vec4a v00000229c3040fe0, 4, 0;
    %pushi/vec4 0, 0, 256;
    %load/vec4 v00000229c3040360_0;
    %muli 16, 0, 32;
    %part/s 16;
    %pushi/vec4 128, 0, 32;
    %load/vec4 v00000229c3040360_0;
    %add;
    %ix/vec4/s 4;
    %store/vec4a v00000229c3040fe0, 4, 0;
    %pushi/vec4 0, 0, 256;
    %load/vec4 v00000229c3040360_0;
    %muli 16, 0, 32;
    %part/s 16;
    %pushi/vec4 144, 0, 32;
    %load/vec4 v00000229c3040360_0;
    %add;
    %ix/vec4/s 4;
    %store/vec4a v00000229c3040fe0, 4, 0;
    %pushi/vec4 0, 0, 256;
    %load/vec4 v00000229c3040360_0;
    %muli 16, 0, 32;
    %part/s 16;
    %pushi/vec4 160, 0, 32;
    %load/vec4 v00000229c3040360_0;
    %add;
    %ix/vec4/s 4;
    %store/vec4a v00000229c3040fe0, 4, 0;
    %pushi/vec4 0, 0, 256;
    %load/vec4 v00000229c3040360_0;
    %muli 16, 0, 32;
    %part/s 16;
    %pushi/vec4 176, 0, 32;
    %load/vec4 v00000229c3040360_0;
    %add;
    %ix/vec4/s 4;
    %store/vec4a v00000229c3040fe0, 4, 0;
    %pushi/vec4 0, 0, 256;
    %load/vec4 v00000229c3040360_0;
    %muli 16, 0, 32;
    %part/s 16;
    %pushi/vec4 192, 0, 32;
    %load/vec4 v00000229c3040360_0;
    %add;
    %ix/vec4/s 4;
    %store/vec4a v00000229c3040fe0, 4, 0;
    %pushi/vec4 0, 0, 256;
    %load/vec4 v00000229c3040360_0;
    %muli 16, 0, 32;
    %part/s 16;
    %pushi/vec4 208, 0, 32;
    %load/vec4 v00000229c3040360_0;
    %add;
    %ix/vec4/s 4;
    %store/vec4a v00000229c3040fe0, 4, 0;
    %pushi/vec4 0, 0, 256;
    %load/vec4 v00000229c3040360_0;
    %muli 16, 0, 32;
    %part/s 16;
    %pushi/vec4 224, 0, 32;
    %load/vec4 v00000229c3040360_0;
    %add;
    %ix/vec4/s 4;
    %store/vec4a v00000229c3040fe0, 4, 0;
    %pushi/vec4 0, 0, 256;
    %load/vec4 v00000229c3040360_0;
    %muli 16, 0, 32;
    %part/s 16;
    %pushi/vec4 240, 0, 32;
    %load/vec4 v00000229c3040360_0;
    %add;
    %ix/vec4/s 4;
    %store/vec4a v00000229c3040fe0, 4, 0;
T_84.2 ; for-loop step statement
    %load/vec4 v00000229c3040360_0;
    %addi 1, 0, 32;
    %store/vec4 v00000229c3040360_0, 0, 32;
    %jmp T_84.0;
T_84.1 ; for-loop exit label
    %end;
    .thread T_84;
    .scope S_00000229c2fcb940;
T_85 ;
    %wait E_00000229c2fb8c40;
    %load/vec4 v00000229c3040a40_0;
    %flag_set/vec4 9;
    %flag_get/vec4 9;
    %jmp/0 T_85.2, 9;
    %load/vec4 v00000229c3041800_0;
    %and;
T_85.2;
    %flag_set/vec4 8;
    %jmp/0xz  T_85.0, 8;
    %load/vec4 v00000229c30411c0_0;
    %parti/s 1, 0, 2;
    %nor/r;
    %flag_set/vec4 8;
    %jmp/0xz  T_85.3, 8;
    %load/vec4 v00000229c3040cc0_0;
    %parti/s 1, 0, 2;
    %load/vec4 v00000229c3041ee0_0;
    %parti/s 8, 0, 2;
    %pad/u 10;
    %ix/vec4 3;
    %ix/load 4, 0, 0; Constant delay
    %assign/vec4/a/d v00000229c3040fe0, 0, 4;
T_85.3 ;
    %load/vec4 v00000229c30411c0_0;
    %parti/s 1, 1, 2;
    %nor/r;
    %flag_set/vec4 8;
    %jmp/0xz  T_85.5, 8;
    %load/vec4 v00000229c3040cc0_0;
    %parti/s 1, 1, 2;
    %load/vec4 v00000229c3041ee0_0;
    %parti/s 8, 0, 2;
    %pad/u 10;
    %ix/vec4 3;
    %ix/load 4, 1, 0; part off
    %ix/load 5, 0, 0; Constant delay
    %assign/vec4/a/d v00000229c3040fe0, 4, 5;
T_85.5 ;
    %load/vec4 v00000229c30411c0_0;
    %parti/s 1, 2, 3;
    %nor/r;
    %flag_set/vec4 8;
    %jmp/0xz  T_85.7, 8;
    %load/vec4 v00000229c3040cc0_0;
    %parti/s 1, 2, 3;
    %load/vec4 v00000229c3041ee0_0;
    %parti/s 8, 0, 2;
    %pad/u 10;
    %ix/vec4 3;
    %ix/load 4, 2, 0; part off
    %ix/load 5, 0, 0; Constant delay
    %assign/vec4/a/d v00000229c3040fe0, 4, 5;
T_85.7 ;
    %load/vec4 v00000229c30411c0_0;
    %parti/s 1, 3, 3;
    %nor/r;
    %flag_set/vec4 8;
    %jmp/0xz  T_85.9, 8;
    %load/vec4 v00000229c3040cc0_0;
    %parti/s 1, 3, 3;
    %load/vec4 v00000229c3041ee0_0;
    %parti/s 8, 0, 2;
    %pad/u 10;
    %ix/vec4 3;
    %ix/load 4, 3, 0; part off
    %ix/load 5, 0, 0; Constant delay
    %assign/vec4/a/d v00000229c3040fe0, 4, 5;
T_85.9 ;
    %load/vec4 v00000229c30411c0_0;
    %parti/s 1, 4, 4;
    %nor/r;
    %flag_set/vec4 8;
    %jmp/0xz  T_85.11, 8;
    %load/vec4 v00000229c3040cc0_0;
    %parti/s 1, 4, 4;
    %load/vec4 v00000229c3041ee0_0;
    %parti/s 8, 0, 2;
    %pad/u 10;
    %ix/vec4 3;
    %ix/load 4, 4, 0; part off
    %ix/load 5, 0, 0; Constant delay
    %assign/vec4/a/d v00000229c3040fe0, 4, 5;
T_85.11 ;
    %load/vec4 v00000229c30411c0_0;
    %parti/s 1, 5, 4;
    %nor/r;
    %flag_set/vec4 8;
    %jmp/0xz  T_85.13, 8;
    %load/vec4 v00000229c3040cc0_0;
    %parti/s 1, 5, 4;
    %load/vec4 v00000229c3041ee0_0;
    %parti/s 8, 0, 2;
    %pad/u 10;
    %ix/vec4 3;
    %ix/load 4, 5, 0; part off
    %ix/load 5, 0, 0; Constant delay
    %assign/vec4/a/d v00000229c3040fe0, 4, 5;
T_85.13 ;
    %load/vec4 v00000229c30411c0_0;
    %parti/s 1, 6, 4;
    %nor/r;
    %flag_set/vec4 8;
    %jmp/0xz  T_85.15, 8;
    %load/vec4 v00000229c3040cc0_0;
    %parti/s 1, 6, 4;
    %load/vec4 v00000229c3041ee0_0;
    %parti/s 8, 0, 2;
    %pad/u 10;
    %ix/vec4 3;
    %ix/load 4, 6, 0; part off
    %ix/load 5, 0, 0; Constant delay
    %assign/vec4/a/d v00000229c3040fe0, 4, 5;
T_85.15 ;
    %load/vec4 v00000229c30411c0_0;
    %parti/s 1, 7, 4;
    %nor/r;
    %flag_set/vec4 8;
    %jmp/0xz  T_85.17, 8;
    %load/vec4 v00000229c3040cc0_0;
    %parti/s 1, 7, 4;
    %load/vec4 v00000229c3041ee0_0;
    %parti/s 8, 0, 2;
    %pad/u 10;
    %ix/vec4 3;
    %ix/load 4, 7, 0; part off
    %ix/load 5, 0, 0; Constant delay
    %assign/vec4/a/d v00000229c3040fe0, 4, 5;
T_85.17 ;
    %load/vec4 v00000229c30411c0_0;
    %parti/s 1, 8, 5;
    %nor/r;
    %flag_set/vec4 8;
    %jmp/0xz  T_85.19, 8;
    %load/vec4 v00000229c3040cc0_0;
    %parti/s 1, 8, 5;
    %load/vec4 v00000229c3041ee0_0;
    %parti/s 8, 0, 2;
    %pad/u 10;
    %ix/vec4 3;
    %ix/load 4, 8, 0; part off
    %ix/load 5, 0, 0; Constant delay
    %assign/vec4/a/d v00000229c3040fe0, 4, 5;
T_85.19 ;
    %load/vec4 v00000229c30411c0_0;
    %parti/s 1, 9, 5;
    %nor/r;
    %flag_set/vec4 8;
    %jmp/0xz  T_85.21, 8;
    %load/vec4 v00000229c3040cc0_0;
    %parti/s 1, 9, 5;
    %load/vec4 v00000229c3041ee0_0;
    %parti/s 8, 0, 2;
    %pad/u 10;
    %ix/vec4 3;
    %ix/load 4, 9, 0; part off
    %ix/load 5, 0, 0; Constant delay
    %assign/vec4/a/d v00000229c3040fe0, 4, 5;
T_85.21 ;
    %load/vec4 v00000229c30411c0_0;
    %parti/s 1, 10, 5;
    %nor/r;
    %flag_set/vec4 8;
    %jmp/0xz  T_85.23, 8;
    %load/vec4 v00000229c3040cc0_0;
    %parti/s 1, 10, 5;
    %load/vec4 v00000229c3041ee0_0;
    %parti/s 8, 0, 2;
    %pad/u 10;
    %ix/vec4 3;
    %ix/load 4, 10, 0; part off
    %ix/load 5, 0, 0; Constant delay
    %assign/vec4/a/d v00000229c3040fe0, 4, 5;
T_85.23 ;
    %load/vec4 v00000229c30411c0_0;
    %parti/s 1, 11, 5;
    %nor/r;
    %flag_set/vec4 8;
    %jmp/0xz  T_85.25, 8;
    %load/vec4 v00000229c3040cc0_0;
    %parti/s 1, 11, 5;
    %load/vec4 v00000229c3041ee0_0;
    %parti/s 8, 0, 2;
    %pad/u 10;
    %ix/vec4 3;
    %ix/load 4, 11, 0; part off
    %ix/load 5, 0, 0; Constant delay
    %assign/vec4/a/d v00000229c3040fe0, 4, 5;
T_85.25 ;
    %load/vec4 v00000229c30411c0_0;
    %parti/s 1, 12, 5;
    %nor/r;
    %flag_set/vec4 8;
    %jmp/0xz  T_85.27, 8;
    %load/vec4 v00000229c3040cc0_0;
    %parti/s 1, 12, 5;
    %load/vec4 v00000229c3041ee0_0;
    %parti/s 8, 0, 2;
    %pad/u 10;
    %ix/vec4 3;
    %ix/load 4, 12, 0; part off
    %ix/load 5, 0, 0; Constant delay
    %assign/vec4/a/d v00000229c3040fe0, 4, 5;
T_85.27 ;
    %load/vec4 v00000229c30411c0_0;
    %parti/s 1, 13, 5;
    %nor/r;
    %flag_set/vec4 8;
    %jmp/0xz  T_85.29, 8;
    %load/vec4 v00000229c3040cc0_0;
    %parti/s 1, 13, 5;
    %load/vec4 v00000229c3041ee0_0;
    %parti/s 8, 0, 2;
    %pad/u 10;
    %ix/vec4 3;
    %ix/load 4, 13, 0; part off
    %ix/load 5, 0, 0; Constant delay
    %assign/vec4/a/d v00000229c3040fe0, 4, 5;
T_85.29 ;
    %load/vec4 v00000229c30411c0_0;
    %parti/s 1, 14, 5;
    %nor/r;
    %flag_set/vec4 8;
    %jmp/0xz  T_85.31, 8;
    %load/vec4 v00000229c3040cc0_0;
    %parti/s 1, 14, 5;
    %load/vec4 v00000229c3041ee0_0;
    %parti/s 8, 0, 2;
    %pad/u 10;
    %ix/vec4 3;
    %ix/load 4, 14, 0; part off
    %ix/load 5, 0, 0; Constant delay
    %assign/vec4/a/d v00000229c3040fe0, 4, 5;
T_85.31 ;
    %load/vec4 v00000229c30411c0_0;
    %parti/s 1, 15, 5;
    %nor/r;
    %flag_set/vec4 8;
    %jmp/0xz  T_85.33, 8;
    %load/vec4 v00000229c3040cc0_0;
    %parti/s 1, 15, 5;
    %load/vec4 v00000229c3041ee0_0;
    %parti/s 8, 0, 2;
    %pad/u 10;
    %ix/vec4 3;
    %ix/load 4, 15, 0; part off
    %ix/load 5, 0, 0; Constant delay
    %assign/vec4/a/d v00000229c3040fe0, 4, 5;
T_85.33 ;
T_85.0 ;
    %jmp T_85;
    .thread T_85;
    .scope S_00000229c2fcb940;
T_86 ;
    %wait E_00000229c2fb8640;
    %load/vec4 v00000229c3041760_0;
    %flag_set/vec4 9;
    %flag_get/vec4 9;
    %jmp/0 T_86.2, 9;
    %load/vec4 v00000229c3041e40_0;
    %and;
T_86.2;
    %flag_set/vec4 8;
    %jmp/0xz  T_86.0, 8;
    %load/vec4 v00000229c30414e0_0;
    %parti/s 8, 0, 2;
    %pad/u 10;
    %ix/vec4 4;
    %load/vec4a v00000229c3040fe0, 4;
    %load/vec4 v00000229c30407c0_0;
    %inv;
    %and;
    %assign/vec4 v00000229c3040900_0, 0;
T_86.0 ;
    %jmp T_86;
    .thread T_86;
    .scope S_00000229c304df60;
T_87 ;
    %pushi/vec4 0, 0, 32;
    %store/vec4 v00000229c3042520_0, 0, 32;
T_87.0 ; Top of for-loop
    %load/vec4 v00000229c3042520_0;
    %cmpi/s 16, 0, 32;
	  %jmp/0xz T_87.1, 5;
    %pushi/vec4 0, 0, 256;
    %load/vec4 v00000229c3042520_0;
    %muli 16, 0, 32;
    %part/s 16;
    %pushi/vec4 0, 0, 32;
    %load/vec4 v00000229c3042520_0;
    %add;
    %ix/vec4/s 4;
    %store/vec4a v00000229c3040f40, 4, 0;
    %pushi/vec4 0, 0, 256;
    %load/vec4 v00000229c3042520_0;
    %muli 16, 0, 32;
    %part/s 16;
    %pushi/vec4 16, 0, 32;
    %load/vec4 v00000229c3042520_0;
    %add;
    %ix/vec4/s 4;
    %store/vec4a v00000229c3040f40, 4, 0;
    %pushi/vec4 0, 0, 256;
    %load/vec4 v00000229c3042520_0;
    %muli 16, 0, 32;
    %part/s 16;
    %pushi/vec4 32, 0, 32;
    %load/vec4 v00000229c3042520_0;
    %add;
    %ix/vec4/s 4;
    %store/vec4a v00000229c3040f40, 4, 0;
    %pushi/vec4 0, 0, 256;
    %load/vec4 v00000229c3042520_0;
    %muli 16, 0, 32;
    %part/s 16;
    %pushi/vec4 48, 0, 32;
    %load/vec4 v00000229c3042520_0;
    %add;
    %ix/vec4/s 4;
    %store/vec4a v00000229c3040f40, 4, 0;
    %pushi/vec4 0, 0, 256;
    %load/vec4 v00000229c3042520_0;
    %muli 16, 0, 32;
    %part/s 16;
    %pushi/vec4 64, 0, 32;
    %load/vec4 v00000229c3042520_0;
    %add;
    %ix/vec4/s 4;
    %store/vec4a v00000229c3040f40, 4, 0;
    %pushi/vec4 0, 0, 256;
    %load/vec4 v00000229c3042520_0;
    %muli 16, 0, 32;
    %part/s 16;
    %pushi/vec4 80, 0, 32;
    %load/vec4 v00000229c3042520_0;
    %add;
    %ix/vec4/s 4;
    %store/vec4a v00000229c3040f40, 4, 0;
    %pushi/vec4 0, 0, 256;
    %load/vec4 v00000229c3042520_0;
    %muli 16, 0, 32;
    %part/s 16;
    %pushi/vec4 96, 0, 32;
    %load/vec4 v00000229c3042520_0;
    %add;
    %ix/vec4/s 4;
    %store/vec4a v00000229c3040f40, 4, 0;
    %pushi/vec4 0, 0, 256;
    %load/vec4 v00000229c3042520_0;
    %muli 16, 0, 32;
    %part/s 16;
    %pushi/vec4 112, 0, 32;
    %load/vec4 v00000229c3042520_0;
    %add;
    %ix/vec4/s 4;
    %store/vec4a v00000229c3040f40, 4, 0;
    %pushi/vec4 0, 0, 256;
    %load/vec4 v00000229c3042520_0;
    %muli 16, 0, 32;
    %part/s 16;
    %pushi/vec4 128, 0, 32;
    %load/vec4 v00000229c3042520_0;
    %add;
    %ix/vec4/s 4;
    %store/vec4a v00000229c3040f40, 4, 0;
    %pushi/vec4 0, 0, 256;
    %load/vec4 v00000229c3042520_0;
    %muli 16, 0, 32;
    %part/s 16;
    %pushi/vec4 144, 0, 32;
    %load/vec4 v00000229c3042520_0;
    %add;
    %ix/vec4/s 4;
    %store/vec4a v00000229c3040f40, 4, 0;
    %pushi/vec4 0, 0, 256;
    %load/vec4 v00000229c3042520_0;
    %muli 16, 0, 32;
    %part/s 16;
    %pushi/vec4 160, 0, 32;
    %load/vec4 v00000229c3042520_0;
    %add;
    %ix/vec4/s 4;
    %store/vec4a v00000229c3040f40, 4, 0;
    %pushi/vec4 0, 0, 256;
    %load/vec4 v00000229c3042520_0;
    %muli 16, 0, 32;
    %part/s 16;
    %pushi/vec4 176, 0, 32;
    %load/vec4 v00000229c3042520_0;
    %add;
    %ix/vec4/s 4;
    %store/vec4a v00000229c3040f40, 4, 0;
    %pushi/vec4 0, 0, 256;
    %load/vec4 v00000229c3042520_0;
    %muli 16, 0, 32;
    %part/s 16;
    %pushi/vec4 192, 0, 32;
    %load/vec4 v00000229c3042520_0;
    %add;
    %ix/vec4/s 4;
    %store/vec4a v00000229c3040f40, 4, 0;
    %pushi/vec4 0, 0, 256;
    %load/vec4 v00000229c3042520_0;
    %muli 16, 0, 32;
    %part/s 16;
    %pushi/vec4 208, 0, 32;
    %load/vec4 v00000229c3042520_0;
    %add;
    %ix/vec4/s 4;
    %store/vec4a v00000229c3040f40, 4, 0;
    %pushi/vec4 0, 0, 256;
    %load/vec4 v00000229c3042520_0;
    %muli 16, 0, 32;
    %part/s 16;
    %pushi/vec4 224, 0, 32;
    %load/vec4 v00000229c3042520_0;
    %add;
    %ix/vec4/s 4;
    %store/vec4a v00000229c3040f40, 4, 0;
    %pushi/vec4 0, 0, 256;
    %load/vec4 v00000229c3042520_0;
    %muli 16, 0, 32;
    %part/s 16;
    %pushi/vec4 240, 0, 32;
    %load/vec4 v00000229c3042520_0;
    %add;
    %ix/vec4/s 4;
    %store/vec4a v00000229c3040f40, 4, 0;
T_87.2 ; for-loop step statement
    %load/vec4 v00000229c3042520_0;
    %addi 1, 0, 32;
    %store/vec4 v00000229c3042520_0, 0, 32;
    %jmp T_87.0;
T_87.1 ; for-loop exit label
    %end;
    .thread T_87;
    .scope S_00000229c304df60;
T_88 ;
    %wait E_00000229c2fb8700;
    %load/vec4 v00000229c3042480_0;
    %flag_set/vec4 9;
    %flag_get/vec4 9;
    %jmp/0 T_88.2, 9;
    %load/vec4 v00000229c3042340_0;
    %and;
T_88.2;
    %flag_set/vec4 8;
    %jmp/0xz  T_88.0, 8;
    %load/vec4 v00000229c3040ea0_0;
    %parti/s 1, 0, 2;
    %nor/r;
    %flag_set/vec4 8;
    %jmp/0xz  T_88.3, 8;
    %load/vec4 v00000229c3041b20_0;
    %parti/s 1, 0, 2;
    %load/vec4 v00000229c3040860_0;
    %parti/s 8, 0, 2;
    %pad/u 10;
    %ix/vec4 3;
    %ix/load 4, 0, 0; Constant delay
    %assign/vec4/a/d v00000229c3040f40, 0, 4;
T_88.3 ;
    %load/vec4 v00000229c3040ea0_0;
    %parti/s 1, 1, 2;
    %nor/r;
    %flag_set/vec4 8;
    %jmp/0xz  T_88.5, 8;
    %load/vec4 v00000229c3041b20_0;
    %parti/s 1, 1, 2;
    %load/vec4 v00000229c3040860_0;
    %parti/s 8, 0, 2;
    %pad/u 10;
    %ix/vec4 3;
    %ix/load 4, 1, 0; part off
    %ix/load 5, 0, 0; Constant delay
    %assign/vec4/a/d v00000229c3040f40, 4, 5;
T_88.5 ;
    %load/vec4 v00000229c3040ea0_0;
    %parti/s 1, 2, 3;
    %nor/r;
    %flag_set/vec4 8;
    %jmp/0xz  T_88.7, 8;
    %load/vec4 v00000229c3041b20_0;
    %parti/s 1, 2, 3;
    %load/vec4 v00000229c3040860_0;
    %parti/s 8, 0, 2;
    %pad/u 10;
    %ix/vec4 3;
    %ix/load 4, 2, 0; part off
    %ix/load 5, 0, 0; Constant delay
    %assign/vec4/a/d v00000229c3040f40, 4, 5;
T_88.7 ;
    %load/vec4 v00000229c3040ea0_0;
    %parti/s 1, 3, 3;
    %nor/r;
    %flag_set/vec4 8;
    %jmp/0xz  T_88.9, 8;
    %load/vec4 v00000229c3041b20_0;
    %parti/s 1, 3, 3;
    %load/vec4 v00000229c3040860_0;
    %parti/s 8, 0, 2;
    %pad/u 10;
    %ix/vec4 3;
    %ix/load 4, 3, 0; part off
    %ix/load 5, 0, 0; Constant delay
    %assign/vec4/a/d v00000229c3040f40, 4, 5;
T_88.9 ;
    %load/vec4 v00000229c3040ea0_0;
    %parti/s 1, 4, 4;
    %nor/r;
    %flag_set/vec4 8;
    %jmp/0xz  T_88.11, 8;
    %load/vec4 v00000229c3041b20_0;
    %parti/s 1, 4, 4;
    %load/vec4 v00000229c3040860_0;
    %parti/s 8, 0, 2;
    %pad/u 10;
    %ix/vec4 3;
    %ix/load 4, 4, 0; part off
    %ix/load 5, 0, 0; Constant delay
    %assign/vec4/a/d v00000229c3040f40, 4, 5;
T_88.11 ;
    %load/vec4 v00000229c3040ea0_0;
    %parti/s 1, 5, 4;
    %nor/r;
    %flag_set/vec4 8;
    %jmp/0xz  T_88.13, 8;
    %load/vec4 v00000229c3041b20_0;
    %parti/s 1, 5, 4;
    %load/vec4 v00000229c3040860_0;
    %parti/s 8, 0, 2;
    %pad/u 10;
    %ix/vec4 3;
    %ix/load 4, 5, 0; part off
    %ix/load 5, 0, 0; Constant delay
    %assign/vec4/a/d v00000229c3040f40, 4, 5;
T_88.13 ;
    %load/vec4 v00000229c3040ea0_0;
    %parti/s 1, 6, 4;
    %nor/r;
    %flag_set/vec4 8;
    %jmp/0xz  T_88.15, 8;
    %load/vec4 v00000229c3041b20_0;
    %parti/s 1, 6, 4;
    %load/vec4 v00000229c3040860_0;
    %parti/s 8, 0, 2;
    %pad/u 10;
    %ix/vec4 3;
    %ix/load 4, 6, 0; part off
    %ix/load 5, 0, 0; Constant delay
    %assign/vec4/a/d v00000229c3040f40, 4, 5;
T_88.15 ;
    %load/vec4 v00000229c3040ea0_0;
    %parti/s 1, 7, 4;
    %nor/r;
    %flag_set/vec4 8;
    %jmp/0xz  T_88.17, 8;
    %load/vec4 v00000229c3041b20_0;
    %parti/s 1, 7, 4;
    %load/vec4 v00000229c3040860_0;
    %parti/s 8, 0, 2;
    %pad/u 10;
    %ix/vec4 3;
    %ix/load 4, 7, 0; part off
    %ix/load 5, 0, 0; Constant delay
    %assign/vec4/a/d v00000229c3040f40, 4, 5;
T_88.17 ;
    %load/vec4 v00000229c3040ea0_0;
    %parti/s 1, 8, 5;
    %nor/r;
    %flag_set/vec4 8;
    %jmp/0xz  T_88.19, 8;
    %load/vec4 v00000229c3041b20_0;
    %parti/s 1, 8, 5;
    %load/vec4 v00000229c3040860_0;
    %parti/s 8, 0, 2;
    %pad/u 10;
    %ix/vec4 3;
    %ix/load 4, 8, 0; part off
    %ix/load 5, 0, 0; Constant delay
    %assign/vec4/a/d v00000229c3040f40, 4, 5;
T_88.19 ;
    %load/vec4 v00000229c3040ea0_0;
    %parti/s 1, 9, 5;
    %nor/r;
    %flag_set/vec4 8;
    %jmp/0xz  T_88.21, 8;
    %load/vec4 v00000229c3041b20_0;
    %parti/s 1, 9, 5;
    %load/vec4 v00000229c3040860_0;
    %parti/s 8, 0, 2;
    %pad/u 10;
    %ix/vec4 3;
    %ix/load 4, 9, 0; part off
    %ix/load 5, 0, 0; Constant delay
    %assign/vec4/a/d v00000229c3040f40, 4, 5;
T_88.21 ;
    %load/vec4 v00000229c3040ea0_0;
    %parti/s 1, 10, 5;
    %nor/r;
    %flag_set/vec4 8;
    %jmp/0xz  T_88.23, 8;
    %load/vec4 v00000229c3041b20_0;
    %parti/s 1, 10, 5;
    %load/vec4 v00000229c3040860_0;
    %parti/s 8, 0, 2;
    %pad/u 10;
    %ix/vec4 3;
    %ix/load 4, 10, 0; part off
    %ix/load 5, 0, 0; Constant delay
    %assign/vec4/a/d v00000229c3040f40, 4, 5;
T_88.23 ;
    %load/vec4 v00000229c3040ea0_0;
    %parti/s 1, 11, 5;
    %nor/r;
    %flag_set/vec4 8;
    %jmp/0xz  T_88.25, 8;
    %load/vec4 v00000229c3041b20_0;
    %parti/s 1, 11, 5;
    %load/vec4 v00000229c3040860_0;
    %parti/s 8, 0, 2;
    %pad/u 10;
    %ix/vec4 3;
    %ix/load 4, 11, 0; part off
    %ix/load 5, 0, 0; Constant delay
    %assign/vec4/a/d v00000229c3040f40, 4, 5;
T_88.25 ;
    %load/vec4 v00000229c3040ea0_0;
    %parti/s 1, 12, 5;
    %nor/r;
    %flag_set/vec4 8;
    %jmp/0xz  T_88.27, 8;
    %load/vec4 v00000229c3041b20_0;
    %parti/s 1, 12, 5;
    %load/vec4 v00000229c3040860_0;
    %parti/s 8, 0, 2;
    %pad/u 10;
    %ix/vec4 3;
    %ix/load 4, 12, 0; part off
    %ix/load 5, 0, 0; Constant delay
    %assign/vec4/a/d v00000229c3040f40, 4, 5;
T_88.27 ;
    %load/vec4 v00000229c3040ea0_0;
    %parti/s 1, 13, 5;
    %nor/r;
    %flag_set/vec4 8;
    %jmp/0xz  T_88.29, 8;
    %load/vec4 v00000229c3041b20_0;
    %parti/s 1, 13, 5;
    %load/vec4 v00000229c3040860_0;
    %parti/s 8, 0, 2;
    %pad/u 10;
    %ix/vec4 3;
    %ix/load 4, 13, 0; part off
    %ix/load 5, 0, 0; Constant delay
    %assign/vec4/a/d v00000229c3040f40, 4, 5;
T_88.29 ;
    %load/vec4 v00000229c3040ea0_0;
    %parti/s 1, 14, 5;
    %nor/r;
    %flag_set/vec4 8;
    %jmp/0xz  T_88.31, 8;
    %load/vec4 v00000229c3041b20_0;
    %parti/s 1, 14, 5;
    %load/vec4 v00000229c3040860_0;
    %parti/s 8, 0, 2;
    %pad/u 10;
    %ix/vec4 3;
    %ix/load 4, 14, 0; part off
    %ix/load 5, 0, 0; Constant delay
    %assign/vec4/a/d v00000229c3040f40, 4, 5;
T_88.31 ;
    %load/vec4 v00000229c3040ea0_0;
    %parti/s 1, 15, 5;
    %nor/r;
    %flag_set/vec4 8;
    %jmp/0xz  T_88.33, 8;
    %load/vec4 v00000229c3041b20_0;
    %parti/s 1, 15, 5;
    %load/vec4 v00000229c3040860_0;
    %parti/s 8, 0, 2;
    %pad/u 10;
    %ix/vec4 3;
    %ix/load 4, 15, 0; part off
    %ix/load 5, 0, 0; Constant delay
    %assign/vec4/a/d v00000229c3040f40, 4, 5;
T_88.33 ;
T_88.0 ;
    %jmp T_88;
    .thread T_88;
    .scope S_00000229c304df60;
T_89 ;
    %wait E_00000229c2fb86c0;
    %load/vec4 v00000229c30423e0_0;
    %flag_set/vec4 9;
    %flag_get/vec4 9;
    %jmp/0 T_89.2, 9;
    %load/vec4 v00000229c3040e00_0;
    %and;
T_89.2;
    %flag_set/vec4 8;
    %jmp/0xz  T_89.0, 8;
    %load/vec4 v00000229c3040680_0;
    %parti/s 8, 0, 2;
    %pad/u 10;
    %ix/vec4 4;
    %load/vec4a v00000229c3040f40, 4;
    %load/vec4 v00000229c30416c0_0;
    %inv;
    %and;
    %assign/vec4 v00000229c3040c20_0, 0;
T_89.0 ;
    %jmp T_89;
    .thread T_89;
    .scope S_00000229c304d2e0;
T_90 ;
    %pushi/vec4 0, 0, 32;
    %store/vec4 v00000229c3052a30_0, 0, 32;
T_90.0 ; Top of for-loop
    %load/vec4 v00000229c3052a30_0;
    %cmpi/s 16, 0, 32;
	  %jmp/0xz T_90.1, 5;
    %pushi/vec4 0, 0, 256;
    %load/vec4 v00000229c3052a30_0;
    %muli 16, 0, 32;
    %part/s 16;
    %pushi/vec4 0, 0, 32;
    %load/vec4 v00000229c3052a30_0;
    %add;
    %ix/vec4/s 4;
    %store/vec4a v00000229c30516d0, 4, 0;
    %pushi/vec4 0, 0, 256;
    %load/vec4 v00000229c3052a30_0;
    %muli 16, 0, 32;
    %part/s 16;
    %pushi/vec4 16, 0, 32;
    %load/vec4 v00000229c3052a30_0;
    %add;
    %ix/vec4/s 4;
    %store/vec4a v00000229c30516d0, 4, 0;
    %pushi/vec4 0, 0, 256;
    %load/vec4 v00000229c3052a30_0;
    %muli 16, 0, 32;
    %part/s 16;
    %pushi/vec4 32, 0, 32;
    %load/vec4 v00000229c3052a30_0;
    %add;
    %ix/vec4/s 4;
    %store/vec4a v00000229c30516d0, 4, 0;
    %pushi/vec4 0, 0, 256;
    %load/vec4 v00000229c3052a30_0;
    %muli 16, 0, 32;
    %part/s 16;
    %pushi/vec4 48, 0, 32;
    %load/vec4 v00000229c3052a30_0;
    %add;
    %ix/vec4/s 4;
    %store/vec4a v00000229c30516d0, 4, 0;
    %pushi/vec4 0, 0, 256;
    %load/vec4 v00000229c3052a30_0;
    %muli 16, 0, 32;
    %part/s 16;
    %pushi/vec4 64, 0, 32;
    %load/vec4 v00000229c3052a30_0;
    %add;
    %ix/vec4/s 4;
    %store/vec4a v00000229c30516d0, 4, 0;
    %pushi/vec4 0, 0, 256;
    %load/vec4 v00000229c3052a30_0;
    %muli 16, 0, 32;
    %part/s 16;
    %pushi/vec4 80, 0, 32;
    %load/vec4 v00000229c3052a30_0;
    %add;
    %ix/vec4/s 4;
    %store/vec4a v00000229c30516d0, 4, 0;
    %pushi/vec4 0, 0, 256;
    %load/vec4 v00000229c3052a30_0;
    %muli 16, 0, 32;
    %part/s 16;
    %pushi/vec4 96, 0, 32;
    %load/vec4 v00000229c3052a30_0;
    %add;
    %ix/vec4/s 4;
    %store/vec4a v00000229c30516d0, 4, 0;
    %pushi/vec4 0, 0, 256;
    %load/vec4 v00000229c3052a30_0;
    %muli 16, 0, 32;
    %part/s 16;
    %pushi/vec4 112, 0, 32;
    %load/vec4 v00000229c3052a30_0;
    %add;
    %ix/vec4/s 4;
    %store/vec4a v00000229c30516d0, 4, 0;
    %pushi/vec4 0, 0, 256;
    %load/vec4 v00000229c3052a30_0;
    %muli 16, 0, 32;
    %part/s 16;
    %pushi/vec4 128, 0, 32;
    %load/vec4 v00000229c3052a30_0;
    %add;
    %ix/vec4/s 4;
    %store/vec4a v00000229c30516d0, 4, 0;
    %pushi/vec4 0, 0, 256;
    %load/vec4 v00000229c3052a30_0;
    %muli 16, 0, 32;
    %part/s 16;
    %pushi/vec4 144, 0, 32;
    %load/vec4 v00000229c3052a30_0;
    %add;
    %ix/vec4/s 4;
    %store/vec4a v00000229c30516d0, 4, 0;
    %pushi/vec4 0, 0, 256;
    %load/vec4 v00000229c3052a30_0;
    %muli 16, 0, 32;
    %part/s 16;
    %pushi/vec4 160, 0, 32;
    %load/vec4 v00000229c3052a30_0;
    %add;
    %ix/vec4/s 4;
    %store/vec4a v00000229c30516d0, 4, 0;
    %pushi/vec4 0, 0, 256;
    %load/vec4 v00000229c3052a30_0;
    %muli 16, 0, 32;
    %part/s 16;
    %pushi/vec4 176, 0, 32;
    %load/vec4 v00000229c3052a30_0;
    %add;
    %ix/vec4/s 4;
    %store/vec4a v00000229c30516d0, 4, 0;
    %pushi/vec4 0, 0, 256;
    %load/vec4 v00000229c3052a30_0;
    %muli 16, 0, 32;
    %part/s 16;
    %pushi/vec4 192, 0, 32;
    %load/vec4 v00000229c3052a30_0;
    %add;
    %ix/vec4/s 4;
    %store/vec4a v00000229c30516d0, 4, 0;
    %pushi/vec4 0, 0, 256;
    %load/vec4 v00000229c3052a30_0;
    %muli 16, 0, 32;
    %part/s 16;
    %pushi/vec4 208, 0, 32;
    %load/vec4 v00000229c3052a30_0;
    %add;
    %ix/vec4/s 4;
    %store/vec4a v00000229c30516d0, 4, 0;
    %pushi/vec4 0, 0, 256;
    %load/vec4 v00000229c3052a30_0;
    %muli 16, 0, 32;
    %part/s 16;
    %pushi/vec4 224, 0, 32;
    %load/vec4 v00000229c3052a30_0;
    %add;
    %ix/vec4/s 4;
    %store/vec4a v00000229c30516d0, 4, 0;
    %pushi/vec4 0, 0, 256;
    %load/vec4 v00000229c3052a30_0;
    %muli 16, 0, 32;
    %part/s 16;
    %pushi/vec4 240, 0, 32;
    %load/vec4 v00000229c3052a30_0;
    %add;
    %ix/vec4/s 4;
    %store/vec4a v00000229c30516d0, 4, 0;
T_90.2 ; for-loop step statement
    %load/vec4 v00000229c3052a30_0;
    %addi 1, 0, 32;
    %store/vec4 v00000229c3052a30_0, 0, 32;
    %jmp T_90.0;
T_90.1 ; for-loop exit label
    %end;
    .thread T_90;
    .scope S_00000229c304d2e0;
T_91 ;
    %wait E_00000229c2fb87c0;
    %load/vec4 v00000229c3051e50_0;
    %flag_set/vec4 9;
    %flag_get/vec4 9;
    %jmp/0 T_91.2, 9;
    %load/vec4 v00000229c30534d0_0;
    %and;
T_91.2;
    %flag_set/vec4 8;
    %jmp/0xz  T_91.0, 8;
    %load/vec4 v00000229c30511d0_0;
    %parti/s 1, 0, 2;
    %nor/r;
    %flag_set/vec4 8;
    %jmp/0xz  T_91.3, 8;
    %load/vec4 v00000229c3051d10_0;
    %parti/s 1, 0, 2;
    %load/vec4 v00000229c3053110_0;
    %parti/s 8, 0, 2;
    %pad/u 10;
    %ix/vec4 3;
    %ix/load 4, 0, 0; Constant delay
    %assign/vec4/a/d v00000229c30516d0, 0, 4;
T_91.3 ;
    %load/vec4 v00000229c30511d0_0;
    %parti/s 1, 1, 2;
    %nor/r;
    %flag_set/vec4 8;
    %jmp/0xz  T_91.5, 8;
    %load/vec4 v00000229c3051d10_0;
    %parti/s 1, 1, 2;
    %load/vec4 v00000229c3053110_0;
    %parti/s 8, 0, 2;
    %pad/u 10;
    %ix/vec4 3;
    %ix/load 4, 1, 0; part off
    %ix/load 5, 0, 0; Constant delay
    %assign/vec4/a/d v00000229c30516d0, 4, 5;
T_91.5 ;
    %load/vec4 v00000229c30511d0_0;
    %parti/s 1, 2, 3;
    %nor/r;
    %flag_set/vec4 8;
    %jmp/0xz  T_91.7, 8;
    %load/vec4 v00000229c3051d10_0;
    %parti/s 1, 2, 3;
    %load/vec4 v00000229c3053110_0;
    %parti/s 8, 0, 2;
    %pad/u 10;
    %ix/vec4 3;
    %ix/load 4, 2, 0; part off
    %ix/load 5, 0, 0; Constant delay
    %assign/vec4/a/d v00000229c30516d0, 4, 5;
T_91.7 ;
    %load/vec4 v00000229c30511d0_0;
    %parti/s 1, 3, 3;
    %nor/r;
    %flag_set/vec4 8;
    %jmp/0xz  T_91.9, 8;
    %load/vec4 v00000229c3051d10_0;
    %parti/s 1, 3, 3;
    %load/vec4 v00000229c3053110_0;
    %parti/s 8, 0, 2;
    %pad/u 10;
    %ix/vec4 3;
    %ix/load 4, 3, 0; part off
    %ix/load 5, 0, 0; Constant delay
    %assign/vec4/a/d v00000229c30516d0, 4, 5;
T_91.9 ;
    %load/vec4 v00000229c30511d0_0;
    %parti/s 1, 4, 4;
    %nor/r;
    %flag_set/vec4 8;
    %jmp/0xz  T_91.11, 8;
    %load/vec4 v00000229c3051d10_0;
    %parti/s 1, 4, 4;
    %load/vec4 v00000229c3053110_0;
    %parti/s 8, 0, 2;
    %pad/u 10;
    %ix/vec4 3;
    %ix/load 4, 4, 0; part off
    %ix/load 5, 0, 0; Constant delay
    %assign/vec4/a/d v00000229c30516d0, 4, 5;
T_91.11 ;
    %load/vec4 v00000229c30511d0_0;
    %parti/s 1, 5, 4;
    %nor/r;
    %flag_set/vec4 8;
    %jmp/0xz  T_91.13, 8;
    %load/vec4 v00000229c3051d10_0;
    %parti/s 1, 5, 4;
    %load/vec4 v00000229c3053110_0;
    %parti/s 8, 0, 2;
    %pad/u 10;
    %ix/vec4 3;
    %ix/load 4, 5, 0; part off
    %ix/load 5, 0, 0; Constant delay
    %assign/vec4/a/d v00000229c30516d0, 4, 5;
T_91.13 ;
    %load/vec4 v00000229c30511d0_0;
    %parti/s 1, 6, 4;
    %nor/r;
    %flag_set/vec4 8;
    %jmp/0xz  T_91.15, 8;
    %load/vec4 v00000229c3051d10_0;
    %parti/s 1, 6, 4;
    %load/vec4 v00000229c3053110_0;
    %parti/s 8, 0, 2;
    %pad/u 10;
    %ix/vec4 3;
    %ix/load 4, 6, 0; part off
    %ix/load 5, 0, 0; Constant delay
    %assign/vec4/a/d v00000229c30516d0, 4, 5;
T_91.15 ;
    %load/vec4 v00000229c30511d0_0;
    %parti/s 1, 7, 4;
    %nor/r;
    %flag_set/vec4 8;
    %jmp/0xz  T_91.17, 8;
    %load/vec4 v00000229c3051d10_0;
    %parti/s 1, 7, 4;
    %load/vec4 v00000229c3053110_0;
    %parti/s 8, 0, 2;
    %pad/u 10;
    %ix/vec4 3;
    %ix/load 4, 7, 0; part off
    %ix/load 5, 0, 0; Constant delay
    %assign/vec4/a/d v00000229c30516d0, 4, 5;
T_91.17 ;
    %load/vec4 v00000229c30511d0_0;
    %parti/s 1, 8, 5;
    %nor/r;
    %flag_set/vec4 8;
    %jmp/0xz  T_91.19, 8;
    %load/vec4 v00000229c3051d10_0;
    %parti/s 1, 8, 5;
    %load/vec4 v00000229c3053110_0;
    %parti/s 8, 0, 2;
    %pad/u 10;
    %ix/vec4 3;
    %ix/load 4, 8, 0; part off
    %ix/load 5, 0, 0; Constant delay
    %assign/vec4/a/d v00000229c30516d0, 4, 5;
T_91.19 ;
    %load/vec4 v00000229c30511d0_0;
    %parti/s 1, 9, 5;
    %nor/r;
    %flag_set/vec4 8;
    %jmp/0xz  T_91.21, 8;
    %load/vec4 v00000229c3051d10_0;
    %parti/s 1, 9, 5;
    %load/vec4 v00000229c3053110_0;
    %parti/s 8, 0, 2;
    %pad/u 10;
    %ix/vec4 3;
    %ix/load 4, 9, 0; part off
    %ix/load 5, 0, 0; Constant delay
    %assign/vec4/a/d v00000229c30516d0, 4, 5;
T_91.21 ;
    %load/vec4 v00000229c30511d0_0;
    %parti/s 1, 10, 5;
    %nor/r;
    %flag_set/vec4 8;
    %jmp/0xz  T_91.23, 8;
    %load/vec4 v00000229c3051d10_0;
    %parti/s 1, 10, 5;
    %load/vec4 v00000229c3053110_0;
    %parti/s 8, 0, 2;
    %pad/u 10;
    %ix/vec4 3;
    %ix/load 4, 10, 0; part off
    %ix/load 5, 0, 0; Constant delay
    %assign/vec4/a/d v00000229c30516d0, 4, 5;
T_91.23 ;
    %load/vec4 v00000229c30511d0_0;
    %parti/s 1, 11, 5;
    %nor/r;
    %flag_set/vec4 8;
    %jmp/0xz  T_91.25, 8;
    %load/vec4 v00000229c3051d10_0;
    %parti/s 1, 11, 5;
    %load/vec4 v00000229c3053110_0;
    %parti/s 8, 0, 2;
    %pad/u 10;
    %ix/vec4 3;
    %ix/load 4, 11, 0; part off
    %ix/load 5, 0, 0; Constant delay
    %assign/vec4/a/d v00000229c30516d0, 4, 5;
T_91.25 ;
    %load/vec4 v00000229c30511d0_0;
    %parti/s 1, 12, 5;
    %nor/r;
    %flag_set/vec4 8;
    %jmp/0xz  T_91.27, 8;
    %load/vec4 v00000229c3051d10_0;
    %parti/s 1, 12, 5;
    %load/vec4 v00000229c3053110_0;
    %parti/s 8, 0, 2;
    %pad/u 10;
    %ix/vec4 3;
    %ix/load 4, 12, 0; part off
    %ix/load 5, 0, 0; Constant delay
    %assign/vec4/a/d v00000229c30516d0, 4, 5;
T_91.27 ;
    %load/vec4 v00000229c30511d0_0;
    %parti/s 1, 13, 5;
    %nor/r;
    %flag_set/vec4 8;
    %jmp/0xz  T_91.29, 8;
    %load/vec4 v00000229c3051d10_0;
    %parti/s 1, 13, 5;
    %load/vec4 v00000229c3053110_0;
    %parti/s 8, 0, 2;
    %pad/u 10;
    %ix/vec4 3;
    %ix/load 4, 13, 0; part off
    %ix/load 5, 0, 0; Constant delay
    %assign/vec4/a/d v00000229c30516d0, 4, 5;
T_91.29 ;
    %load/vec4 v00000229c30511d0_0;
    %parti/s 1, 14, 5;
    %nor/r;
    %flag_set/vec4 8;
    %jmp/0xz  T_91.31, 8;
    %load/vec4 v00000229c3051d10_0;
    %parti/s 1, 14, 5;
    %load/vec4 v00000229c3053110_0;
    %parti/s 8, 0, 2;
    %pad/u 10;
    %ix/vec4 3;
    %ix/load 4, 14, 0; part off
    %ix/load 5, 0, 0; Constant delay
    %assign/vec4/a/d v00000229c30516d0, 4, 5;
T_91.31 ;
    %load/vec4 v00000229c30511d0_0;
    %parti/s 1, 15, 5;
    %nor/r;
    %flag_set/vec4 8;
    %jmp/0xz  T_91.33, 8;
    %load/vec4 v00000229c3051d10_0;
    %parti/s 1, 15, 5;
    %load/vec4 v00000229c3053110_0;
    %parti/s 8, 0, 2;
    %pad/u 10;
    %ix/vec4 3;
    %ix/load 4, 15, 0; part off
    %ix/load 5, 0, 0; Constant delay
    %assign/vec4/a/d v00000229c30516d0, 4, 5;
T_91.33 ;
T_91.0 ;
    %jmp T_91;
    .thread T_91;
    .scope S_00000229c304d2e0;
T_92 ;
    %wait E_00000229c2fb8740;
    %load/vec4 v00000229c3042a20_0;
    %flag_set/vec4 9;
    %flag_get/vec4 9;
    %jmp/0 T_92.2, 9;
    %load/vec4 v00000229c30427a0_0;
    %and;
T_92.2;
    %flag_set/vec4 8;
    %jmp/0xz  T_92.0, 8;
    %load/vec4 v00000229c3042e80_0;
    %parti/s 8, 0, 2;
    %pad/u 10;
    %ix/vec4 4;
    %load/vec4a v00000229c30516d0, 4;
    %load/vec4 v00000229c3042ac0_0;
    %inv;
    %and;
    %assign/vec4 v00000229c3042ca0_0, 0;
T_92.0 ;
    %jmp T_92;
    .thread T_92;
    .scope S_00000229c2fcc5c0;
T_93 ;
    %wait E_00000229c2fb8800;
    %pushi/vec4 0, 0, 32;
    %store/vec4 v00000229c30548d0_0, 0, 32;
T_93.0 ; Top of for-loop
    %load/vec4 v00000229c30548d0_0;
    %cmpi/s 16383, 0, 32;
    %flag_or 5, 4;
	  %jmp/0xz T_93.1, 5;
    %pushi/vec4 65535, 65535, 16;
    %ix/getv/s 4, v00000229c30548d0_0;
    %store/vec4a v00000229c30537f0, 4, 0;
T_93.2 ; for-loop step statement
    %load/vec4 v00000229c30548d0_0;
    %addi 1, 0, 32;
    %store/vec4 v00000229c30548d0_0, 0, 32;
    %jmp T_93.0;
T_93.1 ; for-loop exit label
    %jmp T_93;
    .thread T_93;
    .scope S_00000229c2fcc5c0;
T_94 ;
    %wait E_00000229c2fb8cc0;
    %load/vec4 v00000229c3054010_0;
    %flag_set/vec4 8;
    %jmp/0xz  T_94.0, 8;
    %pushi/vec4 0, 0, 16;
    %assign/vec4 v00000229c3055f50_0, 0;
    %jmp T_94.1;
T_94.0 ;
    %load/vec4 v00000229c3054650_0;
    %flag_set/vec4 8;
    %jmp/0xz  T_94.2, 8;
    %pushi/vec4 65535, 65535, 16;
    %assign/vec4 v00000229c3055f50_0, 0;
    %jmp T_94.3;
T_94.2 ;
    %load/vec4 v00000229c3054290_0;
    %flag_set/vec4 8;
    %jmp/0xz  T_94.4, 8;
    %load/vec4 v00000229c30545b0_0;
    %nor/r;
    %flag_set/vec4 8;
    %jmp/0xz  T_94.6, 8;
    %load/vec4 v00000229c3053bb0_0;
    %pad/u 16;
    %ix/vec4 4;
    %load/vec4a v00000229c30537f0, 4;
    %assign/vec4 v00000229c3055f50_0, 0;
    %jmp T_94.7;
T_94.6 ;
    %load/vec4 v00000229c3055550_0;
    %parti/s 1, 0, 2;
    %flag_set/vec4 8;
    %jmp/0xz  T_94.8, 8;
    %load/vec4 v00000229c3054510_0;
    %parti/s 4, 0, 2;
    %load/vec4 v00000229c3053bb0_0;
    %pad/u 16;
    %ix/vec4 3;
    %ix/load 4, 0, 0; Constant delay
    %assign/vec4/a/d v00000229c30537f0, 0, 4;
T_94.8 ;
    %load/vec4 v00000229c3055550_0;
    %parti/s 1, 1, 2;
    %flag_set/vec4 8;
    %jmp/0xz  T_94.10, 8;
    %load/vec4 v00000229c3054510_0;
    %parti/s 4, 4, 4;
    %load/vec4 v00000229c3053bb0_0;
    %pad/u 16;
    %ix/vec4 3;
    %ix/load 4, 4, 0; part off
    %ix/load 5, 0, 0; Constant delay
    %assign/vec4/a/d v00000229c30537f0, 4, 5;
T_94.10 ;
    %load/vec4 v00000229c3055550_0;
    %parti/s 1, 2, 3;
    %flag_set/vec4 8;
    %jmp/0xz  T_94.12, 8;
    %load/vec4 v00000229c3054510_0;
    %parti/s 4, 8, 5;
    %load/vec4 v00000229c3053bb0_0;
    %pad/u 16;
    %ix/vec4 3;
    %ix/load 4, 8, 0; part off
    %ix/load 5, 0, 0; Constant delay
    %assign/vec4/a/d v00000229c30537f0, 4, 5;
T_94.12 ;
    %load/vec4 v00000229c3055550_0;
    %parti/s 1, 3, 3;
    %flag_set/vec4 8;
    %jmp/0xz  T_94.14, 8;
    %load/vec4 v00000229c3054510_0;
    %parti/s 4, 12, 5;
    %load/vec4 v00000229c3053bb0_0;
    %pad/u 16;
    %ix/vec4 3;
    %ix/load 4, 12, 0; part off
    %ix/load 5, 0, 0; Constant delay
    %assign/vec4/a/d v00000229c30537f0, 4, 5;
T_94.14 ;
    %pushi/vec4 65535, 65535, 16;
    %assign/vec4 v00000229c3055f50_0, 0;
T_94.7 ;
T_94.4 ;
T_94.3 ;
T_94.1 ;
    %jmp T_94;
    .thread T_94;
    .scope S_00000229c304d600;
T_95 ;
    %wait E_00000229c2fb8d00;
    %load/vec4 v00000229c3053ed0_0;
    %flag_set/vec4 8;
    %jmp/0xz  T_95.0, 8;
    %pushi/vec4 0, 0, 32;
    %store/vec4 v00000229c3053e30_0, 0, 32;
T_95.2 ; Top of for-loop
    %load/vec4 v00000229c3053e30_0;
    %cmpi/s 4, 0, 32;
	  %jmp/0xz T_95.3, 5;
    %pushi/vec4 0, 0, 8;
    %ix/getv/s 3, v00000229c3053e30_0;
    %ix/load 4, 0, 0; Constant delay
    %assign/vec4/a/d v00000229c3055370, 0, 4;
T_95.4 ; for-loop step statement
    %load/vec4 v00000229c3053e30_0;
    %addi 1, 0, 32;
    %store/vec4 v00000229c3053e30_0, 0, 32;
    %jmp T_95.2;
T_95.3 ; for-loop exit label
    %jmp T_95.1;
T_95.0 ;
    %pushi/vec4 3, 0, 32;
    %store/vec4 v00000229c3053e30_0, 0, 32;
T_95.5 ; Top of for-loop
    %load/vec4 v00000229c3053e30_0;
    %cmpi/s 0, 0, 32;
    %flag_or 5, 4; GT is !LE
    %flag_inv 5;
	  %jmp/0xz T_95.6, 5;
    %load/vec4 v00000229c3053e30_0;
    %subi 1, 0, 32;
    %ix/vec4/s 4;
    %load/vec4a v00000229c3055370, 4;
    %ix/getv/s 3, v00000229c3053e30_0;
    %ix/load 4, 0, 0; Constant delay
    %assign/vec4/a/d v00000229c3055370, 0, 4;
T_95.7 ; for-loop step statement
    %load/vec4 v00000229c3053e30_0;
    %subi 1, 0, 32;
    %store/vec4 v00000229c3053e30_0, 0, 32;
    %jmp T_95.5;
T_95.6 ; for-loop exit label
    %load/vec4 v00000229c3054470_0;
    %ix/load 3, 0, 0;
    %flag_set/imm 4, 0;
    %ix/load 4, 0, 0; Constant delay
    %assign/vec4/a/d v00000229c3055370, 0, 4;
T_95.1 ;
    %jmp T_95;
    .thread T_95;
    .scope S_00000229c2fcb620;
T_96 ;
    %pushi/vec4 0, 0, 1;
    %store/vec4 v00000229c3053f70_0, 0, 1;
T_96.0 ;
    %delay 5000, 0;
    %load/vec4 v00000229c3053f70_0;
    %inv;
    %store/vec4 v00000229c3053f70_0, 0, 1;
    %jmp T_96.0;
T_96.1 ;
    %end;
    .thread T_96;
    .scope S_00000229c2fcb620;
T_97 ;
    %vpi_call/w 4 8 "$dumpvars", 32'sb00000000000000000000000000000000, S_00000229c2fcb620 {0 0 0};
    %pushi/vec4 1, 0, 1;
    %store/vec4 v00000229c30540b0_0, 0, 1;
    %pushi/vec4 0, 0, 8;
    %store/vec4 v00000229c3054a10_0, 0, 8;
    %delay 10000, 0;
    %pushi/vec4 0, 0, 1;
    %store/vec4 v00000229c30540b0_0, 0, 1;
    %pushi/vec4 10, 0, 8;
    %store/vec4 v00000229c3054a10_0, 0, 8;
    %delay 10000, 0;
    %pushi/vec4 20, 0, 8;
    %store/vec4 v00000229c3054a10_0, 0, 8;
    %delay 10000, 0;
    %pushi/vec4 30, 0, 8;
    %store/vec4 v00000229c3054a10_0, 0, 8;
    %delay 20000, 0;
    %vpi_call/w 4 12 "$finish" {0 0 0};
    %end;
    .thread T_97;
    .scope S_00000229c304e8c0;
T_98 ;
    %wait E_00000229c2fb8d80;
    %load/vec4 v00000229c3055730_0;
    %flag_set/vec4 8;
    %jmp/0xz  T_98.0, 8;
    %pushi/vec4 0, 0, 32;
    %store/vec4 v00000229c3055190_0, 0, 32;
T_98.2 ; Top of for-loop
    %load/vec4 v00000229c3055190_0;
    %cmpi/s 4, 0, 32;
	  %jmp/0xz T_98.3, 5;
    %pushi/vec4 0, 0, 8;
    %ix/getv/s 3, v00000229c3055190_0;
    %ix/load 4, 0, 0; Constant delay
    %assign/vec4/a/d v00000229c30550f0, 0, 4;
T_98.4 ; for-loop step statement
    %load/vec4 v00000229c3055190_0;
    %addi 1, 0, 32;
    %store/vec4 v00000229c3055190_0, 0, 32;
    %jmp T_98.2;
T_98.3 ; for-loop exit label
    %jmp T_98.1;
T_98.0 ;
    %pushi/vec4 3, 0, 32;
    %store/vec4 v00000229c3055190_0, 0, 32;
T_98.5 ; Top of for-loop
    %load/vec4 v00000229c3055190_0;
    %cmpi/s 0, 0, 32;
    %flag_or 5, 4; GT is !LE
    %flag_inv 5;
	  %jmp/0xz T_98.6, 5;
    %load/vec4 v00000229c3055190_0;
    %subi 1, 0, 32;
    %ix/vec4/s 4;
    %load/vec4a v00000229c30550f0, 4;
    %ix/getv/s 3, v00000229c3055190_0;
    %ix/load 4, 0, 0; Constant delay
    %assign/vec4/a/d v00000229c30550f0, 0, 4;
T_98.7 ; for-loop step statement
    %load/vec4 v00000229c3055190_0;
    %subi 1, 0, 32;
    %store/vec4 v00000229c3055190_0, 0, 32;
    %jmp T_98.5;
T_98.6 ; for-loop exit label
    %load/vec4 v00000229c3054fb0_0;
    %ix/load 3, 0, 0;
    %flag_set/imm 4, 0;
    %ix/load 4, 0, 0; Constant delay
    %assign/vec4/a/d v00000229c30550f0, 0, 4;
T_98.1 ;
    %jmp T_98;
    .thread T_98;
# The file index is used to find the file name in the following table.
:file_names 7;
    "N/A";
    "<interactive>";
    "-";
    "C:\Users\beade\.apio\packages\oss-cad-suite\share\yosys\ice40\cells_sim.v";
    "ex9_tb.v";
    "ex9_regressor.v";
    "ex9_top.v";
