#! 
:ivl_version "14.0 (devel)" "(s20251012-140-gf5a178d47-dirty)";
:ivl_delay_selection "TYPICAL";
:vpi_time_precision - 12;
:vpi_module "C:\Users\beade\APIO~1\packages\OSS-CA~1\lib\ivl\system.vpi";
:vpi_module "C:\Users\beade\APIO~1\packages\OSS-CA~1\lib\ivl\vhdl_sys.vpi";
:vpi_module "C:\Users\beade\APIO~1\packages\OSS-CA~1\lib\ivl\vhdl_textio.vpi";
:vpi_module "C:\Users\beade\APIO~1\packages\OSS-CA~1\lib\ivl\v2005_math.vpi";
:vpi_module "C:\Users\beade\APIO~1\packages\OSS-CA~1\lib\ivl\va_math.vpi";
:vpi_module "C:\Users\beade\APIO~1\packages\OSS-CA~1\lib\ivl\v2009.vpi";
S_000001ac22131e30 .scope package, "$unit" "$unit" 2 1;
 .timescale 0 0;
S_000001ac2210ee20 .scope module, "ICESTORM_LC" "ICESTORM_LC" 3 2136;
 .timescale -12 -12;
    .port_info 0 /INPUT 1 "I0";
    .port_info 1 /INPUT 1 "I1";
    .port_info 2 /INPUT 1 "I2";
    .port_info 3 /INPUT 1 "I3";
    .port_info 4 /INPUT 1 "CIN";
    .port_info 5 /INPUT 1 "CLK";
    .port_info 6 /INPUT 1 "CEN";
    .port_info 7 /INPUT 1 "SR";
    .port_info 8 /OUTPUT 1 "LO";
    .port_info 9 /OUTPUT 1 "O";
    .port_info 10 /OUTPUT 1 "COUT";
P_000001ac2210eb00 .param/l "ASYNC_SR" 0 3 2148, C4<0>;
P_000001ac2210eb38 .param/l "CARRY_ENABLE" 0 3 2145, C4<0>;
P_000001ac2210eb70 .param/l "CIN_CONST" 0 3 2150, C4<0>;
P_000001ac2210eba8 .param/l "CIN_SET" 0 3 2151, C4<0>;
P_000001ac2210ebe0 .param/l "DFF_ENABLE" 0 3 2146, C4<0>;
P_000001ac2210ec18 .param/l "LUT_INIT" 0 3 2142, C4<0000000000000000>;
P_000001ac2210ec50 .param/l "NEG_CLK" 0 3 2144, C4<0>;
P_000001ac2210ec88 .param/l "SET_NORESET" 0 3 2147, C4<0>;
o000001ac223100e8 .functor BUFZ 1, c4<z>; HiZ drive
L_000001ac222edd50 .functor BUFZ 1, o000001ac223100e8, C4<0>, C4<0>, C4<0>;
L_000001ac222ee5a0 .functor BUFZ 1, L_000001ac22381830, C4<0>, C4<0>, C4<0>;
o000001ac22310118 .functor BUFZ 1, c4<z>; HiZ drive
L_000001ac22385ab0 .functor BUFT 1, C4<0>, C4<0>, C4<0>, C4<0>;
L_000001ac222ee760 .functor XOR 1, o000001ac22310118, L_000001ac22385ab0, C4<0>, C4<0>;
L_000001ac222eec30 .functor BUFZ 1, L_000001ac22381830, C4<0>, C4<0>, C4<0>;
o000001ac22310088 .functor BUFZ 1, c4<z>; HiZ drive
v000001ac222b8790_0 .net "CEN", 0 0, o000001ac22310088;  0 drivers
v000001ac222b8f10_0 .net "CEN_pu", 0 0, L_000001ac2237f990;  1 drivers
v000001ac222b8ab0_0 .net "CIN", 0 0, o000001ac223100e8;  0 drivers
v000001ac222b8c90_0 .net "CLK", 0 0, o000001ac22310118;  0 drivers
L_000001ac223859d8 .functor BUFT 1, C4<x>, C4<0>, C4<0>, C4<0>;
v000001ac222b74d0_0 .net "COUT", 0 0, L_000001ac223859d8;  1 drivers
o000001ac22310178 .functor BUFZ 1, c4<z>; HiZ drive
v000001ac222b77f0_0 .net "I0", 0 0, o000001ac22310178;  0 drivers
v000001ac222b7930_0 .net "I0_pd", 0 0, L_000001ac2237e6d0;  1 drivers
o000001ac223101d8 .functor BUFZ 1, c4<z>; HiZ drive
v000001ac222b7b10_0 .net "I1", 0 0, o000001ac223101d8;  0 drivers
v000001ac222b7c50_0 .net "I1_pd", 0 0, L_000001ac2237ec70;  1 drivers
o000001ac22310238 .functor BUFZ 1, c4<z>; HiZ drive
v000001ac222b8d30_0 .net "I2", 0 0, o000001ac22310238;  0 drivers
v000001ac222b8dd0_0 .net "I2_pd", 0 0, L_000001ac2237f530;  1 drivers
o000001ac22310298 .functor BUFZ 1, c4<z>; HiZ drive
v000001ac222a12c0_0 .net "I3", 0 0, o000001ac22310298;  0 drivers
v000001ac222a1c20_0 .net "I3_pd", 0 0, L_000001ac2237f8f0;  1 drivers
v000001ac222a2da0_0 .net "LO", 0 0, L_000001ac222ee5a0;  1 drivers
v000001ac222a24e0_0 .net "O", 0 0, L_000001ac222eec30;  1 drivers
o000001ac22310358 .functor BUFZ 1, c4<z>; HiZ drive
v000001ac222a1a40_0 .net "SR", 0 0, o000001ac22310358;  0 drivers
v000001ac222a1ea0_0 .net "SR_pd", 0 0, L_000001ac2237e770;  1 drivers
o000001ac223103b8 .functor BUFZ 1, c4<z>; HiZ drive
; Elide local net with no drivers, v000001ac222a26c0_0 name=_ivl_0
v000001ac222a29e0_0 .net *"_ivl_10", 0 0, L_000001ac2237f3f0;  1 drivers
L_000001ac22385870 .functor BUFT 1, C4<0>, C4<0>, C4<0>, C4<0>;
v000001ac2226daf0_0 .net/2u *"_ivl_12", 0 0, L_000001ac22385870;  1 drivers
o000001ac22310448 .functor BUFZ 1, c4<z>; HiZ drive
; Elide local net with no drivers, v000001ac2226dd70_0 name=_ivl_16
v000001ac2226d730_0 .net *"_ivl_18", 0 0, L_000001ac2237eb30;  1 drivers
v000001ac2226cd30_0 .net *"_ivl_2", 0 0, L_000001ac2237d9b0;  1 drivers
L_000001ac223858b8 .functor BUFT 1, C4<0>, C4<0>, C4<0>, C4<0>;
v000001ac2226e270_0 .net/2u *"_ivl_20", 0 0, L_000001ac223858b8;  1 drivers
o000001ac22310508 .functor BUFZ 1, c4<z>; HiZ drive
; Elide local net with no drivers, v000001ac2226e450_0 name=_ivl_24
v000001ac222481a0_0 .net *"_ivl_26", 0 0, L_000001ac2237daf0;  1 drivers
L_000001ac22385900 .functor BUFT 1, C4<0>, C4<0>, C4<0>, C4<0>;
v000001ac22305930_0 .net/2u *"_ivl_28", 0 0, L_000001ac22385900;  1 drivers
o000001ac22310598 .functor BUFZ 1, c4<z>; HiZ drive
; Elide local net with no drivers, v000001ac22306510_0 name=_ivl_32
v000001ac22306470_0 .net *"_ivl_34", 0 0, L_000001ac2237e450;  1 drivers
L_000001ac22385948 .functor BUFT 1, C4<0>, C4<0>, C4<0>, C4<0>;
v000001ac223068d0_0 .net/2u *"_ivl_36", 0 0, L_000001ac22385948;  1 drivers
L_000001ac22385828 .functor BUFT 1, C4<0>, C4<0>, C4<0>, C4<0>;
v000001ac223054d0_0 .net/2u *"_ivl_4", 0 0, L_000001ac22385828;  1 drivers
o000001ac22310658 .functor BUFZ 1, c4<z>; HiZ drive
; Elide local net with no drivers, v000001ac223059d0_0 name=_ivl_40
v000001ac223065b0_0 .net *"_ivl_42", 0 0, L_000001ac2237e8b0;  1 drivers
L_000001ac22385990 .functor BUFT 1, C4<1>, C4<0>, C4<0>, C4<0>;
v000001ac22306010_0 .net/2u *"_ivl_44", 0 0, L_000001ac22385990;  1 drivers
L_000001ac22385a20 .functor BUFT 1, C4<00000000>, C4<0>, C4<0>, C4<0>;
v000001ac223060b0_0 .net/2u *"_ivl_52", 7 0, L_000001ac22385a20;  1 drivers
L_000001ac22385a68 .functor BUFT 1, C4<00000000>, C4<0>, C4<0>, C4<0>;
v000001ac22306650_0 .net/2u *"_ivl_54", 7 0, L_000001ac22385a68;  1 drivers
v000001ac223066f0_0 .net *"_ivl_59", 3 0, L_000001ac2237edb0;  1 drivers
v000001ac22305430_0 .net *"_ivl_61", 3 0, L_000001ac223801b0;  1 drivers
v000001ac223061f0_0 .net *"_ivl_65", 1 0, L_000001ac22381010;  1 drivers
v000001ac223051b0_0 .net *"_ivl_67", 1 0, L_000001ac22381c90;  1 drivers
v000001ac22305a70_0 .net *"_ivl_71", 0 0, L_000001ac223825f0;  1 drivers
v000001ac22305b10_0 .net *"_ivl_73", 0 0, L_000001ac22382550;  1 drivers
v000001ac22305bb0_0 .net/2u *"_ivl_78", 0 0, L_000001ac22385ab0;  1 drivers
o000001ac22310898 .functor BUFZ 1, c4<z>; HiZ drive
; Elide local net with no drivers, v000001ac22304df0_0 name=_ivl_8
v000001ac22306150_0 .net "lut_o", 0 0, L_000001ac22381830;  1 drivers
v000001ac22304e90_0 .net "lut_s1", 1 0, L_000001ac223822d0;  1 drivers
v000001ac22306790_0 .net "lut_s2", 3 0, L_000001ac22381290;  1 drivers
v000001ac22304cb0_0 .net "lut_s3", 7 0, L_000001ac2237ed10;  1 drivers
v000001ac22305c50_0 .net "mux_cin", 0 0, L_000001ac222edd50;  1 drivers
v000001ac22304f30_0 .var "o_reg", 0 0;
v000001ac22305070_0 .var "o_reg_async", 0 0;
v000001ac22305570_0 .net "polarized_clk", 0 0, L_000001ac222ee760;  1 drivers
E_000001ac222e0c60 .event posedge, v000001ac222a1ea0_0, v000001ac22305570_0;
E_000001ac222e0da0 .event posedge, v000001ac22305570_0;
L_000001ac2237d9b0 .cmp/eeq 1, o000001ac22310178, o000001ac223103b8;
L_000001ac2237e6d0 .functor MUXZ 1, o000001ac22310178, L_000001ac22385828, L_000001ac2237d9b0, C4<>;
L_000001ac2237f3f0 .cmp/eeq 1, o000001ac223101d8, o000001ac22310898;
L_000001ac2237ec70 .functor MUXZ 1, o000001ac223101d8, L_000001ac22385870, L_000001ac2237f3f0, C4<>;
L_000001ac2237eb30 .cmp/eeq 1, o000001ac22310238, o000001ac22310448;
L_000001ac2237f530 .functor MUXZ 1, o000001ac22310238, L_000001ac223858b8, L_000001ac2237eb30, C4<>;
L_000001ac2237daf0 .cmp/eeq 1, o000001ac22310298, o000001ac22310508;
L_000001ac2237f8f0 .functor MUXZ 1, o000001ac22310298, L_000001ac22385900, L_000001ac2237daf0, C4<>;
L_000001ac2237e450 .cmp/eeq 1, o000001ac22310358, o000001ac22310598;
L_000001ac2237e770 .functor MUXZ 1, o000001ac22310358, L_000001ac22385948, L_000001ac2237e450, C4<>;
L_000001ac2237e8b0 .cmp/eeq 1, o000001ac22310088, o000001ac22310658;
L_000001ac2237f990 .functor MUXZ 1, o000001ac22310088, L_000001ac22385990, L_000001ac2237e8b0, C4<>;
L_000001ac2237ed10 .functor MUXZ 8, L_000001ac22385a68, L_000001ac22385a20, L_000001ac2237f8f0, C4<>;
L_000001ac2237edb0 .part L_000001ac2237ed10, 4, 4;
L_000001ac223801b0 .part L_000001ac2237ed10, 0, 4;
L_000001ac22381290 .functor MUXZ 4, L_000001ac223801b0, L_000001ac2237edb0, L_000001ac2237f530, C4<>;
L_000001ac22381010 .part L_000001ac22381290, 2, 2;
L_000001ac22381c90 .part L_000001ac22381290, 0, 2;
L_000001ac223822d0 .functor MUXZ 2, L_000001ac22381c90, L_000001ac22381010, L_000001ac2237ec70, C4<>;
L_000001ac223825f0 .part L_000001ac223822d0, 1, 1;
L_000001ac22382550 .part L_000001ac223822d0, 0, 1;
L_000001ac22381830 .functor MUXZ 1, L_000001ac22382550, L_000001ac223825f0, L_000001ac2237e6d0, C4<>;
S_000001ac221a6590 .scope module, "ICESTORM_RAM" "ICESTORM_RAM" 3 3167;
 .timescale -12 -12;
    .port_info 0 /OUTPUT 1 "RDATA_15";
    .port_info 1 /OUTPUT 1 "RDATA_14";
    .port_info 2 /OUTPUT 1 "RDATA_13";
    .port_info 3 /OUTPUT 1 "RDATA_12";
    .port_info 4 /OUTPUT 1 "RDATA_11";
    .port_info 5 /OUTPUT 1 "RDATA_10";
    .port_info 6 /OUTPUT 1 "RDATA_9";
    .port_info 7 /OUTPUT 1 "RDATA_8";
    .port_info 8 /OUTPUT 1 "RDATA_7";
    .port_info 9 /OUTPUT 1 "RDATA_6";
    .port_info 10 /OUTPUT 1 "RDATA_5";
    .port_info 11 /OUTPUT 1 "RDATA_4";
    .port_info 12 /OUTPUT 1 "RDATA_3";
    .port_info 13 /OUTPUT 1 "RDATA_2";
    .port_info 14 /OUTPUT 1 "RDATA_1";
    .port_info 15 /OUTPUT 1 "RDATA_0";
    .port_info 16 /INPUT 1 "RCLK";
    .port_info 17 /INPUT 1 "RCLKE";
    .port_info 18 /INPUT 1 "RE";
    .port_info 19 /INPUT 1 "RADDR_10";
    .port_info 20 /INPUT 1 "RADDR_9";
    .port_info 21 /INPUT 1 "RADDR_8";
    .port_info 22 /INPUT 1 "RADDR_7";
    .port_info 23 /INPUT 1 "RADDR_6";
    .port_info 24 /INPUT 1 "RADDR_5";
    .port_info 25 /INPUT 1 "RADDR_4";
    .port_info 26 /INPUT 1 "RADDR_3";
    .port_info 27 /INPUT 1 "RADDR_2";
    .port_info 28 /INPUT 1 "RADDR_1";
    .port_info 29 /INPUT 1 "RADDR_0";
    .port_info 30 /INPUT 1 "WCLK";
    .port_info 31 /INPUT 1 "WCLKE";
    .port_info 32 /INPUT 1 "WE";
    .port_info 33 /INPUT 1 "WADDR_10";
    .port_info 34 /INPUT 1 "WADDR_9";
    .port_info 35 /INPUT 1 "WADDR_8";
    .port_info 36 /INPUT 1 "WADDR_7";
    .port_info 37 /INPUT 1 "WADDR_6";
    .port_info 38 /INPUT 1 "WADDR_5";
    .port_info 39 /INPUT 1 "WADDR_4";
    .port_info 40 /INPUT 1 "WADDR_3";
    .port_info 41 /INPUT 1 "WADDR_2";
    .port_info 42 /INPUT 1 "WADDR_1";
    .port_info 43 /INPUT 1 "WADDR_0";
    .port_info 44 /INPUT 1 "MASK_15";
    .port_info 45 /INPUT 1 "MASK_14";
    .port_info 46 /INPUT 1 "MASK_13";
    .port_info 47 /INPUT 1 "MASK_12";
    .port_info 48 /INPUT 1 "MASK_11";
    .port_info 49 /INPUT 1 "MASK_10";
    .port_info 50 /INPUT 1 "MASK_9";
    .port_info 51 /INPUT 1 "MASK_8";
    .port_info 52 /INPUT 1 "MASK_7";
    .port_info 53 /INPUT 1 "MASK_6";
    .port_info 54 /INPUT 1 "MASK_5";
    .port_info 55 /INPUT 1 "MASK_4";
    .port_info 56 /INPUT 1 "MASK_3";
    .port_info 57 /INPUT 1 "MASK_2";
    .port_info 58 /INPUT 1 "MASK_1";
    .port_info 59 /INPUT 1 "MASK_0";
    .port_info 60 /INPUT 1 "WDATA_15";
    .port_info 61 /INPUT 1 "WDATA_14";
    .port_info 62 /INPUT 1 "WDATA_13";
    .port_info 63 /INPUT 1 "WDATA_12";
    .port_info 64 /INPUT 1 "WDATA_11";
    .port_info 65 /INPUT 1 "WDATA_10";
    .port_info 66 /INPUT 1 "WDATA_9";
    .port_info 67 /INPUT 1 "WDATA_8";
    .port_info 68 /INPUT 1 "WDATA_7";
    .port_info 69 /INPUT 1 "WDATA_6";
    .port_info 70 /INPUT 1 "WDATA_5";
    .port_info 71 /INPUT 1 "WDATA_4";
    .port_info 72 /INPUT 1 "WDATA_3";
    .port_info 73 /INPUT 1 "WDATA_2";
    .port_info 74 /INPUT 1 "WDATA_1";
    .port_info 75 /INPUT 1 "WDATA_0";
P_000001ac2206bdb0 .param/l "INIT_0" 0 3 3182, C4<0000000000000000000000000000000000000000000000000000000000000000000000000000000000000000000000000000000000000000000000000000000000000000000000000000000000000000000000000000000000000000000000000000000000000000000000000000000000000000000000000000000000000000>;
P_000001ac2206bde8 .param/l "INIT_1" 0 3 3183, C4<0000000000000000000000000000000000000000000000000000000000000000000000000000000000000000000000000000000000000000000000000000000000000000000000000000000000000000000000000000000000000000000000000000000000000000000000000000000000000000000000000000000000000000>;
P_000001ac2206be20 .param/l "INIT_2" 0 3 3184, C4<0000000000000000000000000000000000000000000000000000000000000000000000000000000000000000000000000000000000000000000000000000000000000000000000000000000000000000000000000000000000000000000000000000000000000000000000000000000000000000000000000000000000000000>;
P_000001ac2206be58 .param/l "INIT_3" 0 3 3185, C4<0000000000000000000000000000000000000000000000000000000000000000000000000000000000000000000000000000000000000000000000000000000000000000000000000000000000000000000000000000000000000000000000000000000000000000000000000000000000000000000000000000000000000000>;
P_000001ac2206be90 .param/l "INIT_4" 0 3 3186, C4<0000000000000000000000000000000000000000000000000000000000000000000000000000000000000000000000000000000000000000000000000000000000000000000000000000000000000000000000000000000000000000000000000000000000000000000000000000000000000000000000000000000000000000>;
P_000001ac2206bec8 .param/l "INIT_5" 0 3 3187, C4<0000000000000000000000000000000000000000000000000000000000000000000000000000000000000000000000000000000000000000000000000000000000000000000000000000000000000000000000000000000000000000000000000000000000000000000000000000000000000000000000000000000000000000>;
P_000001ac2206bf00 .param/l "INIT_6" 0 3 3188, C4<0000000000000000000000000000000000000000000000000000000000000000000000000000000000000000000000000000000000000000000000000000000000000000000000000000000000000000000000000000000000000000000000000000000000000000000000000000000000000000000000000000000000000000>;
P_000001ac2206bf38 .param/l "INIT_7" 0 3 3189, C4<0000000000000000000000000000000000000000000000000000000000000000000000000000000000000000000000000000000000000000000000000000000000000000000000000000000000000000000000000000000000000000000000000000000000000000000000000000000000000000000000000000000000000000>;
P_000001ac2206bf70 .param/l "INIT_8" 0 3 3190, C4<0000000000000000000000000000000000000000000000000000000000000000000000000000000000000000000000000000000000000000000000000000000000000000000000000000000000000000000000000000000000000000000000000000000000000000000000000000000000000000000000000000000000000000>;
P_000001ac2206bfa8 .param/l "INIT_9" 0 3 3191, C4<0000000000000000000000000000000000000000000000000000000000000000000000000000000000000000000000000000000000000000000000000000000000000000000000000000000000000000000000000000000000000000000000000000000000000000000000000000000000000000000000000000000000000000>;
P_000001ac2206bfe0 .param/l "INIT_A" 0 3 3192, C4<0000000000000000000000000000000000000000000000000000000000000000000000000000000000000000000000000000000000000000000000000000000000000000000000000000000000000000000000000000000000000000000000000000000000000000000000000000000000000000000000000000000000000000>;
P_000001ac2206c018 .param/l "INIT_B" 0 3 3193, C4<0000000000000000000000000000000000000000000000000000000000000000000000000000000000000000000000000000000000000000000000000000000000000000000000000000000000000000000000000000000000000000000000000000000000000000000000000000000000000000000000000000000000000000>;
P_000001ac2206c050 .param/l "INIT_C" 0 3 3194, C4<0000000000000000000000000000000000000000000000000000000000000000000000000000000000000000000000000000000000000000000000000000000000000000000000000000000000000000000000000000000000000000000000000000000000000000000000000000000000000000000000000000000000000000>;
P_000001ac2206c088 .param/l "INIT_D" 0 3 3195, C4<0000000000000000000000000000000000000000000000000000000000000000000000000000000000000000000000000000000000000000000000000000000000000000000000000000000000000000000000000000000000000000000000000000000000000000000000000000000000000000000000000000000000000000>;
P_000001ac2206c0c0 .param/l "INIT_E" 0 3 3196, C4<0000000000000000000000000000000000000000000000000000000000000000000000000000000000000000000000000000000000000000000000000000000000000000000000000000000000000000000000000000000000000000000000000000000000000000000000000000000000000000000000000000000000000000>;
P_000001ac2206c0f8 .param/l "INIT_F" 0 3 3197, C4<0000000000000000000000000000000000000000000000000000000000000000000000000000000000000000000000000000000000000000000000000000000000000000000000000000000000000000000000000000000000000000000000000000000000000000000000000000000000000000000000000000000000000000>;
P_000001ac2206c130 .param/l "NEG_CLK_R" 0 3 3179, C4<0>;
P_000001ac2206c168 .param/l "NEG_CLK_W" 0 3 3180, C4<0>;
P_000001ac2206c1a0 .param/l "READ_MODE" 0 3 3177, +C4<00000000000000000000000000000000>;
P_000001ac2206c1d8 .param/l "WRITE_MODE" 0 3 3176, +C4<00000000000000000000000000000000>;
L_000001ac22385b40 .functor BUFT 1, C4<0>, C4<0>, C4<0>, C4<0>;
L_000001ac222eefb0 .functor XOR 1, L_000001ac223802f0, L_000001ac22385b40, C4<0>, C4<0>;
L_000001ac22385b88 .functor BUFT 1, C4<0>, C4<0>, C4<0>, C4<0>;
L_000001ac222ee290 .functor XOR 1, L_000001ac223807f0, L_000001ac22385b88, C4<0>, C4<0>;
o000001ac22311228 .functor BUFZ 1, c4<z>; HiZ drive
v000001ac22304b70_0 .net "MASK_0", 0 0, o000001ac22311228;  0 drivers
o000001ac22311258 .functor BUFZ 1, c4<z>; HiZ drive
v000001ac223057f0_0 .net "MASK_1", 0 0, o000001ac22311258;  0 drivers
o000001ac22311288 .functor BUFZ 1, c4<z>; HiZ drive
v000001ac22305ed0_0 .net "MASK_10", 0 0, o000001ac22311288;  0 drivers
o000001ac223112b8 .functor BUFZ 1, c4<z>; HiZ drive
v000001ac22359150_0 .net "MASK_11", 0 0, o000001ac223112b8;  0 drivers
o000001ac223112e8 .functor BUFZ 1, c4<z>; HiZ drive
v000001ac22358610_0 .net "MASK_12", 0 0, o000001ac223112e8;  0 drivers
o000001ac22311318 .functor BUFZ 1, c4<z>; HiZ drive
v000001ac22358250_0 .net "MASK_13", 0 0, o000001ac22311318;  0 drivers
o000001ac22311348 .functor BUFZ 1, c4<z>; HiZ drive
v000001ac22358ed0_0 .net "MASK_14", 0 0, o000001ac22311348;  0 drivers
o000001ac22311378 .functor BUFZ 1, c4<z>; HiZ drive
v000001ac22359c90_0 .net "MASK_15", 0 0, o000001ac22311378;  0 drivers
o000001ac223113a8 .functor BUFZ 1, c4<z>; HiZ drive
v000001ac223589d0_0 .net "MASK_2", 0 0, o000001ac223113a8;  0 drivers
o000001ac223113d8 .functor BUFZ 1, c4<z>; HiZ drive
v000001ac22358cf0_0 .net "MASK_3", 0 0, o000001ac223113d8;  0 drivers
o000001ac22311408 .functor BUFZ 1, c4<z>; HiZ drive
v000001ac22359290_0 .net "MASK_4", 0 0, o000001ac22311408;  0 drivers
o000001ac22311438 .functor BUFZ 1, c4<z>; HiZ drive
v000001ac22358430_0 .net "MASK_5", 0 0, o000001ac22311438;  0 drivers
o000001ac22311468 .functor BUFZ 1, c4<z>; HiZ drive
v000001ac223595b0_0 .net "MASK_6", 0 0, o000001ac22311468;  0 drivers
o000001ac22311498 .functor BUFZ 1, c4<z>; HiZ drive
v000001ac22359b50_0 .net "MASK_7", 0 0, o000001ac22311498;  0 drivers
o000001ac223114c8 .functor BUFZ 1, c4<z>; HiZ drive
v000001ac22358c50_0 .net "MASK_8", 0 0, o000001ac223114c8;  0 drivers
o000001ac223114f8 .functor BUFZ 1, c4<z>; HiZ drive
v000001ac22358b10_0 .net "MASK_9", 0 0, o000001ac223114f8;  0 drivers
o000001ac22311528 .functor BUFZ 1, c4<z>; HiZ drive
v000001ac22359650_0 .net "RADDR_0", 0 0, o000001ac22311528;  0 drivers
o000001ac22311558 .functor BUFZ 1, c4<z>; HiZ drive
v000001ac22359e70_0 .net "RADDR_1", 0 0, o000001ac22311558;  0 drivers
o000001ac22311588 .functor BUFZ 1, c4<z>; HiZ drive
v000001ac22358bb0_0 .net "RADDR_10", 0 0, o000001ac22311588;  0 drivers
o000001ac223115b8 .functor BUFZ 1, c4<z>; HiZ drive
v000001ac223581b0_0 .net "RADDR_2", 0 0, o000001ac223115b8;  0 drivers
o000001ac223115e8 .functor BUFZ 1, c4<z>; HiZ drive
v000001ac223584d0_0 .net "RADDR_3", 0 0, o000001ac223115e8;  0 drivers
o000001ac22311618 .functor BUFZ 1, c4<z>; HiZ drive
v000001ac22358570_0 .net "RADDR_4", 0 0, o000001ac22311618;  0 drivers
o000001ac22311648 .functor BUFZ 1, c4<z>; HiZ drive
v000001ac22358750_0 .net "RADDR_5", 0 0, o000001ac22311648;  0 drivers
o000001ac22311678 .functor BUFZ 1, c4<z>; HiZ drive
v000001ac223586b0_0 .net "RADDR_6", 0 0, o000001ac22311678;  0 drivers
o000001ac223116a8 .functor BUFZ 1, c4<z>; HiZ drive
v000001ac223591f0_0 .net "RADDR_7", 0 0, o000001ac223116a8;  0 drivers
o000001ac223116d8 .functor BUFZ 1, c4<z>; HiZ drive
v000001ac22358e30_0 .net "RADDR_8", 0 0, o000001ac223116d8;  0 drivers
o000001ac22311708 .functor BUFZ 1, c4<z>; HiZ drive
v000001ac22358890_0 .net "RADDR_9", 0 0, o000001ac22311708;  0 drivers
o000001ac22311738 .functor BUFZ 1, c4<z>; HiZ drive
v000001ac223582f0_0 .net "RCLK", 0 0, o000001ac22311738;  0 drivers
o000001ac22311768 .functor BUFZ 1, c4<z>; HiZ drive
v000001ac223587f0_0 .net "RCLKE", 0 0, o000001ac22311768;  0 drivers
v000001ac22359ab0_0 .net "RDATA_0", 0 0, L_000001ac22380a70;  1 drivers
v000001ac22358930_0 .net "RDATA_1", 0 0, L_000001ac22380390;  1 drivers
v000001ac22358390_0 .net "RDATA_10", 0 0, L_000001ac223813d0;  1 drivers
v000001ac22358a70_0 .net "RDATA_11", 0 0, L_000001ac22381330;  1 drivers
v000001ac22358d90_0 .net "RDATA_12", 0 0, L_000001ac22380430;  1 drivers
v000001ac22359f10_0 .net "RDATA_13", 0 0, L_000001ac22382690;  1 drivers
v000001ac22359510_0 .net "RDATA_14", 0 0, L_000001ac223806b0;  1 drivers
v000001ac223590b0_0 .net "RDATA_15", 0 0, L_000001ac22381790;  1 drivers
v000001ac22359790_0 .net "RDATA_2", 0 0, L_000001ac223827d0;  1 drivers
v000001ac22358f70_0 .net "RDATA_3", 0 0, L_000001ac22380250;  1 drivers
v000001ac22359010_0 .net "RDATA_4", 0 0, L_000001ac22382730;  1 drivers
v000001ac22359330_0 .net "RDATA_5", 0 0, L_000001ac22380b10;  1 drivers
v000001ac22359fb0_0 .net "RDATA_6", 0 0, L_000001ac223818d0;  1 drivers
v000001ac223593d0_0 .net "RDATA_7", 0 0, L_000001ac22380e30;  1 drivers
v000001ac22359470_0 .net "RDATA_8", 0 0, L_000001ac22381e70;  1 drivers
v000001ac22359bf0_0 .net "RDATA_9", 0 0, L_000001ac22380d90;  1 drivers
o000001ac22311a98 .functor BUFZ 1, c4<z>; HiZ drive
v000001ac22359830_0 .net "RE", 0 0, o000001ac22311a98;  0 drivers
o000001ac22311ac8 .functor BUFZ 1, c4<z>; HiZ drive
v000001ac223596f0_0 .net "WADDR_0", 0 0, o000001ac22311ac8;  0 drivers
o000001ac22311af8 .functor BUFZ 1, c4<z>; HiZ drive
v000001ac223598d0_0 .net "WADDR_1", 0 0, o000001ac22311af8;  0 drivers
o000001ac22311b28 .functor BUFZ 1, c4<z>; HiZ drive
v000001ac22359970_0 .net "WADDR_10", 0 0, o000001ac22311b28;  0 drivers
o000001ac22311b58 .functor BUFZ 1, c4<z>; HiZ drive
v000001ac22359d30_0 .net "WADDR_2", 0 0, o000001ac22311b58;  0 drivers
o000001ac22311b88 .functor BUFZ 1, c4<z>; HiZ drive
v000001ac22359a10_0 .net "WADDR_3", 0 0, o000001ac22311b88;  0 drivers
o000001ac22311bb8 .functor BUFZ 1, c4<z>; HiZ drive
v000001ac22359dd0_0 .net "WADDR_4", 0 0, o000001ac22311bb8;  0 drivers
o000001ac22311be8 .functor BUFZ 1, c4<z>; HiZ drive
v000001ac22358110_0 .net "WADDR_5", 0 0, o000001ac22311be8;  0 drivers
o000001ac22311c18 .functor BUFZ 1, c4<z>; HiZ drive
v000001ac22307f20_0 .net "WADDR_6", 0 0, o000001ac22311c18;  0 drivers
o000001ac22311c48 .functor BUFZ 1, c4<z>; HiZ drive
v000001ac223096e0_0 .net "WADDR_7", 0 0, o000001ac22311c48;  0 drivers
o000001ac22311c78 .functor BUFZ 1, c4<z>; HiZ drive
v000001ac22309320_0 .net "WADDR_8", 0 0, o000001ac22311c78;  0 drivers
o000001ac22311ca8 .functor BUFZ 1, c4<z>; HiZ drive
v000001ac22307de0_0 .net "WADDR_9", 0 0, o000001ac22311ca8;  0 drivers
o000001ac22311cd8 .functor BUFZ 1, c4<z>; HiZ drive
v000001ac223090a0_0 .net "WCLK", 0 0, o000001ac22311cd8;  0 drivers
o000001ac22311d08 .functor BUFZ 1, c4<z>; HiZ drive
v000001ac22307480_0 .net "WCLKE", 0 0, o000001ac22311d08;  0 drivers
o000001ac22311d38 .functor BUFZ 1, c4<z>; HiZ drive
v000001ac22309280_0 .net "WDATA_0", 0 0, o000001ac22311d38;  0 drivers
o000001ac22311d68 .functor BUFZ 1, c4<z>; HiZ drive
v000001ac22308240_0 .net "WDATA_1", 0 0, o000001ac22311d68;  0 drivers
o000001ac22311d98 .functor BUFZ 1, c4<z>; HiZ drive
v000001ac22309140_0 .net "WDATA_10", 0 0, o000001ac22311d98;  0 drivers
o000001ac22311dc8 .functor BUFZ 1, c4<z>; HiZ drive
v000001ac22307fc0_0 .net "WDATA_11", 0 0, o000001ac22311dc8;  0 drivers
o000001ac22311df8 .functor BUFZ 1, c4<z>; HiZ drive
v000001ac22308600_0 .net "WDATA_12", 0 0, o000001ac22311df8;  0 drivers
o000001ac22311e28 .functor BUFZ 1, c4<z>; HiZ drive
v000001ac22308ce0_0 .net "WDATA_13", 0 0, o000001ac22311e28;  0 drivers
o000001ac22311e58 .functor BUFZ 1, c4<z>; HiZ drive
v000001ac22308920_0 .net "WDATA_14", 0 0, o000001ac22311e58;  0 drivers
o000001ac22311e88 .functor BUFZ 1, c4<z>; HiZ drive
v000001ac22308380_0 .net "WDATA_15", 0 0, o000001ac22311e88;  0 drivers
o000001ac22311eb8 .functor BUFZ 1, c4<z>; HiZ drive
v000001ac22308420_0 .net "WDATA_2", 0 0, o000001ac22311eb8;  0 drivers
o000001ac22311ee8 .functor BUFZ 1, c4<z>; HiZ drive
v000001ac22309000_0 .net "WDATA_3", 0 0, o000001ac22311ee8;  0 drivers
o000001ac22311f18 .functor BUFZ 1, c4<z>; HiZ drive
v000001ac223089c0_0 .net "WDATA_4", 0 0, o000001ac22311f18;  0 drivers
o000001ac22311f48 .functor BUFZ 1, c4<z>; HiZ drive
v000001ac22307a20_0 .net "WDATA_5", 0 0, o000001ac22311f48;  0 drivers
o000001ac22311f78 .functor BUFZ 1, c4<z>; HiZ drive
v000001ac223091e0_0 .net "WDATA_6", 0 0, o000001ac22311f78;  0 drivers
o000001ac22311fa8 .functor BUFZ 1, c4<z>; HiZ drive
v000001ac22308060_0 .net "WDATA_7", 0 0, o000001ac22311fa8;  0 drivers
o000001ac22311fd8 .functor BUFZ 1, c4<z>; HiZ drive
v000001ac22309960_0 .net "WDATA_8", 0 0, o000001ac22311fd8;  0 drivers
o000001ac22312008 .functor BUFZ 1, c4<z>; HiZ drive
v000001ac223087e0_0 .net "WDATA_9", 0 0, o000001ac22312008;  0 drivers
o000001ac22312038 .functor BUFZ 1, c4<z>; HiZ drive
v000001ac223098c0_0 .net "WE", 0 0, o000001ac22312038;  0 drivers
v000001ac22308a60_0 .net *"_ivl_100", 0 0, L_000001ac223824b0;  1 drivers
v000001ac223093c0_0 .net *"_ivl_102", 0 0, L_000001ac22380c50;  1 drivers
v000001ac223081a0_0 .net *"_ivl_104", 0 0, L_000001ac22380cf0;  1 drivers
v000001ac223082e0_0 .net *"_ivl_106", 0 0, L_000001ac223ebfd0;  1 drivers
v000001ac22308f60_0 .net *"_ivl_108", 0 0, L_000001ac223eca70;  1 drivers
v000001ac22308ba0_0 .net *"_ivl_110", 0 0, L_000001ac223ecb10;  1 drivers
v000001ac22308c40_0 .net *"_ivl_112", 0 0, L_000001ac223ec070;  1 drivers
v000001ac22308d80_0 .net *"_ivl_114", 0 0, L_000001ac223ec890;  1 drivers
v000001ac22309a00_0 .net *"_ivl_116", 0 0, L_000001ac223eabd0;  1 drivers
v000001ac22309460_0 .net *"_ivl_120", 0 0, L_000001ac223ec9d0;  1 drivers
v000001ac22307660_0 .net *"_ivl_122", 0 0, L_000001ac223ecbb0;  1 drivers
v000001ac22308b00_0 .net *"_ivl_124", 0 0, L_000001ac223eaa90;  1 drivers
v000001ac22309aa0_0 .net *"_ivl_126", 0 0, L_000001ac223ecc50;  1 drivers
v000001ac223095a0_0 .net *"_ivl_128", 0 0, L_000001ac223ece30;  1 drivers
v000001ac22309640_0 .net *"_ivl_130", 0 0, L_000001ac223ec570;  1 drivers
v000001ac223077a0_0 .net *"_ivl_132", 0 0, L_000001ac223ec110;  1 drivers
v000001ac22309780_0 .net *"_ivl_134", 0 0, L_000001ac223ec930;  1 drivers
v000001ac22307520_0 .net *"_ivl_136", 0 0, L_000001ac223eccf0;  1 drivers
v000001ac22308e20_0 .net *"_ivl_138", 0 0, L_000001ac223eb170;  1 drivers
v000001ac223086a0_0 .net *"_ivl_140", 0 0, L_000001ac223ebf30;  1 drivers
v000001ac22308100_0 .net *"_ivl_142", 0 0, L_000001ac223ec610;  1 drivers
v000001ac22307b60_0 .net *"_ivl_144", 0 0, L_000001ac223ec1b0;  1 drivers
v000001ac22307ac0_0 .net *"_ivl_146", 0 0, L_000001ac223eaef0;  1 drivers
v000001ac22309820_0 .net *"_ivl_148", 0 0, L_000001ac223eaf90;  1 drivers
v000001ac223084c0_0 .net *"_ivl_150", 0 0, L_000001ac223eb5d0;  1 drivers
v000001ac22309500_0 .net *"_ivl_18", 0 0, L_000001ac223802f0;  1 drivers
v000001ac22307c00_0 .net/2u *"_ivl_19", 0 0, L_000001ac22385b40;  1 drivers
v000001ac223075c0_0 .net *"_ivl_28", 0 0, L_000001ac22382370;  1 drivers
v000001ac22308ec0_0 .net *"_ivl_30", 0 0, L_000001ac22380bb0;  1 drivers
v000001ac22309b40_0 .net *"_ivl_32", 0 0, L_000001ac223820f0;  1 drivers
v000001ac223073e0_0 .net *"_ivl_34", 0 0, L_000001ac22381470;  1 drivers
v000001ac22308560_0 .net *"_ivl_36", 0 0, L_000001ac22380070;  1 drivers
v000001ac22308740_0 .net *"_ivl_38", 0 0, L_000001ac22382230;  1 drivers
v000001ac22307700_0 .net *"_ivl_40", 0 0, L_000001ac22381a10;  1 drivers
v000001ac22307840_0 .net *"_ivl_42", 0 0, L_000001ac22380110;  1 drivers
v000001ac223078e0_0 .net *"_ivl_44", 0 0, L_000001ac223804d0;  1 drivers
v000001ac22307980_0 .net *"_ivl_46", 0 0, L_000001ac22381510;  1 drivers
v000001ac22307ca0_0 .net *"_ivl_48", 0 0, L_000001ac22381ab0;  1 drivers
v000001ac22307d40_0 .net *"_ivl_52", 0 0, L_000001ac223807f0;  1 drivers
v000001ac22307e80_0 .net/2u *"_ivl_53", 0 0, L_000001ac22385b88;  1 drivers
v000001ac22308880_0 .net *"_ivl_62", 0 0, L_000001ac22380610;  1 drivers
v000001ac22309c80_0 .net *"_ivl_64", 0 0, L_000001ac22380750;  1 drivers
v000001ac2230a9a0_0 .net *"_ivl_66", 0 0, L_000001ac22381bf0;  1 drivers
v000001ac2230a220_0 .net *"_ivl_68", 0 0, L_000001ac223811f0;  1 drivers
v000001ac2230a400_0 .net *"_ivl_70", 0 0, L_000001ac22381650;  1 drivers
v000001ac2230a360_0 .net *"_ivl_72", 0 0, L_000001ac22381fb0;  1 drivers
v000001ac2230a4a0_0 .net *"_ivl_74", 0 0, L_000001ac223816f0;  1 drivers
v000001ac2230a720_0 .net *"_ivl_76", 0 0, L_000001ac22381b50;  1 drivers
v000001ac2230ac20_0 .net *"_ivl_78", 0 0, L_000001ac22380f70;  1 drivers
v000001ac2230a540_0 .net *"_ivl_80", 0 0, L_000001ac22381d30;  1 drivers
v000001ac2230a5e0_0 .net *"_ivl_82", 0 0, L_000001ac22381dd0;  1 drivers
v000001ac2230a2c0_0 .net *"_ivl_86", 0 0, L_000001ac22382050;  1 drivers
v000001ac22309f00_0 .net *"_ivl_88", 0 0, L_000001ac22382190;  1 drivers
v000001ac2230acc0_0 .net *"_ivl_90", 0 0, L_000001ac22380890;  1 drivers
v000001ac2230ab80_0 .net *"_ivl_92", 0 0, L_000001ac22380930;  1 drivers
v000001ac22309e60_0 .net *"_ivl_94", 0 0, L_000001ac22380ed0;  1 drivers
v000001ac22309fa0_0 .net *"_ivl_96", 0 0, L_000001ac22382410;  1 drivers
v000001ac2230af40_0 .net *"_ivl_98", 0 0, L_000001ac223809d0;  1 drivers
L_000001ac22381790 .part v000001ac22304fd0_0, 15, 1;
L_000001ac223806b0 .part v000001ac22304fd0_0, 14, 1;
L_000001ac22382690 .part v000001ac22304fd0_0, 13, 1;
L_000001ac22380430 .part v000001ac22304fd0_0, 12, 1;
L_000001ac22381330 .part v000001ac22304fd0_0, 11, 1;
L_000001ac223813d0 .part v000001ac22304fd0_0, 10, 1;
L_000001ac22380d90 .part v000001ac22304fd0_0, 9, 1;
L_000001ac22381e70 .part v000001ac22304fd0_0, 8, 1;
L_000001ac22380e30 .part v000001ac22304fd0_0, 7, 1;
L_000001ac223818d0 .part v000001ac22304fd0_0, 6, 1;
L_000001ac22380b10 .part v000001ac22304fd0_0, 5, 1;
L_000001ac22382730 .part v000001ac22304fd0_0, 4, 1;
L_000001ac22380250 .part v000001ac22304fd0_0, 3, 1;
L_000001ac223827d0 .part v000001ac22304fd0_0, 2, 1;
L_000001ac22380390 .part v000001ac22304fd0_0, 1, 1;
L_000001ac22380a70 .part v000001ac22304fd0_0, 0, 1;
L_000001ac223802f0 .ufunc/vec4 TD_ICESTORM_RAM.pd, 1, o000001ac22311738 (v000001ac223063d0_0) S_000001ac222fa190;
L_000001ac223810b0 .ufunc/vec4 TD_ICESTORM_RAM.pu, 1, o000001ac22311768 (v000001ac22305e30_0) S_000001ac222fa320;
L_000001ac22381970 .ufunc/vec4 TD_ICESTORM_RAM.pd, 1, o000001ac22311a98 (v000001ac223063d0_0) S_000001ac222fa190;
L_000001ac22382370 .ufunc/vec4 TD_ICESTORM_RAM.pd, 1, o000001ac22311588 (v000001ac223063d0_0) S_000001ac222fa190;
L_000001ac22380bb0 .ufunc/vec4 TD_ICESTORM_RAM.pd, 1, o000001ac22311708 (v000001ac223063d0_0) S_000001ac222fa190;
L_000001ac223820f0 .ufunc/vec4 TD_ICESTORM_RAM.pd, 1, o000001ac223116d8 (v000001ac223063d0_0) S_000001ac222fa190;
L_000001ac22381470 .ufunc/vec4 TD_ICESTORM_RAM.pd, 1, o000001ac223116a8 (v000001ac223063d0_0) S_000001ac222fa190;
L_000001ac22380070 .ufunc/vec4 TD_ICESTORM_RAM.pd, 1, o000001ac22311678 (v000001ac223063d0_0) S_000001ac222fa190;
L_000001ac22382230 .ufunc/vec4 TD_ICESTORM_RAM.pd, 1, o000001ac22311648 (v000001ac223063d0_0) S_000001ac222fa190;
L_000001ac22381a10 .ufunc/vec4 TD_ICESTORM_RAM.pd, 1, o000001ac22311618 (v000001ac223063d0_0) S_000001ac222fa190;
L_000001ac22380110 .ufunc/vec4 TD_ICESTORM_RAM.pd, 1, o000001ac223115e8 (v000001ac223063d0_0) S_000001ac222fa190;
L_000001ac223804d0 .ufunc/vec4 TD_ICESTORM_RAM.pd, 1, o000001ac223115b8 (v000001ac223063d0_0) S_000001ac222fa190;
L_000001ac22381510 .ufunc/vec4 TD_ICESTORM_RAM.pd, 1, o000001ac22311558 (v000001ac223063d0_0) S_000001ac222fa190;
L_000001ac22381ab0 .ufunc/vec4 TD_ICESTORM_RAM.pd, 1, o000001ac22311528 (v000001ac223063d0_0) S_000001ac222fa190;
LS_000001ac22381f10_0_0 .concat [ 1 1 1 1], L_000001ac22381ab0, L_000001ac22381510, L_000001ac223804d0, L_000001ac22380110;
LS_000001ac22381f10_0_4 .concat [ 1 1 1 1], L_000001ac22381a10, L_000001ac22382230, L_000001ac22380070, L_000001ac22381470;
LS_000001ac22381f10_0_8 .concat [ 1 1 1 0], L_000001ac223820f0, L_000001ac22380bb0, L_000001ac22382370;
L_000001ac22381f10 .concat [ 4 4 3 0], LS_000001ac22381f10_0_0, LS_000001ac22381f10_0_4, LS_000001ac22381f10_0_8;
L_000001ac223807f0 .ufunc/vec4 TD_ICESTORM_RAM.pd, 1, o000001ac22311cd8 (v000001ac223063d0_0) S_000001ac222fa190;
L_000001ac22380570 .ufunc/vec4 TD_ICESTORM_RAM.pu, 1, o000001ac22311d08 (v000001ac22305e30_0) S_000001ac222fa320;
L_000001ac223815b0 .ufunc/vec4 TD_ICESTORM_RAM.pd, 1, o000001ac22312038 (v000001ac223063d0_0) S_000001ac222fa190;
L_000001ac22380610 .ufunc/vec4 TD_ICESTORM_RAM.pd, 1, o000001ac22311b28 (v000001ac223063d0_0) S_000001ac222fa190;
L_000001ac22380750 .ufunc/vec4 TD_ICESTORM_RAM.pd, 1, o000001ac22311ca8 (v000001ac223063d0_0) S_000001ac222fa190;
L_000001ac22381bf0 .ufunc/vec4 TD_ICESTORM_RAM.pd, 1, o000001ac22311c78 (v000001ac223063d0_0) S_000001ac222fa190;
L_000001ac223811f0 .ufunc/vec4 TD_ICESTORM_RAM.pd, 1, o000001ac22311c48 (v000001ac223063d0_0) S_000001ac222fa190;
L_000001ac22381650 .ufunc/vec4 TD_ICESTORM_RAM.pd, 1, o000001ac22311c18 (v000001ac223063d0_0) S_000001ac222fa190;
L_000001ac22381fb0 .ufunc/vec4 TD_ICESTORM_RAM.pd, 1, o000001ac22311be8 (v000001ac223063d0_0) S_000001ac222fa190;
L_000001ac223816f0 .ufunc/vec4 TD_ICESTORM_RAM.pd, 1, o000001ac22311bb8 (v000001ac223063d0_0) S_000001ac222fa190;
L_000001ac22381b50 .ufunc/vec4 TD_ICESTORM_RAM.pd, 1, o000001ac22311b88 (v000001ac223063d0_0) S_000001ac222fa190;
L_000001ac22380f70 .ufunc/vec4 TD_ICESTORM_RAM.pd, 1, o000001ac22311b58 (v000001ac223063d0_0) S_000001ac222fa190;
L_000001ac22381d30 .ufunc/vec4 TD_ICESTORM_RAM.pd, 1, o000001ac22311af8 (v000001ac223063d0_0) S_000001ac222fa190;
L_000001ac22381dd0 .ufunc/vec4 TD_ICESTORM_RAM.pd, 1, o000001ac22311ac8 (v000001ac223063d0_0) S_000001ac222fa190;
LS_000001ac22381150_0_0 .concat [ 1 1 1 1], L_000001ac22381dd0, L_000001ac22381d30, L_000001ac22380f70, L_000001ac22381b50;
LS_000001ac22381150_0_4 .concat [ 1 1 1 1], L_000001ac223816f0, L_000001ac22381fb0, L_000001ac22381650, L_000001ac223811f0;
LS_000001ac22381150_0_8 .concat [ 1 1 1 0], L_000001ac22381bf0, L_000001ac22380750, L_000001ac22380610;
L_000001ac22381150 .concat [ 4 4 3 0], LS_000001ac22381150_0_0, LS_000001ac22381150_0_4, LS_000001ac22381150_0_8;
L_000001ac22382050 .ufunc/vec4 TD_ICESTORM_RAM.pd, 1, o000001ac22311378 (v000001ac223063d0_0) S_000001ac222fa190;
L_000001ac22382190 .ufunc/vec4 TD_ICESTORM_RAM.pd, 1, o000001ac22311348 (v000001ac223063d0_0) S_000001ac222fa190;
L_000001ac22380890 .ufunc/vec4 TD_ICESTORM_RAM.pd, 1, o000001ac22311318 (v000001ac223063d0_0) S_000001ac222fa190;
L_000001ac22380930 .ufunc/vec4 TD_ICESTORM_RAM.pd, 1, o000001ac223112e8 (v000001ac223063d0_0) S_000001ac222fa190;
L_000001ac22380ed0 .ufunc/vec4 TD_ICESTORM_RAM.pd, 1, o000001ac223112b8 (v000001ac223063d0_0) S_000001ac222fa190;
L_000001ac22382410 .ufunc/vec4 TD_ICESTORM_RAM.pd, 1, o000001ac22311288 (v000001ac223063d0_0) S_000001ac222fa190;
L_000001ac223809d0 .ufunc/vec4 TD_ICESTORM_RAM.pd, 1, o000001ac223114f8 (v000001ac223063d0_0) S_000001ac222fa190;
L_000001ac223824b0 .ufunc/vec4 TD_ICESTORM_RAM.pd, 1, o000001ac223114c8 (v000001ac223063d0_0) S_000001ac222fa190;
L_000001ac22380c50 .ufunc/vec4 TD_ICESTORM_RAM.pd, 1, o000001ac22311498 (v000001ac223063d0_0) S_000001ac222fa190;
L_000001ac22380cf0 .ufunc/vec4 TD_ICESTORM_RAM.pd, 1, o000001ac22311468 (v000001ac223063d0_0) S_000001ac222fa190;
L_000001ac223ebfd0 .ufunc/vec4 TD_ICESTORM_RAM.pd, 1, o000001ac22311438 (v000001ac223063d0_0) S_000001ac222fa190;
L_000001ac223eca70 .ufunc/vec4 TD_ICESTORM_RAM.pd, 1, o000001ac22311408 (v000001ac223063d0_0) S_000001ac222fa190;
L_000001ac223ecb10 .ufunc/vec4 TD_ICESTORM_RAM.pd, 1, o000001ac223113d8 (v000001ac223063d0_0) S_000001ac222fa190;
L_000001ac223ec070 .ufunc/vec4 TD_ICESTORM_RAM.pd, 1, o000001ac223113a8 (v000001ac223063d0_0) S_000001ac222fa190;
L_000001ac223ec890 .ufunc/vec4 TD_ICESTORM_RAM.pd, 1, o000001ac22311258 (v000001ac223063d0_0) S_000001ac222fa190;
L_000001ac223eabd0 .ufunc/vec4 TD_ICESTORM_RAM.pd, 1, o000001ac22311228 (v000001ac223063d0_0) S_000001ac222fa190;
LS_000001ac223ec250_0_0 .concat [ 1 1 1 1], L_000001ac223eabd0, L_000001ac223ec890, L_000001ac223ec070, L_000001ac223ecb10;
LS_000001ac223ec250_0_4 .concat [ 1 1 1 1], L_000001ac223eca70, L_000001ac223ebfd0, L_000001ac22380cf0, L_000001ac22380c50;
LS_000001ac223ec250_0_8 .concat [ 1 1 1 1], L_000001ac223824b0, L_000001ac223809d0, L_000001ac22382410, L_000001ac22380ed0;
LS_000001ac223ec250_0_12 .concat [ 1 1 1 1], L_000001ac22380930, L_000001ac22380890, L_000001ac22382190, L_000001ac22382050;
L_000001ac223ec250 .concat [ 4 4 4 4], LS_000001ac223ec250_0_0, LS_000001ac223ec250_0_4, LS_000001ac223ec250_0_8, LS_000001ac223ec250_0_12;
L_000001ac223ec9d0 .ufunc/vec4 TD_ICESTORM_RAM.pd, 1, o000001ac22311e88 (v000001ac223063d0_0) S_000001ac222fa190;
L_000001ac223ecbb0 .ufunc/vec4 TD_ICESTORM_RAM.pd, 1, o000001ac22311e58 (v000001ac223063d0_0) S_000001ac222fa190;
L_000001ac223eaa90 .ufunc/vec4 TD_ICESTORM_RAM.pd, 1, o000001ac22311e28 (v000001ac223063d0_0) S_000001ac222fa190;
L_000001ac223ecc50 .ufunc/vec4 TD_ICESTORM_RAM.pd, 1, o000001ac22311df8 (v000001ac223063d0_0) S_000001ac222fa190;
L_000001ac223ece30 .ufunc/vec4 TD_ICESTORM_RAM.pd, 1, o000001ac22311dc8 (v000001ac223063d0_0) S_000001ac222fa190;
L_000001ac223ec570 .ufunc/vec4 TD_ICESTORM_RAM.pd, 1, o000001ac22311d98 (v000001ac223063d0_0) S_000001ac222fa190;
L_000001ac223ec110 .ufunc/vec4 TD_ICESTORM_RAM.pd, 1, o000001ac22312008 (v000001ac223063d0_0) S_000001ac222fa190;
L_000001ac223ec930 .ufunc/vec4 TD_ICESTORM_RAM.pd, 1, o000001ac22311fd8 (v000001ac223063d0_0) S_000001ac222fa190;
L_000001ac223eccf0 .ufunc/vec4 TD_ICESTORM_RAM.pd, 1, o000001ac22311fa8 (v000001ac223063d0_0) S_000001ac222fa190;
L_000001ac223eb170 .ufunc/vec4 TD_ICESTORM_RAM.pd, 1, o000001ac22311f78 (v000001ac223063d0_0) S_000001ac222fa190;
L_000001ac223ebf30 .ufunc/vec4 TD_ICESTORM_RAM.pd, 1, o000001ac22311f48 (v000001ac223063d0_0) S_000001ac222fa190;
L_000001ac223ec610 .ufunc/vec4 TD_ICESTORM_RAM.pd, 1, o000001ac22311f18 (v000001ac223063d0_0) S_000001ac222fa190;
L_000001ac223ec1b0 .ufunc/vec4 TD_ICESTORM_RAM.pd, 1, o000001ac22311ee8 (v000001ac223063d0_0) S_000001ac222fa190;
L_000001ac223eaef0 .ufunc/vec4 TD_ICESTORM_RAM.pd, 1, o000001ac22311eb8 (v000001ac223063d0_0) S_000001ac222fa190;
L_000001ac223eaf90 .ufunc/vec4 TD_ICESTORM_RAM.pd, 1, o000001ac22311d68 (v000001ac223063d0_0) S_000001ac222fa190;
L_000001ac223eb5d0 .ufunc/vec4 TD_ICESTORM_RAM.pd, 1, o000001ac22311d38 (v000001ac223063d0_0) S_000001ac222fa190;
LS_000001ac223eb670_0_0 .concat [ 1 1 1 1], L_000001ac223eb5d0, L_000001ac223eaf90, L_000001ac223eaef0, L_000001ac223ec1b0;
LS_000001ac223eb670_0_4 .concat [ 1 1 1 1], L_000001ac223ec610, L_000001ac223ebf30, L_000001ac223eb170, L_000001ac223eccf0;
LS_000001ac223eb670_0_8 .concat [ 1 1 1 1], L_000001ac223ec930, L_000001ac223ec110, L_000001ac223ec570, L_000001ac223ece30;
LS_000001ac223eb670_0_12 .concat [ 1 1 1 1], L_000001ac223ecc50, L_000001ac223eaa90, L_000001ac223ecbb0, L_000001ac223ec9d0;
L_000001ac223eb670 .concat [ 4 4 4 4], LS_000001ac223eb670_0_0, LS_000001ac223eb670_0_4, LS_000001ac223eb670_0_8, LS_000001ac223eb670_0_12;
S_000001ac222f96a0 .scope module, "RAM" "SB_RAM40_4K" 3 3233, 3 1487 0, S_000001ac221a6590;
 .timescale -12 -12;
    .port_info 0 /OUTPUT 16 "RDATA";
    .port_info 1 /INPUT 1 "RCLK";
    .port_info 2 /INPUT 1 "RCLKE";
    .port_info 3 /INPUT 1 "RE";
    .port_info 4 /INPUT 11 "RADDR";
    .port_info 5 /INPUT 1 "WCLK";
    .port_info 6 /INPUT 1 "WCLKE";
    .port_info 7 /INPUT 1 "WE";
    .port_info 8 /INPUT 11 "WADDR";
    .port_info 9 /INPUT 16 "MASK";
    .port_info 10 /INPUT 16 "WDATA";
P_000001ac22306d40 .param/l "INIT_0" 0 3 1507, C4<0000000000000000000000000000000000000000000000000000000000000000000000000000000000000000000000000000000000000000000000000000000000000000000000000000000000000000000000000000000000000000000000000000000000000000000000000000000000000000000000000000000000000000>;
P_000001ac22306d78 .param/l "INIT_1" 0 3 1508, C4<0000000000000000000000000000000000000000000000000000000000000000000000000000000000000000000000000000000000000000000000000000000000000000000000000000000000000000000000000000000000000000000000000000000000000000000000000000000000000000000000000000000000000000>;
P_000001ac22306db0 .param/l "INIT_2" 0 3 1509, C4<0000000000000000000000000000000000000000000000000000000000000000000000000000000000000000000000000000000000000000000000000000000000000000000000000000000000000000000000000000000000000000000000000000000000000000000000000000000000000000000000000000000000000000>;
P_000001ac22306de8 .param/l "INIT_3" 0 3 1510, C4<0000000000000000000000000000000000000000000000000000000000000000000000000000000000000000000000000000000000000000000000000000000000000000000000000000000000000000000000000000000000000000000000000000000000000000000000000000000000000000000000000000000000000000>;
P_000001ac22306e20 .param/l "INIT_4" 0 3 1511, C4<0000000000000000000000000000000000000000000000000000000000000000000000000000000000000000000000000000000000000000000000000000000000000000000000000000000000000000000000000000000000000000000000000000000000000000000000000000000000000000000000000000000000000000>;
P_000001ac22306e58 .param/l "INIT_5" 0 3 1512, C4<0000000000000000000000000000000000000000000000000000000000000000000000000000000000000000000000000000000000000000000000000000000000000000000000000000000000000000000000000000000000000000000000000000000000000000000000000000000000000000000000000000000000000000>;
P_000001ac22306e90 .param/l "INIT_6" 0 3 1513, C4<0000000000000000000000000000000000000000000000000000000000000000000000000000000000000000000000000000000000000000000000000000000000000000000000000000000000000000000000000000000000000000000000000000000000000000000000000000000000000000000000000000000000000000>;
P_000001ac22306ec8 .param/l "INIT_7" 0 3 1514, C4<0000000000000000000000000000000000000000000000000000000000000000000000000000000000000000000000000000000000000000000000000000000000000000000000000000000000000000000000000000000000000000000000000000000000000000000000000000000000000000000000000000000000000000>;
P_000001ac22306f00 .param/l "INIT_8" 0 3 1515, C4<0000000000000000000000000000000000000000000000000000000000000000000000000000000000000000000000000000000000000000000000000000000000000000000000000000000000000000000000000000000000000000000000000000000000000000000000000000000000000000000000000000000000000000>;
P_000001ac22306f38 .param/l "INIT_9" 0 3 1516, C4<0000000000000000000000000000000000000000000000000000000000000000000000000000000000000000000000000000000000000000000000000000000000000000000000000000000000000000000000000000000000000000000000000000000000000000000000000000000000000000000000000000000000000000>;
P_000001ac22306f70 .param/l "INIT_A" 0 3 1517, C4<0000000000000000000000000000000000000000000000000000000000000000000000000000000000000000000000000000000000000000000000000000000000000000000000000000000000000000000000000000000000000000000000000000000000000000000000000000000000000000000000000000000000000000>;
P_000001ac22306fa8 .param/l "INIT_B" 0 3 1518, C4<0000000000000000000000000000000000000000000000000000000000000000000000000000000000000000000000000000000000000000000000000000000000000000000000000000000000000000000000000000000000000000000000000000000000000000000000000000000000000000000000000000000000000000>;
P_000001ac22306fe0 .param/l "INIT_C" 0 3 1519, C4<0000000000000000000000000000000000000000000000000000000000000000000000000000000000000000000000000000000000000000000000000000000000000000000000000000000000000000000000000000000000000000000000000000000000000000000000000000000000000000000000000000000000000000>;
P_000001ac22307018 .param/l "INIT_D" 0 3 1520, C4<0000000000000000000000000000000000000000000000000000000000000000000000000000000000000000000000000000000000000000000000000000000000000000000000000000000000000000000000000000000000000000000000000000000000000000000000000000000000000000000000000000000000000000>;
P_000001ac22307050 .param/l "INIT_E" 0 3 1521, C4<0000000000000000000000000000000000000000000000000000000000000000000000000000000000000000000000000000000000000000000000000000000000000000000000000000000000000000000000000000000000000000000000000000000000000000000000000000000000000000000000000000000000000000>;
P_000001ac22307088 .param/l "INIT_F" 0 3 1522, C4<0000000000000000000000000000000000000000000000000000000000000000000000000000000000000000000000000000000000000000000000000000000000000000000000000000000000000000000000000000000000000000000000000000000000000000000000000000000000000000000000000000000000000000>;
P_000001ac223070c0 .param/str "INIT_FILE" 0 3 1524, "\000";
P_000001ac223070f8 .param/l "READ_MODE" 0 3 1505, +C4<00000000000000000000000000000000>;
P_000001ac22307130 .param/l "WRITE_MODE" 0 3 1504, +C4<00000000000000000000000000000000>;
v000001ac22305890_0 .net "MASK", 15 0, L_000001ac223ec250;  1 drivers
v000001ac22304d50_0 .net "RADDR", 10 0, L_000001ac22381f10;  1 drivers
v000001ac22306830_0 .net "RCLK", 0 0, L_000001ac222eefb0;  1 drivers
v000001ac22305110_0 .net "RCLKE", 0 0, L_000001ac223810b0;  1 drivers
v000001ac22305610_0 .net "RDATA", 15 0, v000001ac22304fd0_0;  1 drivers
v000001ac22304fd0_0 .var "RDATA_I", 15 0;
v000001ac22305f70_0 .net "RE", 0 0, L_000001ac22381970;  1 drivers
L_000001ac22385af8 .functor BUFT 1, C4<0000000000000000>, C4<0>, C4<0>, C4<0>;
v000001ac22305cf0_0 .net "RMASK_I", 15 0, L_000001ac22385af8;  1 drivers
v000001ac22306290_0 .net "WADDR", 10 0, L_000001ac22381150;  1 drivers
v000001ac22305d90_0 .net "WCLK", 0 0, L_000001ac222ee290;  1 drivers
v000001ac223056b0_0 .net "WCLKE", 0 0, L_000001ac22380570;  1 drivers
v000001ac22306970_0 .net "WDATA", 15 0, L_000001ac223eb670;  1 drivers
v000001ac22305250_0 .net "WDATA_I", 15 0, L_000001ac222ed650;  1 drivers
v000001ac223052f0_0 .net "WE", 0 0, L_000001ac223815b0;  1 drivers
v000001ac22304c10_0 .net "WMASK_I", 15 0, L_000001ac222ed730;  1 drivers
v000001ac22305390_0 .var/i "i", 31 0;
v000001ac22306a10 .array "memory", 255 0, 15 0;
E_000001ac222e0fa0 .event posedge, v000001ac22306830_0;
E_000001ac222e1020 .event posedge, v000001ac22305d90_0;
S_000001ac222f9e70 .scope generate, "genblk1" "genblk1" 3 1534, 3 1534 0, S_000001ac222f96a0;
 .timescale -12 -12;
L_000001ac222ed730 .functor BUFZ 16, L_000001ac223ec250, C4<0000000000000000>, C4<0000000000000000>, C4<0000000000000000>;
S_000001ac222f9ce0 .scope generate, "genblk2" "genblk2" 3 1555, 3 1555 0, S_000001ac222f96a0;
 .timescale -12 -12;
S_000001ac222fa000 .scope generate, "genblk3" "genblk3" 3 1576, 3 1576 0, S_000001ac222f96a0;
 .timescale -12 -12;
L_000001ac222ed650 .functor BUFZ 16, L_000001ac223eb670, C4<0000000000000000>, C4<0000000000000000>, C4<0000000000000000>;
S_000001ac222fa7d0 .scope generate, "genblk4" "genblk4" 3 1595, 3 1595 0, S_000001ac222f96a0;
 .timescale -12 -12;
S_000001ac222fa190 .scope function.vec4.s1, "pd" "pd" 3 3200, 3 3200 0, S_000001ac221a6590;
 .timescale -12 -12;
; Variable pd is vec4 return value of scope S_000001ac222fa190
v000001ac223063d0_0 .var "x", 0 0;
TD_ICESTORM_RAM.pd ;
    %load/vec4 v000001ac223063d0_0;
    %cmpi/e 0, 1, 1;
    %flag_mov 8, 6;
    %jmp/0 T_0.0, 8;
    %pushi/vec4 0, 0, 1;
    %jmp/1 T_0.1, 8;
T_0.0 ; End of true expr.
    %load/vec4 v000001ac223063d0_0;
    %jmp/0 T_0.1, 8;
 ; End of false expr.
    %blend;
T_0.1;
    %ret/vec4 0, 0, 1;  Assign to pd (store_vec4_to_lval)
    %end;
S_000001ac222fa320 .scope function.vec4.s1, "pu" "pu" 3 3207, 3 3207 0, S_000001ac221a6590;
 .timescale -12 -12;
; Variable pu is vec4 return value of scope S_000001ac222fa320
v000001ac22305e30_0 .var "x", 0 0;
TD_ICESTORM_RAM.pu ;
    %load/vec4 v000001ac22305e30_0;
    %cmpi/e 0, 1, 1;
    %flag_mov 8, 6;
    %jmp/0 T_1.2, 8;
    %pushi/vec4 1, 0, 1;
    %jmp/1 T_1.3, 8;
T_1.2 ; End of true expr.
    %load/vec4 v000001ac22305e30_0;
    %jmp/0 T_1.3, 8;
 ; End of false expr.
    %blend;
T_1.3;
    %ret/vec4 0, 0, 1;  Assign to pu (store_vec4_to_lval)
    %end;
S_000001ac221a6720 .scope module, "SB_CARRY" "SB_CARRY" 3 228;
 .timescale -12 -12;
    .port_info 0 /OUTPUT 1 "CO";
    .port_info 1 /INPUT 1 "I0";
    .port_info 2 /INPUT 1 "I1";
    .port_info 3 /INPUT 1 "CI";
o000001ac223139e8 .functor BUFZ 1, c4<z>; HiZ drive
o000001ac22313a18 .functor BUFZ 1, c4<z>; HiZ drive
L_000001ac222eee60 .functor AND 1, o000001ac223139e8, o000001ac22313a18, C4<1>, C4<1>;
L_000001ac222eeca0 .functor OR 1, o000001ac223139e8, o000001ac22313a18, C4<0>, C4<0>;
o000001ac22313988 .functor BUFZ 1, c4<z>; HiZ drive
L_000001ac222edf10 .functor AND 1, L_000001ac222eeca0, o000001ac22313988, C4<1>, C4<1>;
L_000001ac222eeae0 .functor OR 1, L_000001ac222eee60, L_000001ac222edf10, C4<0>, C4<0>;
v000001ac2230aea0_0 .net "CI", 0 0, o000001ac22313988;  0 drivers
v000001ac22309d20_0 .net "CO", 0 0, L_000001ac222eeae0;  1 drivers
v000001ac2230a860_0 .net "I0", 0 0, o000001ac223139e8;  0 drivers
v000001ac2230b1c0_0 .net "I1", 0 0, o000001ac22313a18;  0 drivers
v000001ac2230b080_0 .net *"_ivl_1", 0 0, L_000001ac222eee60;  1 drivers
v000001ac2230a7c0_0 .net *"_ivl_3", 0 0, L_000001ac222eeca0;  1 drivers
v000001ac2230ad60_0 .net *"_ivl_5", 0 0, L_000001ac222edf10;  1 drivers
S_000001ac22066a90 .scope module, "SB_DFF" "SB_DFF" 3 265;
 .timescale -12 -12;
    .port_info 0 /OUTPUT 1 "Q";
    .port_info 1 /INPUT 1 "C";
    .port_info 2 /INPUT 1 "D";
o000001ac22313b98 .functor BUFZ 1, c4<z>; HiZ drive
v000001ac2230a680_0 .net "C", 0 0, o000001ac22313b98;  0 drivers
o000001ac22313bc8 .functor BUFZ 1, c4<z>; HiZ drive
v000001ac22309dc0_0 .net "D", 0 0, o000001ac22313bc8;  0 drivers
v000001ac2230ae00_0 .var "Q", 0 0;
E_000001ac222e1060 .event posedge, v000001ac2230a680_0;
S_000001ac22083530 .scope module, "SB_DFFE" "SB_DFFE" 3 303;
 .timescale -12 -12;
    .port_info 0 /OUTPUT 1 "Q";
    .port_info 1 /INPUT 1 "C";
    .port_info 2 /INPUT 1 "E";
    .port_info 3 /INPUT 1 "D";
o000001ac22313cb8 .functor BUFZ 1, c4<z>; HiZ drive
v000001ac2230b120_0 .net "C", 0 0, o000001ac22313cb8;  0 drivers
o000001ac22313ce8 .functor BUFZ 1, c4<z>; HiZ drive
v000001ac2230a900_0 .net "D", 0 0, o000001ac22313ce8;  0 drivers
o000001ac22313d18 .functor BUFZ 1, c4<z>; HiZ drive
v000001ac2230afe0_0 .net "E", 0 0, o000001ac22313d18;  0 drivers
v000001ac2230a040_0 .var "Q", 0 0;
E_000001ac222e10a0 .event posedge, v000001ac2230b120_0;
S_000001ac2206b830 .scope module, "SB_DFFER" "SB_DFFER" 3 653;
 .timescale -12 -12;
    .port_info 0 /OUTPUT 1 "Q";
    .port_info 1 /INPUT 1 "C";
    .port_info 2 /INPUT 1 "E";
    .port_info 3 /INPUT 1 "R";
    .port_info 4 /INPUT 1 "D";
o000001ac22313e38 .functor BUFZ 1, c4<z>; HiZ drive
v000001ac2230a0e0_0 .net "C", 0 0, o000001ac22313e38;  0 drivers
o000001ac22313e68 .functor BUFZ 1, c4<z>; HiZ drive
v000001ac2230b260_0 .net "D", 0 0, o000001ac22313e68;  0 drivers
o000001ac22313e98 .functor BUFZ 1, c4<z>; HiZ drive
v000001ac2230aa40_0 .net "E", 0 0, o000001ac22313e98;  0 drivers
v000001ac22309be0_0 .var "Q", 0 0;
o000001ac22313ef8 .functor BUFZ 1, c4<z>; HiZ drive
v000001ac2230a180_0 .net "R", 0 0, o000001ac22313ef8;  0 drivers
E_000001ac222e10e0 .event posedge, v000001ac2230a180_0, v000001ac2230a0e0_0;
S_000001ac2206b9c0 .scope module, "SB_DFFES" "SB_DFFES" 3 794;
 .timescale -12 -12;
    .port_info 0 /OUTPUT 1 "Q";
    .port_info 1 /INPUT 1 "C";
    .port_info 2 /INPUT 1 "E";
    .port_info 3 /INPUT 1 "S";
    .port_info 4 /INPUT 1 "D";
o000001ac22314018 .functor BUFZ 1, c4<z>; HiZ drive
v000001ac2230aae0_0 .net "C", 0 0, o000001ac22314018;  0 drivers
o000001ac22314048 .functor BUFZ 1, c4<z>; HiZ drive
v000001ac2235b0b0_0 .net "D", 0 0, o000001ac22314048;  0 drivers
o000001ac22314078 .functor BUFZ 1, c4<z>; HiZ drive
v000001ac2235c410_0 .net "E", 0 0, o000001ac22314078;  0 drivers
v000001ac2235c230_0 .var "Q", 0 0;
o000001ac223140d8 .functor BUFZ 1, c4<z>; HiZ drive
v000001ac2235b010_0 .net "S", 0 0, o000001ac223140d8;  0 drivers
E_000001ac222e1120 .event posedge, v000001ac2235b010_0, v000001ac2230aae0_0;
S_000001ac2206bb50 .scope module, "SB_DFFESR" "SB_DFFESR" 3 592;
 .timescale -12 -12;
    .port_info 0 /OUTPUT 1 "Q";
    .port_info 1 /INPUT 1 "C";
    .port_info 2 /INPUT 1 "E";
    .port_info 3 /INPUT 1 "R";
    .port_info 4 /INPUT 1 "D";
o000001ac223141f8 .functor BUFZ 1, c4<z>; HiZ drive
v000001ac2235b510_0 .net "C", 0 0, o000001ac223141f8;  0 drivers
o000001ac22314228 .functor BUFZ 1, c4<z>; HiZ drive
v000001ac2235b8d0_0 .net "D", 0 0, o000001ac22314228;  0 drivers
o000001ac22314258 .functor BUFZ 1, c4<z>; HiZ drive
v000001ac2235b3d0_0 .net "E", 0 0, o000001ac22314258;  0 drivers
v000001ac2235af70_0 .var "Q", 0 0;
o000001ac223142b8 .functor BUFZ 1, c4<z>; HiZ drive
v000001ac2235b470_0 .net "R", 0 0, o000001ac223142b8;  0 drivers
E_000001ac222e11a0 .event posedge, v000001ac2235b510_0;
S_000001ac22075690 .scope module, "SB_DFFESS" "SB_DFFESS" 3 733;
 .timescale -12 -12;
    .port_info 0 /OUTPUT 1 "Q";
    .port_info 1 /INPUT 1 "C";
    .port_info 2 /INPUT 1 "E";
    .port_info 3 /INPUT 1 "S";
    .port_info 4 /INPUT 1 "D";
o000001ac223143d8 .functor BUFZ 1, c4<z>; HiZ drive
v000001ac2235b6f0_0 .net "C", 0 0, o000001ac223143d8;  0 drivers
o000001ac22314408 .functor BUFZ 1, c4<z>; HiZ drive
v000001ac2235c190_0 .net "D", 0 0, o000001ac22314408;  0 drivers
o000001ac22314438 .functor BUFZ 1, c4<z>; HiZ drive
v000001ac2235c870_0 .net "E", 0 0, o000001ac22314438;  0 drivers
v000001ac2235b970_0 .var "Q", 0 0;
o000001ac22314498 .functor BUFZ 1, c4<z>; HiZ drive
v000001ac2235ccd0_0 .net "S", 0 0, o000001ac22314498;  0 drivers
E_000001ac222e1160 .event posedge, v000001ac2235b6f0_0;
S_000001ac22075820 .scope module, "SB_DFFN" "SB_DFFN" 3 876;
 .timescale -12 -12;
    .port_info 0 /OUTPUT 1 "Q";
    .port_info 1 /INPUT 1 "C";
    .port_info 2 /INPUT 1 "D";
o000001ac223145b8 .functor BUFZ 1, c4<z>; HiZ drive
v000001ac2235c730_0 .net "C", 0 0, o000001ac223145b8;  0 drivers
o000001ac223145e8 .functor BUFZ 1, c4<z>; HiZ drive
v000001ac2235b150_0 .net "D", 0 0, o000001ac223145e8;  0 drivers
v000001ac2235c910_0 .var "Q", 0 0;
E_000001ac222e1260 .event negedge, v000001ac2235c730_0;
S_000001ac220759b0 .scope module, "SB_DFFNE" "SB_DFFNE" 3 914;
 .timescale -12 -12;
    .port_info 0 /OUTPUT 1 "Q";
    .port_info 1 /INPUT 1 "C";
    .port_info 2 /INPUT 1 "E";
    .port_info 3 /INPUT 1 "D";
o000001ac223146d8 .functor BUFZ 1, c4<z>; HiZ drive
v000001ac2235d1d0_0 .net "C", 0 0, o000001ac223146d8;  0 drivers
o000001ac22314708 .functor BUFZ 1, c4<z>; HiZ drive
v000001ac2235cd70_0 .net "D", 0 0, o000001ac22314708;  0 drivers
o000001ac22314738 .functor BUFZ 1, c4<z>; HiZ drive
v000001ac2235ce10_0 .net "E", 0 0, o000001ac22314738;  0 drivers
v000001ac2235b1f0_0 .var "Q", 0 0;
E_000001ac222e12a0 .event negedge, v000001ac2235d1d0_0;
S_000001ac22072cd0 .scope module, "SB_DFFNER" "SB_DFFNER" 3 1264;
 .timescale -12 -12;
    .port_info 0 /OUTPUT 1 "Q";
    .port_info 1 /INPUT 1 "C";
    .port_info 2 /INPUT 1 "E";
    .port_info 3 /INPUT 1 "R";
    .port_info 4 /INPUT 1 "D";
o000001ac22314858 .functor BUFZ 1, c4<z>; HiZ drive
v000001ac2235bfb0_0 .net "C", 0 0, o000001ac22314858;  0 drivers
o000001ac22314888 .functor BUFZ 1, c4<z>; HiZ drive
v000001ac2235b290_0 .net "D", 0 0, o000001ac22314888;  0 drivers
o000001ac223148b8 .functor BUFZ 1, c4<z>; HiZ drive
v000001ac2235b650_0 .net "E", 0 0, o000001ac223148b8;  0 drivers
v000001ac2235b330_0 .var "Q", 0 0;
o000001ac22314918 .functor BUFZ 1, c4<z>; HiZ drive
v000001ac2235b5b0_0 .net "R", 0 0, o000001ac22314918;  0 drivers
E_000001ac222e1fe0/0 .event negedge, v000001ac2235bfb0_0;
E_000001ac222e1fe0/1 .event posedge, v000001ac2235b5b0_0;
E_000001ac222e1fe0 .event/or E_000001ac222e1fe0/0, E_000001ac222e1fe0/1;
S_000001ac22072e60 .scope module, "SB_DFFNES" "SB_DFFNES" 3 1405;
 .timescale -12 -12;
    .port_info 0 /OUTPUT 1 "Q";
    .port_info 1 /INPUT 1 "C";
    .port_info 2 /INPUT 1 "E";
    .port_info 3 /INPUT 1 "S";
    .port_info 4 /INPUT 1 "D";
o000001ac22314a38 .functor BUFZ 1, c4<z>; HiZ drive
v000001ac2235b790_0 .net "C", 0 0, o000001ac22314a38;  0 drivers
o000001ac22314a68 .functor BUFZ 1, c4<z>; HiZ drive
v000001ac2235ac50_0 .net "D", 0 0, o000001ac22314a68;  0 drivers
o000001ac22314a98 .functor BUFZ 1, c4<z>; HiZ drive
v000001ac2235c550_0 .net "E", 0 0, o000001ac22314a98;  0 drivers
v000001ac2235c690_0 .var "Q", 0 0;
o000001ac22314af8 .functor BUFZ 1, c4<z>; HiZ drive
v000001ac2235acf0_0 .net "S", 0 0, o000001ac22314af8;  0 drivers
E_000001ac222e1f60/0 .event negedge, v000001ac2235b790_0;
E_000001ac222e1f60/1 .event posedge, v000001ac2235acf0_0;
E_000001ac222e1f60 .event/or E_000001ac222e1f60/0, E_000001ac222e1f60/1;
S_000001ac222f1b60 .scope module, "SB_DFFNESR" "SB_DFFNESR" 3 1203;
 .timescale -12 -12;
    .port_info 0 /OUTPUT 1 "Q";
    .port_info 1 /INPUT 1 "C";
    .port_info 2 /INPUT 1 "E";
    .port_info 3 /INPUT 1 "R";
    .port_info 4 /INPUT 1 "D";
o000001ac22314c18 .functor BUFZ 1, c4<z>; HiZ drive
v000001ac2235ad90_0 .net "C", 0 0, o000001ac22314c18;  0 drivers
o000001ac22314c48 .functor BUFZ 1, c4<z>; HiZ drive
v000001ac2235c7d0_0 .net "D", 0 0, o000001ac22314c48;  0 drivers
o000001ac22314c78 .functor BUFZ 1, c4<z>; HiZ drive
v000001ac2235ceb0_0 .net "E", 0 0, o000001ac22314c78;  0 drivers
v000001ac2235c2d0_0 .var "Q", 0 0;
o000001ac22314cd8 .functor BUFZ 1, c4<z>; HiZ drive
v000001ac2235c9b0_0 .net "R", 0 0, o000001ac22314cd8;  0 drivers
E_000001ac222e14e0 .event negedge, v000001ac2235ad90_0;
S_000001ac222f2010 .scope module, "SB_DFFNESS" "SB_DFFNESS" 3 1344;
 .timescale -12 -12;
    .port_info 0 /OUTPUT 1 "Q";
    .port_info 1 /INPUT 1 "C";
    .port_info 2 /INPUT 1 "E";
    .port_info 3 /INPUT 1 "S";
    .port_info 4 /INPUT 1 "D";
o000001ac22314df8 .functor BUFZ 1, c4<z>; HiZ drive
v000001ac2235d130_0 .net "C", 0 0, o000001ac22314df8;  0 drivers
o000001ac22314e28 .functor BUFZ 1, c4<z>; HiZ drive
v000001ac2235cf50_0 .net "D", 0 0, o000001ac22314e28;  0 drivers
o000001ac22314e58 .functor BUFZ 1, c4<z>; HiZ drive
v000001ac2235c370_0 .net "E", 0 0, o000001ac22314e58;  0 drivers
v000001ac2235ca50_0 .var "Q", 0 0;
o000001ac22314eb8 .functor BUFZ 1, c4<z>; HiZ drive
v000001ac2235b830_0 .net "S", 0 0, o000001ac22314eb8;  0 drivers
E_000001ac222e1ce0 .event negedge, v000001ac2235d130_0;
S_000001ac222f2650 .scope module, "SB_DFFNR" "SB_DFFNR" 3 1011;
 .timescale -12 -12;
    .port_info 0 /OUTPUT 1 "Q";
    .port_info 1 /INPUT 1 "C";
    .port_info 2 /INPUT 1 "R";
    .port_info 3 /INPUT 1 "D";
o000001ac22314fd8 .functor BUFZ 1, c4<z>; HiZ drive
v000001ac2235ba10_0 .net "C", 0 0, o000001ac22314fd8;  0 drivers
o000001ac22315008 .functor BUFZ 1, c4<z>; HiZ drive
v000001ac2235c0f0_0 .net "D", 0 0, o000001ac22315008;  0 drivers
v000001ac2235bab0_0 .var "Q", 0 0;
o000001ac22315068 .functor BUFZ 1, c4<z>; HiZ drive
v000001ac2235ae30_0 .net "R", 0 0, o000001ac22315068;  0 drivers
E_000001ac222e1560/0 .event negedge, v000001ac2235ba10_0;
E_000001ac222e1560/1 .event posedge, v000001ac2235ae30_0;
E_000001ac222e1560 .event/or E_000001ac222e1560/0, E_000001ac222e1560/1;
S_000001ac222f1e80 .scope module, "SB_DFFNS" "SB_DFFNS" 3 1132;
 .timescale -12 -12;
    .port_info 0 /OUTPUT 1 "Q";
    .port_info 1 /INPUT 1 "C";
    .port_info 2 /INPUT 1 "S";
    .port_info 3 /INPUT 1 "D";
o000001ac22315158 .functor BUFZ 1, c4<z>; HiZ drive
v000001ac2235aed0_0 .net "C", 0 0, o000001ac22315158;  0 drivers
o000001ac22315188 .functor BUFZ 1, c4<z>; HiZ drive
v000001ac2235bb50_0 .net "D", 0 0, o000001ac22315188;  0 drivers
v000001ac2235c5f0_0 .var "Q", 0 0;
o000001ac223151e8 .functor BUFZ 1, c4<z>; HiZ drive
v000001ac2235bbf0_0 .net "S", 0 0, o000001ac223151e8;  0 drivers
E_000001ac222e1660/0 .event negedge, v000001ac2235aed0_0;
E_000001ac222e1660/1 .event posedge, v000001ac2235bbf0_0;
E_000001ac222e1660 .event/or E_000001ac222e1660/0, E_000001ac222e1660/1;
S_000001ac222f1cf0 .scope module, "SB_DFFNSR" "SB_DFFNSR" 3 961;
 .timescale -12 -12;
    .port_info 0 /OUTPUT 1 "Q";
    .port_info 1 /INPUT 1 "C";
    .port_info 2 /INPUT 1 "R";
    .port_info 3 /INPUT 1 "D";
o000001ac223152d8 .functor BUFZ 1, c4<z>; HiZ drive
v000001ac2235cff0_0 .net "C", 0 0, o000001ac223152d8;  0 drivers
o000001ac22315308 .functor BUFZ 1, c4<z>; HiZ drive
v000001ac2235bc90_0 .net "D", 0 0, o000001ac22315308;  0 drivers
v000001ac2235bd30_0 .var "Q", 0 0;
o000001ac22315368 .functor BUFZ 1, c4<z>; HiZ drive
v000001ac2235bdd0_0 .net "R", 0 0, o000001ac22315368;  0 drivers
E_000001ac222e1b60 .event negedge, v000001ac2235cff0_0;
S_000001ac222f21a0 .scope module, "SB_DFFNSS" "SB_DFFNSS" 3 1082;
 .timescale -12 -12;
    .port_info 0 /OUTPUT 1 "Q";
    .port_info 1 /INPUT 1 "C";
    .port_info 2 /INPUT 1 "S";
    .port_info 3 /INPUT 1 "D";
o000001ac22315458 .functor BUFZ 1, c4<z>; HiZ drive
v000001ac2235d090_0 .net "C", 0 0, o000001ac22315458;  0 drivers
o000001ac22315488 .functor BUFZ 1, c4<z>; HiZ drive
v000001ac2235c4b0_0 .net "D", 0 0, o000001ac22315488;  0 drivers
v000001ac2235d270_0 .var "Q", 0 0;
o000001ac223154e8 .functor BUFZ 1, c4<z>; HiZ drive
v000001ac2235caf0_0 .net "S", 0 0, o000001ac223154e8;  0 drivers
E_000001ac222e16a0 .event negedge, v000001ac2235d090_0;
S_000001ac222f2330 .scope module, "SB_DFFR" "SB_DFFR" 3 400;
 .timescale -12 -12;
    .port_info 0 /OUTPUT 1 "Q";
    .port_info 1 /INPUT 1 "C";
    .port_info 2 /INPUT 1 "R";
    .port_info 3 /INPUT 1 "D";
o000001ac223155d8 .functor BUFZ 1, c4<z>; HiZ drive
v000001ac2235be70_0 .net "C", 0 0, o000001ac223155d8;  0 drivers
o000001ac22315608 .functor BUFZ 1, c4<z>; HiZ drive
v000001ac2235bf10_0 .net "D", 0 0, o000001ac22315608;  0 drivers
v000001ac2235c050_0 .var "Q", 0 0;
o000001ac22315668 .functor BUFZ 1, c4<z>; HiZ drive
v000001ac2235cb90_0 .net "R", 0 0, o000001ac22315668;  0 drivers
E_000001ac222e1e20 .event posedge, v000001ac2235cb90_0, v000001ac2235be70_0;
S_000001ac222f24c0 .scope module, "SB_DFFS" "SB_DFFS" 3 521;
 .timescale -12 -12;
    .port_info 0 /OUTPUT 1 "Q";
    .port_info 1 /INPUT 1 "C";
    .port_info 2 /INPUT 1 "S";
    .port_info 3 /INPUT 1 "D";
o000001ac22315758 .functor BUFZ 1, c4<z>; HiZ drive
v000001ac2235cc30_0 .net "C", 0 0, o000001ac22315758;  0 drivers
o000001ac22315788 .functor BUFZ 1, c4<z>; HiZ drive
v000001ac2235d310_0 .net "D", 0 0, o000001ac22315788;  0 drivers
v000001ac2235abb0_0 .var "Q", 0 0;
o000001ac223157e8 .functor BUFZ 1, c4<z>; HiZ drive
v000001ac2235df90_0 .net "S", 0 0, o000001ac223157e8;  0 drivers
E_000001ac222e2120 .event posedge, v000001ac2235df90_0, v000001ac2235cc30_0;
S_000001ac222f27e0 .scope module, "SB_DFFSR" "SB_DFFSR" 3 350;
 .timescale -12 -12;
    .port_info 0 /OUTPUT 1 "Q";
    .port_info 1 /INPUT 1 "C";
    .port_info 2 /INPUT 1 "R";
    .port_info 3 /INPUT 1 "D";
o000001ac223158d8 .functor BUFZ 1, c4<z>; HiZ drive
v000001ac2235d6d0_0 .net "C", 0 0, o000001ac223158d8;  0 drivers
o000001ac22315908 .functor BUFZ 1, c4<z>; HiZ drive
v000001ac2235d4f0_0 .net "D", 0 0, o000001ac22315908;  0 drivers
v000001ac2235e8f0_0 .var "Q", 0 0;
o000001ac22315968 .functor BUFZ 1, c4<z>; HiZ drive
v000001ac2235d9f0_0 .net "R", 0 0, o000001ac22315968;  0 drivers
E_000001ac222e18a0 .event posedge, v000001ac2235d6d0_0;
S_000001ac222f19d0 .scope module, "SB_DFFSS" "SB_DFFSS" 3 471;
 .timescale -12 -12;
    .port_info 0 /OUTPUT 1 "Q";
    .port_info 1 /INPUT 1 "C";
    .port_info 2 /INPUT 1 "S";
    .port_info 3 /INPUT 1 "D";
o000001ac22315a58 .functor BUFZ 1, c4<z>; HiZ drive
v000001ac2235e170_0 .net "C", 0 0, o000001ac22315a58;  0 drivers
o000001ac22315a88 .functor BUFZ 1, c4<z>; HiZ drive
v000001ac2235e350_0 .net "D", 0 0, o000001ac22315a88;  0 drivers
v000001ac2235e2b0_0 .var "Q", 0 0;
o000001ac22315ae8 .functor BUFZ 1, c4<z>; HiZ drive
v000001ac2235e5d0_0 .net "S", 0 0, o000001ac22315ae8;  0 drivers
E_000001ac222e17a0 .event posedge, v000001ac2235e170_0;
S_000001ac222f3980 .scope module, "SB_FILTER_50NS" "SB_FILTER_50NS" 3 2856;
 .timescale -12 -12;
    .port_info 0 /INPUT 1 "FILTERIN";
    .port_info 1 /OUTPUT 1 "FILTEROUT";
o000001ac22315bd8 .functor BUFZ 1, c4<z>; HiZ drive
v000001ac2235d590_0 .net "FILTERIN", 0 0, o000001ac22315bd8;  0 drivers
o000001ac22315c08 .functor BUFZ 1, c4<z>; HiZ drive
v000001ac2235e490_0 .net "FILTEROUT", 0 0, o000001ac22315c08;  0 drivers
S_000001ac222f3fc0 .scope module, "SB_GB" "SB_GB" 3 162;
 .timescale -12 -12;
    .port_info 0 /INPUT 1 "USER_SIGNAL_TO_GLOBAL_BUFFER";
    .port_info 1 /OUTPUT 1 "GLOBAL_BUFFER_OUTPUT";
o000001ac22315cc8 .functor BUFZ 1, c4<z>; HiZ drive
L_000001ac222ed7a0 .functor BUFZ 1, o000001ac22315cc8, C4<0>, C4<0>, C4<0>;
v000001ac2235d770_0 .net "GLOBAL_BUFFER_OUTPUT", 0 0, L_000001ac222ed7a0;  1 drivers
v000001ac2235ea30_0 .net "USER_SIGNAL_TO_GLOBAL_BUFFER", 0 0, o000001ac22315cc8;  0 drivers
S_000001ac222f2e90 .scope module, "SB_GB_IO" "SB_GB_IO" 3 123;
 .timescale -12 -12;
    .port_info 0 /INOUT 1 "PACKAGE_PIN";
    .port_info 1 /OUTPUT 1 "GLOBAL_BUFFER_OUTPUT";
    .port_info 2 /INPUT 1 "LATCH_INPUT_VALUE";
    .port_info 3 /INPUT 1 "CLOCK_ENABLE";
    .port_info 4 /INPUT 1 "INPUT_CLK";
    .port_info 5 /INPUT 1 "OUTPUT_CLK";
    .port_info 6 /INPUT 1 "OUTPUT_ENABLE";
    .port_info 7 /INPUT 1 "D_OUT_0";
    .port_info 8 /INPUT 1 "D_OUT_1";
    .port_info 9 /OUTPUT 1 "D_IN_0";
    .port_info 10 /OUTPUT 1 "D_IN_1";
P_000001ac22072ff0 .param/str "IO_STANDARD" 0 3 139, "SB_LVCMOS";
P_000001ac22073028 .param/l "NEG_TRIGGER" 0 3 138, C4<0>;
P_000001ac22073060 .param/l "PIN_TYPE" 0 3 136, C4<000000>;
P_000001ac22073098 .param/l "PULLUP" 0 3 137, C4<0>;
o000001ac22315f08 .functor BUFZ 1, c4<z>; HiZ drive
L_000001ac222edf80 .functor BUFZ 1, o000001ac22315f08, C4<0>, C4<0>, C4<0>;
o000001ac22315d58 .functor BUFZ 1, c4<z>; HiZ drive
v000001ac22361dc0_0 .net "CLOCK_ENABLE", 0 0, o000001ac22315d58;  0 drivers
v000001ac223624a0_0 .net "D_IN_0", 0 0, L_000001ac222edff0;  1 drivers
v000001ac22361820_0 .net "D_IN_1", 0 0, L_000001ac222eed10;  1 drivers
o000001ac22315de8 .functor BUFZ 1, c4<z>; HiZ drive
v000001ac22362540_0 .net "D_OUT_0", 0 0, o000001ac22315de8;  0 drivers
o000001ac22315e18 .functor BUFZ 1, c4<z>; HiZ drive
v000001ac223618c0_0 .net "D_OUT_1", 0 0, o000001ac22315e18;  0 drivers
v000001ac22361460_0 .net "GLOBAL_BUFFER_OUTPUT", 0 0, L_000001ac222edf80;  1 drivers
o000001ac22315e48 .functor BUFZ 1, c4<z>; HiZ drive
v000001ac22361b40_0 .net "INPUT_CLK", 0 0, o000001ac22315e48;  0 drivers
o000001ac22315e78 .functor BUFZ 1, c4<z>; HiZ drive
v000001ac223629a0_0 .net "LATCH_INPUT_VALUE", 0 0, o000001ac22315e78;  0 drivers
o000001ac22315ea8 .functor BUFZ 1, c4<z>; HiZ drive
v000001ac22362220_0 .net "OUTPUT_CLK", 0 0, o000001ac22315ea8;  0 drivers
o000001ac22315ed8 .functor BUFZ 1, c4<z>; HiZ drive
v000001ac22361be0_0 .net "OUTPUT_ENABLE", 0 0, o000001ac22315ed8;  0 drivers
v000001ac22362400_0 .net "PACKAGE_PIN", 0 0, o000001ac22315f08;  0 drivers
S_000001ac222fa960 .scope module, "IO" "SB_IO" 3 148, 3 17 0, S_000001ac222f2e90;
 .timescale -12 -12;
    .port_info 0 /INOUT 1 "PACKAGE_PIN";
    .port_info 1 /INPUT 1 "LATCH_INPUT_VALUE";
    .port_info 2 /INPUT 1 "CLOCK_ENABLE";
    .port_info 3 /INPUT 1 "INPUT_CLK";
    .port_info 4 /INPUT 1 "OUTPUT_CLK";
    .port_info 5 /INPUT 1 "OUTPUT_ENABLE";
    .port_info 6 /INPUT 1 "D_OUT_0";
    .port_info 7 /INPUT 1 "D_OUT_1";
    .port_info 8 /OUTPUT 1 "D_IN_0";
    .port_info 9 /OUTPUT 1 "D_IN_1";
P_000001ac22307170 .param/str "IO_STANDARD" 0 3 32, "SB_LVCMOS";
P_000001ac223071a8 .param/l "NEG_TRIGGER" 0 3 31, C4<0>;
P_000001ac223071e0 .param/l "PIN_TYPE" 0 3 29, C4<000000>;
P_000001ac22307218 .param/l "PULLUP" 0 3 30, C4<0>;
L_000001ac222ee7d0 .functor OR 1, o000001ac22315d58, L_000001ac223ec2f0, C4<0>, C4<0>;
L_000001ac222edff0 .functor BUFZ 1, v000001ac2235dbd0_0, C4<0>, C4<0>, C4<0>;
L_000001ac222eed10 .functor BUFZ 1, v000001ac2235e990_0, C4<0>, C4<0>, C4<0>;
v000001ac2235def0_0 .net "CLOCK_ENABLE", 0 0, o000001ac22315d58;  alias, 0 drivers
v000001ac2235d810_0 .net "D_IN_0", 0 0, L_000001ac222edff0;  alias, 1 drivers
v000001ac2235d3b0_0 .net "D_IN_1", 0 0, L_000001ac222eed10;  alias, 1 drivers
v000001ac2235d450_0 .net "D_OUT_0", 0 0, o000001ac22315de8;  alias, 0 drivers
v000001ac2235e0d0_0 .net "D_OUT_1", 0 0, o000001ac22315e18;  alias, 0 drivers
v000001ac2235d630_0 .net "INPUT_CLK", 0 0, o000001ac22315e48;  alias, 0 drivers
v000001ac2235d8b0_0 .net "LATCH_INPUT_VALUE", 0 0, o000001ac22315e78;  alias, 0 drivers
v000001ac2235da90_0 .net "OUTPUT_CLK", 0 0, o000001ac22315ea8;  alias, 0 drivers
v000001ac2235e210_0 .net "OUTPUT_ENABLE", 0 0, o000001ac22315ed8;  alias, 0 drivers
v000001ac2235e3f0_0 .net "PACKAGE_PIN", 0 0, o000001ac22315f08;  alias, 0 drivers
o000001ac22315f38 .functor BUFZ 1, c4<z>; HiZ drive
; Elide local net with no drivers, v000001ac2235e710_0 name=_ivl_0
v000001ac2235d950_0 .net *"_ivl_2", 0 0, L_000001ac223ec2f0;  1 drivers
v000001ac2235e670_0 .net "clken_pulled", 0 0, L_000001ac222ee7d0;  1 drivers
v000001ac2235ddb0_0 .var "clken_pulled_ri", 0 0;
v000001ac2235db30_0 .var "clken_pulled_ro", 0 0;
v000001ac2235dbd0_0 .var "din_0", 0 0;
v000001ac2235e990_0 .var "din_1", 0 0;
v000001ac2235dc70_0 .var "din_q_0", 0 0;
v000001ac2235e530_0 .var "din_q_1", 0 0;
v000001ac2235dd10_0 .var "dout", 0 0;
v000001ac2235de50_0 .var "dout_q_0", 0 0;
v000001ac2235e030_0 .var "dout_q_1", 0 0;
v000001ac2235e7b0_0 .var "outclk_delayed_1", 0 0;
v000001ac2235e850_0 .var "outclk_delayed_2", 0 0;
v000001ac22361780_0 .var "outena_q", 0 0;
E_000001ac222e1520 .event anyedge, v000001ac2235e850_0, v000001ac2235de50_0, v000001ac2235e030_0;
E_000001ac222e1ee0 .event anyedge, v000001ac2235e7b0_0;
E_000001ac222e1be0 .event anyedge, v000001ac2235da90_0;
E_000001ac222e2020 .event anyedge, v000001ac2235dc70_0, v000001ac2235e530_0;
L_000001ac223ec2f0 .cmp/eeq 1, o000001ac22315d58, o000001ac22315f38;
S_000001ac222fa640 .scope generate, "genblk1" "genblk1" 3 45, 3 45 0, S_000001ac222fa960;
 .timescale -12 -12;
E_000001ac222e1ba0 .event posedge, v000001ac2235da90_0;
E_000001ac222e20a0 .event negedge, v000001ac2235da90_0;
E_000001ac222e1c20 .event negedge, v000001ac2235d630_0;
E_000001ac222e1c60 .event posedge, v000001ac2235d630_0;
S_000001ac222f3ca0 .scope module, "SB_I2C" "SB_I2C" 3 2733;
 .timescale -12 -12;
    .port_info 0 /INPUT 1 "SBCLKI";
    .port_info 1 /INPUT 1 "SBRWI";
    .port_info 2 /INPUT 1 "SBSTBI";
    .port_info 3 /INPUT 1 "SBADRI7";
    .port_info 4 /INPUT 1 "SBADRI6";
    .port_info 5 /INPUT 1 "SBADRI5";
    .port_info 6 /INPUT 1 "SBADRI4";
    .port_info 7 /INPUT 1 "SBADRI3";
    .port_info 8 /INPUT 1 "SBADRI2";
    .port_info 9 /INPUT 1 "SBADRI1";
    .port_info 10 /INPUT 1 "SBADRI0";
    .port_info 11 /INPUT 1 "SBDATI7";
    .port_info 12 /INPUT 1 "SBDATI6";
    .port_info 13 /INPUT 1 "SBDATI5";
    .port_info 14 /INPUT 1 "SBDATI4";
    .port_info 15 /INPUT 1 "SBDATI3";
    .port_info 16 /INPUT 1 "SBDATI2";
    .port_info 17 /INPUT 1 "SBDATI1";
    .port_info 18 /INPUT 1 "SBDATI0";
    .port_info 19 /INPUT 1 "SCLI";
    .port_info 20 /INPUT 1 "SDAI";
    .port_info 21 /OUTPUT 1 "SBDATO7";
    .port_info 22 /OUTPUT 1 "SBDATO6";
    .port_info 23 /OUTPUT 1 "SBDATO5";
    .port_info 24 /OUTPUT 1 "SBDATO4";
    .port_info 25 /OUTPUT 1 "SBDATO3";
    .port_info 26 /OUTPUT 1 "SBDATO2";
    .port_info 27 /OUTPUT 1 "SBDATO1";
    .port_info 28 /OUTPUT 1 "SBDATO0";
    .port_info 29 /OUTPUT 1 "SBACKO";
    .port_info 30 /OUTPUT 1 "I2CIRQ";
    .port_info 31 /OUTPUT 1 "I2CWKUP";
    .port_info 32 /OUTPUT 1 "SCLO";
    .port_info 33 /OUTPUT 1 "SCLOE";
    .port_info 34 /OUTPUT 1 "SDAO";
    .port_info 35 /OUTPUT 1 "SDAOE";
P_000001ac22118590 .param/str "BUS_ADDR74" 0 3 2772, "0b0001";
P_000001ac221185c8 .param/str "I2C_SLAVE_INIT_ADDR" 0 3 2771, "0b1111100001";
o000001ac22316628 .functor BUFZ 1, c4<z>; HiZ drive
v000001ac22361960_0 .net "I2CIRQ", 0 0, o000001ac22316628;  0 drivers
o000001ac22316658 .functor BUFZ 1, c4<z>; HiZ drive
v000001ac22361e60_0 .net "I2CWKUP", 0 0, o000001ac22316658;  0 drivers
o000001ac22316688 .functor BUFZ 1, c4<z>; HiZ drive
v000001ac223620e0_0 .net "SBACKO", 0 0, o000001ac22316688;  0 drivers
o000001ac223166b8 .functor BUFZ 1, c4<z>; HiZ drive
v000001ac22362720_0 .net "SBADRI0", 0 0, o000001ac223166b8;  0 drivers
o000001ac223166e8 .functor BUFZ 1, c4<z>; HiZ drive
v000001ac22361aa0_0 .net "SBADRI1", 0 0, o000001ac223166e8;  0 drivers
o000001ac22316718 .functor BUFZ 1, c4<z>; HiZ drive
v000001ac22361640_0 .net "SBADRI2", 0 0, o000001ac22316718;  0 drivers
o000001ac22316748 .functor BUFZ 1, c4<z>; HiZ drive
v000001ac22362040_0 .net "SBADRI3", 0 0, o000001ac22316748;  0 drivers
o000001ac22316778 .functor BUFZ 1, c4<z>; HiZ drive
v000001ac22361a00_0 .net "SBADRI4", 0 0, o000001ac22316778;  0 drivers
o000001ac223167a8 .functor BUFZ 1, c4<z>; HiZ drive
v000001ac223627c0_0 .net "SBADRI5", 0 0, o000001ac223167a8;  0 drivers
o000001ac223167d8 .functor BUFZ 1, c4<z>; HiZ drive
v000001ac223625e0_0 .net "SBADRI6", 0 0, o000001ac223167d8;  0 drivers
o000001ac22316808 .functor BUFZ 1, c4<z>; HiZ drive
v000001ac223615a0_0 .net "SBADRI7", 0 0, o000001ac22316808;  0 drivers
o000001ac22316838 .functor BUFZ 1, c4<z>; HiZ drive
v000001ac223616e0_0 .net "SBCLKI", 0 0, o000001ac22316838;  0 drivers
o000001ac22316868 .functor BUFZ 1, c4<z>; HiZ drive
v000001ac223622c0_0 .net "SBDATI0", 0 0, o000001ac22316868;  0 drivers
o000001ac22316898 .functor BUFZ 1, c4<z>; HiZ drive
v000001ac22361c80_0 .net "SBDATI1", 0 0, o000001ac22316898;  0 drivers
o000001ac223168c8 .functor BUFZ 1, c4<z>; HiZ drive
v000001ac22362a40_0 .net "SBDATI2", 0 0, o000001ac223168c8;  0 drivers
o000001ac223168f8 .functor BUFZ 1, c4<z>; HiZ drive
v000001ac22361500_0 .net "SBDATI3", 0 0, o000001ac223168f8;  0 drivers
o000001ac22316928 .functor BUFZ 1, c4<z>; HiZ drive
v000001ac22362900_0 .net "SBDATI4", 0 0, o000001ac22316928;  0 drivers
o000001ac22316958 .functor BUFZ 1, c4<z>; HiZ drive
v000001ac22361d20_0 .net "SBDATI5", 0 0, o000001ac22316958;  0 drivers
o000001ac22316988 .functor BUFZ 1, c4<z>; HiZ drive
v000001ac223613c0_0 .net "SBDATI6", 0 0, o000001ac22316988;  0 drivers
o000001ac223169b8 .functor BUFZ 1, c4<z>; HiZ drive
v000001ac22361f00_0 .net "SBDATI7", 0 0, o000001ac223169b8;  0 drivers
o000001ac223169e8 .functor BUFZ 1, c4<z>; HiZ drive
v000001ac22361fa0_0 .net "SBDATO0", 0 0, o000001ac223169e8;  0 drivers
o000001ac22316a18 .functor BUFZ 1, c4<z>; HiZ drive
v000001ac22362180_0 .net "SBDATO1", 0 0, o000001ac22316a18;  0 drivers
o000001ac22316a48 .functor BUFZ 1, c4<z>; HiZ drive
v000001ac22362360_0 .net "SBDATO2", 0 0, o000001ac22316a48;  0 drivers
o000001ac22316a78 .functor BUFZ 1, c4<z>; HiZ drive
v000001ac22362680_0 .net "SBDATO3", 0 0, o000001ac22316a78;  0 drivers
o000001ac22316aa8 .functor BUFZ 1, c4<z>; HiZ drive
v000001ac22362860_0 .net "SBDATO4", 0 0, o000001ac22316aa8;  0 drivers
o000001ac22316ad8 .functor BUFZ 1, c4<z>; HiZ drive
v000001ac22360600_0 .net "SBDATO5", 0 0, o000001ac22316ad8;  0 drivers
o000001ac22316b08 .functor BUFZ 1, c4<z>; HiZ drive
v000001ac22360380_0 .net "SBDATO6", 0 0, o000001ac22316b08;  0 drivers
o000001ac22316b38 .functor BUFZ 1, c4<z>; HiZ drive
v000001ac22360e20_0 .net "SBDATO7", 0 0, o000001ac22316b38;  0 drivers
o000001ac22316b68 .functor BUFZ 1, c4<z>; HiZ drive
v000001ac22360d80_0 .net "SBRWI", 0 0, o000001ac22316b68;  0 drivers
o000001ac22316b98 .functor BUFZ 1, c4<z>; HiZ drive
v000001ac223604c0_0 .net "SBSTBI", 0 0, o000001ac22316b98;  0 drivers
o000001ac22316bc8 .functor BUFZ 1, c4<z>; HiZ drive
v000001ac2235ef80_0 .net "SCLI", 0 0, o000001ac22316bc8;  0 drivers
o000001ac22316bf8 .functor BUFZ 1, c4<z>; HiZ drive
v000001ac22360880_0 .net "SCLO", 0 0, o000001ac22316bf8;  0 drivers
o000001ac22316c28 .functor BUFZ 1, c4<z>; HiZ drive
v000001ac22360c40_0 .net "SCLOE", 0 0, o000001ac22316c28;  0 drivers
o000001ac22316c58 .functor BUFZ 1, c4<z>; HiZ drive
v000001ac2235f020_0 .net "SDAI", 0 0, o000001ac22316c58;  0 drivers
o000001ac22316c88 .functor BUFZ 1, c4<z>; HiZ drive
v000001ac2235fde0_0 .net "SDAO", 0 0, o000001ac22316c88;  0 drivers
o000001ac22316cb8 .functor BUFZ 1, c4<z>; HiZ drive
v000001ac223601a0_0 .net "SDAOE", 0 0, o000001ac22316cb8;  0 drivers
S_000001ac222f3e30 .scope module, "SB_IO_I3C" "SB_IO_I3C" 3 2862;
 .timescale -12 -12;
    .port_info 0 /INOUT 1 "PACKAGE_PIN";
    .port_info 1 /INPUT 1 "LATCH_INPUT_VALUE";
    .port_info 2 /INPUT 1 "CLOCK_ENABLE";
    .port_info 3 /INPUT 1 "INPUT_CLK";
    .port_info 4 /INPUT 1 "OUTPUT_CLK";
    .port_info 5 /INPUT 1 "OUTPUT_ENABLE";
    .port_info 6 /INPUT 1 "D_OUT_0";
    .port_info 7 /INPUT 1 "D_OUT_1";
    .port_info 8 /OUTPUT 1 "D_IN_0";
    .port_info 9 /OUTPUT 1 "D_IN_1";
    .port_info 10 /INPUT 1 "PU_ENB";
    .port_info 11 /INPUT 1 "WEAK_PU_ENB";
P_000001ac220741b0 .param/str "IO_STANDARD" 0 3 2880, "SB_LVCMOS";
P_000001ac220741e8 .param/l "NEG_TRIGGER" 0 3 2879, C4<0>;
P_000001ac22074220 .param/l "PIN_TYPE" 0 3 2876, C4<000000>;
P_000001ac22074258 .param/l "PULLUP" 0 3 2877, C4<0>;
P_000001ac22074290 .param/l "WEAK_PULLUP" 0 3 2878, C4<0>;
L_000001ac222edc70 .functor BUFZ 1, v000001ac22360ec0_0, C4<0>, C4<0>, C4<0>;
L_000001ac222ee060 .functor BUFZ 1, v000001ac2235fac0_0, C4<0>, C4<0>, C4<0>;
o000001ac223173a8 .functor BUFZ 1, c4<z>; HiZ drive
v000001ac2235ee40_0 .net "CLOCK_ENABLE", 0 0, o000001ac223173a8;  0 drivers
v000001ac2235eda0_0 .net "D_IN_0", 0 0, L_000001ac222edc70;  1 drivers
v000001ac223607e0_0 .net "D_IN_1", 0 0, L_000001ac222ee060;  1 drivers
o000001ac22317438 .functor BUFZ 1, c4<z>; HiZ drive
v000001ac22360ce0_0 .net "D_OUT_0", 0 0, o000001ac22317438;  0 drivers
o000001ac22317468 .functor BUFZ 1, c4<z>; HiZ drive
v000001ac2235fd40_0 .net "D_OUT_1", 0 0, o000001ac22317468;  0 drivers
o000001ac22317498 .functor BUFZ 1, c4<z>; HiZ drive
v000001ac223609c0_0 .net "INPUT_CLK", 0 0, o000001ac22317498;  0 drivers
o000001ac223174c8 .functor BUFZ 1, c4<z>; HiZ drive
v000001ac2235f840_0 .net "LATCH_INPUT_VALUE", 0 0, o000001ac223174c8;  0 drivers
o000001ac223174f8 .functor BUFZ 1, c4<z>; HiZ drive
v000001ac2235fb60_0 .net "OUTPUT_CLK", 0 0, o000001ac223174f8;  0 drivers
o000001ac22317528 .functor BUFZ 1, c4<z>; HiZ drive
v000001ac22360420_0 .net "OUTPUT_ENABLE", 0 0, o000001ac22317528;  0 drivers
o000001ac22317558 .functor BUFZ 1, c4<z>; HiZ drive
v000001ac22360240_0 .net "PACKAGE_PIN", 0 0, o000001ac22317558;  0 drivers
o000001ac22317588 .functor BUFZ 1, c4<z>; HiZ drive
v000001ac2235f0c0_0 .net "PU_ENB", 0 0, o000001ac22317588;  0 drivers
o000001ac223175b8 .functor BUFZ 1, c4<z>; HiZ drive
v000001ac223606a0_0 .net "WEAK_PU_ENB", 0 0, o000001ac223175b8;  0 drivers
v000001ac22360ec0_0 .var "din_0", 0 0;
v000001ac2235fac0_0 .var "din_1", 0 0;
v000001ac2235f8e0_0 .var "din_q_0", 0 0;
v000001ac22360740_0 .var "din_q_1", 0 0;
v000001ac2235f520_0 .var "dout", 0 0;
v000001ac2235f200_0 .var "dout_q_0", 0 0;
v000001ac2235f5c0_0 .var "dout_q_1", 0 0;
v000001ac22360f60_0 .var "outclk_delayed_1", 0 0;
v000001ac2235f160_0 .var "outclk_delayed_2", 0 0;
v000001ac2235f3e0_0 .var "outena_q", 0 0;
E_000001ac222e1ca0 .event anyedge, v000001ac2235f160_0, v000001ac2235f200_0, v000001ac2235f5c0_0;
E_000001ac222e20e0 .event anyedge, v000001ac22360f60_0;
E_000001ac222e1d20 .event anyedge, v000001ac2235fb60_0;
E_000001ac222e1d60 .event anyedge, v000001ac2235f8e0_0, v000001ac22360740_0;
S_000001ac222faaf0 .scope generate, "genblk1" "genblk1" 3 2888, 3 2888 0, S_000001ac222f3e30;
 .timescale -12 -12;
E_000001ac222e1720 .event posedge, v000001ac2235fb60_0;
E_000001ac222e1420 .event negedge, v000001ac2235fb60_0;
E_000001ac222e22e0 .event negedge, v000001ac223609c0_0;
E_000001ac222e2060 .event posedge, v000001ac223609c0_0;
S_000001ac222f31b0 .scope module, "SB_IO_OD" "SB_IO_OD" 3 2931;
 .timescale -12 -12;
    .port_info 0 /INOUT 1 "PACKAGEPIN";
    .port_info 1 /INPUT 1 "LATCHINPUTVALUE";
    .port_info 2 /INPUT 1 "CLOCKENABLE";
    .port_info 3 /INPUT 1 "INPUTCLK";
    .port_info 4 /INPUT 1 "OUTPUTCLK";
    .port_info 5 /INPUT 1 "OUTPUTENABLE";
    .port_info 6 /INPUT 1 "DOUT1";
    .port_info 7 /INPUT 1 "DOUT0";
    .port_info 8 /OUTPUT 1 "DIN1";
    .port_info 9 /OUTPUT 1 "DIN0";
P_000001ac22117990 .param/l "NEG_TRIGGER" 0 3 2944, C4<0>;
P_000001ac221179c8 .param/l "PIN_TYPE" 0 3 2943, C4<000000>;
L_000001ac222ee0d0 .functor BUFZ 1, v000001ac22360b00_0, C4<0>, C4<0>, C4<0>;
L_000001ac222ee840 .functor BUFZ 1, v000001ac2235f700_0, C4<0>, C4<0>, C4<0>;
o000001ac22317a08 .functor BUFZ 1, c4<z>; HiZ drive
v000001ac2235eee0_0 .net "CLOCKENABLE", 0 0, o000001ac22317a08;  0 drivers
v000001ac2235f660_0 .net "DIN0", 0 0, L_000001ac222ee0d0;  1 drivers
v000001ac2235fe80_0 .net "DIN1", 0 0, L_000001ac222ee840;  1 drivers
o000001ac22317a98 .functor BUFZ 1, c4<z>; HiZ drive
v000001ac22360560_0 .net "DOUT0", 0 0, o000001ac22317a98;  0 drivers
o000001ac22317ac8 .functor BUFZ 1, c4<z>; HiZ drive
v000001ac22360ba0_0 .net "DOUT1", 0 0, o000001ac22317ac8;  0 drivers
o000001ac22317af8 .functor BUFZ 1, c4<z>; HiZ drive
v000001ac2235f7a0_0 .net "INPUTCLK", 0 0, o000001ac22317af8;  0 drivers
o000001ac22317b28 .functor BUFZ 1, c4<z>; HiZ drive
v000001ac22361000_0 .net "LATCHINPUTVALUE", 0 0, o000001ac22317b28;  0 drivers
o000001ac22317b58 .functor BUFZ 1, c4<z>; HiZ drive
v000001ac2235f980_0 .net "OUTPUTCLK", 0 0, o000001ac22317b58;  0 drivers
o000001ac22317b88 .functor BUFZ 1, c4<z>; HiZ drive
v000001ac2235f2a0_0 .net "OUTPUTENABLE", 0 0, o000001ac22317b88;  0 drivers
o000001ac22317bb8 .functor BUFZ 1, c4<z>; HiZ drive
v000001ac223610a0_0 .net "PACKAGEPIN", 0 0, o000001ac22317bb8;  0 drivers
v000001ac22360b00_0 .var "din_0", 0 0;
v000001ac2235f700_0 .var "din_1", 0 0;
v000001ac22360920_0 .var "din_q_0", 0 0;
v000001ac2235ec60_0 .var "din_q_1", 0 0;
v000001ac22360a60_0 .var "dout", 0 0;
v000001ac2235fa20_0 .var "dout_q_0", 0 0;
v000001ac22361140_0 .var "dout_q_1", 0 0;
v000001ac223602e0_0 .var "outclk_delayed_1", 0 0;
v000001ac2235f340_0 .var "outclk_delayed_2", 0 0;
v000001ac223611e0_0 .var "outena_q", 0 0;
E_000001ac222e1fa0 .event anyedge, v000001ac2235f340_0, v000001ac2235fa20_0, v000001ac22361140_0;
E_000001ac222e15a0 .event anyedge, v000001ac223602e0_0;
E_000001ac222e16e0 .event anyedge, v000001ac2235f980_0;
E_000001ac222e2320 .event anyedge, v000001ac22360920_0, v000001ac2235ec60_0;
S_000001ac222fac80 .scope generate, "genblk1" "genblk1" 3 2952, 3 2952 0, S_000001ac222f31b0;
 .timescale -12 -12;
E_000001ac222e2160 .event posedge, v000001ac2235f980_0;
E_000001ac222e1760 .event negedge, v000001ac2235f980_0;
E_000001ac222e1da0 .event negedge, v000001ac2235f7a0_0;
E_000001ac222e2220 .event posedge, v000001ac2235f7a0_0;
S_000001ac222f2d00 .scope module, "SB_LEDDA_IP" "SB_LEDDA_IP" 3 2830;
 .timescale -12 -12;
    .port_info 0 /INPUT 1 "LEDDCS";
    .port_info 1 /INPUT 1 "LEDDCLK";
    .port_info 2 /INPUT 1 "LEDDDAT7";
    .port_info 3 /INPUT 1 "LEDDDAT6";
    .port_info 4 /INPUT 1 "LEDDDAT5";
    .port_info 5 /INPUT 1 "LEDDDAT4";
    .port_info 6 /INPUT 1 "LEDDDAT3";
    .port_info 7 /INPUT 1 "LEDDDAT2";
    .port_info 8 /INPUT 1 "LEDDDAT1";
    .port_info 9 /INPUT 1 "LEDDDAT0";
    .port_info 10 /INPUT 1 "LEDDADDR3";
    .port_info 11 /INPUT 1 "LEDDADDR2";
    .port_info 12 /INPUT 1 "LEDDADDR1";
    .port_info 13 /INPUT 1 "LEDDADDR0";
    .port_info 14 /INPUT 1 "LEDDDEN";
    .port_info 15 /INPUT 1 "LEDDEXE";
    .port_info 16 /INPUT 1 "LEDDRST";
    .port_info 17 /OUTPUT 1 "PWMOUT0";
    .port_info 18 /OUTPUT 1 "PWMOUT1";
    .port_info 19 /OUTPUT 1 "PWMOUT2";
    .port_info 20 /OUTPUT 1 "LEDDON";
o000001ac22317fa8 .functor BUFZ 1, c4<z>; HiZ drive
v000001ac22361280_0 .net "LEDDADDR0", 0 0, o000001ac22317fa8;  0 drivers
o000001ac22317fd8 .functor BUFZ 1, c4<z>; HiZ drive
v000001ac2235fc00_0 .net "LEDDADDR1", 0 0, o000001ac22317fd8;  0 drivers
o000001ac22318008 .functor BUFZ 1, c4<z>; HiZ drive
v000001ac22361320_0 .net "LEDDADDR2", 0 0, o000001ac22318008;  0 drivers
o000001ac22318038 .functor BUFZ 1, c4<z>; HiZ drive
v000001ac2235f480_0 .net "LEDDADDR3", 0 0, o000001ac22318038;  0 drivers
o000001ac22318068 .functor BUFZ 1, c4<z>; HiZ drive
v000001ac2235ebc0_0 .net "LEDDCLK", 0 0, o000001ac22318068;  0 drivers
o000001ac22318098 .functor BUFZ 1, c4<z>; HiZ drive
v000001ac2235fca0_0 .net "LEDDCS", 0 0, o000001ac22318098;  0 drivers
o000001ac223180c8 .functor BUFZ 1, c4<z>; HiZ drive
v000001ac2235ff20_0 .net "LEDDDAT0", 0 0, o000001ac223180c8;  0 drivers
o000001ac223180f8 .functor BUFZ 1, c4<z>; HiZ drive
v000001ac2235ffc0_0 .net "LEDDDAT1", 0 0, o000001ac223180f8;  0 drivers
o000001ac22318128 .functor BUFZ 1, c4<z>; HiZ drive
v000001ac22360060_0 .net "LEDDDAT2", 0 0, o000001ac22318128;  0 drivers
o000001ac22318158 .functor BUFZ 1, c4<z>; HiZ drive
v000001ac22360100_0 .net "LEDDDAT3", 0 0, o000001ac22318158;  0 drivers
o000001ac22318188 .functor BUFZ 1, c4<z>; HiZ drive
v000001ac2235ed00_0 .net "LEDDDAT4", 0 0, o000001ac22318188;  0 drivers
o000001ac223181b8 .functor BUFZ 1, c4<z>; HiZ drive
v000001ac22364e30_0 .net "LEDDDAT5", 0 0, o000001ac223181b8;  0 drivers
o000001ac223181e8 .functor BUFZ 1, c4<z>; HiZ drive
v000001ac22363210_0 .net "LEDDDAT6", 0 0, o000001ac223181e8;  0 drivers
o000001ac22318218 .functor BUFZ 1, c4<z>; HiZ drive
v000001ac223644d0_0 .net "LEDDDAT7", 0 0, o000001ac22318218;  0 drivers
o000001ac22318248 .functor BUFZ 1, c4<z>; HiZ drive
v000001ac22364ed0_0 .net "LEDDDEN", 0 0, o000001ac22318248;  0 drivers
o000001ac22318278 .functor BUFZ 1, c4<z>; HiZ drive
v000001ac223647f0_0 .net "LEDDEXE", 0 0, o000001ac22318278;  0 drivers
o000001ac223182a8 .functor BUFZ 1, c4<z>; HiZ drive
v000001ac223649d0_0 .net "LEDDON", 0 0, o000001ac223182a8;  0 drivers
o000001ac223182d8 .functor BUFZ 1, c4<z>; HiZ drive
v000001ac22363fd0_0 .net "LEDDRST", 0 0, o000001ac223182d8;  0 drivers
o000001ac22318308 .functor BUFZ 1, c4<z>; HiZ drive
v000001ac22363e90_0 .net "PWMOUT0", 0 0, o000001ac22318308;  0 drivers
o000001ac22318338 .functor BUFZ 1, c4<z>; HiZ drive
v000001ac22364750_0 .net "PWMOUT1", 0 0, o000001ac22318338;  0 drivers
o000001ac22318368 .functor BUFZ 1, c4<z>; HiZ drive
v000001ac22363670_0 .net "PWMOUT2", 0 0, o000001ac22318368;  0 drivers
S_000001ac222f4150 .scope module, "SB_LED_DRV_CUR" "SB_LED_DRV_CUR" 3 2709;
 .timescale -12 -12;
    .port_info 0 /INPUT 1 "EN";
    .port_info 1 /OUTPUT 1 "LEDPU";
o000001ac22318788 .functor BUFZ 1, c4<z>; HiZ drive
v000001ac22362ef0_0 .net "EN", 0 0, o000001ac22318788;  0 drivers
o000001ac223187b8 .functor BUFZ 1, c4<z>; HiZ drive
v000001ac223632b0_0 .net "LEDPU", 0 0, o000001ac223187b8;  0 drivers
S_000001ac222f3660 .scope module, "SB_LFOSC" "SB_LFOSC" 3 2684;
 .timescale -12 -12;
    .port_info 0 /INPUT 1 "CLKLFPU";
    .port_info 1 /INPUT 1 "CLKLFEN";
    .port_info 2 /OUTPUT 1 "CLKLF";
o000001ac22318848 .functor BUFZ 1, c4<z>; HiZ drive
v000001ac22363f30_0 .net "CLKLF", 0 0, o000001ac22318848;  0 drivers
o000001ac22318878 .functor BUFZ 1, c4<z>; HiZ drive
v000001ac22365150_0 .net "CLKLFEN", 0 0, o000001ac22318878;  0 drivers
o000001ac223188a8 .functor BUFZ 1, c4<z>; HiZ drive
v000001ac22364a70_0 .net "CLKLFPU", 0 0, o000001ac223188a8;  0 drivers
S_000001ac222f29e0 .scope module, "SB_LUT4" "SB_LUT4" 3 177;
 .timescale -12 -12;
    .port_info 0 /OUTPUT 1 "O";
    .port_info 1 /INPUT 1 "I0";
    .port_info 2 /INPUT 1 "I1";
    .port_info 3 /INPUT 1 "I2";
    .port_info 4 /INPUT 1 "I3";
P_000001ac222e0f20 .param/l "LUT_INIT" 0 3 184, C4<0000000000000000>;
o000001ac22318968 .functor BUFZ 1, c4<z>; HiZ drive
v000001ac22364cf0_0 .net "I0", 0 0, o000001ac22318968;  0 drivers
o000001ac22318998 .functor BUFZ 1, c4<z>; HiZ drive
v000001ac223641b0_0 .net "I1", 0 0, o000001ac22318998;  0 drivers
o000001ac223189c8 .functor BUFZ 1, c4<z>; HiZ drive
v000001ac22364070_0 .net "I2", 0 0, o000001ac223189c8;  0 drivers
o000001ac223189f8 .functor BUFZ 1, c4<z>; HiZ drive
v000001ac22363b70_0 .net "I3", 0 0, o000001ac223189f8;  0 drivers
v000001ac22364430_0 .net "O", 0 0, L_000001ac223ebc10;  1 drivers
L_000001ac22385bd0 .functor BUFT 1, C4<00000000>, C4<0>, C4<0>, C4<0>;
v000001ac22364250_0 .net/2u *"_ivl_0", 7 0, L_000001ac22385bd0;  1 drivers
v000001ac223651f0_0 .net *"_ivl_13", 1 0, L_000001ac223ed010;  1 drivers
v000001ac22364f70_0 .net *"_ivl_15", 1 0, L_000001ac223ecd90;  1 drivers
v000001ac223642f0_0 .net *"_ivl_19", 0 0, L_000001ac223eb8f0;  1 drivers
L_000001ac22385c18 .functor BUFT 1, C4<00000000>, C4<0>, C4<0>, C4<0>;
v000001ac22364b10_0 .net/2u *"_ivl_2", 7 0, L_000001ac22385c18;  1 drivers
v000001ac22362c70_0 .net *"_ivl_21", 0 0, L_000001ac223ebb70;  1 drivers
v000001ac223635d0_0 .net *"_ivl_7", 3 0, L_000001ac223ec390;  1 drivers
v000001ac22363490_0 .net *"_ivl_9", 3 0, L_000001ac223ec6b0;  1 drivers
v000001ac223633f0_0 .net "s1", 1 0, L_000001ac223ecf70;  1 drivers
v000001ac22364bb0_0 .net "s2", 3 0, L_000001ac223eb210;  1 drivers
v000001ac22363d50_0 .net "s3", 7 0, L_000001ac223eced0;  1 drivers
L_000001ac223eced0 .functor MUXZ 8, L_000001ac22385c18, L_000001ac22385bd0, o000001ac223189f8, C4<>;
L_000001ac223ec390 .part L_000001ac223eced0, 4, 4;
L_000001ac223ec6b0 .part L_000001ac223eced0, 0, 4;
L_000001ac223eb210 .functor MUXZ 4, L_000001ac223ec6b0, L_000001ac223ec390, o000001ac223189c8, C4<>;
L_000001ac223ed010 .part L_000001ac223eb210, 2, 2;
L_000001ac223ecd90 .part L_000001ac223eb210, 0, 2;
L_000001ac223ecf70 .functor MUXZ 2, L_000001ac223ecd90, L_000001ac223ed010, o000001ac22318998, C4<>;
L_000001ac223eb8f0 .part L_000001ac223ecf70, 1, 1;
L_000001ac223ebb70 .part L_000001ac223ecf70, 0, 1;
L_000001ac223ebc10 .functor MUXZ 1, L_000001ac223ebb70, L_000001ac223eb8f0, o000001ac22318968, C4<>;
S_000001ac222f3b10 .scope module, "SB_MAC16" "SB_MAC16" 3 2996;
 .timescale -12 -12;
    .port_info 0 /INPUT 1 "CLK";
    .port_info 1 /INPUT 1 "CE";
    .port_info 2 /INPUT 16 "C";
    .port_info 3 /INPUT 16 "A";
    .port_info 4 /INPUT 16 "B";
    .port_info 5 /INPUT 16 "D";
    .port_info 6 /INPUT 1 "AHOLD";
    .port_info 7 /INPUT 1 "BHOLD";
    .port_info 8 /INPUT 1 "CHOLD";
    .port_info 9 /INPUT 1 "DHOLD";
    .port_info 10 /INPUT 1 "IRSTTOP";
    .port_info 11 /INPUT 1 "IRSTBOT";
    .port_info 12 /INPUT 1 "ORSTTOP";
    .port_info 13 /INPUT 1 "ORSTBOT";
    .port_info 14 /INPUT 1 "OLOADTOP";
    .port_info 15 /INPUT 1 "OLOADBOT";
    .port_info 16 /INPUT 1 "ADDSUBTOP";
    .port_info 17 /INPUT 1 "ADDSUBBOT";
    .port_info 18 /INPUT 1 "OHOLDTOP";
    .port_info 19 /INPUT 1 "OHOLDBOT";
    .port_info 20 /INPUT 1 "CI";
    .port_info 21 /INPUT 1 "ACCUMCI";
    .port_info 22 /INPUT 1 "SIGNEXTIN";
    .port_info 23 /OUTPUT 32 "O";
    .port_info 24 /OUTPUT 1 "CO";
    .port_info 25 /OUTPUT 1 "ACCUMCO";
    .port_info 26 /OUTPUT 1 "SIGNEXTOUT";
P_000001ac2207b060 .param/l "A_REG" 0 3 3011, C4<0>;
P_000001ac2207b098 .param/l "A_SIGNED" 0 3 3027, C4<0>;
P_000001ac2207b0d0 .param/l "BOTADDSUB_CARRYSELECT" 0 3 3025, C4<00>;
P_000001ac2207b108 .param/l "BOTADDSUB_LOWERINPUT" 0 3 3023, C4<00>;
P_000001ac2207b140 .param/l "BOTADDSUB_UPPERINPUT" 0 3 3024, C4<0>;
P_000001ac2207b178 .param/l "BOTOUTPUT_SELECT" 0 3 3022, C4<00>;
P_000001ac2207b1b0 .param/l "BOT_8x8_MULT_REG" 0 3 3015, C4<0>;
P_000001ac2207b1e8 .param/l "B_REG" 0 3 3012, C4<0>;
P_000001ac2207b220 .param/l "B_SIGNED" 0 3 3028, C4<0>;
P_000001ac2207b258 .param/l "C_REG" 0 3 3010, C4<0>;
P_000001ac2207b290 .param/l "D_REG" 0 3 3013, C4<0>;
P_000001ac2207b2c8 .param/l "MODE_8x8" 0 3 3026, C4<0>;
P_000001ac2207b300 .param/l "NEG_TRIGGER" 0 3 3009, C4<0>;
P_000001ac2207b338 .param/l "PIPELINE_16x16_MULT_REG1" 0 3 3016, C4<0>;
P_000001ac2207b370 .param/l "PIPELINE_16x16_MULT_REG2" 0 3 3017, C4<0>;
P_000001ac2207b3a8 .param/l "TOPADDSUB_CARRYSELECT" 0 3 3021, C4<00>;
P_000001ac2207b3e0 .param/l "TOPADDSUB_LOWERINPUT" 0 3 3019, C4<00>;
P_000001ac2207b418 .param/l "TOPADDSUB_UPPERINPUT" 0 3 3020, C4<0>;
P_000001ac2207b450 .param/l "TOPOUTPUT_SELECT" 0 3 3018, C4<00>;
P_000001ac2207b488 .param/l "TOP_8x8_MULT_REG" 0 3 3014, C4<0>;
o000001ac22319058 .functor BUFZ 1, c4<z>; HiZ drive
L_000001ac22385c60 .functor BUFT 1, C4<0>, C4<0>, C4<0>, C4<0>;
L_000001ac222ee990 .functor XOR 1, o000001ac22319058, L_000001ac22385c60, C4<0>, C4<0>;
o000001ac22318f98 .functor BUFZ 16, c4<zzzzzzzzzzzzzzzz>; HiZ drive
L_000001ac222ee4c0 .functor BUFZ 16, o000001ac22318f98, C4<0000000000000000>, C4<0000000000000000>, C4<0000000000000000>;
o000001ac22318d58 .functor BUFZ 16, c4<zzzzzzzzzzzzzzzz>; HiZ drive
L_000001ac222ee8b0 .functor BUFZ 16, o000001ac22318d58, C4<0000000000000000>, C4<0000000000000000>, C4<0000000000000000>;
o000001ac22318ed8 .functor BUFZ 16, c4<zzzzzzzzzzzzzzzz>; HiZ drive
L_000001ac222ee1b0 .functor BUFZ 16, o000001ac22318ed8, C4<0000000000000000>, C4<0000000000000000>, C4<0000000000000000>;
o000001ac223190b8 .functor BUFZ 16, c4<zzzzzzzzzzzzzzzz>; HiZ drive
L_000001ac222ed6c0 .functor BUFZ 16, o000001ac223190b8, C4<0000000000000000>, C4<0000000000000000>, C4<0000000000000000>;
L_000001ac222eed80 .functor BUFZ 16, L_000001ac223ec430, C4<0000000000000000>, C4<0000000000000000>, C4<0000000000000000>;
L_000001ac222ed490 .functor BUFZ 16, L_000001ac223eb0d0, C4<0000000000000000>, C4<0000000000000000>, C4<0000000000000000>;
L_000001ac222ee140 .functor BUFZ 16, L_000001ac223eb2b0, C4<0000000000000000>, C4<0000000000000000>, C4<0000000000000000>;
L_000001ac222ed500 .functor BUFZ 16, L_000001ac223ebdf0, C4<0000000000000000>, C4<0000000000000000>, C4<0000000000000000>;
L_000001ac222ed9d0 .functor BUFZ 32, L_000001ac223ed650, C4<00000000000000000000000000000000>, C4<00000000000000000000000000000000>, C4<00000000000000000000000000000000>;
L_000001ac222ee370 .functor BUFZ 16, v000001ac2236a920_0, C4<0000000000000000>, C4<0000000000000000>, C4<0000000000000000>;
L_000001ac222ed570 .functor BUFZ 16, L_000001ac222ee8b0, C4<0000000000000000>, C4<0000000000000000>, C4<0000000000000000>;
L_000001ac222eeb50 .functor XOR 17, L_000001ac223ed1f0, L_000001ac223ed6f0, C4<00000000000000000>, C4<00000000000000000>;
o000001ac22318e18 .functor BUFZ 1, c4<z>; HiZ drive
L_000001ac222ed8f0 .functor XOR 1, L_000001ac223ed790, o000001ac22318e18, C4<0>, C4<0>;
L_000001ac222ed5e0 .functor XOR 16, L_000001ac223ed3d0, L_000001ac223ed150, C4<0000000000000000>, C4<0000000000000000>;
L_000001ac222ee450 .functor BUFZ 16, L_000001ac223ed5b0, C4<0000000000000000>, C4<0000000000000000>, C4<0000000000000000>;
L_000001ac222eda40 .functor BUFZ 16, v000001ac2236ba00_0, C4<0000000000000000>, C4<0000000000000000>, C4<0000000000000000>;
L_000001ac222edab0 .functor BUFZ 16, L_000001ac222ee1b0, C4<0000000000000000>, C4<0000000000000000>, C4<0000000000000000>;
L_000001ac222ee920 .functor XOR 17, L_000001ac223e5c70, L_000001ac223e5f90, C4<00000000000000000>, C4<00000000000000000>;
L_000001ac222ee530 .functor XOR 16, L_000001ac223e6210, L_000001ac223e74d0, C4<0000000000000000>, C4<0000000000000000>;
L_000001ac222eea70 .functor BUFZ 16, L_000001ac223e7e30, C4<0000000000000000>, C4<0000000000000000>, C4<0000000000000000>;
v000001ac22363c10_0 .net "A", 15 0, o000001ac22318d58;  0 drivers
o000001ac22318d88 .functor BUFZ 1, c4<z>; HiZ drive
v000001ac22364890_0 .net "ACCUMCI", 0 0, o000001ac22318d88;  0 drivers
v000001ac223638f0_0 .net "ACCUMCO", 0 0, L_000001ac223ed790;  1 drivers
o000001ac22318de8 .functor BUFZ 1, c4<z>; HiZ drive
v000001ac22363990_0 .net "ADDSUBBOT", 0 0, o000001ac22318de8;  0 drivers
v000001ac22365010_0 .net "ADDSUBTOP", 0 0, o000001ac22318e18;  0 drivers
o000001ac22318e48 .functor BUFZ 1, c4<z>; HiZ drive
v000001ac22362f90_0 .net "AHOLD", 0 0, o000001ac22318e48;  0 drivers
v000001ac22364d90_0 .net "Ah", 15 0, L_000001ac223eba30;  1 drivers
v000001ac22362d10_0 .net "Al", 15 0, L_000001ac223ebcb0;  1 drivers
v000001ac22363710_0 .net "B", 15 0, o000001ac22318ed8;  0 drivers
o000001ac22318f08 .functor BUFZ 1, c4<z>; HiZ drive
v000001ac223650b0_0 .net "BHOLD", 0 0, o000001ac22318f08;  0 drivers
v000001ac223637b0_0 .net "Bh", 15 0, L_000001ac223ec750;  1 drivers
v000001ac223630d0_0 .net "Bl", 15 0, L_000001ac223ea950;  1 drivers
v000001ac22363170_0 .net "C", 15 0, o000001ac22318f98;  0 drivers
o000001ac22318fc8 .functor BUFZ 1, c4<z>; HiZ drive
v000001ac22365290_0 .net "CE", 0 0, o000001ac22318fc8;  0 drivers
o000001ac22318ff8 .functor BUFZ 1, c4<z>; HiZ drive
v000001ac22364c50_0 .net "CHOLD", 0 0, o000001ac22318ff8;  0 drivers
o000001ac22319028 .functor BUFZ 1, c4<z>; HiZ drive
v000001ac22363850_0 .net "CI", 0 0, o000001ac22319028;  0 drivers
v000001ac22364930_0 .net "CLK", 0 0, o000001ac22319058;  0 drivers
v000001ac22364570_0 .net "CO", 0 0, L_000001ac222ed8f0;  1 drivers
v000001ac22363530_0 .net "D", 15 0, o000001ac223190b8;  0 drivers
o000001ac223190e8 .functor BUFZ 1, c4<z>; HiZ drive
v000001ac22365330_0 .net "DHOLD", 0 0, o000001ac223190e8;  0 drivers
L_000001ac223861b8 .functor BUFT 1, C4<0>, C4<0>, C4<0>, C4<0>;
v000001ac22363a30_0 .net "HCI", 0 0, L_000001ac223861b8;  1 drivers
o000001ac22319148 .functor BUFZ 1, c4<z>; HiZ drive
v000001ac22363df0_0 .net "IRSTBOT", 0 0, o000001ac22319148;  0 drivers
o000001ac22319178 .functor BUFZ 1, c4<z>; HiZ drive
v000001ac22364610_0 .net "IRSTTOP", 0 0, o000001ac22319178;  0 drivers
L_000001ac223862d8 .functor BUFT 1, C4<0>, C4<0>, C4<0>, C4<0>;
v000001ac223646b0_0 .net "LCI", 0 0, L_000001ac223862d8;  1 drivers
v000001ac22362bd0_0 .net "LCO", 0 0, L_000001ac223e7b10;  1 drivers
v000001ac22362db0_0 .net "O", 31 0, L_000001ac223e7f70;  1 drivers
o000001ac22319238 .functor BUFZ 1, c4<z>; HiZ drive
v000001ac22362e50_0 .net "OHOLDBOT", 0 0, o000001ac22319238;  0 drivers
o000001ac22319268 .functor BUFZ 1, c4<z>; HiZ drive
v000001ac22364110_0 .net "OHOLDTOP", 0 0, o000001ac22319268;  0 drivers
o000001ac22319298 .functor BUFZ 1, c4<z>; HiZ drive
v000001ac22363350_0 .net "OLOADBOT", 0 0, o000001ac22319298;  0 drivers
o000001ac223192c8 .functor BUFZ 1, c4<z>; HiZ drive
v000001ac22363030_0 .net "OLOADTOP", 0 0, o000001ac223192c8;  0 drivers
o000001ac223192f8 .functor BUFZ 1, c4<z>; HiZ drive
v000001ac22363ad0_0 .net "ORSTBOT", 0 0, o000001ac223192f8;  0 drivers
o000001ac22319328 .functor BUFZ 1, c4<z>; HiZ drive
v000001ac22363cb0_0 .net "ORSTTOP", 0 0, o000001ac22319328;  0 drivers
v000001ac22364390_0 .net "Oh", 15 0, L_000001ac222ee450;  1 drivers
v000001ac22366910_0 .net "Ol", 15 0, L_000001ac222eea70;  1 drivers
o000001ac223193b8 .functor BUFZ 1, c4<z>; HiZ drive
v000001ac22365ab0_0 .net "SIGNEXTIN", 0 0, o000001ac223193b8;  0 drivers
v000001ac223658d0_0 .net "SIGNEXTOUT", 0 0, L_000001ac223e5a90;  1 drivers
v000001ac22365bf0_0 .net "XW", 15 0, L_000001ac223ed3d0;  1 drivers
v000001ac22365c90_0 .net "YZ", 15 0, L_000001ac223e6210;  1 drivers
v000001ac22366370_0 .net/2u *"_ivl_0", 0 0, L_000001ac22385c60;  1 drivers
v000001ac223660f0_0 .net *"_ivl_100", 31 0, L_000001ac223ebad0;  1 drivers
L_000001ac22386050 .functor BUFT 1, C4<0000000000000000>, C4<0>, C4<0>, C4<0>;
v000001ac22366190_0 .net *"_ivl_103", 15 0, L_000001ac22386050;  1 drivers
v000001ac22365fb0_0 .net *"_ivl_104", 31 0, L_000001ac223ed290;  1 drivers
v000001ac223669b0_0 .net *"_ivl_106", 15 0, L_000001ac223ebe90;  1 drivers
L_000001ac22386098 .functor BUFT 1, C4<0000000000000000>, C4<0>, C4<0>, C4<0>;
v000001ac22366410_0 .net *"_ivl_108", 15 0, L_000001ac22386098;  1 drivers
L_000001ac22385ca8 .functor BUFT 1, C4<00000000>, C4<0>, C4<0>, C4<0>;
v000001ac223667d0_0 .net/2u *"_ivl_12", 7 0, L_000001ac22385ca8;  1 drivers
v000001ac223664b0_0 .net *"_ivl_121", 16 0, L_000001ac223ed470;  1 drivers
L_000001ac223860e0 .functor BUFT 1, C4<0>, C4<0>, C4<0>, C4<0>;
v000001ac22365dd0_0 .net *"_ivl_124", 0 0, L_000001ac223860e0;  1 drivers
v000001ac22365f10_0 .net *"_ivl_125", 16 0, L_000001ac223ed1f0;  1 drivers
L_000001ac22386128 .functor BUFT 1, C4<0>, C4<0>, C4<0>, C4<0>;
v000001ac22366a50_0 .net *"_ivl_128", 0 0, L_000001ac22386128;  1 drivers
v000001ac22365b50_0 .net *"_ivl_130", 15 0, L_000001ac223ed330;  1 drivers
v000001ac22365e70_0 .net *"_ivl_131", 16 0, L_000001ac223ed6f0;  1 drivers
L_000001ac22386170 .functor BUFT 1, C4<0>, C4<0>, C4<0>, C4<0>;
v000001ac22366690_0 .net *"_ivl_134", 0 0, L_000001ac22386170;  1 drivers
v000001ac22366730_0 .net *"_ivl_135", 16 0, L_000001ac222eeb50;  1 drivers
v000001ac223653d0_0 .net *"_ivl_137", 16 0, L_000001ac223ed510;  1 drivers
L_000001ac223865a8 .functor BUFT 1, C4<00000000000000000>, C4<0>, C4<0>, C4<0>;
v000001ac22366870_0 .net *"_ivl_139", 16 0, L_000001ac223865a8;  1 drivers
v000001ac22366550_0 .net *"_ivl_143", 16 0, L_000001ac223ed0b0;  1 drivers
v000001ac22365650_0 .net *"_ivl_148", 15 0, L_000001ac223ed150;  1 drivers
v000001ac223665f0_0 .net *"_ivl_149", 15 0, L_000001ac222ed5e0;  1 drivers
v000001ac223656f0_0 .net *"_ivl_15", 7 0, L_000001ac223eb710;  1 drivers
v000001ac22365830_0 .net *"_ivl_168", 16 0, L_000001ac223e71b0;  1 drivers
L_000001ac22386200 .functor BUFT 1, C4<0>, C4<0>, C4<0>, C4<0>;
v000001ac22365470_0 .net *"_ivl_171", 0 0, L_000001ac22386200;  1 drivers
v000001ac22365510_0 .net *"_ivl_172", 16 0, L_000001ac223e5c70;  1 drivers
L_000001ac22386248 .functor BUFT 1, C4<0>, C4<0>, C4<0>, C4<0>;
v000001ac223655b0_0 .net *"_ivl_175", 0 0, L_000001ac22386248;  1 drivers
v000001ac22365d30_0 .net *"_ivl_177", 15 0, L_000001ac223e6df0;  1 drivers
v000001ac22365790_0 .net *"_ivl_178", 16 0, L_000001ac223e5f90;  1 drivers
L_000001ac22385cf0 .functor BUFT 1, C4<00000000>, C4<0>, C4<0>, C4<0>;
v000001ac22365a10_0 .net/2u *"_ivl_18", 7 0, L_000001ac22385cf0;  1 drivers
L_000001ac22386290 .functor BUFT 1, C4<0>, C4<0>, C4<0>, C4<0>;
v000001ac22365970_0 .net *"_ivl_181", 0 0, L_000001ac22386290;  1 drivers
v000001ac22366050_0 .net *"_ivl_182", 16 0, L_000001ac222ee920;  1 drivers
v000001ac22366230_0 .net *"_ivl_184", 16 0, L_000001ac223e7ed0;  1 drivers
L_000001ac223865f0 .functor BUFT 1, C4<00000000000000000>, C4<0>, C4<0>, C4<0>;
v000001ac223662d0_0 .net *"_ivl_186", 16 0, L_000001ac223865f0;  1 drivers
v000001ac22368f80_0 .net *"_ivl_190", 16 0, L_000001ac223e6e90;  1 drivers
v000001ac22369020_0 .net *"_ivl_193", 15 0, L_000001ac223e74d0;  1 drivers
v000001ac22367680_0 .net *"_ivl_194", 15 0, L_000001ac222ee530;  1 drivers
v000001ac223690c0_0 .net *"_ivl_21", 7 0, L_000001ac223eb850;  1 drivers
L_000001ac22385d38 .functor BUFT 1, C4<00000000>, C4<0>, C4<0>, C4<0>;
v000001ac22366d20_0 .net/2u *"_ivl_24", 7 0, L_000001ac22385d38;  1 drivers
v000001ac223692a0_0 .net *"_ivl_27", 7 0, L_000001ac223ebd50;  1 drivers
L_000001ac22385d80 .functor BUFT 1, C4<00000000>, C4<0>, C4<0>, C4<0>;
v000001ac22366f00_0 .net/2u *"_ivl_30", 7 0, L_000001ac22385d80;  1 drivers
v000001ac22367220_0 .net *"_ivl_33", 7 0, L_000001ac223ea8b0;  1 drivers
L_000001ac22385dc8 .functor BUFT 1, C4<00000000>, C4<0>, C4<0>, C4<0>;
v000001ac223688a0_0 .net/2u *"_ivl_38", 7 0, L_000001ac22385dc8;  1 drivers
v000001ac22367f40_0 .net *"_ivl_41", 7 0, L_000001ac223eb030;  1 drivers
v000001ac22369160_0 .net *"_ivl_42", 15 0, L_000001ac223eadb0;  1 drivers
L_000001ac22385e10 .functor BUFT 1, C4<00000000>, C4<0>, C4<0>, C4<0>;
v000001ac223689e0_0 .net/2u *"_ivl_46", 7 0, L_000001ac22385e10;  1 drivers
v000001ac22367b80_0 .net *"_ivl_49", 7 0, L_000001ac223eb7b0;  1 drivers
v000001ac22367ea0_0 .net *"_ivl_50", 15 0, L_000001ac223ec4d0;  1 drivers
L_000001ac22385e58 .functor BUFT 1, C4<00000000>, C4<0>, C4<0>, C4<0>;
v000001ac22367d60_0 .net/2u *"_ivl_64", 7 0, L_000001ac22385e58;  1 drivers
L_000001ac22385ea0 .functor BUFT 1, C4<00000000>, C4<0>, C4<0>, C4<0>;
v000001ac22368a80_0 .net/2u *"_ivl_68", 7 0, L_000001ac22385ea0;  1 drivers
v000001ac223670e0_0 .net *"_ivl_72", 31 0, L_000001ac223ea9f0;  1 drivers
L_000001ac22385ee8 .functor BUFT 1, C4<0000000000000000>, C4<0>, C4<0>, C4<0>;
v000001ac22368440_0 .net *"_ivl_75", 15 0, L_000001ac22385ee8;  1 drivers
v000001ac22368260_0 .net *"_ivl_76", 31 0, L_000001ac223eac70;  1 drivers
L_000001ac22385f30 .functor BUFT 1, C4<00000000>, C4<0>, C4<0>, C4<0>;
v000001ac22369200_0 .net *"_ivl_79", 7 0, L_000001ac22385f30;  1 drivers
v000001ac22368e40_0 .net *"_ivl_80", 31 0, L_000001ac223eb990;  1 drivers
v000001ac223681c0_0 .net *"_ivl_82", 23 0, L_000001ac223ec7f0;  1 drivers
L_000001ac22385f78 .functor BUFT 1, C4<00000000>, C4<0>, C4<0>, C4<0>;
v000001ac22368760_0 .net *"_ivl_84", 7 0, L_000001ac22385f78;  1 drivers
v000001ac22366c80_0 .net *"_ivl_86", 31 0, L_000001ac223eab30;  1 drivers
v000001ac22369340_0 .net *"_ivl_88", 31 0, L_000001ac223eb3f0;  1 drivers
L_000001ac22385fc0 .functor BUFT 1, C4<00000000>, C4<0>, C4<0>, C4<0>;
v000001ac22366dc0_0 .net *"_ivl_91", 7 0, L_000001ac22385fc0;  1 drivers
v000001ac22367400_0 .net *"_ivl_92", 31 0, L_000001ac223eb530;  1 drivers
v000001ac22368b20_0 .net *"_ivl_94", 23 0, L_000001ac223ead10;  1 drivers
L_000001ac22386008 .functor BUFT 1, C4<00000000>, C4<0>, C4<0>, C4<0>;
v000001ac22367e00_0 .net *"_ivl_96", 7 0, L_000001ac22386008;  1 drivers
v000001ac22368940_0 .net *"_ivl_98", 31 0, L_000001ac223eae50;  1 drivers
v000001ac223672c0_0 .net "clock", 0 0, L_000001ac222ee990;  1 drivers
v000001ac22368c60_0 .net "iA", 15 0, L_000001ac222ee8b0;  1 drivers
v000001ac22367360_0 .net "iB", 15 0, L_000001ac222ee1b0;  1 drivers
v000001ac22366e60_0 .net "iC", 15 0, L_000001ac222ee4c0;  1 drivers
v000001ac22367040_0 .net "iD", 15 0, L_000001ac222ed6c0;  1 drivers
v000001ac22368580_0 .net "iF", 15 0, L_000001ac222eed80;  1 drivers
v000001ac223679a0_0 .net "iG", 15 0, L_000001ac222ed500;  1 drivers
v000001ac223674a0_0 .net "iH", 31 0, L_000001ac222ed9d0;  1 drivers
v000001ac22368120_0 .net "iJ", 15 0, L_000001ac222ed490;  1 drivers
v000001ac22366be0_0 .net "iJ_e", 23 0, L_000001ac223eb350;  1 drivers
v000001ac22367540_0 .net "iK", 15 0, L_000001ac222ee140;  1 drivers
v000001ac22368da0_0 .net "iK_e", 23 0, L_000001ac223eb490;  1 drivers
v000001ac22366fa0_0 .net "iL", 31 0, L_000001ac223ed650;  1 drivers
v000001ac22367720_0 .net "iP", 15 0, L_000001ac223ed5b0;  1 drivers
v000001ac22368bc0_0 .net "iQ", 15 0, v000001ac2236a920_0;  1 drivers
v000001ac223677c0_0 .net "iR", 15 0, L_000001ac223e7e30;  1 drivers
v000001ac22367180_0 .net "iS", 15 0, v000001ac2236ba00_0;  1 drivers
v000001ac223675e0_0 .net "iW", 15 0, L_000001ac222ee370;  1 drivers
v000001ac22368ee0_0 .net "iX", 15 0, L_000001ac222ed570;  1 drivers
v000001ac22368d00_0 .net "iY", 15 0, L_000001ac222eda40;  1 drivers
v000001ac22367860_0 .net "iZ", 15 0, L_000001ac222edab0;  1 drivers
v000001ac22368620_0 .net "p_Ah_Bh", 15 0, L_000001ac223ec430;  1 drivers
v000001ac22367a40_0 .net "p_Ah_Bl", 15 0, L_000001ac223eb2b0;  1 drivers
v000001ac22367900_0 .net "p_Al_Bh", 15 0, L_000001ac223eb0d0;  1 drivers
v000001ac22367fe0_0 .net "p_Al_Bl", 15 0, L_000001ac223ebdf0;  1 drivers
v000001ac22367ae0_0 .var "rA", 15 0;
v000001ac22367c20_0 .var "rB", 15 0;
v000001ac22367cc0_0 .var "rC", 15 0;
v000001ac22368080_0 .var "rD", 15 0;
v000001ac22368300_0 .var "rF", 15 0;
v000001ac223683a0_0 .var "rG", 15 0;
v000001ac223686c0_0 .var "rH", 31 0;
v000001ac223684e0_0 .var "rJ", 15 0;
v000001ac22368800_0 .var "rK", 15 0;
v000001ac2236a920_0 .var "rQ", 15 0;
v000001ac2236ba00_0 .var "rS", 15 0;
E_000001ac222e21a0 .event posedge, v000001ac22363ad0_0, v000001ac223672c0_0;
E_000001ac222e15e0 .event posedge, v000001ac22363cb0_0, v000001ac223672c0_0;
E_000001ac222e17e0 .event posedge, v000001ac22363df0_0, v000001ac223672c0_0;
E_000001ac222e2360 .event posedge, v000001ac22364610_0, v000001ac223672c0_0;
L_000001ac223eb710 .part L_000001ac222ee8b0, 8, 8;
L_000001ac223eba30 .concat [ 8 8 0 0], L_000001ac223eb710, L_000001ac22385ca8;
L_000001ac223eb850 .part L_000001ac222ee8b0, 0, 8;
L_000001ac223ebcb0 .concat [ 8 8 0 0], L_000001ac223eb850, L_000001ac22385cf0;
L_000001ac223ebd50 .part L_000001ac222ee1b0, 8, 8;
L_000001ac223ec750 .concat [ 8 8 0 0], L_000001ac223ebd50, L_000001ac22385d38;
L_000001ac223ea8b0 .part L_000001ac222ee1b0, 0, 8;
L_000001ac223ea950 .concat [ 8 8 0 0], L_000001ac223ea8b0, L_000001ac22385d80;
L_000001ac223ec430 .arith/mult 16, L_000001ac223eba30, L_000001ac223ec750;
L_000001ac223eb030 .part L_000001ac223ebcb0, 0, 8;
L_000001ac223eadb0 .concat [ 8 8 0 0], L_000001ac223eb030, L_000001ac22385dc8;
L_000001ac223eb0d0 .arith/mult 16, L_000001ac223eadb0, L_000001ac223ec750;
L_000001ac223eb7b0 .part L_000001ac223ea950, 0, 8;
L_000001ac223ec4d0 .concat [ 8 8 0 0], L_000001ac223eb7b0, L_000001ac22385e10;
L_000001ac223eb2b0 .arith/mult 16, L_000001ac223eba30, L_000001ac223ec4d0;
L_000001ac223ebdf0 .arith/mult 16, L_000001ac223ebcb0, L_000001ac223ea950;
L_000001ac223eb490 .concat [ 16 8 0 0], L_000001ac222ee140, L_000001ac22385e58;
L_000001ac223eb350 .concat [ 16 8 0 0], L_000001ac222ed490, L_000001ac22385ea0;
L_000001ac223ea9f0 .concat [ 16 16 0 0], L_000001ac222ed500, L_000001ac22385ee8;
L_000001ac223eac70 .concat [ 24 8 0 0], L_000001ac223eb490, L_000001ac22385f30;
L_000001ac223ec7f0 .part L_000001ac223eac70, 0, 24;
L_000001ac223eb990 .concat [ 8 24 0 0], L_000001ac22385f78, L_000001ac223ec7f0;
L_000001ac223eab30 .arith/sum 32, L_000001ac223ea9f0, L_000001ac223eb990;
L_000001ac223eb3f0 .concat [ 24 8 0 0], L_000001ac223eb350, L_000001ac22385fc0;
L_000001ac223ead10 .part L_000001ac223eb3f0, 0, 24;
L_000001ac223eb530 .concat [ 8 24 0 0], L_000001ac22386008, L_000001ac223ead10;
L_000001ac223eae50 .arith/sum 32, L_000001ac223eab30, L_000001ac223eb530;
L_000001ac223ebad0 .concat [ 16 16 0 0], L_000001ac222eed80, L_000001ac22386050;
L_000001ac223ebe90 .part L_000001ac223ebad0, 0, 16;
L_000001ac223ed290 .concat [ 16 16 0 0], L_000001ac22386098, L_000001ac223ebe90;
L_000001ac223ed650 .arith/sum 32, L_000001ac223eae50, L_000001ac223ed290;
L_000001ac223ed790 .part L_000001ac223ed0b0, 16, 1;
L_000001ac223ed3d0 .part L_000001ac223ed0b0, 0, 16;
L_000001ac223ed470 .concat [ 16 1 0 0], L_000001ac222ed570, L_000001ac223860e0;
L_000001ac223ed1f0 .concat [ 16 1 0 0], L_000001ac222ee370, L_000001ac22386128;
L_000001ac223ed330 .repeat 16, 16, o000001ac22318e18;
L_000001ac223ed6f0 .concat [ 16 1 0 0], L_000001ac223ed330, L_000001ac22386170;
L_000001ac223ed510 .arith/sum 17, L_000001ac223ed470, L_000001ac222eeb50;
L_000001ac223ed0b0 .arith/sum 17, L_000001ac223ed510, L_000001ac223865a8;
L_000001ac223ed150 .repeat 16, 16, o000001ac22318e18;
L_000001ac223ed5b0 .functor MUXZ 16, L_000001ac222ed5e0, L_000001ac222ee4c0, o000001ac223192c8, C4<>;
L_000001ac223e5a90 .part L_000001ac222ed570, 15, 1;
L_000001ac223e7b10 .part L_000001ac223e6e90, 16, 1;
L_000001ac223e6210 .part L_000001ac223e6e90, 0, 16;
L_000001ac223e71b0 .concat [ 16 1 0 0], L_000001ac222edab0, L_000001ac22386200;
L_000001ac223e5c70 .concat [ 16 1 0 0], L_000001ac222eda40, L_000001ac22386248;
L_000001ac223e6df0 .repeat 16, 16, o000001ac22318de8;
L_000001ac223e5f90 .concat [ 16 1 0 0], L_000001ac223e6df0, L_000001ac22386290;
L_000001ac223e7ed0 .arith/sum 17, L_000001ac223e71b0, L_000001ac222ee920;
L_000001ac223e6e90 .arith/sum 17, L_000001ac223e7ed0, L_000001ac223865f0;
L_000001ac223e74d0 .repeat 16, 16, o000001ac22318de8;
L_000001ac223e7e30 .functor MUXZ 16, L_000001ac222ee530, L_000001ac222ed6c0, o000001ac22319298, C4<>;
L_000001ac223e7f70 .concat [ 16 16 0 0], L_000001ac222eea70, L_000001ac222ee450;
S_000001ac222f2b70 .scope module, "SB_PLL40_2F_CORE" "SB_PLL40_2F_CORE" 3 2521;
 .timescale -12 -12;
    .port_info 0 /INPUT 1 "REFERENCECLK";
    .port_info 1 /OUTPUT 1 "PLLOUTCOREA";
    .port_info 2 /OUTPUT 1 "PLLOUTGLOBALA";
    .port_info 3 /OUTPUT 1 "PLLOUTCOREB";
    .port_info 4 /OUTPUT 1 "PLLOUTGLOBALB";
    .port_info 5 /INPUT 1 "EXTFEEDBACK";
    .port_info 6 /INPUT 8 "DYNAMICDELAY";
    .port_info 7 /OUTPUT 1 "LOCK";
    .port_info 8 /INPUT 1 "BYPASS";
    .port_info 9 /INPUT 1 "RESETB";
    .port_info 10 /INPUT 1 "LATCHINPUTVALUE";
    .port_info 11 /OUTPUT 1 "SDO";
    .port_info 12 /INPUT 1 "SDI";
    .port_info 13 /INPUT 1 "SCLK";
P_000001ac2207c040 .param/str "DELAY_ADJUSTMENT_MODE_FEEDBACK" 0 3 2538, "FIXED";
P_000001ac2207c078 .param/str "DELAY_ADJUSTMENT_MODE_RELATIVE" 0 3 2539, "FIXED";
P_000001ac2207c0b0 .param/l "DIVF" 0 3 2546, C4<0000000>;
P_000001ac2207c0e8 .param/l "DIVQ" 0 3 2547, C4<000>;
P_000001ac2207c120 .param/l "DIVR" 0 3 2545, C4<0000>;
P_000001ac2207c158 .param/l "ENABLE_ICEGATE_PORTA" 0 3 2549, C4<0>;
P_000001ac2207c190 .param/l "ENABLE_ICEGATE_PORTB" 0 3 2550, C4<0>;
P_000001ac2207c1c8 .param/l "EXTERNAL_DIVIDE_FACTOR" 0 3 2552, +C4<00000000000000000000000000000001>;
P_000001ac2207c200 .param/l "FDA_FEEDBACK" 0 3 2541, C4<0000>;
P_000001ac2207c238 .param/l "FDA_RELATIVE" 0 3 2542, C4<0000>;
P_000001ac2207c270 .param/str "FEEDBACK_PATH" 0 3 2537, "SIMPLE";
P_000001ac2207c2a8 .param/l "FILTER_RANGE" 0 3 2548, C4<000>;
P_000001ac2207c2e0 .param/str "PLLOUT_SELECT_PORTA" 0 3 2543, "GENCLK";
P_000001ac2207c318 .param/str "PLLOUT_SELECT_PORTB" 0 3 2544, "GENCLK";
P_000001ac2207c350 .param/l "SHIFTREG_DIV_MODE" 0 3 2540, C4<0>;
P_000001ac2207c388 .param/l "TEST_MODE" 0 3 2551, C4<0>;
o000001ac2231abe8 .functor BUFZ 1, c4<z>; HiZ drive
v000001ac22369700_0 .net "BYPASS", 0 0, o000001ac2231abe8;  0 drivers
o000001ac2231ac18 .functor BUFZ 8, c4<zzzzzzzz>; HiZ drive
v000001ac22369480_0 .net "DYNAMICDELAY", 7 0, o000001ac2231ac18;  0 drivers
o000001ac2231ac48 .functor BUFZ 1, c4<z>; HiZ drive
v000001ac2236a240_0 .net "EXTFEEDBACK", 0 0, o000001ac2231ac48;  0 drivers
o000001ac2231ac78 .functor BUFZ 1, c4<z>; HiZ drive
v000001ac22369520_0 .net "LATCHINPUTVALUE", 0 0, o000001ac2231ac78;  0 drivers
o000001ac2231aca8 .functor BUFZ 1, c4<z>; HiZ drive
v000001ac2236ab00_0 .net "LOCK", 0 0, o000001ac2231aca8;  0 drivers
o000001ac2231acd8 .functor BUFZ 1, c4<z>; HiZ drive
v000001ac2236ace0_0 .net "PLLOUTCOREA", 0 0, o000001ac2231acd8;  0 drivers
o000001ac2231ad08 .functor BUFZ 1, c4<z>; HiZ drive
v000001ac2236ae20_0 .net "PLLOUTCOREB", 0 0, o000001ac2231ad08;  0 drivers
o000001ac2231ad38 .functor BUFZ 1, c4<z>; HiZ drive
v000001ac2236b280_0 .net "PLLOUTGLOBALA", 0 0, o000001ac2231ad38;  0 drivers
o000001ac2231ad68 .functor BUFZ 1, c4<z>; HiZ drive
v000001ac2236baa0_0 .net "PLLOUTGLOBALB", 0 0, o000001ac2231ad68;  0 drivers
o000001ac2231ad98 .functor BUFZ 1, c4<z>; HiZ drive
v000001ac2236b000_0 .net "REFERENCECLK", 0 0, o000001ac2231ad98;  0 drivers
o000001ac2231adc8 .functor BUFZ 1, c4<z>; HiZ drive
v000001ac2236a9c0_0 .net "RESETB", 0 0, o000001ac2231adc8;  0 drivers
o000001ac2231adf8 .functor BUFZ 1, c4<z>; HiZ drive
v000001ac22369a20_0 .net "SCLK", 0 0, o000001ac2231adf8;  0 drivers
o000001ac2231ae28 .functor BUFZ 1, c4<z>; HiZ drive
v000001ac2236b0a0_0 .net "SDI", 0 0, o000001ac2231ae28;  0 drivers
o000001ac2231ae58 .functor BUFZ 1, c4<z>; HiZ drive
v000001ac22369f20_0 .net "SDO", 0 0, o000001ac2231ae58;  0 drivers
S_000001ac222f3340 .scope module, "SB_PLL40_2F_PAD" "SB_PLL40_2F_PAD" 3 2556;
 .timescale -12 -12;
    .port_info 0 /INPUT 1 "PACKAGEPIN";
    .port_info 1 /OUTPUT 1 "PLLOUTCOREA";
    .port_info 2 /OUTPUT 1 "PLLOUTGLOBALA";
    .port_info 3 /OUTPUT 1 "PLLOUTCOREB";
    .port_info 4 /OUTPUT 1 "PLLOUTGLOBALB";
    .port_info 5 /INPUT 1 "EXTFEEDBACK";
    .port_info 6 /INPUT 8 "DYNAMICDELAY";
    .port_info 7 /OUTPUT 1 "LOCK";
    .port_info 8 /INPUT 1 "BYPASS";
    .port_info 9 /INPUT 1 "RESETB";
    .port_info 10 /INPUT 1 "LATCHINPUTVALUE";
    .port_info 11 /OUTPUT 1 "SDO";
    .port_info 12 /INPUT 1 "SDI";
    .port_info 13 /INPUT 1 "SCLK";
P_000001ac220717f0 .param/str "DELAY_ADJUSTMENT_MODE_FEEDBACK" 0 3 2573, "FIXED";
P_000001ac22071828 .param/str "DELAY_ADJUSTMENT_MODE_RELATIVE" 0 3 2574, "FIXED";
P_000001ac22071860 .param/l "DIVF" 0 3 2581, C4<0000000>;
P_000001ac22071898 .param/l "DIVQ" 0 3 2582, C4<000>;
P_000001ac220718d0 .param/l "DIVR" 0 3 2580, C4<0000>;
P_000001ac22071908 .param/l "ENABLE_ICEGATE_PORTA" 0 3 2584, C4<0>;
P_000001ac22071940 .param/l "ENABLE_ICEGATE_PORTB" 0 3 2585, C4<0>;
P_000001ac22071978 .param/l "EXTERNAL_DIVIDE_FACTOR" 0 3 2587, +C4<00000000000000000000000000000001>;
P_000001ac220719b0 .param/l "FDA_FEEDBACK" 0 3 2576, C4<0000>;
P_000001ac220719e8 .param/l "FDA_RELATIVE" 0 3 2577, C4<0000>;
P_000001ac22071a20 .param/str "FEEDBACK_PATH" 0 3 2572, "SIMPLE";
P_000001ac22071a58 .param/l "FILTER_RANGE" 0 3 2583, C4<000>;
P_000001ac22071a90 .param/str "PLLOUT_SELECT_PORTA" 0 3 2578, "GENCLK";
P_000001ac22071ac8 .param/str "PLLOUT_SELECT_PORTB" 0 3 2579, "GENCLK";
P_000001ac22071b00 .param/l "SHIFTREG_DIV_MODE" 0 3 2575, C4<00>;
P_000001ac22071b38 .param/l "TEST_MODE" 0 3 2586, C4<0>;
o000001ac2231b128 .functor BUFZ 1, c4<z>; HiZ drive
v000001ac2236a2e0_0 .net "BYPASS", 0 0, o000001ac2231b128;  0 drivers
o000001ac2231b158 .functor BUFZ 8, c4<zzzzzzzz>; HiZ drive
v000001ac2236af60_0 .net "DYNAMICDELAY", 7 0, o000001ac2231b158;  0 drivers
o000001ac2231b188 .functor BUFZ 1, c4<z>; HiZ drive
v000001ac2236b3c0_0 .net "EXTFEEDBACK", 0 0, o000001ac2231b188;  0 drivers
o000001ac2231b1b8 .functor BUFZ 1, c4<z>; HiZ drive
v000001ac2236b5a0_0 .net "LATCHINPUTVALUE", 0 0, o000001ac2231b1b8;  0 drivers
o000001ac2231b1e8 .functor BUFZ 1, c4<z>; HiZ drive
v000001ac2236ad80_0 .net "LOCK", 0 0, o000001ac2231b1e8;  0 drivers
o000001ac2231b218 .functor BUFZ 1, c4<z>; HiZ drive
v000001ac2236b8c0_0 .net "PACKAGEPIN", 0 0, o000001ac2231b218;  0 drivers
o000001ac2231b248 .functor BUFZ 1, c4<z>; HiZ drive
v000001ac2236b140_0 .net "PLLOUTCOREA", 0 0, o000001ac2231b248;  0 drivers
o000001ac2231b278 .functor BUFZ 1, c4<z>; HiZ drive
v000001ac22369ca0_0 .net "PLLOUTCOREB", 0 0, o000001ac2231b278;  0 drivers
o000001ac2231b2a8 .functor BUFZ 1, c4<z>; HiZ drive
v000001ac22369660_0 .net "PLLOUTGLOBALA", 0 0, o000001ac2231b2a8;  0 drivers
o000001ac2231b2d8 .functor BUFZ 1, c4<z>; HiZ drive
v000001ac2236aa60_0 .net "PLLOUTGLOBALB", 0 0, o000001ac2231b2d8;  0 drivers
o000001ac2231b308 .functor BUFZ 1, c4<z>; HiZ drive
v000001ac2236bb40_0 .net "RESETB", 0 0, o000001ac2231b308;  0 drivers
o000001ac2231b338 .functor BUFZ 1, c4<z>; HiZ drive
v000001ac2236a740_0 .net "SCLK", 0 0, o000001ac2231b338;  0 drivers
o000001ac2231b368 .functor BUFZ 1, c4<z>; HiZ drive
v000001ac2236b640_0 .net "SDI", 0 0, o000001ac2231b368;  0 drivers
o000001ac2231b398 .functor BUFZ 1, c4<z>; HiZ drive
v000001ac2236b6e0_0 .net "SDO", 0 0, o000001ac2231b398;  0 drivers
S_000001ac222f37f0 .scope module, "SB_PLL40_2_PAD" "SB_PLL40_2_PAD" 3 2487;
 .timescale -12 -12;
    .port_info 0 /INPUT 1 "PACKAGEPIN";
    .port_info 1 /OUTPUT 1 "PLLOUTCOREA";
    .port_info 2 /OUTPUT 1 "PLLOUTGLOBALA";
    .port_info 3 /OUTPUT 1 "PLLOUTCOREB";
    .port_info 4 /OUTPUT 1 "PLLOUTGLOBALB";
    .port_info 5 /INPUT 1 "EXTFEEDBACK";
    .port_info 6 /INPUT 8 "DYNAMICDELAY";
    .port_info 7 /OUTPUT 1 "LOCK";
    .port_info 8 /INPUT 1 "BYPASS";
    .port_info 9 /INPUT 1 "RESETB";
    .port_info 10 /INPUT 1 "LATCHINPUTVALUE";
    .port_info 11 /OUTPUT 1 "SDO";
    .port_info 12 /INPUT 1 "SDI";
    .port_info 13 /INPUT 1 "SCLK";
P_000001ac2206fb00 .param/str "DELAY_ADJUSTMENT_MODE_FEEDBACK" 0 3 2504, "FIXED";
P_000001ac2206fb38 .param/str "DELAY_ADJUSTMENT_MODE_RELATIVE" 0 3 2505, "FIXED";
P_000001ac2206fb70 .param/l "DIVF" 0 3 2511, C4<0000000>;
P_000001ac2206fba8 .param/l "DIVQ" 0 3 2512, C4<000>;
P_000001ac2206fbe0 .param/l "DIVR" 0 3 2510, C4<0000>;
P_000001ac2206fc18 .param/l "ENABLE_ICEGATE_PORTA" 0 3 2514, C4<0>;
P_000001ac2206fc50 .param/l "ENABLE_ICEGATE_PORTB" 0 3 2515, C4<0>;
P_000001ac2206fc88 .param/l "EXTERNAL_DIVIDE_FACTOR" 0 3 2517, +C4<00000000000000000000000000000001>;
P_000001ac2206fcc0 .param/l "FDA_FEEDBACK" 0 3 2507, C4<0000>;
P_000001ac2206fcf8 .param/l "FDA_RELATIVE" 0 3 2508, C4<0000>;
P_000001ac2206fd30 .param/str "FEEDBACK_PATH" 0 3 2503, "SIMPLE";
P_000001ac2206fd68 .param/l "FILTER_RANGE" 0 3 2513, C4<000>;
P_000001ac2206fda0 .param/str "PLLOUT_SELECT_PORTB" 0 3 2509, "GENCLK";
P_000001ac2206fdd8 .param/l "SHIFTREG_DIV_MODE" 0 3 2506, C4<0>;
P_000001ac2206fe10 .param/l "TEST_MODE" 0 3 2516, C4<0>;
o000001ac2231b668 .functor BUFZ 1, c4<z>; HiZ drive
v000001ac22369ac0_0 .net "BYPASS", 0 0, o000001ac2231b668;  0 drivers
o000001ac2231b698 .functor BUFZ 8, c4<zzzzzzzz>; HiZ drive
v000001ac22369e80_0 .net "DYNAMICDELAY", 7 0, o000001ac2231b698;  0 drivers
o000001ac2231b6c8 .functor BUFZ 1, c4<z>; HiZ drive
v000001ac2236b500_0 .net "EXTFEEDBACK", 0 0, o000001ac2231b6c8;  0 drivers
o000001ac2231b6f8 .functor BUFZ 1, c4<z>; HiZ drive
v000001ac2236a7e0_0 .net "LATCHINPUTVALUE", 0 0, o000001ac2231b6f8;  0 drivers
o000001ac2231b728 .functor BUFZ 1, c4<z>; HiZ drive
v000001ac2236b780_0 .net "LOCK", 0 0, o000001ac2231b728;  0 drivers
o000001ac2231b758 .functor BUFZ 1, c4<z>; HiZ drive
v000001ac22369fc0_0 .net "PACKAGEPIN", 0 0, o000001ac2231b758;  0 drivers
o000001ac2231b788 .functor BUFZ 1, c4<z>; HiZ drive
v000001ac2236b1e0_0 .net "PLLOUTCOREA", 0 0, o000001ac2231b788;  0 drivers
o000001ac2231b7b8 .functor BUFZ 1, c4<z>; HiZ drive
v000001ac2236a880_0 .net "PLLOUTCOREB", 0 0, o000001ac2231b7b8;  0 drivers
o000001ac2231b7e8 .functor BUFZ 1, c4<z>; HiZ drive
v000001ac223695c0_0 .net "PLLOUTGLOBALA", 0 0, o000001ac2231b7e8;  0 drivers
o000001ac2231b818 .functor BUFZ 1, c4<z>; HiZ drive
v000001ac223693e0_0 .net "PLLOUTGLOBALB", 0 0, o000001ac2231b818;  0 drivers
o000001ac2231b848 .functor BUFZ 1, c4<z>; HiZ drive
v000001ac2236aec0_0 .net "RESETB", 0 0, o000001ac2231b848;  0 drivers
o000001ac2231b878 .functor BUFZ 1, c4<z>; HiZ drive
v000001ac22369c00_0 .net "SCLK", 0 0, o000001ac2231b878;  0 drivers
o000001ac2231b8a8 .functor BUFZ 1, c4<z>; HiZ drive
v000001ac22369b60_0 .net "SDI", 0 0, o000001ac2231b8a8;  0 drivers
o000001ac2231b8d8 .functor BUFZ 1, c4<z>; HiZ drive
v000001ac2236aba0_0 .net "SDO", 0 0, o000001ac2231b8d8;  0 drivers
S_000001ac222f34d0 .scope module, "SB_PLL40_CORE" "SB_PLL40_CORE" 3 2425;
 .timescale -12 -12;
    .port_info 0 /INPUT 1 "REFERENCECLK";
    .port_info 1 /OUTPUT 1 "PLLOUTCORE";
    .port_info 2 /OUTPUT 1 "PLLOUTGLOBAL";
    .port_info 3 /INPUT 1 "EXTFEEDBACK";
    .port_info 4 /INPUT 8 "DYNAMICDELAY";
    .port_info 5 /OUTPUT 1 "LOCK";
    .port_info 6 /INPUT 1 "BYPASS";
    .port_info 7 /INPUT 1 "RESETB";
    .port_info 8 /INPUT 1 "LATCHINPUTVALUE";
    .port_info 9 /OUTPUT 1 "SDO";
    .port_info 10 /INPUT 1 "SDI";
    .port_info 11 /INPUT 1 "SCLK";
P_000001ac2206f580 .param/str "DELAY_ADJUSTMENT_MODE_FEEDBACK" 0 3 2440, "FIXED";
P_000001ac2206f5b8 .param/str "DELAY_ADJUSTMENT_MODE_RELATIVE" 0 3 2441, "FIXED";
P_000001ac2206f5f0 .param/l "DIVF" 0 3 2447, C4<0000000>;
P_000001ac2206f628 .param/l "DIVQ" 0 3 2448, C4<000>;
P_000001ac2206f660 .param/l "DIVR" 0 3 2446, C4<0000>;
P_000001ac2206f698 .param/l "ENABLE_ICEGATE" 0 3 2450, C4<0>;
P_000001ac2206f6d0 .param/l "EXTERNAL_DIVIDE_FACTOR" 0 3 2452, +C4<00000000000000000000000000000001>;
P_000001ac2206f708 .param/l "FDA_FEEDBACK" 0 3 2443, C4<0000>;
P_000001ac2206f740 .param/l "FDA_RELATIVE" 0 3 2444, C4<0000>;
P_000001ac2206f778 .param/str "FEEDBACK_PATH" 0 3 2439, "SIMPLE";
P_000001ac2206f7b0 .param/l "FILTER_RANGE" 0 3 2449, C4<000>;
P_000001ac2206f7e8 .param/str "PLLOUT_SELECT" 0 3 2445, "GENCLK";
P_000001ac2206f820 .param/l "SHIFTREG_DIV_MODE" 0 3 2442, C4<0>;
P_000001ac2206f858 .param/l "TEST_MODE" 0 3 2451, C4<0>;
o000001ac2231bba8 .functor BUFZ 1, c4<z>; HiZ drive
v000001ac2236b820_0 .net "BYPASS", 0 0, o000001ac2231bba8;  0 drivers
o000001ac2231bbd8 .functor BUFZ 8, c4<zzzzzzzz>; HiZ drive
v000001ac2236ac40_0 .net "DYNAMICDELAY", 7 0, o000001ac2231bbd8;  0 drivers
o000001ac2231bc08 .functor BUFZ 1, c4<z>; HiZ drive
v000001ac2236a060_0 .net "EXTFEEDBACK", 0 0, o000001ac2231bc08;  0 drivers
o000001ac2231bc38 .functor BUFZ 1, c4<z>; HiZ drive
v000001ac2236b320_0 .net "LATCHINPUTVALUE", 0 0, o000001ac2231bc38;  0 drivers
o000001ac2231bc68 .functor BUFZ 1, c4<z>; HiZ drive
v000001ac2236b460_0 .net "LOCK", 0 0, o000001ac2231bc68;  0 drivers
o000001ac2231bc98 .functor BUFZ 1, c4<z>; HiZ drive
v000001ac223697a0_0 .net "PLLOUTCORE", 0 0, o000001ac2231bc98;  0 drivers
o000001ac2231bcc8 .functor BUFZ 1, c4<z>; HiZ drive
v000001ac2236b960_0 .net "PLLOUTGLOBAL", 0 0, o000001ac2231bcc8;  0 drivers
o000001ac2231bcf8 .functor BUFZ 1, c4<z>; HiZ drive
v000001ac2236a100_0 .net "REFERENCECLK", 0 0, o000001ac2231bcf8;  0 drivers
o000001ac2231bd28 .functor BUFZ 1, c4<z>; HiZ drive
v000001ac22369840_0 .net "RESETB", 0 0, o000001ac2231bd28;  0 drivers
o000001ac2231bd58 .functor BUFZ 1, c4<z>; HiZ drive
v000001ac2236a1a0_0 .net "SCLK", 0 0, o000001ac2231bd58;  0 drivers
o000001ac2231bd88 .functor BUFZ 1, c4<z>; HiZ drive
v000001ac223698e0_0 .net "SDI", 0 0, o000001ac2231bd88;  0 drivers
o000001ac2231bdb8 .functor BUFZ 1, c4<z>; HiZ drive
v000001ac22369d40_0 .net "SDO", 0 0, o000001ac2231bdb8;  0 drivers
S_000001ac222f4790 .scope module, "SB_PLL40_PAD" "SB_PLL40_PAD" 3 2456;
 .timescale -12 -12;
    .port_info 0 /INPUT 1 "PACKAGEPIN";
    .port_info 1 /OUTPUT 1 "PLLOUTCORE";
    .port_info 2 /OUTPUT 1 "PLLOUTGLOBAL";
    .port_info 3 /INPUT 1 "EXTFEEDBACK";
    .port_info 4 /INPUT 8 "DYNAMICDELAY";
    .port_info 5 /OUTPUT 1 "LOCK";
    .port_info 6 /INPUT 1 "BYPASS";
    .port_info 7 /INPUT 1 "RESETB";
    .port_info 8 /INPUT 1 "LATCHINPUTVALUE";
    .port_info 9 /OUTPUT 1 "SDO";
    .port_info 10 /INPUT 1 "SDI";
    .port_info 11 /INPUT 1 "SCLK";
P_000001ac22026780 .param/str "DELAY_ADJUSTMENT_MODE_FEEDBACK" 0 3 2471, "FIXED";
P_000001ac220267b8 .param/str "DELAY_ADJUSTMENT_MODE_RELATIVE" 0 3 2472, "FIXED";
P_000001ac220267f0 .param/l "DIVF" 0 3 2478, C4<0000000>;
P_000001ac22026828 .param/l "DIVQ" 0 3 2479, C4<000>;
P_000001ac22026860 .param/l "DIVR" 0 3 2477, C4<0000>;
P_000001ac22026898 .param/l "ENABLE_ICEGATE" 0 3 2481, C4<0>;
P_000001ac220268d0 .param/l "EXTERNAL_DIVIDE_FACTOR" 0 3 2483, +C4<00000000000000000000000000000001>;
P_000001ac22026908 .param/l "FDA_FEEDBACK" 0 3 2474, C4<0000>;
P_000001ac22026940 .param/l "FDA_RELATIVE" 0 3 2475, C4<0000>;
P_000001ac22026978 .param/str "FEEDBACK_PATH" 0 3 2470, "SIMPLE";
P_000001ac220269b0 .param/l "FILTER_RANGE" 0 3 2480, C4<000>;
P_000001ac220269e8 .param/str "PLLOUT_SELECT" 0 3 2476, "GENCLK";
P_000001ac22026a20 .param/l "SHIFTREG_DIV_MODE" 0 3 2473, C4<0>;
P_000001ac22026a58 .param/l "TEST_MODE" 0 3 2482, C4<0>;
o000001ac2231c028 .functor BUFZ 1, c4<z>; HiZ drive
v000001ac22369980_0 .net "BYPASS", 0 0, o000001ac2231c028;  0 drivers
o000001ac2231c058 .functor BUFZ 8, c4<zzzzzzzz>; HiZ drive
v000001ac22369de0_0 .net "DYNAMICDELAY", 7 0, o000001ac2231c058;  0 drivers
o000001ac2231c088 .functor BUFZ 1, c4<z>; HiZ drive
v000001ac2236a380_0 .net "EXTFEEDBACK", 0 0, o000001ac2231c088;  0 drivers
o000001ac2231c0b8 .functor BUFZ 1, c4<z>; HiZ drive
v000001ac2236a420_0 .net "LATCHINPUTVALUE", 0 0, o000001ac2231c0b8;  0 drivers
o000001ac2231c0e8 .functor BUFZ 1, c4<z>; HiZ drive
v000001ac2236a4c0_0 .net "LOCK", 0 0, o000001ac2231c0e8;  0 drivers
o000001ac2231c118 .functor BUFZ 1, c4<z>; HiZ drive
v000001ac2236a560_0 .net "PACKAGEPIN", 0 0, o000001ac2231c118;  0 drivers
o000001ac2231c148 .functor BUFZ 1, c4<z>; HiZ drive
v000001ac2236a600_0 .net "PLLOUTCORE", 0 0, o000001ac2231c148;  0 drivers
o000001ac2231c178 .functor BUFZ 1, c4<z>; HiZ drive
v000001ac2236a6a0_0 .net "PLLOUTGLOBAL", 0 0, o000001ac2231c178;  0 drivers
o000001ac2231c1a8 .functor BUFZ 1, c4<z>; HiZ drive
v000001ac2236d760_0 .net "RESETB", 0 0, o000001ac2231c1a8;  0 drivers
o000001ac2231c1d8 .functor BUFZ 1, c4<z>; HiZ drive
v000001ac2236d9e0_0 .net "SCLK", 0 0, o000001ac2231c1d8;  0 drivers
o000001ac2231c208 .functor BUFZ 1, c4<z>; HiZ drive
v000001ac2236d120_0 .net "SDI", 0 0, o000001ac2231c208;  0 drivers
o000001ac2231c238 .functor BUFZ 1, c4<z>; HiZ drive
v000001ac2236bf00_0 .net "SDO", 0 0, o000001ac2231c238;  0 drivers
S_000001ac222f42e0 .scope module, "SB_RAM40_4KNR" "SB_RAM40_4KNR" 3 1726;
 .timescale -12 -12;
    .port_info 0 /OUTPUT 16 "RDATA";
    .port_info 1 /INPUT 1 "RCLKN";
    .port_info 2 /INPUT 1 "RCLKE";
    .port_info 3 /INPUT 1 "RE";
    .port_info 4 /INPUT 11 "RADDR";
    .port_info 5 /INPUT 1 "WCLK";
    .port_info 6 /INPUT 1 "WCLKE";
    .port_info 7 /INPUT 1 "WE";
    .port_info 8 /INPUT 11 "WADDR";
    .port_info 9 /INPUT 16 "MASK";
    .port_info 10 /INPUT 16 "WDATA";
P_000001ac222f49a0 .param/l "INIT_0" 0 3 1742, C4<0000000000000000000000000000000000000000000000000000000000000000000000000000000000000000000000000000000000000000000000000000000000000000000000000000000000000000000000000000000000000000000000000000000000000000000000000000000000000000000000000000000000000000>;
P_000001ac222f49d8 .param/l "INIT_1" 0 3 1743, C4<0000000000000000000000000000000000000000000000000000000000000000000000000000000000000000000000000000000000000000000000000000000000000000000000000000000000000000000000000000000000000000000000000000000000000000000000000000000000000000000000000000000000000000>;
P_000001ac222f4a10 .param/l "INIT_2" 0 3 1744, C4<0000000000000000000000000000000000000000000000000000000000000000000000000000000000000000000000000000000000000000000000000000000000000000000000000000000000000000000000000000000000000000000000000000000000000000000000000000000000000000000000000000000000000000>;
P_000001ac222f4a48 .param/l "INIT_3" 0 3 1745, C4<0000000000000000000000000000000000000000000000000000000000000000000000000000000000000000000000000000000000000000000000000000000000000000000000000000000000000000000000000000000000000000000000000000000000000000000000000000000000000000000000000000000000000000>;
P_000001ac222f4a80 .param/l "INIT_4" 0 3 1746, C4<0000000000000000000000000000000000000000000000000000000000000000000000000000000000000000000000000000000000000000000000000000000000000000000000000000000000000000000000000000000000000000000000000000000000000000000000000000000000000000000000000000000000000000>;
P_000001ac222f4ab8 .param/l "INIT_5" 0 3 1747, C4<0000000000000000000000000000000000000000000000000000000000000000000000000000000000000000000000000000000000000000000000000000000000000000000000000000000000000000000000000000000000000000000000000000000000000000000000000000000000000000000000000000000000000000>;
P_000001ac222f4af0 .param/l "INIT_6" 0 3 1748, C4<0000000000000000000000000000000000000000000000000000000000000000000000000000000000000000000000000000000000000000000000000000000000000000000000000000000000000000000000000000000000000000000000000000000000000000000000000000000000000000000000000000000000000000>;
P_000001ac222f4b28 .param/l "INIT_7" 0 3 1749, C4<0000000000000000000000000000000000000000000000000000000000000000000000000000000000000000000000000000000000000000000000000000000000000000000000000000000000000000000000000000000000000000000000000000000000000000000000000000000000000000000000000000000000000000>;
P_000001ac222f4b60 .param/l "INIT_8" 0 3 1750, C4<0000000000000000000000000000000000000000000000000000000000000000000000000000000000000000000000000000000000000000000000000000000000000000000000000000000000000000000000000000000000000000000000000000000000000000000000000000000000000000000000000000000000000000>;
P_000001ac222f4b98 .param/l "INIT_9" 0 3 1751, C4<0000000000000000000000000000000000000000000000000000000000000000000000000000000000000000000000000000000000000000000000000000000000000000000000000000000000000000000000000000000000000000000000000000000000000000000000000000000000000000000000000000000000000000>;
P_000001ac222f4bd0 .param/l "INIT_A" 0 3 1752, C4<0000000000000000000000000000000000000000000000000000000000000000000000000000000000000000000000000000000000000000000000000000000000000000000000000000000000000000000000000000000000000000000000000000000000000000000000000000000000000000000000000000000000000000>;
P_000001ac222f4c08 .param/l "INIT_B" 0 3 1753, C4<0000000000000000000000000000000000000000000000000000000000000000000000000000000000000000000000000000000000000000000000000000000000000000000000000000000000000000000000000000000000000000000000000000000000000000000000000000000000000000000000000000000000000000>;
P_000001ac222f4c40 .param/l "INIT_C" 0 3 1754, C4<0000000000000000000000000000000000000000000000000000000000000000000000000000000000000000000000000000000000000000000000000000000000000000000000000000000000000000000000000000000000000000000000000000000000000000000000000000000000000000000000000000000000000000>;
P_000001ac222f4c78 .param/l "INIT_D" 0 3 1755, C4<0000000000000000000000000000000000000000000000000000000000000000000000000000000000000000000000000000000000000000000000000000000000000000000000000000000000000000000000000000000000000000000000000000000000000000000000000000000000000000000000000000000000000000>;
P_000001ac222f4cb0 .param/l "INIT_E" 0 3 1756, C4<0000000000000000000000000000000000000000000000000000000000000000000000000000000000000000000000000000000000000000000000000000000000000000000000000000000000000000000000000000000000000000000000000000000000000000000000000000000000000000000000000000000000000000>;
P_000001ac222f4ce8 .param/l "INIT_F" 0 3 1757, C4<0000000000000000000000000000000000000000000000000000000000000000000000000000000000000000000000000000000000000000000000000000000000000000000000000000000000000000000000000000000000000000000000000000000000000000000000000000000000000000000000000000000000000000>;
P_000001ac222f4d20 .param/str "INIT_FILE" 0 3 1759, "\000";
P_000001ac222f4d58 .param/l "READ_MODE" 0 3 1740, +C4<00000000000000000000000000000000>;
P_000001ac222f4d90 .param/l "WRITE_MODE" 0 3 1739, +C4<00000000000000000000000000000000>;
o000001ac2231c9b8 .functor BUFZ 1, c4<z>; HiZ drive
L_000001ac222edc00 .functor NOT 1, o000001ac2231c9b8, C4<0>, C4<0>, C4<0>;
o000001ac2231c4a8 .functor BUFZ 16, c4<zzzzzzzzzzzzzzzz>; HiZ drive
v000001ac2236c360_0 .net "MASK", 15 0, o000001ac2231c4a8;  0 drivers
o000001ac2231c4d8 .functor BUFZ 11, c4<zzzzzzzzzzz>; HiZ drive
v000001ac2236db20_0 .net "RADDR", 10 0, o000001ac2231c4d8;  0 drivers
o000001ac2231c538 .functor BUFZ 1, c4<z>; HiZ drive
v000001ac2236dbc0_0 .net "RCLKE", 0 0, o000001ac2231c538;  0 drivers
v000001ac2236e340_0 .net "RCLKN", 0 0, o000001ac2231c9b8;  0 drivers
v000001ac2236bd20_0 .net "RDATA", 15 0, L_000001ac222edb90;  1 drivers
o000001ac2231c5c8 .functor BUFZ 1, c4<z>; HiZ drive
v000001ac2236c400_0 .net "RE", 0 0, o000001ac2231c5c8;  0 drivers
o000001ac2231c628 .functor BUFZ 11, c4<zzzzzzzzzzz>; HiZ drive
v000001ac2236d620_0 .net "WADDR", 10 0, o000001ac2231c628;  0 drivers
o000001ac2231c658 .functor BUFZ 1, c4<z>; HiZ drive
v000001ac2236dc60_0 .net "WCLK", 0 0, o000001ac2231c658;  0 drivers
o000001ac2231c688 .functor BUFZ 1, c4<z>; HiZ drive
v000001ac2236e2a0_0 .net "WCLKE", 0 0, o000001ac2231c688;  0 drivers
o000001ac2231c6b8 .functor BUFZ 16, c4<zzzzzzzzzzzzzzzz>; HiZ drive
v000001ac2236dd00_0 .net "WDATA", 15 0, o000001ac2231c6b8;  0 drivers
o000001ac2231c718 .functor BUFZ 1, c4<z>; HiZ drive
v000001ac2236de40_0 .net "WE", 0 0, o000001ac2231c718;  0 drivers
S_000001ac222f9830 .scope module, "RAM" "SB_RAM40_4K" 3 1781, 3 1487 0, S_000001ac222f42e0;
 .timescale -12 -12;
    .port_info 0 /OUTPUT 16 "RDATA";
    .port_info 1 /INPUT 1 "RCLK";
    .port_info 2 /INPUT 1 "RCLKE";
    .port_info 3 /INPUT 1 "RE";
    .port_info 4 /INPUT 11 "RADDR";
    .port_info 5 /INPUT 1 "WCLK";
    .port_info 6 /INPUT 1 "WCLKE";
    .port_info 7 /INPUT 1 "WE";
    .port_info 8 /INPUT 11 "WADDR";
    .port_info 9 /INPUT 16 "MASK";
    .port_info 10 /INPUT 16 "WDATA";
P_000001ac2230d8d0 .param/l "INIT_0" 0 3 1507, C4<0000000000000000000000000000000000000000000000000000000000000000000000000000000000000000000000000000000000000000000000000000000000000000000000000000000000000000000000000000000000000000000000000000000000000000000000000000000000000000000000000000000000000000>;
P_000001ac2230d908 .param/l "INIT_1" 0 3 1508, C4<0000000000000000000000000000000000000000000000000000000000000000000000000000000000000000000000000000000000000000000000000000000000000000000000000000000000000000000000000000000000000000000000000000000000000000000000000000000000000000000000000000000000000000>;
P_000001ac2230d940 .param/l "INIT_2" 0 3 1509, C4<0000000000000000000000000000000000000000000000000000000000000000000000000000000000000000000000000000000000000000000000000000000000000000000000000000000000000000000000000000000000000000000000000000000000000000000000000000000000000000000000000000000000000000>;
P_000001ac2230d978 .param/l "INIT_3" 0 3 1510, C4<0000000000000000000000000000000000000000000000000000000000000000000000000000000000000000000000000000000000000000000000000000000000000000000000000000000000000000000000000000000000000000000000000000000000000000000000000000000000000000000000000000000000000000>;
P_000001ac2230d9b0 .param/l "INIT_4" 0 3 1511, C4<0000000000000000000000000000000000000000000000000000000000000000000000000000000000000000000000000000000000000000000000000000000000000000000000000000000000000000000000000000000000000000000000000000000000000000000000000000000000000000000000000000000000000000>;
P_000001ac2230d9e8 .param/l "INIT_5" 0 3 1512, C4<0000000000000000000000000000000000000000000000000000000000000000000000000000000000000000000000000000000000000000000000000000000000000000000000000000000000000000000000000000000000000000000000000000000000000000000000000000000000000000000000000000000000000000>;
P_000001ac2230da20 .param/l "INIT_6" 0 3 1513, C4<0000000000000000000000000000000000000000000000000000000000000000000000000000000000000000000000000000000000000000000000000000000000000000000000000000000000000000000000000000000000000000000000000000000000000000000000000000000000000000000000000000000000000000>;
P_000001ac2230da58 .param/l "INIT_7" 0 3 1514, C4<0000000000000000000000000000000000000000000000000000000000000000000000000000000000000000000000000000000000000000000000000000000000000000000000000000000000000000000000000000000000000000000000000000000000000000000000000000000000000000000000000000000000000000>;
P_000001ac2230da90 .param/l "INIT_8" 0 3 1515, C4<0000000000000000000000000000000000000000000000000000000000000000000000000000000000000000000000000000000000000000000000000000000000000000000000000000000000000000000000000000000000000000000000000000000000000000000000000000000000000000000000000000000000000000>;
P_000001ac2230dac8 .param/l "INIT_9" 0 3 1516, C4<0000000000000000000000000000000000000000000000000000000000000000000000000000000000000000000000000000000000000000000000000000000000000000000000000000000000000000000000000000000000000000000000000000000000000000000000000000000000000000000000000000000000000000>;
P_000001ac2230db00 .param/l "INIT_A" 0 3 1517, C4<0000000000000000000000000000000000000000000000000000000000000000000000000000000000000000000000000000000000000000000000000000000000000000000000000000000000000000000000000000000000000000000000000000000000000000000000000000000000000000000000000000000000000000>;
P_000001ac2230db38 .param/l "INIT_B" 0 3 1518, C4<0000000000000000000000000000000000000000000000000000000000000000000000000000000000000000000000000000000000000000000000000000000000000000000000000000000000000000000000000000000000000000000000000000000000000000000000000000000000000000000000000000000000000000>;
P_000001ac2230db70 .param/l "INIT_C" 0 3 1519, C4<0000000000000000000000000000000000000000000000000000000000000000000000000000000000000000000000000000000000000000000000000000000000000000000000000000000000000000000000000000000000000000000000000000000000000000000000000000000000000000000000000000000000000000>;
P_000001ac2230dba8 .param/l "INIT_D" 0 3 1520, C4<0000000000000000000000000000000000000000000000000000000000000000000000000000000000000000000000000000000000000000000000000000000000000000000000000000000000000000000000000000000000000000000000000000000000000000000000000000000000000000000000000000000000000000>;
P_000001ac2230dbe0 .param/l "INIT_E" 0 3 1521, C4<0000000000000000000000000000000000000000000000000000000000000000000000000000000000000000000000000000000000000000000000000000000000000000000000000000000000000000000000000000000000000000000000000000000000000000000000000000000000000000000000000000000000000000>;
P_000001ac2230dc18 .param/l "INIT_F" 0 3 1522, C4<0000000000000000000000000000000000000000000000000000000000000000000000000000000000000000000000000000000000000000000000000000000000000000000000000000000000000000000000000000000000000000000000000000000000000000000000000000000000000000000000000000000000000000>;
P_000001ac2230dc50 .param/str "INIT_FILE" 0 3 1524, "\000";
P_000001ac2230dc88 .param/l "READ_MODE" 0 3 1505, +C4<00000000000000000000000000000000>;
P_000001ac2230dcc0 .param/l "WRITE_MODE" 0 3 1504, +C4<00000000000000000000000000000000>;
v000001ac2236d260_0 .net "MASK", 15 0, o000001ac2231c4a8;  alias, 0 drivers
v000001ac2236d940_0 .net "RADDR", 10 0, o000001ac2231c4d8;  alias, 0 drivers
v000001ac2236d440_0 .net "RCLK", 0 0, L_000001ac222edc00;  1 drivers
v000001ac2236c680_0 .net "RCLKE", 0 0, o000001ac2231c538;  alias, 0 drivers
v000001ac2236bfa0_0 .net "RDATA", 15 0, L_000001ac222edb90;  alias, 1 drivers
v000001ac2236c900_0 .var "RDATA_I", 15 0;
v000001ac2236c9a0_0 .net "RE", 0 0, o000001ac2231c5c8;  alias, 0 drivers
L_000001ac22386320 .functor BUFT 1, C4<0000000000000000>, C4<0>, C4<0>, C4<0>;
v000001ac2236cb80_0 .net "RMASK_I", 15 0, L_000001ac22386320;  1 drivers
v000001ac2236d8a0_0 .net "WADDR", 10 0, o000001ac2231c628;  alias, 0 drivers
v000001ac2236ca40_0 .net "WCLK", 0 0, o000001ac2231c658;  alias, 0 drivers
v000001ac2236cea0_0 .net "WCLKE", 0 0, o000001ac2231c688;  alias, 0 drivers
v000001ac2236e200_0 .net "WDATA", 15 0, o000001ac2231c6b8;  alias, 0 drivers
v000001ac2236c2c0_0 .net "WDATA_I", 15 0, L_000001ac222eebc0;  1 drivers
v000001ac2236dda0_0 .net "WE", 0 0, o000001ac2231c718;  alias, 0 drivers
v000001ac2236da80_0 .net "WMASK_I", 15 0, L_000001ac222edb20;  1 drivers
v000001ac2236d800_0 .var/i "i", 31 0;
v000001ac2236c040 .array "memory", 255 0, 15 0;
E_000001ac222e1f20 .event posedge, v000001ac2236d440_0;
E_000001ac222e1620 .event posedge, v000001ac2236ca40_0;
S_000001ac222f99c0 .scope generate, "genblk1" "genblk1" 3 1534, 3 1534 0, S_000001ac222f9830;
 .timescale -12 -12;
L_000001ac222edb20 .functor BUFZ 16, o000001ac2231c4a8, C4<0000000000000000>, C4<0000000000000000>, C4<0000000000000000>;
S_000001ac2237ad10 .scope generate, "genblk2" "genblk2" 3 1555, 3 1555 0, S_000001ac222f9830;
 .timescale -12 -12;
S_000001ac22379a50 .scope generate, "genblk3" "genblk3" 3 1576, 3 1576 0, S_000001ac222f9830;
 .timescale -12 -12;
L_000001ac222eebc0 .functor BUFZ 16, o000001ac2231c6b8, C4<0000000000000000>, C4<0000000000000000>, C4<0000000000000000>;
S_000001ac2237ab80 .scope generate, "genblk4" "genblk4" 3 1595, 3 1595 0, S_000001ac222f9830;
 .timescale -12 -12;
L_000001ac222edb90 .functor BUFZ 16, v000001ac2236c900_0, C4<0000000000000000>, C4<0000000000000000>, C4<0000000000000000>;
S_000001ac222f4470 .scope module, "SB_RAM40_4KNRNW" "SB_RAM40_4KNRNW" 3 1998;
 .timescale -12 -12;
    .port_info 0 /OUTPUT 16 "RDATA";
    .port_info 1 /INPUT 1 "RCLKN";
    .port_info 2 /INPUT 1 "RCLKE";
    .port_info 3 /INPUT 1 "RE";
    .port_info 4 /INPUT 11 "RADDR";
    .port_info 5 /INPUT 1 "WCLKN";
    .port_info 6 /INPUT 1 "WCLKE";
    .port_info 7 /INPUT 1 "WE";
    .port_info 8 /INPUT 11 "WADDR";
    .port_info 9 /INPUT 16 "MASK";
    .port_info 10 /INPUT 16 "WDATA";
P_000001ac222f4dd0 .param/l "INIT_0" 0 3 2014, C4<0000000000000000000000000000000000000000000000000000000000000000000000000000000000000000000000000000000000000000000000000000000000000000000000000000000000000000000000000000000000000000000000000000000000000000000000000000000000000000000000000000000000000000>;
P_000001ac222f4e08 .param/l "INIT_1" 0 3 2015, C4<0000000000000000000000000000000000000000000000000000000000000000000000000000000000000000000000000000000000000000000000000000000000000000000000000000000000000000000000000000000000000000000000000000000000000000000000000000000000000000000000000000000000000000>;
P_000001ac222f4e40 .param/l "INIT_2" 0 3 2016, C4<0000000000000000000000000000000000000000000000000000000000000000000000000000000000000000000000000000000000000000000000000000000000000000000000000000000000000000000000000000000000000000000000000000000000000000000000000000000000000000000000000000000000000000>;
P_000001ac222f4e78 .param/l "INIT_3" 0 3 2017, C4<0000000000000000000000000000000000000000000000000000000000000000000000000000000000000000000000000000000000000000000000000000000000000000000000000000000000000000000000000000000000000000000000000000000000000000000000000000000000000000000000000000000000000000>;
P_000001ac222f4eb0 .param/l "INIT_4" 0 3 2018, C4<0000000000000000000000000000000000000000000000000000000000000000000000000000000000000000000000000000000000000000000000000000000000000000000000000000000000000000000000000000000000000000000000000000000000000000000000000000000000000000000000000000000000000000>;
P_000001ac222f4ee8 .param/l "INIT_5" 0 3 2019, C4<0000000000000000000000000000000000000000000000000000000000000000000000000000000000000000000000000000000000000000000000000000000000000000000000000000000000000000000000000000000000000000000000000000000000000000000000000000000000000000000000000000000000000000>;
P_000001ac222f4f20 .param/l "INIT_6" 0 3 2020, C4<0000000000000000000000000000000000000000000000000000000000000000000000000000000000000000000000000000000000000000000000000000000000000000000000000000000000000000000000000000000000000000000000000000000000000000000000000000000000000000000000000000000000000000>;
P_000001ac222f4f58 .param/l "INIT_7" 0 3 2021, C4<0000000000000000000000000000000000000000000000000000000000000000000000000000000000000000000000000000000000000000000000000000000000000000000000000000000000000000000000000000000000000000000000000000000000000000000000000000000000000000000000000000000000000000>;
P_000001ac222f4f90 .param/l "INIT_8" 0 3 2022, C4<0000000000000000000000000000000000000000000000000000000000000000000000000000000000000000000000000000000000000000000000000000000000000000000000000000000000000000000000000000000000000000000000000000000000000000000000000000000000000000000000000000000000000000>;
P_000001ac222f4fc8 .param/l "INIT_9" 0 3 2023, C4<0000000000000000000000000000000000000000000000000000000000000000000000000000000000000000000000000000000000000000000000000000000000000000000000000000000000000000000000000000000000000000000000000000000000000000000000000000000000000000000000000000000000000000>;
P_000001ac222f5000 .param/l "INIT_A" 0 3 2024, C4<0000000000000000000000000000000000000000000000000000000000000000000000000000000000000000000000000000000000000000000000000000000000000000000000000000000000000000000000000000000000000000000000000000000000000000000000000000000000000000000000000000000000000000>;
P_000001ac222f5038 .param/l "INIT_B" 0 3 2025, C4<0000000000000000000000000000000000000000000000000000000000000000000000000000000000000000000000000000000000000000000000000000000000000000000000000000000000000000000000000000000000000000000000000000000000000000000000000000000000000000000000000000000000000000>;
P_000001ac222f5070 .param/l "INIT_C" 0 3 2026, C4<0000000000000000000000000000000000000000000000000000000000000000000000000000000000000000000000000000000000000000000000000000000000000000000000000000000000000000000000000000000000000000000000000000000000000000000000000000000000000000000000000000000000000000>;
P_000001ac222f50a8 .param/l "INIT_D" 0 3 2027, C4<0000000000000000000000000000000000000000000000000000000000000000000000000000000000000000000000000000000000000000000000000000000000000000000000000000000000000000000000000000000000000000000000000000000000000000000000000000000000000000000000000000000000000000>;
P_000001ac222f50e0 .param/l "INIT_E" 0 3 2028, C4<0000000000000000000000000000000000000000000000000000000000000000000000000000000000000000000000000000000000000000000000000000000000000000000000000000000000000000000000000000000000000000000000000000000000000000000000000000000000000000000000000000000000000000>;
P_000001ac222f5118 .param/l "INIT_F" 0 3 2029, C4<0000000000000000000000000000000000000000000000000000000000000000000000000000000000000000000000000000000000000000000000000000000000000000000000000000000000000000000000000000000000000000000000000000000000000000000000000000000000000000000000000000000000000000>;
P_000001ac222f5150 .param/str "INIT_FILE" 0 3 2031, "\000";
P_000001ac222f5188 .param/l "READ_MODE" 0 3 2012, +C4<00000000000000000000000000000000>;
P_000001ac222f51c0 .param/l "WRITE_MODE" 0 3 2011, +C4<00000000000000000000000000000000>;
o000001ac2231d108 .functor BUFZ 1, c4<z>; HiZ drive
L_000001ac2227c7c0 .functor NOT 1, o000001ac2231d108, C4<0>, C4<0>, C4<0>;
o000001ac2231d138 .functor BUFZ 1, c4<z>; HiZ drive
L_000001ac2227ba30 .functor NOT 1, o000001ac2231d138, C4<0>, C4<0>, C4<0>;
o000001ac2231cbf8 .functor BUFZ 16, c4<zzzzzzzzzzzzzzzz>; HiZ drive
v000001ac2236cfe0_0 .net "MASK", 15 0, o000001ac2231cbf8;  0 drivers
o000001ac2231cc28 .functor BUFZ 11, c4<zzzzzzzzzzz>; HiZ drive
v000001ac2236c0e0_0 .net "RADDR", 10 0, o000001ac2231cc28;  0 drivers
o000001ac2231cc88 .functor BUFZ 1, c4<z>; HiZ drive
v000001ac2236c4a0_0 .net "RCLKE", 0 0, o000001ac2231cc88;  0 drivers
v000001ac2236c180_0 .net "RCLKN", 0 0, o000001ac2231d108;  0 drivers
v000001ac2236c220_0 .net "RDATA", 15 0, L_000001ac2227b950;  1 drivers
o000001ac2231cd18 .functor BUFZ 1, c4<z>; HiZ drive
v000001ac2236c720_0 .net "RE", 0 0, o000001ac2231cd18;  0 drivers
o000001ac2231cd78 .functor BUFZ 11, c4<zzzzzzzzzzz>; HiZ drive
v000001ac2236c540_0 .net "WADDR", 10 0, o000001ac2231cd78;  0 drivers
o000001ac2231cdd8 .functor BUFZ 1, c4<z>; HiZ drive
v000001ac2236c5e0_0 .net "WCLKE", 0 0, o000001ac2231cdd8;  0 drivers
v000001ac2236c7c0_0 .net "WCLKN", 0 0, o000001ac2231d138;  0 drivers
o000001ac2231ce08 .functor BUFZ 16, c4<zzzzzzzzzzzzzzzz>; HiZ drive
v000001ac2236d580_0 .net "WDATA", 15 0, o000001ac2231ce08;  0 drivers
o000001ac2231ce68 .functor BUFZ 1, c4<z>; HiZ drive
v000001ac2236cae0_0 .net "WE", 0 0, o000001ac2231ce68;  0 drivers
S_000001ac2237a540 .scope module, "RAM" "SB_RAM40_4K" 3 2053, 3 1487 0, S_000001ac222f4470;
 .timescale -12 -12;
    .port_info 0 /OUTPUT 16 "RDATA";
    .port_info 1 /INPUT 1 "RCLK";
    .port_info 2 /INPUT 1 "RCLKE";
    .port_info 3 /INPUT 1 "RE";
    .port_info 4 /INPUT 11 "RADDR";
    .port_info 5 /INPUT 1 "WCLK";
    .port_info 6 /INPUT 1 "WCLKE";
    .port_info 7 /INPUT 1 "WE";
    .port_info 8 /INPUT 11 "WADDR";
    .port_info 9 /INPUT 16 "MASK";
    .port_info 10 /INPUT 16 "WDATA";
P_000001ac2237b3d0 .param/l "INIT_0" 0 3 1507, C4<0000000000000000000000000000000000000000000000000000000000000000000000000000000000000000000000000000000000000000000000000000000000000000000000000000000000000000000000000000000000000000000000000000000000000000000000000000000000000000000000000000000000000000>;
P_000001ac2237b408 .param/l "INIT_1" 0 3 1508, C4<0000000000000000000000000000000000000000000000000000000000000000000000000000000000000000000000000000000000000000000000000000000000000000000000000000000000000000000000000000000000000000000000000000000000000000000000000000000000000000000000000000000000000000>;
P_000001ac2237b440 .param/l "INIT_2" 0 3 1509, C4<0000000000000000000000000000000000000000000000000000000000000000000000000000000000000000000000000000000000000000000000000000000000000000000000000000000000000000000000000000000000000000000000000000000000000000000000000000000000000000000000000000000000000000>;
P_000001ac2237b478 .param/l "INIT_3" 0 3 1510, C4<0000000000000000000000000000000000000000000000000000000000000000000000000000000000000000000000000000000000000000000000000000000000000000000000000000000000000000000000000000000000000000000000000000000000000000000000000000000000000000000000000000000000000000>;
P_000001ac2237b4b0 .param/l "INIT_4" 0 3 1511, C4<0000000000000000000000000000000000000000000000000000000000000000000000000000000000000000000000000000000000000000000000000000000000000000000000000000000000000000000000000000000000000000000000000000000000000000000000000000000000000000000000000000000000000000>;
P_000001ac2237b4e8 .param/l "INIT_5" 0 3 1512, C4<0000000000000000000000000000000000000000000000000000000000000000000000000000000000000000000000000000000000000000000000000000000000000000000000000000000000000000000000000000000000000000000000000000000000000000000000000000000000000000000000000000000000000000>;
P_000001ac2237b520 .param/l "INIT_6" 0 3 1513, C4<0000000000000000000000000000000000000000000000000000000000000000000000000000000000000000000000000000000000000000000000000000000000000000000000000000000000000000000000000000000000000000000000000000000000000000000000000000000000000000000000000000000000000000>;
P_000001ac2237b558 .param/l "INIT_7" 0 3 1514, C4<0000000000000000000000000000000000000000000000000000000000000000000000000000000000000000000000000000000000000000000000000000000000000000000000000000000000000000000000000000000000000000000000000000000000000000000000000000000000000000000000000000000000000000>;
P_000001ac2237b590 .param/l "INIT_8" 0 3 1515, C4<0000000000000000000000000000000000000000000000000000000000000000000000000000000000000000000000000000000000000000000000000000000000000000000000000000000000000000000000000000000000000000000000000000000000000000000000000000000000000000000000000000000000000000>;
P_000001ac2237b5c8 .param/l "INIT_9" 0 3 1516, C4<0000000000000000000000000000000000000000000000000000000000000000000000000000000000000000000000000000000000000000000000000000000000000000000000000000000000000000000000000000000000000000000000000000000000000000000000000000000000000000000000000000000000000000>;
P_000001ac2237b600 .param/l "INIT_A" 0 3 1517, C4<0000000000000000000000000000000000000000000000000000000000000000000000000000000000000000000000000000000000000000000000000000000000000000000000000000000000000000000000000000000000000000000000000000000000000000000000000000000000000000000000000000000000000000>;
P_000001ac2237b638 .param/l "INIT_B" 0 3 1518, C4<0000000000000000000000000000000000000000000000000000000000000000000000000000000000000000000000000000000000000000000000000000000000000000000000000000000000000000000000000000000000000000000000000000000000000000000000000000000000000000000000000000000000000000>;
P_000001ac2237b670 .param/l "INIT_C" 0 3 1519, C4<0000000000000000000000000000000000000000000000000000000000000000000000000000000000000000000000000000000000000000000000000000000000000000000000000000000000000000000000000000000000000000000000000000000000000000000000000000000000000000000000000000000000000000>;
P_000001ac2237b6a8 .param/l "INIT_D" 0 3 1520, C4<0000000000000000000000000000000000000000000000000000000000000000000000000000000000000000000000000000000000000000000000000000000000000000000000000000000000000000000000000000000000000000000000000000000000000000000000000000000000000000000000000000000000000000>;
P_000001ac2237b6e0 .param/l "INIT_E" 0 3 1521, C4<0000000000000000000000000000000000000000000000000000000000000000000000000000000000000000000000000000000000000000000000000000000000000000000000000000000000000000000000000000000000000000000000000000000000000000000000000000000000000000000000000000000000000000>;
P_000001ac2237b718 .param/l "INIT_F" 0 3 1522, C4<0000000000000000000000000000000000000000000000000000000000000000000000000000000000000000000000000000000000000000000000000000000000000000000000000000000000000000000000000000000000000000000000000000000000000000000000000000000000000000000000000000000000000000>;
P_000001ac2237b750 .param/str "INIT_FILE" 0 3 1524, "\000";
P_000001ac2237b788 .param/l "READ_MODE" 0 3 1505, +C4<00000000000000000000000000000000>;
P_000001ac2237b7c0 .param/l "WRITE_MODE" 0 3 1504, +C4<00000000000000000000000000000000>;
v000001ac2236cf40_0 .net "MASK", 15 0, o000001ac2231cbf8;  alias, 0 drivers
v000001ac2236d6c0_0 .net "RADDR", 10 0, o000001ac2231cc28;  alias, 0 drivers
v000001ac2236bdc0_0 .net "RCLK", 0 0, L_000001ac2227c7c0;  1 drivers
v000001ac2236dee0_0 .net "RCLKE", 0 0, o000001ac2231cc88;  alias, 0 drivers
v000001ac2236cd60_0 .net "RDATA", 15 0, L_000001ac2227b950;  alias, 1 drivers
v000001ac2236df80_0 .var "RDATA_I", 15 0;
v000001ac2236cc20_0 .net "RE", 0 0, o000001ac2231cd18;  alias, 0 drivers
L_000001ac22386368 .functor BUFT 1, C4<0000000000000000>, C4<0>, C4<0>, C4<0>;
v000001ac2236e020_0 .net "RMASK_I", 15 0, L_000001ac22386368;  1 drivers
v000001ac2236d3a0_0 .net "WADDR", 10 0, o000001ac2231cd78;  alias, 0 drivers
v000001ac2236e0c0_0 .net "WCLK", 0 0, L_000001ac2227ba30;  1 drivers
v000001ac2236c860_0 .net "WCLKE", 0 0, o000001ac2231cdd8;  alias, 0 drivers
v000001ac2236ccc0_0 .net "WDATA", 15 0, o000001ac2231ce08;  alias, 0 drivers
v000001ac2236e160_0 .net "WDATA_I", 15 0, L_000001ac2227c130;  1 drivers
v000001ac2236bbe0_0 .net "WE", 0 0, o000001ac2231ce68;  alias, 0 drivers
v000001ac2236bc80_0 .net "WMASK_I", 15 0, L_000001ac2227cc90;  1 drivers
v000001ac2236be60_0 .var/i "i", 31 0;
v000001ac2236d1c0 .array "memory", 255 0, 15 0;
E_000001ac222e21e0 .event posedge, v000001ac2236bdc0_0;
E_000001ac222e19e0 .event posedge, v000001ac2236e0c0_0;
S_000001ac22379f00 .scope generate, "genblk1" "genblk1" 3 1534, 3 1534 0, S_000001ac2237a540;
 .timescale -12 -12;
L_000001ac2227cc90 .functor BUFZ 16, o000001ac2231cbf8, C4<0000000000000000>, C4<0000000000000000>, C4<0000000000000000>;
S_000001ac2237a9f0 .scope generate, "genblk2" "genblk2" 3 1555, 3 1555 0, S_000001ac2237a540;
 .timescale -12 -12;
S_000001ac223798c0 .scope generate, "genblk3" "genblk3" 3 1576, 3 1576 0, S_000001ac2237a540;
 .timescale -12 -12;
L_000001ac2227c130 .functor BUFZ 16, o000001ac2231ce08, C4<0000000000000000>, C4<0000000000000000>, C4<0000000000000000>;
S_000001ac22379410 .scope generate, "genblk4" "genblk4" 3 1595, 3 1595 0, S_000001ac2237a540;
 .timescale -12 -12;
L_000001ac2227b950 .functor BUFZ 16, v000001ac2236df80_0, C4<0000000000000000>, C4<0000000000000000>, C4<0000000000000000>;
S_000001ac222f3020 .scope module, "SB_RAM40_4KNW" "SB_RAM40_4KNW" 3 1862;
 .timescale -12 -12;
    .port_info 0 /OUTPUT 16 "RDATA";
    .port_info 1 /INPUT 1 "RCLK";
    .port_info 2 /INPUT 1 "RCLKE";
    .port_info 3 /INPUT 1 "RE";
    .port_info 4 /INPUT 11 "RADDR";
    .port_info 5 /INPUT 1 "WCLKN";
    .port_info 6 /INPUT 1 "WCLKE";
    .port_info 7 /INPUT 1 "WE";
    .port_info 8 /INPUT 11 "WADDR";
    .port_info 9 /INPUT 16 "MASK";
    .port_info 10 /INPUT 16 "WDATA";
P_000001ac222f7210 .param/l "INIT_0" 0 3 1878, C4<0000000000000000000000000000000000000000000000000000000000000000000000000000000000000000000000000000000000000000000000000000000000000000000000000000000000000000000000000000000000000000000000000000000000000000000000000000000000000000000000000000000000000000>;
P_000001ac222f7248 .param/l "INIT_1" 0 3 1879, C4<0000000000000000000000000000000000000000000000000000000000000000000000000000000000000000000000000000000000000000000000000000000000000000000000000000000000000000000000000000000000000000000000000000000000000000000000000000000000000000000000000000000000000000>;
P_000001ac222f7280 .param/l "INIT_2" 0 3 1880, C4<0000000000000000000000000000000000000000000000000000000000000000000000000000000000000000000000000000000000000000000000000000000000000000000000000000000000000000000000000000000000000000000000000000000000000000000000000000000000000000000000000000000000000000>;
P_000001ac222f72b8 .param/l "INIT_3" 0 3 1881, C4<0000000000000000000000000000000000000000000000000000000000000000000000000000000000000000000000000000000000000000000000000000000000000000000000000000000000000000000000000000000000000000000000000000000000000000000000000000000000000000000000000000000000000000>;
P_000001ac222f72f0 .param/l "INIT_4" 0 3 1882, C4<0000000000000000000000000000000000000000000000000000000000000000000000000000000000000000000000000000000000000000000000000000000000000000000000000000000000000000000000000000000000000000000000000000000000000000000000000000000000000000000000000000000000000000>;
P_000001ac222f7328 .param/l "INIT_5" 0 3 1883, C4<0000000000000000000000000000000000000000000000000000000000000000000000000000000000000000000000000000000000000000000000000000000000000000000000000000000000000000000000000000000000000000000000000000000000000000000000000000000000000000000000000000000000000000>;
P_000001ac222f7360 .param/l "INIT_6" 0 3 1884, C4<0000000000000000000000000000000000000000000000000000000000000000000000000000000000000000000000000000000000000000000000000000000000000000000000000000000000000000000000000000000000000000000000000000000000000000000000000000000000000000000000000000000000000000>;
P_000001ac222f7398 .param/l "INIT_7" 0 3 1885, C4<0000000000000000000000000000000000000000000000000000000000000000000000000000000000000000000000000000000000000000000000000000000000000000000000000000000000000000000000000000000000000000000000000000000000000000000000000000000000000000000000000000000000000000>;
P_000001ac222f73d0 .param/l "INIT_8" 0 3 1886, C4<0000000000000000000000000000000000000000000000000000000000000000000000000000000000000000000000000000000000000000000000000000000000000000000000000000000000000000000000000000000000000000000000000000000000000000000000000000000000000000000000000000000000000000>;
P_000001ac222f7408 .param/l "INIT_9" 0 3 1887, C4<0000000000000000000000000000000000000000000000000000000000000000000000000000000000000000000000000000000000000000000000000000000000000000000000000000000000000000000000000000000000000000000000000000000000000000000000000000000000000000000000000000000000000000>;
P_000001ac222f7440 .param/l "INIT_A" 0 3 1888, C4<0000000000000000000000000000000000000000000000000000000000000000000000000000000000000000000000000000000000000000000000000000000000000000000000000000000000000000000000000000000000000000000000000000000000000000000000000000000000000000000000000000000000000000>;
P_000001ac222f7478 .param/l "INIT_B" 0 3 1889, C4<0000000000000000000000000000000000000000000000000000000000000000000000000000000000000000000000000000000000000000000000000000000000000000000000000000000000000000000000000000000000000000000000000000000000000000000000000000000000000000000000000000000000000000>;
P_000001ac222f74b0 .param/l "INIT_C" 0 3 1890, C4<0000000000000000000000000000000000000000000000000000000000000000000000000000000000000000000000000000000000000000000000000000000000000000000000000000000000000000000000000000000000000000000000000000000000000000000000000000000000000000000000000000000000000000>;
P_000001ac222f74e8 .param/l "INIT_D" 0 3 1891, C4<0000000000000000000000000000000000000000000000000000000000000000000000000000000000000000000000000000000000000000000000000000000000000000000000000000000000000000000000000000000000000000000000000000000000000000000000000000000000000000000000000000000000000000>;
P_000001ac222f7520 .param/l "INIT_E" 0 3 1892, C4<0000000000000000000000000000000000000000000000000000000000000000000000000000000000000000000000000000000000000000000000000000000000000000000000000000000000000000000000000000000000000000000000000000000000000000000000000000000000000000000000000000000000000000>;
P_000001ac222f7558 .param/l "INIT_F" 0 3 1893, C4<0000000000000000000000000000000000000000000000000000000000000000000000000000000000000000000000000000000000000000000000000000000000000000000000000000000000000000000000000000000000000000000000000000000000000000000000000000000000000000000000000000000000000000>;
P_000001ac222f7590 .param/str "INIT_FILE" 0 3 1895, "\000";
P_000001ac222f75c8 .param/l "READ_MODE" 0 3 1876, +C4<00000000000000000000000000000000>;
P_000001ac222f7600 .param/l "WRITE_MODE" 0 3 1875, +C4<00000000000000000000000000000000>;
o000001ac2231d888 .functor BUFZ 1, c4<z>; HiZ drive
L_000001ac221ec690 .functor NOT 1, o000001ac2231d888, C4<0>, C4<0>, C4<0>;
o000001ac2231d378 .functor BUFZ 16, c4<zzzzzzzzzzzzzzzz>; HiZ drive
v000001ac223847b0_0 .net "MASK", 15 0, o000001ac2231d378;  0 drivers
o000001ac2231d3a8 .functor BUFZ 11, c4<zzzzzzzzzzz>; HiZ drive
v000001ac22383f90_0 .net "RADDR", 10 0, o000001ac2231d3a8;  0 drivers
o000001ac2231d3d8 .functor BUFZ 1, c4<z>; HiZ drive
v000001ac22384850_0 .net "RCLK", 0 0, o000001ac2231d3d8;  0 drivers
o000001ac2231d408 .functor BUFZ 1, c4<z>; HiZ drive
v000001ac22383bd0_0 .net "RCLKE", 0 0, o000001ac2231d408;  0 drivers
v000001ac223829b0_0 .net "RDATA", 15 0, L_000001ac221edb90;  1 drivers
o000001ac2231d498 .functor BUFZ 1, c4<z>; HiZ drive
v000001ac22383c70_0 .net "RE", 0 0, o000001ac2231d498;  0 drivers
o000001ac2231d4f8 .functor BUFZ 11, c4<zzzzzzzzzzz>; HiZ drive
v000001ac22382b90_0 .net "WADDR", 10 0, o000001ac2231d4f8;  0 drivers
o000001ac2231d558 .functor BUFZ 1, c4<z>; HiZ drive
v000001ac22383270_0 .net "WCLKE", 0 0, o000001ac2231d558;  0 drivers
v000001ac223848f0_0 .net "WCLKN", 0 0, o000001ac2231d888;  0 drivers
o000001ac2231d588 .functor BUFZ 16, c4<zzzzzzzzzzzzzzzz>; HiZ drive
v000001ac22383d10_0 .net "WDATA", 15 0, o000001ac2231d588;  0 drivers
o000001ac2231d5e8 .functor BUFZ 1, c4<z>; HiZ drive
v000001ac223839f0_0 .net "WE", 0 0, o000001ac2231d5e8;  0 drivers
S_000001ac22379be0 .scope module, "RAM" "SB_RAM40_4K" 3 1917, 3 1487 0, S_000001ac222f3020;
 .timescale -12 -12;
    .port_info 0 /OUTPUT 16 "RDATA";
    .port_info 1 /INPUT 1 "RCLK";
    .port_info 2 /INPUT 1 "RCLKE";
    .port_info 3 /INPUT 1 "RE";
    .port_info 4 /INPUT 11 "RADDR";
    .port_info 5 /INPUT 1 "WCLK";
    .port_info 6 /INPUT 1 "WCLKE";
    .port_info 7 /INPUT 1 "WE";
    .port_info 8 /INPUT 11 "WADDR";
    .port_info 9 /INPUT 16 "MASK";
    .port_info 10 /INPUT 16 "WDATA";
P_000001ac2230dd00 .param/l "INIT_0" 0 3 1507, C4<0000000000000000000000000000000000000000000000000000000000000000000000000000000000000000000000000000000000000000000000000000000000000000000000000000000000000000000000000000000000000000000000000000000000000000000000000000000000000000000000000000000000000000>;
P_000001ac2230dd38 .param/l "INIT_1" 0 3 1508, C4<0000000000000000000000000000000000000000000000000000000000000000000000000000000000000000000000000000000000000000000000000000000000000000000000000000000000000000000000000000000000000000000000000000000000000000000000000000000000000000000000000000000000000000>;
P_000001ac2230dd70 .param/l "INIT_2" 0 3 1509, C4<0000000000000000000000000000000000000000000000000000000000000000000000000000000000000000000000000000000000000000000000000000000000000000000000000000000000000000000000000000000000000000000000000000000000000000000000000000000000000000000000000000000000000000>;
P_000001ac2230dda8 .param/l "INIT_3" 0 3 1510, C4<0000000000000000000000000000000000000000000000000000000000000000000000000000000000000000000000000000000000000000000000000000000000000000000000000000000000000000000000000000000000000000000000000000000000000000000000000000000000000000000000000000000000000000>;
P_000001ac2230dde0 .param/l "INIT_4" 0 3 1511, C4<0000000000000000000000000000000000000000000000000000000000000000000000000000000000000000000000000000000000000000000000000000000000000000000000000000000000000000000000000000000000000000000000000000000000000000000000000000000000000000000000000000000000000000>;
P_000001ac2230de18 .param/l "INIT_5" 0 3 1512, C4<0000000000000000000000000000000000000000000000000000000000000000000000000000000000000000000000000000000000000000000000000000000000000000000000000000000000000000000000000000000000000000000000000000000000000000000000000000000000000000000000000000000000000000>;
P_000001ac2230de50 .param/l "INIT_6" 0 3 1513, C4<0000000000000000000000000000000000000000000000000000000000000000000000000000000000000000000000000000000000000000000000000000000000000000000000000000000000000000000000000000000000000000000000000000000000000000000000000000000000000000000000000000000000000000>;
P_000001ac2230de88 .param/l "INIT_7" 0 3 1514, C4<0000000000000000000000000000000000000000000000000000000000000000000000000000000000000000000000000000000000000000000000000000000000000000000000000000000000000000000000000000000000000000000000000000000000000000000000000000000000000000000000000000000000000000>;
P_000001ac2230dec0 .param/l "INIT_8" 0 3 1515, C4<0000000000000000000000000000000000000000000000000000000000000000000000000000000000000000000000000000000000000000000000000000000000000000000000000000000000000000000000000000000000000000000000000000000000000000000000000000000000000000000000000000000000000000>;
P_000001ac2230def8 .param/l "INIT_9" 0 3 1516, C4<0000000000000000000000000000000000000000000000000000000000000000000000000000000000000000000000000000000000000000000000000000000000000000000000000000000000000000000000000000000000000000000000000000000000000000000000000000000000000000000000000000000000000000>;
P_000001ac2230df30 .param/l "INIT_A" 0 3 1517, C4<0000000000000000000000000000000000000000000000000000000000000000000000000000000000000000000000000000000000000000000000000000000000000000000000000000000000000000000000000000000000000000000000000000000000000000000000000000000000000000000000000000000000000000>;
P_000001ac2230df68 .param/l "INIT_B" 0 3 1518, C4<0000000000000000000000000000000000000000000000000000000000000000000000000000000000000000000000000000000000000000000000000000000000000000000000000000000000000000000000000000000000000000000000000000000000000000000000000000000000000000000000000000000000000000>;
P_000001ac2230dfa0 .param/l "INIT_C" 0 3 1519, C4<0000000000000000000000000000000000000000000000000000000000000000000000000000000000000000000000000000000000000000000000000000000000000000000000000000000000000000000000000000000000000000000000000000000000000000000000000000000000000000000000000000000000000000>;
P_000001ac2230dfd8 .param/l "INIT_D" 0 3 1520, C4<0000000000000000000000000000000000000000000000000000000000000000000000000000000000000000000000000000000000000000000000000000000000000000000000000000000000000000000000000000000000000000000000000000000000000000000000000000000000000000000000000000000000000000>;
P_000001ac2230e010 .param/l "INIT_E" 0 3 1521, C4<0000000000000000000000000000000000000000000000000000000000000000000000000000000000000000000000000000000000000000000000000000000000000000000000000000000000000000000000000000000000000000000000000000000000000000000000000000000000000000000000000000000000000000>;
P_000001ac2230e048 .param/l "INIT_F" 0 3 1522, C4<0000000000000000000000000000000000000000000000000000000000000000000000000000000000000000000000000000000000000000000000000000000000000000000000000000000000000000000000000000000000000000000000000000000000000000000000000000000000000000000000000000000000000000>;
P_000001ac2230e080 .param/str "INIT_FILE" 0 3 1524, "\000";
P_000001ac2230e0b8 .param/l "READ_MODE" 0 3 1505, +C4<00000000000000000000000000000000>;
P_000001ac2230e0f0 .param/l "WRITE_MODE" 0 3 1504, +C4<00000000000000000000000000000000>;
v000001ac2236ce00_0 .net "MASK", 15 0, o000001ac2231d378;  alias, 0 drivers
v000001ac2236d4e0_0 .net "RADDR", 10 0, o000001ac2231d3a8;  alias, 0 drivers
v000001ac2236d080_0 .net "RCLK", 0 0, o000001ac2231d3d8;  alias, 0 drivers
v000001ac2236d300_0 .net "RCLKE", 0 0, o000001ac2231d408;  alias, 0 drivers
v000001ac2236eac0_0 .net "RDATA", 15 0, L_000001ac221edb90;  alias, 1 drivers
v000001ac2236e520_0 .var "RDATA_I", 15 0;
v000001ac2236e700_0 .net "RE", 0 0, o000001ac2231d498;  alias, 0 drivers
L_000001ac223863b0 .functor BUFT 1, C4<0000000000000000>, C4<0>, C4<0>, C4<0>;
v000001ac2236e7a0_0 .net "RMASK_I", 15 0, L_000001ac223863b0;  1 drivers
v000001ac2236e5c0_0 .net "WADDR", 10 0, o000001ac2231d4f8;  alias, 0 drivers
v000001ac2236e660_0 .net "WCLK", 0 0, L_000001ac221ec690;  1 drivers
v000001ac2236e840_0 .net "WCLKE", 0 0, o000001ac2231d558;  alias, 0 drivers
v000001ac2236e3e0_0 .net "WDATA", 15 0, o000001ac2231d588;  alias, 0 drivers
v000001ac2236e480_0 .net "WDATA_I", 15 0, L_000001ac2227afb0;  1 drivers
v000001ac2236e8e0_0 .net "WE", 0 0, o000001ac2231d5e8;  alias, 0 drivers
v000001ac2236ea20_0 .net "WMASK_I", 15 0, L_000001ac2227c830;  1 drivers
v000001ac2236e980_0 .var/i "i", 31 0;
v000001ac22382c30 .array "memory", 255 0, 15 0;
E_000001ac222e23a0 .event posedge, v000001ac2236d080_0;
E_000001ac222e1860 .event posedge, v000001ac2236e660_0;
S_000001ac2237a6d0 .scope generate, "genblk1" "genblk1" 3 1534, 3 1534 0, S_000001ac22379be0;
 .timescale -12 -12;
L_000001ac2227c830 .functor BUFZ 16, o000001ac2231d378, C4<0000000000000000>, C4<0000000000000000>, C4<0000000000000000>;
S_000001ac2237aea0 .scope generate, "genblk2" "genblk2" 3 1555, 3 1555 0, S_000001ac22379be0;
 .timescale -12 -12;
S_000001ac2237a090 .scope generate, "genblk3" "genblk3" 3 1576, 3 1576 0, S_000001ac22379be0;
 .timescale -12 -12;
L_000001ac2227afb0 .functor BUFZ 16, o000001ac2231d588, C4<0000000000000000>, C4<0000000000000000>, C4<0000000000000000>;
S_000001ac2237a220 .scope generate, "genblk4" "genblk4" 3 1595, 3 1595 0, S_000001ac22379be0;
 .timescale -12 -12;
L_000001ac221edb90 .functor BUFZ 16, v000001ac2236e520_0, C4<0000000000000000>, C4<0000000000000000>, C4<0000000000000000>;
S_000001ac222f4600 .scope module, "SB_RGBA_DRV" "SB_RGBA_DRV" 3 2692;
 .timescale -12 -12;
    .port_info 0 /INPUT 1 "CURREN";
    .port_info 1 /INPUT 1 "RGBLEDEN";
    .port_info 2 /INPUT 1 "RGB0PWM";
    .port_info 3 /INPUT 1 "RGB1PWM";
    .port_info 4 /INPUT 1 "RGB2PWM";
    .port_info 5 /OUTPUT 1 "RGB0";
    .port_info 6 /OUTPUT 1 "RGB1";
    .port_info 7 /OUTPUT 1 "RGB2";
P_000001ac2206f8a0 .param/str "CURRENT_MODE" 0 3 2702, "0b0";
P_000001ac2206f8d8 .param/str "RGB0_CURRENT" 0 3 2703, "0b000000";
P_000001ac2206f910 .param/str "RGB1_CURRENT" 0 3 2704, "0b000000";
P_000001ac2206f948 .param/str "RGB2_CURRENT" 0 3 2705, "0b000000";
o000001ac2231dac8 .functor BUFZ 1, c4<z>; HiZ drive
v000001ac22383e50_0 .net "CURREN", 0 0, o000001ac2231dac8;  0 drivers
o000001ac2231daf8 .functor BUFZ 1, c4<z>; HiZ drive
v000001ac22383db0_0 .net "RGB0", 0 0, o000001ac2231daf8;  0 drivers
o000001ac2231db28 .functor BUFZ 1, c4<z>; HiZ drive
v000001ac22383810_0 .net "RGB0PWM", 0 0, o000001ac2231db28;  0 drivers
o000001ac2231db58 .functor BUFZ 1, c4<z>; HiZ drive
v000001ac22384530_0 .net "RGB1", 0 0, o000001ac2231db58;  0 drivers
o000001ac2231db88 .functor BUFZ 1, c4<z>; HiZ drive
v000001ac22383ef0_0 .net "RGB1PWM", 0 0, o000001ac2231db88;  0 drivers
o000001ac2231dbb8 .functor BUFZ 1, c4<z>; HiZ drive
v000001ac22384df0_0 .net "RGB2", 0 0, o000001ac2231dbb8;  0 drivers
o000001ac2231dbe8 .functor BUFZ 1, c4<z>; HiZ drive
v000001ac22383590_0 .net "RGB2PWM", 0 0, o000001ac2231dbe8;  0 drivers
o000001ac2231dc18 .functor BUFZ 1, c4<z>; HiZ drive
v000001ac22382910_0 .net "RGBLEDEN", 0 0, o000001ac2231dc18;  0 drivers
S_000001ac222fafa0 .scope module, "SB_RGB_DRV" "SB_RGB_DRV" 3 2716;
 .timescale -12 -12;
    .port_info 0 /INPUT 1 "RGBLEDEN";
    .port_info 1 /INPUT 1 "RGB0PWM";
    .port_info 2 /INPUT 1 "RGB1PWM";
    .port_info 3 /INPUT 1 "RGB2PWM";
    .port_info 4 /INPUT 1 "RGBPU";
    .port_info 5 /OUTPUT 1 "RGB0";
    .port_info 6 /OUTPUT 1 "RGB1";
    .port_info 7 /OUTPUT 1 "RGB2";
P_000001ac22026aa0 .param/str "CURRENT_MODE" 0 3 2726, "0b0";
P_000001ac22026ad8 .param/str "RGB0_CURRENT" 0 3 2727, "0b000000";
P_000001ac22026b10 .param/str "RGB1_CURRENT" 0 3 2728, "0b000000";
P_000001ac22026b48 .param/str "RGB2_CURRENT" 0 3 2729, "0b000000";
o000001ac2231ddc8 .functor BUFZ 1, c4<z>; HiZ drive
v000001ac22382eb0_0 .net "RGB0", 0 0, o000001ac2231ddc8;  0 drivers
o000001ac2231ddf8 .functor BUFZ 1, c4<z>; HiZ drive
v000001ac22384030_0 .net "RGB0PWM", 0 0, o000001ac2231ddf8;  0 drivers
o000001ac2231de28 .functor BUFZ 1, c4<z>; HiZ drive
v000001ac223840d0_0 .net "RGB1", 0 0, o000001ac2231de28;  0 drivers
o000001ac2231de58 .functor BUFZ 1, c4<z>; HiZ drive
v000001ac22382d70_0 .net "RGB1PWM", 0 0, o000001ac2231de58;  0 drivers
o000001ac2231de88 .functor BUFZ 1, c4<z>; HiZ drive
v000001ac22384170_0 .net "RGB2", 0 0, o000001ac2231de88;  0 drivers
o000001ac2231deb8 .functor BUFZ 1, c4<z>; HiZ drive
v000001ac22382f50_0 .net "RGB2PWM", 0 0, o000001ac2231deb8;  0 drivers
o000001ac2231dee8 .functor BUFZ 1, c4<z>; HiZ drive
v000001ac223845d0_0 .net "RGBLEDEN", 0 0, o000001ac2231dee8;  0 drivers
o000001ac2231df18 .functor BUFZ 1, c4<z>; HiZ drive
v000001ac22382e10_0 .net "RGBPU", 0 0, o000001ac2231df18;  0 drivers
S_000001ac222f9b50 .scope module, "SB_SPI" "SB_SPI" 3 2776;
 .timescale -12 -12;
    .port_info 0 /INPUT 1 "SBCLKI";
    .port_info 1 /INPUT 1 "SBRWI";
    .port_info 2 /INPUT 1 "SBSTBI";
    .port_info 3 /INPUT 1 "SBADRI7";
    .port_info 4 /INPUT 1 "SBADRI6";
    .port_info 5 /INPUT 1 "SBADRI5";
    .port_info 6 /INPUT 1 "SBADRI4";
    .port_info 7 /INPUT 1 "SBADRI3";
    .port_info 8 /INPUT 1 "SBADRI2";
    .port_info 9 /INPUT 1 "SBADRI1";
    .port_info 10 /INPUT 1 "SBADRI0";
    .port_info 11 /INPUT 1 "SBDATI7";
    .port_info 12 /INPUT 1 "SBDATI6";
    .port_info 13 /INPUT 1 "SBDATI5";
    .port_info 14 /INPUT 1 "SBDATI4";
    .port_info 15 /INPUT 1 "SBDATI3";
    .port_info 16 /INPUT 1 "SBDATI2";
    .port_info 17 /INPUT 1 "SBDATI1";
    .port_info 18 /INPUT 1 "SBDATI0";
    .port_info 19 /INPUT 1 "MI";
    .port_info 20 /INPUT 1 "SI";
    .port_info 21 /INPUT 1 "SCKI";
    .port_info 22 /INPUT 1 "SCSNI";
    .port_info 23 /OUTPUT 1 "SBDATO7";
    .port_info 24 /OUTPUT 1 "SBDATO6";
    .port_info 25 /OUTPUT 1 "SBDATO5";
    .port_info 26 /OUTPUT 1 "SBDATO4";
    .port_info 27 /OUTPUT 1 "SBDATO3";
    .port_info 28 /OUTPUT 1 "SBDATO2";
    .port_info 29 /OUTPUT 1 "SBDATO1";
    .port_info 30 /OUTPUT 1 "SBDATO0";
    .port_info 31 /OUTPUT 1 "SBACKO";
    .port_info 32 /OUTPUT 1 "SPIIRQ";
    .port_info 33 /OUTPUT 1 "SPIWKUP";
    .port_info 34 /OUTPUT 1 "SO";
    .port_info 35 /OUTPUT 1 "SOE";
    .port_info 36 /OUTPUT 1 "MO";
    .port_info 37 /OUTPUT 1 "MOE";
    .port_info 38 /OUTPUT 1 "SCKO";
    .port_info 39 /OUTPUT 1 "SCKOE";
    .port_info 40 /OUTPUT 1 "MCSNO3";
    .port_info 41 /OUTPUT 1 "MCSNO2";
    .port_info 42 /OUTPUT 1 "MCSNO1";
    .port_info 43 /OUTPUT 1 "MCSNO0";
    .port_info 44 /OUTPUT 1 "MCSNOE3";
    .port_info 45 /OUTPUT 1 "MCSNOE2";
    .port_info 46 /OUTPUT 1 "MCSNOE1";
    .port_info 47 /OUTPUT 1 "MCSNOE0";
P_000001ac222e06e0 .param/str "BUS_ADDR74" 0 3 2826, "0b0000";
o000001ac2231e0c8 .functor BUFZ 1, c4<z>; HiZ drive
v000001ac22383630_0 .net "MCSNO0", 0 0, o000001ac2231e0c8;  0 drivers
o000001ac2231e0f8 .functor BUFZ 1, c4<z>; HiZ drive
v000001ac223836d0_0 .net "MCSNO1", 0 0, o000001ac2231e0f8;  0 drivers
o000001ac2231e128 .functor BUFZ 1, c4<z>; HiZ drive
v000001ac22384210_0 .net "MCSNO2", 0 0, o000001ac2231e128;  0 drivers
o000001ac2231e158 .functor BUFZ 1, c4<z>; HiZ drive
v000001ac22384490_0 .net "MCSNO3", 0 0, o000001ac2231e158;  0 drivers
o000001ac2231e188 .functor BUFZ 1, c4<z>; HiZ drive
v000001ac22383090_0 .net "MCSNOE0", 0 0, o000001ac2231e188;  0 drivers
o000001ac2231e1b8 .functor BUFZ 1, c4<z>; HiZ drive
v000001ac22383b30_0 .net "MCSNOE1", 0 0, o000001ac2231e1b8;  0 drivers
o000001ac2231e1e8 .functor BUFZ 1, c4<z>; HiZ drive
v000001ac22384e90_0 .net "MCSNOE2", 0 0, o000001ac2231e1e8;  0 drivers
o000001ac2231e218 .functor BUFZ 1, c4<z>; HiZ drive
v000001ac22383310_0 .net "MCSNOE3", 0 0, o000001ac2231e218;  0 drivers
o000001ac2231e248 .functor BUFZ 1, c4<z>; HiZ drive
v000001ac22382cd0_0 .net "MI", 0 0, o000001ac2231e248;  0 drivers
o000001ac2231e278 .functor BUFZ 1, c4<z>; HiZ drive
v000001ac223831d0_0 .net "MO", 0 0, o000001ac2231e278;  0 drivers
o000001ac2231e2a8 .functor BUFZ 1, c4<z>; HiZ drive
v000001ac22382a50_0 .net "MOE", 0 0, o000001ac2231e2a8;  0 drivers
o000001ac2231e2d8 .functor BUFZ 1, c4<z>; HiZ drive
v000001ac223843f0_0 .net "SBACKO", 0 0, o000001ac2231e2d8;  0 drivers
o000001ac2231e308 .functor BUFZ 1, c4<z>; HiZ drive
v000001ac223842b0_0 .net "SBADRI0", 0 0, o000001ac2231e308;  0 drivers
o000001ac2231e338 .functor BUFZ 1, c4<z>; HiZ drive
v000001ac22384990_0 .net "SBADRI1", 0 0, o000001ac2231e338;  0 drivers
o000001ac2231e368 .functor BUFZ 1, c4<z>; HiZ drive
v000001ac22382ff0_0 .net "SBADRI2", 0 0, o000001ac2231e368;  0 drivers
o000001ac2231e398 .functor BUFZ 1, c4<z>; HiZ drive
v000001ac22384350_0 .net "SBADRI3", 0 0, o000001ac2231e398;  0 drivers
o000001ac2231e3c8 .functor BUFZ 1, c4<z>; HiZ drive
v000001ac22383130_0 .net "SBADRI4", 0 0, o000001ac2231e3c8;  0 drivers
o000001ac2231e3f8 .functor BUFZ 1, c4<z>; HiZ drive
v000001ac22384670_0 .net "SBADRI5", 0 0, o000001ac2231e3f8;  0 drivers
o000001ac2231e428 .functor BUFZ 1, c4<z>; HiZ drive
v000001ac22383770_0 .net "SBADRI6", 0 0, o000001ac2231e428;  0 drivers
o000001ac2231e458 .functor BUFZ 1, c4<z>; HiZ drive
v000001ac22384a30_0 .net "SBADRI7", 0 0, o000001ac2231e458;  0 drivers
o000001ac2231e488 .functor BUFZ 1, c4<z>; HiZ drive
v000001ac22384710_0 .net "SBCLKI", 0 0, o000001ac2231e488;  0 drivers
o000001ac2231e4b8 .functor BUFZ 1, c4<z>; HiZ drive
v000001ac223833b0_0 .net "SBDATI0", 0 0, o000001ac2231e4b8;  0 drivers
o000001ac2231e4e8 .functor BUFZ 1, c4<z>; HiZ drive
v000001ac22383450_0 .net "SBDATI1", 0 0, o000001ac2231e4e8;  0 drivers
o000001ac2231e518 .functor BUFZ 1, c4<z>; HiZ drive
v000001ac22384ad0_0 .net "SBDATI2", 0 0, o000001ac2231e518;  0 drivers
o000001ac2231e548 .functor BUFZ 1, c4<z>; HiZ drive
v000001ac223834f0_0 .net "SBDATI3", 0 0, o000001ac2231e548;  0 drivers
o000001ac2231e578 .functor BUFZ 1, c4<z>; HiZ drive
v000001ac22384fd0_0 .net "SBDATI4", 0 0, o000001ac2231e578;  0 drivers
o000001ac2231e5a8 .functor BUFZ 1, c4<z>; HiZ drive
v000001ac22382af0_0 .net "SBDATI5", 0 0, o000001ac2231e5a8;  0 drivers
o000001ac2231e5d8 .functor BUFZ 1, c4<z>; HiZ drive
v000001ac22384b70_0 .net "SBDATI6", 0 0, o000001ac2231e5d8;  0 drivers
o000001ac2231e608 .functor BUFZ 1, c4<z>; HiZ drive
v000001ac223838b0_0 .net "SBDATI7", 0 0, o000001ac2231e608;  0 drivers
o000001ac2231e638 .functor BUFZ 1, c4<z>; HiZ drive
v000001ac22384c10_0 .net "SBDATO0", 0 0, o000001ac2231e638;  0 drivers
o000001ac2231e668 .functor BUFZ 1, c4<z>; HiZ drive
v000001ac22384cb0_0 .net "SBDATO1", 0 0, o000001ac2231e668;  0 drivers
o000001ac2231e698 .functor BUFZ 1, c4<z>; HiZ drive
v000001ac22383950_0 .net "SBDATO2", 0 0, o000001ac2231e698;  0 drivers
o000001ac2231e6c8 .functor BUFZ 1, c4<z>; HiZ drive
v000001ac22383a90_0 .net "SBDATO3", 0 0, o000001ac2231e6c8;  0 drivers
o000001ac2231e6f8 .functor BUFZ 1, c4<z>; HiZ drive
v000001ac22384d50_0 .net "SBDATO4", 0 0, o000001ac2231e6f8;  0 drivers
o000001ac2231e728 .functor BUFZ 1, c4<z>; HiZ drive
v000001ac22384f30_0 .net "SBDATO5", 0 0, o000001ac2231e728;  0 drivers
o000001ac2231e758 .functor BUFZ 1, c4<z>; HiZ drive
v000001ac22382870_0 .net "SBDATO6", 0 0, o000001ac2231e758;  0 drivers
o000001ac2231e788 .functor BUFZ 1, c4<z>; HiZ drive
v000001ac22385570_0 .net "SBDATO7", 0 0, o000001ac2231e788;  0 drivers
o000001ac2231e7b8 .functor BUFZ 1, c4<z>; HiZ drive
v000001ac22385250_0 .net "SBRWI", 0 0, o000001ac2231e7b8;  0 drivers
o000001ac2231e7e8 .functor BUFZ 1, c4<z>; HiZ drive
v000001ac22385750_0 .net "SBSTBI", 0 0, o000001ac2231e7e8;  0 drivers
o000001ac2231e818 .functor BUFZ 1, c4<z>; HiZ drive
v000001ac22385430_0 .net "SCKI", 0 0, o000001ac2231e818;  0 drivers
o000001ac2231e848 .functor BUFZ 1, c4<z>; HiZ drive
v000001ac22385070_0 .net "SCKO", 0 0, o000001ac2231e848;  0 drivers
o000001ac2231e878 .functor BUFZ 1, c4<z>; HiZ drive
v000001ac223854d0_0 .net "SCKOE", 0 0, o000001ac2231e878;  0 drivers
o000001ac2231e8a8 .functor BUFZ 1, c4<z>; HiZ drive
v000001ac223852f0_0 .net "SCSNI", 0 0, o000001ac2231e8a8;  0 drivers
o000001ac2231e8d8 .functor BUFZ 1, c4<z>; HiZ drive
v000001ac22385390_0 .net "SI", 0 0, o000001ac2231e8d8;  0 drivers
o000001ac2231e908 .functor BUFZ 1, c4<z>; HiZ drive
v000001ac22385610_0 .net "SO", 0 0, o000001ac2231e908;  0 drivers
o000001ac2231e938 .functor BUFZ 1, c4<z>; HiZ drive
v000001ac22385110_0 .net "SOE", 0 0, o000001ac2231e938;  0 drivers
o000001ac2231e968 .functor BUFZ 1, c4<z>; HiZ drive
v000001ac223856b0_0 .net "SPIIRQ", 0 0, o000001ac2231e968;  0 drivers
o000001ac2231e998 .functor BUFZ 1, c4<z>; HiZ drive
v000001ac223851b0_0 .net "SPIWKUP", 0 0, o000001ac2231e998;  0 drivers
S_000001ac222fae10 .scope module, "SB_SPRAM256KA" "SB_SPRAM256KA" 3 2600;
 .timescale -12 -12;
    .port_info 0 /INPUT 14 "ADDRESS";
    .port_info 1 /INPUT 16 "DATAIN";
    .port_info 2 /INPUT 4 "MASKWREN";
    .port_info 3 /INPUT 1 "WREN";
    .port_info 4 /INPUT 1 "CHIPSELECT";
    .port_info 5 /INPUT 1 "CLOCK";
    .port_info 6 /INPUT 1 "STANDBY";
    .port_info 7 /INPUT 1 "SLEEP";
    .port_info 8 /INPUT 1 "POWEROFF";
    .port_info 9 /OUTPUT 16 "DATAOUT";
o000001ac2231f418 .functor BUFZ 1, c4<z>; HiZ drive
L_000001ac221ec7e0 .functor OR 1, o000001ac2231f418, L_000001ac223e7390, C4<0>, C4<0>;
o000001ac2231f2c8 .functor BUFZ 14, c4<zzzzzzzzzzzzzz>; HiZ drive
v000001ac2237ee50_0 .net "ADDRESS", 13 0, o000001ac2231f2c8;  0 drivers
o000001ac2231f2f8 .functor BUFZ 1, c4<z>; HiZ drive
v000001ac2237e4f0_0 .net "CHIPSELECT", 0 0, o000001ac2231f2f8;  0 drivers
o000001ac2231f328 .functor BUFZ 1, c4<z>; HiZ drive
v000001ac2237f710_0 .net "CLOCK", 0 0, o000001ac2231f328;  0 drivers
o000001ac2231f358 .functor BUFZ 16, c4<zzzzzzzzzzzzzzzz>; HiZ drive
v000001ac2237da50_0 .net "DATAIN", 15 0, o000001ac2231f358;  0 drivers
v000001ac2237dcd0_0 .var "DATAOUT", 15 0;
o000001ac2231f3b8 .functor BUFZ 4, c4<zzzz>; HiZ drive
v000001ac2237fad0_0 .net "MASKWREN", 3 0, o000001ac2231f3b8;  0 drivers
o000001ac2231f3e8 .functor BUFZ 1, c4<z>; HiZ drive
v000001ac2237eef0_0 .net "POWEROFF", 0 0, o000001ac2231f3e8;  0 drivers
v000001ac2237fb70_0 .net "SLEEP", 0 0, o000001ac2231f418;  0 drivers
o000001ac2231f448 .functor BUFZ 1, c4<z>; HiZ drive
v000001ac2237f670_0 .net "STANDBY", 0 0, o000001ac2231f448;  0 drivers
o000001ac2231f478 .functor BUFZ 1, c4<z>; HiZ drive
v000001ac2237ef90_0 .net "WREN", 0 0, o000001ac2231f478;  0 drivers
v000001ac2237deb0_0 .net *"_ivl_1", 0 0, L_000001ac223e7390;  1 drivers
v000001ac2237e950_0 .var/i "i", 31 0;
v000001ac2237dc30 .array "mem", 16383 0, 15 0;
v000001ac2237e090_0 .net "off", 0 0, L_000001ac221ec7e0;  1 drivers
E_000001ac222e2260 .event posedge, v000001ac2237e090_0, v000001ac2237f710_0;
E_000001ac222e22a0 .event negedge, v000001ac2237eef0_0;
L_000001ac223e7390 .reduce/nor o000001ac2231f3e8;
S_000001ac222fb130 .scope module, "SB_WARMBOOT" "SB_WARMBOOT" 3 2593;
 .timescale -12 -12;
    .port_info 0 /INPUT 1 "BOOT";
    .port_info 1 /INPUT 1 "S1";
    .port_info 2 /INPUT 1 "S0";
o000001ac2231f718 .functor BUFZ 1, c4<z>; HiZ drive
v000001ac2237f0d0_0 .net "BOOT", 0 0, o000001ac2231f718;  0 drivers
o000001ac2231f748 .functor BUFZ 1, c4<z>; HiZ drive
v000001ac2237e310_0 .net "S0", 0 0, o000001ac2231f748;  0 drivers
o000001ac2231f778 .functor BUFZ 1, c4<z>; HiZ drive
v000001ac2237e630_0 .net "S1", 0 0, o000001ac2231f778;  0 drivers
S_000001ac222fb2c0 .scope module, "ex12_tb" "ex12_tb" 4 2;
 .timescale -9 -12;
v000001ac2237de10_0 .var "clk", 0 0;
v000001ac2237f850_0 .var "inc", 7 0;
v000001ac2237db90_0 .var "rst", 0 0;
v000001ac2237d910_0 .net/s "sine", 7 0, v000001ac2237fc10_0;  1 drivers
S_000001ac2237a860 .scope module, "uut" "sine_lut" 4 5, 5 15 0, S_000001ac222fb2c0;
 .timescale -12 -12;
    .port_info 0 /INPUT 1 "clk";
    .port_info 1 /INPUT 1 "rst";
    .port_info 2 /INPUT 8 "phase_inc";
    .port_info 3 /OUTPUT 8 "sine_out";
P_000001ac22118410 .param/l "DATA_WIDTH" 0 5 17, +C4<00000000000000000000000000001000>;
P_000001ac22118448 .param/l "PHASE_WIDTH" 0 5 16, +C4<00000000000000000000000000001000>;
v000001ac2237df50_0 .net "clk", 0 0, v000001ac2237de10_0;  1 drivers
v000001ac2237fa30_0 .var "phase_acc", 7 0;
v000001ac2237e9f0_0 .net "phase_inc", 7 0, v000001ac2237f850_0;  1 drivers
v000001ac2237dd70_0 .net "rst", 0 0, v000001ac2237db90_0;  1 drivers
v000001ac2237fc10_0 .var/s "sine_out", 7 0;
E_000001ac222e13e0 .event posedge, v000001ac2237df50_0;
S_000001ac222fb450 .scope module, "ex12_top" "ex12_top" 6 1;
 .timescale -12 -12;
    .port_info 0 /OUTPUT 1 "LED_B";
    .port_info 1 /OUTPUT 1 "LED_G";
    .port_info 2 /OUTPUT 1 "LED_R";
    .port_info 3 /INPUT 1 "ICE_SW2";
o000001ac22320048 .functor BUFZ 1, c4<z>; HiZ drive
v000001ac2237e590_0 .net "ICE_SW2", 0 0, o000001ac22320048;  0 drivers
L_000001ac22386560 .functor BUFT 1, C4<1>, C4<0>, C4<0>, C4<0>;
v000001ac2237e270_0 .net "LED_B", 0 0, L_000001ac22386560;  1 drivers
v000001ac2237f7b0_0 .net "LED_G", 0 0, L_000001ac223e5b30;  1 drivers
L_000001ac22386518 .functor BUFT 1, C4<1>, C4<0>, C4<0>, C4<0>;
v000001ac2237d870_0 .net "LED_R", 0 0, L_000001ac22386518;  1 drivers
o000001ac2231f9e8 .functor BUFZ 1, c4<z>; HiZ drive
v000001ac2237ebd0_0 .net "clk", 0 0, o000001ac2231f9e8;  0 drivers
v000001ac2237e810_0 .net/s "sine", 7 0, v000001ac2237fdf0_0;  1 drivers
L_000001ac223e5b30 .part v000001ac2237fdf0_0, 7, 1;
S_000001ac22379d70 .scope module, "inst" "sine_lut" 6 7, 5 15 0, S_000001ac222fb450;
 .timescale -12 -12;
    .port_info 0 /INPUT 1 "clk";
    .port_info 1 /INPUT 1 "rst";
    .port_info 2 /INPUT 8 "phase_inc";
    .port_info 3 /OUTPUT 8 "sine_out";
P_000001ac22118910 .param/l "DATA_WIDTH" 0 5 17, +C4<00000000000000000000000000001000>;
P_000001ac22118948 .param/l "PHASE_WIDTH" 0 5 16, +C4<00000000000000000000000000001000>;
v000001ac2237fe90_0 .net "clk", 0 0, o000001ac2231f9e8;  alias, 0 drivers
v000001ac2237f490_0 .var "phase_acc", 7 0;
L_000001ac223864d0 .functor BUFT 1, C4<00001010>, C4<0>, C4<0>, C4<0>;
v000001ac2237dff0_0 .net "phase_inc", 7 0, L_000001ac223864d0;  1 drivers
L_000001ac22386488 .functor BUFT 1, C4<0>, C4<0>, C4<0>, C4<0>;
v000001ac2237e3b0_0 .net "rst", 0 0, L_000001ac22386488;  1 drivers
v000001ac2237fdf0_0 .var/s "sine_out", 7 0;
E_000001ac222e1de0 .event posedge, v000001ac2237fe90_0;
S_000001ac2237b030 .scope module, "u_hfosc" "SB_HFOSC" 6 5, 3 2664 0, S_000001ac222fb450;
 .timescale -12 -12;
    .port_info 0 /INPUT 1 "TRIM0";
    .port_info 1 /INPUT 1 "TRIM1";
    .port_info 2 /INPUT 1 "TRIM2";
    .port_info 3 /INPUT 1 "TRIM3";
    .port_info 4 /INPUT 1 "TRIM4";
    .port_info 5 /INPUT 1 "TRIM5";
    .port_info 6 /INPUT 1 "TRIM6";
    .port_info 7 /INPUT 1 "TRIM7";
    .port_info 8 /INPUT 1 "TRIM8";
    .port_info 9 /INPUT 1 "TRIM9";
    .port_info 10 /INPUT 1 "CLKHFPU";
    .port_info 11 /INPUT 1 "CLKHFEN";
    .port_info 12 /OUTPUT 1 "CLKHF";
P_000001ac22063f00 .param/str "CLKHF_DIV" 0 3 2680, "0b10";
P_000001ac22063f38 .param/str "TRIM_EN" 0 3 2679, "0b0";
v000001ac2237f030_0 .net "CLKHF", 0 0, o000001ac2231f9e8;  alias, 0 drivers
L_000001ac22386440 .functor BUFT 1, C4<1>, C4<0>, C4<0>, C4<0>;
v000001ac2237f170_0 .net "CLKHFEN", 0 0, L_000001ac22386440;  1 drivers
L_000001ac223863f8 .functor BUFT 1, C4<1>, C4<0>, C4<0>, C4<0>;
v000001ac2237f210_0 .net "CLKHFPU", 0 0, L_000001ac223863f8;  1 drivers
o000001ac2231fbf8 .functor BUFZ 1, c4<z>; HiZ drive
v000001ac2237fd50_0 .net "TRIM0", 0 0, o000001ac2231fbf8;  0 drivers
o000001ac2231fc28 .functor BUFZ 1, c4<z>; HiZ drive
v000001ac2237f5d0_0 .net "TRIM1", 0 0, o000001ac2231fc28;  0 drivers
o000001ac2231fc58 .functor BUFZ 1, c4<z>; HiZ drive
v000001ac2237e130_0 .net "TRIM2", 0 0, o000001ac2231fc58;  0 drivers
o000001ac2231fc88 .functor BUFZ 1, c4<z>; HiZ drive
v000001ac2237ea90_0 .net "TRIM3", 0 0, o000001ac2231fc88;  0 drivers
o000001ac2231fcb8 .functor BUFZ 1, c4<z>; HiZ drive
v000001ac2237f2b0_0 .net "TRIM4", 0 0, o000001ac2231fcb8;  0 drivers
o000001ac2231fce8 .functor BUFZ 1, c4<z>; HiZ drive
v000001ac2237ffd0_0 .net "TRIM5", 0 0, o000001ac2231fce8;  0 drivers
o000001ac2231fd18 .functor BUFZ 1, c4<z>; HiZ drive
v000001ac2237fcb0_0 .net "TRIM6", 0 0, o000001ac2231fd18;  0 drivers
o000001ac2231fd48 .functor BUFZ 1, c4<z>; HiZ drive
v000001ac2237f350_0 .net "TRIM7", 0 0, o000001ac2231fd48;  0 drivers
o000001ac2231fd78 .functor BUFZ 1, c4<z>; HiZ drive
v000001ac2237ff30_0 .net "TRIM8", 0 0, o000001ac2231fd78;  0 drivers
o000001ac2231fda8 .functor BUFZ 1, c4<z>; HiZ drive
v000001ac2237e1d0_0 .net "TRIM9", 0 0, o000001ac2231fda8;  0 drivers
    .scope S_000001ac2210ee20;
T_2 ;
    %pushi/vec4 0, 0, 1;
    %store/vec4 v000001ac22304f30_0, 0, 1;
    %pushi/vec4 0, 0, 1;
    %store/vec4 v000001ac22305070_0, 0, 1;
    %end;
    .thread T_2, $init;
    .scope S_000001ac2210ee20;
T_3 ;
    %wait E_000001ac222e0da0;
    %load/vec4 v000001ac222b8f10_0;
    %flag_set/vec4 8;
    %jmp/0xz  T_3.0, 8;
    %load/vec4 v000001ac222a1ea0_0;
    %flag_set/vec4 8;
    %jmp/0 T_3.2, 8;
    %pushi/vec4 0, 0, 1;
    %jmp/1 T_3.3, 8;
T_3.2 ; End of true expr.
    %load/vec4 v000001ac22306150_0;
    %jmp/0 T_3.3, 8;
 ; End of false expr.
    %blend;
T_3.3;
    %assign/vec4 v000001ac22304f30_0, 0;
T_3.0 ;
    %jmp T_3;
    .thread T_3;
    .scope S_000001ac2210ee20;
T_4 ;
    %wait E_000001ac222e0c60;
    %load/vec4 v000001ac222a1ea0_0;
    %flag_set/vec4 8;
    %jmp/0xz  T_4.0, 8;
    %pushi/vec4 0, 0, 1;
    %assign/vec4 v000001ac22305070_0, 0;
    %jmp T_4.1;
T_4.0 ;
    %load/vec4 v000001ac222b8f10_0;
    %flag_set/vec4 8;
    %jmp/0xz  T_4.2, 8;
    %load/vec4 v000001ac22306150_0;
    %assign/vec4 v000001ac22305070_0, 0;
T_4.2 ;
T_4.1 ;
    %jmp T_4;
    .thread T_4;
    .scope S_000001ac222f96a0;
T_5 ;
    %pushi/vec4 0, 0, 32;
    %store/vec4 v000001ac22305390_0, 0, 32;
T_5.0 ; Top of for-loop
    %load/vec4 v000001ac22305390_0;
    %cmpi/s 16, 0, 32;
	  %jmp/0xz T_5.1, 5;
    %pushi/vec4 0, 0, 256;
    %load/vec4 v000001ac22305390_0;
    %muli 16, 0, 32;
    %part/s 16;
    %pushi/vec4 0, 0, 32;
    %load/vec4 v000001ac22305390_0;
    %add;
    %ix/vec4/s 4;
    %store/vec4a v000001ac22306a10, 4, 0;
    %pushi/vec4 0, 0, 256;
    %load/vec4 v000001ac22305390_0;
    %muli 16, 0, 32;
    %part/s 16;
    %pushi/vec4 16, 0, 32;
    %load/vec4 v000001ac22305390_0;
    %add;
    %ix/vec4/s 4;
    %store/vec4a v000001ac22306a10, 4, 0;
    %pushi/vec4 0, 0, 256;
    %load/vec4 v000001ac22305390_0;
    %muli 16, 0, 32;
    %part/s 16;
    %pushi/vec4 32, 0, 32;
    %load/vec4 v000001ac22305390_0;
    %add;
    %ix/vec4/s 4;
    %store/vec4a v000001ac22306a10, 4, 0;
    %pushi/vec4 0, 0, 256;
    %load/vec4 v000001ac22305390_0;
    %muli 16, 0, 32;
    %part/s 16;
    %pushi/vec4 48, 0, 32;
    %load/vec4 v000001ac22305390_0;
    %add;
    %ix/vec4/s 4;
    %store/vec4a v000001ac22306a10, 4, 0;
    %pushi/vec4 0, 0, 256;
    %load/vec4 v000001ac22305390_0;
    %muli 16, 0, 32;
    %part/s 16;
    %pushi/vec4 64, 0, 32;
    %load/vec4 v000001ac22305390_0;
    %add;
    %ix/vec4/s 4;
    %store/vec4a v000001ac22306a10, 4, 0;
    %pushi/vec4 0, 0, 256;
    %load/vec4 v000001ac22305390_0;
    %muli 16, 0, 32;
    %part/s 16;
    %pushi/vec4 80, 0, 32;
    %load/vec4 v000001ac22305390_0;
    %add;
    %ix/vec4/s 4;
    %store/vec4a v000001ac22306a10, 4, 0;
    %pushi/vec4 0, 0, 256;
    %load/vec4 v000001ac22305390_0;
    %muli 16, 0, 32;
    %part/s 16;
    %pushi/vec4 96, 0, 32;
    %load/vec4 v000001ac22305390_0;
    %add;
    %ix/vec4/s 4;
    %store/vec4a v000001ac22306a10, 4, 0;
    %pushi/vec4 0, 0, 256;
    %load/vec4 v000001ac22305390_0;
    %muli 16, 0, 32;
    %part/s 16;
    %pushi/vec4 112, 0, 32;
    %load/vec4 v000001ac22305390_0;
    %add;
    %ix/vec4/s 4;
    %store/vec4a v000001ac22306a10, 4, 0;
    %pushi/vec4 0, 0, 256;
    %load/vec4 v000001ac22305390_0;
    %muli 16, 0, 32;
    %part/s 16;
    %pushi/vec4 128, 0, 32;
    %load/vec4 v000001ac22305390_0;
    %add;
    %ix/vec4/s 4;
    %store/vec4a v000001ac22306a10, 4, 0;
    %pushi/vec4 0, 0, 256;
    %load/vec4 v000001ac22305390_0;
    %muli 16, 0, 32;
    %part/s 16;
    %pushi/vec4 144, 0, 32;
    %load/vec4 v000001ac22305390_0;
    %add;
    %ix/vec4/s 4;
    %store/vec4a v000001ac22306a10, 4, 0;
    %pushi/vec4 0, 0, 256;
    %load/vec4 v000001ac22305390_0;
    %muli 16, 0, 32;
    %part/s 16;
    %pushi/vec4 160, 0, 32;
    %load/vec4 v000001ac22305390_0;
    %add;
    %ix/vec4/s 4;
    %store/vec4a v000001ac22306a10, 4, 0;
    %pushi/vec4 0, 0, 256;
    %load/vec4 v000001ac22305390_0;
    %muli 16, 0, 32;
    %part/s 16;
    %pushi/vec4 176, 0, 32;
    %load/vec4 v000001ac22305390_0;
    %add;
    %ix/vec4/s 4;
    %store/vec4a v000001ac22306a10, 4, 0;
    %pushi/vec4 0, 0, 256;
    %load/vec4 v000001ac22305390_0;
    %muli 16, 0, 32;
    %part/s 16;
    %pushi/vec4 192, 0, 32;
    %load/vec4 v000001ac22305390_0;
    %add;
    %ix/vec4/s 4;
    %store/vec4a v000001ac22306a10, 4, 0;
    %pushi/vec4 0, 0, 256;
    %load/vec4 v000001ac22305390_0;
    %muli 16, 0, 32;
    %part/s 16;
    %pushi/vec4 208, 0, 32;
    %load/vec4 v000001ac22305390_0;
    %add;
    %ix/vec4/s 4;
    %store/vec4a v000001ac22306a10, 4, 0;
    %pushi/vec4 0, 0, 256;
    %load/vec4 v000001ac22305390_0;
    %muli 16, 0, 32;
    %part/s 16;
    %pushi/vec4 224, 0, 32;
    %load/vec4 v000001ac22305390_0;
    %add;
    %ix/vec4/s 4;
    %store/vec4a v000001ac22306a10, 4, 0;
    %pushi/vec4 0, 0, 256;
    %load/vec4 v000001ac22305390_0;
    %muli 16, 0, 32;
    %part/s 16;
    %pushi/vec4 240, 0, 32;
    %load/vec4 v000001ac22305390_0;
    %add;
    %ix/vec4/s 4;
    %store/vec4a v000001ac22306a10, 4, 0;
T_5.2 ; for-loop step statement
    %load/vec4 v000001ac22305390_0;
    %addi 1, 0, 32;
    %store/vec4 v000001ac22305390_0, 0, 32;
    %jmp T_5.0;
T_5.1 ; for-loop exit label
    %end;
    .thread T_5;
    .scope S_000001ac222f96a0;
T_6 ;
    %wait E_000001ac222e1020;
    %load/vec4 v000001ac223052f0_0;
    %flag_set/vec4 9;
    %flag_get/vec4 9;
    %jmp/0 T_6.2, 9;
    %load/vec4 v000001ac223056b0_0;
    %and;
T_6.2;
    %flag_set/vec4 8;
    %jmp/0xz  T_6.0, 8;
    %load/vec4 v000001ac22304c10_0;
    %parti/s 1, 0, 2;
    %nor/r;
    %flag_set/vec4 8;
    %jmp/0xz  T_6.3, 8;
    %load/vec4 v000001ac22305250_0;
    %parti/s 1, 0, 2;
    %load/vec4 v000001ac22306290_0;
    %parti/s 8, 0, 2;
    %pad/u 10;
    %ix/vec4 3;
    %ix/load 4, 0, 0; Constant delay
    %assign/vec4/a/d v000001ac22306a10, 0, 4;
T_6.3 ;
    %load/vec4 v000001ac22304c10_0;
    %parti/s 1, 1, 2;
    %nor/r;
    %flag_set/vec4 8;
    %jmp/0xz  T_6.5, 8;
    %load/vec4 v000001ac22305250_0;
    %parti/s 1, 1, 2;
    %load/vec4 v000001ac22306290_0;
    %parti/s 8, 0, 2;
    %pad/u 10;
    %ix/vec4 3;
    %ix/load 4, 1, 0; part off
    %ix/load 5, 0, 0; Constant delay
    %assign/vec4/a/d v000001ac22306a10, 4, 5;
T_6.5 ;
    %load/vec4 v000001ac22304c10_0;
    %parti/s 1, 2, 3;
    %nor/r;
    %flag_set/vec4 8;
    %jmp/0xz  T_6.7, 8;
    %load/vec4 v000001ac22305250_0;
    %parti/s 1, 2, 3;
    %load/vec4 v000001ac22306290_0;
    %parti/s 8, 0, 2;
    %pad/u 10;
    %ix/vec4 3;
    %ix/load 4, 2, 0; part off
    %ix/load 5, 0, 0; Constant delay
    %assign/vec4/a/d v000001ac22306a10, 4, 5;
T_6.7 ;
    %load/vec4 v000001ac22304c10_0;
    %parti/s 1, 3, 3;
    %nor/r;
    %flag_set/vec4 8;
    %jmp/0xz  T_6.9, 8;
    %load/vec4 v000001ac22305250_0;
    %parti/s 1, 3, 3;
    %load/vec4 v000001ac22306290_0;
    %parti/s 8, 0, 2;
    %pad/u 10;
    %ix/vec4 3;
    %ix/load 4, 3, 0; part off
    %ix/load 5, 0, 0; Constant delay
    %assign/vec4/a/d v000001ac22306a10, 4, 5;
T_6.9 ;
    %load/vec4 v000001ac22304c10_0;
    %parti/s 1, 4, 4;
    %nor/r;
    %flag_set/vec4 8;
    %jmp/0xz  T_6.11, 8;
    %load/vec4 v000001ac22305250_0;
    %parti/s 1, 4, 4;
    %load/vec4 v000001ac22306290_0;
    %parti/s 8, 0, 2;
    %pad/u 10;
    %ix/vec4 3;
    %ix/load 4, 4, 0; part off
    %ix/load 5, 0, 0; Constant delay
    %assign/vec4/a/d v000001ac22306a10, 4, 5;
T_6.11 ;
    %load/vec4 v000001ac22304c10_0;
    %parti/s 1, 5, 4;
    %nor/r;
    %flag_set/vec4 8;
    %jmp/0xz  T_6.13, 8;
    %load/vec4 v000001ac22305250_0;
    %parti/s 1, 5, 4;
    %load/vec4 v000001ac22306290_0;
    %parti/s 8, 0, 2;
    %pad/u 10;
    %ix/vec4 3;
    %ix/load 4, 5, 0; part off
    %ix/load 5, 0, 0; Constant delay
    %assign/vec4/a/d v000001ac22306a10, 4, 5;
T_6.13 ;
    %load/vec4 v000001ac22304c10_0;
    %parti/s 1, 6, 4;
    %nor/r;
    %flag_set/vec4 8;
    %jmp/0xz  T_6.15, 8;
    %load/vec4 v000001ac22305250_0;
    %parti/s 1, 6, 4;
    %load/vec4 v000001ac22306290_0;
    %parti/s 8, 0, 2;
    %pad/u 10;
    %ix/vec4 3;
    %ix/load 4, 6, 0; part off
    %ix/load 5, 0, 0; Constant delay
    %assign/vec4/a/d v000001ac22306a10, 4, 5;
T_6.15 ;
    %load/vec4 v000001ac22304c10_0;
    %parti/s 1, 7, 4;
    %nor/r;
    %flag_set/vec4 8;
    %jmp/0xz  T_6.17, 8;
    %load/vec4 v000001ac22305250_0;
    %parti/s 1, 7, 4;
    %load/vec4 v000001ac22306290_0;
    %parti/s 8, 0, 2;
    %pad/u 10;
    %ix/vec4 3;
    %ix/load 4, 7, 0; part off
    %ix/load 5, 0, 0; Constant delay
    %assign/vec4/a/d v000001ac22306a10, 4, 5;
T_6.17 ;
    %load/vec4 v000001ac22304c10_0;
    %parti/s 1, 8, 5;
    %nor/r;
    %flag_set/vec4 8;
    %jmp/0xz  T_6.19, 8;
    %load/vec4 v000001ac22305250_0;
    %parti/s 1, 8, 5;
    %load/vec4 v000001ac22306290_0;
    %parti/s 8, 0, 2;
    %pad/u 10;
    %ix/vec4 3;
    %ix/load 4, 8, 0; part off
    %ix/load 5, 0, 0; Constant delay
    %assign/vec4/a/d v000001ac22306a10, 4, 5;
T_6.19 ;
    %load/vec4 v000001ac22304c10_0;
    %parti/s 1, 9, 5;
    %nor/r;
    %flag_set/vec4 8;
    %jmp/0xz  T_6.21, 8;
    %load/vec4 v000001ac22305250_0;
    %parti/s 1, 9, 5;
    %load/vec4 v000001ac22306290_0;
    %parti/s 8, 0, 2;
    %pad/u 10;
    %ix/vec4 3;
    %ix/load 4, 9, 0; part off
    %ix/load 5, 0, 0; Constant delay
    %assign/vec4/a/d v000001ac22306a10, 4, 5;
T_6.21 ;
    %load/vec4 v000001ac22304c10_0;
    %parti/s 1, 10, 5;
    %nor/r;
    %flag_set/vec4 8;
    %jmp/0xz  T_6.23, 8;
    %load/vec4 v000001ac22305250_0;
    %parti/s 1, 10, 5;
    %load/vec4 v000001ac22306290_0;
    %parti/s 8, 0, 2;
    %pad/u 10;
    %ix/vec4 3;
    %ix/load 4, 10, 0; part off
    %ix/load 5, 0, 0; Constant delay
    %assign/vec4/a/d v000001ac22306a10, 4, 5;
T_6.23 ;
    %load/vec4 v000001ac22304c10_0;
    %parti/s 1, 11, 5;
    %nor/r;
    %flag_set/vec4 8;
    %jmp/0xz  T_6.25, 8;
    %load/vec4 v000001ac22305250_0;
    %parti/s 1, 11, 5;
    %load/vec4 v000001ac22306290_0;
    %parti/s 8, 0, 2;
    %pad/u 10;
    %ix/vec4 3;
    %ix/load 4, 11, 0; part off
    %ix/load 5, 0, 0; Constant delay
    %assign/vec4/a/d v000001ac22306a10, 4, 5;
T_6.25 ;
    %load/vec4 v000001ac22304c10_0;
    %parti/s 1, 12, 5;
    %nor/r;
    %flag_set/vec4 8;
    %jmp/0xz  T_6.27, 8;
    %load/vec4 v000001ac22305250_0;
    %parti/s 1, 12, 5;
    %load/vec4 v000001ac22306290_0;
    %parti/s 8, 0, 2;
    %pad/u 10;
    %ix/vec4 3;
    %ix/load 4, 12, 0; part off
    %ix/load 5, 0, 0; Constant delay
    %assign/vec4/a/d v000001ac22306a10, 4, 5;
T_6.27 ;
    %load/vec4 v000001ac22304c10_0;
    %parti/s 1, 13, 5;
    %nor/r;
    %flag_set/vec4 8;
    %jmp/0xz  T_6.29, 8;
    %load/vec4 v000001ac22305250_0;
    %parti/s 1, 13, 5;
    %load/vec4 v000001ac22306290_0;
    %parti/s 8, 0, 2;
    %pad/u 10;
    %ix/vec4 3;
    %ix/load 4, 13, 0; part off
    %ix/load 5, 0, 0; Constant delay
    %assign/vec4/a/d v000001ac22306a10, 4, 5;
T_6.29 ;
    %load/vec4 v000001ac22304c10_0;
    %parti/s 1, 14, 5;
    %nor/r;
    %flag_set/vec4 8;
    %jmp/0xz  T_6.31, 8;
    %load/vec4 v000001ac22305250_0;
    %parti/s 1, 14, 5;
    %load/vec4 v000001ac22306290_0;
    %parti/s 8, 0, 2;
    %pad/u 10;
    %ix/vec4 3;
    %ix/load 4, 14, 0; part off
    %ix/load 5, 0, 0; Constant delay
    %assign/vec4/a/d v000001ac22306a10, 4, 5;
T_6.31 ;
    %load/vec4 v000001ac22304c10_0;
    %parti/s 1, 15, 5;
    %nor/r;
    %flag_set/vec4 8;
    %jmp/0xz  T_6.33, 8;
    %load/vec4 v000001ac22305250_0;
    %parti/s 1, 15, 5;
    %load/vec4 v000001ac22306290_0;
    %parti/s 8, 0, 2;
    %pad/u 10;
    %ix/vec4 3;
    %ix/load 4, 15, 0; part off
    %ix/load 5, 0, 0; Constant delay
    %assign/vec4/a/d v000001ac22306a10, 4, 5;
T_6.33 ;
T_6.0 ;
    %jmp T_6;
    .thread T_6;
    .scope S_000001ac222f96a0;
T_7 ;
    %wait E_000001ac222e0fa0;
    %load/vec4 v000001ac22305f70_0;
    %flag_set/vec4 9;
    %flag_get/vec4 9;
    %jmp/0 T_7.2, 9;
    %load/vec4 v000001ac22305110_0;
    %and;
T_7.2;
    %flag_set/vec4 8;
    %jmp/0xz  T_7.0, 8;
    %load/vec4 v000001ac22304d50_0;
    %parti/s 8, 0, 2;
    %pad/u 10;
    %ix/vec4 4;
    %load/vec4a v000001ac22306a10, 4;
    %load/vec4 v000001ac22305cf0_0;
    %inv;
    %and;
    %assign/vec4 v000001ac22304fd0_0, 0;
T_7.0 ;
    %jmp T_7;
    .thread T_7;
    .scope S_000001ac22066a90;
T_8 ;
    %pushi/vec4 0, 0, 1;
    %store/vec4 v000001ac2230ae00_0, 0, 1;
    %end;
    .thread T_8;
    .scope S_000001ac22066a90;
T_9 ;
    %wait E_000001ac222e1060;
    %load/vec4 v000001ac22309dc0_0;
    %assign/vec4 v000001ac2230ae00_0, 0;
    %jmp T_9;
    .thread T_9;
    .scope S_000001ac22083530;
T_10 ;
    %pushi/vec4 0, 0, 1;
    %store/vec4 v000001ac2230a040_0, 0, 1;
    %end;
    .thread T_10;
    .scope S_000001ac22083530;
T_11 ;
    %wait E_000001ac222e10a0;
    %load/vec4 v000001ac2230afe0_0;
    %flag_set/vec4 8;
    %jmp/0xz  T_11.0, 8;
    %load/vec4 v000001ac2230a900_0;
    %assign/vec4 v000001ac2230a040_0, 0;
T_11.0 ;
    %jmp T_11;
    .thread T_11;
    .scope S_000001ac2206b830;
T_12 ;
    %pushi/vec4 0, 0, 1;
    %store/vec4 v000001ac22309be0_0, 0, 1;
    %end;
    .thread T_12;
    .scope S_000001ac2206b830;
T_13 ;
    %wait E_000001ac222e10e0;
    %load/vec4 v000001ac2230a180_0;
    %flag_set/vec4 8;
    %jmp/0xz  T_13.0, 8;
    %pushi/vec4 0, 0, 1;
    %assign/vec4 v000001ac22309be0_0, 0;
    %jmp T_13.1;
T_13.0 ;
    %load/vec4 v000001ac2230aa40_0;
    %flag_set/vec4 8;
    %jmp/0xz  T_13.2, 8;
    %load/vec4 v000001ac2230b260_0;
    %assign/vec4 v000001ac22309be0_0, 0;
T_13.2 ;
T_13.1 ;
    %jmp T_13;
    .thread T_13;
    .scope S_000001ac2206b9c0;
T_14 ;
    %pushi/vec4 0, 0, 1;
    %store/vec4 v000001ac2235c230_0, 0, 1;
    %end;
    .thread T_14;
    .scope S_000001ac2206b9c0;
T_15 ;
    %wait E_000001ac222e1120;
    %load/vec4 v000001ac2235b010_0;
    %flag_set/vec4 8;
    %jmp/0xz  T_15.0, 8;
    %pushi/vec4 1, 0, 1;
    %assign/vec4 v000001ac2235c230_0, 0;
    %jmp T_15.1;
T_15.0 ;
    %load/vec4 v000001ac2235c410_0;
    %flag_set/vec4 8;
    %jmp/0xz  T_15.2, 8;
    %load/vec4 v000001ac2235b0b0_0;
    %assign/vec4 v000001ac2235c230_0, 0;
T_15.2 ;
T_15.1 ;
    %jmp T_15;
    .thread T_15;
    .scope S_000001ac2206bb50;
T_16 ;
    %pushi/vec4 0, 0, 1;
    %store/vec4 v000001ac2235af70_0, 0, 1;
    %end;
    .thread T_16;
    .scope S_000001ac2206bb50;
T_17 ;
    %wait E_000001ac222e11a0;
    %load/vec4 v000001ac2235b3d0_0;
    %flag_set/vec4 8;
    %jmp/0xz  T_17.0, 8;
    %load/vec4 v000001ac2235b470_0;
    %flag_set/vec4 8;
    %jmp/0xz  T_17.2, 8;
    %pushi/vec4 0, 0, 1;
    %assign/vec4 v000001ac2235af70_0, 0;
    %jmp T_17.3;
T_17.2 ;
    %load/vec4 v000001ac2235b8d0_0;
    %assign/vec4 v000001ac2235af70_0, 0;
T_17.3 ;
T_17.0 ;
    %jmp T_17;
    .thread T_17;
    .scope S_000001ac22075690;
T_18 ;
    %pushi/vec4 0, 0, 1;
    %store/vec4 v000001ac2235b970_0, 0, 1;
    %end;
    .thread T_18;
    .scope S_000001ac22075690;
T_19 ;
    %wait E_000001ac222e1160;
    %load/vec4 v000001ac2235c870_0;
    %flag_set/vec4 8;
    %jmp/0xz  T_19.0, 8;
    %load/vec4 v000001ac2235ccd0_0;
    %flag_set/vec4 8;
    %jmp/0xz  T_19.2, 8;
    %pushi/vec4 1, 0, 1;
    %assign/vec4 v000001ac2235b970_0, 0;
    %jmp T_19.3;
T_19.2 ;
    %load/vec4 v000001ac2235c190_0;
    %assign/vec4 v000001ac2235b970_0, 0;
T_19.3 ;
T_19.0 ;
    %jmp T_19;
    .thread T_19;
    .scope S_000001ac22075820;
T_20 ;
    %pushi/vec4 0, 0, 1;
    %store/vec4 v000001ac2235c910_0, 0, 1;
    %end;
    .thread T_20;
    .scope S_000001ac22075820;
T_21 ;
    %wait E_000001ac222e1260;
    %load/vec4 v000001ac2235b150_0;
    %assign/vec4 v000001ac2235c910_0, 0;
    %jmp T_21;
    .thread T_21;
    .scope S_000001ac220759b0;
T_22 ;
    %pushi/vec4 0, 0, 1;
    %store/vec4 v000001ac2235b1f0_0, 0, 1;
    %end;
    .thread T_22;
    .scope S_000001ac220759b0;
T_23 ;
    %wait E_000001ac222e12a0;
    %load/vec4 v000001ac2235ce10_0;
    %flag_set/vec4 8;
    %jmp/0xz  T_23.0, 8;
    %load/vec4 v000001ac2235cd70_0;
    %assign/vec4 v000001ac2235b1f0_0, 0;
T_23.0 ;
    %jmp T_23;
    .thread T_23;
    .scope S_000001ac22072cd0;
T_24 ;
    %pushi/vec4 0, 0, 1;
    %store/vec4 v000001ac2235b330_0, 0, 1;
    %end;
    .thread T_24;
    .scope S_000001ac22072cd0;
T_25 ;
    %wait E_000001ac222e1fe0;
    %load/vec4 v000001ac2235b5b0_0;
    %flag_set/vec4 8;
    %jmp/0xz  T_25.0, 8;
    %pushi/vec4 0, 0, 1;
    %assign/vec4 v000001ac2235b330_0, 0;
    %jmp T_25.1;
T_25.0 ;
    %load/vec4 v000001ac2235b650_0;
    %flag_set/vec4 8;
    %jmp/0xz  T_25.2, 8;
    %load/vec4 v000001ac2235b290_0;
    %assign/vec4 v000001ac2235b330_0, 0;
T_25.2 ;
T_25.1 ;
    %jmp T_25;
    .thread T_25;
    .scope S_000001ac22072e60;
T_26 ;
    %pushi/vec4 0, 0, 1;
    %store/vec4 v000001ac2235c690_0, 0, 1;
    %end;
    .thread T_26;
    .scope S_000001ac22072e60;
T_27 ;
    %wait E_000001ac222e1f60;
    %load/vec4 v000001ac2235acf0_0;
    %flag_set/vec4 8;
    %jmp/0xz  T_27.0, 8;
    %pushi/vec4 1, 0, 1;
    %assign/vec4 v000001ac2235c690_0, 0;
    %jmp T_27.1;
T_27.0 ;
    %load/vec4 v000001ac2235c550_0;
    %flag_set/vec4 8;
    %jmp/0xz  T_27.2, 8;
    %load/vec4 v000001ac2235ac50_0;
    %assign/vec4 v000001ac2235c690_0, 0;
T_27.2 ;
T_27.1 ;
    %jmp T_27;
    .thread T_27;
    .scope S_000001ac222f1b60;
T_28 ;
    %pushi/vec4 0, 0, 1;
    %store/vec4 v000001ac2235c2d0_0, 0, 1;
    %end;
    .thread T_28;
    .scope S_000001ac222f1b60;
T_29 ;
    %wait E_000001ac222e14e0;
    %load/vec4 v000001ac2235ceb0_0;
    %flag_set/vec4 8;
    %jmp/0xz  T_29.0, 8;
    %load/vec4 v000001ac2235c9b0_0;
    %flag_set/vec4 8;
    %jmp/0xz  T_29.2, 8;
    %pushi/vec4 0, 0, 1;
    %assign/vec4 v000001ac2235c2d0_0, 0;
    %jmp T_29.3;
T_29.2 ;
    %load/vec4 v000001ac2235c7d0_0;
    %assign/vec4 v000001ac2235c2d0_0, 0;
T_29.3 ;
T_29.0 ;
    %jmp T_29;
    .thread T_29;
    .scope S_000001ac222f2010;
T_30 ;
    %pushi/vec4 0, 0, 1;
    %store/vec4 v000001ac2235ca50_0, 0, 1;
    %end;
    .thread T_30;
    .scope S_000001ac222f2010;
T_31 ;
    %wait E_000001ac222e1ce0;
    %load/vec4 v000001ac2235c370_0;
    %flag_set/vec4 8;
    %jmp/0xz  T_31.0, 8;
    %load/vec4 v000001ac2235b830_0;
    %flag_set/vec4 8;
    %jmp/0xz  T_31.2, 8;
    %pushi/vec4 1, 0, 1;
    %assign/vec4 v000001ac2235ca50_0, 0;
    %jmp T_31.3;
T_31.2 ;
    %load/vec4 v000001ac2235cf50_0;
    %assign/vec4 v000001ac2235ca50_0, 0;
T_31.3 ;
T_31.0 ;
    %jmp T_31;
    .thread T_31;
    .scope S_000001ac222f2650;
T_32 ;
    %pushi/vec4 0, 0, 1;
    %store/vec4 v000001ac2235bab0_0, 0, 1;
    %end;
    .thread T_32;
    .scope S_000001ac222f2650;
T_33 ;
    %wait E_000001ac222e1560;
    %load/vec4 v000001ac2235ae30_0;
    %flag_set/vec4 8;
    %jmp/0xz  T_33.0, 8;
    %pushi/vec4 0, 0, 1;
    %assign/vec4 v000001ac2235bab0_0, 0;
    %jmp T_33.1;
T_33.0 ;
    %load/vec4 v000001ac2235c0f0_0;
    %assign/vec4 v000001ac2235bab0_0, 0;
T_33.1 ;
    %jmp T_33;
    .thread T_33;
    .scope S_000001ac222f1e80;
T_34 ;
    %pushi/vec4 0, 0, 1;
    %store/vec4 v000001ac2235c5f0_0, 0, 1;
    %end;
    .thread T_34;
    .scope S_000001ac222f1e80;
T_35 ;
    %wait E_000001ac222e1660;
    %load/vec4 v000001ac2235bbf0_0;
    %flag_set/vec4 8;
    %jmp/0xz  T_35.0, 8;
    %pushi/vec4 1, 0, 1;
    %assign/vec4 v000001ac2235c5f0_0, 0;
    %jmp T_35.1;
T_35.0 ;
    %load/vec4 v000001ac2235bb50_0;
    %assign/vec4 v000001ac2235c5f0_0, 0;
T_35.1 ;
    %jmp T_35;
    .thread T_35;
    .scope S_000001ac222f1cf0;
T_36 ;
    %pushi/vec4 0, 0, 1;
    %store/vec4 v000001ac2235bd30_0, 0, 1;
    %end;
    .thread T_36;
    .scope S_000001ac222f1cf0;
T_37 ;
    %wait E_000001ac222e1b60;
    %load/vec4 v000001ac2235bdd0_0;
    %flag_set/vec4 8;
    %jmp/0xz  T_37.0, 8;
    %pushi/vec4 0, 0, 1;
    %assign/vec4 v000001ac2235bd30_0, 0;
    %jmp T_37.1;
T_37.0 ;
    %load/vec4 v000001ac2235bc90_0;
    %assign/vec4 v000001ac2235bd30_0, 0;
T_37.1 ;
    %jmp T_37;
    .thread T_37;
    .scope S_000001ac222f21a0;
T_38 ;
    %pushi/vec4 0, 0, 1;
    %store/vec4 v000001ac2235d270_0, 0, 1;
    %end;
    .thread T_38;
    .scope S_000001ac222f21a0;
T_39 ;
    %wait E_000001ac222e16a0;
    %load/vec4 v000001ac2235caf0_0;
    %flag_set/vec4 8;
    %jmp/0xz  T_39.0, 8;
    %pushi/vec4 1, 0, 1;
    %assign/vec4 v000001ac2235d270_0, 0;
    %jmp T_39.1;
T_39.0 ;
    %load/vec4 v000001ac2235c4b0_0;
    %assign/vec4 v000001ac2235d270_0, 0;
T_39.1 ;
    %jmp T_39;
    .thread T_39;
    .scope S_000001ac222f2330;
T_40 ;
    %pushi/vec4 0, 0, 1;
    %store/vec4 v000001ac2235c050_0, 0, 1;
    %end;
    .thread T_40;
    .scope S_000001ac222f2330;
T_41 ;
    %wait E_000001ac222e1e20;
    %load/vec4 v000001ac2235cb90_0;
    %flag_set/vec4 8;
    %jmp/0xz  T_41.0, 8;
    %pushi/vec4 0, 0, 1;
    %assign/vec4 v000001ac2235c050_0, 0;
    %jmp T_41.1;
T_41.0 ;
    %load/vec4 v000001ac2235bf10_0;
    %assign/vec4 v000001ac2235c050_0, 0;
T_41.1 ;
    %jmp T_41;
    .thread T_41;
    .scope S_000001ac222f24c0;
T_42 ;
    %pushi/vec4 0, 0, 1;
    %store/vec4 v000001ac2235abb0_0, 0, 1;
    %end;
    .thread T_42;
    .scope S_000001ac222f24c0;
T_43 ;
    %wait E_000001ac222e2120;
    %load/vec4 v000001ac2235df90_0;
    %flag_set/vec4 8;
    %jmp/0xz  T_43.0, 8;
    %pushi/vec4 1, 0, 1;
    %assign/vec4 v000001ac2235abb0_0, 0;
    %jmp T_43.1;
T_43.0 ;
    %load/vec4 v000001ac2235d310_0;
    %assign/vec4 v000001ac2235abb0_0, 0;
T_43.1 ;
    %jmp T_43;
    .thread T_43;
    .scope S_000001ac222f27e0;
T_44 ;
    %pushi/vec4 0, 0, 1;
    %store/vec4 v000001ac2235e8f0_0, 0, 1;
    %end;
    .thread T_44;
    .scope S_000001ac222f27e0;
T_45 ;
    %wait E_000001ac222e18a0;
    %load/vec4 v000001ac2235d9f0_0;
    %flag_set/vec4 8;
    %jmp/0xz  T_45.0, 8;
    %pushi/vec4 0, 0, 1;
    %assign/vec4 v000001ac2235e8f0_0, 0;
    %jmp T_45.1;
T_45.0 ;
    %load/vec4 v000001ac2235d4f0_0;
    %assign/vec4 v000001ac2235e8f0_0, 0;
T_45.1 ;
    %jmp T_45;
    .thread T_45;
    .scope S_000001ac222f19d0;
T_46 ;
    %pushi/vec4 0, 0, 1;
    %store/vec4 v000001ac2235e2b0_0, 0, 1;
    %end;
    .thread T_46;
    .scope S_000001ac222f19d0;
T_47 ;
    %wait E_000001ac222e17a0;
    %load/vec4 v000001ac2235e5d0_0;
    %flag_set/vec4 8;
    %jmp/0xz  T_47.0, 8;
    %pushi/vec4 1, 0, 1;
    %assign/vec4 v000001ac2235e2b0_0, 0;
    %jmp T_47.1;
T_47.0 ;
    %load/vec4 v000001ac2235e350_0;
    %assign/vec4 v000001ac2235e2b0_0, 0;
T_47.1 ;
    %jmp T_47;
    .thread T_47;
    .scope S_000001ac222fa640;
T_48 ;
    %wait E_000001ac222e1c60;
    %load/vec4 v000001ac2235e670_0;
    %assign/vec4 v000001ac2235ddb0_0, 0;
    %jmp T_48;
    .thread T_48;
    .scope S_000001ac222fa640;
T_49 ;
    %wait E_000001ac222e1c60;
    %load/vec4 v000001ac2235e670_0;
    %flag_set/vec4 8;
    %jmp/0xz  T_49.0, 8;
    %load/vec4 v000001ac2235e3f0_0;
    %assign/vec4 v000001ac2235dc70_0, 0;
T_49.0 ;
    %jmp T_49;
    .thread T_49;
    .scope S_000001ac222fa640;
T_50 ;
    %wait E_000001ac222e1c20;
    %load/vec4 v000001ac2235ddb0_0;
    %flag_set/vec4 8;
    %jmp/0xz  T_50.0, 8;
    %load/vec4 v000001ac2235e3f0_0;
    %assign/vec4 v000001ac2235e530_0, 0;
T_50.0 ;
    %jmp T_50;
    .thread T_50;
    .scope S_000001ac222fa640;
T_51 ;
    %wait E_000001ac222e1ba0;
    %load/vec4 v000001ac2235e670_0;
    %assign/vec4 v000001ac2235db30_0, 0;
    %jmp T_51;
    .thread T_51;
    .scope S_000001ac222fa640;
T_52 ;
    %wait E_000001ac222e1ba0;
    %load/vec4 v000001ac2235e670_0;
    %flag_set/vec4 8;
    %jmp/0xz  T_52.0, 8;
    %load/vec4 v000001ac2235d450_0;
    %assign/vec4 v000001ac2235de50_0, 0;
T_52.0 ;
    %jmp T_52;
    .thread T_52;
    .scope S_000001ac222fa640;
T_53 ;
    %wait E_000001ac222e20a0;
    %load/vec4 v000001ac2235db30_0;
    %flag_set/vec4 8;
    %jmp/0xz  T_53.0, 8;
    %load/vec4 v000001ac2235e0d0_0;
    %assign/vec4 v000001ac2235e030_0, 0;
T_53.0 ;
    %jmp T_53;
    .thread T_53;
    .scope S_000001ac222fa640;
T_54 ;
    %wait E_000001ac222e1ba0;
    %load/vec4 v000001ac2235e670_0;
    %flag_set/vec4 8;
    %jmp/0xz  T_54.0, 8;
    %load/vec4 v000001ac2235e210_0;
    %assign/vec4 v000001ac22361780_0, 0;
T_54.0 ;
    %jmp T_54;
    .thread T_54;
    .scope S_000001ac222fa960;
T_55 ;
    %wait E_000001ac222e2020;
    %load/vec4 v000001ac2235dc70_0;
    %store/vec4 v000001ac2235dbd0_0, 0, 1;
    %load/vec4 v000001ac2235e530_0;
    %store/vec4 v000001ac2235e990_0, 0, 1;
    %jmp T_55;
    .thread T_55, $push;
    .scope S_000001ac222fa960;
T_56 ;
    %wait E_000001ac222e1be0;
    %load/vec4 v000001ac2235da90_0;
    %assign/vec4 v000001ac2235e7b0_0, 0;
    %jmp T_56;
    .thread T_56, $push;
    .scope S_000001ac222fa960;
T_57 ;
    %wait E_000001ac222e1ee0;
    %load/vec4 v000001ac2235e7b0_0;
    %assign/vec4 v000001ac2235e850_0, 0;
    %jmp T_57;
    .thread T_57, $push;
    .scope S_000001ac222fa960;
T_58 ;
    %wait E_000001ac222e1520;
    %load/vec4 v000001ac2235e850_0;
    %pushi/vec4 0, 0, 1;
    %xor;
    %flag_set/vec4 8;
    %jmp/1 T_58.2, 8;
    %pushi/vec4 0, 0, 1;
    %flag_set/vec4 9;
    %flag_or 8, 9;
T_58.2;
    %jmp/0 T_58.0, 8;
    %load/vec4 v000001ac2235de50_0;
    %jmp/1 T_58.1, 8;
T_58.0 ; End of true expr.
    %load/vec4 v000001ac2235e030_0;
    %jmp/0 T_58.1, 8;
 ; End of false expr.
    %blend;
T_58.1;
    %store/vec4 v000001ac2235dd10_0, 0, 1;
    %jmp T_58;
    .thread T_58, $push;
    .scope S_000001ac222faaf0;
T_59 ;
    %wait E_000001ac222e2060;
    %load/vec4 v000001ac2235ee40_0;
    %flag_set/vec4 8;
    %jmp/0xz  T_59.0, 8;
    %load/vec4 v000001ac22360240_0;
    %assign/vec4 v000001ac2235f8e0_0, 0;
T_59.0 ;
    %jmp T_59;
    .thread T_59;
    .scope S_000001ac222faaf0;
T_60 ;
    %wait E_000001ac222e22e0;
    %load/vec4 v000001ac2235ee40_0;
    %flag_set/vec4 8;
    %jmp/0xz  T_60.0, 8;
    %load/vec4 v000001ac22360240_0;
    %assign/vec4 v000001ac22360740_0, 0;
T_60.0 ;
    %jmp T_60;
    .thread T_60;
    .scope S_000001ac222faaf0;
T_61 ;
    %wait E_000001ac222e1720;
    %load/vec4 v000001ac2235ee40_0;
    %flag_set/vec4 8;
    %jmp/0xz  T_61.0, 8;
    %load/vec4 v000001ac22360ce0_0;
    %assign/vec4 v000001ac2235f200_0, 0;
T_61.0 ;
    %jmp T_61;
    .thread T_61;
    .scope S_000001ac222faaf0;
T_62 ;
    %wait E_000001ac222e1420;
    %load/vec4 v000001ac2235ee40_0;
    %flag_set/vec4 8;
    %jmp/0xz  T_62.0, 8;
    %load/vec4 v000001ac2235fd40_0;
    %assign/vec4 v000001ac2235f5c0_0, 0;
T_62.0 ;
    %jmp T_62;
    .thread T_62;
    .scope S_000001ac222faaf0;
T_63 ;
    %wait E_000001ac222e1720;
    %load/vec4 v000001ac2235ee40_0;
    %flag_set/vec4 8;
    %jmp/0xz  T_63.0, 8;
    %load/vec4 v000001ac22360420_0;
    %assign/vec4 v000001ac2235f3e0_0, 0;
T_63.0 ;
    %jmp T_63;
    .thread T_63;
    .scope S_000001ac222f3e30;
T_64 ;
    %wait E_000001ac222e1d60;
    %load/vec4 v000001ac2235f8e0_0;
    %store/vec4 v000001ac22360ec0_0, 0, 1;
    %load/vec4 v000001ac22360740_0;
    %store/vec4 v000001ac2235fac0_0, 0, 1;
    %jmp T_64;
    .thread T_64, $push;
    .scope S_000001ac222f3e30;
T_65 ;
    %wait E_000001ac222e1d20;
    %load/vec4 v000001ac2235fb60_0;
    %assign/vec4 v000001ac22360f60_0, 0;
    %jmp T_65;
    .thread T_65, $push;
    .scope S_000001ac222f3e30;
T_66 ;
    %wait E_000001ac222e20e0;
    %load/vec4 v000001ac22360f60_0;
    %assign/vec4 v000001ac2235f160_0, 0;
    %jmp T_66;
    .thread T_66, $push;
    .scope S_000001ac222f3e30;
T_67 ;
    %wait E_000001ac222e1ca0;
    %load/vec4 v000001ac2235f160_0;
    %pushi/vec4 0, 0, 1;
    %xor;
    %flag_set/vec4 8;
    %jmp/1 T_67.2, 8;
    %pushi/vec4 0, 0, 1;
    %flag_set/vec4 9;
    %flag_or 8, 9;
T_67.2;
    %jmp/0 T_67.0, 8;
    %load/vec4 v000001ac2235f200_0;
    %jmp/1 T_67.1, 8;
T_67.0 ; End of true expr.
    %load/vec4 v000001ac2235f5c0_0;
    %jmp/0 T_67.1, 8;
 ; End of false expr.
    %blend;
T_67.1;
    %store/vec4 v000001ac2235f520_0, 0, 1;
    %jmp T_67;
    .thread T_67, $push;
    .scope S_000001ac222fac80;
T_68 ;
    %wait E_000001ac222e2220;
    %load/vec4 v000001ac2235eee0_0;
    %flag_set/vec4 8;
    %jmp/0xz  T_68.0, 8;
    %load/vec4 v000001ac223610a0_0;
    %assign/vec4 v000001ac22360920_0, 0;
T_68.0 ;
    %jmp T_68;
    .thread T_68;
    .scope S_000001ac222fac80;
T_69 ;
    %wait E_000001ac222e1da0;
    %load/vec4 v000001ac2235eee0_0;
    %flag_set/vec4 8;
    %jmp/0xz  T_69.0, 8;
    %load/vec4 v000001ac223610a0_0;
    %assign/vec4 v000001ac2235ec60_0, 0;
T_69.0 ;
    %jmp T_69;
    .thread T_69;
    .scope S_000001ac222fac80;
T_70 ;
    %wait E_000001ac222e2160;
    %load/vec4 v000001ac2235eee0_0;
    %flag_set/vec4 8;
    %jmp/0xz  T_70.0, 8;
    %load/vec4 v000001ac22360560_0;
    %assign/vec4 v000001ac2235fa20_0, 0;
T_70.0 ;
    %jmp T_70;
    .thread T_70;
    .scope S_000001ac222fac80;
T_71 ;
    %wait E_000001ac222e1760;
    %load/vec4 v000001ac2235eee0_0;
    %flag_set/vec4 8;
    %jmp/0xz  T_71.0, 8;
    %load/vec4 v000001ac22360ba0_0;
    %assign/vec4 v000001ac22361140_0, 0;
T_71.0 ;
    %jmp T_71;
    .thread T_71;
    .scope S_000001ac222fac80;
T_72 ;
    %wait E_000001ac222e2160;
    %load/vec4 v000001ac2235eee0_0;
    %flag_set/vec4 8;
    %jmp/0xz  T_72.0, 8;
    %load/vec4 v000001ac2235f2a0_0;
    %assign/vec4 v000001ac223611e0_0, 0;
T_72.0 ;
    %jmp T_72;
    .thread T_72;
    .scope S_000001ac222f31b0;
T_73 ;
    %wait E_000001ac222e2320;
    %load/vec4 v000001ac22360920_0;
    %store/vec4 v000001ac22360b00_0, 0, 1;
    %load/vec4 v000001ac2235ec60_0;
    %store/vec4 v000001ac2235f700_0, 0, 1;
    %jmp T_73;
    .thread T_73, $push;
    .scope S_000001ac222f31b0;
T_74 ;
    %wait E_000001ac222e16e0;
    %load/vec4 v000001ac2235f980_0;
    %assign/vec4 v000001ac223602e0_0, 0;
    %jmp T_74;
    .thread T_74, $push;
    .scope S_000001ac222f31b0;
T_75 ;
    %wait E_000001ac222e15a0;
    %load/vec4 v000001ac223602e0_0;
    %assign/vec4 v000001ac2235f340_0, 0;
    %jmp T_75;
    .thread T_75, $push;
    .scope S_000001ac222f31b0;
T_76 ;
    %wait E_000001ac222e1fa0;
    %load/vec4 v000001ac2235f340_0;
    %pushi/vec4 0, 0, 1;
    %xor;
    %flag_set/vec4 8;
    %jmp/1 T_76.2, 8;
    %pushi/vec4 0, 0, 1;
    %flag_set/vec4 9;
    %flag_or 8, 9;
T_76.2;
    %jmp/0 T_76.0, 8;
    %load/vec4 v000001ac2235fa20_0;
    %jmp/1 T_76.1, 8;
T_76.0 ; End of true expr.
    %load/vec4 v000001ac22361140_0;
    %jmp/0 T_76.1, 8;
 ; End of false expr.
    %blend;
T_76.1;
    %store/vec4 v000001ac22360a60_0, 0, 1;
    %jmp T_76;
    .thread T_76, $push;
    .scope S_000001ac222f3b10;
T_77 ;
    %wait E_000001ac222e2360;
    %load/vec4 v000001ac22364610_0;
    %flag_set/vec4 8;
    %jmp/0xz  T_77.0, 8;
    %pushi/vec4 0, 0, 16;
    %assign/vec4 v000001ac22367cc0_0, 0;
    %pushi/vec4 0, 0, 16;
    %assign/vec4 v000001ac22367ae0_0, 0;
    %jmp T_77.1;
T_77.0 ;
    %load/vec4 v000001ac22365290_0;
    %flag_set/vec4 8;
    %jmp/0xz  T_77.2, 8;
    %load/vec4 v000001ac22364c50_0;
    %nor/r;
    %flag_set/vec4 8;
    %jmp/0xz  T_77.4, 8;
    %load/vec4 v000001ac22363170_0;
    %assign/vec4 v000001ac22367cc0_0, 0;
T_77.4 ;
    %load/vec4 v000001ac22362f90_0;
    %nor/r;
    %flag_set/vec4 8;
    %jmp/0xz  T_77.6, 8;
    %load/vec4 v000001ac22363c10_0;
    %assign/vec4 v000001ac22367ae0_0, 0;
T_77.6 ;
T_77.2 ;
T_77.1 ;
    %jmp T_77;
    .thread T_77;
    .scope S_000001ac222f3b10;
T_78 ;
    %wait E_000001ac222e17e0;
    %load/vec4 v000001ac22363df0_0;
    %flag_set/vec4 8;
    %jmp/0xz  T_78.0, 8;
    %pushi/vec4 0, 0, 16;
    %assign/vec4 v000001ac22367c20_0, 0;
    %pushi/vec4 0, 0, 16;
    %assign/vec4 v000001ac22368080_0, 0;
    %jmp T_78.1;
T_78.0 ;
    %load/vec4 v000001ac22365290_0;
    %flag_set/vec4 8;
    %jmp/0xz  T_78.2, 8;
    %load/vec4 v000001ac223650b0_0;
    %nor/r;
    %flag_set/vec4 8;
    %jmp/0xz  T_78.4, 8;
    %load/vec4 v000001ac22363710_0;
    %assign/vec4 v000001ac22367c20_0, 0;
T_78.4 ;
    %load/vec4 v000001ac22365330_0;
    %nor/r;
    %flag_set/vec4 8;
    %jmp/0xz  T_78.6, 8;
    %load/vec4 v000001ac22363530_0;
    %assign/vec4 v000001ac22368080_0, 0;
T_78.6 ;
T_78.2 ;
T_78.1 ;
    %jmp T_78;
    .thread T_78;
    .scope S_000001ac222f3b10;
T_79 ;
    %wait E_000001ac222e2360;
    %load/vec4 v000001ac22364610_0;
    %flag_set/vec4 8;
    %jmp/0xz  T_79.0, 8;
    %pushi/vec4 0, 0, 16;
    %assign/vec4 v000001ac22368300_0, 0;
    %pushi/vec4 0, 0, 16;
    %assign/vec4 v000001ac223684e0_0, 0;
    %jmp T_79.1;
T_79.0 ;
    %load/vec4 v000001ac22365290_0;
    %flag_set/vec4 8;
    %jmp/0xz  T_79.2, 8;
    %load/vec4 v000001ac22368620_0;
    %assign/vec4 v000001ac22368300_0, 0;
    %load/vec4 v000001ac22367900_0;
    %assign/vec4 v000001ac223684e0_0, 0;
T_79.2 ;
T_79.1 ;
    %jmp T_79;
    .thread T_79;
    .scope S_000001ac222f3b10;
T_80 ;
    %wait E_000001ac222e17e0;
    %load/vec4 v000001ac22363df0_0;
    %flag_set/vec4 8;
    %jmp/0xz  T_80.0, 8;
    %pushi/vec4 0, 0, 16;
    %assign/vec4 v000001ac22368800_0, 0;
    %pushi/vec4 0, 0, 16;
    %assign/vec4 v000001ac223683a0_0, 0;
    %jmp T_80.1;
T_80.0 ;
    %load/vec4 v000001ac22365290_0;
    %flag_set/vec4 8;
    %jmp/0xz  T_80.2, 8;
    %load/vec4 v000001ac22367a40_0;
    %assign/vec4 v000001ac22368800_0, 0;
    %load/vec4 v000001ac22367fe0_0;
    %assign/vec4 v000001ac223683a0_0, 0;
T_80.2 ;
T_80.1 ;
    %jmp T_80;
    .thread T_80;
    .scope S_000001ac222f3b10;
T_81 ;
    %wait E_000001ac222e17e0;
    %load/vec4 v000001ac22363df0_0;
    %flag_set/vec4 8;
    %jmp/0xz  T_81.0, 8;
    %pushi/vec4 0, 0, 32;
    %assign/vec4 v000001ac223686c0_0, 0;
    %jmp T_81.1;
T_81.0 ;
    %load/vec4 v000001ac22365290_0;
    %flag_set/vec4 8;
    %jmp/0xz  T_81.2, 8;
    %load/vec4 v000001ac22366fa0_0;
    %assign/vec4 v000001ac223686c0_0, 0;
T_81.2 ;
T_81.1 ;
    %jmp T_81;
    .thread T_81;
    .scope S_000001ac222f3b10;
T_82 ;
    %wait E_000001ac222e15e0;
    %load/vec4 v000001ac22363cb0_0;
    %flag_set/vec4 8;
    %jmp/0xz  T_82.0, 8;
    %pushi/vec4 0, 0, 16;
    %assign/vec4 v000001ac2236a920_0, 0;
    %jmp T_82.1;
T_82.0 ;
    %load/vec4 v000001ac22365290_0;
    %flag_set/vec4 8;
    %jmp/0xz  T_82.2, 8;
    %load/vec4 v000001ac22364110_0;
    %nor/r;
    %flag_set/vec4 8;
    %jmp/0xz  T_82.4, 8;
    %load/vec4 v000001ac22367720_0;
    %assign/vec4 v000001ac2236a920_0, 0;
T_82.4 ;
T_82.2 ;
T_82.1 ;
    %jmp T_82;
    .thread T_82;
    .scope S_000001ac222f3b10;
T_83 ;
    %wait E_000001ac222e21a0;
    %load/vec4 v000001ac22363ad0_0;
    %flag_set/vec4 8;
    %jmp/0xz  T_83.0, 8;
    %pushi/vec4 0, 0, 16;
    %assign/vec4 v000001ac2236ba00_0, 0;
    %jmp T_83.1;
T_83.0 ;
    %load/vec4 v000001ac22365290_0;
    %flag_set/vec4 8;
    %jmp/0xz  T_83.2, 8;
    %load/vec4 v000001ac22362e50_0;
    %nor/r;
    %flag_set/vec4 8;
    %jmp/0xz  T_83.4, 8;
    %load/vec4 v000001ac223677c0_0;
    %assign/vec4 v000001ac2236ba00_0, 0;
T_83.4 ;
T_83.2 ;
T_83.1 ;
    %jmp T_83;
    .thread T_83;
    .scope S_000001ac222f9830;
T_84 ;
    %pushi/vec4 0, 0, 32;
    %store/vec4 v000001ac2236d800_0, 0, 32;
T_84.0 ; Top of for-loop
    %load/vec4 v000001ac2236d800_0;
    %cmpi/s 16, 0, 32;
	  %jmp/0xz T_84.1, 5;
    %pushi/vec4 0, 0, 256;
    %load/vec4 v000001ac2236d800_0;
    %muli 16, 0, 32;
    %part/s 16;
    %pushi/vec4 0, 0, 32;
    %load/vec4 v000001ac2236d800_0;
    %add;
    %ix/vec4/s 4;
    %store/vec4a v000001ac2236c040, 4, 0;
    %pushi/vec4 0, 0, 256;
    %load/vec4 v000001ac2236d800_0;
    %muli 16, 0, 32;
    %part/s 16;
    %pushi/vec4 16, 0, 32;
    %load/vec4 v000001ac2236d800_0;
    %add;
    %ix/vec4/s 4;
    %store/vec4a v000001ac2236c040, 4, 0;
    %pushi/vec4 0, 0, 256;
    %load/vec4 v000001ac2236d800_0;
    %muli 16, 0, 32;
    %part/s 16;
    %pushi/vec4 32, 0, 32;
    %load/vec4 v000001ac2236d800_0;
    %add;
    %ix/vec4/s 4;
    %store/vec4a v000001ac2236c040, 4, 0;
    %pushi/vec4 0, 0, 256;
    %load/vec4 v000001ac2236d800_0;
    %muli 16, 0, 32;
    %part/s 16;
    %pushi/vec4 48, 0, 32;
    %load/vec4 v000001ac2236d800_0;
    %add;
    %ix/vec4/s 4;
    %store/vec4a v000001ac2236c040, 4, 0;
    %pushi/vec4 0, 0, 256;
    %load/vec4 v000001ac2236d800_0;
    %muli 16, 0, 32;
    %part/s 16;
    %pushi/vec4 64, 0, 32;
    %load/vec4 v000001ac2236d800_0;
    %add;
    %ix/vec4/s 4;
    %store/vec4a v000001ac2236c040, 4, 0;
    %pushi/vec4 0, 0, 256;
    %load/vec4 v000001ac2236d800_0;
    %muli 16, 0, 32;
    %part/s 16;
    %pushi/vec4 80, 0, 32;
    %load/vec4 v000001ac2236d800_0;
    %add;
    %ix/vec4/s 4;
    %store/vec4a v000001ac2236c040, 4, 0;
    %pushi/vec4 0, 0, 256;
    %load/vec4 v000001ac2236d800_0;
    %muli 16, 0, 32;
    %part/s 16;
    %pushi/vec4 96, 0, 32;
    %load/vec4 v000001ac2236d800_0;
    %add;
    %ix/vec4/s 4;
    %store/vec4a v000001ac2236c040, 4, 0;
    %pushi/vec4 0, 0, 256;
    %load/vec4 v000001ac2236d800_0;
    %muli 16, 0, 32;
    %part/s 16;
    %pushi/vec4 112, 0, 32;
    %load/vec4 v000001ac2236d800_0;
    %add;
    %ix/vec4/s 4;
    %store/vec4a v000001ac2236c040, 4, 0;
    %pushi/vec4 0, 0, 256;
    %load/vec4 v000001ac2236d800_0;
    %muli 16, 0, 32;
    %part/s 16;
    %pushi/vec4 128, 0, 32;
    %load/vec4 v000001ac2236d800_0;
    %add;
    %ix/vec4/s 4;
    %store/vec4a v000001ac2236c040, 4, 0;
    %pushi/vec4 0, 0, 256;
    %load/vec4 v000001ac2236d800_0;
    %muli 16, 0, 32;
    %part/s 16;
    %pushi/vec4 144, 0, 32;
    %load/vec4 v000001ac2236d800_0;
    %add;
    %ix/vec4/s 4;
    %store/vec4a v000001ac2236c040, 4, 0;
    %pushi/vec4 0, 0, 256;
    %load/vec4 v000001ac2236d800_0;
    %muli 16, 0, 32;
    %part/s 16;
    %pushi/vec4 160, 0, 32;
    %load/vec4 v000001ac2236d800_0;
    %add;
    %ix/vec4/s 4;
    %store/vec4a v000001ac2236c040, 4, 0;
    %pushi/vec4 0, 0, 256;
    %load/vec4 v000001ac2236d800_0;
    %muli 16, 0, 32;
    %part/s 16;
    %pushi/vec4 176, 0, 32;
    %load/vec4 v000001ac2236d800_0;
    %add;
    %ix/vec4/s 4;
    %store/vec4a v000001ac2236c040, 4, 0;
    %pushi/vec4 0, 0, 256;
    %load/vec4 v000001ac2236d800_0;
    %muli 16, 0, 32;
    %part/s 16;
    %pushi/vec4 192, 0, 32;
    %load/vec4 v000001ac2236d800_0;
    %add;
    %ix/vec4/s 4;
    %store/vec4a v000001ac2236c040, 4, 0;
    %pushi/vec4 0, 0, 256;
    %load/vec4 v000001ac2236d800_0;
    %muli 16, 0, 32;
    %part/s 16;
    %pushi/vec4 208, 0, 32;
    %load/vec4 v000001ac2236d800_0;
    %add;
    %ix/vec4/s 4;
    %store/vec4a v000001ac2236c040, 4, 0;
    %pushi/vec4 0, 0, 256;
    %load/vec4 v000001ac2236d800_0;
    %muli 16, 0, 32;
    %part/s 16;
    %pushi/vec4 224, 0, 32;
    %load/vec4 v000001ac2236d800_0;
    %add;
    %ix/vec4/s 4;
    %store/vec4a v000001ac2236c040, 4, 0;
    %pushi/vec4 0, 0, 256;
    %load/vec4 v000001ac2236d800_0;
    %muli 16, 0, 32;
    %part/s 16;
    %pushi/vec4 240, 0, 32;
    %load/vec4 v000001ac2236d800_0;
    %add;
    %ix/vec4/s 4;
    %store/vec4a v000001ac2236c040, 4, 0;
T_84.2 ; for-loop step statement
    %load/vec4 v000001ac2236d800_0;
    %addi 1, 0, 32;
    %store/vec4 v000001ac2236d800_0, 0, 32;
    %jmp T_84.0;
T_84.1 ; for-loop exit label
    %end;
    .thread T_84;
    .scope S_000001ac222f9830;
T_85 ;
    %wait E_000001ac222e1620;
    %load/vec4 v000001ac2236dda0_0;
    %flag_set/vec4 9;
    %flag_get/vec4 9;
    %jmp/0 T_85.2, 9;
    %load/vec4 v000001ac2236cea0_0;
    %and;
T_85.2;
    %flag_set/vec4 8;
    %jmp/0xz  T_85.0, 8;
    %load/vec4 v000001ac2236da80_0;
    %parti/s 1, 0, 2;
    %nor/r;
    %flag_set/vec4 8;
    %jmp/0xz  T_85.3, 8;
    %load/vec4 v000001ac2236c2c0_0;
    %parti/s 1, 0, 2;
    %load/vec4 v000001ac2236d8a0_0;
    %parti/s 8, 0, 2;
    %pad/u 10;
    %ix/vec4 3;
    %ix/load 4, 0, 0; Constant delay
    %assign/vec4/a/d v000001ac2236c040, 0, 4;
T_85.3 ;
    %load/vec4 v000001ac2236da80_0;
    %parti/s 1, 1, 2;
    %nor/r;
    %flag_set/vec4 8;
    %jmp/0xz  T_85.5, 8;
    %load/vec4 v000001ac2236c2c0_0;
    %parti/s 1, 1, 2;
    %load/vec4 v000001ac2236d8a0_0;
    %parti/s 8, 0, 2;
    %pad/u 10;
    %ix/vec4 3;
    %ix/load 4, 1, 0; part off
    %ix/load 5, 0, 0; Constant delay
    %assign/vec4/a/d v000001ac2236c040, 4, 5;
T_85.5 ;
    %load/vec4 v000001ac2236da80_0;
    %parti/s 1, 2, 3;
    %nor/r;
    %flag_set/vec4 8;
    %jmp/0xz  T_85.7, 8;
    %load/vec4 v000001ac2236c2c0_0;
    %parti/s 1, 2, 3;
    %load/vec4 v000001ac2236d8a0_0;
    %parti/s 8, 0, 2;
    %pad/u 10;
    %ix/vec4 3;
    %ix/load 4, 2, 0; part off
    %ix/load 5, 0, 0; Constant delay
    %assign/vec4/a/d v000001ac2236c040, 4, 5;
T_85.7 ;
    %load/vec4 v000001ac2236da80_0;
    %parti/s 1, 3, 3;
    %nor/r;
    %flag_set/vec4 8;
    %jmp/0xz  T_85.9, 8;
    %load/vec4 v000001ac2236c2c0_0;
    %parti/s 1, 3, 3;
    %load/vec4 v000001ac2236d8a0_0;
    %parti/s 8, 0, 2;
    %pad/u 10;
    %ix/vec4 3;
    %ix/load 4, 3, 0; part off
    %ix/load 5, 0, 0; Constant delay
    %assign/vec4/a/d v000001ac2236c040, 4, 5;
T_85.9 ;
    %load/vec4 v000001ac2236da80_0;
    %parti/s 1, 4, 4;
    %nor/r;
    %flag_set/vec4 8;
    %jmp/0xz  T_85.11, 8;
    %load/vec4 v000001ac2236c2c0_0;
    %parti/s 1, 4, 4;
    %load/vec4 v000001ac2236d8a0_0;
    %parti/s 8, 0, 2;
    %pad/u 10;
    %ix/vec4 3;
    %ix/load 4, 4, 0; part off
    %ix/load 5, 0, 0; Constant delay
    %assign/vec4/a/d v000001ac2236c040, 4, 5;
T_85.11 ;
    %load/vec4 v000001ac2236da80_0;
    %parti/s 1, 5, 4;
    %nor/r;
    %flag_set/vec4 8;
    %jmp/0xz  T_85.13, 8;
    %load/vec4 v000001ac2236c2c0_0;
    %parti/s 1, 5, 4;
    %load/vec4 v000001ac2236d8a0_0;
    %parti/s 8, 0, 2;
    %pad/u 10;
    %ix/vec4 3;
    %ix/load 4, 5, 0; part off
    %ix/load 5, 0, 0; Constant delay
    %assign/vec4/a/d v000001ac2236c040, 4, 5;
T_85.13 ;
    %load/vec4 v000001ac2236da80_0;
    %parti/s 1, 6, 4;
    %nor/r;
    %flag_set/vec4 8;
    %jmp/0xz  T_85.15, 8;
    %load/vec4 v000001ac2236c2c0_0;
    %parti/s 1, 6, 4;
    %load/vec4 v000001ac2236d8a0_0;
    %parti/s 8, 0, 2;
    %pad/u 10;
    %ix/vec4 3;
    %ix/load 4, 6, 0; part off
    %ix/load 5, 0, 0; Constant delay
    %assign/vec4/a/d v000001ac2236c040, 4, 5;
T_85.15 ;
    %load/vec4 v000001ac2236da80_0;
    %parti/s 1, 7, 4;
    %nor/r;
    %flag_set/vec4 8;
    %jmp/0xz  T_85.17, 8;
    %load/vec4 v000001ac2236c2c0_0;
    %parti/s 1, 7, 4;
    %load/vec4 v000001ac2236d8a0_0;
    %parti/s 8, 0, 2;
    %pad/u 10;
    %ix/vec4 3;
    %ix/load 4, 7, 0; part off
    %ix/load 5, 0, 0; Constant delay
    %assign/vec4/a/d v000001ac2236c040, 4, 5;
T_85.17 ;
    %load/vec4 v000001ac2236da80_0;
    %parti/s 1, 8, 5;
    %nor/r;
    %flag_set/vec4 8;
    %jmp/0xz  T_85.19, 8;
    %load/vec4 v000001ac2236c2c0_0;
    %parti/s 1, 8, 5;
    %load/vec4 v000001ac2236d8a0_0;
    %parti/s 8, 0, 2;
    %pad/u 10;
    %ix/vec4 3;
    %ix/load 4, 8, 0; part off
    %ix/load 5, 0, 0; Constant delay
    %assign/vec4/a/d v000001ac2236c040, 4, 5;
T_85.19 ;
    %load/vec4 v000001ac2236da80_0;
    %parti/s 1, 9, 5;
    %nor/r;
    %flag_set/vec4 8;
    %jmp/0xz  T_85.21, 8;
    %load/vec4 v000001ac2236c2c0_0;
    %parti/s 1, 9, 5;
    %load/vec4 v000001ac2236d8a0_0;
    %parti/s 8, 0, 2;
    %pad/u 10;
    %ix/vec4 3;
    %ix/load 4, 9, 0; part off
    %ix/load 5, 0, 0; Constant delay
    %assign/vec4/a/d v000001ac2236c040, 4, 5;
T_85.21 ;
    %load/vec4 v000001ac2236da80_0;
    %parti/s 1, 10, 5;
    %nor/r;
    %flag_set/vec4 8;
    %jmp/0xz  T_85.23, 8;
    %load/vec4 v000001ac2236c2c0_0;
    %parti/s 1, 10, 5;
    %load/vec4 v000001ac2236d8a0_0;
    %parti/s 8, 0, 2;
    %pad/u 10;
    %ix/vec4 3;
    %ix/load 4, 10, 0; part off
    %ix/load 5, 0, 0; Constant delay
    %assign/vec4/a/d v000001ac2236c040, 4, 5;
T_85.23 ;
    %load/vec4 v000001ac2236da80_0;
    %parti/s 1, 11, 5;
    %nor/r;
    %flag_set/vec4 8;
    %jmp/0xz  T_85.25, 8;
    %load/vec4 v000001ac2236c2c0_0;
    %parti/s 1, 11, 5;
    %load/vec4 v000001ac2236d8a0_0;
    %parti/s 8, 0, 2;
    %pad/u 10;
    %ix/vec4 3;
    %ix/load 4, 11, 0; part off
    %ix/load 5, 0, 0; Constant delay
    %assign/vec4/a/d v000001ac2236c040, 4, 5;
T_85.25 ;
    %load/vec4 v000001ac2236da80_0;
    %parti/s 1, 12, 5;
    %nor/r;
    %flag_set/vec4 8;
    %jmp/0xz  T_85.27, 8;
    %load/vec4 v000001ac2236c2c0_0;
    %parti/s 1, 12, 5;
    %load/vec4 v000001ac2236d8a0_0;
    %parti/s 8, 0, 2;
    %pad/u 10;
    %ix/vec4 3;
    %ix/load 4, 12, 0; part off
    %ix/load 5, 0, 0; Constant delay
    %assign/vec4/a/d v000001ac2236c040, 4, 5;
T_85.27 ;
    %load/vec4 v000001ac2236da80_0;
    %parti/s 1, 13, 5;
    %nor/r;
    %flag_set/vec4 8;
    %jmp/0xz  T_85.29, 8;
    %load/vec4 v000001ac2236c2c0_0;
    %parti/s 1, 13, 5;
    %load/vec4 v000001ac2236d8a0_0;
    %parti/s 8, 0, 2;
    %pad/u 10;
    %ix/vec4 3;
    %ix/load 4, 13, 0; part off
    %ix/load 5, 0, 0; Constant delay
    %assign/vec4/a/d v000001ac2236c040, 4, 5;
T_85.29 ;
    %load/vec4 v000001ac2236da80_0;
    %parti/s 1, 14, 5;
    %nor/r;
    %flag_set/vec4 8;
    %jmp/0xz  T_85.31, 8;
    %load/vec4 v000001ac2236c2c0_0;
    %parti/s 1, 14, 5;
    %load/vec4 v000001ac2236d8a0_0;
    %parti/s 8, 0, 2;
    %pad/u 10;
    %ix/vec4 3;
    %ix/load 4, 14, 0; part off
    %ix/load 5, 0, 0; Constant delay
    %assign/vec4/a/d v000001ac2236c040, 4, 5;
T_85.31 ;
    %load/vec4 v000001ac2236da80_0;
    %parti/s 1, 15, 5;
    %nor/r;
    %flag_set/vec4 8;
    %jmp/0xz  T_85.33, 8;
    %load/vec4 v000001ac2236c2c0_0;
    %parti/s 1, 15, 5;
    %load/vec4 v000001ac2236d8a0_0;
    %parti/s 8, 0, 2;
    %pad/u 10;
    %ix/vec4 3;
    %ix/load 4, 15, 0; part off
    %ix/load 5, 0, 0; Constant delay
    %assign/vec4/a/d v000001ac2236c040, 4, 5;
T_85.33 ;
T_85.0 ;
    %jmp T_85;
    .thread T_85;
    .scope S_000001ac222f9830;
T_86 ;
    %wait E_000001ac222e1f20;
    %load/vec4 v000001ac2236c9a0_0;
    %flag_set/vec4 9;
    %flag_get/vec4 9;
    %jmp/0 T_86.2, 9;
    %load/vec4 v000001ac2236c680_0;
    %and;
T_86.2;
    %flag_set/vec4 8;
    %jmp/0xz  T_86.0, 8;
    %load/vec4 v000001ac2236d940_0;
    %parti/s 8, 0, 2;
    %pad/u 10;
    %ix/vec4 4;
    %load/vec4a v000001ac2236c040, 4;
    %load/vec4 v000001ac2236cb80_0;
    %inv;
    %and;
    %assign/vec4 v000001ac2236c900_0, 0;
T_86.0 ;
    %jmp T_86;
    .thread T_86;
    .scope S_000001ac2237a540;
T_87 ;
    %pushi/vec4 0, 0, 32;
    %store/vec4 v000001ac2236be60_0, 0, 32;
T_87.0 ; Top of for-loop
    %load/vec4 v000001ac2236be60_0;
    %cmpi/s 16, 0, 32;
	  %jmp/0xz T_87.1, 5;
    %pushi/vec4 0, 0, 256;
    %load/vec4 v000001ac2236be60_0;
    %muli 16, 0, 32;
    %part/s 16;
    %pushi/vec4 0, 0, 32;
    %load/vec4 v000001ac2236be60_0;
    %add;
    %ix/vec4/s 4;
    %store/vec4a v000001ac2236d1c0, 4, 0;
    %pushi/vec4 0, 0, 256;
    %load/vec4 v000001ac2236be60_0;
    %muli 16, 0, 32;
    %part/s 16;
    %pushi/vec4 16, 0, 32;
    %load/vec4 v000001ac2236be60_0;
    %add;
    %ix/vec4/s 4;
    %store/vec4a v000001ac2236d1c0, 4, 0;
    %pushi/vec4 0, 0, 256;
    %load/vec4 v000001ac2236be60_0;
    %muli 16, 0, 32;
    %part/s 16;
    %pushi/vec4 32, 0, 32;
    %load/vec4 v000001ac2236be60_0;
    %add;
    %ix/vec4/s 4;
    %store/vec4a v000001ac2236d1c0, 4, 0;
    %pushi/vec4 0, 0, 256;
    %load/vec4 v000001ac2236be60_0;
    %muli 16, 0, 32;
    %part/s 16;
    %pushi/vec4 48, 0, 32;
    %load/vec4 v000001ac2236be60_0;
    %add;
    %ix/vec4/s 4;
    %store/vec4a v000001ac2236d1c0, 4, 0;
    %pushi/vec4 0, 0, 256;
    %load/vec4 v000001ac2236be60_0;
    %muli 16, 0, 32;
    %part/s 16;
    %pushi/vec4 64, 0, 32;
    %load/vec4 v000001ac2236be60_0;
    %add;
    %ix/vec4/s 4;
    %store/vec4a v000001ac2236d1c0, 4, 0;
    %pushi/vec4 0, 0, 256;
    %load/vec4 v000001ac2236be60_0;
    %muli 16, 0, 32;
    %part/s 16;
    %pushi/vec4 80, 0, 32;
    %load/vec4 v000001ac2236be60_0;
    %add;
    %ix/vec4/s 4;
    %store/vec4a v000001ac2236d1c0, 4, 0;
    %pushi/vec4 0, 0, 256;
    %load/vec4 v000001ac2236be60_0;
    %muli 16, 0, 32;
    %part/s 16;
    %pushi/vec4 96, 0, 32;
    %load/vec4 v000001ac2236be60_0;
    %add;
    %ix/vec4/s 4;
    %store/vec4a v000001ac2236d1c0, 4, 0;
    %pushi/vec4 0, 0, 256;
    %load/vec4 v000001ac2236be60_0;
    %muli 16, 0, 32;
    %part/s 16;
    %pushi/vec4 112, 0, 32;
    %load/vec4 v000001ac2236be60_0;
    %add;
    %ix/vec4/s 4;
    %store/vec4a v000001ac2236d1c0, 4, 0;
    %pushi/vec4 0, 0, 256;
    %load/vec4 v000001ac2236be60_0;
    %muli 16, 0, 32;
    %part/s 16;
    %pushi/vec4 128, 0, 32;
    %load/vec4 v000001ac2236be60_0;
    %add;
    %ix/vec4/s 4;
    %store/vec4a v000001ac2236d1c0, 4, 0;
    %pushi/vec4 0, 0, 256;
    %load/vec4 v000001ac2236be60_0;
    %muli 16, 0, 32;
    %part/s 16;
    %pushi/vec4 144, 0, 32;
    %load/vec4 v000001ac2236be60_0;
    %add;
    %ix/vec4/s 4;
    %store/vec4a v000001ac2236d1c0, 4, 0;
    %pushi/vec4 0, 0, 256;
    %load/vec4 v000001ac2236be60_0;
    %muli 16, 0, 32;
    %part/s 16;
    %pushi/vec4 160, 0, 32;
    %load/vec4 v000001ac2236be60_0;
    %add;
    %ix/vec4/s 4;
    %store/vec4a v000001ac2236d1c0, 4, 0;
    %pushi/vec4 0, 0, 256;
    %load/vec4 v000001ac2236be60_0;
    %muli 16, 0, 32;
    %part/s 16;
    %pushi/vec4 176, 0, 32;
    %load/vec4 v000001ac2236be60_0;
    %add;
    %ix/vec4/s 4;
    %store/vec4a v000001ac2236d1c0, 4, 0;
    %pushi/vec4 0, 0, 256;
    %load/vec4 v000001ac2236be60_0;
    %muli 16, 0, 32;
    %part/s 16;
    %pushi/vec4 192, 0, 32;
    %load/vec4 v000001ac2236be60_0;
    %add;
    %ix/vec4/s 4;
    %store/vec4a v000001ac2236d1c0, 4, 0;
    %pushi/vec4 0, 0, 256;
    %load/vec4 v000001ac2236be60_0;
    %muli 16, 0, 32;
    %part/s 16;
    %pushi/vec4 208, 0, 32;
    %load/vec4 v000001ac2236be60_0;
    %add;
    %ix/vec4/s 4;
    %store/vec4a v000001ac2236d1c0, 4, 0;
    %pushi/vec4 0, 0, 256;
    %load/vec4 v000001ac2236be60_0;
    %muli 16, 0, 32;
    %part/s 16;
    %pushi/vec4 224, 0, 32;
    %load/vec4 v000001ac2236be60_0;
    %add;
    %ix/vec4/s 4;
    %store/vec4a v000001ac2236d1c0, 4, 0;
    %pushi/vec4 0, 0, 256;
    %load/vec4 v000001ac2236be60_0;
    %muli 16, 0, 32;
    %part/s 16;
    %pushi/vec4 240, 0, 32;
    %load/vec4 v000001ac2236be60_0;
    %add;
    %ix/vec4/s 4;
    %store/vec4a v000001ac2236d1c0, 4, 0;
T_87.2 ; for-loop step statement
    %load/vec4 v000001ac2236be60_0;
    %addi 1, 0, 32;
    %store/vec4 v000001ac2236be60_0, 0, 32;
    %jmp T_87.0;
T_87.1 ; for-loop exit label
    %end;
    .thread T_87;
    .scope S_000001ac2237a540;
T_88 ;
    %wait E_000001ac222e19e0;
    %load/vec4 v000001ac2236bbe0_0;
    %flag_set/vec4 9;
    %flag_get/vec4 9;
    %jmp/0 T_88.2, 9;
    %load/vec4 v000001ac2236c860_0;
    %and;
T_88.2;
    %flag_set/vec4 8;
    %jmp/0xz  T_88.0, 8;
    %load/vec4 v000001ac2236bc80_0;
    %parti/s 1, 0, 2;
    %nor/r;
    %flag_set/vec4 8;
    %jmp/0xz  T_88.3, 8;
    %load/vec4 v000001ac2236e160_0;
    %parti/s 1, 0, 2;
    %load/vec4 v000001ac2236d3a0_0;
    %parti/s 8, 0, 2;
    %pad/u 10;
    %ix/vec4 3;
    %ix/load 4, 0, 0; Constant delay
    %assign/vec4/a/d v000001ac2236d1c0, 0, 4;
T_88.3 ;
    %load/vec4 v000001ac2236bc80_0;
    %parti/s 1, 1, 2;
    %nor/r;
    %flag_set/vec4 8;
    %jmp/0xz  T_88.5, 8;
    %load/vec4 v000001ac2236e160_0;
    %parti/s 1, 1, 2;
    %load/vec4 v000001ac2236d3a0_0;
    %parti/s 8, 0, 2;
    %pad/u 10;
    %ix/vec4 3;
    %ix/load 4, 1, 0; part off
    %ix/load 5, 0, 0; Constant delay
    %assign/vec4/a/d v000001ac2236d1c0, 4, 5;
T_88.5 ;
    %load/vec4 v000001ac2236bc80_0;
    %parti/s 1, 2, 3;
    %nor/r;
    %flag_set/vec4 8;
    %jmp/0xz  T_88.7, 8;
    %load/vec4 v000001ac2236e160_0;
    %parti/s 1, 2, 3;
    %load/vec4 v000001ac2236d3a0_0;
    %parti/s 8, 0, 2;
    %pad/u 10;
    %ix/vec4 3;
    %ix/load 4, 2, 0; part off
    %ix/load 5, 0, 0; Constant delay
    %assign/vec4/a/d v000001ac2236d1c0, 4, 5;
T_88.7 ;
    %load/vec4 v000001ac2236bc80_0;
    %parti/s 1, 3, 3;
    %nor/r;
    %flag_set/vec4 8;
    %jmp/0xz  T_88.9, 8;
    %load/vec4 v000001ac2236e160_0;
    %parti/s 1, 3, 3;
    %load/vec4 v000001ac2236d3a0_0;
    %parti/s 8, 0, 2;
    %pad/u 10;
    %ix/vec4 3;
    %ix/load 4, 3, 0; part off
    %ix/load 5, 0, 0; Constant delay
    %assign/vec4/a/d v000001ac2236d1c0, 4, 5;
T_88.9 ;
    %load/vec4 v000001ac2236bc80_0;
    %parti/s 1, 4, 4;
    %nor/r;
    %flag_set/vec4 8;
    %jmp/0xz  T_88.11, 8;
    %load/vec4 v000001ac2236e160_0;
    %parti/s 1, 4, 4;
    %load/vec4 v000001ac2236d3a0_0;
    %parti/s 8, 0, 2;
    %pad/u 10;
    %ix/vec4 3;
    %ix/load 4, 4, 0; part off
    %ix/load 5, 0, 0; Constant delay
    %assign/vec4/a/d v000001ac2236d1c0, 4, 5;
T_88.11 ;
    %load/vec4 v000001ac2236bc80_0;
    %parti/s 1, 5, 4;
    %nor/r;
    %flag_set/vec4 8;
    %jmp/0xz  T_88.13, 8;
    %load/vec4 v000001ac2236e160_0;
    %parti/s 1, 5, 4;
    %load/vec4 v000001ac2236d3a0_0;
    %parti/s 8, 0, 2;
    %pad/u 10;
    %ix/vec4 3;
    %ix/load 4, 5, 0; part off
    %ix/load 5, 0, 0; Constant delay
    %assign/vec4/a/d v000001ac2236d1c0, 4, 5;
T_88.13 ;
    %load/vec4 v000001ac2236bc80_0;
    %parti/s 1, 6, 4;
    %nor/r;
    %flag_set/vec4 8;
    %jmp/0xz  T_88.15, 8;
    %load/vec4 v000001ac2236e160_0;
    %parti/s 1, 6, 4;
    %load/vec4 v000001ac2236d3a0_0;
    %parti/s 8, 0, 2;
    %pad/u 10;
    %ix/vec4 3;
    %ix/load 4, 6, 0; part off
    %ix/load 5, 0, 0; Constant delay
    %assign/vec4/a/d v000001ac2236d1c0, 4, 5;
T_88.15 ;
    %load/vec4 v000001ac2236bc80_0;
    %parti/s 1, 7, 4;
    %nor/r;
    %flag_set/vec4 8;
    %jmp/0xz  T_88.17, 8;
    %load/vec4 v000001ac2236e160_0;
    %parti/s 1, 7, 4;
    %load/vec4 v000001ac2236d3a0_0;
    %parti/s 8, 0, 2;
    %pad/u 10;
    %ix/vec4 3;
    %ix/load 4, 7, 0; part off
    %ix/load 5, 0, 0; Constant delay
    %assign/vec4/a/d v000001ac2236d1c0, 4, 5;
T_88.17 ;
    %load/vec4 v000001ac2236bc80_0;
    %parti/s 1, 8, 5;
    %nor/r;
    %flag_set/vec4 8;
    %jmp/0xz  T_88.19, 8;
    %load/vec4 v000001ac2236e160_0;
    %parti/s 1, 8, 5;
    %load/vec4 v000001ac2236d3a0_0;
    %parti/s 8, 0, 2;
    %pad/u 10;
    %ix/vec4 3;
    %ix/load 4, 8, 0; part off
    %ix/load 5, 0, 0; Constant delay
    %assign/vec4/a/d v000001ac2236d1c0, 4, 5;
T_88.19 ;
    %load/vec4 v000001ac2236bc80_0;
    %parti/s 1, 9, 5;
    %nor/r;
    %flag_set/vec4 8;
    %jmp/0xz  T_88.21, 8;
    %load/vec4 v000001ac2236e160_0;
    %parti/s 1, 9, 5;
    %load/vec4 v000001ac2236d3a0_0;
    %parti/s 8, 0, 2;
    %pad/u 10;
    %ix/vec4 3;
    %ix/load 4, 9, 0; part off
    %ix/load 5, 0, 0; Constant delay
    %assign/vec4/a/d v000001ac2236d1c0, 4, 5;
T_88.21 ;
    %load/vec4 v000001ac2236bc80_0;
    %parti/s 1, 10, 5;
    %nor/r;
    %flag_set/vec4 8;
    %jmp/0xz  T_88.23, 8;
    %load/vec4 v000001ac2236e160_0;
    %parti/s 1, 10, 5;
    %load/vec4 v000001ac2236d3a0_0;
    %parti/s 8, 0, 2;
    %pad/u 10;
    %ix/vec4 3;
    %ix/load 4, 10, 0; part off
    %ix/load 5, 0, 0; Constant delay
    %assign/vec4/a/d v000001ac2236d1c0, 4, 5;
T_88.23 ;
    %load/vec4 v000001ac2236bc80_0;
    %parti/s 1, 11, 5;
    %nor/r;
    %flag_set/vec4 8;
    %jmp/0xz  T_88.25, 8;
    %load/vec4 v000001ac2236e160_0;
    %parti/s 1, 11, 5;
    %load/vec4 v000001ac2236d3a0_0;
    %parti/s 8, 0, 2;
    %pad/u 10;
    %ix/vec4 3;
    %ix/load 4, 11, 0; part off
    %ix/load 5, 0, 0; Constant delay
    %assign/vec4/a/d v000001ac2236d1c0, 4, 5;
T_88.25 ;
    %load/vec4 v000001ac2236bc80_0;
    %parti/s 1, 12, 5;
    %nor/r;
    %flag_set/vec4 8;
    %jmp/0xz  T_88.27, 8;
    %load/vec4 v000001ac2236e160_0;
    %parti/s 1, 12, 5;
    %load/vec4 v000001ac2236d3a0_0;
    %parti/s 8, 0, 2;
    %pad/u 10;
    %ix/vec4 3;
    %ix/load 4, 12, 0; part off
    %ix/load 5, 0, 0; Constant delay
    %assign/vec4/a/d v000001ac2236d1c0, 4, 5;
T_88.27 ;
    %load/vec4 v000001ac2236bc80_0;
    %parti/s 1, 13, 5;
    %nor/r;
    %flag_set/vec4 8;
    %jmp/0xz  T_88.29, 8;
    %load/vec4 v000001ac2236e160_0;
    %parti/s 1, 13, 5;
    %load/vec4 v000001ac2236d3a0_0;
    %parti/s 8, 0, 2;
    %pad/u 10;
    %ix/vec4 3;
    %ix/load 4, 13, 0; part off
    %ix/load 5, 0, 0; Constant delay
    %assign/vec4/a/d v000001ac2236d1c0, 4, 5;
T_88.29 ;
    %load/vec4 v000001ac2236bc80_0;
    %parti/s 1, 14, 5;
    %nor/r;
    %flag_set/vec4 8;
    %jmp/0xz  T_88.31, 8;
    %load/vec4 v000001ac2236e160_0;
    %parti/s 1, 14, 5;
    %load/vec4 v000001ac2236d3a0_0;
    %parti/s 8, 0, 2;
    %pad/u 10;
    %ix/vec4 3;
    %ix/load 4, 14, 0; part off
    %ix/load 5, 0, 0; Constant delay
    %assign/vec4/a/d v000001ac2236d1c0, 4, 5;
T_88.31 ;
    %load/vec4 v000001ac2236bc80_0;
    %parti/s 1, 15, 5;
    %nor/r;
    %flag_set/vec4 8;
    %jmp/0xz  T_88.33, 8;
    %load/vec4 v000001ac2236e160_0;
    %parti/s 1, 15, 5;
    %load/vec4 v000001ac2236d3a0_0;
    %parti/s 8, 0, 2;
    %pad/u 10;
    %ix/vec4 3;
    %ix/load 4, 15, 0; part off
    %ix/load 5, 0, 0; Constant delay
    %assign/vec4/a/d v000001ac2236d1c0, 4, 5;
T_88.33 ;
T_88.0 ;
    %jmp T_88;
    .thread T_88;
    .scope S_000001ac2237a540;
T_89 ;
    %wait E_000001ac222e21e0;
    %load/vec4 v000001ac2236cc20_0;
    %flag_set/vec4 9;
    %flag_get/vec4 9;
    %jmp/0 T_89.2, 9;
    %load/vec4 v000001ac2236dee0_0;
    %and;
T_89.2;
    %flag_set/vec4 8;
    %jmp/0xz  T_89.0, 8;
    %load/vec4 v000001ac2236d6c0_0;
    %parti/s 8, 0, 2;
    %pad/u 10;
    %ix/vec4 4;
    %load/vec4a v000001ac2236d1c0, 4;
    %load/vec4 v000001ac2236e020_0;
    %inv;
    %and;
    %assign/vec4 v000001ac2236df80_0, 0;
T_89.0 ;
    %jmp T_89;
    .thread T_89;
    .scope S_000001ac22379be0;
T_90 ;
    %pushi/vec4 0, 0, 32;
    %store/vec4 v000001ac2236e980_0, 0, 32;
T_90.0 ; Top of for-loop
    %load/vec4 v000001ac2236e980_0;
    %cmpi/s 16, 0, 32;
	  %jmp/0xz T_90.1, 5;
    %pushi/vec4 0, 0, 256;
    %load/vec4 v000001ac2236e980_0;
    %muli 16, 0, 32;
    %part/s 16;
    %pushi/vec4 0, 0, 32;
    %load/vec4 v000001ac2236e980_0;
    %add;
    %ix/vec4/s 4;
    %store/vec4a v000001ac22382c30, 4, 0;
    %pushi/vec4 0, 0, 256;
    %load/vec4 v000001ac2236e980_0;
    %muli 16, 0, 32;
    %part/s 16;
    %pushi/vec4 16, 0, 32;
    %load/vec4 v000001ac2236e980_0;
    %add;
    %ix/vec4/s 4;
    %store/vec4a v000001ac22382c30, 4, 0;
    %pushi/vec4 0, 0, 256;
    %load/vec4 v000001ac2236e980_0;
    %muli 16, 0, 32;
    %part/s 16;
    %pushi/vec4 32, 0, 32;
    %load/vec4 v000001ac2236e980_0;
    %add;
    %ix/vec4/s 4;
    %store/vec4a v000001ac22382c30, 4, 0;
    %pushi/vec4 0, 0, 256;
    %load/vec4 v000001ac2236e980_0;
    %muli 16, 0, 32;
    %part/s 16;
    %pushi/vec4 48, 0, 32;
    %load/vec4 v000001ac2236e980_0;
    %add;
    %ix/vec4/s 4;
    %store/vec4a v000001ac22382c30, 4, 0;
    %pushi/vec4 0, 0, 256;
    %load/vec4 v000001ac2236e980_0;
    %muli 16, 0, 32;
    %part/s 16;
    %pushi/vec4 64, 0, 32;
    %load/vec4 v000001ac2236e980_0;
    %add;
    %ix/vec4/s 4;
    %store/vec4a v000001ac22382c30, 4, 0;
    %pushi/vec4 0, 0, 256;
    %load/vec4 v000001ac2236e980_0;
    %muli 16, 0, 32;
    %part/s 16;
    %pushi/vec4 80, 0, 32;
    %load/vec4 v000001ac2236e980_0;
    %add;
    %ix/vec4/s 4;
    %store/vec4a v000001ac22382c30, 4, 0;
    %pushi/vec4 0, 0, 256;
    %load/vec4 v000001ac2236e980_0;
    %muli 16, 0, 32;
    %part/s 16;
    %pushi/vec4 96, 0, 32;
    %load/vec4 v000001ac2236e980_0;
    %add;
    %ix/vec4/s 4;
    %store/vec4a v000001ac22382c30, 4, 0;
    %pushi/vec4 0, 0, 256;
    %load/vec4 v000001ac2236e980_0;
    %muli 16, 0, 32;
    %part/s 16;
    %pushi/vec4 112, 0, 32;
    %load/vec4 v000001ac2236e980_0;
    %add;
    %ix/vec4/s 4;
    %store/vec4a v000001ac22382c30, 4, 0;
    %pushi/vec4 0, 0, 256;
    %load/vec4 v000001ac2236e980_0;
    %muli 16, 0, 32;
    %part/s 16;
    %pushi/vec4 128, 0, 32;
    %load/vec4 v000001ac2236e980_0;
    %add;
    %ix/vec4/s 4;
    %store/vec4a v000001ac22382c30, 4, 0;
    %pushi/vec4 0, 0, 256;
    %load/vec4 v000001ac2236e980_0;
    %muli 16, 0, 32;
    %part/s 16;
    %pushi/vec4 144, 0, 32;
    %load/vec4 v000001ac2236e980_0;
    %add;
    %ix/vec4/s 4;
    %store/vec4a v000001ac22382c30, 4, 0;
    %pushi/vec4 0, 0, 256;
    %load/vec4 v000001ac2236e980_0;
    %muli 16, 0, 32;
    %part/s 16;
    %pushi/vec4 160, 0, 32;
    %load/vec4 v000001ac2236e980_0;
    %add;
    %ix/vec4/s 4;
    %store/vec4a v000001ac22382c30, 4, 0;
    %pushi/vec4 0, 0, 256;
    %load/vec4 v000001ac2236e980_0;
    %muli 16, 0, 32;
    %part/s 16;
    %pushi/vec4 176, 0, 32;
    %load/vec4 v000001ac2236e980_0;
    %add;
    %ix/vec4/s 4;
    %store/vec4a v000001ac22382c30, 4, 0;
    %pushi/vec4 0, 0, 256;
    %load/vec4 v000001ac2236e980_0;
    %muli 16, 0, 32;
    %part/s 16;
    %pushi/vec4 192, 0, 32;
    %load/vec4 v000001ac2236e980_0;
    %add;
    %ix/vec4/s 4;
    %store/vec4a v000001ac22382c30, 4, 0;
    %pushi/vec4 0, 0, 256;
    %load/vec4 v000001ac2236e980_0;
    %muli 16, 0, 32;
    %part/s 16;
    %pushi/vec4 208, 0, 32;
    %load/vec4 v000001ac2236e980_0;
    %add;
    %ix/vec4/s 4;
    %store/vec4a v000001ac22382c30, 4, 0;
    %pushi/vec4 0, 0, 256;
    %load/vec4 v000001ac2236e980_0;
    %muli 16, 0, 32;
    %part/s 16;
    %pushi/vec4 224, 0, 32;
    %load/vec4 v000001ac2236e980_0;
    %add;
    %ix/vec4/s 4;
    %store/vec4a v000001ac22382c30, 4, 0;
    %pushi/vec4 0, 0, 256;
    %load/vec4 v000001ac2236e980_0;
    %muli 16, 0, 32;
    %part/s 16;
    %pushi/vec4 240, 0, 32;
    %load/vec4 v000001ac2236e980_0;
    %add;
    %ix/vec4/s 4;
    %store/vec4a v000001ac22382c30, 4, 0;
T_90.2 ; for-loop step statement
    %load/vec4 v000001ac2236e980_0;
    %addi 1, 0, 32;
    %store/vec4 v000001ac2236e980_0, 0, 32;
    %jmp T_90.0;
T_90.1 ; for-loop exit label
    %end;
    .thread T_90;
    .scope S_000001ac22379be0;
T_91 ;
    %wait E_000001ac222e1860;
    %load/vec4 v000001ac2236e8e0_0;
    %flag_set/vec4 9;
    %flag_get/vec4 9;
    %jmp/0 T_91.2, 9;
    %load/vec4 v000001ac2236e840_0;
    %and;
T_91.2;
    %flag_set/vec4 8;
    %jmp/0xz  T_91.0, 8;
    %load/vec4 v000001ac2236ea20_0;
    %parti/s 1, 0, 2;
    %nor/r;
    %flag_set/vec4 8;
    %jmp/0xz  T_91.3, 8;
    %load/vec4 v000001ac2236e480_0;
    %parti/s 1, 0, 2;
    %load/vec4 v000001ac2236e5c0_0;
    %parti/s 8, 0, 2;
    %pad/u 10;
    %ix/vec4 3;
    %ix/load 4, 0, 0; Constant delay
    %assign/vec4/a/d v000001ac22382c30, 0, 4;
T_91.3 ;
    %load/vec4 v000001ac2236ea20_0;
    %parti/s 1, 1, 2;
    %nor/r;
    %flag_set/vec4 8;
    %jmp/0xz  T_91.5, 8;
    %load/vec4 v000001ac2236e480_0;
    %parti/s 1, 1, 2;
    %load/vec4 v000001ac2236e5c0_0;
    %parti/s 8, 0, 2;
    %pad/u 10;
    %ix/vec4 3;
    %ix/load 4, 1, 0; part off
    %ix/load 5, 0, 0; Constant delay
    %assign/vec4/a/d v000001ac22382c30, 4, 5;
T_91.5 ;
    %load/vec4 v000001ac2236ea20_0;
    %parti/s 1, 2, 3;
    %nor/r;
    %flag_set/vec4 8;
    %jmp/0xz  T_91.7, 8;
    %load/vec4 v000001ac2236e480_0;
    %parti/s 1, 2, 3;
    %load/vec4 v000001ac2236e5c0_0;
    %parti/s 8, 0, 2;
    %pad/u 10;
    %ix/vec4 3;
    %ix/load 4, 2, 0; part off
    %ix/load 5, 0, 0; Constant delay
    %assign/vec4/a/d v000001ac22382c30, 4, 5;
T_91.7 ;
    %load/vec4 v000001ac2236ea20_0;
    %parti/s 1, 3, 3;
    %nor/r;
    %flag_set/vec4 8;
    %jmp/0xz  T_91.9, 8;
    %load/vec4 v000001ac2236e480_0;
    %parti/s 1, 3, 3;
    %load/vec4 v000001ac2236e5c0_0;
    %parti/s 8, 0, 2;
    %pad/u 10;
    %ix/vec4 3;
    %ix/load 4, 3, 0; part off
    %ix/load 5, 0, 0; Constant delay
    %assign/vec4/a/d v000001ac22382c30, 4, 5;
T_91.9 ;
    %load/vec4 v000001ac2236ea20_0;
    %parti/s 1, 4, 4;
    %nor/r;
    %flag_set/vec4 8;
    %jmp/0xz  T_91.11, 8;
    %load/vec4 v000001ac2236e480_0;
    %parti/s 1, 4, 4;
    %load/vec4 v000001ac2236e5c0_0;
    %parti/s 8, 0, 2;
    %pad/u 10;
    %ix/vec4 3;
    %ix/load 4, 4, 0; part off
    %ix/load 5, 0, 0; Constant delay
    %assign/vec4/a/d v000001ac22382c30, 4, 5;
T_91.11 ;
    %load/vec4 v000001ac2236ea20_0;
    %parti/s 1, 5, 4;
    %nor/r;
    %flag_set/vec4 8;
    %jmp/0xz  T_91.13, 8;
    %load/vec4 v000001ac2236e480_0;
    %parti/s 1, 5, 4;
    %load/vec4 v000001ac2236e5c0_0;
    %parti/s 8, 0, 2;
    %pad/u 10;
    %ix/vec4 3;
    %ix/load 4, 5, 0; part off
    %ix/load 5, 0, 0; Constant delay
    %assign/vec4/a/d v000001ac22382c30, 4, 5;
T_91.13 ;
    %load/vec4 v000001ac2236ea20_0;
    %parti/s 1, 6, 4;
    %nor/r;
    %flag_set/vec4 8;
    %jmp/0xz  T_91.15, 8;
    %load/vec4 v000001ac2236e480_0;
    %parti/s 1, 6, 4;
    %load/vec4 v000001ac2236e5c0_0;
    %parti/s 8, 0, 2;
    %pad/u 10;
    %ix/vec4 3;
    %ix/load 4, 6, 0; part off
    %ix/load 5, 0, 0; Constant delay
    %assign/vec4/a/d v000001ac22382c30, 4, 5;
T_91.15 ;
    %load/vec4 v000001ac2236ea20_0;
    %parti/s 1, 7, 4;
    %nor/r;
    %flag_set/vec4 8;
    %jmp/0xz  T_91.17, 8;
    %load/vec4 v000001ac2236e480_0;
    %parti/s 1, 7, 4;
    %load/vec4 v000001ac2236e5c0_0;
    %parti/s 8, 0, 2;
    %pad/u 10;
    %ix/vec4 3;
    %ix/load 4, 7, 0; part off
    %ix/load 5, 0, 0; Constant delay
    %assign/vec4/a/d v000001ac22382c30, 4, 5;
T_91.17 ;
    %load/vec4 v000001ac2236ea20_0;
    %parti/s 1, 8, 5;
    %nor/r;
    %flag_set/vec4 8;
    %jmp/0xz  T_91.19, 8;
    %load/vec4 v000001ac2236e480_0;
    %parti/s 1, 8, 5;
    %load/vec4 v000001ac2236e5c0_0;
    %parti/s 8, 0, 2;
    %pad/u 10;
    %ix/vec4 3;
    %ix/load 4, 8, 0; part off
    %ix/load 5, 0, 0; Constant delay
    %assign/vec4/a/d v000001ac22382c30, 4, 5;
T_91.19 ;
    %load/vec4 v000001ac2236ea20_0;
    %parti/s 1, 9, 5;
    %nor/r;
    %flag_set/vec4 8;
    %jmp/0xz  T_91.21, 8;
    %load/vec4 v000001ac2236e480_0;
    %parti/s 1, 9, 5;
    %load/vec4 v000001ac2236e5c0_0;
    %parti/s 8, 0, 2;
    %pad/u 10;
    %ix/vec4 3;
    %ix/load 4, 9, 0; part off
    %ix/load 5, 0, 0; Constant delay
    %assign/vec4/a/d v000001ac22382c30, 4, 5;
T_91.21 ;
    %load/vec4 v000001ac2236ea20_0;
    %parti/s 1, 10, 5;
    %nor/r;
    %flag_set/vec4 8;
    %jmp/0xz  T_91.23, 8;
    %load/vec4 v000001ac2236e480_0;
    %parti/s 1, 10, 5;
    %load/vec4 v000001ac2236e5c0_0;
    %parti/s 8, 0, 2;
    %pad/u 10;
    %ix/vec4 3;
    %ix/load 4, 10, 0; part off
    %ix/load 5, 0, 0; Constant delay
    %assign/vec4/a/d v000001ac22382c30, 4, 5;
T_91.23 ;
    %load/vec4 v000001ac2236ea20_0;
    %parti/s 1, 11, 5;
    %nor/r;
    %flag_set/vec4 8;
    %jmp/0xz  T_91.25, 8;
    %load/vec4 v000001ac2236e480_0;
    %parti/s 1, 11, 5;
    %load/vec4 v000001ac2236e5c0_0;
    %parti/s 8, 0, 2;
    %pad/u 10;
    %ix/vec4 3;
    %ix/load 4, 11, 0; part off
    %ix/load 5, 0, 0; Constant delay
    %assign/vec4/a/d v000001ac22382c30, 4, 5;
T_91.25 ;
    %load/vec4 v000001ac2236ea20_0;
    %parti/s 1, 12, 5;
    %nor/r;
    %flag_set/vec4 8;
    %jmp/0xz  T_91.27, 8;
    %load/vec4 v000001ac2236e480_0;
    %parti/s 1, 12, 5;
    %load/vec4 v000001ac2236e5c0_0;
    %parti/s 8, 0, 2;
    %pad/u 10;
    %ix/vec4 3;
    %ix/load 4, 12, 0; part off
    %ix/load 5, 0, 0; Constant delay
    %assign/vec4/a/d v000001ac22382c30, 4, 5;
T_91.27 ;
    %load/vec4 v000001ac2236ea20_0;
    %parti/s 1, 13, 5;
    %nor/r;
    %flag_set/vec4 8;
    %jmp/0xz  T_91.29, 8;
    %load/vec4 v000001ac2236e480_0;
    %parti/s 1, 13, 5;
    %load/vec4 v000001ac2236e5c0_0;
    %parti/s 8, 0, 2;
    %pad/u 10;
    %ix/vec4 3;
    %ix/load 4, 13, 0; part off
    %ix/load 5, 0, 0; Constant delay
    %assign/vec4/a/d v000001ac22382c30, 4, 5;
T_91.29 ;
    %load/vec4 v000001ac2236ea20_0;
    %parti/s 1, 14, 5;
    %nor/r;
    %flag_set/vec4 8;
    %jmp/0xz  T_91.31, 8;
    %load/vec4 v000001ac2236e480_0;
    %parti/s 1, 14, 5;
    %load/vec4 v000001ac2236e5c0_0;
    %parti/s 8, 0, 2;
    %pad/u 10;
    %ix/vec4 3;
    %ix/load 4, 14, 0; part off
    %ix/load 5, 0, 0; Constant delay
    %assign/vec4/a/d v000001ac22382c30, 4, 5;
T_91.31 ;
    %load/vec4 v000001ac2236ea20_0;
    %parti/s 1, 15, 5;
    %nor/r;
    %flag_set/vec4 8;
    %jmp/0xz  T_91.33, 8;
    %load/vec4 v000001ac2236e480_0;
    %parti/s 1, 15, 5;
    %load/vec4 v000001ac2236e5c0_0;
    %parti/s 8, 0, 2;
    %pad/u 10;
    %ix/vec4 3;
    %ix/load 4, 15, 0; part off
    %ix/load 5, 0, 0; Constant delay
    %assign/vec4/a/d v000001ac22382c30, 4, 5;
T_91.33 ;
T_91.0 ;
    %jmp T_91;
    .thread T_91;
    .scope S_000001ac22379be0;
T_92 ;
    %wait E_000001ac222e23a0;
    %load/vec4 v000001ac2236e700_0;
    %flag_set/vec4 9;
    %flag_get/vec4 9;
    %jmp/0 T_92.2, 9;
    %load/vec4 v000001ac2236d300_0;
    %and;
T_92.2;
    %flag_set/vec4 8;
    %jmp/0xz  T_92.0, 8;
    %load/vec4 v000001ac2236d4e0_0;
    %parti/s 8, 0, 2;
    %pad/u 10;
    %ix/vec4 4;
    %load/vec4a v000001ac22382c30, 4;
    %load/vec4 v000001ac2236e7a0_0;
    %inv;
    %and;
    %assign/vec4 v000001ac2236e520_0, 0;
T_92.0 ;
    %jmp T_92;
    .thread T_92;
    .scope S_000001ac222fae10;
T_93 ;
    %wait E_000001ac222e22a0;
    %pushi/vec4 0, 0, 32;
    %store/vec4 v000001ac2237e950_0, 0, 32;
T_93.0 ; Top of for-loop
    %load/vec4 v000001ac2237e950_0;
    %cmpi/s 16383, 0, 32;
    %flag_or 5, 4;
	  %jmp/0xz T_93.1, 5;
    %pushi/vec4 65535, 65535, 16;
    %ix/getv/s 4, v000001ac2237e950_0;
    %store/vec4a v000001ac2237dc30, 4, 0;
T_93.2 ; for-loop step statement
    %load/vec4 v000001ac2237e950_0;
    %addi 1, 0, 32;
    %store/vec4 v000001ac2237e950_0, 0, 32;
    %jmp T_93.0;
T_93.1 ; for-loop exit label
    %jmp T_93;
    .thread T_93;
    .scope S_000001ac222fae10;
T_94 ;
    %wait E_000001ac222e2260;
    %load/vec4 v000001ac2237e090_0;
    %flag_set/vec4 8;
    %jmp/0xz  T_94.0, 8;
    %pushi/vec4 0, 0, 16;
    %assign/vec4 v000001ac2237dcd0_0, 0;
    %jmp T_94.1;
T_94.0 ;
    %load/vec4 v000001ac2237f670_0;
    %flag_set/vec4 8;
    %jmp/0xz  T_94.2, 8;
    %pushi/vec4 65535, 65535, 16;
    %assign/vec4 v000001ac2237dcd0_0, 0;
    %jmp T_94.3;
T_94.2 ;
    %load/vec4 v000001ac2237e4f0_0;
    %flag_set/vec4 8;
    %jmp/0xz  T_94.4, 8;
    %load/vec4 v000001ac2237ef90_0;
    %nor/r;
    %flag_set/vec4 8;
    %jmp/0xz  T_94.6, 8;
    %load/vec4 v000001ac2237ee50_0;
    %pad/u 16;
    %ix/vec4 4;
    %load/vec4a v000001ac2237dc30, 4;
    %assign/vec4 v000001ac2237dcd0_0, 0;
    %jmp T_94.7;
T_94.6 ;
    %load/vec4 v000001ac2237fad0_0;
    %parti/s 1, 0, 2;
    %flag_set/vec4 8;
    %jmp/0xz  T_94.8, 8;
    %load/vec4 v000001ac2237da50_0;
    %parti/s 4, 0, 2;
    %load/vec4 v000001ac2237ee50_0;
    %pad/u 16;
    %ix/vec4 3;
    %ix/load 4, 0, 0; Constant delay
    %assign/vec4/a/d v000001ac2237dc30, 0, 4;
T_94.8 ;
    %load/vec4 v000001ac2237fad0_0;
    %parti/s 1, 1, 2;
    %flag_set/vec4 8;
    %jmp/0xz  T_94.10, 8;
    %load/vec4 v000001ac2237da50_0;
    %parti/s 4, 4, 4;
    %load/vec4 v000001ac2237ee50_0;
    %pad/u 16;
    %ix/vec4 3;
    %ix/load 4, 4, 0; part off
    %ix/load 5, 0, 0; Constant delay
    %assign/vec4/a/d v000001ac2237dc30, 4, 5;
T_94.10 ;
    %load/vec4 v000001ac2237fad0_0;
    %parti/s 1, 2, 3;
    %flag_set/vec4 8;
    %jmp/0xz  T_94.12, 8;
    %load/vec4 v000001ac2237da50_0;
    %parti/s 4, 8, 5;
    %load/vec4 v000001ac2237ee50_0;
    %pad/u 16;
    %ix/vec4 3;
    %ix/load 4, 8, 0; part off
    %ix/load 5, 0, 0; Constant delay
    %assign/vec4/a/d v000001ac2237dc30, 4, 5;
T_94.12 ;
    %load/vec4 v000001ac2237fad0_0;
    %parti/s 1, 3, 3;
    %flag_set/vec4 8;
    %jmp/0xz  T_94.14, 8;
    %load/vec4 v000001ac2237da50_0;
    %parti/s 4, 12, 5;
    %load/vec4 v000001ac2237ee50_0;
    %pad/u 16;
    %ix/vec4 3;
    %ix/load 4, 12, 0; part off
    %ix/load 5, 0, 0; Constant delay
    %assign/vec4/a/d v000001ac2237dc30, 4, 5;
T_94.14 ;
    %pushi/vec4 65535, 65535, 16;
    %assign/vec4 v000001ac2237dcd0_0, 0;
T_94.7 ;
T_94.4 ;
T_94.3 ;
T_94.1 ;
    %jmp T_94;
    .thread T_94;
    .scope S_000001ac2237a860;
T_95 ;
    %wait E_000001ac222e13e0;
    %load/vec4 v000001ac2237dd70_0;
    %flag_set/vec4 8;
    %jmp/0xz  T_95.0, 8;
    %pushi/vec4 0, 0, 8;
    %assign/vec4 v000001ac2237fa30_0, 0;
    %jmp T_95.1;
T_95.0 ;
    %load/vec4 v000001ac2237fa30_0;
    %load/vec4 v000001ac2237e9f0_0;
    %add;
    %assign/vec4 v000001ac2237fa30_0, 0;
T_95.1 ;
    %jmp T_95;
    .thread T_95;
    .scope S_000001ac2237a860;
T_96 ;
    %wait E_000001ac222e13e0;
    %load/vec4 v000001ac2237fa30_0;
    %parti/s 4, 4, 4;
    %dup/vec4;
    %pushi/vec4 0, 0, 4;
    %cmp/u;
    %jmp/1 T_96.0, 6;
    %dup/vec4;
    %pushi/vec4 1, 0, 4;
    %cmp/u;
    %jmp/1 T_96.1, 6;
    %dup/vec4;
    %pushi/vec4 2, 0, 4;
    %cmp/u;
    %jmp/1 T_96.2, 6;
    %dup/vec4;
    %pushi/vec4 3, 0, 4;
    %cmp/u;
    %jmp/1 T_96.3, 6;
    %dup/vec4;
    %pushi/vec4 4, 0, 4;
    %cmp/u;
    %jmp/1 T_96.4, 6;
    %dup/vec4;
    %pushi/vec4 5, 0, 4;
    %cmp/u;
    %jmp/1 T_96.5, 6;
    %dup/vec4;
    %pushi/vec4 6, 0, 4;
    %cmp/u;
    %jmp/1 T_96.6, 6;
    %dup/vec4;
    %pushi/vec4 7, 0, 4;
    %cmp/u;
    %jmp/1 T_96.7, 6;
    %dup/vec4;
    %pushi/vec4 8, 0, 4;
    %cmp/u;
    %jmp/1 T_96.8, 6;
    %dup/vec4;
    %pushi/vec4 9, 0, 4;
    %cmp/u;
    %jmp/1 T_96.9, 6;
    %dup/vec4;
    %pushi/vec4 10, 0, 4;
    %cmp/u;
    %jmp/1 T_96.10, 6;
    %dup/vec4;
    %pushi/vec4 11, 0, 4;
    %cmp/u;
    %jmp/1 T_96.11, 6;
    %dup/vec4;
    %pushi/vec4 12, 0, 4;
    %cmp/u;
    %jmp/1 T_96.12, 6;
    %dup/vec4;
    %pushi/vec4 13, 0, 4;
    %cmp/u;
    %jmp/1 T_96.13, 6;
    %dup/vec4;
    %pushi/vec4 14, 0, 4;
    %cmp/u;
    %jmp/1 T_96.14, 6;
    %dup/vec4;
    %pushi/vec4 15, 0, 4;
    %cmp/u;
    %jmp/1 T_96.15, 6;
    %pushi/vec4 0, 0, 8;
    %assign/vec4 v000001ac2237fc10_0, 0;
    %jmp T_96.17;
T_96.0 ;
    %pushi/vec4 0, 0, 8;
    %assign/vec4 v000001ac2237fc10_0, 0;
    %jmp T_96.17;
T_96.1 ;
    %pushi/vec4 49, 0, 8;
    %assign/vec4 v000001ac2237fc10_0, 0;
    %jmp T_96.17;
T_96.2 ;
    %pushi/vec4 90, 0, 8;
    %assign/vec4 v000001ac2237fc10_0, 0;
    %jmp T_96.17;
T_96.3 ;
    %pushi/vec4 117, 0, 8;
    %assign/vec4 v000001ac2237fc10_0, 0;
    %jmp T_96.17;
T_96.4 ;
    %pushi/vec4 127, 0, 8;
    %assign/vec4 v000001ac2237fc10_0, 0;
    %jmp T_96.17;
T_96.5 ;
    %pushi/vec4 117, 0, 8;
    %assign/vec4 v000001ac2237fc10_0, 0;
    %jmp T_96.17;
T_96.6 ;
    %pushi/vec4 90, 0, 8;
    %assign/vec4 v000001ac2237fc10_0, 0;
    %jmp T_96.17;
T_96.7 ;
    %pushi/vec4 49, 0, 8;
    %assign/vec4 v000001ac2237fc10_0, 0;
    %jmp T_96.17;
T_96.8 ;
    %pushi/vec4 0, 0, 8;
    %assign/vec4 v000001ac2237fc10_0, 0;
    %jmp T_96.17;
T_96.9 ;
    %pushi/vec4 207, 0, 8;
    %assign/vec4 v000001ac2237fc10_0, 0;
    %jmp T_96.17;
T_96.10 ;
    %pushi/vec4 166, 0, 8;
    %assign/vec4 v000001ac2237fc10_0, 0;
    %jmp T_96.17;
T_96.11 ;
    %pushi/vec4 139, 0, 8;
    %assign/vec4 v000001ac2237fc10_0, 0;
    %jmp T_96.17;
T_96.12 ;
    %pushi/vec4 129, 0, 8;
    %assign/vec4 v000001ac2237fc10_0, 0;
    %jmp T_96.17;
T_96.13 ;
    %pushi/vec4 139, 0, 8;
    %assign/vec4 v000001ac2237fc10_0, 0;
    %jmp T_96.17;
T_96.14 ;
    %pushi/vec4 166, 0, 8;
    %assign/vec4 v000001ac2237fc10_0, 0;
    %jmp T_96.17;
T_96.15 ;
    %pushi/vec4 207, 0, 8;
    %assign/vec4 v000001ac2237fc10_0, 0;
    %jmp T_96.17;
T_96.17 ;
    %pop/vec4 1;
    %jmp T_96;
    .thread T_96;
    .scope S_000001ac222fb2c0;
T_97 ;
    %pushi/vec4 0, 0, 1;
    %store/vec4 v000001ac2237de10_0, 0, 1;
T_97.0 ;
    %delay 5000, 0;
    %load/vec4 v000001ac2237de10_0;
    %inv;
    %store/vec4 v000001ac2237de10_0, 0, 1;
    %jmp T_97.0;
T_97.1 ;
    %end;
    .thread T_97;
    .scope S_000001ac222fb2c0;
T_98 ;
    %vpi_call/w 4 8 "$dumpvars", 32'sb00000000000000000000000000000000, S_000001ac222fb2c0 {0 0 0};
    %pushi/vec4 1, 0, 1;
    %store/vec4 v000001ac2237db90_0, 0, 1;
    %pushi/vec4 16, 0, 8;
    %store/vec4 v000001ac2237f850_0, 0, 8;
    %delay 10000, 0;
    %pushi/vec4 0, 0, 1;
    %store/vec4 v000001ac2237db90_0, 0, 1;
    %delay 200000, 0;
    %vpi_call/w 4 11 "$finish" {0 0 0};
    %end;
    .thread T_98;
    .scope S_000001ac22379d70;
T_99 ;
    %wait E_000001ac222e1de0;
    %load/vec4 v000001ac2237e3b0_0;
    %flag_set/vec4 8;
    %jmp/0xz  T_99.0, 8;
    %pushi/vec4 0, 0, 8;
    %assign/vec4 v000001ac2237f490_0, 0;
    %jmp T_99.1;
T_99.0 ;
    %load/vec4 v000001ac2237f490_0;
    %load/vec4 v000001ac2237dff0_0;
    %add;
    %assign/vec4 v000001ac2237f490_0, 0;
T_99.1 ;
    %jmp T_99;
    .thread T_99;
    .scope S_000001ac22379d70;
T_100 ;
    %wait E_000001ac222e1de0;
    %load/vec4 v000001ac2237f490_0;
    %parti/s 4, 4, 4;
    %dup/vec4;
    %pushi/vec4 0, 0, 4;
    %cmp/u;
    %jmp/1 T_100.0, 6;
    %dup/vec4;
    %pushi/vec4 1, 0, 4;
    %cmp/u;
    %jmp/1 T_100.1, 6;
    %dup/vec4;
    %pushi/vec4 2, 0, 4;
    %cmp/u;
    %jmp/1 T_100.2, 6;
    %dup/vec4;
    %pushi/vec4 3, 0, 4;
    %cmp/u;
    %jmp/1 T_100.3, 6;
    %dup/vec4;
    %pushi/vec4 4, 0, 4;
    %cmp/u;
    %jmp/1 T_100.4, 6;
    %dup/vec4;
    %pushi/vec4 5, 0, 4;
    %cmp/u;
    %jmp/1 T_100.5, 6;
    %dup/vec4;
    %pushi/vec4 6, 0, 4;
    %cmp/u;
    %jmp/1 T_100.6, 6;
    %dup/vec4;
    %pushi/vec4 7, 0, 4;
    %cmp/u;
    %jmp/1 T_100.7, 6;
    %dup/vec4;
    %pushi/vec4 8, 0, 4;
    %cmp/u;
    %jmp/1 T_100.8, 6;
    %dup/vec4;
    %pushi/vec4 9, 0, 4;
    %cmp/u;
    %jmp/1 T_100.9, 6;
    %dup/vec4;
    %pushi/vec4 10, 0, 4;
    %cmp/u;
    %jmp/1 T_100.10, 6;
    %dup/vec4;
    %pushi/vec4 11, 0, 4;
    %cmp/u;
    %jmp/1 T_100.11, 6;
    %dup/vec4;
    %pushi/vec4 12, 0, 4;
    %cmp/u;
    %jmp/1 T_100.12, 6;
    %dup/vec4;
    %pushi/vec4 13, 0, 4;
    %cmp/u;
    %jmp/1 T_100.13, 6;
    %dup/vec4;
    %pushi/vec4 14, 0, 4;
    %cmp/u;
    %jmp/1 T_100.14, 6;
    %dup/vec4;
    %pushi/vec4 15, 0, 4;
    %cmp/u;
    %jmp/1 T_100.15, 6;
    %pushi/vec4 0, 0, 8;
    %assign/vec4 v000001ac2237fdf0_0, 0;
    %jmp T_100.17;
T_100.0 ;
    %pushi/vec4 0, 0, 8;
    %assign/vec4 v000001ac2237fdf0_0, 0;
    %jmp T_100.17;
T_100.1 ;
    %pushi/vec4 49, 0, 8;
    %assign/vec4 v000001ac2237fdf0_0, 0;
    %jmp T_100.17;
T_100.2 ;
    %pushi/vec4 90, 0, 8;
    %assign/vec4 v000001ac2237fdf0_0, 0;
    %jmp T_100.17;
T_100.3 ;
    %pushi/vec4 117, 0, 8;
    %assign/vec4 v000001ac2237fdf0_0, 0;
    %jmp T_100.17;
T_100.4 ;
    %pushi/vec4 127, 0, 8;
    %assign/vec4 v000001ac2237fdf0_0, 0;
    %jmp T_100.17;
T_100.5 ;
    %pushi/vec4 117, 0, 8;
    %assign/vec4 v000001ac2237fdf0_0, 0;
    %jmp T_100.17;
T_100.6 ;
    %pushi/vec4 90, 0, 8;
    %assign/vec4 v000001ac2237fdf0_0, 0;
    %jmp T_100.17;
T_100.7 ;
    %pushi/vec4 49, 0, 8;
    %assign/vec4 v000001ac2237fdf0_0, 0;
    %jmp T_100.17;
T_100.8 ;
    %pushi/vec4 0, 0, 8;
    %assign/vec4 v000001ac2237fdf0_0, 0;
    %jmp T_100.17;
T_100.9 ;
    %pushi/vec4 207, 0, 8;
    %assign/vec4 v000001ac2237fdf0_0, 0;
    %jmp T_100.17;
T_100.10 ;
    %pushi/vec4 166, 0, 8;
    %assign/vec4 v000001ac2237fdf0_0, 0;
    %jmp T_100.17;
T_100.11 ;
    %pushi/vec4 139, 0, 8;
    %assign/vec4 v000001ac2237fdf0_0, 0;
    %jmp T_100.17;
T_100.12 ;
    %pushi/vec4 129, 0, 8;
    %assign/vec4 v000001ac2237fdf0_0, 0;
    %jmp T_100.17;
T_100.13 ;
    %pushi/vec4 139, 0, 8;
    %assign/vec4 v000001ac2237fdf0_0, 0;
    %jmp T_100.17;
T_100.14 ;
    %pushi/vec4 166, 0, 8;
    %assign/vec4 v000001ac2237fdf0_0, 0;
    %jmp T_100.17;
T_100.15 ;
    %pushi/vec4 207, 0, 8;
    %assign/vec4 v000001ac2237fdf0_0, 0;
    %jmp T_100.17;
T_100.17 ;
    %pop/vec4 1;
    %jmp T_100;
    .thread T_100;
# The file index is used to find the file name in the following table.
:file_names 7;
    "N/A";
    "<interactive>";
    "-";
    "C:\Users\beade\.apio\packages\oss-cad-suite\share\yosys\ice40\cells_sim.v";
    "ex12_tb.v";
    "ex12_sine_lut.v";
    "ex12_top.v";
