#! 
:ivl_version "14.0 (devel)" "(s20251012-140-gf5a178d47-dirty)";
:ivl_delay_selection "TYPICAL";
:vpi_time_precision - 12;
:vpi_module "C:\Users\beade\APIO~1\packages\OSS-CA~1\lib\ivl\system.vpi";
:vpi_module "C:\Users\beade\APIO~1\packages\OSS-CA~1\lib\ivl\vhdl_sys.vpi";
:vpi_module "C:\Users\beade\APIO~1\packages\OSS-CA~1\lib\ivl\vhdl_textio.vpi";
:vpi_module "C:\Users\beade\APIO~1\packages\OSS-CA~1\lib\ivl\v2005_math.vpi";
:vpi_module "C:\Users\beade\APIO~1\packages\OSS-CA~1\lib\ivl\va_math.vpi";
:vpi_module "C:\Users\beade\APIO~1\packages\OSS-CA~1\lib\ivl\v2009.vpi";
S_00000212fa621690 .scope package, "$unit" "$unit" 2 1;
 .timescale 0 0;
S_00000212fa61b220 .scope module, "ICESTORM_LC" "ICESTORM_LC" 3 2136;
 .timescale -12 -12;
    .port_info 0 /INPUT 1 "I0";
    .port_info 1 /INPUT 1 "I1";
    .port_info 2 /INPUT 1 "I2";
    .port_info 3 /INPUT 1 "I3";
    .port_info 4 /INPUT 1 "CIN";
    .port_info 5 /INPUT 1 "CLK";
    .port_info 6 /INPUT 1 "CEN";
    .port_info 7 /INPUT 1 "SR";
    .port_info 8 /OUTPUT 1 "LO";
    .port_info 9 /OUTPUT 1 "O";
    .port_info 10 /OUTPUT 1 "COUT";
P_00000212fa4f6fd0 .param/l "ASYNC_SR" 0 3 2148, C4<0>;
P_00000212fa4f7008 .param/l "CARRY_ENABLE" 0 3 2145, C4<0>;
P_00000212fa4f7040 .param/l "CIN_CONST" 0 3 2150, C4<0>;
P_00000212fa4f7078 .param/l "CIN_SET" 0 3 2151, C4<0>;
P_00000212fa4f70b0 .param/l "DFF_ENABLE" 0 3 2146, C4<0>;
P_00000212fa4f70e8 .param/l "LUT_INIT" 0 3 2142, C4<0000000000000000>;
P_00000212fa4f7120 .param/l "NEG_CLK" 0 3 2144, C4<0>;
P_00000212fa4f7158 .param/l "SET_NORESET" 0 3 2147, C4<0>;
o00000212fa8000e8 .functor BUFZ 1, c4<z>; HiZ drive
L_00000212fa8ba980 .functor BUFZ 1, o00000212fa8000e8, C4<0>, C4<0>, C4<0>;
L_00000212fa8bac20 .functor BUFZ 1, L_00000212fa870c20, C4<0>, C4<0>, C4<0>;
o00000212fa800118 .functor BUFZ 1, c4<z>; HiZ drive
L_00000212fa872130 .functor BUFT 1, C4<0>, C4<0>, C4<0>, C4<0>;
L_00000212fa8bb710 .functor XOR 1, o00000212fa800118, L_00000212fa872130, C4<0>, C4<0>;
L_00000212fa8bb780 .functor BUFZ 1, L_00000212fa870c20, C4<0>, C4<0>, C4<0>;
o00000212fa800088 .functor BUFZ 1, c4<z>; HiZ drive
v00000212fa7a2c00_0 .net "CEN", 0 0, o00000212fa800088;  0 drivers
v00000212fa7a2d40_0 .net "CEN_pu", 0 0, L_00000212fa871080;  1 drivers
v00000212fa7a32e0_0 .net "CIN", 0 0, o00000212fa8000e8;  0 drivers
v00000212fa7a2de0_0 .net "CLK", 0 0, o00000212fa800118;  0 drivers
L_00000212fa872058 .functor BUFT 1, C4<x>, C4<0>, C4<0>, C4<0>;
v00000212fa7a2e80_0 .net "COUT", 0 0, L_00000212fa872058;  1 drivers
o00000212fa800178 .functor BUFZ 1, c4<z>; HiZ drive
v00000212fa7a3380_0 .net "I0", 0 0, o00000212fa800178;  0 drivers
v00000212fa7a2f20_0 .net "I0_pd", 0 0, L_00000212fa870040;  1 drivers
o00000212fa8001d8 .functor BUFZ 1, c4<z>; HiZ drive
v00000212fa7a31a0_0 .net "I1", 0 0, o00000212fa8001d8;  0 drivers
v00000212fa7a3420_0 .net "I1_pd", 0 0, L_00000212fa86f000;  1 drivers
o00000212fa800238 .functor BUFZ 1, c4<z>; HiZ drive
v00000212fa7a36a0_0 .net "I2", 0 0, o00000212fa800238;  0 drivers
v00000212fa77fb20_0 .net "I2_pd", 0 0, L_00000212fa870fe0;  1 drivers
o00000212fa800298 .functor BUFZ 1, c4<z>; HiZ drive
v00000212fa77f260_0 .net "I3", 0 0, o00000212fa800298;  0 drivers
v00000212fa7802a0_0 .net "I3_pd", 0 0, L_00000212fa86f6e0;  1 drivers
v00000212fa77e7c0_0 .net "LO", 0 0, L_00000212fa8bac20;  1 drivers
v00000212fa77e860_0 .net "O", 0 0, L_00000212fa8bb780;  1 drivers
o00000212fa800358 .functor BUFZ 1, c4<z>; HiZ drive
v00000212fa77eae0_0 .net "SR", 0 0, o00000212fa800358;  0 drivers
v00000212fa77f580_0 .net "SR_pd", 0 0, L_00000212fa86f140;  1 drivers
o00000212fa8003b8 .functor BUFZ 1, c4<z>; HiZ drive
; Elide local net with no drivers, v00000212fa77eb80_0 name=_ivl_0
v00000212fa75d690_0 .net *"_ivl_10", 0 0, L_00000212fa86f5a0;  1 drivers
L_00000212fa871ef0 .functor BUFT 1, C4<0>, C4<0>, C4<0>, C4<0>;
v00000212fa75d0f0_0 .net/2u *"_ivl_12", 0 0, L_00000212fa871ef0;  1 drivers
o00000212fa800448 .functor BUFZ 1, c4<z>; HiZ drive
; Elide local net with no drivers, v00000212fa75d190_0 name=_ivl_16
v00000212fa75de10_0 .net *"_ivl_18", 0 0, L_00000212fa86f640;  1 drivers
v00000212fa75df50_0 .net *"_ivl_2", 0 0, L_00000212fa86fa00;  1 drivers
L_00000212fa871f38 .functor BUFT 1, C4<0>, C4<0>, C4<0>, C4<0>;
v00000212fa75e090_0 .net/2u *"_ivl_20", 0 0, L_00000212fa871f38;  1 drivers
o00000212fa800508 .functor BUFZ 1, c4<z>; HiZ drive
; Elide local net with no drivers, v00000212fa7391e0_0 name=_ivl_24
v00000212fa7f97f0_0 .net *"_ivl_26", 0 0, L_00000212fa8704a0;  1 drivers
L_00000212fa871f80 .functor BUFT 1, C4<0>, C4<0>, C4<0>, C4<0>;
v00000212fa7f8ad0_0 .net/2u *"_ivl_28", 0 0, L_00000212fa871f80;  1 drivers
o00000212fa800598 .functor BUFZ 1, c4<z>; HiZ drive
; Elide local net with no drivers, v00000212fa7f88f0_0 name=_ivl_32
v00000212fa7f9890_0 .net *"_ivl_34", 0 0, L_00000212fa86fdc0;  1 drivers
L_00000212fa871fc8 .functor BUFT 1, C4<0>, C4<0>, C4<0>, C4<0>;
v00000212fa7f8b70_0 .net/2u *"_ivl_36", 0 0, L_00000212fa871fc8;  1 drivers
L_00000212fa871ea8 .functor BUFT 1, C4<0>, C4<0>, C4<0>, C4<0>;
v00000212fa7f8850_0 .net/2u *"_ivl_4", 0 0, L_00000212fa871ea8;  1 drivers
o00000212fa800658 .functor BUFZ 1, c4<z>; HiZ drive
; Elide local net with no drivers, v00000212fa7f9bb0_0 name=_ivl_40
v00000212fa7f8cb0_0 .net *"_ivl_42", 0 0, L_00000212fa86faa0;  1 drivers
L_00000212fa872010 .functor BUFT 1, C4<1>, C4<0>, C4<0>, C4<0>;
v00000212fa7f8710_0 .net/2u *"_ivl_44", 0 0, L_00000212fa872010;  1 drivers
L_00000212fa8720a0 .functor BUFT 1, C4<00000000>, C4<0>, C4<0>, C4<0>;
v00000212fa7f8c10_0 .net/2u *"_ivl_52", 7 0, L_00000212fa8720a0;  1 drivers
L_00000212fa8720e8 .functor BUFT 1, C4<00000000>, C4<0>, C4<0>, C4<0>;
v00000212fa7f92f0_0 .net/2u *"_ivl_54", 7 0, L_00000212fa8720e8;  1 drivers
v00000212fa7f87b0_0 .net *"_ivl_59", 3 0, L_00000212fa86f280;  1 drivers
v00000212fa7f8d50_0 .net *"_ivl_61", 3 0, L_00000212fa86ee20;  1 drivers
v00000212fa7f9070_0 .net *"_ivl_65", 1 0, L_00000212fa86f780;  1 drivers
v00000212fa7f8df0_0 .net *"_ivl_67", 1 0, L_00000212fa870b80;  1 drivers
v00000212fa7f8670_0 .net *"_ivl_71", 0 0, L_00000212fa86fe60;  1 drivers
v00000212fa7f9110_0 .net *"_ivl_73", 0 0, L_00000212fa870900;  1 drivers
v00000212fa7f9a70_0 .net/2u *"_ivl_78", 0 0, L_00000212fa872130;  1 drivers
o00000212fa800898 .functor BUFZ 1, c4<z>; HiZ drive
; Elide local net with no drivers, v00000212fa7f8030_0 name=_ivl_8
v00000212fa7f8990_0 .net "lut_o", 0 0, L_00000212fa870c20;  1 drivers
v00000212fa7f8e90_0 .net "lut_s1", 1 0, L_00000212fa870ae0;  1 drivers
v00000212fa7f82b0_0 .net "lut_s2", 3 0, L_00000212fa870860;  1 drivers
v00000212fa7f9c50_0 .net "lut_s3", 7 0, L_00000212fa86f1e0;  1 drivers
v00000212fa7f91b0_0 .net "mux_cin", 0 0, L_00000212fa8ba980;  1 drivers
v00000212fa7f8170_0 .var "o_reg", 0 0;
v00000212fa7f9390_0 .var "o_reg_async", 0 0;
v00000212fa7f83f0_0 .net "polarized_clk", 0 0, L_00000212fa8bb710;  1 drivers
E_00000212fa7d05a0 .event posedge, v00000212fa77f580_0, v00000212fa7f83f0_0;
E_00000212fa7cfba0 .event posedge, v00000212fa7f83f0_0;
L_00000212fa86fa00 .cmp/eeq 1, o00000212fa800178, o00000212fa8003b8;
L_00000212fa870040 .functor MUXZ 1, o00000212fa800178, L_00000212fa871ea8, L_00000212fa86fa00, C4<>;
L_00000212fa86f5a0 .cmp/eeq 1, o00000212fa8001d8, o00000212fa800898;
L_00000212fa86f000 .functor MUXZ 1, o00000212fa8001d8, L_00000212fa871ef0, L_00000212fa86f5a0, C4<>;
L_00000212fa86f640 .cmp/eeq 1, o00000212fa800238, o00000212fa800448;
L_00000212fa870fe0 .functor MUXZ 1, o00000212fa800238, L_00000212fa871f38, L_00000212fa86f640, C4<>;
L_00000212fa8704a0 .cmp/eeq 1, o00000212fa800298, o00000212fa800508;
L_00000212fa86f6e0 .functor MUXZ 1, o00000212fa800298, L_00000212fa871f80, L_00000212fa8704a0, C4<>;
L_00000212fa86fdc0 .cmp/eeq 1, o00000212fa800358, o00000212fa800598;
L_00000212fa86f140 .functor MUXZ 1, o00000212fa800358, L_00000212fa871fc8, L_00000212fa86fdc0, C4<>;
L_00000212fa86faa0 .cmp/eeq 1, o00000212fa800088, o00000212fa800658;
L_00000212fa871080 .functor MUXZ 1, o00000212fa800088, L_00000212fa872010, L_00000212fa86faa0, C4<>;
L_00000212fa86f1e0 .functor MUXZ 8, L_00000212fa8720e8, L_00000212fa8720a0, L_00000212fa86f6e0, C4<>;
L_00000212fa86f280 .part L_00000212fa86f1e0, 4, 4;
L_00000212fa86ee20 .part L_00000212fa86f1e0, 0, 4;
L_00000212fa870860 .functor MUXZ 4, L_00000212fa86ee20, L_00000212fa86f280, L_00000212fa870fe0, C4<>;
L_00000212fa86f780 .part L_00000212fa870860, 2, 2;
L_00000212fa870b80 .part L_00000212fa870860, 0, 2;
L_00000212fa870ae0 .functor MUXZ 2, L_00000212fa870b80, L_00000212fa86f780, L_00000212fa86f000, C4<>;
L_00000212fa86fe60 .part L_00000212fa870ae0, 1, 1;
L_00000212fa870900 .part L_00000212fa870ae0, 0, 1;
L_00000212fa870c20 .functor MUXZ 1, L_00000212fa870900, L_00000212fa86fe60, L_00000212fa870040, C4<>;
S_00000212fa55b5a0 .scope module, "ICESTORM_RAM" "ICESTORM_RAM" 3 3167;
 .timescale -12 -12;
    .port_info 0 /OUTPUT 1 "RDATA_15";
    .port_info 1 /OUTPUT 1 "RDATA_14";
    .port_info 2 /OUTPUT 1 "RDATA_13";
    .port_info 3 /OUTPUT 1 "RDATA_12";
    .port_info 4 /OUTPUT 1 "RDATA_11";
    .port_info 5 /OUTPUT 1 "RDATA_10";
    .port_info 6 /OUTPUT 1 "RDATA_9";
    .port_info 7 /OUTPUT 1 "RDATA_8";
    .port_info 8 /OUTPUT 1 "RDATA_7";
    .port_info 9 /OUTPUT 1 "RDATA_6";
    .port_info 10 /OUTPUT 1 "RDATA_5";
    .port_info 11 /OUTPUT 1 "RDATA_4";
    .port_info 12 /OUTPUT 1 "RDATA_3";
    .port_info 13 /OUTPUT 1 "RDATA_2";
    .port_info 14 /OUTPUT 1 "RDATA_1";
    .port_info 15 /OUTPUT 1 "RDATA_0";
    .port_info 16 /INPUT 1 "RCLK";
    .port_info 17 /INPUT 1 "RCLKE";
    .port_info 18 /INPUT 1 "RE";
    .port_info 19 /INPUT 1 "RADDR_10";
    .port_info 20 /INPUT 1 "RADDR_9";
    .port_info 21 /INPUT 1 "RADDR_8";
    .port_info 22 /INPUT 1 "RADDR_7";
    .port_info 23 /INPUT 1 "RADDR_6";
    .port_info 24 /INPUT 1 "RADDR_5";
    .port_info 25 /INPUT 1 "RADDR_4";
    .port_info 26 /INPUT 1 "RADDR_3";
    .port_info 27 /INPUT 1 "RADDR_2";
    .port_info 28 /INPUT 1 "RADDR_1";
    .port_info 29 /INPUT 1 "RADDR_0";
    .port_info 30 /INPUT 1 "WCLK";
    .port_info 31 /INPUT 1 "WCLKE";
    .port_info 32 /INPUT 1 "WE";
    .port_info 33 /INPUT 1 "WADDR_10";
    .port_info 34 /INPUT 1 "WADDR_9";
    .port_info 35 /INPUT 1 "WADDR_8";
    .port_info 36 /INPUT 1 "WADDR_7";
    .port_info 37 /INPUT 1 "WADDR_6";
    .port_info 38 /INPUT 1 "WADDR_5";
    .port_info 39 /INPUT 1 "WADDR_4";
    .port_info 40 /INPUT 1 "WADDR_3";
    .port_info 41 /INPUT 1 "WADDR_2";
    .port_info 42 /INPUT 1 "WADDR_1";
    .port_info 43 /INPUT 1 "WADDR_0";
    .port_info 44 /INPUT 1 "MASK_15";
    .port_info 45 /INPUT 1 "MASK_14";
    .port_info 46 /INPUT 1 "MASK_13";
    .port_info 47 /INPUT 1 "MASK_12";
    .port_info 48 /INPUT 1 "MASK_11";
    .port_info 49 /INPUT 1 "MASK_10";
    .port_info 50 /INPUT 1 "MASK_9";
    .port_info 51 /INPUT 1 "MASK_8";
    .port_info 52 /INPUT 1 "MASK_7";
    .port_info 53 /INPUT 1 "MASK_6";
    .port_info 54 /INPUT 1 "MASK_5";
    .port_info 55 /INPUT 1 "MASK_4";
    .port_info 56 /INPUT 1 "MASK_3";
    .port_info 57 /INPUT 1 "MASK_2";
    .port_info 58 /INPUT 1 "MASK_1";
    .port_info 59 /INPUT 1 "MASK_0";
    .port_info 60 /INPUT 1 "WDATA_15";
    .port_info 61 /INPUT 1 "WDATA_14";
    .port_info 62 /INPUT 1 "WDATA_13";
    .port_info 63 /INPUT 1 "WDATA_12";
    .port_info 64 /INPUT 1 "WDATA_11";
    .port_info 65 /INPUT 1 "WDATA_10";
    .port_info 66 /INPUT 1 "WDATA_9";
    .port_info 67 /INPUT 1 "WDATA_8";
    .port_info 68 /INPUT 1 "WDATA_7";
    .port_info 69 /INPUT 1 "WDATA_6";
    .port_info 70 /INPUT 1 "WDATA_5";
    .port_info 71 /INPUT 1 "WDATA_4";
    .port_info 72 /INPUT 1 "WDATA_3";
    .port_info 73 /INPUT 1 "WDATA_2";
    .port_info 74 /INPUT 1 "WDATA_1";
    .port_info 75 /INPUT 1 "WDATA_0";
P_00000212fa556010 .param/l "INIT_0" 0 3 3182, C4<0000000000000000000000000000000000000000000000000000000000000000000000000000000000000000000000000000000000000000000000000000000000000000000000000000000000000000000000000000000000000000000000000000000000000000000000000000000000000000000000000000000000000000>;
P_00000212fa556048 .param/l "INIT_1" 0 3 3183, C4<0000000000000000000000000000000000000000000000000000000000000000000000000000000000000000000000000000000000000000000000000000000000000000000000000000000000000000000000000000000000000000000000000000000000000000000000000000000000000000000000000000000000000000>;
P_00000212fa556080 .param/l "INIT_2" 0 3 3184, C4<0000000000000000000000000000000000000000000000000000000000000000000000000000000000000000000000000000000000000000000000000000000000000000000000000000000000000000000000000000000000000000000000000000000000000000000000000000000000000000000000000000000000000000>;
P_00000212fa5560b8 .param/l "INIT_3" 0 3 3185, C4<0000000000000000000000000000000000000000000000000000000000000000000000000000000000000000000000000000000000000000000000000000000000000000000000000000000000000000000000000000000000000000000000000000000000000000000000000000000000000000000000000000000000000000>;
P_00000212fa5560f0 .param/l "INIT_4" 0 3 3186, C4<0000000000000000000000000000000000000000000000000000000000000000000000000000000000000000000000000000000000000000000000000000000000000000000000000000000000000000000000000000000000000000000000000000000000000000000000000000000000000000000000000000000000000000>;
P_00000212fa556128 .param/l "INIT_5" 0 3 3187, C4<0000000000000000000000000000000000000000000000000000000000000000000000000000000000000000000000000000000000000000000000000000000000000000000000000000000000000000000000000000000000000000000000000000000000000000000000000000000000000000000000000000000000000000>;
P_00000212fa556160 .param/l "INIT_6" 0 3 3188, C4<0000000000000000000000000000000000000000000000000000000000000000000000000000000000000000000000000000000000000000000000000000000000000000000000000000000000000000000000000000000000000000000000000000000000000000000000000000000000000000000000000000000000000000>;
P_00000212fa556198 .param/l "INIT_7" 0 3 3189, C4<0000000000000000000000000000000000000000000000000000000000000000000000000000000000000000000000000000000000000000000000000000000000000000000000000000000000000000000000000000000000000000000000000000000000000000000000000000000000000000000000000000000000000000>;
P_00000212fa5561d0 .param/l "INIT_8" 0 3 3190, C4<0000000000000000000000000000000000000000000000000000000000000000000000000000000000000000000000000000000000000000000000000000000000000000000000000000000000000000000000000000000000000000000000000000000000000000000000000000000000000000000000000000000000000000>;
P_00000212fa556208 .param/l "INIT_9" 0 3 3191, C4<0000000000000000000000000000000000000000000000000000000000000000000000000000000000000000000000000000000000000000000000000000000000000000000000000000000000000000000000000000000000000000000000000000000000000000000000000000000000000000000000000000000000000000>;
P_00000212fa556240 .param/l "INIT_A" 0 3 3192, C4<0000000000000000000000000000000000000000000000000000000000000000000000000000000000000000000000000000000000000000000000000000000000000000000000000000000000000000000000000000000000000000000000000000000000000000000000000000000000000000000000000000000000000000>;
P_00000212fa556278 .param/l "INIT_B" 0 3 3193, C4<0000000000000000000000000000000000000000000000000000000000000000000000000000000000000000000000000000000000000000000000000000000000000000000000000000000000000000000000000000000000000000000000000000000000000000000000000000000000000000000000000000000000000000>;
P_00000212fa5562b0 .param/l "INIT_C" 0 3 3194, C4<0000000000000000000000000000000000000000000000000000000000000000000000000000000000000000000000000000000000000000000000000000000000000000000000000000000000000000000000000000000000000000000000000000000000000000000000000000000000000000000000000000000000000000>;
P_00000212fa5562e8 .param/l "INIT_D" 0 3 3195, C4<0000000000000000000000000000000000000000000000000000000000000000000000000000000000000000000000000000000000000000000000000000000000000000000000000000000000000000000000000000000000000000000000000000000000000000000000000000000000000000000000000000000000000000>;
P_00000212fa556320 .param/l "INIT_E" 0 3 3196, C4<0000000000000000000000000000000000000000000000000000000000000000000000000000000000000000000000000000000000000000000000000000000000000000000000000000000000000000000000000000000000000000000000000000000000000000000000000000000000000000000000000000000000000000>;
P_00000212fa556358 .param/l "INIT_F" 0 3 3197, C4<0000000000000000000000000000000000000000000000000000000000000000000000000000000000000000000000000000000000000000000000000000000000000000000000000000000000000000000000000000000000000000000000000000000000000000000000000000000000000000000000000000000000000000>;
P_00000212fa556390 .param/l "NEG_CLK_R" 0 3 3179, C4<0>;
P_00000212fa5563c8 .param/l "NEG_CLK_W" 0 3 3180, C4<0>;
P_00000212fa556400 .param/l "READ_MODE" 0 3 3177, +C4<00000000000000000000000000000000>;
P_00000212fa556438 .param/l "WRITE_MODE" 0 3 3176, +C4<00000000000000000000000000000000>;
L_00000212fa8721c0 .functor BUFT 1, C4<0>, C4<0>, C4<0>, C4<0>;
L_00000212fa8bb8d0 .functor XOR 1, L_00000212fa870220, L_00000212fa8721c0, C4<0>, C4<0>;
L_00000212fa872208 .functor BUFT 1, C4<0>, C4<0>, C4<0>, C4<0>;
L_00000212fa8bb550 .functor XOR 1, L_00000212fa8711c0, L_00000212fa872208, C4<0>, C4<0>;
o00000212fa801228 .functor BUFZ 1, c4<z>; HiZ drive
v00000212fa7f8530_0 .net "MASK_0", 0 0, o00000212fa801228;  0 drivers
o00000212fa801258 .functor BUFZ 1, c4<z>; HiZ drive
v00000212fa7f85d0_0 .net "MASK_1", 0 0, o00000212fa801258;  0 drivers
o00000212fa801288 .functor BUFZ 1, c4<z>; HiZ drive
v00000212fa7fb580_0 .net "MASK_10", 0 0, o00000212fa801288;  0 drivers
o00000212fa8012b8 .functor BUFZ 1, c4<z>; HiZ drive
v00000212fa7fa9a0_0 .net "MASK_11", 0 0, o00000212fa8012b8;  0 drivers
o00000212fa8012e8 .functor BUFZ 1, c4<z>; HiZ drive
v00000212fa7faae0_0 .net "MASK_12", 0 0, o00000212fa8012e8;  0 drivers
o00000212fa801318 .functor BUFZ 1, c4<z>; HiZ drive
v00000212fa7fab80_0 .net "MASK_13", 0 0, o00000212fa801318;  0 drivers
o00000212fa801348 .functor BUFZ 1, c4<z>; HiZ drive
v00000212fa7fac20_0 .net "MASK_14", 0 0, o00000212fa801348;  0 drivers
o00000212fa801378 .functor BUFZ 1, c4<z>; HiZ drive
v00000212fa7fb620_0 .net "MASK_15", 0 0, o00000212fa801378;  0 drivers
o00000212fa8013a8 .functor BUFZ 1, c4<z>; HiZ drive
v00000212fa7fa900_0 .net "MASK_2", 0 0, o00000212fa8013a8;  0 drivers
o00000212fa8013d8 .functor BUFZ 1, c4<z>; HiZ drive
v00000212fa7fa0e0_0 .net "MASK_3", 0 0, o00000212fa8013d8;  0 drivers
o00000212fa801408 .functor BUFZ 1, c4<z>; HiZ drive
v00000212fa7fae00_0 .net "MASK_4", 0 0, o00000212fa801408;  0 drivers
o00000212fa801438 .functor BUFZ 1, c4<z>; HiZ drive
v00000212fa7fb8a0_0 .net "MASK_5", 0 0, o00000212fa801438;  0 drivers
o00000212fa801468 .functor BUFZ 1, c4<z>; HiZ drive
v00000212fa7facc0_0 .net "MASK_6", 0 0, o00000212fa801468;  0 drivers
o00000212fa801498 .functor BUFZ 1, c4<z>; HiZ drive
v00000212fa7fbc60_0 .net "MASK_7", 0 0, o00000212fa801498;  0 drivers
o00000212fa8014c8 .functor BUFZ 1, c4<z>; HiZ drive
v00000212fa7fbd00_0 .net "MASK_8", 0 0, o00000212fa8014c8;  0 drivers
o00000212fa8014f8 .functor BUFZ 1, c4<z>; HiZ drive
v00000212fa7fbbc0_0 .net "MASK_9", 0 0, o00000212fa8014f8;  0 drivers
o00000212fa801528 .functor BUFZ 1, c4<z>; HiZ drive
v00000212fa7fb800_0 .net "RADDR_0", 0 0, o00000212fa801528;  0 drivers
o00000212fa801558 .functor BUFZ 1, c4<z>; HiZ drive
v00000212fa7fa360_0 .net "RADDR_1", 0 0, o00000212fa801558;  0 drivers
o00000212fa801588 .functor BUFZ 1, c4<z>; HiZ drive
v00000212fa7fafe0_0 .net "RADDR_10", 0 0, o00000212fa801588;  0 drivers
o00000212fa8015b8 .functor BUFZ 1, c4<z>; HiZ drive
v00000212fa7fa180_0 .net "RADDR_2", 0 0, o00000212fa8015b8;  0 drivers
o00000212fa8015e8 .functor BUFZ 1, c4<z>; HiZ drive
v00000212fa7fb1c0_0 .net "RADDR_3", 0 0, o00000212fa8015e8;  0 drivers
o00000212fa801618 .functor BUFZ 1, c4<z>; HiZ drive
v00000212fa7fb120_0 .net "RADDR_4", 0 0, o00000212fa801618;  0 drivers
o00000212fa801648 .functor BUFZ 1, c4<z>; HiZ drive
v00000212fa7fa220_0 .net "RADDR_5", 0 0, o00000212fa801648;  0 drivers
o00000212fa801678 .functor BUFZ 1, c4<z>; HiZ drive
v00000212fa7faea0_0 .net "RADDR_6", 0 0, o00000212fa801678;  0 drivers
o00000212fa8016a8 .functor BUFZ 1, c4<z>; HiZ drive
v00000212fa7fa400_0 .net "RADDR_7", 0 0, o00000212fa8016a8;  0 drivers
o00000212fa8016d8 .functor BUFZ 1, c4<z>; HiZ drive
v00000212fa7fbda0_0 .net "RADDR_8", 0 0, o00000212fa8016d8;  0 drivers
o00000212fa801708 .functor BUFZ 1, c4<z>; HiZ drive
v00000212fa7fa040_0 .net "RADDR_9", 0 0, o00000212fa801708;  0 drivers
o00000212fa801738 .functor BUFZ 1, c4<z>; HiZ drive
v00000212fa7f9fa0_0 .net "RCLK", 0 0, o00000212fa801738;  0 drivers
o00000212fa801768 .functor BUFZ 1, c4<z>; HiZ drive
v00000212fa7fb6c0_0 .net "RCLKE", 0 0, o00000212fa801768;  0 drivers
v00000212fa7fa680_0 .net "RDATA_0", 0 0, L_00000212fa870a40;  1 drivers
v00000212fa7fa860_0 .net "RDATA_1", 0 0, L_00000212fa86fbe0;  1 drivers
v00000212fa7fa2c0_0 .net "RDATA_10", 0 0, L_00000212fa8702c0;  1 drivers
v00000212fa7fb080_0 .net "RDATA_11", 0 0, L_00000212fa86f3c0;  1 drivers
v00000212fa7fa5e0_0 .net "RDATA_12", 0 0, L_00000212fa8713a0;  1 drivers
v00000212fa7fbe40_0 .net "RDATA_13", 0 0, L_00000212fa86f820;  1 drivers
v00000212fa7fa4a0_0 .net "RDATA_14", 0 0, L_00000212fa86f8c0;  1 drivers
v00000212fa7fb260_0 .net "RDATA_15", 0 0, L_00000212fa86f500;  1 drivers
v00000212fa7fb760_0 .net "RDATA_2", 0 0, L_00000212fa86fb40;  1 drivers
v00000212fa7fa540_0 .net "RDATA_3", 0 0, L_00000212fa8709a0;  1 drivers
v00000212fa7fba80_0 .net "RDATA_4", 0 0, L_00000212fa8705e0;  1 drivers
v00000212fa7fa720_0 .net "RDATA_5", 0 0, L_00000212fa86f960;  1 drivers
v00000212fa7fb300_0 .net "RDATA_6", 0 0, L_00000212fa86ffa0;  1 drivers
v00000212fa7fa7c0_0 .net "RDATA_7", 0 0, L_00000212fa870680;  1 drivers
v00000212fa7fb3a0_0 .net "RDATA_8", 0 0, L_00000212fa86ff00;  1 drivers
v00000212fa7fb940_0 .net "RDATA_9", 0 0, L_00000212fa86f460;  1 drivers
o00000212fa801a98 .functor BUFZ 1, c4<z>; HiZ drive
v00000212fa7faa40_0 .net "RE", 0 0, o00000212fa801a98;  0 drivers
o00000212fa801ac8 .functor BUFZ 1, c4<z>; HiZ drive
v00000212fa7fad60_0 .net "WADDR_0", 0 0, o00000212fa801ac8;  0 drivers
o00000212fa801af8 .functor BUFZ 1, c4<z>; HiZ drive
v00000212fa7fb440_0 .net "WADDR_1", 0 0, o00000212fa801af8;  0 drivers
o00000212fa801b28 .functor BUFZ 1, c4<z>; HiZ drive
v00000212fa7faf40_0 .net "WADDR_10", 0 0, o00000212fa801b28;  0 drivers
o00000212fa801b58 .functor BUFZ 1, c4<z>; HiZ drive
v00000212fa7fb4e0_0 .net "WADDR_2", 0 0, o00000212fa801b58;  0 drivers
o00000212fa801b88 .functor BUFZ 1, c4<z>; HiZ drive
v00000212fa7fb9e0_0 .net "WADDR_3", 0 0, o00000212fa801b88;  0 drivers
o00000212fa801bb8 .functor BUFZ 1, c4<z>; HiZ drive
v00000212fa7fbb20_0 .net "WADDR_4", 0 0, o00000212fa801bb8;  0 drivers
o00000212fa801be8 .functor BUFZ 1, c4<z>; HiZ drive
v00000212fa844950_0 .net "WADDR_5", 0 0, o00000212fa801be8;  0 drivers
o00000212fa801c18 .functor BUFZ 1, c4<z>; HiZ drive
v00000212fa843730_0 .net "WADDR_6", 0 0, o00000212fa801c18;  0 drivers
o00000212fa801c48 .functor BUFZ 1, c4<z>; HiZ drive
v00000212fa8432d0_0 .net "WADDR_7", 0 0, o00000212fa801c48;  0 drivers
o00000212fa801c78 .functor BUFZ 1, c4<z>; HiZ drive
v00000212fa843050_0 .net "WADDR_8", 0 0, o00000212fa801c78;  0 drivers
o00000212fa801ca8 .functor BUFZ 1, c4<z>; HiZ drive
v00000212fa843870_0 .net "WADDR_9", 0 0, o00000212fa801ca8;  0 drivers
o00000212fa801cd8 .functor BUFZ 1, c4<z>; HiZ drive
v00000212fa845030_0 .net "WCLK", 0 0, o00000212fa801cd8;  0 drivers
o00000212fa801d08 .functor BUFZ 1, c4<z>; HiZ drive
v00000212fa843410_0 .net "WCLKE", 0 0, o00000212fa801d08;  0 drivers
o00000212fa801d38 .functor BUFZ 1, c4<z>; HiZ drive
v00000212fa842f10_0 .net "WDATA_0", 0 0, o00000212fa801d38;  0 drivers
o00000212fa801d68 .functor BUFZ 1, c4<z>; HiZ drive
v00000212fa844090_0 .net "WDATA_1", 0 0, o00000212fa801d68;  0 drivers
o00000212fa801d98 .functor BUFZ 1, c4<z>; HiZ drive
v00000212fa842970_0 .net "WDATA_10", 0 0, o00000212fa801d98;  0 drivers
o00000212fa801dc8 .functor BUFZ 1, c4<z>; HiZ drive
v00000212fa844ef0_0 .net "WDATA_11", 0 0, o00000212fa801dc8;  0 drivers
o00000212fa801df8 .functor BUFZ 1, c4<z>; HiZ drive
v00000212fa843550_0 .net "WDATA_12", 0 0, o00000212fa801df8;  0 drivers
o00000212fa801e28 .functor BUFZ 1, c4<z>; HiZ drive
v00000212fa842ab0_0 .net "WDATA_13", 0 0, o00000212fa801e28;  0 drivers
o00000212fa801e58 .functor BUFZ 1, c4<z>; HiZ drive
v00000212fa844d10_0 .net "WDATA_14", 0 0, o00000212fa801e58;  0 drivers
o00000212fa801e88 .functor BUFZ 1, c4<z>; HiZ drive
v00000212fa8450d0_0 .net "WDATA_15", 0 0, o00000212fa801e88;  0 drivers
o00000212fa801eb8 .functor BUFZ 1, c4<z>; HiZ drive
v00000212fa843c30_0 .net "WDATA_2", 0 0, o00000212fa801eb8;  0 drivers
o00000212fa801ee8 .functor BUFZ 1, c4<z>; HiZ drive
v00000212fa844130_0 .net "WDATA_3", 0 0, o00000212fa801ee8;  0 drivers
o00000212fa801f18 .functor BUFZ 1, c4<z>; HiZ drive
v00000212fa843f50_0 .net "WDATA_4", 0 0, o00000212fa801f18;  0 drivers
o00000212fa801f48 .functor BUFZ 1, c4<z>; HiZ drive
v00000212fa844450_0 .net "WDATA_5", 0 0, o00000212fa801f48;  0 drivers
o00000212fa801f78 .functor BUFZ 1, c4<z>; HiZ drive
v00000212fa843690_0 .net "WDATA_6", 0 0, o00000212fa801f78;  0 drivers
o00000212fa801fa8 .functor BUFZ 1, c4<z>; HiZ drive
v00000212fa843e10_0 .net "WDATA_7", 0 0, o00000212fa801fa8;  0 drivers
o00000212fa801fd8 .functor BUFZ 1, c4<z>; HiZ drive
v00000212fa8448b0_0 .net "WDATA_8", 0 0, o00000212fa801fd8;  0 drivers
o00000212fa802008 .functor BUFZ 1, c4<z>; HiZ drive
v00000212fa844310_0 .net "WDATA_9", 0 0, o00000212fa802008;  0 drivers
o00000212fa802038 .functor BUFZ 1, c4<z>; HiZ drive
v00000212fa8441d0_0 .net "WE", 0 0, o00000212fa802038;  0 drivers
v00000212fa843370_0 .net *"_ivl_100", 0 0, L_00000212fa8d43f0;  1 drivers
v00000212fa8444f0_0 .net *"_ivl_102", 0 0, L_00000212fa8d54d0;  1 drivers
v00000212fa844db0_0 .net *"_ivl_104", 0 0, L_00000212fa8d5750;  1 drivers
v00000212fa8449f0_0 .net *"_ivl_106", 0 0, L_00000212fa8d3310;  1 drivers
v00000212fa844a90_0 .net *"_ivl_108", 0 0, L_00000212fa8d4490;  1 drivers
v00000212fa8435f0_0 .net *"_ivl_110", 0 0, L_00000212fa8d3db0;  1 drivers
v00000212fa844810_0 .net *"_ivl_112", 0 0, L_00000212fa8d3c70;  1 drivers
v00000212fa8443b0_0 .net *"_ivl_114", 0 0, L_00000212fa8d4850;  1 drivers
v00000212fa8439b0_0 .net *"_ivl_116", 0 0, L_00000212fa8d3ef0;  1 drivers
v00000212fa844e50_0 .net *"_ivl_120", 0 0, L_00000212fa8d5570;  1 drivers
v00000212fa8437d0_0 .net *"_ivl_122", 0 0, L_00000212fa8d3590;  1 drivers
v00000212fa844590_0 .net *"_ivl_124", 0 0, L_00000212fa8d4a30;  1 drivers
v00000212fa843910_0 .net *"_ivl_126", 0 0, L_00000212fa8d5070;  1 drivers
v00000212fa844f90_0 .net *"_ivl_128", 0 0, L_00000212fa8d3f90;  1 drivers
v00000212fa844b30_0 .net *"_ivl_130", 0 0, L_00000212fa8d39f0;  1 drivers
v00000212fa844630_0 .net *"_ivl_132", 0 0, L_00000212fa8d4710;  1 drivers
v00000212fa843a50_0 .net *"_ivl_134", 0 0, L_00000212fa8d36d0;  1 drivers
v00000212fa843af0_0 .net *"_ivl_136", 0 0, L_00000212fa8d4030;  1 drivers
v00000212fa844bd0_0 .net *"_ivl_138", 0 0, L_00000212fa8d56b0;  1 drivers
v00000212fa843b90_0 .net *"_ivl_140", 0 0, L_00000212fa8d45d0;  1 drivers
v00000212fa842a10_0 .net *"_ivl_142", 0 0, L_00000212fa8d48f0;  1 drivers
v00000212fa843190_0 .net *"_ivl_144", 0 0, L_00000212fa8d40d0;  1 drivers
v00000212fa843cd0_0 .net *"_ivl_146", 0 0, L_00000212fa8d5250;  1 drivers
v00000212fa842b50_0 .net *"_ivl_148", 0 0, L_00000212fa8d4ad0;  1 drivers
v00000212fa842c90_0 .net *"_ivl_150", 0 0, L_00000212fa8d4170;  1 drivers
v00000212fa843d70_0 .net *"_ivl_18", 0 0, L_00000212fa870220;  1 drivers
v00000212fa8430f0_0 .net/2u *"_ivl_19", 0 0, L_00000212fa8721c0;  1 drivers
v00000212fa842bf0_0 .net *"_ivl_28", 0 0, L_00000212fa86fd20;  1 drivers
v00000212fa844c70_0 .net *"_ivl_30", 0 0, L_00000212fa8700e0;  1 drivers
v00000212fa8446d0_0 .net *"_ivl_32", 0 0, L_00000212fa871120;  1 drivers
v00000212fa844770_0 .net *"_ivl_34", 0 0, L_00000212fa870180;  1 drivers
v00000212fa844270_0 .net *"_ivl_36", 0 0, L_00000212fa870400;  1 drivers
v00000212fa843eb0_0 .net *"_ivl_38", 0 0, L_00000212fa870360;  1 drivers
v00000212fa843ff0_0 .net *"_ivl_40", 0 0, L_00000212fa86eec0;  1 drivers
v00000212fa842fb0_0 .net *"_ivl_42", 0 0, L_00000212fa86f320;  1 drivers
v00000212fa842d30_0 .net *"_ivl_44", 0 0, L_00000212fa870540;  1 drivers
v00000212fa842dd0_0 .net *"_ivl_46", 0 0, L_00000212fa870720;  1 drivers
v00000212fa8434b0_0 .net *"_ivl_48", 0 0, L_00000212fa8707c0;  1 drivers
v00000212fa842e70_0 .net *"_ivl_52", 0 0, L_00000212fa8711c0;  1 drivers
v00000212fa843230_0 .net/2u *"_ivl_53", 0 0, L_00000212fa872208;  1 drivers
v00000212fa8458f0_0 .net *"_ivl_62", 0 0, L_00000212fa870f40;  1 drivers
v00000212fa845990_0 .net *"_ivl_64", 0 0, L_00000212fa871260;  1 drivers
v00000212fa846570_0 .net *"_ivl_66", 0 0, L_00000212fa871300;  1 drivers
v00000212fa846610_0 .net *"_ivl_68", 0 0, L_00000212fa871440;  1 drivers
v00000212fa845a30_0 .net *"_ivl_70", 0 0, L_00000212fa86ece0;  1 drivers
v00000212fa845cb0_0 .net *"_ivl_72", 0 0, L_00000212fa86ed80;  1 drivers
v00000212fa845ad0_0 .net *"_ivl_74", 0 0, L_00000212fa86ef60;  1 drivers
v00000212fa845710_0 .net *"_ivl_76", 0 0, L_00000212fa871a80;  1 drivers
v00000212fa845c10_0 .net *"_ivl_78", 0 0, L_00000212fa8714e0;  1 drivers
v00000212fa8467f0_0 .net *"_ivl_80", 0 0, L_00000212fa871580;  1 drivers
v00000212fa845490_0 .net *"_ivl_82", 0 0, L_00000212fa871940;  1 drivers
v00000212fa845b70_0 .net *"_ivl_86", 0 0, L_00000212fa8716c0;  1 drivers
v00000212fa845d50_0 .net *"_ivl_88", 0 0, L_00000212fa871760;  1 drivers
v00000212fa845df0_0 .net *"_ivl_90", 0 0, L_00000212fa871800;  1 drivers
v00000212fa845e90_0 .net *"_ivl_92", 0 0, L_00000212fa8718a0;  1 drivers
v00000212fa845850_0 .net *"_ivl_94", 0 0, L_00000212fa8719e0;  1 drivers
v00000212fa8452b0_0 .net *"_ivl_96", 0 0, L_00000212fa871b20;  1 drivers
v00000212fa8466b0_0 .net *"_ivl_98", 0 0, L_00000212fa871bc0;  1 drivers
L_00000212fa86f500 .part v00000212fa7f9250_0, 15, 1;
L_00000212fa86f8c0 .part v00000212fa7f9250_0, 14, 1;
L_00000212fa86f820 .part v00000212fa7f9250_0, 13, 1;
L_00000212fa8713a0 .part v00000212fa7f9250_0, 12, 1;
L_00000212fa86f3c0 .part v00000212fa7f9250_0, 11, 1;
L_00000212fa8702c0 .part v00000212fa7f9250_0, 10, 1;
L_00000212fa86f460 .part v00000212fa7f9250_0, 9, 1;
L_00000212fa86ff00 .part v00000212fa7f9250_0, 8, 1;
L_00000212fa870680 .part v00000212fa7f9250_0, 7, 1;
L_00000212fa86ffa0 .part v00000212fa7f9250_0, 6, 1;
L_00000212fa86f960 .part v00000212fa7f9250_0, 5, 1;
L_00000212fa8705e0 .part v00000212fa7f9250_0, 4, 1;
L_00000212fa8709a0 .part v00000212fa7f9250_0, 3, 1;
L_00000212fa86fb40 .part v00000212fa7f9250_0, 2, 1;
L_00000212fa86fbe0 .part v00000212fa7f9250_0, 1, 1;
L_00000212fa870a40 .part v00000212fa7f9250_0, 0, 1;
L_00000212fa870220 .ufunc/vec4 TD_ICESTORM_RAM.pd, 1, o00000212fa801738 (v00000212fa7f99d0_0) S_00000212fa7e68d0;
L_00000212fa870cc0 .ufunc/vec4 TD_ICESTORM_RAM.pu, 1, o00000212fa801768 (v00000212fa7f8350_0) S_00000212fa7e6a60;
L_00000212fa86fc80 .ufunc/vec4 TD_ICESTORM_RAM.pd, 1, o00000212fa801a98 (v00000212fa7f99d0_0) S_00000212fa7e68d0;
L_00000212fa86fd20 .ufunc/vec4 TD_ICESTORM_RAM.pd, 1, o00000212fa801588 (v00000212fa7f99d0_0) S_00000212fa7e68d0;
L_00000212fa8700e0 .ufunc/vec4 TD_ICESTORM_RAM.pd, 1, o00000212fa801708 (v00000212fa7f99d0_0) S_00000212fa7e68d0;
L_00000212fa871120 .ufunc/vec4 TD_ICESTORM_RAM.pd, 1, o00000212fa8016d8 (v00000212fa7f99d0_0) S_00000212fa7e68d0;
L_00000212fa870180 .ufunc/vec4 TD_ICESTORM_RAM.pd, 1, o00000212fa8016a8 (v00000212fa7f99d0_0) S_00000212fa7e68d0;
L_00000212fa870400 .ufunc/vec4 TD_ICESTORM_RAM.pd, 1, o00000212fa801678 (v00000212fa7f99d0_0) S_00000212fa7e68d0;
L_00000212fa870360 .ufunc/vec4 TD_ICESTORM_RAM.pd, 1, o00000212fa801648 (v00000212fa7f99d0_0) S_00000212fa7e68d0;
L_00000212fa86eec0 .ufunc/vec4 TD_ICESTORM_RAM.pd, 1, o00000212fa801618 (v00000212fa7f99d0_0) S_00000212fa7e68d0;
L_00000212fa86f320 .ufunc/vec4 TD_ICESTORM_RAM.pd, 1, o00000212fa8015e8 (v00000212fa7f99d0_0) S_00000212fa7e68d0;
L_00000212fa870540 .ufunc/vec4 TD_ICESTORM_RAM.pd, 1, o00000212fa8015b8 (v00000212fa7f99d0_0) S_00000212fa7e68d0;
L_00000212fa870720 .ufunc/vec4 TD_ICESTORM_RAM.pd, 1, o00000212fa801558 (v00000212fa7f99d0_0) S_00000212fa7e68d0;
L_00000212fa8707c0 .ufunc/vec4 TD_ICESTORM_RAM.pd, 1, o00000212fa801528 (v00000212fa7f99d0_0) S_00000212fa7e68d0;
LS_00000212fa870d60_0_0 .concat [ 1 1 1 1], L_00000212fa8707c0, L_00000212fa870720, L_00000212fa870540, L_00000212fa86f320;
LS_00000212fa870d60_0_4 .concat [ 1 1 1 1], L_00000212fa86eec0, L_00000212fa870360, L_00000212fa870400, L_00000212fa870180;
LS_00000212fa870d60_0_8 .concat [ 1 1 1 0], L_00000212fa871120, L_00000212fa8700e0, L_00000212fa86fd20;
L_00000212fa870d60 .concat [ 4 4 3 0], LS_00000212fa870d60_0_0, LS_00000212fa870d60_0_4, LS_00000212fa870d60_0_8;
L_00000212fa8711c0 .ufunc/vec4 TD_ICESTORM_RAM.pd, 1, o00000212fa801cd8 (v00000212fa7f99d0_0) S_00000212fa7e68d0;
L_00000212fa870e00 .ufunc/vec4 TD_ICESTORM_RAM.pu, 1, o00000212fa801d08 (v00000212fa7f8350_0) S_00000212fa7e6a60;
L_00000212fa870ea0 .ufunc/vec4 TD_ICESTORM_RAM.pd, 1, o00000212fa802038 (v00000212fa7f99d0_0) S_00000212fa7e68d0;
L_00000212fa870f40 .ufunc/vec4 TD_ICESTORM_RAM.pd, 1, o00000212fa801b28 (v00000212fa7f99d0_0) S_00000212fa7e68d0;
L_00000212fa871260 .ufunc/vec4 TD_ICESTORM_RAM.pd, 1, o00000212fa801ca8 (v00000212fa7f99d0_0) S_00000212fa7e68d0;
L_00000212fa871300 .ufunc/vec4 TD_ICESTORM_RAM.pd, 1, o00000212fa801c78 (v00000212fa7f99d0_0) S_00000212fa7e68d0;
L_00000212fa871440 .ufunc/vec4 TD_ICESTORM_RAM.pd, 1, o00000212fa801c48 (v00000212fa7f99d0_0) S_00000212fa7e68d0;
L_00000212fa86ece0 .ufunc/vec4 TD_ICESTORM_RAM.pd, 1, o00000212fa801c18 (v00000212fa7f99d0_0) S_00000212fa7e68d0;
L_00000212fa86ed80 .ufunc/vec4 TD_ICESTORM_RAM.pd, 1, o00000212fa801be8 (v00000212fa7f99d0_0) S_00000212fa7e68d0;
L_00000212fa86ef60 .ufunc/vec4 TD_ICESTORM_RAM.pd, 1, o00000212fa801bb8 (v00000212fa7f99d0_0) S_00000212fa7e68d0;
L_00000212fa871a80 .ufunc/vec4 TD_ICESTORM_RAM.pd, 1, o00000212fa801b88 (v00000212fa7f99d0_0) S_00000212fa7e68d0;
L_00000212fa8714e0 .ufunc/vec4 TD_ICESTORM_RAM.pd, 1, o00000212fa801b58 (v00000212fa7f99d0_0) S_00000212fa7e68d0;
L_00000212fa871580 .ufunc/vec4 TD_ICESTORM_RAM.pd, 1, o00000212fa801af8 (v00000212fa7f99d0_0) S_00000212fa7e68d0;
L_00000212fa871940 .ufunc/vec4 TD_ICESTORM_RAM.pd, 1, o00000212fa801ac8 (v00000212fa7f99d0_0) S_00000212fa7e68d0;
LS_00000212fa871620_0_0 .concat [ 1 1 1 1], L_00000212fa871940, L_00000212fa871580, L_00000212fa8714e0, L_00000212fa871a80;
LS_00000212fa871620_0_4 .concat [ 1 1 1 1], L_00000212fa86ef60, L_00000212fa86ed80, L_00000212fa86ece0, L_00000212fa871440;
LS_00000212fa871620_0_8 .concat [ 1 1 1 0], L_00000212fa871300, L_00000212fa871260, L_00000212fa870f40;
L_00000212fa871620 .concat [ 4 4 3 0], LS_00000212fa871620_0_0, LS_00000212fa871620_0_4, LS_00000212fa871620_0_8;
L_00000212fa8716c0 .ufunc/vec4 TD_ICESTORM_RAM.pd, 1, o00000212fa801378 (v00000212fa7f99d0_0) S_00000212fa7e68d0;
L_00000212fa871760 .ufunc/vec4 TD_ICESTORM_RAM.pd, 1, o00000212fa801348 (v00000212fa7f99d0_0) S_00000212fa7e68d0;
L_00000212fa871800 .ufunc/vec4 TD_ICESTORM_RAM.pd, 1, o00000212fa801318 (v00000212fa7f99d0_0) S_00000212fa7e68d0;
L_00000212fa8718a0 .ufunc/vec4 TD_ICESTORM_RAM.pd, 1, o00000212fa8012e8 (v00000212fa7f99d0_0) S_00000212fa7e68d0;
L_00000212fa8719e0 .ufunc/vec4 TD_ICESTORM_RAM.pd, 1, o00000212fa8012b8 (v00000212fa7f99d0_0) S_00000212fa7e68d0;
L_00000212fa871b20 .ufunc/vec4 TD_ICESTORM_RAM.pd, 1, o00000212fa801288 (v00000212fa7f99d0_0) S_00000212fa7e68d0;
L_00000212fa871bc0 .ufunc/vec4 TD_ICESTORM_RAM.pd, 1, o00000212fa8014f8 (v00000212fa7f99d0_0) S_00000212fa7e68d0;
L_00000212fa8d43f0 .ufunc/vec4 TD_ICESTORM_RAM.pd, 1, o00000212fa8014c8 (v00000212fa7f99d0_0) S_00000212fa7e68d0;
L_00000212fa8d54d0 .ufunc/vec4 TD_ICESTORM_RAM.pd, 1, o00000212fa801498 (v00000212fa7f99d0_0) S_00000212fa7e68d0;
L_00000212fa8d5750 .ufunc/vec4 TD_ICESTORM_RAM.pd, 1, o00000212fa801468 (v00000212fa7f99d0_0) S_00000212fa7e68d0;
L_00000212fa8d3310 .ufunc/vec4 TD_ICESTORM_RAM.pd, 1, o00000212fa801438 (v00000212fa7f99d0_0) S_00000212fa7e68d0;
L_00000212fa8d4490 .ufunc/vec4 TD_ICESTORM_RAM.pd, 1, o00000212fa801408 (v00000212fa7f99d0_0) S_00000212fa7e68d0;
L_00000212fa8d3db0 .ufunc/vec4 TD_ICESTORM_RAM.pd, 1, o00000212fa8013d8 (v00000212fa7f99d0_0) S_00000212fa7e68d0;
L_00000212fa8d3c70 .ufunc/vec4 TD_ICESTORM_RAM.pd, 1, o00000212fa8013a8 (v00000212fa7f99d0_0) S_00000212fa7e68d0;
L_00000212fa8d4850 .ufunc/vec4 TD_ICESTORM_RAM.pd, 1, o00000212fa801258 (v00000212fa7f99d0_0) S_00000212fa7e68d0;
L_00000212fa8d3ef0 .ufunc/vec4 TD_ICESTORM_RAM.pd, 1, o00000212fa801228 (v00000212fa7f99d0_0) S_00000212fa7e68d0;
LS_00000212fa8d4530_0_0 .concat [ 1 1 1 1], L_00000212fa8d3ef0, L_00000212fa8d4850, L_00000212fa8d3c70, L_00000212fa8d3db0;
LS_00000212fa8d4530_0_4 .concat [ 1 1 1 1], L_00000212fa8d4490, L_00000212fa8d3310, L_00000212fa8d5750, L_00000212fa8d54d0;
LS_00000212fa8d4530_0_8 .concat [ 1 1 1 1], L_00000212fa8d43f0, L_00000212fa871bc0, L_00000212fa871b20, L_00000212fa8719e0;
LS_00000212fa8d4530_0_12 .concat [ 1 1 1 1], L_00000212fa8718a0, L_00000212fa871800, L_00000212fa871760, L_00000212fa8716c0;
L_00000212fa8d4530 .concat [ 4 4 4 4], LS_00000212fa8d4530_0_0, LS_00000212fa8d4530_0_4, LS_00000212fa8d4530_0_8, LS_00000212fa8d4530_0_12;
L_00000212fa8d5570 .ufunc/vec4 TD_ICESTORM_RAM.pd, 1, o00000212fa801e88 (v00000212fa7f99d0_0) S_00000212fa7e68d0;
L_00000212fa8d3590 .ufunc/vec4 TD_ICESTORM_RAM.pd, 1, o00000212fa801e58 (v00000212fa7f99d0_0) S_00000212fa7e68d0;
L_00000212fa8d4a30 .ufunc/vec4 TD_ICESTORM_RAM.pd, 1, o00000212fa801e28 (v00000212fa7f99d0_0) S_00000212fa7e68d0;
L_00000212fa8d5070 .ufunc/vec4 TD_ICESTORM_RAM.pd, 1, o00000212fa801df8 (v00000212fa7f99d0_0) S_00000212fa7e68d0;
L_00000212fa8d3f90 .ufunc/vec4 TD_ICESTORM_RAM.pd, 1, o00000212fa801dc8 (v00000212fa7f99d0_0) S_00000212fa7e68d0;
L_00000212fa8d39f0 .ufunc/vec4 TD_ICESTORM_RAM.pd, 1, o00000212fa801d98 (v00000212fa7f99d0_0) S_00000212fa7e68d0;
L_00000212fa8d4710 .ufunc/vec4 TD_ICESTORM_RAM.pd, 1, o00000212fa802008 (v00000212fa7f99d0_0) S_00000212fa7e68d0;
L_00000212fa8d36d0 .ufunc/vec4 TD_ICESTORM_RAM.pd, 1, o00000212fa801fd8 (v00000212fa7f99d0_0) S_00000212fa7e68d0;
L_00000212fa8d4030 .ufunc/vec4 TD_ICESTORM_RAM.pd, 1, o00000212fa801fa8 (v00000212fa7f99d0_0) S_00000212fa7e68d0;
L_00000212fa8d56b0 .ufunc/vec4 TD_ICESTORM_RAM.pd, 1, o00000212fa801f78 (v00000212fa7f99d0_0) S_00000212fa7e68d0;
L_00000212fa8d45d0 .ufunc/vec4 TD_ICESTORM_RAM.pd, 1, o00000212fa801f48 (v00000212fa7f99d0_0) S_00000212fa7e68d0;
L_00000212fa8d48f0 .ufunc/vec4 TD_ICESTORM_RAM.pd, 1, o00000212fa801f18 (v00000212fa7f99d0_0) S_00000212fa7e68d0;
L_00000212fa8d40d0 .ufunc/vec4 TD_ICESTORM_RAM.pd, 1, o00000212fa801ee8 (v00000212fa7f99d0_0) S_00000212fa7e68d0;
L_00000212fa8d5250 .ufunc/vec4 TD_ICESTORM_RAM.pd, 1, o00000212fa801eb8 (v00000212fa7f99d0_0) S_00000212fa7e68d0;
L_00000212fa8d4ad0 .ufunc/vec4 TD_ICESTORM_RAM.pd, 1, o00000212fa801d68 (v00000212fa7f99d0_0) S_00000212fa7e68d0;
L_00000212fa8d4170 .ufunc/vec4 TD_ICESTORM_RAM.pd, 1, o00000212fa801d38 (v00000212fa7f99d0_0) S_00000212fa7e68d0;
LS_00000212fa8d52f0_0_0 .concat [ 1 1 1 1], L_00000212fa8d4170, L_00000212fa8d4ad0, L_00000212fa8d5250, L_00000212fa8d40d0;
LS_00000212fa8d52f0_0_4 .concat [ 1 1 1 1], L_00000212fa8d48f0, L_00000212fa8d45d0, L_00000212fa8d56b0, L_00000212fa8d4030;
LS_00000212fa8d52f0_0_8 .concat [ 1 1 1 1], L_00000212fa8d36d0, L_00000212fa8d4710, L_00000212fa8d39f0, L_00000212fa8d3f90;
LS_00000212fa8d52f0_0_12 .concat [ 1 1 1 1], L_00000212fa8d5070, L_00000212fa8d4a30, L_00000212fa8d3590, L_00000212fa8d5570;
L_00000212fa8d52f0 .concat [ 4 4 4 4], LS_00000212fa8d52f0_0_0, LS_00000212fa8d52f0_0_4, LS_00000212fa8d52f0_0_8, LS_00000212fa8d52f0_0_12;
S_00000212fa7e7870 .scope module, "RAM" "SB_RAM40_4K" 3 3233, 3 1487 0, S_00000212fa55b5a0;
 .timescale -12 -12;
    .port_info 0 /OUTPUT 16 "RDATA";
    .port_info 1 /INPUT 1 "RCLK";
    .port_info 2 /INPUT 1 "RCLKE";
    .port_info 3 /INPUT 1 "RE";
    .port_info 4 /INPUT 11 "RADDR";
    .port_info 5 /INPUT 1 "WCLK";
    .port_info 6 /INPUT 1 "WCLKE";
    .port_info 7 /INPUT 1 "WE";
    .port_info 8 /INPUT 11 "WADDR";
    .port_info 9 /INPUT 16 "MASK";
    .port_info 10 /INPUT 16 "WDATA";
P_00000212fa8422d0 .param/l "INIT_0" 0 3 1507, C4<0000000000000000000000000000000000000000000000000000000000000000000000000000000000000000000000000000000000000000000000000000000000000000000000000000000000000000000000000000000000000000000000000000000000000000000000000000000000000000000000000000000000000000>;
P_00000212fa842308 .param/l "INIT_1" 0 3 1508, C4<0000000000000000000000000000000000000000000000000000000000000000000000000000000000000000000000000000000000000000000000000000000000000000000000000000000000000000000000000000000000000000000000000000000000000000000000000000000000000000000000000000000000000000>;
P_00000212fa842340 .param/l "INIT_2" 0 3 1509, C4<0000000000000000000000000000000000000000000000000000000000000000000000000000000000000000000000000000000000000000000000000000000000000000000000000000000000000000000000000000000000000000000000000000000000000000000000000000000000000000000000000000000000000000>;
P_00000212fa842378 .param/l "INIT_3" 0 3 1510, C4<0000000000000000000000000000000000000000000000000000000000000000000000000000000000000000000000000000000000000000000000000000000000000000000000000000000000000000000000000000000000000000000000000000000000000000000000000000000000000000000000000000000000000000>;
P_00000212fa8423b0 .param/l "INIT_4" 0 3 1511, C4<0000000000000000000000000000000000000000000000000000000000000000000000000000000000000000000000000000000000000000000000000000000000000000000000000000000000000000000000000000000000000000000000000000000000000000000000000000000000000000000000000000000000000000>;
P_00000212fa8423e8 .param/l "INIT_5" 0 3 1512, C4<0000000000000000000000000000000000000000000000000000000000000000000000000000000000000000000000000000000000000000000000000000000000000000000000000000000000000000000000000000000000000000000000000000000000000000000000000000000000000000000000000000000000000000>;
P_00000212fa842420 .param/l "INIT_6" 0 3 1513, C4<0000000000000000000000000000000000000000000000000000000000000000000000000000000000000000000000000000000000000000000000000000000000000000000000000000000000000000000000000000000000000000000000000000000000000000000000000000000000000000000000000000000000000000>;
P_00000212fa842458 .param/l "INIT_7" 0 3 1514, C4<0000000000000000000000000000000000000000000000000000000000000000000000000000000000000000000000000000000000000000000000000000000000000000000000000000000000000000000000000000000000000000000000000000000000000000000000000000000000000000000000000000000000000000>;
P_00000212fa842490 .param/l "INIT_8" 0 3 1515, C4<0000000000000000000000000000000000000000000000000000000000000000000000000000000000000000000000000000000000000000000000000000000000000000000000000000000000000000000000000000000000000000000000000000000000000000000000000000000000000000000000000000000000000000>;
P_00000212fa8424c8 .param/l "INIT_9" 0 3 1516, C4<0000000000000000000000000000000000000000000000000000000000000000000000000000000000000000000000000000000000000000000000000000000000000000000000000000000000000000000000000000000000000000000000000000000000000000000000000000000000000000000000000000000000000000>;
P_00000212fa842500 .param/l "INIT_A" 0 3 1517, C4<0000000000000000000000000000000000000000000000000000000000000000000000000000000000000000000000000000000000000000000000000000000000000000000000000000000000000000000000000000000000000000000000000000000000000000000000000000000000000000000000000000000000000000>;
P_00000212fa842538 .param/l "INIT_B" 0 3 1518, C4<0000000000000000000000000000000000000000000000000000000000000000000000000000000000000000000000000000000000000000000000000000000000000000000000000000000000000000000000000000000000000000000000000000000000000000000000000000000000000000000000000000000000000000>;
P_00000212fa842570 .param/l "INIT_C" 0 3 1519, C4<0000000000000000000000000000000000000000000000000000000000000000000000000000000000000000000000000000000000000000000000000000000000000000000000000000000000000000000000000000000000000000000000000000000000000000000000000000000000000000000000000000000000000000>;
P_00000212fa8425a8 .param/l "INIT_D" 0 3 1520, C4<0000000000000000000000000000000000000000000000000000000000000000000000000000000000000000000000000000000000000000000000000000000000000000000000000000000000000000000000000000000000000000000000000000000000000000000000000000000000000000000000000000000000000000>;
P_00000212fa8425e0 .param/l "INIT_E" 0 3 1521, C4<0000000000000000000000000000000000000000000000000000000000000000000000000000000000000000000000000000000000000000000000000000000000000000000000000000000000000000000000000000000000000000000000000000000000000000000000000000000000000000000000000000000000000000>;
P_00000212fa842618 .param/l "INIT_F" 0 3 1522, C4<0000000000000000000000000000000000000000000000000000000000000000000000000000000000000000000000000000000000000000000000000000000000000000000000000000000000000000000000000000000000000000000000000000000000000000000000000000000000000000000000000000000000000000>;
P_00000212fa842650 .param/str "INIT_FILE" 0 3 1524, "\000";
P_00000212fa842688 .param/l "READ_MODE" 0 3 1505, +C4<00000000000000000000000000000000>;
P_00000212fa8426c0 .param/l "WRITE_MODE" 0 3 1504, +C4<00000000000000000000000000000000>;
v00000212fa7f8210_0 .net "MASK", 15 0, L_00000212fa8d4530;  1 drivers
v00000212fa7f8f30_0 .net "RADDR", 10 0, L_00000212fa870d60;  1 drivers
v00000212fa7f8a30_0 .net "RCLK", 0 0, L_00000212fa8bb8d0;  1 drivers
v00000212fa7f8490_0 .net "RCLKE", 0 0, L_00000212fa870cc0;  1 drivers
v00000212fa7f8fd0_0 .net "RDATA", 15 0, v00000212fa7f9250_0;  1 drivers
v00000212fa7f9250_0 .var "RDATA_I", 15 0;
v00000212fa7f9430_0 .net "RE", 0 0, L_00000212fa86fc80;  1 drivers
L_00000212fa872178 .functor BUFT 1, C4<0000000000000000>, C4<0>, C4<0>, C4<0>;
v00000212fa7f94d0_0 .net "RMASK_I", 15 0, L_00000212fa872178;  1 drivers
v00000212fa7f9cf0_0 .net "WADDR", 10 0, L_00000212fa871620;  1 drivers
v00000212fa7f80d0_0 .net "WCLK", 0 0, L_00000212fa8bb550;  1 drivers
v00000212fa7f9b10_0 .net "WCLKE", 0 0, L_00000212fa870e00;  1 drivers
v00000212fa7f9930_0 .net "WDATA", 15 0, L_00000212fa8d52f0;  1 drivers
v00000212fa7f9570_0 .net "WDATA_I", 15 0, L_00000212fa8bb240;  1 drivers
v00000212fa7f9d90_0 .net "WE", 0 0, L_00000212fa870ea0;  1 drivers
v00000212fa7f9610_0 .net "WMASK_I", 15 0, L_00000212fa8baec0;  1 drivers
v00000212fa7f96b0_0 .var/i "i", 31 0;
v00000212fa7f9750 .array "memory", 255 0, 15 0;
E_00000212fa7d0520 .event posedge, v00000212fa7f8a30_0;
E_00000212fa7cfd20 .event posedge, v00000212fa7f80d0_0;
S_00000212fa7e5de0 .scope generate, "genblk1" "genblk1" 3 1534, 3 1534 0, S_00000212fa7e7870;
 .timescale -12 -12;
L_00000212fa8baec0 .functor BUFZ 16, L_00000212fa8d4530, C4<0000000000000000>, C4<0000000000000000>, C4<0000000000000000>;
S_00000212fa7e6420 .scope generate, "genblk2" "genblk2" 3 1555, 3 1555 0, S_00000212fa7e7870;
 .timescale -12 -12;
S_00000212fa7e65b0 .scope generate, "genblk3" "genblk3" 3 1576, 3 1576 0, S_00000212fa7e7870;
 .timescale -12 -12;
L_00000212fa8bb240 .functor BUFZ 16, L_00000212fa8d52f0, C4<0000000000000000>, C4<0000000000000000>, C4<0000000000000000>;
S_00000212fa7e6740 .scope generate, "genblk4" "genblk4" 3 1595, 3 1595 0, S_00000212fa7e7870;
 .timescale -12 -12;
S_00000212fa7e68d0 .scope function.vec4.s1, "pd" "pd" 3 3200, 3 3200 0, S_00000212fa55b5a0;
 .timescale -12 -12;
; Variable pd is vec4 return value of scope S_00000212fa7e68d0
v00000212fa7f99d0_0 .var "x", 0 0;
TD_ICESTORM_RAM.pd ;
    %load/vec4 v00000212fa7f99d0_0;
    %cmpi/e 0, 1, 1;
    %flag_mov 8, 6;
    %jmp/0 T_0.0, 8;
    %pushi/vec4 0, 0, 1;
    %jmp/1 T_0.1, 8;
T_0.0 ; End of true expr.
    %load/vec4 v00000212fa7f99d0_0;
    %jmp/0 T_0.1, 8;
 ; End of false expr.
    %blend;
T_0.1;
    %ret/vec4 0, 0, 1;  Assign to pd (store_vec4_to_lval)
    %end;
S_00000212fa7e6a60 .scope function.vec4.s1, "pu" "pu" 3 3207, 3 3207 0, S_00000212fa55b5a0;
 .timescale -12 -12;
; Variable pu is vec4 return value of scope S_00000212fa7e6a60
v00000212fa7f8350_0 .var "x", 0 0;
TD_ICESTORM_RAM.pu ;
    %load/vec4 v00000212fa7f8350_0;
    %cmpi/e 0, 1, 1;
    %flag_mov 8, 6;
    %jmp/0 T_1.2, 8;
    %pushi/vec4 1, 0, 1;
    %jmp/1 T_1.3, 8;
T_1.2 ; End of true expr.
    %load/vec4 v00000212fa7f8350_0;
    %jmp/0 T_1.3, 8;
 ; End of false expr.
    %blend;
T_1.3;
    %ret/vec4 0, 0, 1;  Assign to pu (store_vec4_to_lval)
    %end;
S_00000212fa572d20 .scope module, "SB_CARRY" "SB_CARRY" 3 228;
 .timescale -12 -12;
    .port_info 0 /OUTPUT 1 "CO";
    .port_info 1 /INPUT 1 "I0";
    .port_info 2 /INPUT 1 "I1";
    .port_info 3 /INPUT 1 "CI";
o00000212fa8039e8 .functor BUFZ 1, c4<z>; HiZ drive
o00000212fa803a18 .functor BUFZ 1, c4<z>; HiZ drive
L_00000212fa8baf30 .functor AND 1, o00000212fa8039e8, o00000212fa803a18, C4<1>, C4<1>;
L_00000212fa8ba6e0 .functor OR 1, o00000212fa8039e8, o00000212fa803a18, C4<0>, C4<0>;
o00000212fa803988 .functor BUFZ 1, c4<z>; HiZ drive
L_00000212fa8bae50 .functor AND 1, L_00000212fa8ba6e0, o00000212fa803988, C4<1>, C4<1>;
L_00000212fa8ba590 .functor OR 1, L_00000212fa8baf30, L_00000212fa8bae50, C4<0>, C4<0>;
v00000212fa845f30_0 .net "CI", 0 0, o00000212fa803988;  0 drivers
v00000212fa845fd0_0 .net "CO", 0 0, L_00000212fa8ba590;  1 drivers
v00000212fa846070_0 .net "I0", 0 0, o00000212fa8039e8;  0 drivers
v00000212fa846110_0 .net "I1", 0 0, o00000212fa803a18;  0 drivers
v00000212fa845530_0 .net *"_ivl_1", 0 0, L_00000212fa8baf30;  1 drivers
v00000212fa845350_0 .net *"_ivl_3", 0 0, L_00000212fa8ba6e0;  1 drivers
v00000212fa8461b0_0 .net *"_ivl_5", 0 0, L_00000212fa8bae50;  1 drivers
S_00000212fa55b020 .scope module, "SB_DFF" "SB_DFF" 3 265;
 .timescale -12 -12;
    .port_info 0 /OUTPUT 1 "Q";
    .port_info 1 /INPUT 1 "C";
    .port_info 2 /INPUT 1 "D";
o00000212fa803b98 .functor BUFZ 1, c4<z>; HiZ drive
v00000212fa846250_0 .net "C", 0 0, o00000212fa803b98;  0 drivers
o00000212fa803bc8 .functor BUFZ 1, c4<z>; HiZ drive
v00000212fa8455d0_0 .net "D", 0 0, o00000212fa803bc8;  0 drivers
v00000212fa845170_0 .var "Q", 0 0;
E_00000212fa7cfce0 .event posedge, v00000212fa846250_0;
S_00000212fa55b1b0 .scope module, "SB_DFFE" "SB_DFFE" 3 303;
 .timescale -12 -12;
    .port_info 0 /OUTPUT 1 "Q";
    .port_info 1 /INPUT 1 "C";
    .port_info 2 /INPUT 1 "E";
    .port_info 3 /INPUT 1 "D";
o00000212fa803cb8 .functor BUFZ 1, c4<z>; HiZ drive
v00000212fa8462f0_0 .net "C", 0 0, o00000212fa803cb8;  0 drivers
o00000212fa803ce8 .functor BUFZ 1, c4<z>; HiZ drive
v00000212fa846430_0 .net "D", 0 0, o00000212fa803ce8;  0 drivers
o00000212fa803d18 .functor BUFZ 1, c4<z>; HiZ drive
v00000212fa846390_0 .net "E", 0 0, o00000212fa803d18;  0 drivers
v00000212fa8464d0_0 .var "Q", 0 0;
E_00000212fa7d02e0 .event posedge, v00000212fa8462f0_0;
S_00000212fa55b340 .scope module, "SB_DFFER" "SB_DFFER" 3 653;
 .timescale -12 -12;
    .port_info 0 /OUTPUT 1 "Q";
    .port_info 1 /INPUT 1 "C";
    .port_info 2 /INPUT 1 "E";
    .port_info 3 /INPUT 1 "R";
    .port_info 4 /INPUT 1 "D";
o00000212fa803e38 .functor BUFZ 1, c4<z>; HiZ drive
v00000212fa846750_0 .net "C", 0 0, o00000212fa803e38;  0 drivers
o00000212fa803e68 .functor BUFZ 1, c4<z>; HiZ drive
v00000212fa8453f0_0 .net "D", 0 0, o00000212fa803e68;  0 drivers
o00000212fa803e98 .functor BUFZ 1, c4<z>; HiZ drive
v00000212fa845210_0 .net "E", 0 0, o00000212fa803e98;  0 drivers
v00000212fa8457b0_0 .var "Q", 0 0;
o00000212fa803ef8 .functor BUFZ 1, c4<z>; HiZ drive
v00000212fa845670_0 .net "R", 0 0, o00000212fa803ef8;  0 drivers
E_00000212fa7d01a0 .event posedge, v00000212fa845670_0, v00000212fa846750_0;
S_00000212fa566e90 .scope module, "SB_DFFES" "SB_DFFES" 3 794;
 .timescale -12 -12;
    .port_info 0 /OUTPUT 1 "Q";
    .port_info 1 /INPUT 1 "C";
    .port_info 2 /INPUT 1 "E";
    .port_info 3 /INPUT 1 "S";
    .port_info 4 /INPUT 1 "D";
o00000212fa804018 .functor BUFZ 1, c4<z>; HiZ drive
v00000212fa84b1e0_0 .net "C", 0 0, o00000212fa804018;  0 drivers
o00000212fa804048 .functor BUFZ 1, c4<z>; HiZ drive
v00000212fa84a4c0_0 .net "D", 0 0, o00000212fa804048;  0 drivers
o00000212fa804078 .functor BUFZ 1, c4<z>; HiZ drive
v00000212fa84a920_0 .net "E", 0 0, o00000212fa804078;  0 drivers
v00000212fa849fc0_0 .var "Q", 0 0;
o00000212fa8040d8 .functor BUFZ 1, c4<z>; HiZ drive
v00000212fa84a880_0 .net "S", 0 0, o00000212fa8040d8;  0 drivers
E_00000212fa7cfd60 .event posedge, v00000212fa84a880_0, v00000212fa84b1e0_0;
S_00000212fa567020 .scope module, "SB_DFFESR" "SB_DFFESR" 3 592;
 .timescale -12 -12;
    .port_info 0 /OUTPUT 1 "Q";
    .port_info 1 /INPUT 1 "C";
    .port_info 2 /INPUT 1 "E";
    .port_info 3 /INPUT 1 "R";
    .port_info 4 /INPUT 1 "D";
o00000212fa8041f8 .functor BUFZ 1, c4<z>; HiZ drive
v00000212fa84a9c0_0 .net "C", 0 0, o00000212fa8041f8;  0 drivers
o00000212fa804228 .functor BUFZ 1, c4<z>; HiZ drive
v00000212fa84aa60_0 .net "D", 0 0, o00000212fa804228;  0 drivers
o00000212fa804258 .functor BUFZ 1, c4<z>; HiZ drive
v00000212fa84a380_0 .net "E", 0 0, o00000212fa804258;  0 drivers
v00000212fa84a600_0 .var "Q", 0 0;
o00000212fa8042b8 .functor BUFZ 1, c4<z>; HiZ drive
v00000212fa84a420_0 .net "R", 0 0, o00000212fa8042b8;  0 drivers
E_00000212fa7d0460 .event posedge, v00000212fa84a9c0_0;
S_00000212fa5671b0 .scope module, "SB_DFFESS" "SB_DFFESS" 3 733;
 .timescale -12 -12;
    .port_info 0 /OUTPUT 1 "Q";
    .port_info 1 /INPUT 1 "C";
    .port_info 2 /INPUT 1 "E";
    .port_info 3 /INPUT 1 "S";
    .port_info 4 /INPUT 1 "D";
o00000212fa8043d8 .functor BUFZ 1, c4<z>; HiZ drive
v00000212fa84a060_0 .net "C", 0 0, o00000212fa8043d8;  0 drivers
o00000212fa804408 .functor BUFZ 1, c4<z>; HiZ drive
v00000212fa84a2e0_0 .net "D", 0 0, o00000212fa804408;  0 drivers
o00000212fa804438 .functor BUFZ 1, c4<z>; HiZ drive
v00000212fa849d40_0 .net "E", 0 0, o00000212fa804438;  0 drivers
v00000212fa84ab00_0 .var "Q", 0 0;
o00000212fa804498 .functor BUFZ 1, c4<z>; HiZ drive
v00000212fa849de0_0 .net "S", 0 0, o00000212fa804498;  0 drivers
E_00000212fa7d05e0 .event posedge, v00000212fa84a060_0;
S_00000212fa5624c0 .scope module, "SB_DFFN" "SB_DFFN" 3 876;
 .timescale -12 -12;
    .port_info 0 /OUTPUT 1 "Q";
    .port_info 1 /INPUT 1 "C";
    .port_info 2 /INPUT 1 "D";
o00000212fa8045b8 .functor BUFZ 1, c4<z>; HiZ drive
v00000212fa84aba0_0 .net "C", 0 0, o00000212fa8045b8;  0 drivers
o00000212fa8045e8 .functor BUFZ 1, c4<z>; HiZ drive
v00000212fa84a100_0 .net "D", 0 0, o00000212fa8045e8;  0 drivers
v00000212fa84b280_0 .var "Q", 0 0;
E_00000212fa7cfda0 .event negedge, v00000212fa84aba0_0;
S_00000212fa562650 .scope module, "SB_DFFNE" "SB_DFFNE" 3 914;
 .timescale -12 -12;
    .port_info 0 /OUTPUT 1 "Q";
    .port_info 1 /INPUT 1 "C";
    .port_info 2 /INPUT 1 "E";
    .port_info 3 /INPUT 1 "D";
o00000212fa8046d8 .functor BUFZ 1, c4<z>; HiZ drive
v00000212fa84a6a0_0 .net "C", 0 0, o00000212fa8046d8;  0 drivers
o00000212fa804708 .functor BUFZ 1, c4<z>; HiZ drive
v00000212fa84ae20_0 .net "D", 0 0, o00000212fa804708;  0 drivers
o00000212fa804738 .functor BUFZ 1, c4<z>; HiZ drive
v00000212fa84ac40_0 .net "E", 0 0, o00000212fa804738;  0 drivers
v00000212fa84ace0_0 .var "Q", 0 0;
E_00000212fa7d0620 .event negedge, v00000212fa84a6a0_0;
S_00000212fa5627e0 .scope module, "SB_DFFNER" "SB_DFFNER" 3 1264;
 .timescale -12 -12;
    .port_info 0 /OUTPUT 1 "Q";
    .port_info 1 /INPUT 1 "C";
    .port_info 2 /INPUT 1 "E";
    .port_info 3 /INPUT 1 "R";
    .port_info 4 /INPUT 1 "D";
o00000212fa804858 .functor BUFZ 1, c4<z>; HiZ drive
v00000212fa84af60_0 .net "C", 0 0, o00000212fa804858;  0 drivers
o00000212fa804888 .functor BUFZ 1, c4<z>; HiZ drive
v00000212fa849ca0_0 .net "D", 0 0, o00000212fa804888;  0 drivers
o00000212fa8048b8 .functor BUFZ 1, c4<z>; HiZ drive
v00000212fa84a560_0 .net "E", 0 0, o00000212fa8048b8;  0 drivers
v00000212fa849e80_0 .var "Q", 0 0;
o00000212fa804918 .functor BUFZ 1, c4<z>; HiZ drive
v00000212fa84a740_0 .net "R", 0 0, o00000212fa804918;  0 drivers
E_00000212fa7d01e0/0 .event negedge, v00000212fa84af60_0;
E_00000212fa7d01e0/1 .event posedge, v00000212fa84a740_0;
E_00000212fa7d01e0 .event/or E_00000212fa7d01e0/0, E_00000212fa7d01e0/1;
S_00000212fa568370 .scope module, "SB_DFFNES" "SB_DFFNES" 3 1405;
 .timescale -12 -12;
    .port_info 0 /OUTPUT 1 "Q";
    .port_info 1 /INPUT 1 "C";
    .port_info 2 /INPUT 1 "E";
    .port_info 3 /INPUT 1 "S";
    .port_info 4 /INPUT 1 "D";
o00000212fa804a38 .functor BUFZ 1, c4<z>; HiZ drive
v00000212fa84b000_0 .net "C", 0 0, o00000212fa804a38;  0 drivers
o00000212fa804a68 .functor BUFZ 1, c4<z>; HiZ drive
v00000212fa84a1a0_0 .net "D", 0 0, o00000212fa804a68;  0 drivers
o00000212fa804a98 .functor BUFZ 1, c4<z>; HiZ drive
v00000212fa84a7e0_0 .net "E", 0 0, o00000212fa804a98;  0 drivers
v00000212fa849c00_0 .var "Q", 0 0;
o00000212fa804af8 .functor BUFZ 1, c4<z>; HiZ drive
v00000212fa849f20_0 .net "S", 0 0, o00000212fa804af8;  0 drivers
E_00000212fa7d0960/0 .event negedge, v00000212fa84b000_0;
E_00000212fa7d0960/1 .event posedge, v00000212fa849f20_0;
E_00000212fa7d0960 .event/or E_00000212fa7d0960/0, E_00000212fa7d0960/1;
S_00000212fa7e0040 .scope module, "SB_DFFNESR" "SB_DFFNESR" 3 1203;
 .timescale -12 -12;
    .port_info 0 /OUTPUT 1 "Q";
    .port_info 1 /INPUT 1 "C";
    .port_info 2 /INPUT 1 "E";
    .port_info 3 /INPUT 1 "R";
    .port_info 4 /INPUT 1 "D";
o00000212fa804c18 .functor BUFZ 1, c4<z>; HiZ drive
v00000212fa84ad80_0 .net "C", 0 0, o00000212fa804c18;  0 drivers
o00000212fa804c48 .functor BUFZ 1, c4<z>; HiZ drive
v00000212fa84aec0_0 .net "D", 0 0, o00000212fa804c48;  0 drivers
o00000212fa804c78 .functor BUFZ 1, c4<z>; HiZ drive
v00000212fa84b0a0_0 .net "E", 0 0, o00000212fa804c78;  0 drivers
v00000212fa84b140_0 .var "Q", 0 0;
o00000212fa804cd8 .functor BUFZ 1, c4<z>; HiZ drive
v00000212fa84a240_0 .net "R", 0 0, o00000212fa804cd8;  0 drivers
E_00000212fa7cfa60 .event negedge, v00000212fa84ad80_0;
S_00000212fa7e04f0 .scope module, "SB_DFFNESS" "SB_DFFNESS" 3 1344;
 .timescale -12 -12;
    .port_info 0 /OUTPUT 1 "Q";
    .port_info 1 /INPUT 1 "C";
    .port_info 2 /INPUT 1 "E";
    .port_info 3 /INPUT 1 "S";
    .port_info 4 /INPUT 1 "D";
o00000212fa804df8 .functor BUFZ 1, c4<z>; HiZ drive
v00000212fa8497a0_0 .net "C", 0 0, o00000212fa804df8;  0 drivers
o00000212fa804e28 .functor BUFZ 1, c4<z>; HiZ drive
v00000212fa849340_0 .net "D", 0 0, o00000212fa804e28;  0 drivers
o00000212fa804e58 .functor BUFZ 1, c4<z>; HiZ drive
v00000212fa849520_0 .net "E", 0 0, o00000212fa804e58;  0 drivers
v00000212fa847fe0_0 .var "Q", 0 0;
o00000212fa804eb8 .functor BUFZ 1, c4<z>; HiZ drive
v00000212fa848760_0 .net "S", 0 0, o00000212fa804eb8;  0 drivers
E_00000212fa7d06a0 .event negedge, v00000212fa8497a0_0;
S_00000212fa7dfb90 .scope module, "SB_DFFNR" "SB_DFFNR" 3 1011;
 .timescale -12 -12;
    .port_info 0 /OUTPUT 1 "Q";
    .port_info 1 /INPUT 1 "C";
    .port_info 2 /INPUT 1 "R";
    .port_info 3 /INPUT 1 "D";
o00000212fa804fd8 .functor BUFZ 1, c4<z>; HiZ drive
v00000212fa849b60_0 .net "C", 0 0, o00000212fa804fd8;  0 drivers
o00000212fa805008 .functor BUFZ 1, c4<z>; HiZ drive
v00000212fa847a40_0 .net "D", 0 0, o00000212fa805008;  0 drivers
v00000212fa848580_0 .var "Q", 0 0;
o00000212fa805068 .functor BUFZ 1, c4<z>; HiZ drive
v00000212fa848300_0 .net "R", 0 0, o00000212fa805068;  0 drivers
E_00000212fa7d06e0/0 .event negedge, v00000212fa849b60_0;
E_00000212fa7d06e0/1 .event posedge, v00000212fa848300_0;
E_00000212fa7d06e0 .event/or E_00000212fa7d06e0/0, E_00000212fa7d06e0/1;
S_00000212fa7dfd20 .scope module, "SB_DFFNS" "SB_DFFNS" 3 1132;
 .timescale -12 -12;
    .port_info 0 /OUTPUT 1 "Q";
    .port_info 1 /INPUT 1 "C";
    .port_info 2 /INPUT 1 "S";
    .port_info 3 /INPUT 1 "D";
o00000212fa805158 .functor BUFZ 1, c4<z>; HiZ drive
v00000212fa8483a0_0 .net "C", 0 0, o00000212fa805158;  0 drivers
o00000212fa805188 .functor BUFZ 1, c4<z>; HiZ drive
v00000212fa848080_0 .net "D", 0 0, o00000212fa805188;  0 drivers
v00000212fa849480_0 .var "Q", 0 0;
o00000212fa8051e8 .functor BUFZ 1, c4<z>; HiZ drive
v00000212fa8481c0_0 .net "S", 0 0, o00000212fa8051e8;  0 drivers
E_00000212fa7d0720/0 .event negedge, v00000212fa8483a0_0;
E_00000212fa7d0720/1 .event posedge, v00000212fa8481c0_0;
E_00000212fa7d0720 .event/or E_00000212fa7d0720/0, E_00000212fa7d0720/1;
S_00000212fa7e01d0 .scope module, "SB_DFFNSR" "SB_DFFNSR" 3 961;
 .timescale -12 -12;
    .port_info 0 /OUTPUT 1 "Q";
    .port_info 1 /INPUT 1 "C";
    .port_info 2 /INPUT 1 "R";
    .port_info 3 /INPUT 1 "D";
o00000212fa8052d8 .functor BUFZ 1, c4<z>; HiZ drive
v00000212fa847e00_0 .net "C", 0 0, o00000212fa8052d8;  0 drivers
o00000212fa805308 .functor BUFZ 1, c4<z>; HiZ drive
v00000212fa848440_0 .net "D", 0 0, o00000212fa805308;  0 drivers
v00000212fa8489e0_0 .var "Q", 0 0;
o00000212fa805368 .functor BUFZ 1, c4<z>; HiZ drive
v00000212fa8484e0_0 .net "R", 0 0, o00000212fa805368;  0 drivers
E_00000212fa7d07a0 .event negedge, v00000212fa847e00_0;
S_00000212fa7e0680 .scope module, "SB_DFFNSS" "SB_DFFNSS" 3 1082;
 .timescale -12 -12;
    .port_info 0 /OUTPUT 1 "Q";
    .port_info 1 /INPUT 1 "C";
    .port_info 2 /INPUT 1 "S";
    .port_info 3 /INPUT 1 "D";
o00000212fa805458 .functor BUFZ 1, c4<z>; HiZ drive
v00000212fa849700_0 .net "C", 0 0, o00000212fa805458;  0 drivers
o00000212fa805488 .functor BUFZ 1, c4<z>; HiZ drive
v00000212fa849980_0 .net "D", 0 0, o00000212fa805488;  0 drivers
v00000212fa849ac0_0 .var "Q", 0 0;
o00000212fa8054e8 .functor BUFZ 1, c4<z>; HiZ drive
v00000212fa8490c0_0 .net "S", 0 0, o00000212fa8054e8;  0 drivers
E_00000212fa7cfbe0 .event negedge, v00000212fa849700_0;
S_00000212fa7dfeb0 .scope module, "SB_DFFR" "SB_DFFR" 3 400;
 .timescale -12 -12;
    .port_info 0 /OUTPUT 1 "Q";
    .port_info 1 /INPUT 1 "C";
    .port_info 2 /INPUT 1 "R";
    .port_info 3 /INPUT 1 "D";
o00000212fa8055d8 .functor BUFZ 1, c4<z>; HiZ drive
v00000212fa847680_0 .net "C", 0 0, o00000212fa8055d8;  0 drivers
o00000212fa805608 .functor BUFZ 1, c4<z>; HiZ drive
v00000212fa848120_0 .net "D", 0 0, o00000212fa805608;  0 drivers
v00000212fa847f40_0 .var "Q", 0 0;
o00000212fa805668 .functor BUFZ 1, c4<z>; HiZ drive
v00000212fa848260_0 .net "R", 0 0, o00000212fa805668;  0 drivers
E_00000212fa7cfde0 .event posedge, v00000212fa848260_0, v00000212fa847680_0;
S_00000212fa7e0810 .scope module, "SB_DFFS" "SB_DFFS" 3 521;
 .timescale -12 -12;
    .port_info 0 /OUTPUT 1 "Q";
    .port_info 1 /INPUT 1 "C";
    .port_info 2 /INPUT 1 "S";
    .port_info 3 /INPUT 1 "D";
o00000212fa805758 .functor BUFZ 1, c4<z>; HiZ drive
v00000212fa848c60_0 .net "C", 0 0, o00000212fa805758;  0 drivers
o00000212fa805788 .functor BUFZ 1, c4<z>; HiZ drive
v00000212fa848800_0 .net "D", 0 0, o00000212fa805788;  0 drivers
v00000212fa8492a0_0 .var "Q", 0 0;
o00000212fa8057e8 .functor BUFZ 1, c4<z>; HiZ drive
v00000212fa8493e0_0 .net "S", 0 0, o00000212fa8057e8;  0 drivers
E_00000212fa7d09a0 .event posedge, v00000212fa8493e0_0, v00000212fa848c60_0;
S_00000212fa7e0360 .scope module, "SB_DFFSR" "SB_DFFSR" 3 350;
 .timescale -12 -12;
    .port_info 0 /OUTPUT 1 "Q";
    .port_info 1 /INPUT 1 "C";
    .port_info 2 /INPUT 1 "R";
    .port_info 3 /INPUT 1 "D";
o00000212fa8058d8 .functor BUFZ 1, c4<z>; HiZ drive
v00000212fa8498e0_0 .net "C", 0 0, o00000212fa8058d8;  0 drivers
o00000212fa805908 .functor BUFZ 1, c4<z>; HiZ drive
v00000212fa847c20_0 .net "D", 0 0, o00000212fa805908;  0 drivers
v00000212fa848620_0 .var "Q", 0 0;
o00000212fa805968 .functor BUFZ 1, c4<z>; HiZ drive
v00000212fa849840_0 .net "R", 0 0, o00000212fa805968;  0 drivers
E_00000212fa7cfb20 .event posedge, v00000212fa8498e0_0;
S_00000212fa7dfa00 .scope module, "SB_DFFSS" "SB_DFFSS" 3 471;
 .timescale -12 -12;
    .port_info 0 /OUTPUT 1 "Q";
    .port_info 1 /INPUT 1 "C";
    .port_info 2 /INPUT 1 "S";
    .port_info 3 /INPUT 1 "D";
o00000212fa805a58 .functor BUFZ 1, c4<z>; HiZ drive
v00000212fa847d60_0 .net "C", 0 0, o00000212fa805a58;  0 drivers
o00000212fa805a88 .functor BUFZ 1, c4<z>; HiZ drive
v00000212fa848a80_0 .net "D", 0 0, o00000212fa805a88;  0 drivers
v00000212fa849660_0 .var "Q", 0 0;
o00000212fa805ae8 .functor BUFZ 1, c4<z>; HiZ drive
v00000212fa847540_0 .net "S", 0 0, o00000212fa805ae8;  0 drivers
E_00000212fa7cfaa0 .event posedge, v00000212fa847d60_0;
S_00000212fa7e24a0 .scope module, "SB_FILTER_50NS" "SB_FILTER_50NS" 3 2856;
 .timescale -12 -12;
    .port_info 0 /INPUT 1 "FILTERIN";
    .port_info 1 /OUTPUT 1 "FILTEROUT";
o00000212fa805bd8 .functor BUFZ 1, c4<z>; HiZ drive
v00000212fa849160_0 .net "FILTERIN", 0 0, o00000212fa805bd8;  0 drivers
o00000212fa805c08 .functor BUFZ 1, c4<z>; HiZ drive
v00000212fa847720_0 .net "FILTEROUT", 0 0, o00000212fa805c08;  0 drivers
S_00000212fa7e1ff0 .scope module, "SB_GB" "SB_GB" 3 162;
 .timescale -12 -12;
    .port_info 0 /INPUT 1 "USER_SIGNAL_TO_GLOBAL_BUFFER";
    .port_info 1 /OUTPUT 1 "GLOBAL_BUFFER_OUTPUT";
o00000212fa805cc8 .functor BUFZ 1, c4<z>; HiZ drive
L_00000212fa8bb7f0 .functor BUFZ 1, o00000212fa805cc8, C4<0>, C4<0>, C4<0>;
v00000212fa848d00_0 .net "GLOBAL_BUFFER_OUTPUT", 0 0, L_00000212fa8bb7f0;  1 drivers
v00000212fa848da0_0 .net "USER_SIGNAL_TO_GLOBAL_BUFFER", 0 0, o00000212fa805cc8;  0 drivers
S_00000212fa7e2180 .scope module, "SB_GB_IO" "SB_GB_IO" 3 123;
 .timescale -12 -12;
    .port_info 0 /INOUT 1 "PACKAGE_PIN";
    .port_info 1 /OUTPUT 1 "GLOBAL_BUFFER_OUTPUT";
    .port_info 2 /INPUT 1 "LATCH_INPUT_VALUE";
    .port_info 3 /INPUT 1 "CLOCK_ENABLE";
    .port_info 4 /INPUT 1 "INPUT_CLK";
    .port_info 5 /INPUT 1 "OUTPUT_CLK";
    .port_info 6 /INPUT 1 "OUTPUT_ENABLE";
    .port_info 7 /INPUT 1 "D_OUT_0";
    .port_info 8 /INPUT 1 "D_OUT_1";
    .port_info 9 /OUTPUT 1 "D_IN_0";
    .port_info 10 /OUTPUT 1 "D_IN_1";
P_00000212fa61b540 .param/str "IO_STANDARD" 0 3 139, "SB_LVCMOS";
P_00000212fa61b578 .param/l "NEG_TRIGGER" 0 3 138, C4<0>;
P_00000212fa61b5b0 .param/l "PIN_TYPE" 0 3 136, C4<000000>;
P_00000212fa61b5e8 .param/l "PULLUP" 0 3 137, C4<0>;
o00000212fa805f08 .functor BUFZ 1, c4<z>; HiZ drive
L_00000212fa8bb2b0 .functor BUFZ 1, o00000212fa805f08, C4<0>, C4<0>, C4<0>;
o00000212fa805d58 .functor BUFZ 1, c4<z>; HiZ drive
v00000212fa84cef0_0 .net "CLOCK_ENABLE", 0 0, o00000212fa805d58;  0 drivers
v00000212fa84d990_0 .net "D_IN_0", 0 0, L_00000212fa8bade0;  1 drivers
v00000212fa84c130_0 .net "D_IN_1", 0 0, L_00000212fa8ba130;  1 drivers
o00000212fa805de8 .functor BUFZ 1, c4<z>; HiZ drive
v00000212fa84d710_0 .net "D_OUT_0", 0 0, o00000212fa805de8;  0 drivers
o00000212fa805e18 .functor BUFZ 1, c4<z>; HiZ drive
v00000212fa84d530_0 .net "D_OUT_1", 0 0, o00000212fa805e18;  0 drivers
v00000212fa84c810_0 .net "GLOBAL_BUFFER_OUTPUT", 0 0, L_00000212fa8bb2b0;  1 drivers
o00000212fa805e48 .functor BUFZ 1, c4<z>; HiZ drive
v00000212fa84cbd0_0 .net "INPUT_CLK", 0 0, o00000212fa805e48;  0 drivers
o00000212fa805e78 .functor BUFZ 1, c4<z>; HiZ drive
v00000212fa84c9f0_0 .net "LATCH_INPUT_VALUE", 0 0, o00000212fa805e78;  0 drivers
o00000212fa805ea8 .functor BUFZ 1, c4<z>; HiZ drive
v00000212fa84cf90_0 .net "OUTPUT_CLK", 0 0, o00000212fa805ea8;  0 drivers
o00000212fa805ed8 .functor BUFZ 1, c4<z>; HiZ drive
v00000212fa84b410_0 .net "OUTPUT_ENABLE", 0 0, o00000212fa805ed8;  0 drivers
v00000212fa84c590_0 .net "PACKAGE_PIN", 0 0, o00000212fa805f08;  0 drivers
S_00000212fa7e6bf0 .scope module, "IO" "SB_IO" 3 148, 3 17 0, S_00000212fa7e2180;
 .timescale -12 -12;
    .port_info 0 /INOUT 1 "PACKAGE_PIN";
    .port_info 1 /INPUT 1 "LATCH_INPUT_VALUE";
    .port_info 2 /INPUT 1 "CLOCK_ENABLE";
    .port_info 3 /INPUT 1 "INPUT_CLK";
    .port_info 4 /INPUT 1 "OUTPUT_CLK";
    .port_info 5 /INPUT 1 "OUTPUT_ENABLE";
    .port_info 6 /INPUT 1 "D_OUT_0";
    .port_info 7 /INPUT 1 "D_OUT_1";
    .port_info 8 /OUTPUT 1 "D_IN_0";
    .port_info 9 /OUTPUT 1 "D_IN_1";
P_00000212fa842700 .param/str "IO_STANDARD" 0 3 32, "SB_LVCMOS";
P_00000212fa842738 .param/l "NEG_TRIGGER" 0 3 31, C4<0>;
P_00000212fa842770 .param/l "PIN_TYPE" 0 3 29, C4<000000>;
P_00000212fa8427a8 .param/l "PULLUP" 0 3 30, C4<0>;
L_00000212fa8bb940 .functor OR 1, o00000212fa805d58, L_00000212fa8d4fd0, C4<0>, C4<0>;
L_00000212fa8bade0 .functor BUFZ 1, v00000212fa8475e0_0, C4<0>, C4<0>, C4<0>;
L_00000212fa8ba130 .functor BUFZ 1, v00000212fa8477c0_0, C4<0>, C4<0>, C4<0>;
v00000212fa8479a0_0 .net "CLOCK_ENABLE", 0 0, o00000212fa805d58;  alias, 0 drivers
v00000212fa848e40_0 .net "D_IN_0", 0 0, L_00000212fa8bade0;  alias, 1 drivers
v00000212fa847ae0_0 .net "D_IN_1", 0 0, L_00000212fa8ba130;  alias, 1 drivers
v00000212fa847400_0 .net "D_OUT_0", 0 0, o00000212fa805de8;  alias, 0 drivers
v00000212fa8486c0_0 .net "D_OUT_1", 0 0, o00000212fa805e18;  alias, 0 drivers
v00000212fa8495c0_0 .net "INPUT_CLK", 0 0, o00000212fa805e48;  alias, 0 drivers
v00000212fa848940_0 .net "LATCH_INPUT_VALUE", 0 0, o00000212fa805e78;  alias, 0 drivers
v00000212fa8488a0_0 .net "OUTPUT_CLK", 0 0, o00000212fa805ea8;  alias, 0 drivers
v00000212fa848b20_0 .net "OUTPUT_ENABLE", 0 0, o00000212fa805ed8;  alias, 0 drivers
v00000212fa849a20_0 .net "PACKAGE_PIN", 0 0, o00000212fa805f08;  alias, 0 drivers
o00000212fa805f38 .functor BUFZ 1, c4<z>; HiZ drive
; Elide local net with no drivers, v00000212fa848ee0_0 name=_ivl_0
v00000212fa849020_0 .net *"_ivl_2", 0 0, L_00000212fa8d4fd0;  1 drivers
v00000212fa848f80_0 .net "clken_pulled", 0 0, L_00000212fa8bb940;  1 drivers
v00000212fa8474a0_0 .var "clken_pulled_ri", 0 0;
v00000212fa849200_0 .var "clken_pulled_ro", 0 0;
v00000212fa8475e0_0 .var "din_0", 0 0;
v00000212fa8477c0_0 .var "din_1", 0 0;
v00000212fa847860_0 .var "din_q_0", 0 0;
v00000212fa847900_0 .var "din_q_1", 0 0;
v00000212fa848bc0_0 .var "dout", 0 0;
v00000212fa847b80_0 .var "dout_q_0", 0 0;
v00000212fa847cc0_0 .var "dout_q_1", 0 0;
v00000212fa847ea0_0 .var "outclk_delayed_1", 0 0;
v00000212fa84c770_0 .var "outclk_delayed_2", 0 0;
v00000212fa84c6d0_0 .var "outena_q", 0 0;
E_00000212fa7cfea0 .event anyedge, v00000212fa84c770_0, v00000212fa847b80_0, v00000212fa847cc0_0;
E_00000212fa7cfc20 .event anyedge, v00000212fa847ea0_0;
E_00000212fa7cfe20 .event anyedge, v00000212fa8488a0_0;
E_00000212fa7cfc60 .event anyedge, v00000212fa847860_0, v00000212fa847900_0;
L_00000212fa8d4fd0 .cmp/eeq 1, o00000212fa805d58, o00000212fa805f38;
S_00000212fa7e6d80 .scope generate, "genblk1" "genblk1" 3 45, 3 45 0, S_00000212fa7e6bf0;
 .timescale -12 -12;
E_00000212fa7cfee0 .event posedge, v00000212fa8488a0_0;
E_00000212fa7cff20 .event negedge, v00000212fa8488a0_0;
E_00000212fa7cff60 .event negedge, v00000212fa8495c0_0;
E_00000212fa7cffa0 .event posedge, v00000212fa8495c0_0;
S_00000212fa7e1cd0 .scope module, "SB_I2C" "SB_I2C" 3 2733;
 .timescale -12 -12;
    .port_info 0 /INPUT 1 "SBCLKI";
    .port_info 1 /INPUT 1 "SBRWI";
    .port_info 2 /INPUT 1 "SBSTBI";
    .port_info 3 /INPUT 1 "SBADRI7";
    .port_info 4 /INPUT 1 "SBADRI6";
    .port_info 5 /INPUT 1 "SBADRI5";
    .port_info 6 /INPUT 1 "SBADRI4";
    .port_info 7 /INPUT 1 "SBADRI3";
    .port_info 8 /INPUT 1 "SBADRI2";
    .port_info 9 /INPUT 1 "SBADRI1";
    .port_info 10 /INPUT 1 "SBADRI0";
    .port_info 11 /INPUT 1 "SBDATI7";
    .port_info 12 /INPUT 1 "SBDATI6";
    .port_info 13 /INPUT 1 "SBDATI5";
    .port_info 14 /INPUT 1 "SBDATI4";
    .port_info 15 /INPUT 1 "SBDATI3";
    .port_info 16 /INPUT 1 "SBDATI2";
    .port_info 17 /INPUT 1 "SBDATI1";
    .port_info 18 /INPUT 1 "SBDATI0";
    .port_info 19 /INPUT 1 "SCLI";
    .port_info 20 /INPUT 1 "SDAI";
    .port_info 21 /OUTPUT 1 "SBDATO7";
    .port_info 22 /OUTPUT 1 "SBDATO6";
    .port_info 23 /OUTPUT 1 "SBDATO5";
    .port_info 24 /OUTPUT 1 "SBDATO4";
    .port_info 25 /OUTPUT 1 "SBDATO3";
    .port_info 26 /OUTPUT 1 "SBDATO2";
    .port_info 27 /OUTPUT 1 "SBDATO1";
    .port_info 28 /OUTPUT 1 "SBDATO0";
    .port_info 29 /OUTPUT 1 "SBACKO";
    .port_info 30 /OUTPUT 1 "I2CIRQ";
    .port_info 31 /OUTPUT 1 "I2CWKUP";
    .port_info 32 /OUTPUT 1 "SCLO";
    .port_info 33 /OUTPUT 1 "SCLOE";
    .port_info 34 /OUTPUT 1 "SDAO";
    .port_info 35 /OUTPUT 1 "SDAOE";
P_00000212fa606b80 .param/str "BUS_ADDR74" 0 3 2772, "0b0001";
P_00000212fa606bb8 .param/str "I2C_SLAVE_INIT_ADDR" 0 3 2771, "0b1111100001";
o00000212fa806628 .functor BUFZ 1, c4<z>; HiZ drive
v00000212fa84bc30_0 .net "I2CIRQ", 0 0, o00000212fa806628;  0 drivers
o00000212fa806658 .functor BUFZ 1, c4<z>; HiZ drive
v00000212fa84c090_0 .net "I2CWKUP", 0 0, o00000212fa806658;  0 drivers
o00000212fa806688 .functor BUFZ 1, c4<z>; HiZ drive
v00000212fa84b690_0 .net "SBACKO", 0 0, o00000212fa806688;  0 drivers
o00000212fa8066b8 .functor BUFZ 1, c4<z>; HiZ drive
v00000212fa84d5d0_0 .net "SBADRI0", 0 0, o00000212fa8066b8;  0 drivers
o00000212fa8066e8 .functor BUFZ 1, c4<z>; HiZ drive
v00000212fa84d2b0_0 .net "SBADRI1", 0 0, o00000212fa8066e8;  0 drivers
o00000212fa806718 .functor BUFZ 1, c4<z>; HiZ drive
v00000212fa84cdb0_0 .net "SBADRI2", 0 0, o00000212fa806718;  0 drivers
o00000212fa806748 .functor BUFZ 1, c4<z>; HiZ drive
v00000212fa84beb0_0 .net "SBADRI3", 0 0, o00000212fa806748;  0 drivers
o00000212fa806778 .functor BUFZ 1, c4<z>; HiZ drive
v00000212fa84c4f0_0 .net "SBADRI4", 0 0, o00000212fa806778;  0 drivers
o00000212fa8067a8 .functor BUFZ 1, c4<z>; HiZ drive
v00000212fa84d8f0_0 .net "SBADRI5", 0 0, o00000212fa8067a8;  0 drivers
o00000212fa8067d8 .functor BUFZ 1, c4<z>; HiZ drive
v00000212fa84c270_0 .net "SBADRI6", 0 0, o00000212fa8067d8;  0 drivers
o00000212fa806808 .functor BUFZ 1, c4<z>; HiZ drive
v00000212fa84ba50_0 .net "SBADRI7", 0 0, o00000212fa806808;  0 drivers
o00000212fa806838 .functor BUFZ 1, c4<z>; HiZ drive
v00000212fa84ca90_0 .net "SBCLKI", 0 0, o00000212fa806838;  0 drivers
o00000212fa806868 .functor BUFZ 1, c4<z>; HiZ drive
v00000212fa84c1d0_0 .net "SBDATI0", 0 0, o00000212fa806868;  0 drivers
o00000212fa806898 .functor BUFZ 1, c4<z>; HiZ drive
v00000212fa84c310_0 .net "SBDATI1", 0 0, o00000212fa806898;  0 drivers
o00000212fa8068c8 .functor BUFZ 1, c4<z>; HiZ drive
v00000212fa84c950_0 .net "SBDATI2", 0 0, o00000212fa8068c8;  0 drivers
o00000212fa8068f8 .functor BUFZ 1, c4<z>; HiZ drive
v00000212fa84d3f0_0 .net "SBDATI3", 0 0, o00000212fa8068f8;  0 drivers
o00000212fa806928 .functor BUFZ 1, c4<z>; HiZ drive
v00000212fa84c3b0_0 .net "SBDATI4", 0 0, o00000212fa806928;  0 drivers
o00000212fa806958 .functor BUFZ 1, c4<z>; HiZ drive
v00000212fa84c450_0 .net "SBDATI5", 0 0, o00000212fa806958;  0 drivers
o00000212fa806988 .functor BUFZ 1, c4<z>; HiZ drive
v00000212fa84c630_0 .net "SBDATI6", 0 0, o00000212fa806988;  0 drivers
o00000212fa8069b8 .functor BUFZ 1, c4<z>; HiZ drive
v00000212fa84c8b0_0 .net "SBDATI7", 0 0, o00000212fa8069b8;  0 drivers
o00000212fa8069e8 .functor BUFZ 1, c4<z>; HiZ drive
v00000212fa84d850_0 .net "SBDATO0", 0 0, o00000212fa8069e8;  0 drivers
o00000212fa806a18 .functor BUFZ 1, c4<z>; HiZ drive
v00000212fa84cb30_0 .net "SBDATO1", 0 0, o00000212fa806a18;  0 drivers
o00000212fa806a48 .functor BUFZ 1, c4<z>; HiZ drive
v00000212fa84cc70_0 .net "SBDATO2", 0 0, o00000212fa806a48;  0 drivers
o00000212fa806a78 .functor BUFZ 1, c4<z>; HiZ drive
v00000212fa84bf50_0 .net "SBDATO3", 0 0, o00000212fa806a78;  0 drivers
o00000212fa806aa8 .functor BUFZ 1, c4<z>; HiZ drive
v00000212fa84cd10_0 .net "SBDATO4", 0 0, o00000212fa806aa8;  0 drivers
o00000212fa806ad8 .functor BUFZ 1, c4<z>; HiZ drive
v00000212fa84da30_0 .net "SBDATO5", 0 0, o00000212fa806ad8;  0 drivers
o00000212fa806b08 .functor BUFZ 1, c4<z>; HiZ drive
v00000212fa84d490_0 .net "SBDATO6", 0 0, o00000212fa806b08;  0 drivers
o00000212fa806b38 .functor BUFZ 1, c4<z>; HiZ drive
v00000212fa84d350_0 .net "SBDATO7", 0 0, o00000212fa806b38;  0 drivers
o00000212fa806b68 .functor BUFZ 1, c4<z>; HiZ drive
v00000212fa84ce50_0 .net "SBRWI", 0 0, o00000212fa806b68;  0 drivers
o00000212fa806b98 .functor BUFZ 1, c4<z>; HiZ drive
v00000212fa84d030_0 .net "SBSTBI", 0 0, o00000212fa806b98;  0 drivers
o00000212fa806bc8 .functor BUFZ 1, c4<z>; HiZ drive
v00000212fa84d670_0 .net "SCLI", 0 0, o00000212fa806bc8;  0 drivers
o00000212fa806bf8 .functor BUFZ 1, c4<z>; HiZ drive
v00000212fa84d0d0_0 .net "SCLO", 0 0, o00000212fa806bf8;  0 drivers
o00000212fa806c28 .functor BUFZ 1, c4<z>; HiZ drive
v00000212fa84b910_0 .net "SCLOE", 0 0, o00000212fa806c28;  0 drivers
o00000212fa806c58 .functor BUFZ 1, c4<z>; HiZ drive
v00000212fa84d170_0 .net "SDAI", 0 0, o00000212fa806c58;  0 drivers
o00000212fa806c88 .functor BUFZ 1, c4<z>; HiZ drive
v00000212fa84d7b0_0 .net "SDAO", 0 0, o00000212fa806c88;  0 drivers
o00000212fa806cb8 .functor BUFZ 1, c4<z>; HiZ drive
v00000212fa84baf0_0 .net "SDAOE", 0 0, o00000212fa806cb8;  0 drivers
S_00000212fa7e11e0 .scope module, "SB_IO_I3C" "SB_IO_I3C" 3 2862;
 .timescale -12 -12;
    .port_info 0 /INOUT 1 "PACKAGE_PIN";
    .port_info 1 /INPUT 1 "LATCH_INPUT_VALUE";
    .port_info 2 /INPUT 1 "CLOCK_ENABLE";
    .port_info 3 /INPUT 1 "INPUT_CLK";
    .port_info 4 /INPUT 1 "OUTPUT_CLK";
    .port_info 5 /INPUT 1 "OUTPUT_ENABLE";
    .port_info 6 /INPUT 1 "D_OUT_0";
    .port_info 7 /INPUT 1 "D_OUT_1";
    .port_info 8 /OUTPUT 1 "D_IN_0";
    .port_info 9 /OUTPUT 1 "D_IN_1";
    .port_info 10 /INPUT 1 "PU_ENB";
    .port_info 11 /INPUT 1 "WEAK_PU_ENB";
P_00000212fa563d10 .param/str "IO_STANDARD" 0 3 2880, "SB_LVCMOS";
P_00000212fa563d48 .param/l "NEG_TRIGGER" 0 3 2879, C4<0>;
P_00000212fa563d80 .param/l "PIN_TYPE" 0 3 2876, C4<000000>;
P_00000212fa563db8 .param/l "PULLUP" 0 3 2877, C4<0>;
P_00000212fa563df0 .param/l "WEAK_PULLUP" 0 3 2878, C4<0>;
L_00000212fa8bb5c0 .functor BUFZ 1, v00000212fa84bcd0_0, C4<0>, C4<0>, C4<0>;
L_00000212fa8ba830 .functor BUFZ 1, v00000212fa84bd70_0, C4<0>, C4<0>, C4<0>;
o00000212fa8073a8 .functor BUFZ 1, c4<z>; HiZ drive
v00000212fa84d210_0 .net "CLOCK_ENABLE", 0 0, o00000212fa8073a8;  0 drivers
v00000212fa84dad0_0 .net "D_IN_0", 0 0, L_00000212fa8bb5c0;  1 drivers
v00000212fa84db70_0 .net "D_IN_1", 0 0, L_00000212fa8ba830;  1 drivers
o00000212fa807438 .functor BUFZ 1, c4<z>; HiZ drive
v00000212fa84b4b0_0 .net "D_OUT_0", 0 0, o00000212fa807438;  0 drivers
o00000212fa807468 .functor BUFZ 1, c4<z>; HiZ drive
v00000212fa84b550_0 .net "D_OUT_1", 0 0, o00000212fa807468;  0 drivers
o00000212fa807498 .functor BUFZ 1, c4<z>; HiZ drive
v00000212fa84b5f0_0 .net "INPUT_CLK", 0 0, o00000212fa807498;  0 drivers
o00000212fa8074c8 .functor BUFZ 1, c4<z>; HiZ drive
v00000212fa84b730_0 .net "LATCH_INPUT_VALUE", 0 0, o00000212fa8074c8;  0 drivers
o00000212fa8074f8 .functor BUFZ 1, c4<z>; HiZ drive
v00000212fa84bff0_0 .net "OUTPUT_CLK", 0 0, o00000212fa8074f8;  0 drivers
o00000212fa807528 .functor BUFZ 1, c4<z>; HiZ drive
v00000212fa84b7d0_0 .net "OUTPUT_ENABLE", 0 0, o00000212fa807528;  0 drivers
o00000212fa807558 .functor BUFZ 1, c4<z>; HiZ drive
v00000212fa84b870_0 .net "PACKAGE_PIN", 0 0, o00000212fa807558;  0 drivers
o00000212fa807588 .functor BUFZ 1, c4<z>; HiZ drive
v00000212fa84bb90_0 .net "PU_ENB", 0 0, o00000212fa807588;  0 drivers
o00000212fa8075b8 .functor BUFZ 1, c4<z>; HiZ drive
v00000212fa84b9b0_0 .net "WEAK_PU_ENB", 0 0, o00000212fa8075b8;  0 drivers
v00000212fa84bcd0_0 .var "din_0", 0 0;
v00000212fa84bd70_0 .var "din_1", 0 0;
v00000212fa84be10_0 .var "din_q_0", 0 0;
v00000212fa84e610_0 .var "din_q_1", 0 0;
v00000212fa84e390_0 .var "dout", 0 0;
v00000212fa84e930_0 .var "dout_q_0", 0 0;
v00000212fa84e1b0_0 .var "dout_q_1", 0 0;
v00000212fa84e2f0_0 .var "outclk_delayed_1", 0 0;
v00000212fa84ea70_0 .var "outclk_delayed_2", 0 0;
v00000212fa84f0b0_0 .var "outena_q", 0 0;
E_00000212fa7cffe0 .event anyedge, v00000212fa84ea70_0, v00000212fa84e930_0, v00000212fa84e1b0_0;
E_00000212fa7d0020 .event anyedge, v00000212fa84e2f0_0;
E_00000212fa7d1820 .event anyedge, v00000212fa84bff0_0;
E_00000212fa7d0b20 .event anyedge, v00000212fa84be10_0, v00000212fa84e610_0;
S_00000212fa7e70a0 .scope generate, "genblk1" "genblk1" 3 2888, 3 2888 0, S_00000212fa7e11e0;
 .timescale -12 -12;
E_00000212fa7d0b60 .event posedge, v00000212fa84bff0_0;
E_00000212fa7d11a0 .event negedge, v00000212fa84bff0_0;
E_00000212fa7d1360 .event negedge, v00000212fa84b5f0_0;
E_00000212fa7d11e0 .event posedge, v00000212fa84b5f0_0;
S_00000212fa7e1e60 .scope module, "SB_IO_OD" "SB_IO_OD" 3 2931;
 .timescale -12 -12;
    .port_info 0 /INOUT 1 "PACKAGEPIN";
    .port_info 1 /INPUT 1 "LATCHINPUTVALUE";
    .port_info 2 /INPUT 1 "CLOCKENABLE";
    .port_info 3 /INPUT 1 "INPUTCLK";
    .port_info 4 /INPUT 1 "OUTPUTCLK";
    .port_info 5 /INPUT 1 "OUTPUTENABLE";
    .port_info 6 /INPUT 1 "DOUT1";
    .port_info 7 /INPUT 1 "DOUT0";
    .port_info 8 /OUTPUT 1 "DIN1";
    .port_info 9 /OUTPUT 1 "DIN0";
P_00000212fa605600 .param/l "NEG_TRIGGER" 0 3 2944, C4<0>;
P_00000212fa605638 .param/l "PIN_TYPE" 0 3 2943, C4<000000>;
L_00000212fa8bb9b0 .functor BUFZ 1, v00000212fa84e890_0, C4<0>, C4<0>, C4<0>;
L_00000212fa8bb470 .functor BUFZ 1, v00000212fa84e7f0_0, C4<0>, C4<0>, C4<0>;
o00000212fa807a08 .functor BUFZ 1, c4<z>; HiZ drive
v00000212fa84e4d0_0 .net "CLOCKENABLE", 0 0, o00000212fa807a08;  0 drivers
v00000212fa84e430_0 .net "DIN0", 0 0, L_00000212fa8bb9b0;  1 drivers
v00000212fa84eed0_0 .net "DIN1", 0 0, L_00000212fa8bb470;  1 drivers
o00000212fa807a98 .functor BUFZ 1, c4<z>; HiZ drive
v00000212fa84e570_0 .net "DOUT0", 0 0, o00000212fa807a98;  0 drivers
o00000212fa807ac8 .functor BUFZ 1, c4<z>; HiZ drive
v00000212fa84e250_0 .net "DOUT1", 0 0, o00000212fa807ac8;  0 drivers
o00000212fa807af8 .functor BUFZ 1, c4<z>; HiZ drive
v00000212fa84f150_0 .net "INPUTCLK", 0 0, o00000212fa807af8;  0 drivers
o00000212fa807b28 .functor BUFZ 1, c4<z>; HiZ drive
v00000212fa84eb10_0 .net "LATCHINPUTVALUE", 0 0, o00000212fa807b28;  0 drivers
o00000212fa807b58 .functor BUFZ 1, c4<z>; HiZ drive
v00000212fa84e6b0_0 .net "OUTPUTCLK", 0 0, o00000212fa807b58;  0 drivers
o00000212fa807b88 .functor BUFZ 1, c4<z>; HiZ drive
v00000212fa84ebb0_0 .net "OUTPUTENABLE", 0 0, o00000212fa807b88;  0 drivers
o00000212fa807bb8 .functor BUFZ 1, c4<z>; HiZ drive
v00000212fa84e750_0 .net "PACKAGEPIN", 0 0, o00000212fa807bb8;  0 drivers
v00000212fa84e890_0 .var "din_0", 0 0;
v00000212fa84e7f0_0 .var "din_1", 0 0;
v00000212fa84e9d0_0 .var "din_q_0", 0 0;
v00000212fa84e110_0 .var "din_q_1", 0 0;
v00000212fa84f1f0_0 .var "dout", 0 0;
v00000212fa84dd50_0 .var "dout_q_0", 0 0;
v00000212fa84f010_0 .var "dout_q_1", 0 0;
v00000212fa84dcb0_0 .var "outclk_delayed_1", 0 0;
v00000212fa84ec50_0 .var "outclk_delayed_2", 0 0;
v00000212fa84f290_0 .var "outena_q", 0 0;
E_00000212fa7d14a0 .event anyedge, v00000212fa84ec50_0, v00000212fa84dd50_0, v00000212fa84f010_0;
E_00000212fa7d10e0 .event anyedge, v00000212fa84dcb0_0;
E_00000212fa7d1920 .event anyedge, v00000212fa84e6b0_0;
E_00000212fa7d1020 .event anyedge, v00000212fa84e9d0_0, v00000212fa84e110_0;
S_00000212fa7e7230 .scope generate, "genblk1" "genblk1" 3 2952, 3 2952 0, S_00000212fa7e1e60;
 .timescale -12 -12;
E_00000212fa7d0fa0 .event posedge, v00000212fa84e6b0_0;
E_00000212fa7d19a0 .event negedge, v00000212fa84e6b0_0;
E_00000212fa7d1720 .event negedge, v00000212fa84f150_0;
E_00000212fa7d15e0 .event posedge, v00000212fa84f150_0;
S_00000212fa7e0ba0 .scope module, "SB_LEDDA_IP" "SB_LEDDA_IP" 3 2830;
 .timescale -12 -12;
    .port_info 0 /INPUT 1 "LEDDCS";
    .port_info 1 /INPUT 1 "LEDDCLK";
    .port_info 2 /INPUT 1 "LEDDDAT7";
    .port_info 3 /INPUT 1 "LEDDDAT6";
    .port_info 4 /INPUT 1 "LEDDDAT5";
    .port_info 5 /INPUT 1 "LEDDDAT4";
    .port_info 6 /INPUT 1 "LEDDDAT3";
    .port_info 7 /INPUT 1 "LEDDDAT2";
    .port_info 8 /INPUT 1 "LEDDDAT1";
    .port_info 9 /INPUT 1 "LEDDDAT0";
    .port_info 10 /INPUT 1 "LEDDADDR3";
    .port_info 11 /INPUT 1 "LEDDADDR2";
    .port_info 12 /INPUT 1 "LEDDADDR1";
    .port_info 13 /INPUT 1 "LEDDADDR0";
    .port_info 14 /INPUT 1 "LEDDDEN";
    .port_info 15 /INPUT 1 "LEDDEXE";
    .port_info 16 /INPUT 1 "LEDDRST";
    .port_info 17 /OUTPUT 1 "PWMOUT0";
    .port_info 18 /OUTPUT 1 "PWMOUT1";
    .port_info 19 /OUTPUT 1 "PWMOUT2";
    .port_info 20 /OUTPUT 1 "LEDDON";
o00000212fa807fa8 .functor BUFZ 1, c4<z>; HiZ drive
v00000212fa84ddf0_0 .net "LEDDADDR0", 0 0, o00000212fa807fa8;  0 drivers
o00000212fa807fd8 .functor BUFZ 1, c4<z>; HiZ drive
v00000212fa84ecf0_0 .net "LEDDADDR1", 0 0, o00000212fa807fd8;  0 drivers
o00000212fa808008 .functor BUFZ 1, c4<z>; HiZ drive
v00000212fa84ed90_0 .net "LEDDADDR2", 0 0, o00000212fa808008;  0 drivers
o00000212fa808038 .functor BUFZ 1, c4<z>; HiZ drive
v00000212fa84ee30_0 .net "LEDDADDR3", 0 0, o00000212fa808038;  0 drivers
o00000212fa808068 .functor BUFZ 1, c4<z>; HiZ drive
v00000212fa84ef70_0 .net "LEDDCLK", 0 0, o00000212fa808068;  0 drivers
o00000212fa808098 .functor BUFZ 1, c4<z>; HiZ drive
v00000212fa84dc10_0 .net "LEDDCS", 0 0, o00000212fa808098;  0 drivers
o00000212fa8080c8 .functor BUFZ 1, c4<z>; HiZ drive
v00000212fa84de90_0 .net "LEDDDAT0", 0 0, o00000212fa8080c8;  0 drivers
o00000212fa8080f8 .functor BUFZ 1, c4<z>; HiZ drive
v00000212fa84df30_0 .net "LEDDDAT1", 0 0, o00000212fa8080f8;  0 drivers
o00000212fa808128 .functor BUFZ 1, c4<z>; HiZ drive
v00000212fa84dfd0_0 .net "LEDDDAT2", 0 0, o00000212fa808128;  0 drivers
o00000212fa808158 .functor BUFZ 1, c4<z>; HiZ drive
v00000212fa84e070_0 .net "LEDDDAT3", 0 0, o00000212fa808158;  0 drivers
o00000212fa808188 .functor BUFZ 1, c4<z>; HiZ drive
v00000212fa8514a0_0 .net "LEDDDAT4", 0 0, o00000212fa808188;  0 drivers
o00000212fa8081b8 .functor BUFZ 1, c4<z>; HiZ drive
v00000212fa851720_0 .net "LEDDDAT5", 0 0, o00000212fa8081b8;  0 drivers
o00000212fa8081e8 .functor BUFZ 1, c4<z>; HiZ drive
v00000212fa851540_0 .net "LEDDDAT6", 0 0, o00000212fa8081e8;  0 drivers
o00000212fa808218 .functor BUFZ 1, c4<z>; HiZ drive
v00000212fa850dc0_0 .net "LEDDDAT7", 0 0, o00000212fa808218;  0 drivers
o00000212fa808248 .functor BUFZ 1, c4<z>; HiZ drive
v00000212fa850500_0 .net "LEDDDEN", 0 0, o00000212fa808248;  0 drivers
o00000212fa808278 .functor BUFZ 1, c4<z>; HiZ drive
v00000212fa84f740_0 .net "LEDDEXE", 0 0, o00000212fa808278;  0 drivers
o00000212fa8082a8 .functor BUFZ 1, c4<z>; HiZ drive
v00000212fa850460_0 .net "LEDDON", 0 0, o00000212fa8082a8;  0 drivers
o00000212fa8082d8 .functor BUFZ 1, c4<z>; HiZ drive
v00000212fa851900_0 .net "LEDDRST", 0 0, o00000212fa8082d8;  0 drivers
o00000212fa808308 .functor BUFZ 1, c4<z>; HiZ drive
v00000212fa851b80_0 .net "PWMOUT0", 0 0, o00000212fa808308;  0 drivers
o00000212fa808338 .functor BUFZ 1, c4<z>; HiZ drive
v00000212fa84ff60_0 .net "PWMOUT1", 0 0, o00000212fa808338;  0 drivers
o00000212fa808368 .functor BUFZ 1, c4<z>; HiZ drive
v00000212fa851040_0 .net "PWMOUT2", 0 0, o00000212fa808368;  0 drivers
S_00000212fa7e2310 .scope module, "SB_LED_DRV_CUR" "SB_LED_DRV_CUR" 3 2709;
 .timescale -12 -12;
    .port_info 0 /INPUT 1 "EN";
    .port_info 1 /OUTPUT 1 "LEDPU";
o00000212fa808788 .functor BUFZ 1, c4<z>; HiZ drive
v00000212fa8501e0_0 .net "EN", 0 0, o00000212fa808788;  0 drivers
o00000212fa8087b8 .functor BUFZ 1, c4<z>; HiZ drive
v00000212fa8519a0_0 .net "LEDPU", 0 0, o00000212fa8087b8;  0 drivers
S_00000212fa7e1b40 .scope module, "SB_LFOSC" "SB_LFOSC" 3 2684;
 .timescale -12 -12;
    .port_info 0 /INPUT 1 "CLKLFPU";
    .port_info 1 /INPUT 1 "CLKLFEN";
    .port_info 2 /OUTPUT 1 "CLKLF";
o00000212fa808848 .functor BUFZ 1, c4<z>; HiZ drive
v00000212fa850280_0 .net "CLKLF", 0 0, o00000212fa808848;  0 drivers
o00000212fa808878 .functor BUFZ 1, c4<z>; HiZ drive
v00000212fa851860_0 .net "CLKLFEN", 0 0, o00000212fa808878;  0 drivers
o00000212fa8088a8 .functor BUFZ 1, c4<z>; HiZ drive
v00000212fa84f7e0_0 .net "CLKLFPU", 0 0, o00000212fa8088a8;  0 drivers
S_00000212fa7e1500 .scope module, "SB_LUT4" "SB_LUT4" 3 177;
 .timescale -12 -12;
    .port_info 0 /OUTPUT 1 "O";
    .port_info 1 /INPUT 1 "I0";
    .port_info 2 /INPUT 1 "I1";
    .port_info 3 /INPUT 1 "I2";
    .port_info 4 /INPUT 1 "I3";
P_00000212fa7d0120 .param/l "LUT_INIT" 0 3 184, C4<0000000000000000>;
o00000212fa808968 .functor BUFZ 1, c4<z>; HiZ drive
v00000212fa84fd80_0 .net "I0", 0 0, o00000212fa808968;  0 drivers
o00000212fa808998 .functor BUFZ 1, c4<z>; HiZ drive
v00000212fa850aa0_0 .net "I1", 0 0, o00000212fa808998;  0 drivers
o00000212fa8089c8 .functor BUFZ 1, c4<z>; HiZ drive
v00000212fa851680_0 .net "I2", 0 0, o00000212fa8089c8;  0 drivers
o00000212fa8089f8 .functor BUFZ 1, c4<z>; HiZ drive
v00000212fa84f560_0 .net "I3", 0 0, o00000212fa8089f8;  0 drivers
v00000212fa850fa0_0 .net "O", 0 0, L_00000212fa8d47b0;  1 drivers
L_00000212fa872250 .functor BUFT 1, C4<00000000>, C4<0>, C4<0>, C4<0>;
v00000212fa850be0_0 .net/2u *"_ivl_0", 7 0, L_00000212fa872250;  1 drivers
v00000212fa8505a0_0 .net *"_ivl_13", 1 0, L_00000212fa8d4e90;  1 drivers
v00000212fa850820_0 .net *"_ivl_15", 1 0, L_00000212fa8d3950;  1 drivers
v00000212fa84f9c0_0 .net *"_ivl_19", 0 0, L_00000212fa8d5110;  1 drivers
L_00000212fa872298 .functor BUFT 1, C4<00000000>, C4<0>, C4<0>, C4<0>;
v00000212fa850320_0 .net/2u *"_ivl_2", 7 0, L_00000212fa872298;  1 drivers
v00000212fa84fa60_0 .net *"_ivl_21", 0 0, L_00000212fa8d4990;  1 drivers
v00000212fa84f920_0 .net *"_ivl_7", 3 0, L_00000212fa8d3b30;  1 drivers
v00000212fa8515e0_0 .net *"_ivl_9", 3 0, L_00000212fa8d4670;  1 drivers
v00000212fa851180_0 .net "s1", 1 0, L_00000212fa8d3d10;  1 drivers
v00000212fa8512c0_0 .net "s2", 3 0, L_00000212fa8d57f0;  1 drivers
v00000212fa850c80_0 .net "s3", 7 0, L_00000212fa8d42b0;  1 drivers
L_00000212fa8d42b0 .functor MUXZ 8, L_00000212fa872298, L_00000212fa872250, o00000212fa8089f8, C4<>;
L_00000212fa8d3b30 .part L_00000212fa8d42b0, 4, 4;
L_00000212fa8d4670 .part L_00000212fa8d42b0, 0, 4;
L_00000212fa8d57f0 .functor MUXZ 4, L_00000212fa8d4670, L_00000212fa8d3b30, o00000212fa8089c8, C4<>;
L_00000212fa8d4e90 .part L_00000212fa8d57f0, 2, 2;
L_00000212fa8d3950 .part L_00000212fa8d57f0, 0, 2;
L_00000212fa8d3d10 .functor MUXZ 2, L_00000212fa8d3950, L_00000212fa8d4e90, o00000212fa808998, C4<>;
L_00000212fa8d5110 .part L_00000212fa8d3d10, 1, 1;
L_00000212fa8d4990 .part L_00000212fa8d3d10, 0, 1;
L_00000212fa8d47b0 .functor MUXZ 1, L_00000212fa8d4990, L_00000212fa8d5110, o00000212fa808968, C4<>;
S_00000212fa7e2630 .scope module, "SB_MAC16" "SB_MAC16" 3 2996;
 .timescale -12 -12;
    .port_info 0 /INPUT 1 "CLK";
    .port_info 1 /INPUT 1 "CE";
    .port_info 2 /INPUT 16 "C";
    .port_info 3 /INPUT 16 "A";
    .port_info 4 /INPUT 16 "B";
    .port_info 5 /INPUT 16 "D";
    .port_info 6 /INPUT 1 "AHOLD";
    .port_info 7 /INPUT 1 "BHOLD";
    .port_info 8 /INPUT 1 "CHOLD";
    .port_info 9 /INPUT 1 "DHOLD";
    .port_info 10 /INPUT 1 "IRSTTOP";
    .port_info 11 /INPUT 1 "IRSTBOT";
    .port_info 12 /INPUT 1 "ORSTTOP";
    .port_info 13 /INPUT 1 "ORSTBOT";
    .port_info 14 /INPUT 1 "OLOADTOP";
    .port_info 15 /INPUT 1 "OLOADBOT";
    .port_info 16 /INPUT 1 "ADDSUBTOP";
    .port_info 17 /INPUT 1 "ADDSUBBOT";
    .port_info 18 /INPUT 1 "OHOLDTOP";
    .port_info 19 /INPUT 1 "OHOLDBOT";
    .port_info 20 /INPUT 1 "CI";
    .port_info 21 /INPUT 1 "ACCUMCI";
    .port_info 22 /INPUT 1 "SIGNEXTIN";
    .port_info 23 /OUTPUT 32 "O";
    .port_info 24 /OUTPUT 1 "CO";
    .port_info 25 /OUTPUT 1 "ACCUMCO";
    .port_info 26 /OUTPUT 1 "SIGNEXTOUT";
P_00000212fa56a850 .param/l "A_REG" 0 3 3011, C4<0>;
P_00000212fa56a888 .param/l "A_SIGNED" 0 3 3027, C4<0>;
P_00000212fa56a8c0 .param/l "BOTADDSUB_CARRYSELECT" 0 3 3025, C4<00>;
P_00000212fa56a8f8 .param/l "BOTADDSUB_LOWERINPUT" 0 3 3023, C4<00>;
P_00000212fa56a930 .param/l "BOTADDSUB_UPPERINPUT" 0 3 3024, C4<0>;
P_00000212fa56a968 .param/l "BOTOUTPUT_SELECT" 0 3 3022, C4<00>;
P_00000212fa56a9a0 .param/l "BOT_8x8_MULT_REG" 0 3 3015, C4<0>;
P_00000212fa56a9d8 .param/l "B_REG" 0 3 3012, C4<0>;
P_00000212fa56aa10 .param/l "B_SIGNED" 0 3 3028, C4<0>;
P_00000212fa56aa48 .param/l "C_REG" 0 3 3010, C4<0>;
P_00000212fa56aa80 .param/l "D_REG" 0 3 3013, C4<0>;
P_00000212fa56aab8 .param/l "MODE_8x8" 0 3 3026, C4<0>;
P_00000212fa56aaf0 .param/l "NEG_TRIGGER" 0 3 3009, C4<0>;
P_00000212fa56ab28 .param/l "PIPELINE_16x16_MULT_REG1" 0 3 3016, C4<0>;
P_00000212fa56ab60 .param/l "PIPELINE_16x16_MULT_REG2" 0 3 3017, C4<0>;
P_00000212fa56ab98 .param/l "TOPADDSUB_CARRYSELECT" 0 3 3021, C4<00>;
P_00000212fa56abd0 .param/l "TOPADDSUB_LOWERINPUT" 0 3 3019, C4<00>;
P_00000212fa56ac08 .param/l "TOPADDSUB_UPPERINPUT" 0 3 3020, C4<0>;
P_00000212fa56ac40 .param/l "TOPOUTPUT_SELECT" 0 3 3018, C4<00>;
P_00000212fa56ac78 .param/l "TOP_8x8_MULT_REG" 0 3 3014, C4<0>;
o00000212fa809058 .functor BUFZ 1, c4<z>; HiZ drive
L_00000212fa8722e0 .functor BUFT 1, C4<0>, C4<0>, C4<0>, C4<0>;
L_00000212fa8bb630 .functor XOR 1, o00000212fa809058, L_00000212fa8722e0, C4<0>, C4<0>;
o00000212fa808f98 .functor BUFZ 16, c4<zzzzzzzzzzzzzzzz>; HiZ drive
L_00000212fa8bafa0 .functor BUFZ 16, o00000212fa808f98, C4<0000000000000000>, C4<0000000000000000>, C4<0000000000000000>;
o00000212fa808d58 .functor BUFZ 16, c4<zzzzzzzzzzzzzzzz>; HiZ drive
L_00000212fa8bb860 .functor BUFZ 16, o00000212fa808d58, C4<0000000000000000>, C4<0000000000000000>, C4<0000000000000000>;
o00000212fa808ed8 .functor BUFZ 16, c4<zzzzzzzzzzzzzzzz>; HiZ drive
L_00000212fa8bba20 .functor BUFZ 16, o00000212fa808ed8, C4<0000000000000000>, C4<0000000000000000>, C4<0000000000000000>;
o00000212fa8090b8 .functor BUFZ 16, c4<zzzzzzzzzzzzzzzz>; HiZ drive
L_00000212fa8bb010 .functor BUFZ 16, o00000212fa8090b8, C4<0000000000000000>, C4<0000000000000000>, C4<0000000000000000>;
L_00000212fa8bb4e0 .functor BUFZ 16, L_00000212fa8d3e50, C4<0000000000000000>, C4<0000000000000000>, C4<0000000000000000>;
L_00000212fa8bba90 .functor BUFZ 16, L_00000212fa8d4cb0, C4<0000000000000000>, C4<0000000000000000>, C4<0000000000000000>;
L_00000212fa8bb160 .functor BUFZ 16, L_00000212fa8d4350, C4<0000000000000000>, C4<0000000000000000>, C4<0000000000000000>;
L_00000212fa8bb400 .functor BUFZ 16, L_00000212fa8d4df0, C4<0000000000000000>, C4<0000000000000000>, C4<0000000000000000>;
L_00000212fa8ba7c0 .functor BUFZ 32, L_00000212fa8d5b10, C4<00000000000000000000000000000000>, C4<00000000000000000000000000000000>, C4<00000000000000000000000000000000>;
L_00000212fa8ba8a0 .functor BUFZ 16, v00000212fa856950_0, C4<0000000000000000>, C4<0000000000000000>, C4<0000000000000000>;
L_00000212fa8b9f00 .functor BUFZ 16, L_00000212fa8bb860, C4<0000000000000000>, C4<0000000000000000>, C4<0000000000000000>;
L_00000212fa8ba210 .functor XOR 17, L_00000212fa8d60b0, L_00000212fa8d5bb0, C4<00000000000000000>, C4<00000000000000000>;
o00000212fa808e18 .functor BUFZ 1, c4<z>; HiZ drive
L_00000212fa8b9f70 .functor XOR 1, L_00000212fa8d5e30, o00000212fa808e18, C4<0>, C4<0>;
L_00000212fa8bb320 .functor XOR 16, L_00000212fa8d5f70, L_00000212fa8cee50, C4<0000000000000000>, C4<0000000000000000>;
L_00000212fa8ba910 .functor BUFZ 16, L_00000212fa8cf530, C4<0000000000000000>, C4<0000000000000000>, C4<0000000000000000>;
L_00000212fa8ba9f0 .functor BUFZ 16, v00000212fa858250_0, C4<0000000000000000>, C4<0000000000000000>, C4<0000000000000000>;
L_00000212fa8bb080 .functor BUFZ 16, L_00000212fa8bba20, C4<0000000000000000>, C4<0000000000000000>, C4<0000000000000000>;
L_00000212fa8baa60 .functor XOR 17, L_00000212fa8d0890, L_00000212fa8cff30, C4<00000000000000000>, C4<00000000000000000>;
L_00000212fa8b9fe0 .functor XOR 16, L_00000212fa8ce630, L_00000212fa8cf3f0, C4<0000000000000000>, C4<0000000000000000>;
L_00000212fa8bb1d0 .functor BUFZ 16, L_00000212fa8cf030, C4<0000000000000000>, C4<0000000000000000>, C4<0000000000000000>;
v00000212fa850780_0 .net "A", 15 0, o00000212fa808d58;  0 drivers
o00000212fa808d88 .functor BUFZ 1, c4<z>; HiZ drive
v00000212fa84fb00_0 .net "ACCUMCI", 0 0, o00000212fa808d88;  0 drivers
v00000212fa851a40_0 .net "ACCUMCO", 0 0, L_00000212fa8d5e30;  1 drivers
o00000212fa808de8 .functor BUFZ 1, c4<z>; HiZ drive
v00000212fa84fba0_0 .net "ADDSUBBOT", 0 0, o00000212fa808de8;  0 drivers
v00000212fa8517c0_0 .net "ADDSUBTOP", 0 0, o00000212fa808e18;  0 drivers
o00000212fa808e48 .functor BUFZ 1, c4<z>; HiZ drive
v00000212fa84fc40_0 .net "AHOLD", 0 0, o00000212fa808e48;  0 drivers
v00000212fa84fce0_0 .net "Ah", 15 0, L_00000212fa8d3630;  1 drivers
v00000212fa84fe20_0 .net "Al", 15 0, L_00000212fa8d4210;  1 drivers
v00000212fa84f600_0 .net "B", 15 0, o00000212fa808ed8;  0 drivers
o00000212fa808f08 .functor BUFZ 1, c4<z>; HiZ drive
v00000212fa851220_0 .net "BHOLD", 0 0, o00000212fa808f08;  0 drivers
v00000212fa850640_0 .net "Bh", 15 0, L_00000212fa8d4b70;  1 drivers
v00000212fa851400_0 .net "Bl", 15 0, L_00000212fa8d5390;  1 drivers
v00000212fa850d20_0 .net "C", 15 0, o00000212fa808f98;  0 drivers
o00000212fa808fc8 .functor BUFZ 1, c4<z>; HiZ drive
v00000212fa8510e0_0 .net "CE", 0 0, o00000212fa808fc8;  0 drivers
o00000212fa808ff8 .functor BUFZ 1, c4<z>; HiZ drive
v00000212fa850e60_0 .net "CHOLD", 0 0, o00000212fa808ff8;  0 drivers
o00000212fa809028 .functor BUFZ 1, c4<z>; HiZ drive
v00000212fa851ae0_0 .net "CI", 0 0, o00000212fa809028;  0 drivers
v00000212fa850f00_0 .net "CLK", 0 0, o00000212fa809058;  0 drivers
v00000212fa851360_0 .net "CO", 0 0, L_00000212fa8b9f70;  1 drivers
v00000212fa84f420_0 .net "D", 15 0, o00000212fa8090b8;  0 drivers
o00000212fa8090e8 .functor BUFZ 1, c4<z>; HiZ drive
v00000212fa850a00_0 .net "DHOLD", 0 0, o00000212fa8090e8;  0 drivers
L_00000212fa872838 .functor BUFT 1, C4<0>, C4<0>, C4<0>, C4<0>;
v00000212fa8503c0_0 .net "HCI", 0 0, L_00000212fa872838;  1 drivers
o00000212fa809148 .functor BUFZ 1, c4<z>; HiZ drive
v00000212fa84f4c0_0 .net "IRSTBOT", 0 0, o00000212fa809148;  0 drivers
o00000212fa809178 .functor BUFZ 1, c4<z>; HiZ drive
v00000212fa84f6a0_0 .net "IRSTTOP", 0 0, o00000212fa809178;  0 drivers
L_00000212fa872958 .functor BUFT 1, C4<0>, C4<0>, C4<0>, C4<0>;
v00000212fa8506e0_0 .net "LCI", 0 0, L_00000212fa872958;  1 drivers
v00000212fa84f880_0 .net "LCO", 0 0, L_00000212fa8d0750;  1 drivers
v00000212fa8508c0_0 .net "O", 31 0, L_00000212fa8ced10;  1 drivers
o00000212fa809238 .functor BUFZ 1, c4<z>; HiZ drive
v00000212fa84fec0_0 .net "OHOLDBOT", 0 0, o00000212fa809238;  0 drivers
o00000212fa809268 .functor BUFZ 1, c4<z>; HiZ drive
v00000212fa8500a0_0 .net "OHOLDTOP", 0 0, o00000212fa809268;  0 drivers
o00000212fa809298 .functor BUFZ 1, c4<z>; HiZ drive
v00000212fa850000_0 .net "OLOADBOT", 0 0, o00000212fa809298;  0 drivers
o00000212fa8092c8 .functor BUFZ 1, c4<z>; HiZ drive
v00000212fa850140_0 .net "OLOADTOP", 0 0, o00000212fa8092c8;  0 drivers
o00000212fa8092f8 .functor BUFZ 1, c4<z>; HiZ drive
v00000212fa850960_0 .net "ORSTBOT", 0 0, o00000212fa8092f8;  0 drivers
o00000212fa809328 .functor BUFZ 1, c4<z>; HiZ drive
v00000212fa850b40_0 .net "ORSTTOP", 0 0, o00000212fa809328;  0 drivers
v00000212fa852bc0_0 .net "Oh", 15 0, L_00000212fa8ba910;  1 drivers
v00000212fa853160_0 .net "Ol", 15 0, L_00000212fa8bb1d0;  1 drivers
o00000212fa8093b8 .functor BUFZ 1, c4<z>; HiZ drive
v00000212fa8523a0_0 .net "SIGNEXTIN", 0 0, o00000212fa8093b8;  0 drivers
v00000212fa852260_0 .net "SIGNEXTOUT", 0 0, L_00000212fa8cf0d0;  1 drivers
v00000212fa8530c0_0 .net "XW", 15 0, L_00000212fa8d5f70;  1 drivers
v00000212fa8529e0_0 .net "YZ", 15 0, L_00000212fa8ce630;  1 drivers
v00000212fa852a80_0 .net/2u *"_ivl_0", 0 0, L_00000212fa8722e0;  1 drivers
v00000212fa8528a0_0 .net *"_ivl_100", 31 0, L_00000212fa8d6150;  1 drivers
L_00000212fa8726d0 .functor BUFT 1, C4<0000000000000000>, C4<0>, C4<0>, C4<0>;
v00000212fa852440_0 .net *"_ivl_103", 15 0, L_00000212fa8726d0;  1 drivers
v00000212fa852620_0 .net *"_ivl_104", 31 0, L_00000212fa8d5cf0;  1 drivers
v00000212fa852b20_0 .net *"_ivl_106", 15 0, L_00000212fa8d6010;  1 drivers
L_00000212fa872718 .functor BUFT 1, C4<0000000000000000>, C4<0>, C4<0>, C4<0>;
v00000212fa8526c0_0 .net *"_ivl_108", 15 0, L_00000212fa872718;  1 drivers
L_00000212fa872328 .functor BUFT 1, C4<00000000>, C4<0>, C4<0>, C4<0>;
v00000212fa852300_0 .net/2u *"_ivl_12", 7 0, L_00000212fa872328;  1 drivers
v00000212fa852d00_0 .net *"_ivl_121", 16 0, L_00000212fa8d5ed0;  1 drivers
L_00000212fa872760 .functor BUFT 1, C4<0>, C4<0>, C4<0>, C4<0>;
v00000212fa8524e0_0 .net *"_ivl_124", 0 0, L_00000212fa872760;  1 drivers
v00000212fa852c60_0 .net *"_ivl_125", 16 0, L_00000212fa8d60b0;  1 drivers
L_00000212fa8727a8 .functor BUFT 1, C4<0>, C4<0>, C4<0>, C4<0>;
v00000212fa852580_0 .net *"_ivl_128", 0 0, L_00000212fa8727a8;  1 drivers
v00000212fa853200_0 .net *"_ivl_130", 15 0, L_00000212fa8d61f0;  1 drivers
v00000212fa852e40_0 .net *"_ivl_131", 16 0, L_00000212fa8d5bb0;  1 drivers
L_00000212fa8727f0 .functor BUFT 1, C4<0>, C4<0>, C4<0>, C4<0>;
v00000212fa852da0_0 .net *"_ivl_134", 0 0, L_00000212fa8727f0;  1 drivers
v00000212fa852760_0 .net *"_ivl_135", 16 0, L_00000212fa8ba210;  1 drivers
v00000212fa852800_0 .net *"_ivl_137", 16 0, L_00000212fa8d5c50;  1 drivers
L_00000212fa872b98 .functor BUFT 1, C4<00000000000000000>, C4<0>, C4<0>, C4<0>;
v00000212fa852ee0_0 .net *"_ivl_139", 16 0, L_00000212fa872b98;  1 drivers
v00000212fa852940_0 .net *"_ivl_143", 16 0, L_00000212fa8cf850;  1 drivers
v00000212fa8532a0_0 .net *"_ivl_148", 15 0, L_00000212fa8cee50;  1 drivers
v00000212fa852080_0 .net *"_ivl_149", 15 0, L_00000212fa8bb320;  1 drivers
v00000212fa852f80_0 .net *"_ivl_15", 7 0, L_00000212fa8d4f30;  1 drivers
v00000212fa851c20_0 .net *"_ivl_168", 16 0, L_00000212fa8cf170;  1 drivers
L_00000212fa872880 .functor BUFT 1, C4<0>, C4<0>, C4<0>, C4<0>;
v00000212fa851e00_0 .net *"_ivl_171", 0 0, L_00000212fa872880;  1 drivers
v00000212fa853020_0 .net *"_ivl_172", 16 0, L_00000212fa8d0890;  1 drivers
L_00000212fa8728c8 .functor BUFT 1, C4<0>, C4<0>, C4<0>, C4<0>;
v00000212fa852120_0 .net *"_ivl_175", 0 0, L_00000212fa8728c8;  1 drivers
v00000212fa851cc0_0 .net *"_ivl_177", 15 0, L_00000212fa8cfe90;  1 drivers
v00000212fa851d60_0 .net *"_ivl_178", 16 0, L_00000212fa8cff30;  1 drivers
L_00000212fa872370 .functor BUFT 1, C4<00000000>, C4<0>, C4<0>, C4<0>;
v00000212fa851f40_0 .net/2u *"_ivl_18", 7 0, L_00000212fa872370;  1 drivers
L_00000212fa872910 .functor BUFT 1, C4<0>, C4<0>, C4<0>, C4<0>;
v00000212fa851ea0_0 .net *"_ivl_181", 0 0, L_00000212fa872910;  1 drivers
v00000212fa851fe0_0 .net *"_ivl_182", 16 0, L_00000212fa8baa60;  1 drivers
v00000212fa8521c0_0 .net *"_ivl_184", 16 0, L_00000212fa8cfd50;  1 drivers
L_00000212fa872be0 .functor BUFT 1, C4<00000000000000000>, C4<0>, C4<0>, C4<0>;
v00000212fa854010_0 .net *"_ivl_186", 16 0, L_00000212fa872be0;  1 drivers
v00000212fa854b50_0 .net *"_ivl_190", 16 0, L_00000212fa8ce6d0;  1 drivers
v00000212fa854dd0_0 .net *"_ivl_193", 15 0, L_00000212fa8cf3f0;  1 drivers
v00000212fa854fb0_0 .net *"_ivl_194", 15 0, L_00000212fa8b9fe0;  1 drivers
v00000212fa855870_0 .net *"_ivl_21", 7 0, L_00000212fa8d3770;  1 drivers
L_00000212fa8723b8 .functor BUFT 1, C4<00000000>, C4<0>, C4<0>, C4<0>;
v00000212fa8546f0_0 .net/2u *"_ivl_24", 7 0, L_00000212fa8723b8;  1 drivers
v00000212fa854e70_0 .net *"_ivl_27", 7 0, L_00000212fa8d59d0;  1 drivers
L_00000212fa872400 .functor BUFT 1, C4<00000000>, C4<0>, C4<0>, C4<0>;
v00000212fa8552d0_0 .net/2u *"_ivl_30", 7 0, L_00000212fa872400;  1 drivers
v00000212fa8559b0_0 .net *"_ivl_33", 7 0, L_00000212fa8d33b0;  1 drivers
L_00000212fa872448 .functor BUFT 1, C4<00000000>, C4<0>, C4<0>, C4<0>;
v00000212fa853ed0_0 .net/2u *"_ivl_38", 7 0, L_00000212fa872448;  1 drivers
v00000212fa855410_0 .net *"_ivl_41", 7 0, L_00000212fa8d4c10;  1 drivers
v00000212fa853cf0_0 .net *"_ivl_42", 15 0, L_00000212fa8d3810;  1 drivers
L_00000212fa872490 .functor BUFT 1, C4<00000000>, C4<0>, C4<0>, C4<0>;
v00000212fa854470_0 .net/2u *"_ivl_46", 7 0, L_00000212fa872490;  1 drivers
v00000212fa853610_0 .net *"_ivl_49", 7 0, L_00000212fa8d4d50;  1 drivers
v00000212fa853930_0 .net *"_ivl_50", 15 0, L_00000212fa8d5610;  1 drivers
L_00000212fa8724d8 .functor BUFT 1, C4<00000000>, C4<0>, C4<0>, C4<0>;
v00000212fa853750_0 .net/2u *"_ivl_64", 7 0, L_00000212fa8724d8;  1 drivers
L_00000212fa872520 .functor BUFT 1, C4<00000000>, C4<0>, C4<0>, C4<0>;
v00000212fa853b10_0 .net/2u *"_ivl_68", 7 0, L_00000212fa872520;  1 drivers
v00000212fa855a50_0 .net *"_ivl_72", 31 0, L_00000212fa8d38b0;  1 drivers
L_00000212fa872568 .functor BUFT 1, C4<0000000000000000>, C4<0>, C4<0>, C4<0>;
v00000212fa8539d0_0 .net *"_ivl_75", 15 0, L_00000212fa872568;  1 drivers
v00000212fa854c90_0 .net *"_ivl_76", 31 0, L_00000212fa8d51b0;  1 drivers
L_00000212fa8725b0 .functor BUFT 1, C4<00000000>, C4<0>, C4<0>, C4<0>;
v00000212fa853a70_0 .net *"_ivl_79", 7 0, L_00000212fa8725b0;  1 drivers
v00000212fa855af0_0 .net *"_ivl_80", 31 0, L_00000212fa8d5890;  1 drivers
v00000212fa853d90_0 .net *"_ivl_82", 23 0, L_00000212fa8d5430;  1 drivers
L_00000212fa8725f8 .functor BUFT 1, C4<00000000>, C4<0>, C4<0>, C4<0>;
v00000212fa8554b0_0 .net *"_ivl_84", 7 0, L_00000212fa8725f8;  1 drivers
v00000212fa854830_0 .net *"_ivl_86", 31 0, L_00000212fa8d5930;  1 drivers
v00000212fa854ab0_0 .net *"_ivl_88", 31 0, L_00000212fa8d5a70;  1 drivers
L_00000212fa872640 .functor BUFT 1, C4<00000000>, C4<0>, C4<0>, C4<0>;
v00000212fa854510_0 .net *"_ivl_91", 7 0, L_00000212fa872640;  1 drivers
v00000212fa8555f0_0 .net *"_ivl_92", 31 0, L_00000212fa8d3bd0;  1 drivers
v00000212fa854f10_0 .net *"_ivl_94", 23 0, L_00000212fa8d34f0;  1 drivers
L_00000212fa872688 .functor BUFT 1, C4<00000000>, C4<0>, C4<0>, C4<0>;
v00000212fa853bb0_0 .net *"_ivl_96", 7 0, L_00000212fa872688;  1 drivers
v00000212fa855550_0 .net *"_ivl_98", 31 0, L_00000212fa8d5d90;  1 drivers
v00000212fa854d30_0 .net "clock", 0 0, L_00000212fa8bb630;  1 drivers
v00000212fa8536b0_0 .net "iA", 15 0, L_00000212fa8bb860;  1 drivers
v00000212fa854290_0 .net "iB", 15 0, L_00000212fa8bba20;  1 drivers
v00000212fa8537f0_0 .net "iC", 15 0, L_00000212fa8bafa0;  1 drivers
v00000212fa854650_0 .net "iD", 15 0, L_00000212fa8bb010;  1 drivers
v00000212fa854bf0_0 .net "iF", 15 0, L_00000212fa8bb4e0;  1 drivers
v00000212fa854790_0 .net "iG", 15 0, L_00000212fa8bb400;  1 drivers
v00000212fa8540b0_0 .net "iH", 31 0, L_00000212fa8ba7c0;  1 drivers
v00000212fa855b90_0 .net "iJ", 15 0, L_00000212fa8bba90;  1 drivers
v00000212fa854330_0 .net "iJ_e", 23 0, L_00000212fa8d3a90;  1 drivers
v00000212fa855050_0 .net "iK", 15 0, L_00000212fa8bb160;  1 drivers
v00000212fa853c50_0 .net "iK_e", 23 0, L_00000212fa8d3450;  1 drivers
v00000212fa854150_0 .net "iL", 31 0, L_00000212fa8d5b10;  1 drivers
v00000212fa853f70_0 .net "iP", 15 0, L_00000212fa8cf530;  1 drivers
v00000212fa855690_0 .net "iQ", 15 0, v00000212fa856950_0;  1 drivers
v00000212fa8548d0_0 .net "iR", 15 0, L_00000212fa8cf030;  1 drivers
v00000212fa855730_0 .net "iS", 15 0, v00000212fa858250_0;  1 drivers
v00000212fa8550f0_0 .net "iW", 15 0, L_00000212fa8ba8a0;  1 drivers
v00000212fa853430_0 .net "iX", 15 0, L_00000212fa8b9f00;  1 drivers
v00000212fa855370_0 .net "iY", 15 0, L_00000212fa8ba9f0;  1 drivers
v00000212fa853e30_0 .net "iZ", 15 0, L_00000212fa8bb080;  1 drivers
v00000212fa8541f0_0 .net "p_Ah_Bh", 15 0, L_00000212fa8d3e50;  1 drivers
v00000212fa855190_0 .net "p_Ah_Bl", 15 0, L_00000212fa8d4350;  1 drivers
v00000212fa8557d0_0 .net "p_Al_Bh", 15 0, L_00000212fa8d4cb0;  1 drivers
v00000212fa855910_0 .net "p_Al_Bl", 15 0, L_00000212fa8d4df0;  1 drivers
v00000212fa8534d0_0 .var "rA", 15 0;
v00000212fa853570_0 .var "rB", 15 0;
v00000212fa855230_0 .var "rC", 15 0;
v00000212fa853890_0 .var "rD", 15 0;
v00000212fa8543d0_0 .var "rF", 15 0;
v00000212fa8545b0_0 .var "rG", 15 0;
v00000212fa854970_0 .var "rH", 31 0;
v00000212fa854a10_0 .var "rJ", 15 0;
v00000212fa857850_0 .var "rK", 15 0;
v00000212fa856950_0 .var "rQ", 15 0;
v00000212fa858250_0 .var "rS", 15 0;
E_00000212fa7d16e0 .event posedge, v00000212fa850960_0, v00000212fa854d30_0;
E_00000212fa7d0c60 .event posedge, v00000212fa850b40_0, v00000212fa854d30_0;
E_00000212fa7d1760 .event posedge, v00000212fa84f4c0_0, v00000212fa854d30_0;
E_00000212fa7d13a0 .event posedge, v00000212fa84f6a0_0, v00000212fa854d30_0;
L_00000212fa8d4f30 .part L_00000212fa8bb860, 8, 8;
L_00000212fa8d3630 .concat [ 8 8 0 0], L_00000212fa8d4f30, L_00000212fa872328;
L_00000212fa8d3770 .part L_00000212fa8bb860, 0, 8;
L_00000212fa8d4210 .concat [ 8 8 0 0], L_00000212fa8d3770, L_00000212fa872370;
L_00000212fa8d59d0 .part L_00000212fa8bba20, 8, 8;
L_00000212fa8d4b70 .concat [ 8 8 0 0], L_00000212fa8d59d0, L_00000212fa8723b8;
L_00000212fa8d33b0 .part L_00000212fa8bba20, 0, 8;
L_00000212fa8d5390 .concat [ 8 8 0 0], L_00000212fa8d33b0, L_00000212fa872400;
L_00000212fa8d3e50 .arith/mult 16, L_00000212fa8d3630, L_00000212fa8d4b70;
L_00000212fa8d4c10 .part L_00000212fa8d4210, 0, 8;
L_00000212fa8d3810 .concat [ 8 8 0 0], L_00000212fa8d4c10, L_00000212fa872448;
L_00000212fa8d4cb0 .arith/mult 16, L_00000212fa8d3810, L_00000212fa8d4b70;
L_00000212fa8d4d50 .part L_00000212fa8d5390, 0, 8;
L_00000212fa8d5610 .concat [ 8 8 0 0], L_00000212fa8d4d50, L_00000212fa872490;
L_00000212fa8d4350 .arith/mult 16, L_00000212fa8d3630, L_00000212fa8d5610;
L_00000212fa8d4df0 .arith/mult 16, L_00000212fa8d4210, L_00000212fa8d5390;
L_00000212fa8d3450 .concat [ 16 8 0 0], L_00000212fa8bb160, L_00000212fa8724d8;
L_00000212fa8d3a90 .concat [ 16 8 0 0], L_00000212fa8bba90, L_00000212fa872520;
L_00000212fa8d38b0 .concat [ 16 16 0 0], L_00000212fa8bb400, L_00000212fa872568;
L_00000212fa8d51b0 .concat [ 24 8 0 0], L_00000212fa8d3450, L_00000212fa8725b0;
L_00000212fa8d5430 .part L_00000212fa8d51b0, 0, 24;
L_00000212fa8d5890 .concat [ 8 24 0 0], L_00000212fa8725f8, L_00000212fa8d5430;
L_00000212fa8d5930 .arith/sum 32, L_00000212fa8d38b0, L_00000212fa8d5890;
L_00000212fa8d5a70 .concat [ 24 8 0 0], L_00000212fa8d3a90, L_00000212fa872640;
L_00000212fa8d34f0 .part L_00000212fa8d5a70, 0, 24;
L_00000212fa8d3bd0 .concat [ 8 24 0 0], L_00000212fa872688, L_00000212fa8d34f0;
L_00000212fa8d5d90 .arith/sum 32, L_00000212fa8d5930, L_00000212fa8d3bd0;
L_00000212fa8d6150 .concat [ 16 16 0 0], L_00000212fa8bb4e0, L_00000212fa8726d0;
L_00000212fa8d6010 .part L_00000212fa8d6150, 0, 16;
L_00000212fa8d5cf0 .concat [ 16 16 0 0], L_00000212fa872718, L_00000212fa8d6010;
L_00000212fa8d5b10 .arith/sum 32, L_00000212fa8d5d90, L_00000212fa8d5cf0;
L_00000212fa8d5e30 .part L_00000212fa8cf850, 16, 1;
L_00000212fa8d5f70 .part L_00000212fa8cf850, 0, 16;
L_00000212fa8d5ed0 .concat [ 16 1 0 0], L_00000212fa8b9f00, L_00000212fa872760;
L_00000212fa8d60b0 .concat [ 16 1 0 0], L_00000212fa8ba8a0, L_00000212fa8727a8;
L_00000212fa8d61f0 .repeat 16, 16, o00000212fa808e18;
L_00000212fa8d5bb0 .concat [ 16 1 0 0], L_00000212fa8d61f0, L_00000212fa8727f0;
L_00000212fa8d5c50 .arith/sum 17, L_00000212fa8d5ed0, L_00000212fa8ba210;
L_00000212fa8cf850 .arith/sum 17, L_00000212fa8d5c50, L_00000212fa872b98;
L_00000212fa8cee50 .repeat 16, 16, o00000212fa808e18;
L_00000212fa8cf530 .functor MUXZ 16, L_00000212fa8bb320, L_00000212fa8bafa0, o00000212fa8092c8, C4<>;
L_00000212fa8cf0d0 .part L_00000212fa8b9f00, 15, 1;
L_00000212fa8d0750 .part L_00000212fa8ce6d0, 16, 1;
L_00000212fa8ce630 .part L_00000212fa8ce6d0, 0, 16;
L_00000212fa8cf170 .concat [ 16 1 0 0], L_00000212fa8bb080, L_00000212fa872880;
L_00000212fa8d0890 .concat [ 16 1 0 0], L_00000212fa8ba9f0, L_00000212fa8728c8;
L_00000212fa8cfe90 .repeat 16, 16, o00000212fa808de8;
L_00000212fa8cff30 .concat [ 16 1 0 0], L_00000212fa8cfe90, L_00000212fa872910;
L_00000212fa8cfd50 .arith/sum 17, L_00000212fa8cf170, L_00000212fa8baa60;
L_00000212fa8ce6d0 .arith/sum 17, L_00000212fa8cfd50, L_00000212fa872be0;
L_00000212fa8cf3f0 .repeat 16, 16, o00000212fa808de8;
L_00000212fa8cf030 .functor MUXZ 16, L_00000212fa8b9fe0, L_00000212fa8bb010, o00000212fa809298, C4<>;
L_00000212fa8ced10 .concat [ 16 16 0 0], L_00000212fa8bb1d0, L_00000212fa8ba910;
S_00000212fa7e27c0 .scope module, "SB_PLL40_2F_CORE" "SB_PLL40_2F_CORE" 3 2521;
 .timescale -12 -12;
    .port_info 0 /INPUT 1 "REFERENCECLK";
    .port_info 1 /OUTPUT 1 "PLLOUTCOREA";
    .port_info 2 /OUTPUT 1 "PLLOUTGLOBALA";
    .port_info 3 /OUTPUT 1 "PLLOUTCOREB";
    .port_info 4 /OUTPUT 1 "PLLOUTGLOBALB";
    .port_info 5 /INPUT 1 "EXTFEEDBACK";
    .port_info 6 /INPUT 8 "DYNAMICDELAY";
    .port_info 7 /OUTPUT 1 "LOCK";
    .port_info 8 /INPUT 1 "BYPASS";
    .port_info 9 /INPUT 1 "RESETB";
    .port_info 10 /INPUT 1 "LATCHINPUTVALUE";
    .port_info 11 /OUTPUT 1 "SDO";
    .port_info 12 /INPUT 1 "SDI";
    .port_info 13 /INPUT 1 "SCLK";
P_00000212fa56b830 .param/str "DELAY_ADJUSTMENT_MODE_FEEDBACK" 0 3 2538, "FIXED";
P_00000212fa56b868 .param/str "DELAY_ADJUSTMENT_MODE_RELATIVE" 0 3 2539, "FIXED";
P_00000212fa56b8a0 .param/l "DIVF" 0 3 2546, C4<0000000>;
P_00000212fa56b8d8 .param/l "DIVQ" 0 3 2547, C4<000>;
P_00000212fa56b910 .param/l "DIVR" 0 3 2545, C4<0000>;
P_00000212fa56b948 .param/l "ENABLE_ICEGATE_PORTA" 0 3 2549, C4<0>;
P_00000212fa56b980 .param/l "ENABLE_ICEGATE_PORTB" 0 3 2550, C4<0>;
P_00000212fa56b9b8 .param/l "EXTERNAL_DIVIDE_FACTOR" 0 3 2552, +C4<00000000000000000000000000000001>;
P_00000212fa56b9f0 .param/l "FDA_FEEDBACK" 0 3 2541, C4<0000>;
P_00000212fa56ba28 .param/l "FDA_RELATIVE" 0 3 2542, C4<0000>;
P_00000212fa56ba60 .param/str "FEEDBACK_PATH" 0 3 2537, "SIMPLE";
P_00000212fa56ba98 .param/l "FILTER_RANGE" 0 3 2548, C4<000>;
P_00000212fa56bad0 .param/str "PLLOUT_SELECT_PORTA" 0 3 2543, "GENCLK";
P_00000212fa56bb08 .param/str "PLLOUT_SELECT_PORTB" 0 3 2544, "GENCLK";
P_00000212fa56bb40 .param/l "SHIFTREG_DIV_MODE" 0 3 2540, C4<0>;
P_00000212fa56bb78 .param/l "TEST_MODE" 0 3 2551, C4<0>;
o00000212fa80abe8 .functor BUFZ 1, c4<z>; HiZ drive
v00000212fa856bd0_0 .net "BYPASS", 0 0, o00000212fa80abe8;  0 drivers
o00000212fa80ac18 .functor BUFZ 8, c4<zzzzzzzz>; HiZ drive
v00000212fa857210_0 .net "DYNAMICDELAY", 7 0, o00000212fa80ac18;  0 drivers
o00000212fa80ac48 .functor BUFZ 1, c4<z>; HiZ drive
v00000212fa8572b0_0 .net "EXTFEEDBACK", 0 0, o00000212fa80ac48;  0 drivers
o00000212fa80ac78 .functor BUFZ 1, c4<z>; HiZ drive
v00000212fa858070_0 .net "LATCHINPUTVALUE", 0 0, o00000212fa80ac78;  0 drivers
o00000212fa80aca8 .functor BUFZ 1, c4<z>; HiZ drive
v00000212fa857350_0 .net "LOCK", 0 0, o00000212fa80aca8;  0 drivers
o00000212fa80acd8 .functor BUFZ 1, c4<z>; HiZ drive
v00000212fa857e90_0 .net "PLLOUTCOREA", 0 0, o00000212fa80acd8;  0 drivers
o00000212fa80ad08 .functor BUFZ 1, c4<z>; HiZ drive
v00000212fa8577b0_0 .net "PLLOUTCOREB", 0 0, o00000212fa80ad08;  0 drivers
o00000212fa80ad38 .functor BUFZ 1, c4<z>; HiZ drive
v00000212fa8581b0_0 .net "PLLOUTGLOBALA", 0 0, o00000212fa80ad38;  0 drivers
o00000212fa80ad68 .functor BUFZ 1, c4<z>; HiZ drive
v00000212fa857fd0_0 .net "PLLOUTGLOBALB", 0 0, o00000212fa80ad68;  0 drivers
o00000212fa80ad98 .functor BUFZ 1, c4<z>; HiZ drive
v00000212fa856a90_0 .net "REFERENCECLK", 0 0, o00000212fa80ad98;  0 drivers
o00000212fa80adc8 .functor BUFZ 1, c4<z>; HiZ drive
v00000212fa856c70_0 .net "RESETB", 0 0, o00000212fa80adc8;  0 drivers
o00000212fa80adf8 .functor BUFZ 1, c4<z>; HiZ drive
v00000212fa855eb0_0 .net "SCLK", 0 0, o00000212fa80adf8;  0 drivers
o00000212fa80ae28 .functor BUFZ 1, c4<z>; HiZ drive
v00000212fa858110_0 .net "SDI", 0 0, o00000212fa80ae28;  0 drivers
o00000212fa80ae58 .functor BUFZ 1, c4<z>; HiZ drive
v00000212fa857670_0 .net "SDO", 0 0, o00000212fa80ae58;  0 drivers
S_00000212fa7e0ec0 .scope module, "SB_PLL40_2F_PAD" "SB_PLL40_2F_PAD" 3 2556;
 .timescale -12 -12;
    .port_info 0 /INPUT 1 "PACKAGEPIN";
    .port_info 1 /OUTPUT 1 "PLLOUTCOREA";
    .port_info 2 /OUTPUT 1 "PLLOUTGLOBALA";
    .port_info 3 /OUTPUT 1 "PLLOUTCOREB";
    .port_info 4 /OUTPUT 1 "PLLOUTGLOBALB";
    .port_info 5 /INPUT 1 "EXTFEEDBACK";
    .port_info 6 /INPUT 8 "DYNAMICDELAY";
    .port_info 7 /OUTPUT 1 "LOCK";
    .port_info 8 /INPUT 1 "BYPASS";
    .port_info 9 /INPUT 1 "RESETB";
    .port_info 10 /INPUT 1 "LATCHINPUTVALUE";
    .port_info 11 /OUTPUT 1 "SDO";
    .port_info 12 /INPUT 1 "SDI";
    .port_info 13 /INPUT 1 "SCLK";
P_00000212fa560fe0 .param/str "DELAY_ADJUSTMENT_MODE_FEEDBACK" 0 3 2573, "FIXED";
P_00000212fa561018 .param/str "DELAY_ADJUSTMENT_MODE_RELATIVE" 0 3 2574, "FIXED";
P_00000212fa561050 .param/l "DIVF" 0 3 2581, C4<0000000>;
P_00000212fa561088 .param/l "DIVQ" 0 3 2582, C4<000>;
P_00000212fa5610c0 .param/l "DIVR" 0 3 2580, C4<0000>;
P_00000212fa5610f8 .param/l "ENABLE_ICEGATE_PORTA" 0 3 2584, C4<0>;
P_00000212fa561130 .param/l "ENABLE_ICEGATE_PORTB" 0 3 2585, C4<0>;
P_00000212fa561168 .param/l "EXTERNAL_DIVIDE_FACTOR" 0 3 2587, +C4<00000000000000000000000000000001>;
P_00000212fa5611a0 .param/l "FDA_FEEDBACK" 0 3 2576, C4<0000>;
P_00000212fa5611d8 .param/l "FDA_RELATIVE" 0 3 2577, C4<0000>;
P_00000212fa561210 .param/str "FEEDBACK_PATH" 0 3 2572, "SIMPLE";
P_00000212fa561248 .param/l "FILTER_RANGE" 0 3 2583, C4<000>;
P_00000212fa561280 .param/str "PLLOUT_SELECT_PORTA" 0 3 2578, "GENCLK";
P_00000212fa5612b8 .param/str "PLLOUT_SELECT_PORTB" 0 3 2579, "GENCLK";
P_00000212fa5612f0 .param/l "SHIFTREG_DIV_MODE" 0 3 2575, C4<00>;
P_00000212fa561328 .param/l "TEST_MODE" 0 3 2586, C4<0>;
o00000212fa80b128 .functor BUFZ 1, c4<z>; HiZ drive
v00000212fa8575d0_0 .net "BYPASS", 0 0, o00000212fa80b128;  0 drivers
o00000212fa80b158 .functor BUFZ 8, c4<zzzzzzzz>; HiZ drive
v00000212fa857ad0_0 .net "DYNAMICDELAY", 7 0, o00000212fa80b158;  0 drivers
o00000212fa80b188 .functor BUFZ 1, c4<z>; HiZ drive
v00000212fa857f30_0 .net "EXTFEEDBACK", 0 0, o00000212fa80b188;  0 drivers
o00000212fa80b1b8 .functor BUFZ 1, c4<z>; HiZ drive
v00000212fa8582f0_0 .net "LATCHINPUTVALUE", 0 0, o00000212fa80b1b8;  0 drivers
o00000212fa80b1e8 .functor BUFZ 1, c4<z>; HiZ drive
v00000212fa857c10_0 .net "LOCK", 0 0, o00000212fa80b1e8;  0 drivers
o00000212fa80b218 .functor BUFZ 1, c4<z>; HiZ drive
v00000212fa8564f0_0 .net "PACKAGEPIN", 0 0, o00000212fa80b218;  0 drivers
o00000212fa80b248 .functor BUFZ 1, c4<z>; HiZ drive
v00000212fa856130_0 .net "PLLOUTCOREA", 0 0, o00000212fa80b248;  0 drivers
o00000212fa80b278 .functor BUFZ 1, c4<z>; HiZ drive
v00000212fa857170_0 .net "PLLOUTCOREB", 0 0, o00000212fa80b278;  0 drivers
o00000212fa80b2a8 .functor BUFZ 1, c4<z>; HiZ drive
v00000212fa855e10_0 .net "PLLOUTGLOBALA", 0 0, o00000212fa80b2a8;  0 drivers
o00000212fa80b2d8 .functor BUFZ 1, c4<z>; HiZ drive
v00000212fa8561d0_0 .net "PLLOUTGLOBALB", 0 0, o00000212fa80b2d8;  0 drivers
o00000212fa80b308 .functor BUFZ 1, c4<z>; HiZ drive
v00000212fa856f90_0 .net "RESETB", 0 0, o00000212fa80b308;  0 drivers
o00000212fa80b338 .functor BUFZ 1, c4<z>; HiZ drive
v00000212fa857df0_0 .net "SCLK", 0 0, o00000212fa80b338;  0 drivers
o00000212fa80b368 .functor BUFZ 1, c4<z>; HiZ drive
v00000212fa856310_0 .net "SDI", 0 0, o00000212fa80b368;  0 drivers
o00000212fa80b398 .functor BUFZ 1, c4<z>; HiZ drive
v00000212fa858390_0 .net "SDO", 0 0, o00000212fa80b398;  0 drivers
S_00000212fa7e0a10 .scope module, "SB_PLL40_2_PAD" "SB_PLL40_2_PAD" 3 2487;
 .timescale -12 -12;
    .port_info 0 /INPUT 1 "PACKAGEPIN";
    .port_info 1 /OUTPUT 1 "PLLOUTCOREA";
    .port_info 2 /OUTPUT 1 "PLLOUTGLOBALA";
    .port_info 3 /OUTPUT 1 "PLLOUTCOREB";
    .port_info 4 /OUTPUT 1 "PLLOUTGLOBALB";
    .port_info 5 /INPUT 1 "EXTFEEDBACK";
    .port_info 6 /INPUT 8 "DYNAMICDELAY";
    .port_info 7 /OUTPUT 1 "LOCK";
    .port_info 8 /INPUT 1 "BYPASS";
    .port_info 9 /INPUT 1 "RESETB";
    .port_info 10 /INPUT 1 "LATCHINPUTVALUE";
    .port_info 11 /OUTPUT 1 "SDO";
    .port_info 12 /INPUT 1 "SDI";
    .port_info 13 /INPUT 1 "SCLK";
P_00000212fa55f450 .param/str "DELAY_ADJUSTMENT_MODE_FEEDBACK" 0 3 2504, "FIXED";
P_00000212fa55f488 .param/str "DELAY_ADJUSTMENT_MODE_RELATIVE" 0 3 2505, "FIXED";
P_00000212fa55f4c0 .param/l "DIVF" 0 3 2511, C4<0000000>;
P_00000212fa55f4f8 .param/l "DIVQ" 0 3 2512, C4<000>;
P_00000212fa55f530 .param/l "DIVR" 0 3 2510, C4<0000>;
P_00000212fa55f568 .param/l "ENABLE_ICEGATE_PORTA" 0 3 2514, C4<0>;
P_00000212fa55f5a0 .param/l "ENABLE_ICEGATE_PORTB" 0 3 2515, C4<0>;
P_00000212fa55f5d8 .param/l "EXTERNAL_DIVIDE_FACTOR" 0 3 2517, +C4<00000000000000000000000000000001>;
P_00000212fa55f610 .param/l "FDA_FEEDBACK" 0 3 2507, C4<0000>;
P_00000212fa55f648 .param/l "FDA_RELATIVE" 0 3 2508, C4<0000>;
P_00000212fa55f680 .param/str "FEEDBACK_PATH" 0 3 2503, "SIMPLE";
P_00000212fa55f6b8 .param/l "FILTER_RANGE" 0 3 2513, C4<000>;
P_00000212fa55f6f0 .param/str "PLLOUT_SELECT_PORTB" 0 3 2509, "GENCLK";
P_00000212fa55f728 .param/l "SHIFTREG_DIV_MODE" 0 3 2506, C4<0>;
P_00000212fa55f760 .param/l "TEST_MODE" 0 3 2516, C4<0>;
o00000212fa80b668 .functor BUFZ 1, c4<z>; HiZ drive
v00000212fa855d70_0 .net "BYPASS", 0 0, o00000212fa80b668;  0 drivers
o00000212fa80b698 .functor BUFZ 8, c4<zzzzzzzz>; HiZ drive
v00000212fa8573f0_0 .net "DYNAMICDELAY", 7 0, o00000212fa80b698;  0 drivers
o00000212fa80b6c8 .functor BUFZ 1, c4<z>; HiZ drive
v00000212fa856810_0 .net "EXTFEEDBACK", 0 0, o00000212fa80b6c8;  0 drivers
o00000212fa80b6f8 .functor BUFZ 1, c4<z>; HiZ drive
v00000212fa855c30_0 .net "LATCHINPUTVALUE", 0 0, o00000212fa80b6f8;  0 drivers
o00000212fa80b728 .functor BUFZ 1, c4<z>; HiZ drive
v00000212fa857490_0 .net "LOCK", 0 0, o00000212fa80b728;  0 drivers
o00000212fa80b758 .functor BUFZ 1, c4<z>; HiZ drive
v00000212fa8578f0_0 .net "PACKAGEPIN", 0 0, o00000212fa80b758;  0 drivers
o00000212fa80b788 .functor BUFZ 1, c4<z>; HiZ drive
v00000212fa857710_0 .net "PLLOUTCOREA", 0 0, o00000212fa80b788;  0 drivers
o00000212fa80b7b8 .functor BUFZ 1, c4<z>; HiZ drive
v00000212fa857cb0_0 .net "PLLOUTCOREB", 0 0, o00000212fa80b7b8;  0 drivers
o00000212fa80b7e8 .functor BUFZ 1, c4<z>; HiZ drive
v00000212fa857990_0 .net "PLLOUTGLOBALA", 0 0, o00000212fa80b7e8;  0 drivers
o00000212fa80b818 .functor BUFZ 1, c4<z>; HiZ drive
v00000212fa857530_0 .net "PLLOUTGLOBALB", 0 0, o00000212fa80b818;  0 drivers
o00000212fa80b848 .functor BUFZ 1, c4<z>; HiZ drive
v00000212fa857a30_0 .net "RESETB", 0 0, o00000212fa80b848;  0 drivers
o00000212fa80b878 .functor BUFZ 1, c4<z>; HiZ drive
v00000212fa855f50_0 .net "SCLK", 0 0, o00000212fa80b878;  0 drivers
o00000212fa80b8a8 .functor BUFZ 1, c4<z>; HiZ drive
v00000212fa855cd0_0 .net "SDI", 0 0, o00000212fa80b8a8;  0 drivers
o00000212fa80b8d8 .functor BUFZ 1, c4<z>; HiZ drive
v00000212fa857b70_0 .net "SDO", 0 0, o00000212fa80b8d8;  0 drivers
S_00000212fa7e0d30 .scope module, "SB_PLL40_CORE" "SB_PLL40_CORE" 3 2425;
 .timescale -12 -12;
    .port_info 0 /INPUT 1 "REFERENCECLK";
    .port_info 1 /OUTPUT 1 "PLLOUTCORE";
    .port_info 2 /OUTPUT 1 "PLLOUTGLOBAL";
    .port_info 3 /INPUT 1 "EXTFEEDBACK";
    .port_info 4 /INPUT 8 "DYNAMICDELAY";
    .port_info 5 /OUTPUT 1 "LOCK";
    .port_info 6 /INPUT 1 "BYPASS";
    .port_info 7 /INPUT 1 "RESETB";
    .port_info 8 /INPUT 1 "LATCHINPUTVALUE";
    .port_info 9 /OUTPUT 1 "SDO";
    .port_info 10 /INPUT 1 "SDI";
    .port_info 11 /INPUT 1 "SCLK";
P_00000212fa55eed0 .param/str "DELAY_ADJUSTMENT_MODE_FEEDBACK" 0 3 2440, "FIXED";
P_00000212fa55ef08 .param/str "DELAY_ADJUSTMENT_MODE_RELATIVE" 0 3 2441, "FIXED";
P_00000212fa55ef40 .param/l "DIVF" 0 3 2447, C4<0000000>;
P_00000212fa55ef78 .param/l "DIVQ" 0 3 2448, C4<000>;
P_00000212fa55efb0 .param/l "DIVR" 0 3 2446, C4<0000>;
P_00000212fa55efe8 .param/l "ENABLE_ICEGATE" 0 3 2450, C4<0>;
P_00000212fa55f020 .param/l "EXTERNAL_DIVIDE_FACTOR" 0 3 2452, +C4<00000000000000000000000000000001>;
P_00000212fa55f058 .param/l "FDA_FEEDBACK" 0 3 2443, C4<0000>;
P_00000212fa55f090 .param/l "FDA_RELATIVE" 0 3 2444, C4<0000>;
P_00000212fa55f0c8 .param/str "FEEDBACK_PATH" 0 3 2439, "SIMPLE";
P_00000212fa55f100 .param/l "FILTER_RANGE" 0 3 2449, C4<000>;
P_00000212fa55f138 .param/str "PLLOUT_SELECT" 0 3 2445, "GENCLK";
P_00000212fa55f170 .param/l "SHIFTREG_DIV_MODE" 0 3 2442, C4<0>;
P_00000212fa55f1a8 .param/l "TEST_MODE" 0 3 2451, C4<0>;
o00000212fa80bba8 .functor BUFZ 1, c4<z>; HiZ drive
v00000212fa855ff0_0 .net "BYPASS", 0 0, o00000212fa80bba8;  0 drivers
o00000212fa80bbd8 .functor BUFZ 8, c4<zzzzzzzz>; HiZ drive
v00000212fa856b30_0 .net "DYNAMICDELAY", 7 0, o00000212fa80bbd8;  0 drivers
o00000212fa80bc08 .functor BUFZ 1, c4<z>; HiZ drive
v00000212fa857d50_0 .net "EXTFEEDBACK", 0 0, o00000212fa80bc08;  0 drivers
o00000212fa80bc38 .functor BUFZ 1, c4<z>; HiZ drive
v00000212fa856090_0 .net "LATCHINPUTVALUE", 0 0, o00000212fa80bc38;  0 drivers
o00000212fa80bc68 .functor BUFZ 1, c4<z>; HiZ drive
v00000212fa8568b0_0 .net "LOCK", 0 0, o00000212fa80bc68;  0 drivers
o00000212fa80bc98 .functor BUFZ 1, c4<z>; HiZ drive
v00000212fa8566d0_0 .net "PLLOUTCORE", 0 0, o00000212fa80bc98;  0 drivers
o00000212fa80bcc8 .functor BUFZ 1, c4<z>; HiZ drive
v00000212fa856270_0 .net "PLLOUTGLOBAL", 0 0, o00000212fa80bcc8;  0 drivers
o00000212fa80bcf8 .functor BUFZ 1, c4<z>; HiZ drive
v00000212fa8563b0_0 .net "REFERENCECLK", 0 0, o00000212fa80bcf8;  0 drivers
o00000212fa80bd28 .functor BUFZ 1, c4<z>; HiZ drive
v00000212fa856ef0_0 .net "RESETB", 0 0, o00000212fa80bd28;  0 drivers
o00000212fa80bd58 .functor BUFZ 1, c4<z>; HiZ drive
v00000212fa856450_0 .net "SCLK", 0 0, o00000212fa80bd58;  0 drivers
o00000212fa80bd88 .functor BUFZ 1, c4<z>; HiZ drive
v00000212fa856590_0 .net "SDI", 0 0, o00000212fa80bd88;  0 drivers
o00000212fa80bdb8 .functor BUFZ 1, c4<z>; HiZ drive
v00000212fa856630_0 .net "SDO", 0 0, o00000212fa80bdb8;  0 drivers
S_00000212fa7e1050 .scope module, "SB_PLL40_PAD" "SB_PLL40_PAD" 3 2456;
 .timescale -12 -12;
    .port_info 0 /INPUT 1 "PACKAGEPIN";
    .port_info 1 /OUTPUT 1 "PLLOUTCORE";
    .port_info 2 /OUTPUT 1 "PLLOUTGLOBAL";
    .port_info 3 /INPUT 1 "EXTFEEDBACK";
    .port_info 4 /INPUT 8 "DYNAMICDELAY";
    .port_info 5 /OUTPUT 1 "LOCK";
    .port_info 6 /INPUT 1 "BYPASS";
    .port_info 7 /INPUT 1 "RESETB";
    .port_info 8 /INPUT 1 "LATCHINPUTVALUE";
    .port_info 9 /OUTPUT 1 "SDO";
    .port_info 10 /INPUT 1 "SDI";
    .port_info 11 /INPUT 1 "SCLK";
P_00000212fa516780 .param/str "DELAY_ADJUSTMENT_MODE_FEEDBACK" 0 3 2471, "FIXED";
P_00000212fa5167b8 .param/str "DELAY_ADJUSTMENT_MODE_RELATIVE" 0 3 2472, "FIXED";
P_00000212fa5167f0 .param/l "DIVF" 0 3 2478, C4<0000000>;
P_00000212fa516828 .param/l "DIVQ" 0 3 2479, C4<000>;
P_00000212fa516860 .param/l "DIVR" 0 3 2477, C4<0000>;
P_00000212fa516898 .param/l "ENABLE_ICEGATE" 0 3 2481, C4<0>;
P_00000212fa5168d0 .param/l "EXTERNAL_DIVIDE_FACTOR" 0 3 2483, +C4<00000000000000000000000000000001>;
P_00000212fa516908 .param/l "FDA_FEEDBACK" 0 3 2474, C4<0000>;
P_00000212fa516940 .param/l "FDA_RELATIVE" 0 3 2475, C4<0000>;
P_00000212fa516978 .param/str "FEEDBACK_PATH" 0 3 2470, "SIMPLE";
P_00000212fa5169b0 .param/l "FILTER_RANGE" 0 3 2480, C4<000>;
P_00000212fa5169e8 .param/str "PLLOUT_SELECT" 0 3 2476, "GENCLK";
P_00000212fa516a20 .param/l "SHIFTREG_DIV_MODE" 0 3 2473, C4<0>;
P_00000212fa516a58 .param/l "TEST_MODE" 0 3 2482, C4<0>;
o00000212fa80c028 .functor BUFZ 1, c4<z>; HiZ drive
v00000212fa856770_0 .net "BYPASS", 0 0, o00000212fa80c028;  0 drivers
o00000212fa80c058 .functor BUFZ 8, c4<zzzzzzzz>; HiZ drive
v00000212fa8569f0_0 .net "DYNAMICDELAY", 7 0, o00000212fa80c058;  0 drivers
o00000212fa80c088 .functor BUFZ 1, c4<z>; HiZ drive
v00000212fa856d10_0 .net "EXTFEEDBACK", 0 0, o00000212fa80c088;  0 drivers
o00000212fa80c0b8 .functor BUFZ 1, c4<z>; HiZ drive
v00000212fa856db0_0 .net "LATCHINPUTVALUE", 0 0, o00000212fa80c0b8;  0 drivers
o00000212fa80c0e8 .functor BUFZ 1, c4<z>; HiZ drive
v00000212fa856e50_0 .net "LOCK", 0 0, o00000212fa80c0e8;  0 drivers
o00000212fa80c118 .functor BUFZ 1, c4<z>; HiZ drive
v00000212fa857030_0 .net "PACKAGEPIN", 0 0, o00000212fa80c118;  0 drivers
o00000212fa80c148 .functor BUFZ 1, c4<z>; HiZ drive
v00000212fa8570d0_0 .net "PLLOUTCORE", 0 0, o00000212fa80c148;  0 drivers
o00000212fa80c178 .functor BUFZ 1, c4<z>; HiZ drive
v00000212fa8587f0_0 .net "PLLOUTGLOBAL", 0 0, o00000212fa80c178;  0 drivers
o00000212fa80c1a8 .functor BUFZ 1, c4<z>; HiZ drive
v00000212fa85a230_0 .net "RESETB", 0 0, o00000212fa80c1a8;  0 drivers
o00000212fa80c1d8 .functor BUFZ 1, c4<z>; HiZ drive
v00000212fa859010_0 .net "SCLK", 0 0, o00000212fa80c1d8;  0 drivers
o00000212fa80c208 .functor BUFZ 1, c4<z>; HiZ drive
v00000212fa85a410_0 .net "SDI", 0 0, o00000212fa80c208;  0 drivers
o00000212fa80c238 .functor BUFZ 1, c4<z>; HiZ drive
v00000212fa859510_0 .net "SDO", 0 0, o00000212fa80c238;  0 drivers
S_00000212fa7e1370 .scope module, "SB_RAM40_4KNR" "SB_RAM40_4KNR" 3 1726;
 .timescale -12 -12;
    .port_info 0 /OUTPUT 16 "RDATA";
    .port_info 1 /INPUT 1 "RCLKN";
    .port_info 2 /INPUT 1 "RCLKE";
    .port_info 3 /INPUT 1 "RE";
    .port_info 4 /INPUT 11 "RADDR";
    .port_info 5 /INPUT 1 "WCLK";
    .port_info 6 /INPUT 1 "WCLKE";
    .port_info 7 /INPUT 1 "WE";
    .port_info 8 /INPUT 11 "WADDR";
    .port_info 9 /INPUT 16 "MASK";
    .port_info 10 /INPUT 16 "WDATA";
P_00000212fa7e29d0 .param/l "INIT_0" 0 3 1742, C4<0000000000000000000000000000000000000000000000000000000000000000000000000000000000000000000000000000000000000000000000000000000000000000000000000000000000000000000000000000000000000000000000000000000000000000000000000000000000000000000000000000000000000000>;
P_00000212fa7e2a08 .param/l "INIT_1" 0 3 1743, C4<0000000000000000000000000000000000000000000000000000000000000000000000000000000000000000000000000000000000000000000000000000000000000000000000000000000000000000000000000000000000000000000000000000000000000000000000000000000000000000000000000000000000000000>;
P_00000212fa7e2a40 .param/l "INIT_2" 0 3 1744, C4<0000000000000000000000000000000000000000000000000000000000000000000000000000000000000000000000000000000000000000000000000000000000000000000000000000000000000000000000000000000000000000000000000000000000000000000000000000000000000000000000000000000000000000>;
P_00000212fa7e2a78 .param/l "INIT_3" 0 3 1745, C4<0000000000000000000000000000000000000000000000000000000000000000000000000000000000000000000000000000000000000000000000000000000000000000000000000000000000000000000000000000000000000000000000000000000000000000000000000000000000000000000000000000000000000000>;
P_00000212fa7e2ab0 .param/l "INIT_4" 0 3 1746, C4<0000000000000000000000000000000000000000000000000000000000000000000000000000000000000000000000000000000000000000000000000000000000000000000000000000000000000000000000000000000000000000000000000000000000000000000000000000000000000000000000000000000000000000>;
P_00000212fa7e2ae8 .param/l "INIT_5" 0 3 1747, C4<0000000000000000000000000000000000000000000000000000000000000000000000000000000000000000000000000000000000000000000000000000000000000000000000000000000000000000000000000000000000000000000000000000000000000000000000000000000000000000000000000000000000000000>;
P_00000212fa7e2b20 .param/l "INIT_6" 0 3 1748, C4<0000000000000000000000000000000000000000000000000000000000000000000000000000000000000000000000000000000000000000000000000000000000000000000000000000000000000000000000000000000000000000000000000000000000000000000000000000000000000000000000000000000000000000>;
P_00000212fa7e2b58 .param/l "INIT_7" 0 3 1749, C4<0000000000000000000000000000000000000000000000000000000000000000000000000000000000000000000000000000000000000000000000000000000000000000000000000000000000000000000000000000000000000000000000000000000000000000000000000000000000000000000000000000000000000000>;
P_00000212fa7e2b90 .param/l "INIT_8" 0 3 1750, C4<0000000000000000000000000000000000000000000000000000000000000000000000000000000000000000000000000000000000000000000000000000000000000000000000000000000000000000000000000000000000000000000000000000000000000000000000000000000000000000000000000000000000000000>;
P_00000212fa7e2bc8 .param/l "INIT_9" 0 3 1751, C4<0000000000000000000000000000000000000000000000000000000000000000000000000000000000000000000000000000000000000000000000000000000000000000000000000000000000000000000000000000000000000000000000000000000000000000000000000000000000000000000000000000000000000000>;
P_00000212fa7e2c00 .param/l "INIT_A" 0 3 1752, C4<0000000000000000000000000000000000000000000000000000000000000000000000000000000000000000000000000000000000000000000000000000000000000000000000000000000000000000000000000000000000000000000000000000000000000000000000000000000000000000000000000000000000000000>;
P_00000212fa7e2c38 .param/l "INIT_B" 0 3 1753, C4<0000000000000000000000000000000000000000000000000000000000000000000000000000000000000000000000000000000000000000000000000000000000000000000000000000000000000000000000000000000000000000000000000000000000000000000000000000000000000000000000000000000000000000>;
P_00000212fa7e2c70 .param/l "INIT_C" 0 3 1754, C4<0000000000000000000000000000000000000000000000000000000000000000000000000000000000000000000000000000000000000000000000000000000000000000000000000000000000000000000000000000000000000000000000000000000000000000000000000000000000000000000000000000000000000000>;
P_00000212fa7e2ca8 .param/l "INIT_D" 0 3 1755, C4<0000000000000000000000000000000000000000000000000000000000000000000000000000000000000000000000000000000000000000000000000000000000000000000000000000000000000000000000000000000000000000000000000000000000000000000000000000000000000000000000000000000000000000>;
P_00000212fa7e2ce0 .param/l "INIT_E" 0 3 1756, C4<0000000000000000000000000000000000000000000000000000000000000000000000000000000000000000000000000000000000000000000000000000000000000000000000000000000000000000000000000000000000000000000000000000000000000000000000000000000000000000000000000000000000000000>;
P_00000212fa7e2d18 .param/l "INIT_F" 0 3 1757, C4<0000000000000000000000000000000000000000000000000000000000000000000000000000000000000000000000000000000000000000000000000000000000000000000000000000000000000000000000000000000000000000000000000000000000000000000000000000000000000000000000000000000000000000>;
P_00000212fa7e2d50 .param/str "INIT_FILE" 0 3 1759, "\000";
P_00000212fa7e2d88 .param/l "READ_MODE" 0 3 1740, +C4<00000000000000000000000000000000>;
P_00000212fa7e2dc0 .param/l "WRITE_MODE" 0 3 1739, +C4<00000000000000000000000000000000>;
o00000212fa80c9b8 .functor BUFZ 1, c4<z>; HiZ drive
L_00000212fa8bab40 .functor NOT 1, o00000212fa80c9b8, C4<0>, C4<0>, C4<0>;
o00000212fa80c4a8 .functor BUFZ 16, c4<zzzzzzzzzzzzzzzz>; HiZ drive
v00000212fa85ab90_0 .net "MASK", 15 0, o00000212fa80c4a8;  0 drivers
o00000212fa80c4d8 .functor BUFZ 11, c4<zzzzzzzzzzz>; HiZ drive
v00000212fa85a690_0 .net "RADDR", 10 0, o00000212fa80c4d8;  0 drivers
o00000212fa80c538 .functor BUFZ 1, c4<z>; HiZ drive
v00000212fa858430_0 .net "RCLKE", 0 0, o00000212fa80c538;  0 drivers
v00000212fa8584d0_0 .net "RCLKN", 0 0, o00000212fa80c9b8;  0 drivers
v00000212fa8595b0_0 .net "RDATA", 15 0, L_00000212fa8ba050;  1 drivers
o00000212fa80c5c8 .functor BUFZ 1, c4<z>; HiZ drive
v00000212fa8586b0_0 .net "RE", 0 0, o00000212fa80c5c8;  0 drivers
o00000212fa80c628 .functor BUFZ 11, c4<zzzzzzzzzzz>; HiZ drive
v00000212fa858570_0 .net "WADDR", 10 0, o00000212fa80c628;  0 drivers
o00000212fa80c658 .functor BUFZ 1, c4<z>; HiZ drive
v00000212fa858750_0 .net "WCLK", 0 0, o00000212fa80c658;  0 drivers
o00000212fa80c688 .functor BUFZ 1, c4<z>; HiZ drive
v00000212fa859970_0 .net "WCLKE", 0 0, o00000212fa80c688;  0 drivers
o00000212fa80c6b8 .functor BUFZ 16, c4<zzzzzzzzzzzzzzzz>; HiZ drive
v00000212fa8596f0_0 .net "WDATA", 15 0, o00000212fa80c6b8;  0 drivers
o00000212fa80c718 .functor BUFZ 1, c4<z>; HiZ drive
v00000212fa858f70_0 .net "WE", 0 0, o00000212fa80c718;  0 drivers
S_00000212fa7e73c0 .scope module, "RAM" "SB_RAM40_4K" 3 1781, 3 1487 0, S_00000212fa7e1370;
 .timescale -12 -12;
    .port_info 0 /OUTPUT 16 "RDATA";
    .port_info 1 /INPUT 1 "RCLK";
    .port_info 2 /INPUT 1 "RCLKE";
    .port_info 3 /INPUT 1 "RE";
    .port_info 4 /INPUT 11 "RADDR";
    .port_info 5 /INPUT 1 "WCLK";
    .port_info 6 /INPUT 1 "WCLKE";
    .port_info 7 /INPUT 1 "WE";
    .port_info 8 /INPUT 11 "WADDR";
    .port_info 9 /INPUT 16 "MASK";
    .port_info 10 /INPUT 16 "WDATA";
P_00000212fa7feb80 .param/l "INIT_0" 0 3 1507, C4<0000000000000000000000000000000000000000000000000000000000000000000000000000000000000000000000000000000000000000000000000000000000000000000000000000000000000000000000000000000000000000000000000000000000000000000000000000000000000000000000000000000000000000>;
P_00000212fa7febb8 .param/l "INIT_1" 0 3 1508, C4<0000000000000000000000000000000000000000000000000000000000000000000000000000000000000000000000000000000000000000000000000000000000000000000000000000000000000000000000000000000000000000000000000000000000000000000000000000000000000000000000000000000000000000>;
P_00000212fa7febf0 .param/l "INIT_2" 0 3 1509, C4<0000000000000000000000000000000000000000000000000000000000000000000000000000000000000000000000000000000000000000000000000000000000000000000000000000000000000000000000000000000000000000000000000000000000000000000000000000000000000000000000000000000000000000>;
P_00000212fa7fec28 .param/l "INIT_3" 0 3 1510, C4<0000000000000000000000000000000000000000000000000000000000000000000000000000000000000000000000000000000000000000000000000000000000000000000000000000000000000000000000000000000000000000000000000000000000000000000000000000000000000000000000000000000000000000>;
P_00000212fa7fec60 .param/l "INIT_4" 0 3 1511, C4<0000000000000000000000000000000000000000000000000000000000000000000000000000000000000000000000000000000000000000000000000000000000000000000000000000000000000000000000000000000000000000000000000000000000000000000000000000000000000000000000000000000000000000>;
P_00000212fa7fec98 .param/l "INIT_5" 0 3 1512, C4<0000000000000000000000000000000000000000000000000000000000000000000000000000000000000000000000000000000000000000000000000000000000000000000000000000000000000000000000000000000000000000000000000000000000000000000000000000000000000000000000000000000000000000>;
P_00000212fa7fecd0 .param/l "INIT_6" 0 3 1513, C4<0000000000000000000000000000000000000000000000000000000000000000000000000000000000000000000000000000000000000000000000000000000000000000000000000000000000000000000000000000000000000000000000000000000000000000000000000000000000000000000000000000000000000000>;
P_00000212fa7fed08 .param/l "INIT_7" 0 3 1514, C4<0000000000000000000000000000000000000000000000000000000000000000000000000000000000000000000000000000000000000000000000000000000000000000000000000000000000000000000000000000000000000000000000000000000000000000000000000000000000000000000000000000000000000000>;
P_00000212fa7fed40 .param/l "INIT_8" 0 3 1515, C4<0000000000000000000000000000000000000000000000000000000000000000000000000000000000000000000000000000000000000000000000000000000000000000000000000000000000000000000000000000000000000000000000000000000000000000000000000000000000000000000000000000000000000000>;
P_00000212fa7fed78 .param/l "INIT_9" 0 3 1516, C4<0000000000000000000000000000000000000000000000000000000000000000000000000000000000000000000000000000000000000000000000000000000000000000000000000000000000000000000000000000000000000000000000000000000000000000000000000000000000000000000000000000000000000000>;
P_00000212fa7fedb0 .param/l "INIT_A" 0 3 1517, C4<0000000000000000000000000000000000000000000000000000000000000000000000000000000000000000000000000000000000000000000000000000000000000000000000000000000000000000000000000000000000000000000000000000000000000000000000000000000000000000000000000000000000000000>;
P_00000212fa7fede8 .param/l "INIT_B" 0 3 1518, C4<0000000000000000000000000000000000000000000000000000000000000000000000000000000000000000000000000000000000000000000000000000000000000000000000000000000000000000000000000000000000000000000000000000000000000000000000000000000000000000000000000000000000000000>;
P_00000212fa7fee20 .param/l "INIT_C" 0 3 1519, C4<0000000000000000000000000000000000000000000000000000000000000000000000000000000000000000000000000000000000000000000000000000000000000000000000000000000000000000000000000000000000000000000000000000000000000000000000000000000000000000000000000000000000000000>;
P_00000212fa7fee58 .param/l "INIT_D" 0 3 1520, C4<0000000000000000000000000000000000000000000000000000000000000000000000000000000000000000000000000000000000000000000000000000000000000000000000000000000000000000000000000000000000000000000000000000000000000000000000000000000000000000000000000000000000000000>;
P_00000212fa7fee90 .param/l "INIT_E" 0 3 1521, C4<0000000000000000000000000000000000000000000000000000000000000000000000000000000000000000000000000000000000000000000000000000000000000000000000000000000000000000000000000000000000000000000000000000000000000000000000000000000000000000000000000000000000000000>;
P_00000212fa7feec8 .param/l "INIT_F" 0 3 1522, C4<0000000000000000000000000000000000000000000000000000000000000000000000000000000000000000000000000000000000000000000000000000000000000000000000000000000000000000000000000000000000000000000000000000000000000000000000000000000000000000000000000000000000000000>;
P_00000212fa7fef00 .param/str "INIT_FILE" 0 3 1524, "\000";
P_00000212fa7fef38 .param/l "READ_MODE" 0 3 1505, +C4<00000000000000000000000000000000>;
P_00000212fa7fef70 .param/l "WRITE_MODE" 0 3 1504, +C4<00000000000000000000000000000000>;
v00000212fa858ed0_0 .net "MASK", 15 0, o00000212fa80c4a8;  alias, 0 drivers
v00000212fa858890_0 .net "RADDR", 10 0, o00000212fa80c4d8;  alias, 0 drivers
v00000212fa85a910_0 .net "RCLK", 0 0, L_00000212fa8bab40;  1 drivers
v00000212fa859290_0 .net "RCLKE", 0 0, o00000212fa80c538;  alias, 0 drivers
v00000212fa858a70_0 .net "RDATA", 15 0, L_00000212fa8ba050;  alias, 1 drivers
v00000212fa859150_0 .var "RDATA_I", 15 0;
v00000212fa85aa50_0 .net "RE", 0 0, o00000212fa80c5c8;  alias, 0 drivers
L_00000212fa8729a0 .functor BUFT 1, C4<0000000000000000>, C4<0>, C4<0>, C4<0>;
v00000212fa859330_0 .net "RMASK_I", 15 0, L_00000212fa8729a0;  1 drivers
v00000212fa8591f0_0 .net "WADDR", 10 0, o00000212fa80c628;  alias, 0 drivers
v00000212fa8593d0_0 .net "WCLK", 0 0, o00000212fa80c658;  alias, 0 drivers
v00000212fa858610_0 .net "WCLKE", 0 0, o00000212fa80c688;  alias, 0 drivers
v00000212fa859650_0 .net "WDATA", 15 0, o00000212fa80c6b8;  alias, 0 drivers
v00000212fa8598d0_0 .net "WDATA_I", 15 0, L_00000212fa8ba1a0;  1 drivers
v00000212fa85a9b0_0 .net "WE", 0 0, o00000212fa80c718;  alias, 0 drivers
v00000212fa85aaf0_0 .net "WMASK_I", 15 0, L_00000212fa8baad0;  1 drivers
v00000212fa858c50_0 .var/i "i", 31 0;
v00000212fa859470 .array "memory", 255 0, 15 0;
E_00000212fa7d0e20 .event posedge, v00000212fa85a910_0;
E_00000212fa7d1520 .event posedge, v00000212fa8593d0_0;
S_00000212fa7e7550 .scope generate, "genblk1" "genblk1" 3 1534, 3 1534 0, S_00000212fa7e73c0;
 .timescale -12 -12;
L_00000212fa8baad0 .functor BUFZ 16, o00000212fa80c4a8, C4<0000000000000000>, C4<0000000000000000>, C4<0000000000000000>;
S_00000212fa865f40 .scope generate, "genblk2" "genblk2" 3 1555, 3 1555 0, S_00000212fa7e73c0;
 .timescale -12 -12;
S_00000212fa865900 .scope generate, "genblk3" "genblk3" 3 1576, 3 1576 0, S_00000212fa7e73c0;
 .timescale -12 -12;
L_00000212fa8ba1a0 .functor BUFZ 16, o00000212fa80c6b8, C4<0000000000000000>, C4<0000000000000000>, C4<0000000000000000>;
S_00000212fa865c20 .scope generate, "genblk4" "genblk4" 3 1595, 3 1595 0, S_00000212fa7e73c0;
 .timescale -12 -12;
L_00000212fa8ba050 .functor BUFZ 16, v00000212fa859150_0, C4<0000000000000000>, C4<0000000000000000>, C4<0000000000000000>;
S_00000212fa7e1690 .scope module, "SB_RAM40_4KNRNW" "SB_RAM40_4KNRNW" 3 1998;
 .timescale -12 -12;
    .port_info 0 /OUTPUT 16 "RDATA";
    .port_info 1 /INPUT 1 "RCLKN";
    .port_info 2 /INPUT 1 "RCLKE";
    .port_info 3 /INPUT 1 "RE";
    .port_info 4 /INPUT 11 "RADDR";
    .port_info 5 /INPUT 1 "WCLKN";
    .port_info 6 /INPUT 1 "WCLKE";
    .port_info 7 /INPUT 1 "WE";
    .port_info 8 /INPUT 11 "WADDR";
    .port_info 9 /INPUT 16 "MASK";
    .port_info 10 /INPUT 16 "WDATA";
P_00000212fa7e2e00 .param/l "INIT_0" 0 3 2014, C4<0000000000000000000000000000000000000000000000000000000000000000000000000000000000000000000000000000000000000000000000000000000000000000000000000000000000000000000000000000000000000000000000000000000000000000000000000000000000000000000000000000000000000000>;
P_00000212fa7e2e38 .param/l "INIT_1" 0 3 2015, C4<0000000000000000000000000000000000000000000000000000000000000000000000000000000000000000000000000000000000000000000000000000000000000000000000000000000000000000000000000000000000000000000000000000000000000000000000000000000000000000000000000000000000000000>;
P_00000212fa7e2e70 .param/l "INIT_2" 0 3 2016, C4<0000000000000000000000000000000000000000000000000000000000000000000000000000000000000000000000000000000000000000000000000000000000000000000000000000000000000000000000000000000000000000000000000000000000000000000000000000000000000000000000000000000000000000>;
P_00000212fa7e2ea8 .param/l "INIT_3" 0 3 2017, C4<0000000000000000000000000000000000000000000000000000000000000000000000000000000000000000000000000000000000000000000000000000000000000000000000000000000000000000000000000000000000000000000000000000000000000000000000000000000000000000000000000000000000000000>;
P_00000212fa7e2ee0 .param/l "INIT_4" 0 3 2018, C4<0000000000000000000000000000000000000000000000000000000000000000000000000000000000000000000000000000000000000000000000000000000000000000000000000000000000000000000000000000000000000000000000000000000000000000000000000000000000000000000000000000000000000000>;
P_00000212fa7e2f18 .param/l "INIT_5" 0 3 2019, C4<0000000000000000000000000000000000000000000000000000000000000000000000000000000000000000000000000000000000000000000000000000000000000000000000000000000000000000000000000000000000000000000000000000000000000000000000000000000000000000000000000000000000000000>;
P_00000212fa7e2f50 .param/l "INIT_6" 0 3 2020, C4<0000000000000000000000000000000000000000000000000000000000000000000000000000000000000000000000000000000000000000000000000000000000000000000000000000000000000000000000000000000000000000000000000000000000000000000000000000000000000000000000000000000000000000>;
P_00000212fa7e2f88 .param/l "INIT_7" 0 3 2021, C4<0000000000000000000000000000000000000000000000000000000000000000000000000000000000000000000000000000000000000000000000000000000000000000000000000000000000000000000000000000000000000000000000000000000000000000000000000000000000000000000000000000000000000000>;
P_00000212fa7e2fc0 .param/l "INIT_8" 0 3 2022, C4<0000000000000000000000000000000000000000000000000000000000000000000000000000000000000000000000000000000000000000000000000000000000000000000000000000000000000000000000000000000000000000000000000000000000000000000000000000000000000000000000000000000000000000>;
P_00000212fa7e2ff8 .param/l "INIT_9" 0 3 2023, C4<0000000000000000000000000000000000000000000000000000000000000000000000000000000000000000000000000000000000000000000000000000000000000000000000000000000000000000000000000000000000000000000000000000000000000000000000000000000000000000000000000000000000000000>;
P_00000212fa7e3030 .param/l "INIT_A" 0 3 2024, C4<0000000000000000000000000000000000000000000000000000000000000000000000000000000000000000000000000000000000000000000000000000000000000000000000000000000000000000000000000000000000000000000000000000000000000000000000000000000000000000000000000000000000000000>;
P_00000212fa7e3068 .param/l "INIT_B" 0 3 2025, C4<0000000000000000000000000000000000000000000000000000000000000000000000000000000000000000000000000000000000000000000000000000000000000000000000000000000000000000000000000000000000000000000000000000000000000000000000000000000000000000000000000000000000000000>;
P_00000212fa7e30a0 .param/l "INIT_C" 0 3 2026, C4<0000000000000000000000000000000000000000000000000000000000000000000000000000000000000000000000000000000000000000000000000000000000000000000000000000000000000000000000000000000000000000000000000000000000000000000000000000000000000000000000000000000000000000>;
P_00000212fa7e30d8 .param/l "INIT_D" 0 3 2027, C4<0000000000000000000000000000000000000000000000000000000000000000000000000000000000000000000000000000000000000000000000000000000000000000000000000000000000000000000000000000000000000000000000000000000000000000000000000000000000000000000000000000000000000000>;
P_00000212fa7e3110 .param/l "INIT_E" 0 3 2028, C4<0000000000000000000000000000000000000000000000000000000000000000000000000000000000000000000000000000000000000000000000000000000000000000000000000000000000000000000000000000000000000000000000000000000000000000000000000000000000000000000000000000000000000000>;
P_00000212fa7e3148 .param/l "INIT_F" 0 3 2029, C4<0000000000000000000000000000000000000000000000000000000000000000000000000000000000000000000000000000000000000000000000000000000000000000000000000000000000000000000000000000000000000000000000000000000000000000000000000000000000000000000000000000000000000000>;
P_00000212fa7e3180 .param/str "INIT_FILE" 0 3 2031, "\000";
P_00000212fa7e31b8 .param/l "READ_MODE" 0 3 2012, +C4<00000000000000000000000000000000>;
P_00000212fa7e31f0 .param/l "WRITE_MODE" 0 3 2011, +C4<00000000000000000000000000000000>;
o00000212fa80d108 .functor BUFZ 1, c4<z>; HiZ drive
L_00000212fa8bb390 .functor NOT 1, o00000212fa80d108, C4<0>, C4<0>, C4<0>;
o00000212fa80d138 .functor BUFZ 1, c4<z>; HiZ drive
L_00000212fa8ba280 .functor NOT 1, o00000212fa80d138, C4<0>, C4<0>, C4<0>;
o00000212fa80cbf8 .functor BUFZ 16, c4<zzzzzzzzzzzzzzzz>; HiZ drive
v00000212fa859dd0_0 .net "MASK", 15 0, o00000212fa80cbf8;  0 drivers
o00000212fa80cc28 .functor BUFZ 11, c4<zzzzzzzzzzz>; HiZ drive
v00000212fa859e70_0 .net "RADDR", 10 0, o00000212fa80cc28;  0 drivers
o00000212fa80cc88 .functor BUFZ 1, c4<z>; HiZ drive
v00000212fa858b10_0 .net "RCLKE", 0 0, o00000212fa80cc88;  0 drivers
v00000212fa85a0f0_0 .net "RCLKN", 0 0, o00000212fa80d108;  0 drivers
v00000212fa85a190_0 .net "RDATA", 15 0, L_00000212fa8ba4b0;  1 drivers
o00000212fa80cd18 .functor BUFZ 1, c4<z>; HiZ drive
v00000212fa858bb0_0 .net "RE", 0 0, o00000212fa80cd18;  0 drivers
o00000212fa80cd78 .functor BUFZ 11, c4<zzzzzzzzzzz>; HiZ drive
v00000212fa858cf0_0 .net "WADDR", 10 0, o00000212fa80cd78;  0 drivers
o00000212fa80cdd8 .functor BUFZ 1, c4<z>; HiZ drive
v00000212fa85a730_0 .net "WCLKE", 0 0, o00000212fa80cdd8;  0 drivers
v00000212fa858d90_0 .net "WCLKN", 0 0, o00000212fa80d138;  0 drivers
o00000212fa80ce08 .functor BUFZ 16, c4<zzzzzzzzzzzzzzzz>; HiZ drive
v00000212fa85a7d0_0 .net "WDATA", 15 0, o00000212fa80ce08;  0 drivers
o00000212fa80ce68 .functor BUFZ 1, c4<z>; HiZ drive
v00000212fa85a2d0_0 .net "WE", 0 0, o00000212fa80ce68;  0 drivers
S_00000212fa867070 .scope module, "RAM" "SB_RAM40_4K" 3 2053, 3 1487 0, S_00000212fa7e1690;
 .timescale -12 -12;
    .port_info 0 /OUTPUT 16 "RDATA";
    .port_info 1 /INPUT 1 "RCLK";
    .port_info 2 /INPUT 1 "RCLKE";
    .port_info 3 /INPUT 1 "RE";
    .port_info 4 /INPUT 11 "RADDR";
    .port_info 5 /INPUT 1 "WCLK";
    .port_info 6 /INPUT 1 "WCLKE";
    .port_info 7 /INPUT 1 "WE";
    .port_info 8 /INPUT 11 "WADDR";
    .port_info 9 /INPUT 16 "MASK";
    .port_info 10 /INPUT 16 "WDATA";
P_00000212fa867410 .param/l "INIT_0" 0 3 1507, C4<0000000000000000000000000000000000000000000000000000000000000000000000000000000000000000000000000000000000000000000000000000000000000000000000000000000000000000000000000000000000000000000000000000000000000000000000000000000000000000000000000000000000000000>;
P_00000212fa867448 .param/l "INIT_1" 0 3 1508, C4<0000000000000000000000000000000000000000000000000000000000000000000000000000000000000000000000000000000000000000000000000000000000000000000000000000000000000000000000000000000000000000000000000000000000000000000000000000000000000000000000000000000000000000>;
P_00000212fa867480 .param/l "INIT_2" 0 3 1509, C4<0000000000000000000000000000000000000000000000000000000000000000000000000000000000000000000000000000000000000000000000000000000000000000000000000000000000000000000000000000000000000000000000000000000000000000000000000000000000000000000000000000000000000000>;
P_00000212fa8674b8 .param/l "INIT_3" 0 3 1510, C4<0000000000000000000000000000000000000000000000000000000000000000000000000000000000000000000000000000000000000000000000000000000000000000000000000000000000000000000000000000000000000000000000000000000000000000000000000000000000000000000000000000000000000000>;
P_00000212fa8674f0 .param/l "INIT_4" 0 3 1511, C4<0000000000000000000000000000000000000000000000000000000000000000000000000000000000000000000000000000000000000000000000000000000000000000000000000000000000000000000000000000000000000000000000000000000000000000000000000000000000000000000000000000000000000000>;
P_00000212fa867528 .param/l "INIT_5" 0 3 1512, C4<0000000000000000000000000000000000000000000000000000000000000000000000000000000000000000000000000000000000000000000000000000000000000000000000000000000000000000000000000000000000000000000000000000000000000000000000000000000000000000000000000000000000000000>;
P_00000212fa867560 .param/l "INIT_6" 0 3 1513, C4<0000000000000000000000000000000000000000000000000000000000000000000000000000000000000000000000000000000000000000000000000000000000000000000000000000000000000000000000000000000000000000000000000000000000000000000000000000000000000000000000000000000000000000>;
P_00000212fa867598 .param/l "INIT_7" 0 3 1514, C4<0000000000000000000000000000000000000000000000000000000000000000000000000000000000000000000000000000000000000000000000000000000000000000000000000000000000000000000000000000000000000000000000000000000000000000000000000000000000000000000000000000000000000000>;
P_00000212fa8675d0 .param/l "INIT_8" 0 3 1515, C4<0000000000000000000000000000000000000000000000000000000000000000000000000000000000000000000000000000000000000000000000000000000000000000000000000000000000000000000000000000000000000000000000000000000000000000000000000000000000000000000000000000000000000000>;
P_00000212fa867608 .param/l "INIT_9" 0 3 1516, C4<0000000000000000000000000000000000000000000000000000000000000000000000000000000000000000000000000000000000000000000000000000000000000000000000000000000000000000000000000000000000000000000000000000000000000000000000000000000000000000000000000000000000000000>;
P_00000212fa867640 .param/l "INIT_A" 0 3 1517, C4<0000000000000000000000000000000000000000000000000000000000000000000000000000000000000000000000000000000000000000000000000000000000000000000000000000000000000000000000000000000000000000000000000000000000000000000000000000000000000000000000000000000000000000>;
P_00000212fa867678 .param/l "INIT_B" 0 3 1518, C4<0000000000000000000000000000000000000000000000000000000000000000000000000000000000000000000000000000000000000000000000000000000000000000000000000000000000000000000000000000000000000000000000000000000000000000000000000000000000000000000000000000000000000000>;
P_00000212fa8676b0 .param/l "INIT_C" 0 3 1519, C4<0000000000000000000000000000000000000000000000000000000000000000000000000000000000000000000000000000000000000000000000000000000000000000000000000000000000000000000000000000000000000000000000000000000000000000000000000000000000000000000000000000000000000000>;
P_00000212fa8676e8 .param/l "INIT_D" 0 3 1520, C4<0000000000000000000000000000000000000000000000000000000000000000000000000000000000000000000000000000000000000000000000000000000000000000000000000000000000000000000000000000000000000000000000000000000000000000000000000000000000000000000000000000000000000000>;
P_00000212fa867720 .param/l "INIT_E" 0 3 1521, C4<0000000000000000000000000000000000000000000000000000000000000000000000000000000000000000000000000000000000000000000000000000000000000000000000000000000000000000000000000000000000000000000000000000000000000000000000000000000000000000000000000000000000000000>;
P_00000212fa867758 .param/l "INIT_F" 0 3 1522, C4<0000000000000000000000000000000000000000000000000000000000000000000000000000000000000000000000000000000000000000000000000000000000000000000000000000000000000000000000000000000000000000000000000000000000000000000000000000000000000000000000000000000000000000>;
P_00000212fa867790 .param/str "INIT_FILE" 0 3 1524, "\000";
P_00000212fa8677c8 .param/l "READ_MODE" 0 3 1505, +C4<00000000000000000000000000000000>;
P_00000212fa867800 .param/l "WRITE_MODE" 0 3 1504, +C4<00000000000000000000000000000000>;
v00000212fa8590b0_0 .net "MASK", 15 0, o00000212fa80cbf8;  alias, 0 drivers
v00000212fa859790_0 .net "RADDR", 10 0, o00000212fa80cc28;  alias, 0 drivers
v00000212fa858930_0 .net "RCLK", 0 0, L_00000212fa8bb390;  1 drivers
v00000212fa85a4b0_0 .net "RCLKE", 0 0, o00000212fa80cc88;  alias, 0 drivers
v00000212fa859f10_0 .net "RDATA", 15 0, L_00000212fa8ba4b0;  alias, 1 drivers
v00000212fa859830_0 .var "RDATA_I", 15 0;
v00000212fa859fb0_0 .net "RE", 0 0, o00000212fa80cd18;  alias, 0 drivers
L_00000212fa8729e8 .functor BUFT 1, C4<0000000000000000>, C4<0>, C4<0>, C4<0>;
v00000212fa858e30_0 .net "RMASK_I", 15 0, L_00000212fa8729e8;  1 drivers
v00000212fa8589d0_0 .net "WADDR", 10 0, o00000212fa80cd78;  alias, 0 drivers
v00000212fa859a10_0 .net "WCLK", 0 0, L_00000212fa8ba280;  1 drivers
v00000212fa85a050_0 .net "WCLKE", 0 0, o00000212fa80cdd8;  alias, 0 drivers
v00000212fa859ab0_0 .net "WDATA", 15 0, o00000212fa80ce08;  alias, 0 drivers
v00000212fa859b50_0 .net "WDATA_I", 15 0, L_00000212fa8ba0c0;  1 drivers
v00000212fa859bf0_0 .net "WE", 0 0, o00000212fa80ce68;  alias, 0 drivers
v00000212fa859c90_0 .net "WMASK_I", 15 0, L_00000212fa8babb0;  1 drivers
v00000212fa85a370_0 .var/i "i", 31 0;
v00000212fa859d30 .array "memory", 255 0, 15 0;
E_00000212fa7d1860 .event posedge, v00000212fa858930_0;
E_00000212fa7d1560 .event posedge, v00000212fa859a10_0;
S_00000212fa865450 .scope generate, "genblk1" "genblk1" 3 1534, 3 1534 0, S_00000212fa867070;
 .timescale -12 -12;
L_00000212fa8babb0 .functor BUFZ 16, o00000212fa80cbf8, C4<0000000000000000>, C4<0000000000000000>, C4<0000000000000000>;
S_00000212fa866d50 .scope generate, "genblk2" "genblk2" 3 1555, 3 1555 0, S_00000212fa867070;
 .timescale -12 -12;
S_00000212fa865a90 .scope generate, "genblk3" "genblk3" 3 1576, 3 1576 0, S_00000212fa867070;
 .timescale -12 -12;
L_00000212fa8ba0c0 .functor BUFZ 16, o00000212fa80ce08, C4<0000000000000000>, C4<0000000000000000>, C4<0000000000000000>;
S_00000212fa865db0 .scope generate, "genblk4" "genblk4" 3 1595, 3 1595 0, S_00000212fa867070;
 .timescale -12 -12;
L_00000212fa8ba4b0 .functor BUFZ 16, v00000212fa859830_0, C4<0000000000000000>, C4<0000000000000000>, C4<0000000000000000>;
S_00000212fa7e1820 .scope module, "SB_RAM40_4KNW" "SB_RAM40_4KNW" 3 1862;
 .timescale -12 -12;
    .port_info 0 /OUTPUT 16 "RDATA";
    .port_info 1 /INPUT 1 "RCLK";
    .port_info 2 /INPUT 1 "RCLKE";
    .port_info 3 /INPUT 1 "RE";
    .port_info 4 /INPUT 11 "RADDR";
    .port_info 5 /INPUT 1 "WCLKN";
    .port_info 6 /INPUT 1 "WCLKE";
    .port_info 7 /INPUT 1 "WE";
    .port_info 8 /INPUT 11 "WADDR";
    .port_info 9 /INPUT 16 "MASK";
    .port_info 10 /INPUT 16 "WDATA";
P_00000212fa7e5640 .param/l "INIT_0" 0 3 1878, C4<0000000000000000000000000000000000000000000000000000000000000000000000000000000000000000000000000000000000000000000000000000000000000000000000000000000000000000000000000000000000000000000000000000000000000000000000000000000000000000000000000000000000000000>;
P_00000212fa7e5678 .param/l "INIT_1" 0 3 1879, C4<0000000000000000000000000000000000000000000000000000000000000000000000000000000000000000000000000000000000000000000000000000000000000000000000000000000000000000000000000000000000000000000000000000000000000000000000000000000000000000000000000000000000000000>;
P_00000212fa7e56b0 .param/l "INIT_2" 0 3 1880, C4<0000000000000000000000000000000000000000000000000000000000000000000000000000000000000000000000000000000000000000000000000000000000000000000000000000000000000000000000000000000000000000000000000000000000000000000000000000000000000000000000000000000000000000>;
P_00000212fa7e56e8 .param/l "INIT_3" 0 3 1881, C4<0000000000000000000000000000000000000000000000000000000000000000000000000000000000000000000000000000000000000000000000000000000000000000000000000000000000000000000000000000000000000000000000000000000000000000000000000000000000000000000000000000000000000000>;
P_00000212fa7e5720 .param/l "INIT_4" 0 3 1882, C4<0000000000000000000000000000000000000000000000000000000000000000000000000000000000000000000000000000000000000000000000000000000000000000000000000000000000000000000000000000000000000000000000000000000000000000000000000000000000000000000000000000000000000000>;
P_00000212fa7e5758 .param/l "INIT_5" 0 3 1883, C4<0000000000000000000000000000000000000000000000000000000000000000000000000000000000000000000000000000000000000000000000000000000000000000000000000000000000000000000000000000000000000000000000000000000000000000000000000000000000000000000000000000000000000000>;
P_00000212fa7e5790 .param/l "INIT_6" 0 3 1884, C4<0000000000000000000000000000000000000000000000000000000000000000000000000000000000000000000000000000000000000000000000000000000000000000000000000000000000000000000000000000000000000000000000000000000000000000000000000000000000000000000000000000000000000000>;
P_00000212fa7e57c8 .param/l "INIT_7" 0 3 1885, C4<0000000000000000000000000000000000000000000000000000000000000000000000000000000000000000000000000000000000000000000000000000000000000000000000000000000000000000000000000000000000000000000000000000000000000000000000000000000000000000000000000000000000000000>;
P_00000212fa7e5800 .param/l "INIT_8" 0 3 1886, C4<0000000000000000000000000000000000000000000000000000000000000000000000000000000000000000000000000000000000000000000000000000000000000000000000000000000000000000000000000000000000000000000000000000000000000000000000000000000000000000000000000000000000000000>;
P_00000212fa7e5838 .param/l "INIT_9" 0 3 1887, C4<0000000000000000000000000000000000000000000000000000000000000000000000000000000000000000000000000000000000000000000000000000000000000000000000000000000000000000000000000000000000000000000000000000000000000000000000000000000000000000000000000000000000000000>;
P_00000212fa7e5870 .param/l "INIT_A" 0 3 1888, C4<0000000000000000000000000000000000000000000000000000000000000000000000000000000000000000000000000000000000000000000000000000000000000000000000000000000000000000000000000000000000000000000000000000000000000000000000000000000000000000000000000000000000000000>;
P_00000212fa7e58a8 .param/l "INIT_B" 0 3 1889, C4<0000000000000000000000000000000000000000000000000000000000000000000000000000000000000000000000000000000000000000000000000000000000000000000000000000000000000000000000000000000000000000000000000000000000000000000000000000000000000000000000000000000000000000>;
P_00000212fa7e58e0 .param/l "INIT_C" 0 3 1890, C4<0000000000000000000000000000000000000000000000000000000000000000000000000000000000000000000000000000000000000000000000000000000000000000000000000000000000000000000000000000000000000000000000000000000000000000000000000000000000000000000000000000000000000000>;
P_00000212fa7e5918 .param/l "INIT_D" 0 3 1891, C4<0000000000000000000000000000000000000000000000000000000000000000000000000000000000000000000000000000000000000000000000000000000000000000000000000000000000000000000000000000000000000000000000000000000000000000000000000000000000000000000000000000000000000000>;
P_00000212fa7e5950 .param/l "INIT_E" 0 3 1892, C4<0000000000000000000000000000000000000000000000000000000000000000000000000000000000000000000000000000000000000000000000000000000000000000000000000000000000000000000000000000000000000000000000000000000000000000000000000000000000000000000000000000000000000000>;
P_00000212fa7e5988 .param/l "INIT_F" 0 3 1893, C4<0000000000000000000000000000000000000000000000000000000000000000000000000000000000000000000000000000000000000000000000000000000000000000000000000000000000000000000000000000000000000000000000000000000000000000000000000000000000000000000000000000000000000000>;
P_00000212fa7e59c0 .param/str "INIT_FILE" 0 3 1895, "\000";
P_00000212fa7e59f8 .param/l "READ_MODE" 0 3 1876, +C4<00000000000000000000000000000000>;
P_00000212fa7e5a30 .param/l "WRITE_MODE" 0 3 1875, +C4<00000000000000000000000000000000>;
o00000212fa80d888 .functor BUFZ 1, c4<z>; HiZ drive
L_00000212fa8bac90 .functor NOT 1, o00000212fa80d888, C4<0>, C4<0>, C4<0>;
o00000212fa80d378 .functor BUFZ 16, c4<zzzzzzzzzzzzzzzz>; HiZ drive
v00000212fa86bc20_0 .net "MASK", 15 0, o00000212fa80d378;  0 drivers
o00000212fa80d3a8 .functor BUFZ 11, c4<zzzzzzzzzzz>; HiZ drive
v00000212fa86bf40_0 .net "RADDR", 10 0, o00000212fa80d3a8;  0 drivers
o00000212fa80d3d8 .functor BUFZ 1, c4<z>; HiZ drive
v00000212fa86a6e0_0 .net "RCLK", 0 0, o00000212fa80d3d8;  0 drivers
o00000212fa80d408 .functor BUFZ 1, c4<z>; HiZ drive
v00000212fa86afa0_0 .net "RCLKE", 0 0, o00000212fa80d408;  0 drivers
v00000212fa86a500_0 .net "RDATA", 15 0, L_00000212fa8ba360;  1 drivers
o00000212fa80d498 .functor BUFZ 1, c4<z>; HiZ drive
v00000212fa86a8c0_0 .net "RE", 0 0, o00000212fa80d498;  0 drivers
o00000212fa80d4f8 .functor BUFZ 11, c4<zzzzzzzzzzz>; HiZ drive
v00000212fa869e20_0 .net "WADDR", 10 0, o00000212fa80d4f8;  0 drivers
o00000212fa80d558 .functor BUFZ 1, c4<z>; HiZ drive
v00000212fa86c120_0 .net "WCLKE", 0 0, o00000212fa80d558;  0 drivers
v00000212fa86c3a0_0 .net "WCLKN", 0 0, o00000212fa80d888;  0 drivers
o00000212fa80d588 .functor BUFZ 16, c4<zzzzzzzzzzzzzzzz>; HiZ drive
v00000212fa86a3c0_0 .net "WDATA", 15 0, o00000212fa80d588;  0 drivers
o00000212fa80d5e8 .functor BUFZ 1, c4<z>; HiZ drive
v00000212fa86b360_0 .net "WE", 0 0, o00000212fa80d5e8;  0 drivers
S_00000212fa8660d0 .scope module, "RAM" "SB_RAM40_4K" 3 1917, 3 1487 0, S_00000212fa7e1820;
 .timescale -12 -12;
    .port_info 0 /OUTPUT 16 "RDATA";
    .port_info 1 /INPUT 1 "RCLK";
    .port_info 2 /INPUT 1 "RCLKE";
    .port_info 3 /INPUT 1 "RE";
    .port_info 4 /INPUT 11 "RADDR";
    .port_info 5 /INPUT 1 "WCLK";
    .port_info 6 /INPUT 1 "WCLKE";
    .port_info 7 /INPUT 1 "WE";
    .port_info 8 /INPUT 11 "WADDR";
    .port_info 9 /INPUT 16 "MASK";
    .port_info 10 /INPUT 16 "WDATA";
P_00000212fa867840 .param/l "INIT_0" 0 3 1507, C4<0000000000000000000000000000000000000000000000000000000000000000000000000000000000000000000000000000000000000000000000000000000000000000000000000000000000000000000000000000000000000000000000000000000000000000000000000000000000000000000000000000000000000000>;
P_00000212fa867878 .param/l "INIT_1" 0 3 1508, C4<0000000000000000000000000000000000000000000000000000000000000000000000000000000000000000000000000000000000000000000000000000000000000000000000000000000000000000000000000000000000000000000000000000000000000000000000000000000000000000000000000000000000000000>;
P_00000212fa8678b0 .param/l "INIT_2" 0 3 1509, C4<0000000000000000000000000000000000000000000000000000000000000000000000000000000000000000000000000000000000000000000000000000000000000000000000000000000000000000000000000000000000000000000000000000000000000000000000000000000000000000000000000000000000000000>;
P_00000212fa8678e8 .param/l "INIT_3" 0 3 1510, C4<0000000000000000000000000000000000000000000000000000000000000000000000000000000000000000000000000000000000000000000000000000000000000000000000000000000000000000000000000000000000000000000000000000000000000000000000000000000000000000000000000000000000000000>;
P_00000212fa867920 .param/l "INIT_4" 0 3 1511, C4<0000000000000000000000000000000000000000000000000000000000000000000000000000000000000000000000000000000000000000000000000000000000000000000000000000000000000000000000000000000000000000000000000000000000000000000000000000000000000000000000000000000000000000>;
P_00000212fa867958 .param/l "INIT_5" 0 3 1512, C4<0000000000000000000000000000000000000000000000000000000000000000000000000000000000000000000000000000000000000000000000000000000000000000000000000000000000000000000000000000000000000000000000000000000000000000000000000000000000000000000000000000000000000000>;
P_00000212fa867990 .param/l "INIT_6" 0 3 1513, C4<0000000000000000000000000000000000000000000000000000000000000000000000000000000000000000000000000000000000000000000000000000000000000000000000000000000000000000000000000000000000000000000000000000000000000000000000000000000000000000000000000000000000000000>;
P_00000212fa8679c8 .param/l "INIT_7" 0 3 1514, C4<0000000000000000000000000000000000000000000000000000000000000000000000000000000000000000000000000000000000000000000000000000000000000000000000000000000000000000000000000000000000000000000000000000000000000000000000000000000000000000000000000000000000000000>;
P_00000212fa867a00 .param/l "INIT_8" 0 3 1515, C4<0000000000000000000000000000000000000000000000000000000000000000000000000000000000000000000000000000000000000000000000000000000000000000000000000000000000000000000000000000000000000000000000000000000000000000000000000000000000000000000000000000000000000000>;
P_00000212fa867a38 .param/l "INIT_9" 0 3 1516, C4<0000000000000000000000000000000000000000000000000000000000000000000000000000000000000000000000000000000000000000000000000000000000000000000000000000000000000000000000000000000000000000000000000000000000000000000000000000000000000000000000000000000000000000>;
P_00000212fa867a70 .param/l "INIT_A" 0 3 1517, C4<0000000000000000000000000000000000000000000000000000000000000000000000000000000000000000000000000000000000000000000000000000000000000000000000000000000000000000000000000000000000000000000000000000000000000000000000000000000000000000000000000000000000000000>;
P_00000212fa867aa8 .param/l "INIT_B" 0 3 1518, C4<0000000000000000000000000000000000000000000000000000000000000000000000000000000000000000000000000000000000000000000000000000000000000000000000000000000000000000000000000000000000000000000000000000000000000000000000000000000000000000000000000000000000000000>;
P_00000212fa867ae0 .param/l "INIT_C" 0 3 1519, C4<0000000000000000000000000000000000000000000000000000000000000000000000000000000000000000000000000000000000000000000000000000000000000000000000000000000000000000000000000000000000000000000000000000000000000000000000000000000000000000000000000000000000000000>;
P_00000212fa867b18 .param/l "INIT_D" 0 3 1520, C4<0000000000000000000000000000000000000000000000000000000000000000000000000000000000000000000000000000000000000000000000000000000000000000000000000000000000000000000000000000000000000000000000000000000000000000000000000000000000000000000000000000000000000000>;
P_00000212fa867b50 .param/l "INIT_E" 0 3 1521, C4<0000000000000000000000000000000000000000000000000000000000000000000000000000000000000000000000000000000000000000000000000000000000000000000000000000000000000000000000000000000000000000000000000000000000000000000000000000000000000000000000000000000000000000>;
P_00000212fa867b88 .param/l "INIT_F" 0 3 1522, C4<0000000000000000000000000000000000000000000000000000000000000000000000000000000000000000000000000000000000000000000000000000000000000000000000000000000000000000000000000000000000000000000000000000000000000000000000000000000000000000000000000000000000000000>;
P_00000212fa867bc0 .param/str "INIT_FILE" 0 3 1524, "\000";
P_00000212fa867bf8 .param/l "READ_MODE" 0 3 1505, +C4<00000000000000000000000000000000>;
P_00000212fa867c30 .param/l "WRITE_MODE" 0 3 1504, +C4<00000000000000000000000000000000>;
v00000212fa85a550_0 .net "MASK", 15 0, o00000212fa80d378;  alias, 0 drivers
v00000212fa85a5f0_0 .net "RADDR", 10 0, o00000212fa80d3a8;  alias, 0 drivers
v00000212fa85a870_0 .net "RCLK", 0 0, o00000212fa80d3d8;  alias, 0 drivers
v00000212fa85b270_0 .net "RCLKE", 0 0, o00000212fa80d408;  alias, 0 drivers
v00000212fa85aff0_0 .net "RDATA", 15 0, L_00000212fa8ba360;  alias, 1 drivers
v00000212fa85b310_0 .var "RDATA_I", 15 0;
v00000212fa85b090_0 .net "RE", 0 0, o00000212fa80d498;  alias, 0 drivers
L_00000212fa872a30 .functor BUFT 1, C4<0000000000000000>, C4<0>, C4<0>, C4<0>;
v00000212fa85af50_0 .net "RMASK_I", 15 0, L_00000212fa872a30;  1 drivers
v00000212fa85b1d0_0 .net "WADDR", 10 0, o00000212fa80d4f8;  alias, 0 drivers
v00000212fa85ac30_0 .net "WCLK", 0 0, L_00000212fa8bac90;  1 drivers
v00000212fa85ae10_0 .net "WCLKE", 0 0, o00000212fa80d558;  alias, 0 drivers
v00000212fa85aeb0_0 .net "WDATA", 15 0, o00000212fa80d588;  alias, 0 drivers
v00000212fa85b130_0 .net "WDATA_I", 15 0, L_00000212fa8ba2f0;  1 drivers
v00000212fa85ad70_0 .net "WE", 0 0, o00000212fa80d5e8;  alias, 0 drivers
v00000212fa85acd0_0 .net "WMASK_I", 15 0, L_00000212fa8ba440;  1 drivers
v00000212fa86c080_0 .var/i "i", 31 0;
v00000212fa86b2c0 .array "memory", 255 0, 15 0;
E_00000212fa7d17a0 .event posedge, v00000212fa85a870_0;
E_00000212fa7d1260 .event posedge, v00000212fa85ac30_0;
S_00000212fa866710 .scope generate, "genblk1" "genblk1" 3 1534, 3 1534 0, S_00000212fa8660d0;
 .timescale -12 -12;
L_00000212fa8ba440 .functor BUFZ 16, o00000212fa80d378, C4<0000000000000000>, C4<0000000000000000>, C4<0000000000000000>;
S_00000212fa866260 .scope generate, "genblk2" "genblk2" 3 1555, 3 1555 0, S_00000212fa8660d0;
 .timescale -12 -12;
S_00000212fa867200 .scope generate, "genblk3" "genblk3" 3 1576, 3 1576 0, S_00000212fa8660d0;
 .timescale -12 -12;
L_00000212fa8ba2f0 .functor BUFZ 16, o00000212fa80d588, C4<0000000000000000>, C4<0000000000000000>, C4<0000000000000000>;
S_00000212fa866a30 .scope generate, "genblk4" "genblk4" 3 1595, 3 1595 0, S_00000212fa8660d0;
 .timescale -12 -12;
L_00000212fa8ba360 .functor BUFZ 16, v00000212fa85b310_0, C4<0000000000000000>, C4<0000000000000000>, C4<0000000000000000>;
S_00000212fa7e19b0 .scope module, "SB_RGBA_DRV" "SB_RGBA_DRV" 3 2692;
 .timescale -12 -12;
    .port_info 0 /INPUT 1 "CURREN";
    .port_info 1 /INPUT 1 "RGBLEDEN";
    .port_info 2 /INPUT 1 "RGB0PWM";
    .port_info 3 /INPUT 1 "RGB1PWM";
    .port_info 4 /INPUT 1 "RGB2PWM";
    .port_info 5 /OUTPUT 1 "RGB0";
    .port_info 6 /OUTPUT 1 "RGB1";
    .port_info 7 /OUTPUT 1 "RGB2";
P_00000212fa568730 .param/str "CURRENT_MODE" 0 3 2702, "0b0";
P_00000212fa568768 .param/str "RGB0_CURRENT" 0 3 2703, "0b000000";
P_00000212fa5687a0 .param/str "RGB1_CURRENT" 0 3 2704, "0b000000";
P_00000212fa5687d8 .param/str "RGB2_CURRENT" 0 3 2705, "0b000000";
o00000212fa80dac8 .functor BUFZ 1, c4<z>; HiZ drive
v00000212fa86a640_0 .net "CURREN", 0 0, o00000212fa80dac8;  0 drivers
o00000212fa80daf8 .functor BUFZ 1, c4<z>; HiZ drive
v00000212fa869ec0_0 .net "RGB0", 0 0, o00000212fa80daf8;  0 drivers
o00000212fa80db28 .functor BUFZ 1, c4<z>; HiZ drive
v00000212fa86ae60_0 .net "RGB0PWM", 0 0, o00000212fa80db28;  0 drivers
o00000212fa80db58 .functor BUFZ 1, c4<z>; HiZ drive
v00000212fa86c1c0_0 .net "RGB1", 0 0, o00000212fa80db58;  0 drivers
o00000212fa80db88 .functor BUFZ 1, c4<z>; HiZ drive
v00000212fa86ab40_0 .net "RGB1PWM", 0 0, o00000212fa80db88;  0 drivers
o00000212fa80dbb8 .functor BUFZ 1, c4<z>; HiZ drive
v00000212fa86a460_0 .net "RGB2", 0 0, o00000212fa80dbb8;  0 drivers
o00000212fa80dbe8 .functor BUFZ 1, c4<z>; HiZ drive
v00000212fa86b0e0_0 .net "RGB2PWM", 0 0, o00000212fa80dbe8;  0 drivers
o00000212fa80dc18 .functor BUFZ 1, c4<z>; HiZ drive
v00000212fa86b7c0_0 .net "RGBLEDEN", 0 0, o00000212fa80dc18;  0 drivers
S_00000212fa7e6290 .scope module, "SB_RGB_DRV" "SB_RGB_DRV" 3 2716;
 .timescale -12 -12;
    .port_info 0 /INPUT 1 "RGBLEDEN";
    .port_info 1 /INPUT 1 "RGB0PWM";
    .port_info 2 /INPUT 1 "RGB1PWM";
    .port_info 3 /INPUT 1 "RGB2PWM";
    .port_info 4 /INPUT 1 "RGBPU";
    .port_info 5 /OUTPUT 1 "RGB0";
    .port_info 6 /OUTPUT 1 "RGB1";
    .port_info 7 /OUTPUT 1 "RGB2";
P_00000212fa516aa0 .param/str "CURRENT_MODE" 0 3 2726, "0b0";
P_00000212fa516ad8 .param/str "RGB0_CURRENT" 0 3 2727, "0b000000";
P_00000212fa516b10 .param/str "RGB1_CURRENT" 0 3 2728, "0b000000";
P_00000212fa516b48 .param/str "RGB2_CURRENT" 0 3 2729, "0b000000";
o00000212fa80ddc8 .functor BUFZ 1, c4<z>; HiZ drive
v00000212fa86c440_0 .net "RGB0", 0 0, o00000212fa80ddc8;  0 drivers
o00000212fa80ddf8 .functor BUFZ 1, c4<z>; HiZ drive
v00000212fa86a320_0 .net "RGB0PWM", 0 0, o00000212fa80ddf8;  0 drivers
o00000212fa80de28 .functor BUFZ 1, c4<z>; HiZ drive
v00000212fa86af00_0 .net "RGB1", 0 0, o00000212fa80de28;  0 drivers
o00000212fa80de58 .functor BUFZ 1, c4<z>; HiZ drive
v00000212fa86abe0_0 .net "RGB1PWM", 0 0, o00000212fa80de58;  0 drivers
o00000212fa80de88 .functor BUFZ 1, c4<z>; HiZ drive
v00000212fa86b220_0 .net "RGB2", 0 0, o00000212fa80de88;  0 drivers
o00000212fa80deb8 .functor BUFZ 1, c4<z>; HiZ drive
v00000212fa86ad20_0 .net "RGB2PWM", 0 0, o00000212fa80deb8;  0 drivers
o00000212fa80dee8 .functor BUFZ 1, c4<z>; HiZ drive
v00000212fa86b9a0_0 .net "RGBLEDEN", 0 0, o00000212fa80dee8;  0 drivers
o00000212fa80df18 .functor BUFZ 1, c4<z>; HiZ drive
v00000212fa86a960_0 .net "RGBPU", 0 0, o00000212fa80df18;  0 drivers
S_00000212fa7e5c50 .scope module, "SB_SPI" "SB_SPI" 3 2776;
 .timescale -12 -12;
    .port_info 0 /INPUT 1 "SBCLKI";
    .port_info 1 /INPUT 1 "SBRWI";
    .port_info 2 /INPUT 1 "SBSTBI";
    .port_info 3 /INPUT 1 "SBADRI7";
    .port_info 4 /INPUT 1 "SBADRI6";
    .port_info 5 /INPUT 1 "SBADRI5";
    .port_info 6 /INPUT 1 "SBADRI4";
    .port_info 7 /INPUT 1 "SBADRI3";
    .port_info 8 /INPUT 1 "SBADRI2";
    .port_info 9 /INPUT 1 "SBADRI1";
    .port_info 10 /INPUT 1 "SBADRI0";
    .port_info 11 /INPUT 1 "SBDATI7";
    .port_info 12 /INPUT 1 "SBDATI6";
    .port_info 13 /INPUT 1 "SBDATI5";
    .port_info 14 /INPUT 1 "SBDATI4";
    .port_info 15 /INPUT 1 "SBDATI3";
    .port_info 16 /INPUT 1 "SBDATI2";
    .port_info 17 /INPUT 1 "SBDATI1";
    .port_info 18 /INPUT 1 "SBDATI0";
    .port_info 19 /INPUT 1 "MI";
    .port_info 20 /INPUT 1 "SI";
    .port_info 21 /INPUT 1 "SCKI";
    .port_info 22 /INPUT 1 "SCSNI";
    .port_info 23 /OUTPUT 1 "SBDATO7";
    .port_info 24 /OUTPUT 1 "SBDATO6";
    .port_info 25 /OUTPUT 1 "SBDATO5";
    .port_info 26 /OUTPUT 1 "SBDATO4";
    .port_info 27 /OUTPUT 1 "SBDATO3";
    .port_info 28 /OUTPUT 1 "SBDATO2";
    .port_info 29 /OUTPUT 1 "SBDATO1";
    .port_info 30 /OUTPUT 1 "SBDATO0";
    .port_info 31 /OUTPUT 1 "SBACKO";
    .port_info 32 /OUTPUT 1 "SPIIRQ";
    .port_info 33 /OUTPUT 1 "SPIWKUP";
    .port_info 34 /OUTPUT 1 "SO";
    .port_info 35 /OUTPUT 1 "SOE";
    .port_info 36 /OUTPUT 1 "MO";
    .port_info 37 /OUTPUT 1 "MOE";
    .port_info 38 /OUTPUT 1 "SCKO";
    .port_info 39 /OUTPUT 1 "SCKOE";
    .port_info 40 /OUTPUT 1 "MCSNO3";
    .port_info 41 /OUTPUT 1 "MCSNO2";
    .port_info 42 /OUTPUT 1 "MCSNO1";
    .port_info 43 /OUTPUT 1 "MCSNO0";
    .port_info 44 /OUTPUT 1 "MCSNOE3";
    .port_info 45 /OUTPUT 1 "MCSNOE2";
    .port_info 46 /OUTPUT 1 "MCSNOE1";
    .port_info 47 /OUTPUT 1 "MCSNOE0";
P_00000212fa7d0360 .param/str "BUS_ADDR74" 0 3 2826, "0b0000";
o00000212fa80e0c8 .functor BUFZ 1, c4<z>; HiZ drive
v00000212fa86c260_0 .net "MCSNO0", 0 0, o00000212fa80e0c8;  0 drivers
o00000212fa80e0f8 .functor BUFZ 1, c4<z>; HiZ drive
v00000212fa86b400_0 .net "MCSNO1", 0 0, o00000212fa80e0f8;  0 drivers
o00000212fa80e128 .functor BUFZ 1, c4<z>; HiZ drive
v00000212fa86b5e0_0 .net "MCSNO2", 0 0, o00000212fa80e128;  0 drivers
o00000212fa80e158 .functor BUFZ 1, c4<z>; HiZ drive
v00000212fa86a780_0 .net "MCSNO3", 0 0, o00000212fa80e158;  0 drivers
o00000212fa80e188 .functor BUFZ 1, c4<z>; HiZ drive
v00000212fa86c300_0 .net "MCSNOE0", 0 0, o00000212fa80e188;  0 drivers
o00000212fa80e1b8 .functor BUFZ 1, c4<z>; HiZ drive
v00000212fa86a000_0 .net "MCSNOE1", 0 0, o00000212fa80e1b8;  0 drivers
o00000212fa80e1e8 .functor BUFZ 1, c4<z>; HiZ drive
v00000212fa869f60_0 .net "MCSNOE2", 0 0, o00000212fa80e1e8;  0 drivers
o00000212fa80e218 .functor BUFZ 1, c4<z>; HiZ drive
v00000212fa86adc0_0 .net "MCSNOE3", 0 0, o00000212fa80e218;  0 drivers
o00000212fa80e248 .functor BUFZ 1, c4<z>; HiZ drive
v00000212fa86a5a0_0 .net "MI", 0 0, o00000212fa80e248;  0 drivers
o00000212fa80e278 .functor BUFZ 1, c4<z>; HiZ drive
v00000212fa869ce0_0 .net "MO", 0 0, o00000212fa80e278;  0 drivers
o00000212fa80e2a8 .functor BUFZ 1, c4<z>; HiZ drive
v00000212fa86a0a0_0 .net "MOE", 0 0, o00000212fa80e2a8;  0 drivers
o00000212fa80e2d8 .functor BUFZ 1, c4<z>; HiZ drive
v00000212fa86bfe0_0 .net "SBACKO", 0 0, o00000212fa80e2d8;  0 drivers
o00000212fa80e308 .functor BUFZ 1, c4<z>; HiZ drive
v00000212fa86b860_0 .net "SBADRI0", 0 0, o00000212fa80e308;  0 drivers
o00000212fa80e338 .functor BUFZ 1, c4<z>; HiZ drive
v00000212fa869d80_0 .net "SBADRI1", 0 0, o00000212fa80e338;  0 drivers
o00000212fa80e368 .functor BUFZ 1, c4<z>; HiZ drive
v00000212fa86a140_0 .net "SBADRI2", 0 0, o00000212fa80e368;  0 drivers
o00000212fa80e398 .functor BUFZ 1, c4<z>; HiZ drive
v00000212fa86b4a0_0 .net "SBADRI3", 0 0, o00000212fa80e398;  0 drivers
o00000212fa80e3c8 .functor BUFZ 1, c4<z>; HiZ drive
v00000212fa86ba40_0 .net "SBADRI4", 0 0, o00000212fa80e3c8;  0 drivers
o00000212fa80e3f8 .functor BUFZ 1, c4<z>; HiZ drive
v00000212fa86a1e0_0 .net "SBADRI5", 0 0, o00000212fa80e3f8;  0 drivers
o00000212fa80e428 .functor BUFZ 1, c4<z>; HiZ drive
v00000212fa86a280_0 .net "SBADRI6", 0 0, o00000212fa80e428;  0 drivers
o00000212fa80e458 .functor BUFZ 1, c4<z>; HiZ drive
v00000212fa86b720_0 .net "SBADRI7", 0 0, o00000212fa80e458;  0 drivers
o00000212fa80e488 .functor BUFZ 1, c4<z>; HiZ drive
v00000212fa86b540_0 .net "SBCLKI", 0 0, o00000212fa80e488;  0 drivers
o00000212fa80e4b8 .functor BUFZ 1, c4<z>; HiZ drive
v00000212fa86b040_0 .net "SBDATI0", 0 0, o00000212fa80e4b8;  0 drivers
o00000212fa80e4e8 .functor BUFZ 1, c4<z>; HiZ drive
v00000212fa86b180_0 .net "SBDATI1", 0 0, o00000212fa80e4e8;  0 drivers
o00000212fa80e518 .functor BUFZ 1, c4<z>; HiZ drive
v00000212fa86a820_0 .net "SBDATI2", 0 0, o00000212fa80e518;  0 drivers
o00000212fa80e548 .functor BUFZ 1, c4<z>; HiZ drive
v00000212fa86aa00_0 .net "SBDATI3", 0 0, o00000212fa80e548;  0 drivers
o00000212fa80e578 .functor BUFZ 1, c4<z>; HiZ drive
v00000212fa86aaa0_0 .net "SBDATI4", 0 0, o00000212fa80e578;  0 drivers
o00000212fa80e5a8 .functor BUFZ 1, c4<z>; HiZ drive
v00000212fa86b680_0 .net "SBDATI5", 0 0, o00000212fa80e5a8;  0 drivers
o00000212fa80e5d8 .functor BUFZ 1, c4<z>; HiZ drive
v00000212fa86bae0_0 .net "SBDATI6", 0 0, o00000212fa80e5d8;  0 drivers
o00000212fa80e608 .functor BUFZ 1, c4<z>; HiZ drive
v00000212fa86ac80_0 .net "SBDATI7", 0 0, o00000212fa80e608;  0 drivers
o00000212fa80e638 .functor BUFZ 1, c4<z>; HiZ drive
v00000212fa86bb80_0 .net "SBDATO0", 0 0, o00000212fa80e638;  0 drivers
o00000212fa80e668 .functor BUFZ 1, c4<z>; HiZ drive
v00000212fa86b900_0 .net "SBDATO1", 0 0, o00000212fa80e668;  0 drivers
o00000212fa80e698 .functor BUFZ 1, c4<z>; HiZ drive
v00000212fa86bcc0_0 .net "SBDATO2", 0 0, o00000212fa80e698;  0 drivers
o00000212fa80e6c8 .functor BUFZ 1, c4<z>; HiZ drive
v00000212fa86bd60_0 .net "SBDATO3", 0 0, o00000212fa80e6c8;  0 drivers
o00000212fa80e6f8 .functor BUFZ 1, c4<z>; HiZ drive
v00000212fa86be00_0 .net "SBDATO4", 0 0, o00000212fa80e6f8;  0 drivers
o00000212fa80e728 .functor BUFZ 1, c4<z>; HiZ drive
v00000212fa86bea0_0 .net "SBDATO5", 0 0, o00000212fa80e728;  0 drivers
o00000212fa80e758 .functor BUFZ 1, c4<z>; HiZ drive
v00000212fa86cda0_0 .net "SBDATO6", 0 0, o00000212fa80e758;  0 drivers
o00000212fa80e788 .functor BUFZ 1, c4<z>; HiZ drive
v00000212fa86c9e0_0 .net "SBDATO7", 0 0, o00000212fa80e788;  0 drivers
o00000212fa80e7b8 .functor BUFZ 1, c4<z>; HiZ drive
v00000212fa86da20_0 .net "SBRWI", 0 0, o00000212fa80e7b8;  0 drivers
o00000212fa80e7e8 .functor BUFZ 1, c4<z>; HiZ drive
v00000212fa86c6c0_0 .net "SBSTBI", 0 0, o00000212fa80e7e8;  0 drivers
o00000212fa80e818 .functor BUFZ 1, c4<z>; HiZ drive
v00000212fa86dc00_0 .net "SCKI", 0 0, o00000212fa80e818;  0 drivers
o00000212fa80e848 .functor BUFZ 1, c4<z>; HiZ drive
v00000212fa86db60_0 .net "SCKO", 0 0, o00000212fa80e848;  0 drivers
o00000212fa80e878 .functor BUFZ 1, c4<z>; HiZ drive
v00000212fa86c800_0 .net "SCKOE", 0 0, o00000212fa80e878;  0 drivers
o00000212fa80e8a8 .functor BUFZ 1, c4<z>; HiZ drive
v00000212fa86d840_0 .net "SCSNI", 0 0, o00000212fa80e8a8;  0 drivers
o00000212fa80e8d8 .functor BUFZ 1, c4<z>; HiZ drive
v00000212fa86ca80_0 .net "SI", 0 0, o00000212fa80e8d8;  0 drivers
o00000212fa80e908 .functor BUFZ 1, c4<z>; HiZ drive
v00000212fa86eb00_0 .net "SO", 0 0, o00000212fa80e908;  0 drivers
o00000212fa80e938 .functor BUFZ 1, c4<z>; HiZ drive
v00000212fa86c620_0 .net "SOE", 0 0, o00000212fa80e938;  0 drivers
o00000212fa80e968 .functor BUFZ 1, c4<z>; HiZ drive
v00000212fa86c4e0_0 .net "SPIIRQ", 0 0, o00000212fa80e968;  0 drivers
o00000212fa80e998 .functor BUFZ 1, c4<z>; HiZ drive
v00000212fa86dd40_0 .net "SPIWKUP", 0 0, o00000212fa80e998;  0 drivers
S_00000212fa7e6100 .scope module, "SB_SPRAM256KA" "SB_SPRAM256KA" 3 2600;
 .timescale -12 -12;
    .port_info 0 /INPUT 14 "ADDRESS";
    .port_info 1 /INPUT 16 "DATAIN";
    .port_info 2 /INPUT 4 "MASKWREN";
    .port_info 3 /INPUT 1 "WREN";
    .port_info 4 /INPUT 1 "CHIPSELECT";
    .port_info 5 /INPUT 1 "CLOCK";
    .port_info 6 /INPUT 1 "STANDBY";
    .port_info 7 /INPUT 1 "SLEEP";
    .port_info 8 /INPUT 1 "POWEROFF";
    .port_info 9 /OUTPUT 16 "DATAOUT";
o00000212fa80f418 .functor BUFZ 1, c4<z>; HiZ drive
L_00000212fa8ba3d0 .functor OR 1, o00000212fa80f418, L_00000212fa8d07f0, C4<0>, C4<0>;
o00000212fa80f2c8 .functor BUFZ 14, c4<zzzzzzzzzzzzzz>; HiZ drive
v00000212fa86eba0_0 .net "ADDRESS", 13 0, o00000212fa80f2c8;  0 drivers
o00000212fa80f2f8 .functor BUFZ 1, c4<z>; HiZ drive
v00000212fa86c760_0 .net "CHIPSELECT", 0 0, o00000212fa80f2f8;  0 drivers
o00000212fa80f328 .functor BUFZ 1, c4<z>; HiZ drive
v00000212fa86dac0_0 .net "CLOCK", 0 0, o00000212fa80f328;  0 drivers
o00000212fa80f358 .functor BUFZ 16, c4<zzzzzzzzzzzzzzzz>; HiZ drive
v00000212fa86d5c0_0 .net "DATAIN", 15 0, o00000212fa80f358;  0 drivers
v00000212fa86e4c0_0 .var "DATAOUT", 15 0;
o00000212fa80f3b8 .functor BUFZ 4, c4<zzzz>; HiZ drive
v00000212fa86e6a0_0 .net "MASKWREN", 3 0, o00000212fa80f3b8;  0 drivers
o00000212fa80f3e8 .functor BUFZ 1, c4<z>; HiZ drive
v00000212fa86d020_0 .net "POWEROFF", 0 0, o00000212fa80f3e8;  0 drivers
v00000212fa86e380_0 .net "SLEEP", 0 0, o00000212fa80f418;  0 drivers
o00000212fa80f448 .functor BUFZ 1, c4<z>; HiZ drive
v00000212fa86dca0_0 .net "STANDBY", 0 0, o00000212fa80f448;  0 drivers
o00000212fa80f478 .functor BUFZ 1, c4<z>; HiZ drive
v00000212fa86dde0_0 .net "WREN", 0 0, o00000212fa80f478;  0 drivers
v00000212fa86de80_0 .net *"_ivl_1", 0 0, L_00000212fa8d07f0;  1 drivers
v00000212fa86c8a0_0 .var/i "i", 31 0;
v00000212fa86e740 .array "mem", 16383 0, 15 0;
v00000212fa86df20_0 .net "off", 0 0, L_00000212fa8ba3d0;  1 drivers
E_00000212fa7d1420 .event posedge, v00000212fa86df20_0, v00000212fa86dac0_0;
E_00000212fa7d0ce0 .event negedge, v00000212fa86d020_0;
L_00000212fa8d07f0 .reduce/nor o00000212fa80f3e8;
S_00000212fa7e76e0 .scope module, "SB_WARMBOOT" "SB_WARMBOOT" 3 2593;
 .timescale -12 -12;
    .port_info 0 /INPUT 1 "BOOT";
    .port_info 1 /INPUT 1 "S1";
    .port_info 2 /INPUT 1 "S0";
o00000212fa80f718 .functor BUFZ 1, c4<z>; HiZ drive
v00000212fa86e7e0_0 .net "BOOT", 0 0, o00000212fa80f718;  0 drivers
o00000212fa80f748 .functor BUFZ 1, c4<z>; HiZ drive
v00000212fa86e880_0 .net "S0", 0 0, o00000212fa80f748;  0 drivers
o00000212fa80f778 .functor BUFZ 1, c4<z>; HiZ drive
v00000212fa86c940_0 .net "S1", 0 0, o00000212fa80f778;  0 drivers
S_00000212fa7e6f10 .scope module, "ex3_tb" "ex3_tb" 4 2;
 .timescale -9 -12;
v00000212fa86e1a0_0 .var "a", 0 0;
v00000212fa86e240_0 .var "b", 0 0;
v00000212fa86e560_0 .net "c_out", 0 0, L_00000212fa8ba520;  1 drivers
v00000212fa86cb20_0 .var "clk", 0 0;
v00000212fa86e9c0_0 .net "s_out", 0 0, v00000212fa86cbc0_0;  1 drivers
S_00000212fa865770 .scope module, "uut" "wire_vs_reg" 4 5, 5 15 0, S_00000212fa7e6f10;
 .timescale -12 -12;
    .port_info 0 /INPUT 1 "clk";
    .port_info 1 /INPUT 1 "a";
    .port_info 2 /INPUT 1 "b";
    .port_info 3 /OUTPUT 1 "combinational_out";
    .port_info 4 /OUTPUT 1 "sequential_out";
L_00000212fa8ba520 .functor AND 1, v00000212fa86e1a0_0, v00000212fa86e240_0, C4<1>, C4<1>;
v00000212fa86e920_0 .net "a", 0 0, v00000212fa86e1a0_0;  1 drivers
v00000212fa86dfc0_0 .net "b", 0 0, v00000212fa86e240_0;  1 drivers
v00000212fa86e060_0 .net "clk", 0 0, v00000212fa86cb20_0;  1 drivers
v00000212fa86e100_0 .net "combinational_out", 0 0, L_00000212fa8ba520;  alias, 1 drivers
v00000212fa86cbc0_0 .var "sequential_out", 0 0;
E_00000212fa7d0ae0 .event posedge, v00000212fa86e060_0;
S_00000212fa7e5ac0 .scope module, "ex3_top" "ex3_top" 6 1;
 .timescale -12 -12;
    .port_info 0 /OUTPUT 1 "LED_B";
    .port_info 1 /OUTPUT 1 "LED_G";
    .port_info 2 /OUTPUT 1 "LED_R";
    .port_info 3 /INPUT 1 "ICE_SW2";
L_00000212fa8bad70 .functor BUFZ 1, L_00000212fa8bad00, C4<0>, C4<0>, C4<0>;
L_00000212fa8bbe10 .functor BUFZ 1, v00000212fa86d0c0_0, C4<0>, C4<0>, C4<0>;
o00000212fa80fa18 .functor BUFZ 1, c4<z>; HiZ drive
v00000212fa86d200_0 .net "ICE_SW2", 0 0, o00000212fa80fa18;  0 drivers
L_00000212fa872b50 .functor BUFT 1, C4<1>, C4<0>, C4<0>, C4<0>;
v00000212fa86d3e0_0 .net "LED_B", 0 0, L_00000212fa872b50;  1 drivers
v00000212fa86d520_0 .net "LED_G", 0 0, L_00000212fa8bad70;  1 drivers
v00000212fa86d660_0 .net "LED_R", 0 0, L_00000212fa8bbe10;  1 drivers
v00000212fa86d7a0_0 .net "c_out", 0 0, L_00000212fa8bad00;  1 drivers
o00000212fa80fa78 .functor BUFZ 1, c4<z>; HiZ drive
v00000212fa86d8e0_0 .net "clk", 0 0, o00000212fa80fa78;  0 drivers
v00000212fa86f0a0_0 .net "s_out", 0 0, v00000212fa86d0c0_0;  1 drivers
S_00000212fa8655e0 .scope module, "inst" "wire_vs_reg" 6 8, 5 15 0, S_00000212fa7e5ac0;
 .timescale -12 -12;
    .port_info 0 /INPUT 1 "clk";
    .port_info 1 /INPUT 1 "a";
    .port_info 2 /INPUT 1 "b";
    .port_info 3 /OUTPUT 1 "combinational_out";
    .port_info 4 /OUTPUT 1 "sequential_out";
L_00000212fa872b08 .functor BUFT 1, C4<1>, C4<0>, C4<0>, C4<0>;
L_00000212fa8bad00 .functor AND 1, o00000212fa80fa18, L_00000212fa872b08, C4<1>, C4<1>;
v00000212fa86e600_0 .net "a", 0 0, o00000212fa80fa18;  alias, 0 drivers
v00000212fa86cc60_0 .net "b", 0 0, L_00000212fa872b08;  1 drivers
v00000212fa86cee0_0 .net "clk", 0 0, o00000212fa80fa78;  alias, 0 drivers
v00000212fa86ec40_0 .net "combinational_out", 0 0, L_00000212fa8bad00;  alias, 1 drivers
v00000212fa86d0c0_0 .var "sequential_out", 0 0;
E_00000212fa7d0ee0 .event posedge, v00000212fa86cee0_0;
S_00000212fa866580 .scope module, "u_hfosc" "SB_HFOSC" 6 5, 3 2664 0, S_00000212fa7e5ac0;
 .timescale -12 -12;
    .port_info 0 /INPUT 1 "TRIM0";
    .port_info 1 /INPUT 1 "TRIM1";
    .port_info 2 /INPUT 1 "TRIM2";
    .port_info 3 /INPUT 1 "TRIM3";
    .port_info 4 /INPUT 1 "TRIM4";
    .port_info 5 /INPUT 1 "TRIM5";
    .port_info 6 /INPUT 1 "TRIM6";
    .port_info 7 /INPUT 1 "TRIM7";
    .port_info 8 /INPUT 1 "TRIM8";
    .port_info 9 /INPUT 1 "TRIM9";
    .port_info 10 /INPUT 1 "CLKHFPU";
    .port_info 11 /INPUT 1 "CLKHFEN";
    .port_info 12 /OUTPUT 1 "CLKHF";
P_00000212fa554070 .param/str "CLKHF_DIV" 0 3 2680, "0b10";
P_00000212fa5540a8 .param/str "TRIM_EN" 0 3 2679, "0b0";
v00000212fa86d700_0 .net "CLKHF", 0 0, o00000212fa80fa78;  alias, 0 drivers
L_00000212fa872ac0 .functor BUFT 1, C4<1>, C4<0>, C4<0>, C4<0>;
v00000212fa86d980_0 .net "CLKHFEN", 0 0, L_00000212fa872ac0;  1 drivers
L_00000212fa872a78 .functor BUFT 1, C4<1>, C4<0>, C4<0>, C4<0>;
v00000212fa86ea60_0 .net "CLKHFPU", 0 0, L_00000212fa872a78;  1 drivers
o00000212fa80fc58 .functor BUFZ 1, c4<z>; HiZ drive
v00000212fa86e2e0_0 .net "TRIM0", 0 0, o00000212fa80fc58;  0 drivers
o00000212fa80fc88 .functor BUFZ 1, c4<z>; HiZ drive
v00000212fa86cd00_0 .net "TRIM1", 0 0, o00000212fa80fc88;  0 drivers
o00000212fa80fcb8 .functor BUFZ 1, c4<z>; HiZ drive
v00000212fa86d2a0_0 .net "TRIM2", 0 0, o00000212fa80fcb8;  0 drivers
o00000212fa80fce8 .functor BUFZ 1, c4<z>; HiZ drive
v00000212fa86e420_0 .net "TRIM3", 0 0, o00000212fa80fce8;  0 drivers
o00000212fa80fd18 .functor BUFZ 1, c4<z>; HiZ drive
v00000212fa86d480_0 .net "TRIM4", 0 0, o00000212fa80fd18;  0 drivers
o00000212fa80fd48 .functor BUFZ 1, c4<z>; HiZ drive
v00000212fa86ce40_0 .net "TRIM5", 0 0, o00000212fa80fd48;  0 drivers
o00000212fa80fd78 .functor BUFZ 1, c4<z>; HiZ drive
v00000212fa86d340_0 .net "TRIM6", 0 0, o00000212fa80fd78;  0 drivers
o00000212fa80fda8 .functor BUFZ 1, c4<z>; HiZ drive
v00000212fa86c580_0 .net "TRIM7", 0 0, o00000212fa80fda8;  0 drivers
o00000212fa80fdd8 .functor BUFZ 1, c4<z>; HiZ drive
v00000212fa86cf80_0 .net "TRIM8", 0 0, o00000212fa80fdd8;  0 drivers
o00000212fa80fe08 .functor BUFZ 1, c4<z>; HiZ drive
v00000212fa86d160_0 .net "TRIM9", 0 0, o00000212fa80fe08;  0 drivers
    .scope S_00000212fa61b220;
T_2 ;
    %pushi/vec4 0, 0, 1;
    %store/vec4 v00000212fa7f8170_0, 0, 1;
    %pushi/vec4 0, 0, 1;
    %store/vec4 v00000212fa7f9390_0, 0, 1;
    %end;
    .thread T_2, $init;
    .scope S_00000212fa61b220;
T_3 ;
    %wait E_00000212fa7cfba0;
    %load/vec4 v00000212fa7a2d40_0;
    %flag_set/vec4 8;
    %jmp/0xz  T_3.0, 8;
    %load/vec4 v00000212fa77f580_0;
    %flag_set/vec4 8;
    %jmp/0 T_3.2, 8;
    %pushi/vec4 0, 0, 1;
    %jmp/1 T_3.3, 8;
T_3.2 ; End of true expr.
    %load/vec4 v00000212fa7f8990_0;
    %jmp/0 T_3.3, 8;
 ; End of false expr.
    %blend;
T_3.3;
    %assign/vec4 v00000212fa7f8170_0, 0;
T_3.0 ;
    %jmp T_3;
    .thread T_3;
    .scope S_00000212fa61b220;
T_4 ;
    %wait E_00000212fa7d05a0;
    %load/vec4 v00000212fa77f580_0;
    %flag_set/vec4 8;
    %jmp/0xz  T_4.0, 8;
    %pushi/vec4 0, 0, 1;
    %assign/vec4 v00000212fa7f9390_0, 0;
    %jmp T_4.1;
T_4.0 ;
    %load/vec4 v00000212fa7a2d40_0;
    %flag_set/vec4 8;
    %jmp/0xz  T_4.2, 8;
    %load/vec4 v00000212fa7f8990_0;
    %assign/vec4 v00000212fa7f9390_0, 0;
T_4.2 ;
T_4.1 ;
    %jmp T_4;
    .thread T_4;
    .scope S_00000212fa7e7870;
T_5 ;
    %pushi/vec4 0, 0, 32;
    %store/vec4 v00000212fa7f96b0_0, 0, 32;
T_5.0 ; Top of for-loop
    %load/vec4 v00000212fa7f96b0_0;
    %cmpi/s 16, 0, 32;
	  %jmp/0xz T_5.1, 5;
    %pushi/vec4 0, 0, 256;
    %load/vec4 v00000212fa7f96b0_0;
    %muli 16, 0, 32;
    %part/s 16;
    %pushi/vec4 0, 0, 32;
    %load/vec4 v00000212fa7f96b0_0;
    %add;
    %ix/vec4/s 4;
    %store/vec4a v00000212fa7f9750, 4, 0;
    %pushi/vec4 0, 0, 256;
    %load/vec4 v00000212fa7f96b0_0;
    %muli 16, 0, 32;
    %part/s 16;
    %pushi/vec4 16, 0, 32;
    %load/vec4 v00000212fa7f96b0_0;
    %add;
    %ix/vec4/s 4;
    %store/vec4a v00000212fa7f9750, 4, 0;
    %pushi/vec4 0, 0, 256;
    %load/vec4 v00000212fa7f96b0_0;
    %muli 16, 0, 32;
    %part/s 16;
    %pushi/vec4 32, 0, 32;
    %load/vec4 v00000212fa7f96b0_0;
    %add;
    %ix/vec4/s 4;
    %store/vec4a v00000212fa7f9750, 4, 0;
    %pushi/vec4 0, 0, 256;
    %load/vec4 v00000212fa7f96b0_0;
    %muli 16, 0, 32;
    %part/s 16;
    %pushi/vec4 48, 0, 32;
    %load/vec4 v00000212fa7f96b0_0;
    %add;
    %ix/vec4/s 4;
    %store/vec4a v00000212fa7f9750, 4, 0;
    %pushi/vec4 0, 0, 256;
    %load/vec4 v00000212fa7f96b0_0;
    %muli 16, 0, 32;
    %part/s 16;
    %pushi/vec4 64, 0, 32;
    %load/vec4 v00000212fa7f96b0_0;
    %add;
    %ix/vec4/s 4;
    %store/vec4a v00000212fa7f9750, 4, 0;
    %pushi/vec4 0, 0, 256;
    %load/vec4 v00000212fa7f96b0_0;
    %muli 16, 0, 32;
    %part/s 16;
    %pushi/vec4 80, 0, 32;
    %load/vec4 v00000212fa7f96b0_0;
    %add;
    %ix/vec4/s 4;
    %store/vec4a v00000212fa7f9750, 4, 0;
    %pushi/vec4 0, 0, 256;
    %load/vec4 v00000212fa7f96b0_0;
    %muli 16, 0, 32;
    %part/s 16;
    %pushi/vec4 96, 0, 32;
    %load/vec4 v00000212fa7f96b0_0;
    %add;
    %ix/vec4/s 4;
    %store/vec4a v00000212fa7f9750, 4, 0;
    %pushi/vec4 0, 0, 256;
    %load/vec4 v00000212fa7f96b0_0;
    %muli 16, 0, 32;
    %part/s 16;
    %pushi/vec4 112, 0, 32;
    %load/vec4 v00000212fa7f96b0_0;
    %add;
    %ix/vec4/s 4;
    %store/vec4a v00000212fa7f9750, 4, 0;
    %pushi/vec4 0, 0, 256;
    %load/vec4 v00000212fa7f96b0_0;
    %muli 16, 0, 32;
    %part/s 16;
    %pushi/vec4 128, 0, 32;
    %load/vec4 v00000212fa7f96b0_0;
    %add;
    %ix/vec4/s 4;
    %store/vec4a v00000212fa7f9750, 4, 0;
    %pushi/vec4 0, 0, 256;
    %load/vec4 v00000212fa7f96b0_0;
    %muli 16, 0, 32;
    %part/s 16;
    %pushi/vec4 144, 0, 32;
    %load/vec4 v00000212fa7f96b0_0;
    %add;
    %ix/vec4/s 4;
    %store/vec4a v00000212fa7f9750, 4, 0;
    %pushi/vec4 0, 0, 256;
    %load/vec4 v00000212fa7f96b0_0;
    %muli 16, 0, 32;
    %part/s 16;
    %pushi/vec4 160, 0, 32;
    %load/vec4 v00000212fa7f96b0_0;
    %add;
    %ix/vec4/s 4;
    %store/vec4a v00000212fa7f9750, 4, 0;
    %pushi/vec4 0, 0, 256;
    %load/vec4 v00000212fa7f96b0_0;
    %muli 16, 0, 32;
    %part/s 16;
    %pushi/vec4 176, 0, 32;
    %load/vec4 v00000212fa7f96b0_0;
    %add;
    %ix/vec4/s 4;
    %store/vec4a v00000212fa7f9750, 4, 0;
    %pushi/vec4 0, 0, 256;
    %load/vec4 v00000212fa7f96b0_0;
    %muli 16, 0, 32;
    %part/s 16;
    %pushi/vec4 192, 0, 32;
    %load/vec4 v00000212fa7f96b0_0;
    %add;
    %ix/vec4/s 4;
    %store/vec4a v00000212fa7f9750, 4, 0;
    %pushi/vec4 0, 0, 256;
    %load/vec4 v00000212fa7f96b0_0;
    %muli 16, 0, 32;
    %part/s 16;
    %pushi/vec4 208, 0, 32;
    %load/vec4 v00000212fa7f96b0_0;
    %add;
    %ix/vec4/s 4;
    %store/vec4a v00000212fa7f9750, 4, 0;
    %pushi/vec4 0, 0, 256;
    %load/vec4 v00000212fa7f96b0_0;
    %muli 16, 0, 32;
    %part/s 16;
    %pushi/vec4 224, 0, 32;
    %load/vec4 v00000212fa7f96b0_0;
    %add;
    %ix/vec4/s 4;
    %store/vec4a v00000212fa7f9750, 4, 0;
    %pushi/vec4 0, 0, 256;
    %load/vec4 v00000212fa7f96b0_0;
    %muli 16, 0, 32;
    %part/s 16;
    %pushi/vec4 240, 0, 32;
    %load/vec4 v00000212fa7f96b0_0;
    %add;
    %ix/vec4/s 4;
    %store/vec4a v00000212fa7f9750, 4, 0;
T_5.2 ; for-loop step statement
    %load/vec4 v00000212fa7f96b0_0;
    %addi 1, 0, 32;
    %store/vec4 v00000212fa7f96b0_0, 0, 32;
    %jmp T_5.0;
T_5.1 ; for-loop exit label
    %end;
    .thread T_5;
    .scope S_00000212fa7e7870;
T_6 ;
    %wait E_00000212fa7cfd20;
    %load/vec4 v00000212fa7f9d90_0;
    %flag_set/vec4 9;
    %flag_get/vec4 9;
    %jmp/0 T_6.2, 9;
    %load/vec4 v00000212fa7f9b10_0;
    %and;
T_6.2;
    %flag_set/vec4 8;
    %jmp/0xz  T_6.0, 8;
    %load/vec4 v00000212fa7f9610_0;
    %parti/s 1, 0, 2;
    %nor/r;
    %flag_set/vec4 8;
    %jmp/0xz  T_6.3, 8;
    %load/vec4 v00000212fa7f9570_0;
    %parti/s 1, 0, 2;
    %load/vec4 v00000212fa7f9cf0_0;
    %parti/s 8, 0, 2;
    %pad/u 10;
    %ix/vec4 3;
    %ix/load 4, 0, 0; Constant delay
    %assign/vec4/a/d v00000212fa7f9750, 0, 4;
T_6.3 ;
    %load/vec4 v00000212fa7f9610_0;
    %parti/s 1, 1, 2;
    %nor/r;
    %flag_set/vec4 8;
    %jmp/0xz  T_6.5, 8;
    %load/vec4 v00000212fa7f9570_0;
    %parti/s 1, 1, 2;
    %load/vec4 v00000212fa7f9cf0_0;
    %parti/s 8, 0, 2;
    %pad/u 10;
    %ix/vec4 3;
    %ix/load 4, 1, 0; part off
    %ix/load 5, 0, 0; Constant delay
    %assign/vec4/a/d v00000212fa7f9750, 4, 5;
T_6.5 ;
    %load/vec4 v00000212fa7f9610_0;
    %parti/s 1, 2, 3;
    %nor/r;
    %flag_set/vec4 8;
    %jmp/0xz  T_6.7, 8;
    %load/vec4 v00000212fa7f9570_0;
    %parti/s 1, 2, 3;
    %load/vec4 v00000212fa7f9cf0_0;
    %parti/s 8, 0, 2;
    %pad/u 10;
    %ix/vec4 3;
    %ix/load 4, 2, 0; part off
    %ix/load 5, 0, 0; Constant delay
    %assign/vec4/a/d v00000212fa7f9750, 4, 5;
T_6.7 ;
    %load/vec4 v00000212fa7f9610_0;
    %parti/s 1, 3, 3;
    %nor/r;
    %flag_set/vec4 8;
    %jmp/0xz  T_6.9, 8;
    %load/vec4 v00000212fa7f9570_0;
    %parti/s 1, 3, 3;
    %load/vec4 v00000212fa7f9cf0_0;
    %parti/s 8, 0, 2;
    %pad/u 10;
    %ix/vec4 3;
    %ix/load 4, 3, 0; part off
    %ix/load 5, 0, 0; Constant delay
    %assign/vec4/a/d v00000212fa7f9750, 4, 5;
T_6.9 ;
    %load/vec4 v00000212fa7f9610_0;
    %parti/s 1, 4, 4;
    %nor/r;
    %flag_set/vec4 8;
    %jmp/0xz  T_6.11, 8;
    %load/vec4 v00000212fa7f9570_0;
    %parti/s 1, 4, 4;
    %load/vec4 v00000212fa7f9cf0_0;
    %parti/s 8, 0, 2;
    %pad/u 10;
    %ix/vec4 3;
    %ix/load 4, 4, 0; part off
    %ix/load 5, 0, 0; Constant delay
    %assign/vec4/a/d v00000212fa7f9750, 4, 5;
T_6.11 ;
    %load/vec4 v00000212fa7f9610_0;
    %parti/s 1, 5, 4;
    %nor/r;
    %flag_set/vec4 8;
    %jmp/0xz  T_6.13, 8;
    %load/vec4 v00000212fa7f9570_0;
    %parti/s 1, 5, 4;
    %load/vec4 v00000212fa7f9cf0_0;
    %parti/s 8, 0, 2;
    %pad/u 10;
    %ix/vec4 3;
    %ix/load 4, 5, 0; part off
    %ix/load 5, 0, 0; Constant delay
    %assign/vec4/a/d v00000212fa7f9750, 4, 5;
T_6.13 ;
    %load/vec4 v00000212fa7f9610_0;
    %parti/s 1, 6, 4;
    %nor/r;
    %flag_set/vec4 8;
    %jmp/0xz  T_6.15, 8;
    %load/vec4 v00000212fa7f9570_0;
    %parti/s 1, 6, 4;
    %load/vec4 v00000212fa7f9cf0_0;
    %parti/s 8, 0, 2;
    %pad/u 10;
    %ix/vec4 3;
    %ix/load 4, 6, 0; part off
    %ix/load 5, 0, 0; Constant delay
    %assign/vec4/a/d v00000212fa7f9750, 4, 5;
T_6.15 ;
    %load/vec4 v00000212fa7f9610_0;
    %parti/s 1, 7, 4;
    %nor/r;
    %flag_set/vec4 8;
    %jmp/0xz  T_6.17, 8;
    %load/vec4 v00000212fa7f9570_0;
    %parti/s 1, 7, 4;
    %load/vec4 v00000212fa7f9cf0_0;
    %parti/s 8, 0, 2;
    %pad/u 10;
    %ix/vec4 3;
    %ix/load 4, 7, 0; part off
    %ix/load 5, 0, 0; Constant delay
    %assign/vec4/a/d v00000212fa7f9750, 4, 5;
T_6.17 ;
    %load/vec4 v00000212fa7f9610_0;
    %parti/s 1, 8, 5;
    %nor/r;
    %flag_set/vec4 8;
    %jmp/0xz  T_6.19, 8;
    %load/vec4 v00000212fa7f9570_0;
    %parti/s 1, 8, 5;
    %load/vec4 v00000212fa7f9cf0_0;
    %parti/s 8, 0, 2;
    %pad/u 10;
    %ix/vec4 3;
    %ix/load 4, 8, 0; part off
    %ix/load 5, 0, 0; Constant delay
    %assign/vec4/a/d v00000212fa7f9750, 4, 5;
T_6.19 ;
    %load/vec4 v00000212fa7f9610_0;
    %parti/s 1, 9, 5;
    %nor/r;
    %flag_set/vec4 8;
    %jmp/0xz  T_6.21, 8;
    %load/vec4 v00000212fa7f9570_0;
    %parti/s 1, 9, 5;
    %load/vec4 v00000212fa7f9cf0_0;
    %parti/s 8, 0, 2;
    %pad/u 10;
    %ix/vec4 3;
    %ix/load 4, 9, 0; part off
    %ix/load 5, 0, 0; Constant delay
    %assign/vec4/a/d v00000212fa7f9750, 4, 5;
T_6.21 ;
    %load/vec4 v00000212fa7f9610_0;
    %parti/s 1, 10, 5;
    %nor/r;
    %flag_set/vec4 8;
    %jmp/0xz  T_6.23, 8;
    %load/vec4 v00000212fa7f9570_0;
    %parti/s 1, 10, 5;
    %load/vec4 v00000212fa7f9cf0_0;
    %parti/s 8, 0, 2;
    %pad/u 10;
    %ix/vec4 3;
    %ix/load 4, 10, 0; part off
    %ix/load 5, 0, 0; Constant delay
    %assign/vec4/a/d v00000212fa7f9750, 4, 5;
T_6.23 ;
    %load/vec4 v00000212fa7f9610_0;
    %parti/s 1, 11, 5;
    %nor/r;
    %flag_set/vec4 8;
    %jmp/0xz  T_6.25, 8;
    %load/vec4 v00000212fa7f9570_0;
    %parti/s 1, 11, 5;
    %load/vec4 v00000212fa7f9cf0_0;
    %parti/s 8, 0, 2;
    %pad/u 10;
    %ix/vec4 3;
    %ix/load 4, 11, 0; part off
    %ix/load 5, 0, 0; Constant delay
    %assign/vec4/a/d v00000212fa7f9750, 4, 5;
T_6.25 ;
    %load/vec4 v00000212fa7f9610_0;
    %parti/s 1, 12, 5;
    %nor/r;
    %flag_set/vec4 8;
    %jmp/0xz  T_6.27, 8;
    %load/vec4 v00000212fa7f9570_0;
    %parti/s 1, 12, 5;
    %load/vec4 v00000212fa7f9cf0_0;
    %parti/s 8, 0, 2;
    %pad/u 10;
    %ix/vec4 3;
    %ix/load 4, 12, 0; part off
    %ix/load 5, 0, 0; Constant delay
    %assign/vec4/a/d v00000212fa7f9750, 4, 5;
T_6.27 ;
    %load/vec4 v00000212fa7f9610_0;
    %parti/s 1, 13, 5;
    %nor/r;
    %flag_set/vec4 8;
    %jmp/0xz  T_6.29, 8;
    %load/vec4 v00000212fa7f9570_0;
    %parti/s 1, 13, 5;
    %load/vec4 v00000212fa7f9cf0_0;
    %parti/s 8, 0, 2;
    %pad/u 10;
    %ix/vec4 3;
    %ix/load 4, 13, 0; part off
    %ix/load 5, 0, 0; Constant delay
    %assign/vec4/a/d v00000212fa7f9750, 4, 5;
T_6.29 ;
    %load/vec4 v00000212fa7f9610_0;
    %parti/s 1, 14, 5;
    %nor/r;
    %flag_set/vec4 8;
    %jmp/0xz  T_6.31, 8;
    %load/vec4 v00000212fa7f9570_0;
    %parti/s 1, 14, 5;
    %load/vec4 v00000212fa7f9cf0_0;
    %parti/s 8, 0, 2;
    %pad/u 10;
    %ix/vec4 3;
    %ix/load 4, 14, 0; part off
    %ix/load 5, 0, 0; Constant delay
    %assign/vec4/a/d v00000212fa7f9750, 4, 5;
T_6.31 ;
    %load/vec4 v00000212fa7f9610_0;
    %parti/s 1, 15, 5;
    %nor/r;
    %flag_set/vec4 8;
    %jmp/0xz  T_6.33, 8;
    %load/vec4 v00000212fa7f9570_0;
    %parti/s 1, 15, 5;
    %load/vec4 v00000212fa7f9cf0_0;
    %parti/s 8, 0, 2;
    %pad/u 10;
    %ix/vec4 3;
    %ix/load 4, 15, 0; part off
    %ix/load 5, 0, 0; Constant delay
    %assign/vec4/a/d v00000212fa7f9750, 4, 5;
T_6.33 ;
T_6.0 ;
    %jmp T_6;
    .thread T_6;
    .scope S_00000212fa7e7870;
T_7 ;
    %wait E_00000212fa7d0520;
    %load/vec4 v00000212fa7f9430_0;
    %flag_set/vec4 9;
    %flag_get/vec4 9;
    %jmp/0 T_7.2, 9;
    %load/vec4 v00000212fa7f8490_0;
    %and;
T_7.2;
    %flag_set/vec4 8;
    %jmp/0xz  T_7.0, 8;
    %load/vec4 v00000212fa7f8f30_0;
    %parti/s 8, 0, 2;
    %pad/u 10;
    %ix/vec4 4;
    %load/vec4a v00000212fa7f9750, 4;
    %load/vec4 v00000212fa7f94d0_0;
    %inv;
    %and;
    %assign/vec4 v00000212fa7f9250_0, 0;
T_7.0 ;
    %jmp T_7;
    .thread T_7;
    .scope S_00000212fa55b020;
T_8 ;
    %pushi/vec4 0, 0, 1;
    %store/vec4 v00000212fa845170_0, 0, 1;
    %end;
    .thread T_8;
    .scope S_00000212fa55b020;
T_9 ;
    %wait E_00000212fa7cfce0;
    %load/vec4 v00000212fa8455d0_0;
    %assign/vec4 v00000212fa845170_0, 0;
    %jmp T_9;
    .thread T_9;
    .scope S_00000212fa55b1b0;
T_10 ;
    %pushi/vec4 0, 0, 1;
    %store/vec4 v00000212fa8464d0_0, 0, 1;
    %end;
    .thread T_10;
    .scope S_00000212fa55b1b0;
T_11 ;
    %wait E_00000212fa7d02e0;
    %load/vec4 v00000212fa846390_0;
    %flag_set/vec4 8;
    %jmp/0xz  T_11.0, 8;
    %load/vec4 v00000212fa846430_0;
    %assign/vec4 v00000212fa8464d0_0, 0;
T_11.0 ;
    %jmp T_11;
    .thread T_11;
    .scope S_00000212fa55b340;
T_12 ;
    %pushi/vec4 0, 0, 1;
    %store/vec4 v00000212fa8457b0_0, 0, 1;
    %end;
    .thread T_12;
    .scope S_00000212fa55b340;
T_13 ;
    %wait E_00000212fa7d01a0;
    %load/vec4 v00000212fa845670_0;
    %flag_set/vec4 8;
    %jmp/0xz  T_13.0, 8;
    %pushi/vec4 0, 0, 1;
    %assign/vec4 v00000212fa8457b0_0, 0;
    %jmp T_13.1;
T_13.0 ;
    %load/vec4 v00000212fa845210_0;
    %flag_set/vec4 8;
    %jmp/0xz  T_13.2, 8;
    %load/vec4 v00000212fa8453f0_0;
    %assign/vec4 v00000212fa8457b0_0, 0;
T_13.2 ;
T_13.1 ;
    %jmp T_13;
    .thread T_13;
    .scope S_00000212fa566e90;
T_14 ;
    %pushi/vec4 0, 0, 1;
    %store/vec4 v00000212fa849fc0_0, 0, 1;
    %end;
    .thread T_14;
    .scope S_00000212fa566e90;
T_15 ;
    %wait E_00000212fa7cfd60;
    %load/vec4 v00000212fa84a880_0;
    %flag_set/vec4 8;
    %jmp/0xz  T_15.0, 8;
    %pushi/vec4 1, 0, 1;
    %assign/vec4 v00000212fa849fc0_0, 0;
    %jmp T_15.1;
T_15.0 ;
    %load/vec4 v00000212fa84a920_0;
    %flag_set/vec4 8;
    %jmp/0xz  T_15.2, 8;
    %load/vec4 v00000212fa84a4c0_0;
    %assign/vec4 v00000212fa849fc0_0, 0;
T_15.2 ;
T_15.1 ;
    %jmp T_15;
    .thread T_15;
    .scope S_00000212fa567020;
T_16 ;
    %pushi/vec4 0, 0, 1;
    %store/vec4 v00000212fa84a600_0, 0, 1;
    %end;
    .thread T_16;
    .scope S_00000212fa567020;
T_17 ;
    %wait E_00000212fa7d0460;
    %load/vec4 v00000212fa84a380_0;
    %flag_set/vec4 8;
    %jmp/0xz  T_17.0, 8;
    %load/vec4 v00000212fa84a420_0;
    %flag_set/vec4 8;
    %jmp/0xz  T_17.2, 8;
    %pushi/vec4 0, 0, 1;
    %assign/vec4 v00000212fa84a600_0, 0;
    %jmp T_17.3;
T_17.2 ;
    %load/vec4 v00000212fa84aa60_0;
    %assign/vec4 v00000212fa84a600_0, 0;
T_17.3 ;
T_17.0 ;
    %jmp T_17;
    .thread T_17;
    .scope S_00000212fa5671b0;
T_18 ;
    %pushi/vec4 0, 0, 1;
    %store/vec4 v00000212fa84ab00_0, 0, 1;
    %end;
    .thread T_18;
    .scope S_00000212fa5671b0;
T_19 ;
    %wait E_00000212fa7d05e0;
    %load/vec4 v00000212fa849d40_0;
    %flag_set/vec4 8;
    %jmp/0xz  T_19.0, 8;
    %load/vec4 v00000212fa849de0_0;
    %flag_set/vec4 8;
    %jmp/0xz  T_19.2, 8;
    %pushi/vec4 1, 0, 1;
    %assign/vec4 v00000212fa84ab00_0, 0;
    %jmp T_19.3;
T_19.2 ;
    %load/vec4 v00000212fa84a2e0_0;
    %assign/vec4 v00000212fa84ab00_0, 0;
T_19.3 ;
T_19.0 ;
    %jmp T_19;
    .thread T_19;
    .scope S_00000212fa5624c0;
T_20 ;
    %pushi/vec4 0, 0, 1;
    %store/vec4 v00000212fa84b280_0, 0, 1;
    %end;
    .thread T_20;
    .scope S_00000212fa5624c0;
T_21 ;
    %wait E_00000212fa7cfda0;
    %load/vec4 v00000212fa84a100_0;
    %assign/vec4 v00000212fa84b280_0, 0;
    %jmp T_21;
    .thread T_21;
    .scope S_00000212fa562650;
T_22 ;
    %pushi/vec4 0, 0, 1;
    %store/vec4 v00000212fa84ace0_0, 0, 1;
    %end;
    .thread T_22;
    .scope S_00000212fa562650;
T_23 ;
    %wait E_00000212fa7d0620;
    %load/vec4 v00000212fa84ac40_0;
    %flag_set/vec4 8;
    %jmp/0xz  T_23.0, 8;
    %load/vec4 v00000212fa84ae20_0;
    %assign/vec4 v00000212fa84ace0_0, 0;
T_23.0 ;
    %jmp T_23;
    .thread T_23;
    .scope S_00000212fa5627e0;
T_24 ;
    %pushi/vec4 0, 0, 1;
    %store/vec4 v00000212fa849e80_0, 0, 1;
    %end;
    .thread T_24;
    .scope S_00000212fa5627e0;
T_25 ;
    %wait E_00000212fa7d01e0;
    %load/vec4 v00000212fa84a740_0;
    %flag_set/vec4 8;
    %jmp/0xz  T_25.0, 8;
    %pushi/vec4 0, 0, 1;
    %assign/vec4 v00000212fa849e80_0, 0;
    %jmp T_25.1;
T_25.0 ;
    %load/vec4 v00000212fa84a560_0;
    %flag_set/vec4 8;
    %jmp/0xz  T_25.2, 8;
    %load/vec4 v00000212fa849ca0_0;
    %assign/vec4 v00000212fa849e80_0, 0;
T_25.2 ;
T_25.1 ;
    %jmp T_25;
    .thread T_25;
    .scope S_00000212fa568370;
T_26 ;
    %pushi/vec4 0, 0, 1;
    %store/vec4 v00000212fa849c00_0, 0, 1;
    %end;
    .thread T_26;
    .scope S_00000212fa568370;
T_27 ;
    %wait E_00000212fa7d0960;
    %load/vec4 v00000212fa849f20_0;
    %flag_set/vec4 8;
    %jmp/0xz  T_27.0, 8;
    %pushi/vec4 1, 0, 1;
    %assign/vec4 v00000212fa849c00_0, 0;
    %jmp T_27.1;
T_27.0 ;
    %load/vec4 v00000212fa84a7e0_0;
    %flag_set/vec4 8;
    %jmp/0xz  T_27.2, 8;
    %load/vec4 v00000212fa84a1a0_0;
    %assign/vec4 v00000212fa849c00_0, 0;
T_27.2 ;
T_27.1 ;
    %jmp T_27;
    .thread T_27;
    .scope S_00000212fa7e0040;
T_28 ;
    %pushi/vec4 0, 0, 1;
    %store/vec4 v00000212fa84b140_0, 0, 1;
    %end;
    .thread T_28;
    .scope S_00000212fa7e0040;
T_29 ;
    %wait E_00000212fa7cfa60;
    %load/vec4 v00000212fa84b0a0_0;
    %flag_set/vec4 8;
    %jmp/0xz  T_29.0, 8;
    %load/vec4 v00000212fa84a240_0;
    %flag_set/vec4 8;
    %jmp/0xz  T_29.2, 8;
    %pushi/vec4 0, 0, 1;
    %assign/vec4 v00000212fa84b140_0, 0;
    %jmp T_29.3;
T_29.2 ;
    %load/vec4 v00000212fa84aec0_0;
    %assign/vec4 v00000212fa84b140_0, 0;
T_29.3 ;
T_29.0 ;
    %jmp T_29;
    .thread T_29;
    .scope S_00000212fa7e04f0;
T_30 ;
    %pushi/vec4 0, 0, 1;
    %store/vec4 v00000212fa847fe0_0, 0, 1;
    %end;
    .thread T_30;
    .scope S_00000212fa7e04f0;
T_31 ;
    %wait E_00000212fa7d06a0;
    %load/vec4 v00000212fa849520_0;
    %flag_set/vec4 8;
    %jmp/0xz  T_31.0, 8;
    %load/vec4 v00000212fa848760_0;
    %flag_set/vec4 8;
    %jmp/0xz  T_31.2, 8;
    %pushi/vec4 1, 0, 1;
    %assign/vec4 v00000212fa847fe0_0, 0;
    %jmp T_31.3;
T_31.2 ;
    %load/vec4 v00000212fa849340_0;
    %assign/vec4 v00000212fa847fe0_0, 0;
T_31.3 ;
T_31.0 ;
    %jmp T_31;
    .thread T_31;
    .scope S_00000212fa7dfb90;
T_32 ;
    %pushi/vec4 0, 0, 1;
    %store/vec4 v00000212fa848580_0, 0, 1;
    %end;
    .thread T_32;
    .scope S_00000212fa7dfb90;
T_33 ;
    %wait E_00000212fa7d06e0;
    %load/vec4 v00000212fa848300_0;
    %flag_set/vec4 8;
    %jmp/0xz  T_33.0, 8;
    %pushi/vec4 0, 0, 1;
    %assign/vec4 v00000212fa848580_0, 0;
    %jmp T_33.1;
T_33.0 ;
    %load/vec4 v00000212fa847a40_0;
    %assign/vec4 v00000212fa848580_0, 0;
T_33.1 ;
    %jmp T_33;
    .thread T_33;
    .scope S_00000212fa7dfd20;
T_34 ;
    %pushi/vec4 0, 0, 1;
    %store/vec4 v00000212fa849480_0, 0, 1;
    %end;
    .thread T_34;
    .scope S_00000212fa7dfd20;
T_35 ;
    %wait E_00000212fa7d0720;
    %load/vec4 v00000212fa8481c0_0;
    %flag_set/vec4 8;
    %jmp/0xz  T_35.0, 8;
    %pushi/vec4 1, 0, 1;
    %assign/vec4 v00000212fa849480_0, 0;
    %jmp T_35.1;
T_35.0 ;
    %load/vec4 v00000212fa848080_0;
    %assign/vec4 v00000212fa849480_0, 0;
T_35.1 ;
    %jmp T_35;
    .thread T_35;
    .scope S_00000212fa7e01d0;
T_36 ;
    %pushi/vec4 0, 0, 1;
    %store/vec4 v00000212fa8489e0_0, 0, 1;
    %end;
    .thread T_36;
    .scope S_00000212fa7e01d0;
T_37 ;
    %wait E_00000212fa7d07a0;
    %load/vec4 v00000212fa8484e0_0;
    %flag_set/vec4 8;
    %jmp/0xz  T_37.0, 8;
    %pushi/vec4 0, 0, 1;
    %assign/vec4 v00000212fa8489e0_0, 0;
    %jmp T_37.1;
T_37.0 ;
    %load/vec4 v00000212fa848440_0;
    %assign/vec4 v00000212fa8489e0_0, 0;
T_37.1 ;
    %jmp T_37;
    .thread T_37;
    .scope S_00000212fa7e0680;
T_38 ;
    %pushi/vec4 0, 0, 1;
    %store/vec4 v00000212fa849ac0_0, 0, 1;
    %end;
    .thread T_38;
    .scope S_00000212fa7e0680;
T_39 ;
    %wait E_00000212fa7cfbe0;
    %load/vec4 v00000212fa8490c0_0;
    %flag_set/vec4 8;
    %jmp/0xz  T_39.0, 8;
    %pushi/vec4 1, 0, 1;
    %assign/vec4 v00000212fa849ac0_0, 0;
    %jmp T_39.1;
T_39.0 ;
    %load/vec4 v00000212fa849980_0;
    %assign/vec4 v00000212fa849ac0_0, 0;
T_39.1 ;
    %jmp T_39;
    .thread T_39;
    .scope S_00000212fa7dfeb0;
T_40 ;
    %pushi/vec4 0, 0, 1;
    %store/vec4 v00000212fa847f40_0, 0, 1;
    %end;
    .thread T_40;
    .scope S_00000212fa7dfeb0;
T_41 ;
    %wait E_00000212fa7cfde0;
    %load/vec4 v00000212fa848260_0;
    %flag_set/vec4 8;
    %jmp/0xz  T_41.0, 8;
    %pushi/vec4 0, 0, 1;
    %assign/vec4 v00000212fa847f40_0, 0;
    %jmp T_41.1;
T_41.0 ;
    %load/vec4 v00000212fa848120_0;
    %assign/vec4 v00000212fa847f40_0, 0;
T_41.1 ;
    %jmp T_41;
    .thread T_41;
    .scope S_00000212fa7e0810;
T_42 ;
    %pushi/vec4 0, 0, 1;
    %store/vec4 v00000212fa8492a0_0, 0, 1;
    %end;
    .thread T_42;
    .scope S_00000212fa7e0810;
T_43 ;
    %wait E_00000212fa7d09a0;
    %load/vec4 v00000212fa8493e0_0;
    %flag_set/vec4 8;
    %jmp/0xz  T_43.0, 8;
    %pushi/vec4 1, 0, 1;
    %assign/vec4 v00000212fa8492a0_0, 0;
    %jmp T_43.1;
T_43.0 ;
    %load/vec4 v00000212fa848800_0;
    %assign/vec4 v00000212fa8492a0_0, 0;
T_43.1 ;
    %jmp T_43;
    .thread T_43;
    .scope S_00000212fa7e0360;
T_44 ;
    %pushi/vec4 0, 0, 1;
    %store/vec4 v00000212fa848620_0, 0, 1;
    %end;
    .thread T_44;
    .scope S_00000212fa7e0360;
T_45 ;
    %wait E_00000212fa7cfb20;
    %load/vec4 v00000212fa849840_0;
    %flag_set/vec4 8;
    %jmp/0xz  T_45.0, 8;
    %pushi/vec4 0, 0, 1;
    %assign/vec4 v00000212fa848620_0, 0;
    %jmp T_45.1;
T_45.0 ;
    %load/vec4 v00000212fa847c20_0;
    %assign/vec4 v00000212fa848620_0, 0;
T_45.1 ;
    %jmp T_45;
    .thread T_45;
    .scope S_00000212fa7dfa00;
T_46 ;
    %pushi/vec4 0, 0, 1;
    %store/vec4 v00000212fa849660_0, 0, 1;
    %end;
    .thread T_46;
    .scope S_00000212fa7dfa00;
T_47 ;
    %wait E_00000212fa7cfaa0;
    %load/vec4 v00000212fa847540_0;
    %flag_set/vec4 8;
    %jmp/0xz  T_47.0, 8;
    %pushi/vec4 1, 0, 1;
    %assign/vec4 v00000212fa849660_0, 0;
    %jmp T_47.1;
T_47.0 ;
    %load/vec4 v00000212fa848a80_0;
    %assign/vec4 v00000212fa849660_0, 0;
T_47.1 ;
    %jmp T_47;
    .thread T_47;
    .scope S_00000212fa7e6d80;
T_48 ;
    %wait E_00000212fa7cffa0;
    %load/vec4 v00000212fa848f80_0;
    %assign/vec4 v00000212fa8474a0_0, 0;
    %jmp T_48;
    .thread T_48;
    .scope S_00000212fa7e6d80;
T_49 ;
    %wait E_00000212fa7cffa0;
    %load/vec4 v00000212fa848f80_0;
    %flag_set/vec4 8;
    %jmp/0xz  T_49.0, 8;
    %load/vec4 v00000212fa849a20_0;
    %assign/vec4 v00000212fa847860_0, 0;
T_49.0 ;
    %jmp T_49;
    .thread T_49;
    .scope S_00000212fa7e6d80;
T_50 ;
    %wait E_00000212fa7cff60;
    %load/vec4 v00000212fa8474a0_0;
    %flag_set/vec4 8;
    %jmp/0xz  T_50.0, 8;
    %load/vec4 v00000212fa849a20_0;
    %assign/vec4 v00000212fa847900_0, 0;
T_50.0 ;
    %jmp T_50;
    .thread T_50;
    .scope S_00000212fa7e6d80;
T_51 ;
    %wait E_00000212fa7cfee0;
    %load/vec4 v00000212fa848f80_0;
    %assign/vec4 v00000212fa849200_0, 0;
    %jmp T_51;
    .thread T_51;
    .scope S_00000212fa7e6d80;
T_52 ;
    %wait E_00000212fa7cfee0;
    %load/vec4 v00000212fa848f80_0;
    %flag_set/vec4 8;
    %jmp/0xz  T_52.0, 8;
    %load/vec4 v00000212fa847400_0;
    %assign/vec4 v00000212fa847b80_0, 0;
T_52.0 ;
    %jmp T_52;
    .thread T_52;
    .scope S_00000212fa7e6d80;
T_53 ;
    %wait E_00000212fa7cff20;
    %load/vec4 v00000212fa849200_0;
    %flag_set/vec4 8;
    %jmp/0xz  T_53.0, 8;
    %load/vec4 v00000212fa8486c0_0;
    %assign/vec4 v00000212fa847cc0_0, 0;
T_53.0 ;
    %jmp T_53;
    .thread T_53;
    .scope S_00000212fa7e6d80;
T_54 ;
    %wait E_00000212fa7cfee0;
    %load/vec4 v00000212fa848f80_0;
    %flag_set/vec4 8;
    %jmp/0xz  T_54.0, 8;
    %load/vec4 v00000212fa848b20_0;
    %assign/vec4 v00000212fa84c6d0_0, 0;
T_54.0 ;
    %jmp T_54;
    .thread T_54;
    .scope S_00000212fa7e6bf0;
T_55 ;
    %wait E_00000212fa7cfc60;
    %load/vec4 v00000212fa847860_0;
    %store/vec4 v00000212fa8475e0_0, 0, 1;
    %load/vec4 v00000212fa847900_0;
    %store/vec4 v00000212fa8477c0_0, 0, 1;
    %jmp T_55;
    .thread T_55, $push;
    .scope S_00000212fa7e6bf0;
T_56 ;
    %wait E_00000212fa7cfe20;
    %load/vec4 v00000212fa8488a0_0;
    %assign/vec4 v00000212fa847ea0_0, 0;
    %jmp T_56;
    .thread T_56, $push;
    .scope S_00000212fa7e6bf0;
T_57 ;
    %wait E_00000212fa7cfc20;
    %load/vec4 v00000212fa847ea0_0;
    %assign/vec4 v00000212fa84c770_0, 0;
    %jmp T_57;
    .thread T_57, $push;
    .scope S_00000212fa7e6bf0;
T_58 ;
    %wait E_00000212fa7cfea0;
    %load/vec4 v00000212fa84c770_0;
    %pushi/vec4 0, 0, 1;
    %xor;
    %flag_set/vec4 8;
    %jmp/1 T_58.2, 8;
    %pushi/vec4 0, 0, 1;
    %flag_set/vec4 9;
    %flag_or 8, 9;
T_58.2;
    %jmp/0 T_58.0, 8;
    %load/vec4 v00000212fa847b80_0;
    %jmp/1 T_58.1, 8;
T_58.0 ; End of true expr.
    %load/vec4 v00000212fa847cc0_0;
    %jmp/0 T_58.1, 8;
 ; End of false expr.
    %blend;
T_58.1;
    %store/vec4 v00000212fa848bc0_0, 0, 1;
    %jmp T_58;
    .thread T_58, $push;
    .scope S_00000212fa7e70a0;
T_59 ;
    %wait E_00000212fa7d11e0;
    %load/vec4 v00000212fa84d210_0;
    %flag_set/vec4 8;
    %jmp/0xz  T_59.0, 8;
    %load/vec4 v00000212fa84b870_0;
    %assign/vec4 v00000212fa84be10_0, 0;
T_59.0 ;
    %jmp T_59;
    .thread T_59;
    .scope S_00000212fa7e70a0;
T_60 ;
    %wait E_00000212fa7d1360;
    %load/vec4 v00000212fa84d210_0;
    %flag_set/vec4 8;
    %jmp/0xz  T_60.0, 8;
    %load/vec4 v00000212fa84b870_0;
    %assign/vec4 v00000212fa84e610_0, 0;
T_60.0 ;
    %jmp T_60;
    .thread T_60;
    .scope S_00000212fa7e70a0;
T_61 ;
    %wait E_00000212fa7d0b60;
    %load/vec4 v00000212fa84d210_0;
    %flag_set/vec4 8;
    %jmp/0xz  T_61.0, 8;
    %load/vec4 v00000212fa84b4b0_0;
    %assign/vec4 v00000212fa84e930_0, 0;
T_61.0 ;
    %jmp T_61;
    .thread T_61;
    .scope S_00000212fa7e70a0;
T_62 ;
    %wait E_00000212fa7d11a0;
    %load/vec4 v00000212fa84d210_0;
    %flag_set/vec4 8;
    %jmp/0xz  T_62.0, 8;
    %load/vec4 v00000212fa84b550_0;
    %assign/vec4 v00000212fa84e1b0_0, 0;
T_62.0 ;
    %jmp T_62;
    .thread T_62;
    .scope S_00000212fa7e70a0;
T_63 ;
    %wait E_00000212fa7d0b60;
    %load/vec4 v00000212fa84d210_0;
    %flag_set/vec4 8;
    %jmp/0xz  T_63.0, 8;
    %load/vec4 v00000212fa84b7d0_0;
    %assign/vec4 v00000212fa84f0b0_0, 0;
T_63.0 ;
    %jmp T_63;
    .thread T_63;
    .scope S_00000212fa7e11e0;
T_64 ;
    %wait E_00000212fa7d0b20;
    %load/vec4 v00000212fa84be10_0;
    %store/vec4 v00000212fa84bcd0_0, 0, 1;
    %load/vec4 v00000212fa84e610_0;
    %store/vec4 v00000212fa84bd70_0, 0, 1;
    %jmp T_64;
    .thread T_64, $push;
    .scope S_00000212fa7e11e0;
T_65 ;
    %wait E_00000212fa7d1820;
    %load/vec4 v00000212fa84bff0_0;
    %assign/vec4 v00000212fa84e2f0_0, 0;
    %jmp T_65;
    .thread T_65, $push;
    .scope S_00000212fa7e11e0;
T_66 ;
    %wait E_00000212fa7d0020;
    %load/vec4 v00000212fa84e2f0_0;
    %assign/vec4 v00000212fa84ea70_0, 0;
    %jmp T_66;
    .thread T_66, $push;
    .scope S_00000212fa7e11e0;
T_67 ;
    %wait E_00000212fa7cffe0;
    %load/vec4 v00000212fa84ea70_0;
    %pushi/vec4 0, 0, 1;
    %xor;
    %flag_set/vec4 8;
    %jmp/1 T_67.2, 8;
    %pushi/vec4 0, 0, 1;
    %flag_set/vec4 9;
    %flag_or 8, 9;
T_67.2;
    %jmp/0 T_67.0, 8;
    %load/vec4 v00000212fa84e930_0;
    %jmp/1 T_67.1, 8;
T_67.0 ; End of true expr.
    %load/vec4 v00000212fa84e1b0_0;
    %jmp/0 T_67.1, 8;
 ; End of false expr.
    %blend;
T_67.1;
    %store/vec4 v00000212fa84e390_0, 0, 1;
    %jmp T_67;
    .thread T_67, $push;
    .scope S_00000212fa7e7230;
T_68 ;
    %wait E_00000212fa7d15e0;
    %load/vec4 v00000212fa84e4d0_0;
    %flag_set/vec4 8;
    %jmp/0xz  T_68.0, 8;
    %load/vec4 v00000212fa84e750_0;
    %assign/vec4 v00000212fa84e9d0_0, 0;
T_68.0 ;
    %jmp T_68;
    .thread T_68;
    .scope S_00000212fa7e7230;
T_69 ;
    %wait E_00000212fa7d1720;
    %load/vec4 v00000212fa84e4d0_0;
    %flag_set/vec4 8;
    %jmp/0xz  T_69.0, 8;
    %load/vec4 v00000212fa84e750_0;
    %assign/vec4 v00000212fa84e110_0, 0;
T_69.0 ;
    %jmp T_69;
    .thread T_69;
    .scope S_00000212fa7e7230;
T_70 ;
    %wait E_00000212fa7d0fa0;
    %load/vec4 v00000212fa84e4d0_0;
    %flag_set/vec4 8;
    %jmp/0xz  T_70.0, 8;
    %load/vec4 v00000212fa84e570_0;
    %assign/vec4 v00000212fa84dd50_0, 0;
T_70.0 ;
    %jmp T_70;
    .thread T_70;
    .scope S_00000212fa7e7230;
T_71 ;
    %wait E_00000212fa7d19a0;
    %load/vec4 v00000212fa84e4d0_0;
    %flag_set/vec4 8;
    %jmp/0xz  T_71.0, 8;
    %load/vec4 v00000212fa84e250_0;
    %assign/vec4 v00000212fa84f010_0, 0;
T_71.0 ;
    %jmp T_71;
    .thread T_71;
    .scope S_00000212fa7e7230;
T_72 ;
    %wait E_00000212fa7d0fa0;
    %load/vec4 v00000212fa84e4d0_0;
    %flag_set/vec4 8;
    %jmp/0xz  T_72.0, 8;
    %load/vec4 v00000212fa84ebb0_0;
    %assign/vec4 v00000212fa84f290_0, 0;
T_72.0 ;
    %jmp T_72;
    .thread T_72;
    .scope S_00000212fa7e1e60;
T_73 ;
    %wait E_00000212fa7d1020;
    %load/vec4 v00000212fa84e9d0_0;
    %store/vec4 v00000212fa84e890_0, 0, 1;
    %load/vec4 v00000212fa84e110_0;
    %store/vec4 v00000212fa84e7f0_0, 0, 1;
    %jmp T_73;
    .thread T_73, $push;
    .scope S_00000212fa7e1e60;
T_74 ;
    %wait E_00000212fa7d1920;
    %load/vec4 v00000212fa84e6b0_0;
    %assign/vec4 v00000212fa84dcb0_0, 0;
    %jmp T_74;
    .thread T_74, $push;
    .scope S_00000212fa7e1e60;
T_75 ;
    %wait E_00000212fa7d10e0;
    %load/vec4 v00000212fa84dcb0_0;
    %assign/vec4 v00000212fa84ec50_0, 0;
    %jmp T_75;
    .thread T_75, $push;
    .scope S_00000212fa7e1e60;
T_76 ;
    %wait E_00000212fa7d14a0;
    %load/vec4 v00000212fa84ec50_0;
    %pushi/vec4 0, 0, 1;
    %xor;
    %flag_set/vec4 8;
    %jmp/1 T_76.2, 8;
    %pushi/vec4 0, 0, 1;
    %flag_set/vec4 9;
    %flag_or 8, 9;
T_76.2;
    %jmp/0 T_76.0, 8;
    %load/vec4 v00000212fa84dd50_0;
    %jmp/1 T_76.1, 8;
T_76.0 ; End of true expr.
    %load/vec4 v00000212fa84f010_0;
    %jmp/0 T_76.1, 8;
 ; End of false expr.
    %blend;
T_76.1;
    %store/vec4 v00000212fa84f1f0_0, 0, 1;
    %jmp T_76;
    .thread T_76, $push;
    .scope S_00000212fa7e2630;
T_77 ;
    %wait E_00000212fa7d13a0;
    %load/vec4 v00000212fa84f6a0_0;
    %flag_set/vec4 8;
    %jmp/0xz  T_77.0, 8;
    %pushi/vec4 0, 0, 16;
    %assign/vec4 v00000212fa855230_0, 0;
    %pushi/vec4 0, 0, 16;
    %assign/vec4 v00000212fa8534d0_0, 0;
    %jmp T_77.1;
T_77.0 ;
    %load/vec4 v00000212fa8510e0_0;
    %flag_set/vec4 8;
    %jmp/0xz  T_77.2, 8;
    %load/vec4 v00000212fa850e60_0;
    %nor/r;
    %flag_set/vec4 8;
    %jmp/0xz  T_77.4, 8;
    %load/vec4 v00000212fa850d20_0;
    %assign/vec4 v00000212fa855230_0, 0;
T_77.4 ;
    %load/vec4 v00000212fa84fc40_0;
    %nor/r;
    %flag_set/vec4 8;
    %jmp/0xz  T_77.6, 8;
    %load/vec4 v00000212fa850780_0;
    %assign/vec4 v00000212fa8534d0_0, 0;
T_77.6 ;
T_77.2 ;
T_77.1 ;
    %jmp T_77;
    .thread T_77;
    .scope S_00000212fa7e2630;
T_78 ;
    %wait E_00000212fa7d1760;
    %load/vec4 v00000212fa84f4c0_0;
    %flag_set/vec4 8;
    %jmp/0xz  T_78.0, 8;
    %pushi/vec4 0, 0, 16;
    %assign/vec4 v00000212fa853570_0, 0;
    %pushi/vec4 0, 0, 16;
    %assign/vec4 v00000212fa853890_0, 0;
    %jmp T_78.1;
T_78.0 ;
    %load/vec4 v00000212fa8510e0_0;
    %flag_set/vec4 8;
    %jmp/0xz  T_78.2, 8;
    %load/vec4 v00000212fa851220_0;
    %nor/r;
    %flag_set/vec4 8;
    %jmp/0xz  T_78.4, 8;
    %load/vec4 v00000212fa84f600_0;
    %assign/vec4 v00000212fa853570_0, 0;
T_78.4 ;
    %load/vec4 v00000212fa850a00_0;
    %nor/r;
    %flag_set/vec4 8;
    %jmp/0xz  T_78.6, 8;
    %load/vec4 v00000212fa84f420_0;
    %assign/vec4 v00000212fa853890_0, 0;
T_78.6 ;
T_78.2 ;
T_78.1 ;
    %jmp T_78;
    .thread T_78;
    .scope S_00000212fa7e2630;
T_79 ;
    %wait E_00000212fa7d13a0;
    %load/vec4 v00000212fa84f6a0_0;
    %flag_set/vec4 8;
    %jmp/0xz  T_79.0, 8;
    %pushi/vec4 0, 0, 16;
    %assign/vec4 v00000212fa8543d0_0, 0;
    %pushi/vec4 0, 0, 16;
    %assign/vec4 v00000212fa854a10_0, 0;
    %jmp T_79.1;
T_79.0 ;
    %load/vec4 v00000212fa8510e0_0;
    %flag_set/vec4 8;
    %jmp/0xz  T_79.2, 8;
    %load/vec4 v00000212fa8541f0_0;
    %assign/vec4 v00000212fa8543d0_0, 0;
    %load/vec4 v00000212fa8557d0_0;
    %assign/vec4 v00000212fa854a10_0, 0;
T_79.2 ;
T_79.1 ;
    %jmp T_79;
    .thread T_79;
    .scope S_00000212fa7e2630;
T_80 ;
    %wait E_00000212fa7d1760;
    %load/vec4 v00000212fa84f4c0_0;
    %flag_set/vec4 8;
    %jmp/0xz  T_80.0, 8;
    %pushi/vec4 0, 0, 16;
    %assign/vec4 v00000212fa857850_0, 0;
    %pushi/vec4 0, 0, 16;
    %assign/vec4 v00000212fa8545b0_0, 0;
    %jmp T_80.1;
T_80.0 ;
    %load/vec4 v00000212fa8510e0_0;
    %flag_set/vec4 8;
    %jmp/0xz  T_80.2, 8;
    %load/vec4 v00000212fa855190_0;
    %assign/vec4 v00000212fa857850_0, 0;
    %load/vec4 v00000212fa855910_0;
    %assign/vec4 v00000212fa8545b0_0, 0;
T_80.2 ;
T_80.1 ;
    %jmp T_80;
    .thread T_80;
    .scope S_00000212fa7e2630;
T_81 ;
    %wait E_00000212fa7d1760;
    %load/vec4 v00000212fa84f4c0_0;
    %flag_set/vec4 8;
    %jmp/0xz  T_81.0, 8;
    %pushi/vec4 0, 0, 32;
    %assign/vec4 v00000212fa854970_0, 0;
    %jmp T_81.1;
T_81.0 ;
    %load/vec4 v00000212fa8510e0_0;
    %flag_set/vec4 8;
    %jmp/0xz  T_81.2, 8;
    %load/vec4 v00000212fa854150_0;
    %assign/vec4 v00000212fa854970_0, 0;
T_81.2 ;
T_81.1 ;
    %jmp T_81;
    .thread T_81;
    .scope S_00000212fa7e2630;
T_82 ;
    %wait E_00000212fa7d0c60;
    %load/vec4 v00000212fa850b40_0;
    %flag_set/vec4 8;
    %jmp/0xz  T_82.0, 8;
    %pushi/vec4 0, 0, 16;
    %assign/vec4 v00000212fa856950_0, 0;
    %jmp T_82.1;
T_82.0 ;
    %load/vec4 v00000212fa8510e0_0;
    %flag_set/vec4 8;
    %jmp/0xz  T_82.2, 8;
    %load/vec4 v00000212fa8500a0_0;
    %nor/r;
    %flag_set/vec4 8;
    %jmp/0xz  T_82.4, 8;
    %load/vec4 v00000212fa853f70_0;
    %assign/vec4 v00000212fa856950_0, 0;
T_82.4 ;
T_82.2 ;
T_82.1 ;
    %jmp T_82;
    .thread T_82;
    .scope S_00000212fa7e2630;
T_83 ;
    %wait E_00000212fa7d16e0;
    %load/vec4 v00000212fa850960_0;
    %flag_set/vec4 8;
    %jmp/0xz  T_83.0, 8;
    %pushi/vec4 0, 0, 16;
    %assign/vec4 v00000212fa858250_0, 0;
    %jmp T_83.1;
T_83.0 ;
    %load/vec4 v00000212fa8510e0_0;
    %flag_set/vec4 8;
    %jmp/0xz  T_83.2, 8;
    %load/vec4 v00000212fa84fec0_0;
    %nor/r;
    %flag_set/vec4 8;
    %jmp/0xz  T_83.4, 8;
    %load/vec4 v00000212fa8548d0_0;
    %assign/vec4 v00000212fa858250_0, 0;
T_83.4 ;
T_83.2 ;
T_83.1 ;
    %jmp T_83;
    .thread T_83;
    .scope S_00000212fa7e73c0;
T_84 ;
    %pushi/vec4 0, 0, 32;
    %store/vec4 v00000212fa858c50_0, 0, 32;
T_84.0 ; Top of for-loop
    %load/vec4 v00000212fa858c50_0;
    %cmpi/s 16, 0, 32;
	  %jmp/0xz T_84.1, 5;
    %pushi/vec4 0, 0, 256;
    %load/vec4 v00000212fa858c50_0;
    %muli 16, 0, 32;
    %part/s 16;
    %pushi/vec4 0, 0, 32;
    %load/vec4 v00000212fa858c50_0;
    %add;
    %ix/vec4/s 4;
    %store/vec4a v00000212fa859470, 4, 0;
    %pushi/vec4 0, 0, 256;
    %load/vec4 v00000212fa858c50_0;
    %muli 16, 0, 32;
    %part/s 16;
    %pushi/vec4 16, 0, 32;
    %load/vec4 v00000212fa858c50_0;
    %add;
    %ix/vec4/s 4;
    %store/vec4a v00000212fa859470, 4, 0;
    %pushi/vec4 0, 0, 256;
    %load/vec4 v00000212fa858c50_0;
    %muli 16, 0, 32;
    %part/s 16;
    %pushi/vec4 32, 0, 32;
    %load/vec4 v00000212fa858c50_0;
    %add;
    %ix/vec4/s 4;
    %store/vec4a v00000212fa859470, 4, 0;
    %pushi/vec4 0, 0, 256;
    %load/vec4 v00000212fa858c50_0;
    %muli 16, 0, 32;
    %part/s 16;
    %pushi/vec4 48, 0, 32;
    %load/vec4 v00000212fa858c50_0;
    %add;
    %ix/vec4/s 4;
    %store/vec4a v00000212fa859470, 4, 0;
    %pushi/vec4 0, 0, 256;
    %load/vec4 v00000212fa858c50_0;
    %muli 16, 0, 32;
    %part/s 16;
    %pushi/vec4 64, 0, 32;
    %load/vec4 v00000212fa858c50_0;
    %add;
    %ix/vec4/s 4;
    %store/vec4a v00000212fa859470, 4, 0;
    %pushi/vec4 0, 0, 256;
    %load/vec4 v00000212fa858c50_0;
    %muli 16, 0, 32;
    %part/s 16;
    %pushi/vec4 80, 0, 32;
    %load/vec4 v00000212fa858c50_0;
    %add;
    %ix/vec4/s 4;
    %store/vec4a v00000212fa859470, 4, 0;
    %pushi/vec4 0, 0, 256;
    %load/vec4 v00000212fa858c50_0;
    %muli 16, 0, 32;
    %part/s 16;
    %pushi/vec4 96, 0, 32;
    %load/vec4 v00000212fa858c50_0;
    %add;
    %ix/vec4/s 4;
    %store/vec4a v00000212fa859470, 4, 0;
    %pushi/vec4 0, 0, 256;
    %load/vec4 v00000212fa858c50_0;
    %muli 16, 0, 32;
    %part/s 16;
    %pushi/vec4 112, 0, 32;
    %load/vec4 v00000212fa858c50_0;
    %add;
    %ix/vec4/s 4;
    %store/vec4a v00000212fa859470, 4, 0;
    %pushi/vec4 0, 0, 256;
    %load/vec4 v00000212fa858c50_0;
    %muli 16, 0, 32;
    %part/s 16;
    %pushi/vec4 128, 0, 32;
    %load/vec4 v00000212fa858c50_0;
    %add;
    %ix/vec4/s 4;
    %store/vec4a v00000212fa859470, 4, 0;
    %pushi/vec4 0, 0, 256;
    %load/vec4 v00000212fa858c50_0;
    %muli 16, 0, 32;
    %part/s 16;
    %pushi/vec4 144, 0, 32;
    %load/vec4 v00000212fa858c50_0;
    %add;
    %ix/vec4/s 4;
    %store/vec4a v00000212fa859470, 4, 0;
    %pushi/vec4 0, 0, 256;
    %load/vec4 v00000212fa858c50_0;
    %muli 16, 0, 32;
    %part/s 16;
    %pushi/vec4 160, 0, 32;
    %load/vec4 v00000212fa858c50_0;
    %add;
    %ix/vec4/s 4;
    %store/vec4a v00000212fa859470, 4, 0;
    %pushi/vec4 0, 0, 256;
    %load/vec4 v00000212fa858c50_0;
    %muli 16, 0, 32;
    %part/s 16;
    %pushi/vec4 176, 0, 32;
    %load/vec4 v00000212fa858c50_0;
    %add;
    %ix/vec4/s 4;
    %store/vec4a v00000212fa859470, 4, 0;
    %pushi/vec4 0, 0, 256;
    %load/vec4 v00000212fa858c50_0;
    %muli 16, 0, 32;
    %part/s 16;
    %pushi/vec4 192, 0, 32;
    %load/vec4 v00000212fa858c50_0;
    %add;
    %ix/vec4/s 4;
    %store/vec4a v00000212fa859470, 4, 0;
    %pushi/vec4 0, 0, 256;
    %load/vec4 v00000212fa858c50_0;
    %muli 16, 0, 32;
    %part/s 16;
    %pushi/vec4 208, 0, 32;
    %load/vec4 v00000212fa858c50_0;
    %add;
    %ix/vec4/s 4;
    %store/vec4a v00000212fa859470, 4, 0;
    %pushi/vec4 0, 0, 256;
    %load/vec4 v00000212fa858c50_0;
    %muli 16, 0, 32;
    %part/s 16;
    %pushi/vec4 224, 0, 32;
    %load/vec4 v00000212fa858c50_0;
    %add;
    %ix/vec4/s 4;
    %store/vec4a v00000212fa859470, 4, 0;
    %pushi/vec4 0, 0, 256;
    %load/vec4 v00000212fa858c50_0;
    %muli 16, 0, 32;
    %part/s 16;
    %pushi/vec4 240, 0, 32;
    %load/vec4 v00000212fa858c50_0;
    %add;
    %ix/vec4/s 4;
    %store/vec4a v00000212fa859470, 4, 0;
T_84.2 ; for-loop step statement
    %load/vec4 v00000212fa858c50_0;
    %addi 1, 0, 32;
    %store/vec4 v00000212fa858c50_0, 0, 32;
    %jmp T_84.0;
T_84.1 ; for-loop exit label
    %end;
    .thread T_84;
    .scope S_00000212fa7e73c0;
T_85 ;
    %wait E_00000212fa7d1520;
    %load/vec4 v00000212fa85a9b0_0;
    %flag_set/vec4 9;
    %flag_get/vec4 9;
    %jmp/0 T_85.2, 9;
    %load/vec4 v00000212fa858610_0;
    %and;
T_85.2;
    %flag_set/vec4 8;
    %jmp/0xz  T_85.0, 8;
    %load/vec4 v00000212fa85aaf0_0;
    %parti/s 1, 0, 2;
    %nor/r;
    %flag_set/vec4 8;
    %jmp/0xz  T_85.3, 8;
    %load/vec4 v00000212fa8598d0_0;
    %parti/s 1, 0, 2;
    %load/vec4 v00000212fa8591f0_0;
    %parti/s 8, 0, 2;
    %pad/u 10;
    %ix/vec4 3;
    %ix/load 4, 0, 0; Constant delay
    %assign/vec4/a/d v00000212fa859470, 0, 4;
T_85.3 ;
    %load/vec4 v00000212fa85aaf0_0;
    %parti/s 1, 1, 2;
    %nor/r;
    %flag_set/vec4 8;
    %jmp/0xz  T_85.5, 8;
    %load/vec4 v00000212fa8598d0_0;
    %parti/s 1, 1, 2;
    %load/vec4 v00000212fa8591f0_0;
    %parti/s 8, 0, 2;
    %pad/u 10;
    %ix/vec4 3;
    %ix/load 4, 1, 0; part off
    %ix/load 5, 0, 0; Constant delay
    %assign/vec4/a/d v00000212fa859470, 4, 5;
T_85.5 ;
    %load/vec4 v00000212fa85aaf0_0;
    %parti/s 1, 2, 3;
    %nor/r;
    %flag_set/vec4 8;
    %jmp/0xz  T_85.7, 8;
    %load/vec4 v00000212fa8598d0_0;
    %parti/s 1, 2, 3;
    %load/vec4 v00000212fa8591f0_0;
    %parti/s 8, 0, 2;
    %pad/u 10;
    %ix/vec4 3;
    %ix/load 4, 2, 0; part off
    %ix/load 5, 0, 0; Constant delay
    %assign/vec4/a/d v00000212fa859470, 4, 5;
T_85.7 ;
    %load/vec4 v00000212fa85aaf0_0;
    %parti/s 1, 3, 3;
    %nor/r;
    %flag_set/vec4 8;
    %jmp/0xz  T_85.9, 8;
    %load/vec4 v00000212fa8598d0_0;
    %parti/s 1, 3, 3;
    %load/vec4 v00000212fa8591f0_0;
    %parti/s 8, 0, 2;
    %pad/u 10;
    %ix/vec4 3;
    %ix/load 4, 3, 0; part off
    %ix/load 5, 0, 0; Constant delay
    %assign/vec4/a/d v00000212fa859470, 4, 5;
T_85.9 ;
    %load/vec4 v00000212fa85aaf0_0;
    %parti/s 1, 4, 4;
    %nor/r;
    %flag_set/vec4 8;
    %jmp/0xz  T_85.11, 8;
    %load/vec4 v00000212fa8598d0_0;
    %parti/s 1, 4, 4;
    %load/vec4 v00000212fa8591f0_0;
    %parti/s 8, 0, 2;
    %pad/u 10;
    %ix/vec4 3;
    %ix/load 4, 4, 0; part off
    %ix/load 5, 0, 0; Constant delay
    %assign/vec4/a/d v00000212fa859470, 4, 5;
T_85.11 ;
    %load/vec4 v00000212fa85aaf0_0;
    %parti/s 1, 5, 4;
    %nor/r;
    %flag_set/vec4 8;
    %jmp/0xz  T_85.13, 8;
    %load/vec4 v00000212fa8598d0_0;
    %parti/s 1, 5, 4;
    %load/vec4 v00000212fa8591f0_0;
    %parti/s 8, 0, 2;
    %pad/u 10;
    %ix/vec4 3;
    %ix/load 4, 5, 0; part off
    %ix/load 5, 0, 0; Constant delay
    %assign/vec4/a/d v00000212fa859470, 4, 5;
T_85.13 ;
    %load/vec4 v00000212fa85aaf0_0;
    %parti/s 1, 6, 4;
    %nor/r;
    %flag_set/vec4 8;
    %jmp/0xz  T_85.15, 8;
    %load/vec4 v00000212fa8598d0_0;
    %parti/s 1, 6, 4;
    %load/vec4 v00000212fa8591f0_0;
    %parti/s 8, 0, 2;
    %pad/u 10;
    %ix/vec4 3;
    %ix/load 4, 6, 0; part off
    %ix/load 5, 0, 0; Constant delay
    %assign/vec4/a/d v00000212fa859470, 4, 5;
T_85.15 ;
    %load/vec4 v00000212fa85aaf0_0;
    %parti/s 1, 7, 4;
    %nor/r;
    %flag_set/vec4 8;
    %jmp/0xz  T_85.17, 8;
    %load/vec4 v00000212fa8598d0_0;
    %parti/s 1, 7, 4;
    %load/vec4 v00000212fa8591f0_0;
    %parti/s 8, 0, 2;
    %pad/u 10;
    %ix/vec4 3;
    %ix/load 4, 7, 0; part off
    %ix/load 5, 0, 0; Constant delay
    %assign/vec4/a/d v00000212fa859470, 4, 5;
T_85.17 ;
    %load/vec4 v00000212fa85aaf0_0;
    %parti/s 1, 8, 5;
    %nor/r;
    %flag_set/vec4 8;
    %jmp/0xz  T_85.19, 8;
    %load/vec4 v00000212fa8598d0_0;
    %parti/s 1, 8, 5;
    %load/vec4 v00000212fa8591f0_0;
    %parti/s 8, 0, 2;
    %pad/u 10;
    %ix/vec4 3;
    %ix/load 4, 8, 0; part off
    %ix/load 5, 0, 0; Constant delay
    %assign/vec4/a/d v00000212fa859470, 4, 5;
T_85.19 ;
    %load/vec4 v00000212fa85aaf0_0;
    %parti/s 1, 9, 5;
    %nor/r;
    %flag_set/vec4 8;
    %jmp/0xz  T_85.21, 8;
    %load/vec4 v00000212fa8598d0_0;
    %parti/s 1, 9, 5;
    %load/vec4 v00000212fa8591f0_0;
    %parti/s 8, 0, 2;
    %pad/u 10;
    %ix/vec4 3;
    %ix/load 4, 9, 0; part off
    %ix/load 5, 0, 0; Constant delay
    %assign/vec4/a/d v00000212fa859470, 4, 5;
T_85.21 ;
    %load/vec4 v00000212fa85aaf0_0;
    %parti/s 1, 10, 5;
    %nor/r;
    %flag_set/vec4 8;
    %jmp/0xz  T_85.23, 8;
    %load/vec4 v00000212fa8598d0_0;
    %parti/s 1, 10, 5;
    %load/vec4 v00000212fa8591f0_0;
    %parti/s 8, 0, 2;
    %pad/u 10;
    %ix/vec4 3;
    %ix/load 4, 10, 0; part off
    %ix/load 5, 0, 0; Constant delay
    %assign/vec4/a/d v00000212fa859470, 4, 5;
T_85.23 ;
    %load/vec4 v00000212fa85aaf0_0;
    %parti/s 1, 11, 5;
    %nor/r;
    %flag_set/vec4 8;
    %jmp/0xz  T_85.25, 8;
    %load/vec4 v00000212fa8598d0_0;
    %parti/s 1, 11, 5;
    %load/vec4 v00000212fa8591f0_0;
    %parti/s 8, 0, 2;
    %pad/u 10;
    %ix/vec4 3;
    %ix/load 4, 11, 0; part off
    %ix/load 5, 0, 0; Constant delay
    %assign/vec4/a/d v00000212fa859470, 4, 5;
T_85.25 ;
    %load/vec4 v00000212fa85aaf0_0;
    %parti/s 1, 12, 5;
    %nor/r;
    %flag_set/vec4 8;
    %jmp/0xz  T_85.27, 8;
    %load/vec4 v00000212fa8598d0_0;
    %parti/s 1, 12, 5;
    %load/vec4 v00000212fa8591f0_0;
    %parti/s 8, 0, 2;
    %pad/u 10;
    %ix/vec4 3;
    %ix/load 4, 12, 0; part off
    %ix/load 5, 0, 0; Constant delay
    %assign/vec4/a/d v00000212fa859470, 4, 5;
T_85.27 ;
    %load/vec4 v00000212fa85aaf0_0;
    %parti/s 1, 13, 5;
    %nor/r;
    %flag_set/vec4 8;
    %jmp/0xz  T_85.29, 8;
    %load/vec4 v00000212fa8598d0_0;
    %parti/s 1, 13, 5;
    %load/vec4 v00000212fa8591f0_0;
    %parti/s 8, 0, 2;
    %pad/u 10;
    %ix/vec4 3;
    %ix/load 4, 13, 0; part off
    %ix/load 5, 0, 0; Constant delay
    %assign/vec4/a/d v00000212fa859470, 4, 5;
T_85.29 ;
    %load/vec4 v00000212fa85aaf0_0;
    %parti/s 1, 14, 5;
    %nor/r;
    %flag_set/vec4 8;
    %jmp/0xz  T_85.31, 8;
    %load/vec4 v00000212fa8598d0_0;
    %parti/s 1, 14, 5;
    %load/vec4 v00000212fa8591f0_0;
    %parti/s 8, 0, 2;
    %pad/u 10;
    %ix/vec4 3;
    %ix/load 4, 14, 0; part off
    %ix/load 5, 0, 0; Constant delay
    %assign/vec4/a/d v00000212fa859470, 4, 5;
T_85.31 ;
    %load/vec4 v00000212fa85aaf0_0;
    %parti/s 1, 15, 5;
    %nor/r;
    %flag_set/vec4 8;
    %jmp/0xz  T_85.33, 8;
    %load/vec4 v00000212fa8598d0_0;
    %parti/s 1, 15, 5;
    %load/vec4 v00000212fa8591f0_0;
    %parti/s 8, 0, 2;
    %pad/u 10;
    %ix/vec4 3;
    %ix/load 4, 15, 0; part off
    %ix/load 5, 0, 0; Constant delay
    %assign/vec4/a/d v00000212fa859470, 4, 5;
T_85.33 ;
T_85.0 ;
    %jmp T_85;
    .thread T_85;
    .scope S_00000212fa7e73c0;
T_86 ;
    %wait E_00000212fa7d0e20;
    %load/vec4 v00000212fa85aa50_0;
    %flag_set/vec4 9;
    %flag_get/vec4 9;
    %jmp/0 T_86.2, 9;
    %load/vec4 v00000212fa859290_0;
    %and;
T_86.2;
    %flag_set/vec4 8;
    %jmp/0xz  T_86.0, 8;
    %load/vec4 v00000212fa858890_0;
    %parti/s 8, 0, 2;
    %pad/u 10;
    %ix/vec4 4;
    %load/vec4a v00000212fa859470, 4;
    %load/vec4 v00000212fa859330_0;
    %inv;
    %and;
    %assign/vec4 v00000212fa859150_0, 0;
T_86.0 ;
    %jmp T_86;
    .thread T_86;
    .scope S_00000212fa867070;
T_87 ;
    %pushi/vec4 0, 0, 32;
    %store/vec4 v00000212fa85a370_0, 0, 32;
T_87.0 ; Top of for-loop
    %load/vec4 v00000212fa85a370_0;
    %cmpi/s 16, 0, 32;
	  %jmp/0xz T_87.1, 5;
    %pushi/vec4 0, 0, 256;
    %load/vec4 v00000212fa85a370_0;
    %muli 16, 0, 32;
    %part/s 16;
    %pushi/vec4 0, 0, 32;
    %load/vec4 v00000212fa85a370_0;
    %add;
    %ix/vec4/s 4;
    %store/vec4a v00000212fa859d30, 4, 0;
    %pushi/vec4 0, 0, 256;
    %load/vec4 v00000212fa85a370_0;
    %muli 16, 0, 32;
    %part/s 16;
    %pushi/vec4 16, 0, 32;
    %load/vec4 v00000212fa85a370_0;
    %add;
    %ix/vec4/s 4;
    %store/vec4a v00000212fa859d30, 4, 0;
    %pushi/vec4 0, 0, 256;
    %load/vec4 v00000212fa85a370_0;
    %muli 16, 0, 32;
    %part/s 16;
    %pushi/vec4 32, 0, 32;
    %load/vec4 v00000212fa85a370_0;
    %add;
    %ix/vec4/s 4;
    %store/vec4a v00000212fa859d30, 4, 0;
    %pushi/vec4 0, 0, 256;
    %load/vec4 v00000212fa85a370_0;
    %muli 16, 0, 32;
    %part/s 16;
    %pushi/vec4 48, 0, 32;
    %load/vec4 v00000212fa85a370_0;
    %add;
    %ix/vec4/s 4;
    %store/vec4a v00000212fa859d30, 4, 0;
    %pushi/vec4 0, 0, 256;
    %load/vec4 v00000212fa85a370_0;
    %muli 16, 0, 32;
    %part/s 16;
    %pushi/vec4 64, 0, 32;
    %load/vec4 v00000212fa85a370_0;
    %add;
    %ix/vec4/s 4;
    %store/vec4a v00000212fa859d30, 4, 0;
    %pushi/vec4 0, 0, 256;
    %load/vec4 v00000212fa85a370_0;
    %muli 16, 0, 32;
    %part/s 16;
    %pushi/vec4 80, 0, 32;
    %load/vec4 v00000212fa85a370_0;
    %add;
    %ix/vec4/s 4;
    %store/vec4a v00000212fa859d30, 4, 0;
    %pushi/vec4 0, 0, 256;
    %load/vec4 v00000212fa85a370_0;
    %muli 16, 0, 32;
    %part/s 16;
    %pushi/vec4 96, 0, 32;
    %load/vec4 v00000212fa85a370_0;
    %add;
    %ix/vec4/s 4;
    %store/vec4a v00000212fa859d30, 4, 0;
    %pushi/vec4 0, 0, 256;
    %load/vec4 v00000212fa85a370_0;
    %muli 16, 0, 32;
    %part/s 16;
    %pushi/vec4 112, 0, 32;
    %load/vec4 v00000212fa85a370_0;
    %add;
    %ix/vec4/s 4;
    %store/vec4a v00000212fa859d30, 4, 0;
    %pushi/vec4 0, 0, 256;
    %load/vec4 v00000212fa85a370_0;
    %muli 16, 0, 32;
    %part/s 16;
    %pushi/vec4 128, 0, 32;
    %load/vec4 v00000212fa85a370_0;
    %add;
    %ix/vec4/s 4;
    %store/vec4a v00000212fa859d30, 4, 0;
    %pushi/vec4 0, 0, 256;
    %load/vec4 v00000212fa85a370_0;
    %muli 16, 0, 32;
    %part/s 16;
    %pushi/vec4 144, 0, 32;
    %load/vec4 v00000212fa85a370_0;
    %add;
    %ix/vec4/s 4;
    %store/vec4a v00000212fa859d30, 4, 0;
    %pushi/vec4 0, 0, 256;
    %load/vec4 v00000212fa85a370_0;
    %muli 16, 0, 32;
    %part/s 16;
    %pushi/vec4 160, 0, 32;
    %load/vec4 v00000212fa85a370_0;
    %add;
    %ix/vec4/s 4;
    %store/vec4a v00000212fa859d30, 4, 0;
    %pushi/vec4 0, 0, 256;
    %load/vec4 v00000212fa85a370_0;
    %muli 16, 0, 32;
    %part/s 16;
    %pushi/vec4 176, 0, 32;
    %load/vec4 v00000212fa85a370_0;
    %add;
    %ix/vec4/s 4;
    %store/vec4a v00000212fa859d30, 4, 0;
    %pushi/vec4 0, 0, 256;
    %load/vec4 v00000212fa85a370_0;
    %muli 16, 0, 32;
    %part/s 16;
    %pushi/vec4 192, 0, 32;
    %load/vec4 v00000212fa85a370_0;
    %add;
    %ix/vec4/s 4;
    %store/vec4a v00000212fa859d30, 4, 0;
    %pushi/vec4 0, 0, 256;
    %load/vec4 v00000212fa85a370_0;
    %muli 16, 0, 32;
    %part/s 16;
    %pushi/vec4 208, 0, 32;
    %load/vec4 v00000212fa85a370_0;
    %add;
    %ix/vec4/s 4;
    %store/vec4a v00000212fa859d30, 4, 0;
    %pushi/vec4 0, 0, 256;
    %load/vec4 v00000212fa85a370_0;
    %muli 16, 0, 32;
    %part/s 16;
    %pushi/vec4 224, 0, 32;
    %load/vec4 v00000212fa85a370_0;
    %add;
    %ix/vec4/s 4;
    %store/vec4a v00000212fa859d30, 4, 0;
    %pushi/vec4 0, 0, 256;
    %load/vec4 v00000212fa85a370_0;
    %muli 16, 0, 32;
    %part/s 16;
    %pushi/vec4 240, 0, 32;
    %load/vec4 v00000212fa85a370_0;
    %add;
    %ix/vec4/s 4;
    %store/vec4a v00000212fa859d30, 4, 0;
T_87.2 ; for-loop step statement
    %load/vec4 v00000212fa85a370_0;
    %addi 1, 0, 32;
    %store/vec4 v00000212fa85a370_0, 0, 32;
    %jmp T_87.0;
T_87.1 ; for-loop exit label
    %end;
    .thread T_87;
    .scope S_00000212fa867070;
T_88 ;
    %wait E_00000212fa7d1560;
    %load/vec4 v00000212fa859bf0_0;
    %flag_set/vec4 9;
    %flag_get/vec4 9;
    %jmp/0 T_88.2, 9;
    %load/vec4 v00000212fa85a050_0;
    %and;
T_88.2;
    %flag_set/vec4 8;
    %jmp/0xz  T_88.0, 8;
    %load/vec4 v00000212fa859c90_0;
    %parti/s 1, 0, 2;
    %nor/r;
    %flag_set/vec4 8;
    %jmp/0xz  T_88.3, 8;
    %load/vec4 v00000212fa859b50_0;
    %parti/s 1, 0, 2;
    %load/vec4 v00000212fa8589d0_0;
    %parti/s 8, 0, 2;
    %pad/u 10;
    %ix/vec4 3;
    %ix/load 4, 0, 0; Constant delay
    %assign/vec4/a/d v00000212fa859d30, 0, 4;
T_88.3 ;
    %load/vec4 v00000212fa859c90_0;
    %parti/s 1, 1, 2;
    %nor/r;
    %flag_set/vec4 8;
    %jmp/0xz  T_88.5, 8;
    %load/vec4 v00000212fa859b50_0;
    %parti/s 1, 1, 2;
    %load/vec4 v00000212fa8589d0_0;
    %parti/s 8, 0, 2;
    %pad/u 10;
    %ix/vec4 3;
    %ix/load 4, 1, 0; part off
    %ix/load 5, 0, 0; Constant delay
    %assign/vec4/a/d v00000212fa859d30, 4, 5;
T_88.5 ;
    %load/vec4 v00000212fa859c90_0;
    %parti/s 1, 2, 3;
    %nor/r;
    %flag_set/vec4 8;
    %jmp/0xz  T_88.7, 8;
    %load/vec4 v00000212fa859b50_0;
    %parti/s 1, 2, 3;
    %load/vec4 v00000212fa8589d0_0;
    %parti/s 8, 0, 2;
    %pad/u 10;
    %ix/vec4 3;
    %ix/load 4, 2, 0; part off
    %ix/load 5, 0, 0; Constant delay
    %assign/vec4/a/d v00000212fa859d30, 4, 5;
T_88.7 ;
    %load/vec4 v00000212fa859c90_0;
    %parti/s 1, 3, 3;
    %nor/r;
    %flag_set/vec4 8;
    %jmp/0xz  T_88.9, 8;
    %load/vec4 v00000212fa859b50_0;
    %parti/s 1, 3, 3;
    %load/vec4 v00000212fa8589d0_0;
    %parti/s 8, 0, 2;
    %pad/u 10;
    %ix/vec4 3;
    %ix/load 4, 3, 0; part off
    %ix/load 5, 0, 0; Constant delay
    %assign/vec4/a/d v00000212fa859d30, 4, 5;
T_88.9 ;
    %load/vec4 v00000212fa859c90_0;
    %parti/s 1, 4, 4;
    %nor/r;
    %flag_set/vec4 8;
    %jmp/0xz  T_88.11, 8;
    %load/vec4 v00000212fa859b50_0;
    %parti/s 1, 4, 4;
    %load/vec4 v00000212fa8589d0_0;
    %parti/s 8, 0, 2;
    %pad/u 10;
    %ix/vec4 3;
    %ix/load 4, 4, 0; part off
    %ix/load 5, 0, 0; Constant delay
    %assign/vec4/a/d v00000212fa859d30, 4, 5;
T_88.11 ;
    %load/vec4 v00000212fa859c90_0;
    %parti/s 1, 5, 4;
    %nor/r;
    %flag_set/vec4 8;
    %jmp/0xz  T_88.13, 8;
    %load/vec4 v00000212fa859b50_0;
    %parti/s 1, 5, 4;
    %load/vec4 v00000212fa8589d0_0;
    %parti/s 8, 0, 2;
    %pad/u 10;
    %ix/vec4 3;
    %ix/load 4, 5, 0; part off
    %ix/load 5, 0, 0; Constant delay
    %assign/vec4/a/d v00000212fa859d30, 4, 5;
T_88.13 ;
    %load/vec4 v00000212fa859c90_0;
    %parti/s 1, 6, 4;
    %nor/r;
    %flag_set/vec4 8;
    %jmp/0xz  T_88.15, 8;
    %load/vec4 v00000212fa859b50_0;
    %parti/s 1, 6, 4;
    %load/vec4 v00000212fa8589d0_0;
    %parti/s 8, 0, 2;
    %pad/u 10;
    %ix/vec4 3;
    %ix/load 4, 6, 0; part off
    %ix/load 5, 0, 0; Constant delay
    %assign/vec4/a/d v00000212fa859d30, 4, 5;
T_88.15 ;
    %load/vec4 v00000212fa859c90_0;
    %parti/s 1, 7, 4;
    %nor/r;
    %flag_set/vec4 8;
    %jmp/0xz  T_88.17, 8;
    %load/vec4 v00000212fa859b50_0;
    %parti/s 1, 7, 4;
    %load/vec4 v00000212fa8589d0_0;
    %parti/s 8, 0, 2;
    %pad/u 10;
    %ix/vec4 3;
    %ix/load 4, 7, 0; part off
    %ix/load 5, 0, 0; Constant delay
    %assign/vec4/a/d v00000212fa859d30, 4, 5;
T_88.17 ;
    %load/vec4 v00000212fa859c90_0;
    %parti/s 1, 8, 5;
    %nor/r;
    %flag_set/vec4 8;
    %jmp/0xz  T_88.19, 8;
    %load/vec4 v00000212fa859b50_0;
    %parti/s 1, 8, 5;
    %load/vec4 v00000212fa8589d0_0;
    %parti/s 8, 0, 2;
    %pad/u 10;
    %ix/vec4 3;
    %ix/load 4, 8, 0; part off
    %ix/load 5, 0, 0; Constant delay
    %assign/vec4/a/d v00000212fa859d30, 4, 5;
T_88.19 ;
    %load/vec4 v00000212fa859c90_0;
    %parti/s 1, 9, 5;
    %nor/r;
    %flag_set/vec4 8;
    %jmp/0xz  T_88.21, 8;
    %load/vec4 v00000212fa859b50_0;
    %parti/s 1, 9, 5;
    %load/vec4 v00000212fa8589d0_0;
    %parti/s 8, 0, 2;
    %pad/u 10;
    %ix/vec4 3;
    %ix/load 4, 9, 0; part off
    %ix/load 5, 0, 0; Constant delay
    %assign/vec4/a/d v00000212fa859d30, 4, 5;
T_88.21 ;
    %load/vec4 v00000212fa859c90_0;
    %parti/s 1, 10, 5;
    %nor/r;
    %flag_set/vec4 8;
    %jmp/0xz  T_88.23, 8;
    %load/vec4 v00000212fa859b50_0;
    %parti/s 1, 10, 5;
    %load/vec4 v00000212fa8589d0_0;
    %parti/s 8, 0, 2;
    %pad/u 10;
    %ix/vec4 3;
    %ix/load 4, 10, 0; part off
    %ix/load 5, 0, 0; Constant delay
    %assign/vec4/a/d v00000212fa859d30, 4, 5;
T_88.23 ;
    %load/vec4 v00000212fa859c90_0;
    %parti/s 1, 11, 5;
    %nor/r;
    %flag_set/vec4 8;
    %jmp/0xz  T_88.25, 8;
    %load/vec4 v00000212fa859b50_0;
    %parti/s 1, 11, 5;
    %load/vec4 v00000212fa8589d0_0;
    %parti/s 8, 0, 2;
    %pad/u 10;
    %ix/vec4 3;
    %ix/load 4, 11, 0; part off
    %ix/load 5, 0, 0; Constant delay
    %assign/vec4/a/d v00000212fa859d30, 4, 5;
T_88.25 ;
    %load/vec4 v00000212fa859c90_0;
    %parti/s 1, 12, 5;
    %nor/r;
    %flag_set/vec4 8;
    %jmp/0xz  T_88.27, 8;
    %load/vec4 v00000212fa859b50_0;
    %parti/s 1, 12, 5;
    %load/vec4 v00000212fa8589d0_0;
    %parti/s 8, 0, 2;
    %pad/u 10;
    %ix/vec4 3;
    %ix/load 4, 12, 0; part off
    %ix/load 5, 0, 0; Constant delay
    %assign/vec4/a/d v00000212fa859d30, 4, 5;
T_88.27 ;
    %load/vec4 v00000212fa859c90_0;
    %parti/s 1, 13, 5;
    %nor/r;
    %flag_set/vec4 8;
    %jmp/0xz  T_88.29, 8;
    %load/vec4 v00000212fa859b50_0;
    %parti/s 1, 13, 5;
    %load/vec4 v00000212fa8589d0_0;
    %parti/s 8, 0, 2;
    %pad/u 10;
    %ix/vec4 3;
    %ix/load 4, 13, 0; part off
    %ix/load 5, 0, 0; Constant delay
    %assign/vec4/a/d v00000212fa859d30, 4, 5;
T_88.29 ;
    %load/vec4 v00000212fa859c90_0;
    %parti/s 1, 14, 5;
    %nor/r;
    %flag_set/vec4 8;
    %jmp/0xz  T_88.31, 8;
    %load/vec4 v00000212fa859b50_0;
    %parti/s 1, 14, 5;
    %load/vec4 v00000212fa8589d0_0;
    %parti/s 8, 0, 2;
    %pad/u 10;
    %ix/vec4 3;
    %ix/load 4, 14, 0; part off
    %ix/load 5, 0, 0; Constant delay
    %assign/vec4/a/d v00000212fa859d30, 4, 5;
T_88.31 ;
    %load/vec4 v00000212fa859c90_0;
    %parti/s 1, 15, 5;
    %nor/r;
    %flag_set/vec4 8;
    %jmp/0xz  T_88.33, 8;
    %load/vec4 v00000212fa859b50_0;
    %parti/s 1, 15, 5;
    %load/vec4 v00000212fa8589d0_0;
    %parti/s 8, 0, 2;
    %pad/u 10;
    %ix/vec4 3;
    %ix/load 4, 15, 0; part off
    %ix/load 5, 0, 0; Constant delay
    %assign/vec4/a/d v00000212fa859d30, 4, 5;
T_88.33 ;
T_88.0 ;
    %jmp T_88;
    .thread T_88;
    .scope S_00000212fa867070;
T_89 ;
    %wait E_00000212fa7d1860;
    %load/vec4 v00000212fa859fb0_0;
    %flag_set/vec4 9;
    %flag_get/vec4 9;
    %jmp/0 T_89.2, 9;
    %load/vec4 v00000212fa85a4b0_0;
    %and;
T_89.2;
    %flag_set/vec4 8;
    %jmp/0xz  T_89.0, 8;
    %load/vec4 v00000212fa859790_0;
    %parti/s 8, 0, 2;
    %pad/u 10;
    %ix/vec4 4;
    %load/vec4a v00000212fa859d30, 4;
    %load/vec4 v00000212fa858e30_0;
    %inv;
    %and;
    %assign/vec4 v00000212fa859830_0, 0;
T_89.0 ;
    %jmp T_89;
    .thread T_89;
    .scope S_00000212fa8660d0;
T_90 ;
    %pushi/vec4 0, 0, 32;
    %store/vec4 v00000212fa86c080_0, 0, 32;
T_90.0 ; Top of for-loop
    %load/vec4 v00000212fa86c080_0;
    %cmpi/s 16, 0, 32;
	  %jmp/0xz T_90.1, 5;
    %pushi/vec4 0, 0, 256;
    %load/vec4 v00000212fa86c080_0;
    %muli 16, 0, 32;
    %part/s 16;
    %pushi/vec4 0, 0, 32;
    %load/vec4 v00000212fa86c080_0;
    %add;
    %ix/vec4/s 4;
    %store/vec4a v00000212fa86b2c0, 4, 0;
    %pushi/vec4 0, 0, 256;
    %load/vec4 v00000212fa86c080_0;
    %muli 16, 0, 32;
    %part/s 16;
    %pushi/vec4 16, 0, 32;
    %load/vec4 v00000212fa86c080_0;
    %add;
    %ix/vec4/s 4;
    %store/vec4a v00000212fa86b2c0, 4, 0;
    %pushi/vec4 0, 0, 256;
    %load/vec4 v00000212fa86c080_0;
    %muli 16, 0, 32;
    %part/s 16;
    %pushi/vec4 32, 0, 32;
    %load/vec4 v00000212fa86c080_0;
    %add;
    %ix/vec4/s 4;
    %store/vec4a v00000212fa86b2c0, 4, 0;
    %pushi/vec4 0, 0, 256;
    %load/vec4 v00000212fa86c080_0;
    %muli 16, 0, 32;
    %part/s 16;
    %pushi/vec4 48, 0, 32;
    %load/vec4 v00000212fa86c080_0;
    %add;
    %ix/vec4/s 4;
    %store/vec4a v00000212fa86b2c0, 4, 0;
    %pushi/vec4 0, 0, 256;
    %load/vec4 v00000212fa86c080_0;
    %muli 16, 0, 32;
    %part/s 16;
    %pushi/vec4 64, 0, 32;
    %load/vec4 v00000212fa86c080_0;
    %add;
    %ix/vec4/s 4;
    %store/vec4a v00000212fa86b2c0, 4, 0;
    %pushi/vec4 0, 0, 256;
    %load/vec4 v00000212fa86c080_0;
    %muli 16, 0, 32;
    %part/s 16;
    %pushi/vec4 80, 0, 32;
    %load/vec4 v00000212fa86c080_0;
    %add;
    %ix/vec4/s 4;
    %store/vec4a v00000212fa86b2c0, 4, 0;
    %pushi/vec4 0, 0, 256;
    %load/vec4 v00000212fa86c080_0;
    %muli 16, 0, 32;
    %part/s 16;
    %pushi/vec4 96, 0, 32;
    %load/vec4 v00000212fa86c080_0;
    %add;
    %ix/vec4/s 4;
    %store/vec4a v00000212fa86b2c0, 4, 0;
    %pushi/vec4 0, 0, 256;
    %load/vec4 v00000212fa86c080_0;
    %muli 16, 0, 32;
    %part/s 16;
    %pushi/vec4 112, 0, 32;
    %load/vec4 v00000212fa86c080_0;
    %add;
    %ix/vec4/s 4;
    %store/vec4a v00000212fa86b2c0, 4, 0;
    %pushi/vec4 0, 0, 256;
    %load/vec4 v00000212fa86c080_0;
    %muli 16, 0, 32;
    %part/s 16;
    %pushi/vec4 128, 0, 32;
    %load/vec4 v00000212fa86c080_0;
    %add;
    %ix/vec4/s 4;
    %store/vec4a v00000212fa86b2c0, 4, 0;
    %pushi/vec4 0, 0, 256;
    %load/vec4 v00000212fa86c080_0;
    %muli 16, 0, 32;
    %part/s 16;
    %pushi/vec4 144, 0, 32;
    %load/vec4 v00000212fa86c080_0;
    %add;
    %ix/vec4/s 4;
    %store/vec4a v00000212fa86b2c0, 4, 0;
    %pushi/vec4 0, 0, 256;
    %load/vec4 v00000212fa86c080_0;
    %muli 16, 0, 32;
    %part/s 16;
    %pushi/vec4 160, 0, 32;
    %load/vec4 v00000212fa86c080_0;
    %add;
    %ix/vec4/s 4;
    %store/vec4a v00000212fa86b2c0, 4, 0;
    %pushi/vec4 0, 0, 256;
    %load/vec4 v00000212fa86c080_0;
    %muli 16, 0, 32;
    %part/s 16;
    %pushi/vec4 176, 0, 32;
    %load/vec4 v00000212fa86c080_0;
    %add;
    %ix/vec4/s 4;
    %store/vec4a v00000212fa86b2c0, 4, 0;
    %pushi/vec4 0, 0, 256;
    %load/vec4 v00000212fa86c080_0;
    %muli 16, 0, 32;
    %part/s 16;
    %pushi/vec4 192, 0, 32;
    %load/vec4 v00000212fa86c080_0;
    %add;
    %ix/vec4/s 4;
    %store/vec4a v00000212fa86b2c0, 4, 0;
    %pushi/vec4 0, 0, 256;
    %load/vec4 v00000212fa86c080_0;
    %muli 16, 0, 32;
    %part/s 16;
    %pushi/vec4 208, 0, 32;
    %load/vec4 v00000212fa86c080_0;
    %add;
    %ix/vec4/s 4;
    %store/vec4a v00000212fa86b2c0, 4, 0;
    %pushi/vec4 0, 0, 256;
    %load/vec4 v00000212fa86c080_0;
    %muli 16, 0, 32;
    %part/s 16;
    %pushi/vec4 224, 0, 32;
    %load/vec4 v00000212fa86c080_0;
    %add;
    %ix/vec4/s 4;
    %store/vec4a v00000212fa86b2c0, 4, 0;
    %pushi/vec4 0, 0, 256;
    %load/vec4 v00000212fa86c080_0;
    %muli 16, 0, 32;
    %part/s 16;
    %pushi/vec4 240, 0, 32;
    %load/vec4 v00000212fa86c080_0;
    %add;
    %ix/vec4/s 4;
    %store/vec4a v00000212fa86b2c0, 4, 0;
T_90.2 ; for-loop step statement
    %load/vec4 v00000212fa86c080_0;
    %addi 1, 0, 32;
    %store/vec4 v00000212fa86c080_0, 0, 32;
    %jmp T_90.0;
T_90.1 ; for-loop exit label
    %end;
    .thread T_90;
    .scope S_00000212fa8660d0;
T_91 ;
    %wait E_00000212fa7d1260;
    %load/vec4 v00000212fa85ad70_0;
    %flag_set/vec4 9;
    %flag_get/vec4 9;
    %jmp/0 T_91.2, 9;
    %load/vec4 v00000212fa85ae10_0;
    %and;
T_91.2;
    %flag_set/vec4 8;
    %jmp/0xz  T_91.0, 8;
    %load/vec4 v00000212fa85acd0_0;
    %parti/s 1, 0, 2;
    %nor/r;
    %flag_set/vec4 8;
    %jmp/0xz  T_91.3, 8;
    %load/vec4 v00000212fa85b130_0;
    %parti/s 1, 0, 2;
    %load/vec4 v00000212fa85b1d0_0;
    %parti/s 8, 0, 2;
    %pad/u 10;
    %ix/vec4 3;
    %ix/load 4, 0, 0; Constant delay
    %assign/vec4/a/d v00000212fa86b2c0, 0, 4;
T_91.3 ;
    %load/vec4 v00000212fa85acd0_0;
    %parti/s 1, 1, 2;
    %nor/r;
    %flag_set/vec4 8;
    %jmp/0xz  T_91.5, 8;
    %load/vec4 v00000212fa85b130_0;
    %parti/s 1, 1, 2;
    %load/vec4 v00000212fa85b1d0_0;
    %parti/s 8, 0, 2;
    %pad/u 10;
    %ix/vec4 3;
    %ix/load 4, 1, 0; part off
    %ix/load 5, 0, 0; Constant delay
    %assign/vec4/a/d v00000212fa86b2c0, 4, 5;
T_91.5 ;
    %load/vec4 v00000212fa85acd0_0;
    %parti/s 1, 2, 3;
    %nor/r;
    %flag_set/vec4 8;
    %jmp/0xz  T_91.7, 8;
    %load/vec4 v00000212fa85b130_0;
    %parti/s 1, 2, 3;
    %load/vec4 v00000212fa85b1d0_0;
    %parti/s 8, 0, 2;
    %pad/u 10;
    %ix/vec4 3;
    %ix/load 4, 2, 0; part off
    %ix/load 5, 0, 0; Constant delay
    %assign/vec4/a/d v00000212fa86b2c0, 4, 5;
T_91.7 ;
    %load/vec4 v00000212fa85acd0_0;
    %parti/s 1, 3, 3;
    %nor/r;
    %flag_set/vec4 8;
    %jmp/0xz  T_91.9, 8;
    %load/vec4 v00000212fa85b130_0;
    %parti/s 1, 3, 3;
    %load/vec4 v00000212fa85b1d0_0;
    %parti/s 8, 0, 2;
    %pad/u 10;
    %ix/vec4 3;
    %ix/load 4, 3, 0; part off
    %ix/load 5, 0, 0; Constant delay
    %assign/vec4/a/d v00000212fa86b2c0, 4, 5;
T_91.9 ;
    %load/vec4 v00000212fa85acd0_0;
    %parti/s 1, 4, 4;
    %nor/r;
    %flag_set/vec4 8;
    %jmp/0xz  T_91.11, 8;
    %load/vec4 v00000212fa85b130_0;
    %parti/s 1, 4, 4;
    %load/vec4 v00000212fa85b1d0_0;
    %parti/s 8, 0, 2;
    %pad/u 10;
    %ix/vec4 3;
    %ix/load 4, 4, 0; part off
    %ix/load 5, 0, 0; Constant delay
    %assign/vec4/a/d v00000212fa86b2c0, 4, 5;
T_91.11 ;
    %load/vec4 v00000212fa85acd0_0;
    %parti/s 1, 5, 4;
    %nor/r;
    %flag_set/vec4 8;
    %jmp/0xz  T_91.13, 8;
    %load/vec4 v00000212fa85b130_0;
    %parti/s 1, 5, 4;
    %load/vec4 v00000212fa85b1d0_0;
    %parti/s 8, 0, 2;
    %pad/u 10;
    %ix/vec4 3;
    %ix/load 4, 5, 0; part off
    %ix/load 5, 0, 0; Constant delay
    %assign/vec4/a/d v00000212fa86b2c0, 4, 5;
T_91.13 ;
    %load/vec4 v00000212fa85acd0_0;
    %parti/s 1, 6, 4;
    %nor/r;
    %flag_set/vec4 8;
    %jmp/0xz  T_91.15, 8;
    %load/vec4 v00000212fa85b130_0;
    %parti/s 1, 6, 4;
    %load/vec4 v00000212fa85b1d0_0;
    %parti/s 8, 0, 2;
    %pad/u 10;
    %ix/vec4 3;
    %ix/load 4, 6, 0; part off
    %ix/load 5, 0, 0; Constant delay
    %assign/vec4/a/d v00000212fa86b2c0, 4, 5;
T_91.15 ;
    %load/vec4 v00000212fa85acd0_0;
    %parti/s 1, 7, 4;
    %nor/r;
    %flag_set/vec4 8;
    %jmp/0xz  T_91.17, 8;
    %load/vec4 v00000212fa85b130_0;
    %parti/s 1, 7, 4;
    %load/vec4 v00000212fa85b1d0_0;
    %parti/s 8, 0, 2;
    %pad/u 10;
    %ix/vec4 3;
    %ix/load 4, 7, 0; part off
    %ix/load 5, 0, 0; Constant delay
    %assign/vec4/a/d v00000212fa86b2c0, 4, 5;
T_91.17 ;
    %load/vec4 v00000212fa85acd0_0;
    %parti/s 1, 8, 5;
    %nor/r;
    %flag_set/vec4 8;
    %jmp/0xz  T_91.19, 8;
    %load/vec4 v00000212fa85b130_0;
    %parti/s 1, 8, 5;
    %load/vec4 v00000212fa85b1d0_0;
    %parti/s 8, 0, 2;
    %pad/u 10;
    %ix/vec4 3;
    %ix/load 4, 8, 0; part off
    %ix/load 5, 0, 0; Constant delay
    %assign/vec4/a/d v00000212fa86b2c0, 4, 5;
T_91.19 ;
    %load/vec4 v00000212fa85acd0_0;
    %parti/s 1, 9, 5;
    %nor/r;
    %flag_set/vec4 8;
    %jmp/0xz  T_91.21, 8;
    %load/vec4 v00000212fa85b130_0;
    %parti/s 1, 9, 5;
    %load/vec4 v00000212fa85b1d0_0;
    %parti/s 8, 0, 2;
    %pad/u 10;
    %ix/vec4 3;
    %ix/load 4, 9, 0; part off
    %ix/load 5, 0, 0; Constant delay
    %assign/vec4/a/d v00000212fa86b2c0, 4, 5;
T_91.21 ;
    %load/vec4 v00000212fa85acd0_0;
    %parti/s 1, 10, 5;
    %nor/r;
    %flag_set/vec4 8;
    %jmp/0xz  T_91.23, 8;
    %load/vec4 v00000212fa85b130_0;
    %parti/s 1, 10, 5;
    %load/vec4 v00000212fa85b1d0_0;
    %parti/s 8, 0, 2;
    %pad/u 10;
    %ix/vec4 3;
    %ix/load 4, 10, 0; part off
    %ix/load 5, 0, 0; Constant delay
    %assign/vec4/a/d v00000212fa86b2c0, 4, 5;
T_91.23 ;
    %load/vec4 v00000212fa85acd0_0;
    %parti/s 1, 11, 5;
    %nor/r;
    %flag_set/vec4 8;
    %jmp/0xz  T_91.25, 8;
    %load/vec4 v00000212fa85b130_0;
    %parti/s 1, 11, 5;
    %load/vec4 v00000212fa85b1d0_0;
    %parti/s 8, 0, 2;
    %pad/u 10;
    %ix/vec4 3;
    %ix/load 4, 11, 0; part off
    %ix/load 5, 0, 0; Constant delay
    %assign/vec4/a/d v00000212fa86b2c0, 4, 5;
T_91.25 ;
    %load/vec4 v00000212fa85acd0_0;
    %parti/s 1, 12, 5;
    %nor/r;
    %flag_set/vec4 8;
    %jmp/0xz  T_91.27, 8;
    %load/vec4 v00000212fa85b130_0;
    %parti/s 1, 12, 5;
    %load/vec4 v00000212fa85b1d0_0;
    %parti/s 8, 0, 2;
    %pad/u 10;
    %ix/vec4 3;
    %ix/load 4, 12, 0; part off
    %ix/load 5, 0, 0; Constant delay
    %assign/vec4/a/d v00000212fa86b2c0, 4, 5;
T_91.27 ;
    %load/vec4 v00000212fa85acd0_0;
    %parti/s 1, 13, 5;
    %nor/r;
    %flag_set/vec4 8;
    %jmp/0xz  T_91.29, 8;
    %load/vec4 v00000212fa85b130_0;
    %parti/s 1, 13, 5;
    %load/vec4 v00000212fa85b1d0_0;
    %parti/s 8, 0, 2;
    %pad/u 10;
    %ix/vec4 3;
    %ix/load 4, 13, 0; part off
    %ix/load 5, 0, 0; Constant delay
    %assign/vec4/a/d v00000212fa86b2c0, 4, 5;
T_91.29 ;
    %load/vec4 v00000212fa85acd0_0;
    %parti/s 1, 14, 5;
    %nor/r;
    %flag_set/vec4 8;
    %jmp/0xz  T_91.31, 8;
    %load/vec4 v00000212fa85b130_0;
    %parti/s 1, 14, 5;
    %load/vec4 v00000212fa85b1d0_0;
    %parti/s 8, 0, 2;
    %pad/u 10;
    %ix/vec4 3;
    %ix/load 4, 14, 0; part off
    %ix/load 5, 0, 0; Constant delay
    %assign/vec4/a/d v00000212fa86b2c0, 4, 5;
T_91.31 ;
    %load/vec4 v00000212fa85acd0_0;
    %parti/s 1, 15, 5;
    %nor/r;
    %flag_set/vec4 8;
    %jmp/0xz  T_91.33, 8;
    %load/vec4 v00000212fa85b130_0;
    %parti/s 1, 15, 5;
    %load/vec4 v00000212fa85b1d0_0;
    %parti/s 8, 0, 2;
    %pad/u 10;
    %ix/vec4 3;
    %ix/load 4, 15, 0; part off
    %ix/load 5, 0, 0; Constant delay
    %assign/vec4/a/d v00000212fa86b2c0, 4, 5;
T_91.33 ;
T_91.0 ;
    %jmp T_91;
    .thread T_91;
    .scope S_00000212fa8660d0;
T_92 ;
    %wait E_00000212fa7d17a0;
    %load/vec4 v00000212fa85b090_0;
    %flag_set/vec4 9;
    %flag_get/vec4 9;
    %jmp/0 T_92.2, 9;
    %load/vec4 v00000212fa85b270_0;
    %and;
T_92.2;
    %flag_set/vec4 8;
    %jmp/0xz  T_92.0, 8;
    %load/vec4 v00000212fa85a5f0_0;
    %parti/s 8, 0, 2;
    %pad/u 10;
    %ix/vec4 4;
    %load/vec4a v00000212fa86b2c0, 4;
    %load/vec4 v00000212fa85af50_0;
    %inv;
    %and;
    %assign/vec4 v00000212fa85b310_0, 0;
T_92.0 ;
    %jmp T_92;
    .thread T_92;
    .scope S_00000212fa7e6100;
T_93 ;
    %wait E_00000212fa7d0ce0;
    %pushi/vec4 0, 0, 32;
    %store/vec4 v00000212fa86c8a0_0, 0, 32;
T_93.0 ; Top of for-loop
    %load/vec4 v00000212fa86c8a0_0;
    %cmpi/s 16383, 0, 32;
    %flag_or 5, 4;
	  %jmp/0xz T_93.1, 5;
    %pushi/vec4 65535, 65535, 16;
    %ix/getv/s 4, v00000212fa86c8a0_0;
    %store/vec4a v00000212fa86e740, 4, 0;
T_93.2 ; for-loop step statement
    %load/vec4 v00000212fa86c8a0_0;
    %addi 1, 0, 32;
    %store/vec4 v00000212fa86c8a0_0, 0, 32;
    %jmp T_93.0;
T_93.1 ; for-loop exit label
    %jmp T_93;
    .thread T_93;
    .scope S_00000212fa7e6100;
T_94 ;
    %wait E_00000212fa7d1420;
    %load/vec4 v00000212fa86df20_0;
    %flag_set/vec4 8;
    %jmp/0xz  T_94.0, 8;
    %pushi/vec4 0, 0, 16;
    %assign/vec4 v00000212fa86e4c0_0, 0;
    %jmp T_94.1;
T_94.0 ;
    %load/vec4 v00000212fa86dca0_0;
    %flag_set/vec4 8;
    %jmp/0xz  T_94.2, 8;
    %pushi/vec4 65535, 65535, 16;
    %assign/vec4 v00000212fa86e4c0_0, 0;
    %jmp T_94.3;
T_94.2 ;
    %load/vec4 v00000212fa86c760_0;
    %flag_set/vec4 8;
    %jmp/0xz  T_94.4, 8;
    %load/vec4 v00000212fa86dde0_0;
    %nor/r;
    %flag_set/vec4 8;
    %jmp/0xz  T_94.6, 8;
    %load/vec4 v00000212fa86eba0_0;
    %pad/u 16;
    %ix/vec4 4;
    %load/vec4a v00000212fa86e740, 4;
    %assign/vec4 v00000212fa86e4c0_0, 0;
    %jmp T_94.7;
T_94.6 ;
    %load/vec4 v00000212fa86e6a0_0;
    %parti/s 1, 0, 2;
    %flag_set/vec4 8;
    %jmp/0xz  T_94.8, 8;
    %load/vec4 v00000212fa86d5c0_0;
    %parti/s 4, 0, 2;
    %load/vec4 v00000212fa86eba0_0;
    %pad/u 16;
    %ix/vec4 3;
    %ix/load 4, 0, 0; Constant delay
    %assign/vec4/a/d v00000212fa86e740, 0, 4;
T_94.8 ;
    %load/vec4 v00000212fa86e6a0_0;
    %parti/s 1, 1, 2;
    %flag_set/vec4 8;
    %jmp/0xz  T_94.10, 8;
    %load/vec4 v00000212fa86d5c0_0;
    %parti/s 4, 4, 4;
    %load/vec4 v00000212fa86eba0_0;
    %pad/u 16;
    %ix/vec4 3;
    %ix/load 4, 4, 0; part off
    %ix/load 5, 0, 0; Constant delay
    %assign/vec4/a/d v00000212fa86e740, 4, 5;
T_94.10 ;
    %load/vec4 v00000212fa86e6a0_0;
    %parti/s 1, 2, 3;
    %flag_set/vec4 8;
    %jmp/0xz  T_94.12, 8;
    %load/vec4 v00000212fa86d5c0_0;
    %parti/s 4, 8, 5;
    %load/vec4 v00000212fa86eba0_0;
    %pad/u 16;
    %ix/vec4 3;
    %ix/load 4, 8, 0; part off
    %ix/load 5, 0, 0; Constant delay
    %assign/vec4/a/d v00000212fa86e740, 4, 5;
T_94.12 ;
    %load/vec4 v00000212fa86e6a0_0;
    %parti/s 1, 3, 3;
    %flag_set/vec4 8;
    %jmp/0xz  T_94.14, 8;
    %load/vec4 v00000212fa86d5c0_0;
    %parti/s 4, 12, 5;
    %load/vec4 v00000212fa86eba0_0;
    %pad/u 16;
    %ix/vec4 3;
    %ix/load 4, 12, 0; part off
    %ix/load 5, 0, 0; Constant delay
    %assign/vec4/a/d v00000212fa86e740, 4, 5;
T_94.14 ;
    %pushi/vec4 65535, 65535, 16;
    %assign/vec4 v00000212fa86e4c0_0, 0;
T_94.7 ;
T_94.4 ;
T_94.3 ;
T_94.1 ;
    %jmp T_94;
    .thread T_94;
    .scope S_00000212fa865770;
T_95 ;
    %wait E_00000212fa7d0ae0;
    %load/vec4 v00000212fa86e920_0;
    %load/vec4 v00000212fa86dfc0_0;
    %and;
    %assign/vec4 v00000212fa86cbc0_0, 0;
    %jmp T_95;
    .thread T_95;
    .scope S_00000212fa7e6f10;
T_96 ;
    %pushi/vec4 0, 0, 1;
    %store/vec4 v00000212fa86cb20_0, 0, 1;
T_96.0 ;
    %delay 5000, 0;
    %load/vec4 v00000212fa86cb20_0;
    %inv;
    %store/vec4 v00000212fa86cb20_0, 0, 1;
    %jmp T_96.0;
T_96.1 ;
    %end;
    .thread T_96;
    .scope S_00000212fa7e6f10;
T_97 ;
    %vpi_call/w 4 8 "$dumpvars", 32'sb00000000000000000000000000000000, S_00000212fa7e6f10 {0 0 0};
    %pushi/vec4 0, 0, 1;
    %store/vec4 v00000212fa86e1a0_0, 0, 1;
    %pushi/vec4 0, 0, 1;
    %store/vec4 v00000212fa86e240_0, 0, 1;
    %delay 10000, 0;
    %pushi/vec4 1, 0, 1;
    %store/vec4 v00000212fa86e1a0_0, 0, 1;
    %pushi/vec4 1, 0, 1;
    %store/vec4 v00000212fa86e240_0, 0, 1;
    %delay 20000, 0;
    %vpi_call/w 4 11 "$finish" {0 0 0};
    %end;
    .thread T_97;
    .scope S_00000212fa8655e0;
T_98 ;
    %wait E_00000212fa7d0ee0;
    %load/vec4 v00000212fa86e600_0;
    %load/vec4 v00000212fa86cc60_0;
    %and;
    %assign/vec4 v00000212fa86d0c0_0, 0;
    %jmp T_98;
    .thread T_98;
# The file index is used to find the file name in the following table.
:file_names 7;
    "N/A";
    "<interactive>";
    "-";
    "C:\Users\beade\.apio\packages\oss-cad-suite\share\yosys\ice40\cells_sim.v";
    "ex3_tb.v";
    "ex3_wire_vs_reg.v";
    "ex3_top.v";
