#! 
:ivl_version "14.0 (devel)" "(s20251012-140-gf5a178d47-dirty)";
:ivl_delay_selection "TYPICAL";
:vpi_time_precision - 12;
:vpi_module "C:\Users\beade\APIO~1\packages\OSS-CA~1\lib\ivl\system.vpi";
:vpi_module "C:\Users\beade\APIO~1\packages\OSS-CA~1\lib\ivl\vhdl_sys.vpi";
:vpi_module "C:\Users\beade\APIO~1\packages\OSS-CA~1\lib\ivl\vhdl_textio.vpi";
:vpi_module "C:\Users\beade\APIO~1\packages\OSS-CA~1\lib\ivl\v2005_math.vpi";
:vpi_module "C:\Users\beade\APIO~1\packages\OSS-CA~1\lib\ivl\va_math.vpi";
:vpi_module "C:\Users\beade\APIO~1\packages\OSS-CA~1\lib\ivl\v2009.vpi";
S_00000114db9b1e30 .scope package, "$unit" "$unit" 2 1;
 .timescale 0 0;
S_00000114db8eee20 .scope module, "ICESTORM_LC" "ICESTORM_LC" 3 2136;
 .timescale -12 -12;
    .port_info 0 /INPUT 1 "I0";
    .port_info 1 /INPUT 1 "I1";
    .port_info 2 /INPUT 1 "I2";
    .port_info 3 /INPUT 1 "I3";
    .port_info 4 /INPUT 1 "CIN";
    .port_info 5 /INPUT 1 "CLK";
    .port_info 6 /INPUT 1 "CEN";
    .port_info 7 /INPUT 1 "SR";
    .port_info 8 /OUTPUT 1 "LO";
    .port_info 9 /OUTPUT 1 "O";
    .port_info 10 /OUTPUT 1 "COUT";
P_00000114db8eeb00 .param/l "ASYNC_SR" 0 3 2148, C4<0>;
P_00000114db8eeb38 .param/l "CARRY_ENABLE" 0 3 2145, C4<0>;
P_00000114db8eeb70 .param/l "CIN_CONST" 0 3 2150, C4<0>;
P_00000114db8eeba8 .param/l "CIN_SET" 0 3 2151, C4<0>;
P_00000114db8eebe0 .param/l "DFF_ENABLE" 0 3 2146, C4<0>;
P_00000114db8eec18 .param/l "LUT_INIT" 0 3 2142, C4<0000000000000000>;
P_00000114db8eec50 .param/l "NEG_CLK" 0 3 2144, C4<0>;
P_00000114db8eec88 .param/l "SET_NORESET" 0 3 2147, C4<0>;
o00000114dbb900e8 .functor BUFZ 1, c4<z>; HiZ drive
L_00000114dbb6f0d0 .functor BUFZ 1, o00000114dbb900e8, C4<0>, C4<0>, C4<0>;
L_00000114dbb6f760 .functor BUFZ 1, L_00000114dbc05af0, C4<0>, C4<0>, C4<0>;
o00000114dbb90118 .functor BUFZ 1, c4<z>; HiZ drive
L_00000114dbc0e760 .functor BUFT 1, C4<0>, C4<0>, C4<0>, C4<0>;
L_00000114dbb6f220 .functor XOR 1, o00000114dbb90118, L_00000114dbc0e760, C4<0>, C4<0>;
L_00000114dbb6e650 .functor BUFZ 1, L_00000114dbc05af0, C4<0>, C4<0>, C4<0>;
o00000114dbb90088 .functor BUFZ 1, c4<z>; HiZ drive
v00000114dbb3b950_0 .net "CEN", 0 0, o00000114dbb90088;  0 drivers
v00000114dbb3bc70_0 .net "CEN_pu", 0 0, L_00000114dbc04dd0;  1 drivers
v00000114dbb3bd10_0 .net "CIN", 0 0, o00000114dbb900e8;  0 drivers
v00000114dbb3bef0_0 .net "CLK", 0 0, o00000114dbb90118;  0 drivers
L_00000114dbc0e688 .functor BUFT 1, C4<x>, C4<0>, C4<0>, C4<0>;
v00000114dbb3bf90_0 .net "COUT", 0 0, L_00000114dbc0e688;  1 drivers
o00000114dbb90178 .functor BUFZ 1, c4<z>; HiZ drive
v00000114dbb3c490_0 .net "I0", 0 0, o00000114dbb90178;  0 drivers
v00000114dbb11280_0 .net "I0_pd", 0 0, L_00000114dbc06450;  1 drivers
o00000114dbb901d8 .functor BUFZ 1, c4<z>; HiZ drive
v00000114dbb107e0_0 .net "I1", 0 0, o00000114dbb901d8;  0 drivers
v00000114dbb11aa0_0 .net "I1_pd", 0 0, L_00000114dbc061d0;  1 drivers
o00000114dbb90238 .functor BUFZ 1, c4<z>; HiZ drive
v00000114dbb11c80_0 .net "I2", 0 0, o00000114dbb90238;  0 drivers
v00000114dbb10b00_0 .net "I2_pd", 0 0, L_00000114dbc04c90;  1 drivers
o00000114dbb90298 .functor BUFZ 1, c4<z>; HiZ drive
v00000114dbb10ba0_0 .net "I3", 0 0, o00000114dbb90298;  0 drivers
v00000114dbb11be0_0 .net "I3_pd", 0 0, L_00000114dbc054b0;  1 drivers
v00000114dbb11d20_0 .net "LO", 0 0, L_00000114dbb6f760;  1 drivers
v00000114dbaed420_0 .net "O", 0 0, L_00000114dbb6e650;  1 drivers
o00000114dbb90358 .functor BUFZ 1, c4<z>; HiZ drive
v00000114dbaecf20_0 .net "SR", 0 0, o00000114dbb90358;  0 drivers
v00000114dbaec5c0_0 .net "SR_pd", 0 0, L_00000114dbc04f10;  1 drivers
o00000114dbb903b8 .functor BUFZ 1, c4<z>; HiZ drive
; Elide local net with no drivers, v00000114dbaecd40_0 name=_ivl_0
v00000114dbaee0a0_0 .net *"_ivl_10", 0 0, L_00000114dbc06310;  1 drivers
L_00000114dbc0e520 .functor BUFT 1, C4<0>, C4<0>, C4<0>, C4<0>;
v00000114dbaed6a0_0 .net/2u *"_ivl_12", 0 0, L_00000114dbc0e520;  1 drivers
o00000114dbb90448 .functor BUFZ 1, c4<z>; HiZ drive
; Elide local net with no drivers, v00000114dbacb200_0 name=_ivl_16
v00000114dbbd9290_0 .net *"_ivl_18", 0 0, L_00000114dbc05730;  1 drivers
v00000114dbbd9510_0 .net *"_ivl_2", 0 0, L_00000114dbc04d30;  1 drivers
L_00000114dbc0e568 .functor BUFT 1, C4<0>, C4<0>, C4<0>, C4<0>;
v00000114dbbd98d0_0 .net/2u *"_ivl_20", 0 0, L_00000114dbc0e568;  1 drivers
o00000114dbb90508 .functor BUFZ 1, c4<z>; HiZ drive
; Elide local net with no drivers, v00000114dbbd9d30_0 name=_ivl_24
v00000114dbbd9ab0_0 .net *"_ivl_26", 0 0, L_00000114dbc063b0;  1 drivers
L_00000114dbc0e5b0 .functor BUFT 1, C4<0>, C4<0>, C4<0>, C4<0>;
v00000114dbbd9fb0_0 .net/2u *"_ivl_28", 0 0, L_00000114dbc0e5b0;  1 drivers
o00000114dbb90598 .functor BUFZ 1, c4<z>; HiZ drive
; Elide local net with no drivers, v00000114dbbd96f0_0 name=_ivl_32
v00000114dbbd9bf0_0 .net *"_ivl_34", 0 0, L_00000114dbc06bd0;  1 drivers
L_00000114dbc0e5f8 .functor BUFT 1, C4<0>, C4<0>, C4<0>, C4<0>;
v00000114dbbd81b0_0 .net/2u *"_ivl_36", 0 0, L_00000114dbc0e5f8;  1 drivers
L_00000114dbc0e4d8 .functor BUFT 1, C4<0>, C4<0>, C4<0>, C4<0>;
v00000114dbbd86b0_0 .net/2u *"_ivl_4", 0 0, L_00000114dbc0e4d8;  1 drivers
o00000114dbb90658 .functor BUFZ 1, c4<z>; HiZ drive
; Elide local net with no drivers, v00000114dbbd8cf0_0 name=_ivl_40
v00000114dbbd9b50_0 .net *"_ivl_42", 0 0, L_00000114dbc05d70;  1 drivers
L_00000114dbc0e640 .functor BUFT 1, C4<1>, C4<0>, C4<0>, C4<0>;
v00000114dbbd8890_0 .net/2u *"_ivl_44", 0 0, L_00000114dbc0e640;  1 drivers
L_00000114dbc0e6d0 .functor BUFT 1, C4<00000000>, C4<0>, C4<0>, C4<0>;
v00000114dbbd95b0_0 .net/2u *"_ivl_52", 7 0, L_00000114dbc0e6d0;  1 drivers
L_00000114dbc0e718 .functor BUFT 1, C4<00000000>, C4<0>, C4<0>, C4<0>;
v00000114dbbd8750_0 .net/2u *"_ivl_54", 7 0, L_00000114dbc0e718;  1 drivers
v00000114dbbd9650_0 .net *"_ivl_59", 3 0, L_00000114dbc05910;  1 drivers
v00000114dbbd8bb0_0 .net *"_ivl_61", 3 0, L_00000114dbc05690;  1 drivers
v00000114dbbd9c90_0 .net *"_ivl_65", 1 0, L_00000114dbc06c70;  1 drivers
v00000114dbbd8c50_0 .net *"_ivl_67", 1 0, L_00000114dbc069f0;  1 drivers
v00000114dbbd9dd0_0 .net *"_ivl_71", 0 0, L_00000114dbc04bf0;  1 drivers
v00000114dbbd9330_0 .net *"_ivl_73", 0 0, L_00000114dbc05870;  1 drivers
v00000114dbbd8d90_0 .net/2u *"_ivl_78", 0 0, L_00000114dbc0e760;  1 drivers
o00000114dbb90898 .functor BUFZ 1, c4<z>; HiZ drive
; Elide local net with no drivers, v00000114dbbd9e70_0 name=_ivl_8
v00000114dbbd8390_0 .net "lut_o", 0 0, L_00000114dbc05af0;  1 drivers
v00000114dbbd8430_0 .net "lut_s1", 1 0, L_00000114dbc055f0;  1 drivers
v00000114dbbd9790_0 .net "lut_s2", 3 0, L_00000114dbc04a10;  1 drivers
v00000114dbbd9830_0 .net "lut_s3", 7 0, L_00000114dbc05b90;  1 drivers
v00000114dbbd9f10_0 .net "mux_cin", 0 0, L_00000114dbb6f0d0;  1 drivers
v00000114dbbd89d0_0 .var "o_reg", 0 0;
v00000114dbbd90b0_0 .var "o_reg_async", 0 0;
v00000114dbbd9970_0 .net "polarized_clk", 0 0, L_00000114dbb6f220;  1 drivers
E_00000114dbb62990 .event posedge, v00000114dbaec5c0_0, v00000114dbbd9970_0;
E_00000114dbb62350 .event posedge, v00000114dbbd9970_0;
L_00000114dbc04d30 .cmp/eeq 1, o00000114dbb90178, o00000114dbb903b8;
L_00000114dbc06450 .functor MUXZ 1, o00000114dbb90178, L_00000114dbc0e4d8, L_00000114dbc04d30, C4<>;
L_00000114dbc06310 .cmp/eeq 1, o00000114dbb901d8, o00000114dbb90898;
L_00000114dbc061d0 .functor MUXZ 1, o00000114dbb901d8, L_00000114dbc0e520, L_00000114dbc06310, C4<>;
L_00000114dbc05730 .cmp/eeq 1, o00000114dbb90238, o00000114dbb90448;
L_00000114dbc04c90 .functor MUXZ 1, o00000114dbb90238, L_00000114dbc0e568, L_00000114dbc05730, C4<>;
L_00000114dbc063b0 .cmp/eeq 1, o00000114dbb90298, o00000114dbb90508;
L_00000114dbc054b0 .functor MUXZ 1, o00000114dbb90298, L_00000114dbc0e5b0, L_00000114dbc063b0, C4<>;
L_00000114dbc06bd0 .cmp/eeq 1, o00000114dbb90358, o00000114dbb90598;
L_00000114dbc04f10 .functor MUXZ 1, o00000114dbb90358, L_00000114dbc0e5f8, L_00000114dbc06bd0, C4<>;
L_00000114dbc05d70 .cmp/eeq 1, o00000114dbb90088, o00000114dbb90658;
L_00000114dbc04dd0 .functor MUXZ 1, o00000114dbb90088, L_00000114dbc0e640, L_00000114dbc05d70, C4<>;
L_00000114dbc05b90 .functor MUXZ 8, L_00000114dbc0e718, L_00000114dbc0e6d0, L_00000114dbc054b0, C4<>;
L_00000114dbc05910 .part L_00000114dbc05b90, 4, 4;
L_00000114dbc05690 .part L_00000114dbc05b90, 0, 4;
L_00000114dbc04a10 .functor MUXZ 4, L_00000114dbc05690, L_00000114dbc05910, L_00000114dbc04c90, C4<>;
L_00000114dbc06c70 .part L_00000114dbc04a10, 2, 2;
L_00000114dbc069f0 .part L_00000114dbc04a10, 0, 2;
L_00000114dbc055f0 .functor MUXZ 2, L_00000114dbc069f0, L_00000114dbc06c70, L_00000114dbc061d0, C4<>;
L_00000114dbc04bf0 .part L_00000114dbc055f0, 1, 1;
L_00000114dbc05870 .part L_00000114dbc055f0, 0, 1;
L_00000114dbc05af0 .functor MUXZ 1, L_00000114dbc05870, L_00000114dbc04bf0, L_00000114dbc06450, C4<>;
S_00000114dba22470 .scope module, "ICESTORM_RAM" "ICESTORM_RAM" 3 3167;
 .timescale -12 -12;
    .port_info 0 /OUTPUT 1 "RDATA_15";
    .port_info 1 /OUTPUT 1 "RDATA_14";
    .port_info 2 /OUTPUT 1 "RDATA_13";
    .port_info 3 /OUTPUT 1 "RDATA_12";
    .port_info 4 /OUTPUT 1 "RDATA_11";
    .port_info 5 /OUTPUT 1 "RDATA_10";
    .port_info 6 /OUTPUT 1 "RDATA_9";
    .port_info 7 /OUTPUT 1 "RDATA_8";
    .port_info 8 /OUTPUT 1 "RDATA_7";
    .port_info 9 /OUTPUT 1 "RDATA_6";
    .port_info 10 /OUTPUT 1 "RDATA_5";
    .port_info 11 /OUTPUT 1 "RDATA_4";
    .port_info 12 /OUTPUT 1 "RDATA_3";
    .port_info 13 /OUTPUT 1 "RDATA_2";
    .port_info 14 /OUTPUT 1 "RDATA_1";
    .port_info 15 /OUTPUT 1 "RDATA_0";
    .port_info 16 /INPUT 1 "RCLK";
    .port_info 17 /INPUT 1 "RCLKE";
    .port_info 18 /INPUT 1 "RE";
    .port_info 19 /INPUT 1 "RADDR_10";
    .port_info 20 /INPUT 1 "RADDR_9";
    .port_info 21 /INPUT 1 "RADDR_8";
    .port_info 22 /INPUT 1 "RADDR_7";
    .port_info 23 /INPUT 1 "RADDR_6";
    .port_info 24 /INPUT 1 "RADDR_5";
    .port_info 25 /INPUT 1 "RADDR_4";
    .port_info 26 /INPUT 1 "RADDR_3";
    .port_info 27 /INPUT 1 "RADDR_2";
    .port_info 28 /INPUT 1 "RADDR_1";
    .port_info 29 /INPUT 1 "RADDR_0";
    .port_info 30 /INPUT 1 "WCLK";
    .port_info 31 /INPUT 1 "WCLKE";
    .port_info 32 /INPUT 1 "WE";
    .port_info 33 /INPUT 1 "WADDR_10";
    .port_info 34 /INPUT 1 "WADDR_9";
    .port_info 35 /INPUT 1 "WADDR_8";
    .port_info 36 /INPUT 1 "WADDR_7";
    .port_info 37 /INPUT 1 "WADDR_6";
    .port_info 38 /INPUT 1 "WADDR_5";
    .port_info 39 /INPUT 1 "WADDR_4";
    .port_info 40 /INPUT 1 "WADDR_3";
    .port_info 41 /INPUT 1 "WADDR_2";
    .port_info 42 /INPUT 1 "WADDR_1";
    .port_info 43 /INPUT 1 "WADDR_0";
    .port_info 44 /INPUT 1 "MASK_15";
    .port_info 45 /INPUT 1 "MASK_14";
    .port_info 46 /INPUT 1 "MASK_13";
    .port_info 47 /INPUT 1 "MASK_12";
    .port_info 48 /INPUT 1 "MASK_11";
    .port_info 49 /INPUT 1 "MASK_10";
    .port_info 50 /INPUT 1 "MASK_9";
    .port_info 51 /INPUT 1 "MASK_8";
    .port_info 52 /INPUT 1 "MASK_7";
    .port_info 53 /INPUT 1 "MASK_6";
    .port_info 54 /INPUT 1 "MASK_5";
    .port_info 55 /INPUT 1 "MASK_4";
    .port_info 56 /INPUT 1 "MASK_3";
    .port_info 57 /INPUT 1 "MASK_2";
    .port_info 58 /INPUT 1 "MASK_1";
    .port_info 59 /INPUT 1 "MASK_0";
    .port_info 60 /INPUT 1 "WDATA_15";
    .port_info 61 /INPUT 1 "WDATA_14";
    .port_info 62 /INPUT 1 "WDATA_13";
    .port_info 63 /INPUT 1 "WDATA_12";
    .port_info 64 /INPUT 1 "WDATA_11";
    .port_info 65 /INPUT 1 "WDATA_10";
    .port_info 66 /INPUT 1 "WDATA_9";
    .port_info 67 /INPUT 1 "WDATA_8";
    .port_info 68 /INPUT 1 "WDATA_7";
    .port_info 69 /INPUT 1 "WDATA_6";
    .port_info 70 /INPUT 1 "WDATA_5";
    .port_info 71 /INPUT 1 "WDATA_4";
    .port_info 72 /INPUT 1 "WDATA_3";
    .port_info 73 /INPUT 1 "WDATA_2";
    .port_info 74 /INPUT 1 "WDATA_1";
    .port_info 75 /INPUT 1 "WDATA_0";
P_00000114db84bdb0 .param/l "INIT_0" 0 3 3182, C4<0000000000000000000000000000000000000000000000000000000000000000000000000000000000000000000000000000000000000000000000000000000000000000000000000000000000000000000000000000000000000000000000000000000000000000000000000000000000000000000000000000000000000000>;
P_00000114db84bde8 .param/l "INIT_1" 0 3 3183, C4<0000000000000000000000000000000000000000000000000000000000000000000000000000000000000000000000000000000000000000000000000000000000000000000000000000000000000000000000000000000000000000000000000000000000000000000000000000000000000000000000000000000000000000>;
P_00000114db84be20 .param/l "INIT_2" 0 3 3184, C4<0000000000000000000000000000000000000000000000000000000000000000000000000000000000000000000000000000000000000000000000000000000000000000000000000000000000000000000000000000000000000000000000000000000000000000000000000000000000000000000000000000000000000000>;
P_00000114db84be58 .param/l "INIT_3" 0 3 3185, C4<0000000000000000000000000000000000000000000000000000000000000000000000000000000000000000000000000000000000000000000000000000000000000000000000000000000000000000000000000000000000000000000000000000000000000000000000000000000000000000000000000000000000000000>;
P_00000114db84be90 .param/l "INIT_4" 0 3 3186, C4<0000000000000000000000000000000000000000000000000000000000000000000000000000000000000000000000000000000000000000000000000000000000000000000000000000000000000000000000000000000000000000000000000000000000000000000000000000000000000000000000000000000000000000>;
P_00000114db84bec8 .param/l "INIT_5" 0 3 3187, C4<0000000000000000000000000000000000000000000000000000000000000000000000000000000000000000000000000000000000000000000000000000000000000000000000000000000000000000000000000000000000000000000000000000000000000000000000000000000000000000000000000000000000000000>;
P_00000114db84bf00 .param/l "INIT_6" 0 3 3188, C4<0000000000000000000000000000000000000000000000000000000000000000000000000000000000000000000000000000000000000000000000000000000000000000000000000000000000000000000000000000000000000000000000000000000000000000000000000000000000000000000000000000000000000000>;
P_00000114db84bf38 .param/l "INIT_7" 0 3 3189, C4<0000000000000000000000000000000000000000000000000000000000000000000000000000000000000000000000000000000000000000000000000000000000000000000000000000000000000000000000000000000000000000000000000000000000000000000000000000000000000000000000000000000000000000>;
P_00000114db84bf70 .param/l "INIT_8" 0 3 3190, C4<0000000000000000000000000000000000000000000000000000000000000000000000000000000000000000000000000000000000000000000000000000000000000000000000000000000000000000000000000000000000000000000000000000000000000000000000000000000000000000000000000000000000000000>;
P_00000114db84bfa8 .param/l "INIT_9" 0 3 3191, C4<0000000000000000000000000000000000000000000000000000000000000000000000000000000000000000000000000000000000000000000000000000000000000000000000000000000000000000000000000000000000000000000000000000000000000000000000000000000000000000000000000000000000000000>;
P_00000114db84bfe0 .param/l "INIT_A" 0 3 3192, C4<0000000000000000000000000000000000000000000000000000000000000000000000000000000000000000000000000000000000000000000000000000000000000000000000000000000000000000000000000000000000000000000000000000000000000000000000000000000000000000000000000000000000000000>;
P_00000114db84c018 .param/l "INIT_B" 0 3 3193, C4<0000000000000000000000000000000000000000000000000000000000000000000000000000000000000000000000000000000000000000000000000000000000000000000000000000000000000000000000000000000000000000000000000000000000000000000000000000000000000000000000000000000000000000>;
P_00000114db84c050 .param/l "INIT_C" 0 3 3194, C4<0000000000000000000000000000000000000000000000000000000000000000000000000000000000000000000000000000000000000000000000000000000000000000000000000000000000000000000000000000000000000000000000000000000000000000000000000000000000000000000000000000000000000000>;
P_00000114db84c088 .param/l "INIT_D" 0 3 3195, C4<0000000000000000000000000000000000000000000000000000000000000000000000000000000000000000000000000000000000000000000000000000000000000000000000000000000000000000000000000000000000000000000000000000000000000000000000000000000000000000000000000000000000000000>;
P_00000114db84c0c0 .param/l "INIT_E" 0 3 3196, C4<0000000000000000000000000000000000000000000000000000000000000000000000000000000000000000000000000000000000000000000000000000000000000000000000000000000000000000000000000000000000000000000000000000000000000000000000000000000000000000000000000000000000000000>;
P_00000114db84c0f8 .param/l "INIT_F" 0 3 3197, C4<0000000000000000000000000000000000000000000000000000000000000000000000000000000000000000000000000000000000000000000000000000000000000000000000000000000000000000000000000000000000000000000000000000000000000000000000000000000000000000000000000000000000000000>;
P_00000114db84c130 .param/l "NEG_CLK_R" 0 3 3179, C4<0>;
P_00000114db84c168 .param/l "NEG_CLK_W" 0 3 3180, C4<0>;
P_00000114db84c1a0 .param/l "READ_MODE" 0 3 3177, +C4<00000000000000000000000000000000>;
P_00000114db84c1d8 .param/l "WRITE_MODE" 0 3 3176, +C4<00000000000000000000000000000000>;
L_00000114dbc0e7f0 .functor BUFT 1, C4<0>, C4<0>, C4<0>, C4<0>;
L_00000114dbb6e880 .functor XOR 1, L_00000114dbc06810, L_00000114dbc0e7f0, C4<0>, C4<0>;
L_00000114dbc0e838 .functor BUFT 1, C4<0>, C4<0>, C4<0>, C4<0>;
L_00000114dbb6e6c0 .functor XOR 1, L_00000114dbc057d0, L_00000114dbc0e838, C4<0>, C4<0>;
o00000114dbb91228 .functor BUFZ 1, c4<z>; HiZ drive
v00000114dbbdab20_0 .net "MASK_0", 0 0, o00000114dbb91228;  0 drivers
o00000114dbb91258 .functor BUFZ 1, c4<z>; HiZ drive
v00000114dbbdb200_0 .net "MASK_1", 0 0, o00000114dbb91258;  0 drivers
o00000114dbb91288 .functor BUFZ 1, c4<z>; HiZ drive
v00000114dbbdb520_0 .net "MASK_10", 0 0, o00000114dbb91288;  0 drivers
o00000114dbb912b8 .functor BUFZ 1, c4<z>; HiZ drive
v00000114dbbdb980_0 .net "MASK_11", 0 0, o00000114dbb912b8;  0 drivers
o00000114dbb912e8 .functor BUFZ 1, c4<z>; HiZ drive
v00000114dbbdbf20_0 .net "MASK_12", 0 0, o00000114dbb912e8;  0 drivers
o00000114dbb91318 .functor BUFZ 1, c4<z>; HiZ drive
v00000114dbbdb5c0_0 .net "MASK_13", 0 0, o00000114dbb91318;  0 drivers
o00000114dbb91348 .functor BUFZ 1, c4<z>; HiZ drive
v00000114dbbda1c0_0 .net "MASK_14", 0 0, o00000114dbb91348;  0 drivers
o00000114dbb91378 .functor BUFZ 1, c4<z>; HiZ drive
v00000114dbbda260_0 .net "MASK_15", 0 0, o00000114dbb91378;  0 drivers
o00000114dbb913a8 .functor BUFZ 1, c4<z>; HiZ drive
v00000114dbbdada0_0 .net "MASK_2", 0 0, o00000114dbb913a8;  0 drivers
o00000114dbb913d8 .functor BUFZ 1, c4<z>; HiZ drive
v00000114dbbdb8e0_0 .net "MASK_3", 0 0, o00000114dbb913d8;  0 drivers
o00000114dbb91408 .functor BUFZ 1, c4<z>; HiZ drive
v00000114dbbdbac0_0 .net "MASK_4", 0 0, o00000114dbb91408;  0 drivers
o00000114dbb91438 .functor BUFZ 1, c4<z>; HiZ drive
v00000114dbbdba20_0 .net "MASK_5", 0 0, o00000114dbb91438;  0 drivers
o00000114dbb91468 .functor BUFZ 1, c4<z>; HiZ drive
v00000114dbbdbb60_0 .net "MASK_6", 0 0, o00000114dbb91468;  0 drivers
o00000114dbb91498 .functor BUFZ 1, c4<z>; HiZ drive
v00000114dbbdbfc0_0 .net "MASK_7", 0 0, o00000114dbb91498;  0 drivers
o00000114dbb914c8 .functor BUFZ 1, c4<z>; HiZ drive
v00000114dbbdb660_0 .net "MASK_8", 0 0, o00000114dbb914c8;  0 drivers
o00000114dbb914f8 .functor BUFZ 1, c4<z>; HiZ drive
v00000114dbbdbc00_0 .net "MASK_9", 0 0, o00000114dbb914f8;  0 drivers
o00000114dbb91528 .functor BUFZ 1, c4<z>; HiZ drive
v00000114dbbdbca0_0 .net "RADDR_0", 0 0, o00000114dbb91528;  0 drivers
o00000114dbb91558 .functor BUFZ 1, c4<z>; HiZ drive
v00000114dbbda3a0_0 .net "RADDR_1", 0 0, o00000114dbb91558;  0 drivers
o00000114dbb91588 .functor BUFZ 1, c4<z>; HiZ drive
v00000114dbbda6c0_0 .net "RADDR_10", 0 0, o00000114dbb91588;  0 drivers
o00000114dbb915b8 .functor BUFZ 1, c4<z>; HiZ drive
v00000114dbbda4e0_0 .net "RADDR_2", 0 0, o00000114dbb915b8;  0 drivers
o00000114dbb915e8 .functor BUFZ 1, c4<z>; HiZ drive
v00000114dbbdbd40_0 .net "RADDR_3", 0 0, o00000114dbb915e8;  0 drivers
o00000114dbb91618 .functor BUFZ 1, c4<z>; HiZ drive
v00000114dbbdbde0_0 .net "RADDR_4", 0 0, o00000114dbb91618;  0 drivers
o00000114dbb91648 .functor BUFZ 1, c4<z>; HiZ drive
v00000114dbbda940_0 .net "RADDR_5", 0 0, o00000114dbb91648;  0 drivers
o00000114dbb91678 .functor BUFZ 1, c4<z>; HiZ drive
v00000114dbbdae40_0 .net "RADDR_6", 0 0, o00000114dbb91678;  0 drivers
o00000114dbb916a8 .functor BUFZ 1, c4<z>; HiZ drive
v00000114dbbdb480_0 .net "RADDR_7", 0 0, o00000114dbb916a8;  0 drivers
o00000114dbb916d8 .functor BUFZ 1, c4<z>; HiZ drive
v00000114dbbda760_0 .net "RADDR_8", 0 0, o00000114dbb916d8;  0 drivers
o00000114dbb91708 .functor BUFZ 1, c4<z>; HiZ drive
v00000114dbbda580_0 .net "RADDR_9", 0 0, o00000114dbb91708;  0 drivers
o00000114dbb91738 .functor BUFZ 1, c4<z>; HiZ drive
v00000114dbbda620_0 .net "RCLK", 0 0, o00000114dbb91738;  0 drivers
o00000114dbb91768 .functor BUFZ 1, c4<z>; HiZ drive
v00000114dbbdabc0_0 .net "RCLKE", 0 0, o00000114dbb91768;  0 drivers
v00000114dbbda300_0 .net "RDATA_0", 0 0, L_00000114dbc07030;  1 drivers
v00000114dbbda800_0 .net "RDATA_1", 0 0, L_00000114dbc04fb0;  1 drivers
v00000114dbbdac60_0 .net "RDATA_10", 0 0, L_00000114dbc06950;  1 drivers
v00000114dbbdb700_0 .net "RDATA_11", 0 0, L_00000114dbc06770;  1 drivers
v00000114dbbdbe80_0 .net "RDATA_12", 0 0, L_00000114dbc059b0;  1 drivers
v00000114dbbdb2a0_0 .net "RDATA_13", 0 0, L_00000114dbc06590;  1 drivers
v00000114dbbda120_0 .net "RDATA_14", 0 0, L_00000114dbc06a90;  1 drivers
v00000114dbbdb0c0_0 .net "RDATA_15", 0 0, L_00000114dbc064f0;  1 drivers
v00000114dbbda440_0 .net "RDATA_2", 0 0, L_00000114dbc068b0;  1 drivers
v00000114dbbdb160_0 .net "RDATA_3", 0 0, L_00000114dbc05550;  1 drivers
v00000114dbbda9e0_0 .net "RDATA_4", 0 0, L_00000114dbc05050;  1 drivers
v00000114dbbdaa80_0 .net "RDATA_5", 0 0, L_00000114dbc04970;  1 drivers
v00000114dbbdad00_0 .net "RDATA_6", 0 0, L_00000114dbc050f0;  1 drivers
v00000114dbbdaee0_0 .net "RDATA_7", 0 0, L_00000114dbc06b30;  1 drivers
v00000114dbbdaf80_0 .net "RDATA_8", 0 0, L_00000114dbc05a50;  1 drivers
v00000114dbbdb020_0 .net "RDATA_9", 0 0, L_00000114dbc04e70;  1 drivers
o00000114dbb91a98 .functor BUFZ 1, c4<z>; HiZ drive
v00000114dbbdb340_0 .net "RE", 0 0, o00000114dbb91a98;  0 drivers
o00000114dbb91ac8 .functor BUFZ 1, c4<z>; HiZ drive
v00000114dbbdb3e0_0 .net "WADDR_0", 0 0, o00000114dbb91ac8;  0 drivers
o00000114dbb91af8 .functor BUFZ 1, c4<z>; HiZ drive
v00000114dbbdb7a0_0 .net "WADDR_1", 0 0, o00000114dbb91af8;  0 drivers
o00000114dbb91b28 .functor BUFZ 1, c4<z>; HiZ drive
v00000114dbbdc670_0 .net "WADDR_10", 0 0, o00000114dbb91b28;  0 drivers
o00000114dbb91b58 .functor BUFZ 1, c4<z>; HiZ drive
v00000114dbbdc7b0_0 .net "WADDR_2", 0 0, o00000114dbb91b58;  0 drivers
o00000114dbb91b88 .functor BUFZ 1, c4<z>; HiZ drive
v00000114dbbdd070_0 .net "WADDR_3", 0 0, o00000114dbb91b88;  0 drivers
o00000114dbb91bb8 .functor BUFZ 1, c4<z>; HiZ drive
v00000114dbbdeab0_0 .net "WADDR_4", 0 0, o00000114dbb91bb8;  0 drivers
o00000114dbb91be8 .functor BUFZ 1, c4<z>; HiZ drive
v00000114dbbdcf30_0 .net "WADDR_5", 0 0, o00000114dbb91be8;  0 drivers
o00000114dbb91c18 .functor BUFZ 1, c4<z>; HiZ drive
v00000114dbbdcb70_0 .net "WADDR_6", 0 0, o00000114dbb91c18;  0 drivers
o00000114dbb91c48 .functor BUFZ 1, c4<z>; HiZ drive
v00000114dbbdde30_0 .net "WADDR_7", 0 0, o00000114dbb91c48;  0 drivers
o00000114dbb91c78 .functor BUFZ 1, c4<z>; HiZ drive
v00000114dbbde970_0 .net "WADDR_8", 0 0, o00000114dbb91c78;  0 drivers
o00000114dbb91ca8 .functor BUFZ 1, c4<z>; HiZ drive
v00000114dbbdd890_0 .net "WADDR_9", 0 0, o00000114dbb91ca8;  0 drivers
o00000114dbb91cd8 .functor BUFZ 1, c4<z>; HiZ drive
v00000114dbbdded0_0 .net "WCLK", 0 0, o00000114dbb91cd8;  0 drivers
o00000114dbb91d08 .functor BUFZ 1, c4<z>; HiZ drive
v00000114dbbdea10_0 .net "WCLKE", 0 0, o00000114dbb91d08;  0 drivers
o00000114dbb91d38 .functor BUFZ 1, c4<z>; HiZ drive
v00000114dbbde330_0 .net "WDATA_0", 0 0, o00000114dbb91d38;  0 drivers
o00000114dbb91d68 .functor BUFZ 1, c4<z>; HiZ drive
v00000114dbbde650_0 .net "WDATA_1", 0 0, o00000114dbb91d68;  0 drivers
o00000114dbb91d98 .functor BUFZ 1, c4<z>; HiZ drive
v00000114dbbdc350_0 .net "WDATA_10", 0 0, o00000114dbb91d98;  0 drivers
o00000114dbb91dc8 .functor BUFZ 1, c4<z>; HiZ drive
v00000114dbbdc3f0_0 .net "WDATA_11", 0 0, o00000114dbb91dc8;  0 drivers
o00000114dbb91df8 .functor BUFZ 1, c4<z>; HiZ drive
v00000114dbbde8d0_0 .net "WDATA_12", 0 0, o00000114dbb91df8;  0 drivers
o00000114dbb91e28 .functor BUFZ 1, c4<z>; HiZ drive
v00000114dbbdc490_0 .net "WDATA_13", 0 0, o00000114dbb91e28;  0 drivers
o00000114dbb91e58 .functor BUFZ 1, c4<z>; HiZ drive
v00000114dbbde830_0 .net "WDATA_14", 0 0, o00000114dbb91e58;  0 drivers
o00000114dbb91e88 .functor BUFZ 1, c4<z>; HiZ drive
v00000114dbbdd2f0_0 .net "WDATA_15", 0 0, o00000114dbb91e88;  0 drivers
o00000114dbb91eb8 .functor BUFZ 1, c4<z>; HiZ drive
v00000114dbbde6f0_0 .net "WDATA_2", 0 0, o00000114dbb91eb8;  0 drivers
o00000114dbb91ee8 .functor BUFZ 1, c4<z>; HiZ drive
v00000114dbbdccb0_0 .net "WDATA_3", 0 0, o00000114dbb91ee8;  0 drivers
o00000114dbb91f18 .functor BUFZ 1, c4<z>; HiZ drive
v00000114dbbde5b0_0 .net "WDATA_4", 0 0, o00000114dbb91f18;  0 drivers
o00000114dbb91f48 .functor BUFZ 1, c4<z>; HiZ drive
v00000114dbbdc530_0 .net "WDATA_5", 0 0, o00000114dbb91f48;  0 drivers
o00000114dbb91f78 .functor BUFZ 1, c4<z>; HiZ drive
v00000114dbbddd90_0 .net "WDATA_6", 0 0, o00000114dbb91f78;  0 drivers
o00000114dbb91fa8 .functor BUFZ 1, c4<z>; HiZ drive
v00000114dbbde470_0 .net "WDATA_7", 0 0, o00000114dbb91fa8;  0 drivers
o00000114dbb91fd8 .functor BUFZ 1, c4<z>; HiZ drive
v00000114dbbdd390_0 .net "WDATA_8", 0 0, o00000114dbb91fd8;  0 drivers
o00000114dbb92008 .functor BUFZ 1, c4<z>; HiZ drive
v00000114dbbdc5d0_0 .net "WDATA_9", 0 0, o00000114dbb92008;  0 drivers
o00000114dbb92038 .functor BUFZ 1, c4<z>; HiZ drive
v00000114dbbdcfd0_0 .net "WE", 0 0, o00000114dbb92038;  0 drivers
v00000114dbbdd750_0 .net *"_ivl_100", 0 0, L_00000114dbc6ca20;  1 drivers
v00000114dbbde3d0_0 .net *"_ivl_102", 0 0, L_00000114dbc6be40;  1 drivers
v00000114dbbdc710_0 .net *"_ivl_104", 0 0, L_00000114dbc6c5c0;  1 drivers
v00000114dbbdd110_0 .net *"_ivl_106", 0 0, L_00000114dbc6ba80;  1 drivers
v00000114dbbde150_0 .net *"_ivl_108", 0 0, L_00000114dbc6c700;  1 drivers
v00000114dbbdc850_0 .net *"_ivl_110", 0 0, L_00000114dbc6d740;  1 drivers
v00000114dbbdc8f0_0 .net *"_ivl_112", 0 0, L_00000114dbc6dd80;  1 drivers
v00000114dbbddcf0_0 .net *"_ivl_114", 0 0, L_00000114dbc6dc40;  1 drivers
v00000114dbbdc990_0 .net *"_ivl_116", 0 0, L_00000114dbc6db00;  1 drivers
v00000114dbbdd1b0_0 .net *"_ivl_120", 0 0, L_00000114dbc6c660;  1 drivers
v00000114dbbddf70_0 .net *"_ivl_122", 0 0, L_00000114dbc6c480;  1 drivers
v00000114dbbdd7f0_0 .net *"_ivl_124", 0 0, L_00000114dbc6d380;  1 drivers
v00000114dbbdd430_0 .net *"_ivl_126", 0 0, L_00000114dbc6d420;  1 drivers
v00000114dbbdca30_0 .net *"_ivl_128", 0 0, L_00000114dbc6cd40;  1 drivers
v00000114dbbdcad0_0 .net *"_ivl_130", 0 0, L_00000114dbc6cca0;  1 drivers
v00000114dbbdd930_0 .net *"_ivl_132", 0 0, L_00000114dbc6dec0;  1 drivers
v00000114dbbdcc10_0 .net *"_ivl_134", 0 0, L_00000114dbc6d9c0;  1 drivers
v00000114dbbdcd50_0 .net *"_ivl_136", 0 0, L_00000114dbc6d4c0;  1 drivers
v00000114dbbdda70_0 .net *"_ivl_138", 0 0, L_00000114dbc6dba0;  1 drivers
v00000114dbbde790_0 .net *"_ivl_140", 0 0, L_00000114dbc6dce0;  1 drivers
v00000114dbbdcdf0_0 .net *"_ivl_142", 0 0, L_00000114dbc6d6a0;  1 drivers
v00000114dbbdce90_0 .net *"_ivl_144", 0 0, L_00000114dbc6d7e0;  1 drivers
v00000114dbbdd250_0 .net *"_ivl_146", 0 0, L_00000114dbc6c7a0;  1 drivers
v00000114dbbdd4d0_0 .net *"_ivl_148", 0 0, L_00000114dbc6de20;  1 drivers
v00000114dbbde510_0 .net *"_ivl_150", 0 0, L_00000114dbc6b9e0;  1 drivers
v00000114dbbde010_0 .net *"_ivl_18", 0 0, L_00000114dbc06810;  1 drivers
v00000114dbbdd570_0 .net/2u *"_ivl_19", 0 0, L_00000114dbc0e7f0;  1 drivers
v00000114dbbdd610_0 .net *"_ivl_28", 0 0, L_00000114dbc06630;  1 drivers
v00000114dbbde0b0_0 .net *"_ivl_30", 0 0, L_00000114dbc066d0;  1 drivers
v00000114dbbdd9d0_0 .net *"_ivl_32", 0 0, L_00000114dbc06db0;  1 drivers
v00000114dbbdd6b0_0 .net *"_ivl_34", 0 0, L_00000114dbc05190;  1 drivers
v00000114dbbddb10_0 .net *"_ivl_36", 0 0, L_00000114dbc06d10;  1 drivers
v00000114dbbddbb0_0 .net *"_ivl_38", 0 0, L_00000114dbc05370;  1 drivers
v00000114dbbddc50_0 .net *"_ivl_40", 0 0, L_00000114dbc06e50;  1 drivers
v00000114dbbde1f0_0 .net *"_ivl_42", 0 0, L_00000114dbc06f90;  1 drivers
v00000114dbbde290_0 .net *"_ivl_44", 0 0, L_00000114dbc04b50;  1 drivers
v00000114dbbdec90_0 .net *"_ivl_46", 0 0, L_00000114dbc052d0;  1 drivers
v00000114dbbdf190_0 .net *"_ivl_48", 0 0, L_00000114dbc05410;  1 drivers
v00000114dbbdfb90_0 .net *"_ivl_52", 0 0, L_00000114dbc057d0;  1 drivers
v00000114dbbdf690_0 .net/2u *"_ivl_53", 0 0, L_00000114dbc0e838;  1 drivers
v00000114dbbdee70_0 .net *"_ivl_62", 0 0, L_00000114dbc05e10;  1 drivers
v00000114dbbdfeb0_0 .net *"_ivl_64", 0 0, L_00000114dbc05eb0;  1 drivers
v00000114dbbdf9b0_0 .net *"_ivl_66", 0 0, L_00000114dbc05ff0;  1 drivers
v00000114dbbdeb50_0 .net *"_ivl_68", 0 0, L_00000114dbc06090;  1 drivers
v00000114dbbdfc30_0 .net *"_ivl_70", 0 0, L_00000114dbc05f50;  1 drivers
v00000114dbbdfcd0_0 .net *"_ivl_72", 0 0, L_00000114dbc6c200;  1 drivers
v00000114dbbdfff0_0 .net *"_ivl_74", 0 0, L_00000114dbc6c340;  1 drivers
v00000114dbbdfa50_0 .net *"_ivl_76", 0 0, L_00000114dbc6d600;  1 drivers
v00000114dbbded30_0 .net *"_ivl_78", 0 0, L_00000114dbc6d1a0;  1 drivers
v00000114dbbdf870_0 .net *"_ivl_80", 0 0, L_00000114dbc6cc00;  1 drivers
v00000114dbbdfe10_0 .net *"_ivl_82", 0 0, L_00000114dbc6d240;  1 drivers
v00000114dbbdefb0_0 .net *"_ivl_86", 0 0, L_00000114dbc6c520;  1 drivers
v00000114dbbdfaf0_0 .net *"_ivl_88", 0 0, L_00000114dbc6d560;  1 drivers
v00000114dbbdebf0_0 .net *"_ivl_90", 0 0, L_00000114dbc6c980;  1 drivers
v00000114dbbdfd70_0 .net *"_ivl_92", 0 0, L_00000114dbc6c8e0;  1 drivers
v00000114dbbe0130_0 .net *"_ivl_94", 0 0, L_00000114dbc6bc60;  1 drivers
v00000114dbbdef10_0 .net *"_ivl_96", 0 0, L_00000114dbc6bda0;  1 drivers
v00000114dbbdf910_0 .net *"_ivl_98", 0 0, L_00000114dbc6d920;  1 drivers
L_00000114dbc064f0 .part v00000114dbbd82f0_0, 15, 1;
L_00000114dbc06a90 .part v00000114dbbd82f0_0, 14, 1;
L_00000114dbc06590 .part v00000114dbbd82f0_0, 13, 1;
L_00000114dbc059b0 .part v00000114dbbd82f0_0, 12, 1;
L_00000114dbc06770 .part v00000114dbbd82f0_0, 11, 1;
L_00000114dbc06950 .part v00000114dbbd82f0_0, 10, 1;
L_00000114dbc04e70 .part v00000114dbbd82f0_0, 9, 1;
L_00000114dbc05a50 .part v00000114dbbd82f0_0, 8, 1;
L_00000114dbc06b30 .part v00000114dbbd82f0_0, 7, 1;
L_00000114dbc050f0 .part v00000114dbbd82f0_0, 6, 1;
L_00000114dbc04970 .part v00000114dbbd82f0_0, 5, 1;
L_00000114dbc05050 .part v00000114dbbd82f0_0, 4, 1;
L_00000114dbc05550 .part v00000114dbbd82f0_0, 3, 1;
L_00000114dbc068b0 .part v00000114dbbd82f0_0, 2, 1;
L_00000114dbc04fb0 .part v00000114dbbd82f0_0, 1, 1;
L_00000114dbc07030 .part v00000114dbbd82f0_0, 0, 1;
L_00000114dbc06810 .ufunc/vec4 TD_ICESTORM_RAM.pd, 1, o00000114dbb91738 (v00000114dbbd9470_0) S_00000114dbb822d0;
L_00000114dbc06ef0 .ufunc/vec4 TD_ICESTORM_RAM.pu, 1, o00000114dbb91768 (v00000114dbbdb840_0) S_00000114dbb82460;
L_00000114dbc04ab0 .ufunc/vec4 TD_ICESTORM_RAM.pd, 1, o00000114dbb91a98 (v00000114dbbd9470_0) S_00000114dbb822d0;
L_00000114dbc06630 .ufunc/vec4 TD_ICESTORM_RAM.pd, 1, o00000114dbb91588 (v00000114dbbd9470_0) S_00000114dbb822d0;
L_00000114dbc066d0 .ufunc/vec4 TD_ICESTORM_RAM.pd, 1, o00000114dbb91708 (v00000114dbbd9470_0) S_00000114dbb822d0;
L_00000114dbc06db0 .ufunc/vec4 TD_ICESTORM_RAM.pd, 1, o00000114dbb916d8 (v00000114dbbd9470_0) S_00000114dbb822d0;
L_00000114dbc05190 .ufunc/vec4 TD_ICESTORM_RAM.pd, 1, o00000114dbb916a8 (v00000114dbbd9470_0) S_00000114dbb822d0;
L_00000114dbc06d10 .ufunc/vec4 TD_ICESTORM_RAM.pd, 1, o00000114dbb91678 (v00000114dbbd9470_0) S_00000114dbb822d0;
L_00000114dbc05370 .ufunc/vec4 TD_ICESTORM_RAM.pd, 1, o00000114dbb91648 (v00000114dbbd9470_0) S_00000114dbb822d0;
L_00000114dbc06e50 .ufunc/vec4 TD_ICESTORM_RAM.pd, 1, o00000114dbb91618 (v00000114dbbd9470_0) S_00000114dbb822d0;
L_00000114dbc06f90 .ufunc/vec4 TD_ICESTORM_RAM.pd, 1, o00000114dbb915e8 (v00000114dbbd9470_0) S_00000114dbb822d0;
L_00000114dbc04b50 .ufunc/vec4 TD_ICESTORM_RAM.pd, 1, o00000114dbb915b8 (v00000114dbbd9470_0) S_00000114dbb822d0;
L_00000114dbc052d0 .ufunc/vec4 TD_ICESTORM_RAM.pd, 1, o00000114dbb91558 (v00000114dbbd9470_0) S_00000114dbb822d0;
L_00000114dbc05410 .ufunc/vec4 TD_ICESTORM_RAM.pd, 1, o00000114dbb91528 (v00000114dbbd9470_0) S_00000114dbb822d0;
LS_00000114dbc048d0_0_0 .concat [ 1 1 1 1], L_00000114dbc05410, L_00000114dbc052d0, L_00000114dbc04b50, L_00000114dbc06f90;
LS_00000114dbc048d0_0_4 .concat [ 1 1 1 1], L_00000114dbc06e50, L_00000114dbc05370, L_00000114dbc06d10, L_00000114dbc05190;
LS_00000114dbc048d0_0_8 .concat [ 1 1 1 0], L_00000114dbc06db0, L_00000114dbc066d0, L_00000114dbc06630;
L_00000114dbc048d0 .concat [ 4 4 3 0], LS_00000114dbc048d0_0_0, LS_00000114dbc048d0_0_4, LS_00000114dbc048d0_0_8;
L_00000114dbc057d0 .ufunc/vec4 TD_ICESTORM_RAM.pd, 1, o00000114dbb91cd8 (v00000114dbbd9470_0) S_00000114dbb822d0;
L_00000114dbc05c30 .ufunc/vec4 TD_ICESTORM_RAM.pu, 1, o00000114dbb91d08 (v00000114dbbdb840_0) S_00000114dbb82460;
L_00000114dbc05cd0 .ufunc/vec4 TD_ICESTORM_RAM.pd, 1, o00000114dbb92038 (v00000114dbbd9470_0) S_00000114dbb822d0;
L_00000114dbc05e10 .ufunc/vec4 TD_ICESTORM_RAM.pd, 1, o00000114dbb91b28 (v00000114dbbd9470_0) S_00000114dbb822d0;
L_00000114dbc05eb0 .ufunc/vec4 TD_ICESTORM_RAM.pd, 1, o00000114dbb91ca8 (v00000114dbbd9470_0) S_00000114dbb822d0;
L_00000114dbc05ff0 .ufunc/vec4 TD_ICESTORM_RAM.pd, 1, o00000114dbb91c78 (v00000114dbbd9470_0) S_00000114dbb822d0;
L_00000114dbc06090 .ufunc/vec4 TD_ICESTORM_RAM.pd, 1, o00000114dbb91c48 (v00000114dbbd9470_0) S_00000114dbb822d0;
L_00000114dbc05f50 .ufunc/vec4 TD_ICESTORM_RAM.pd, 1, o00000114dbb91c18 (v00000114dbbd9470_0) S_00000114dbb822d0;
L_00000114dbc6c200 .ufunc/vec4 TD_ICESTORM_RAM.pd, 1, o00000114dbb91be8 (v00000114dbbd9470_0) S_00000114dbb822d0;
L_00000114dbc6c340 .ufunc/vec4 TD_ICESTORM_RAM.pd, 1, o00000114dbb91bb8 (v00000114dbbd9470_0) S_00000114dbb822d0;
L_00000114dbc6d600 .ufunc/vec4 TD_ICESTORM_RAM.pd, 1, o00000114dbb91b88 (v00000114dbbd9470_0) S_00000114dbb822d0;
L_00000114dbc6d1a0 .ufunc/vec4 TD_ICESTORM_RAM.pd, 1, o00000114dbb91b58 (v00000114dbbd9470_0) S_00000114dbb822d0;
L_00000114dbc6cc00 .ufunc/vec4 TD_ICESTORM_RAM.pd, 1, o00000114dbb91af8 (v00000114dbbd9470_0) S_00000114dbb822d0;
L_00000114dbc6d240 .ufunc/vec4 TD_ICESTORM_RAM.pd, 1, o00000114dbb91ac8 (v00000114dbbd9470_0) S_00000114dbb822d0;
LS_00000114dbc6bbc0_0_0 .concat [ 1 1 1 1], L_00000114dbc6d240, L_00000114dbc6cc00, L_00000114dbc6d1a0, L_00000114dbc6d600;
LS_00000114dbc6bbc0_0_4 .concat [ 1 1 1 1], L_00000114dbc6c340, L_00000114dbc6c200, L_00000114dbc05f50, L_00000114dbc06090;
LS_00000114dbc6bbc0_0_8 .concat [ 1 1 1 0], L_00000114dbc05ff0, L_00000114dbc05eb0, L_00000114dbc05e10;
L_00000114dbc6bbc0 .concat [ 4 4 3 0], LS_00000114dbc6bbc0_0_0, LS_00000114dbc6bbc0_0_4, LS_00000114dbc6bbc0_0_8;
L_00000114dbc6c520 .ufunc/vec4 TD_ICESTORM_RAM.pd, 1, o00000114dbb91378 (v00000114dbbd9470_0) S_00000114dbb822d0;
L_00000114dbc6d560 .ufunc/vec4 TD_ICESTORM_RAM.pd, 1, o00000114dbb91348 (v00000114dbbd9470_0) S_00000114dbb822d0;
L_00000114dbc6c980 .ufunc/vec4 TD_ICESTORM_RAM.pd, 1, o00000114dbb91318 (v00000114dbbd9470_0) S_00000114dbb822d0;
L_00000114dbc6c8e0 .ufunc/vec4 TD_ICESTORM_RAM.pd, 1, o00000114dbb912e8 (v00000114dbbd9470_0) S_00000114dbb822d0;
L_00000114dbc6bc60 .ufunc/vec4 TD_ICESTORM_RAM.pd, 1, o00000114dbb912b8 (v00000114dbbd9470_0) S_00000114dbb822d0;
L_00000114dbc6bda0 .ufunc/vec4 TD_ICESTORM_RAM.pd, 1, o00000114dbb91288 (v00000114dbbd9470_0) S_00000114dbb822d0;
L_00000114dbc6d920 .ufunc/vec4 TD_ICESTORM_RAM.pd, 1, o00000114dbb914f8 (v00000114dbbd9470_0) S_00000114dbb822d0;
L_00000114dbc6ca20 .ufunc/vec4 TD_ICESTORM_RAM.pd, 1, o00000114dbb914c8 (v00000114dbbd9470_0) S_00000114dbb822d0;
L_00000114dbc6be40 .ufunc/vec4 TD_ICESTORM_RAM.pd, 1, o00000114dbb91498 (v00000114dbbd9470_0) S_00000114dbb822d0;
L_00000114dbc6c5c0 .ufunc/vec4 TD_ICESTORM_RAM.pd, 1, o00000114dbb91468 (v00000114dbbd9470_0) S_00000114dbb822d0;
L_00000114dbc6ba80 .ufunc/vec4 TD_ICESTORM_RAM.pd, 1, o00000114dbb91438 (v00000114dbbd9470_0) S_00000114dbb822d0;
L_00000114dbc6c700 .ufunc/vec4 TD_ICESTORM_RAM.pd, 1, o00000114dbb91408 (v00000114dbbd9470_0) S_00000114dbb822d0;
L_00000114dbc6d740 .ufunc/vec4 TD_ICESTORM_RAM.pd, 1, o00000114dbb913d8 (v00000114dbbd9470_0) S_00000114dbb822d0;
L_00000114dbc6dd80 .ufunc/vec4 TD_ICESTORM_RAM.pd, 1, o00000114dbb913a8 (v00000114dbbd9470_0) S_00000114dbb822d0;
L_00000114dbc6dc40 .ufunc/vec4 TD_ICESTORM_RAM.pd, 1, o00000114dbb91258 (v00000114dbbd9470_0) S_00000114dbb822d0;
L_00000114dbc6db00 .ufunc/vec4 TD_ICESTORM_RAM.pd, 1, o00000114dbb91228 (v00000114dbbd9470_0) S_00000114dbb822d0;
LS_00000114dbc6d2e0_0_0 .concat [ 1 1 1 1], L_00000114dbc6db00, L_00000114dbc6dc40, L_00000114dbc6dd80, L_00000114dbc6d740;
LS_00000114dbc6d2e0_0_4 .concat [ 1 1 1 1], L_00000114dbc6c700, L_00000114dbc6ba80, L_00000114dbc6c5c0, L_00000114dbc6be40;
LS_00000114dbc6d2e0_0_8 .concat [ 1 1 1 1], L_00000114dbc6ca20, L_00000114dbc6d920, L_00000114dbc6bda0, L_00000114dbc6bc60;
LS_00000114dbc6d2e0_0_12 .concat [ 1 1 1 1], L_00000114dbc6c8e0, L_00000114dbc6c980, L_00000114dbc6d560, L_00000114dbc6c520;
L_00000114dbc6d2e0 .concat [ 4 4 4 4], LS_00000114dbc6d2e0_0_0, LS_00000114dbc6d2e0_0_4, LS_00000114dbc6d2e0_0_8, LS_00000114dbc6d2e0_0_12;
L_00000114dbc6c660 .ufunc/vec4 TD_ICESTORM_RAM.pd, 1, o00000114dbb91e88 (v00000114dbbd9470_0) S_00000114dbb822d0;
L_00000114dbc6c480 .ufunc/vec4 TD_ICESTORM_RAM.pd, 1, o00000114dbb91e58 (v00000114dbbd9470_0) S_00000114dbb822d0;
L_00000114dbc6d380 .ufunc/vec4 TD_ICESTORM_RAM.pd, 1, o00000114dbb91e28 (v00000114dbbd9470_0) S_00000114dbb822d0;
L_00000114dbc6d420 .ufunc/vec4 TD_ICESTORM_RAM.pd, 1, o00000114dbb91df8 (v00000114dbbd9470_0) S_00000114dbb822d0;
L_00000114dbc6cd40 .ufunc/vec4 TD_ICESTORM_RAM.pd, 1, o00000114dbb91dc8 (v00000114dbbd9470_0) S_00000114dbb822d0;
L_00000114dbc6cca0 .ufunc/vec4 TD_ICESTORM_RAM.pd, 1, o00000114dbb91d98 (v00000114dbbd9470_0) S_00000114dbb822d0;
L_00000114dbc6dec0 .ufunc/vec4 TD_ICESTORM_RAM.pd, 1, o00000114dbb92008 (v00000114dbbd9470_0) S_00000114dbb822d0;
L_00000114dbc6d9c0 .ufunc/vec4 TD_ICESTORM_RAM.pd, 1, o00000114dbb91fd8 (v00000114dbbd9470_0) S_00000114dbb822d0;
L_00000114dbc6d4c0 .ufunc/vec4 TD_ICESTORM_RAM.pd, 1, o00000114dbb91fa8 (v00000114dbbd9470_0) S_00000114dbb822d0;
L_00000114dbc6dba0 .ufunc/vec4 TD_ICESTORM_RAM.pd, 1, o00000114dbb91f78 (v00000114dbbd9470_0) S_00000114dbb822d0;
L_00000114dbc6dce0 .ufunc/vec4 TD_ICESTORM_RAM.pd, 1, o00000114dbb91f48 (v00000114dbbd9470_0) S_00000114dbb822d0;
L_00000114dbc6d6a0 .ufunc/vec4 TD_ICESTORM_RAM.pd, 1, o00000114dbb91f18 (v00000114dbbd9470_0) S_00000114dbb822d0;
L_00000114dbc6d7e0 .ufunc/vec4 TD_ICESTORM_RAM.pd, 1, o00000114dbb91ee8 (v00000114dbbd9470_0) S_00000114dbb822d0;
L_00000114dbc6c7a0 .ufunc/vec4 TD_ICESTORM_RAM.pd, 1, o00000114dbb91eb8 (v00000114dbbd9470_0) S_00000114dbb822d0;
L_00000114dbc6de20 .ufunc/vec4 TD_ICESTORM_RAM.pd, 1, o00000114dbb91d68 (v00000114dbbd9470_0) S_00000114dbb822d0;
L_00000114dbc6b9e0 .ufunc/vec4 TD_ICESTORM_RAM.pd, 1, o00000114dbb91d38 (v00000114dbbd9470_0) S_00000114dbb822d0;
LS_00000114dbc6d100_0_0 .concat [ 1 1 1 1], L_00000114dbc6b9e0, L_00000114dbc6de20, L_00000114dbc6c7a0, L_00000114dbc6d7e0;
LS_00000114dbc6d100_0_4 .concat [ 1 1 1 1], L_00000114dbc6d6a0, L_00000114dbc6dce0, L_00000114dbc6dba0, L_00000114dbc6d4c0;
LS_00000114dbc6d100_0_8 .concat [ 1 1 1 1], L_00000114dbc6d9c0, L_00000114dbc6dec0, L_00000114dbc6cca0, L_00000114dbc6cd40;
LS_00000114dbc6d100_0_12 .concat [ 1 1 1 1], L_00000114dbc6d420, L_00000114dbc6d380, L_00000114dbc6c480, L_00000114dbc6c660;
L_00000114dbc6d100 .concat [ 4 4 4 4], LS_00000114dbc6d100_0_0, LS_00000114dbc6d100_0_4, LS_00000114dbc6d100_0_8, LS_00000114dbc6d100_0_12;
S_00000114dbb82dc0 .scope module, "RAM" "SB_RAM40_4K" 3 3233, 3 1487 0, S_00000114dba22470;
 .timescale -12 -12;
    .port_info 0 /OUTPUT 16 "RDATA";
    .port_info 1 /INPUT 1 "RCLK";
    .port_info 2 /INPUT 1 "RCLKE";
    .port_info 3 /INPUT 1 "RE";
    .port_info 4 /INPUT 11 "RADDR";
    .port_info 5 /INPUT 1 "WCLK";
    .port_info 6 /INPUT 1 "WCLKE";
    .port_info 7 /INPUT 1 "WE";
    .port_info 8 /INPUT 11 "WADDR";
    .port_info 9 /INPUT 16 "MASK";
    .port_info 10 /INPUT 16 "WDATA";
P_00000114dbb8e5a0 .param/l "INIT_0" 0 3 1507, C4<0000000000000000000000000000000000000000000000000000000000000000000000000000000000000000000000000000000000000000000000000000000000000000000000000000000000000000000000000000000000000000000000000000000000000000000000000000000000000000000000000000000000000000>;
P_00000114dbb8e5d8 .param/l "INIT_1" 0 3 1508, C4<0000000000000000000000000000000000000000000000000000000000000000000000000000000000000000000000000000000000000000000000000000000000000000000000000000000000000000000000000000000000000000000000000000000000000000000000000000000000000000000000000000000000000000>;
P_00000114dbb8e610 .param/l "INIT_2" 0 3 1509, C4<0000000000000000000000000000000000000000000000000000000000000000000000000000000000000000000000000000000000000000000000000000000000000000000000000000000000000000000000000000000000000000000000000000000000000000000000000000000000000000000000000000000000000000>;
P_00000114dbb8e648 .param/l "INIT_3" 0 3 1510, C4<0000000000000000000000000000000000000000000000000000000000000000000000000000000000000000000000000000000000000000000000000000000000000000000000000000000000000000000000000000000000000000000000000000000000000000000000000000000000000000000000000000000000000000>;
P_00000114dbb8e680 .param/l "INIT_4" 0 3 1511, C4<0000000000000000000000000000000000000000000000000000000000000000000000000000000000000000000000000000000000000000000000000000000000000000000000000000000000000000000000000000000000000000000000000000000000000000000000000000000000000000000000000000000000000000>;
P_00000114dbb8e6b8 .param/l "INIT_5" 0 3 1512, C4<0000000000000000000000000000000000000000000000000000000000000000000000000000000000000000000000000000000000000000000000000000000000000000000000000000000000000000000000000000000000000000000000000000000000000000000000000000000000000000000000000000000000000000>;
P_00000114dbb8e6f0 .param/l "INIT_6" 0 3 1513, C4<0000000000000000000000000000000000000000000000000000000000000000000000000000000000000000000000000000000000000000000000000000000000000000000000000000000000000000000000000000000000000000000000000000000000000000000000000000000000000000000000000000000000000000>;
P_00000114dbb8e728 .param/l "INIT_7" 0 3 1514, C4<0000000000000000000000000000000000000000000000000000000000000000000000000000000000000000000000000000000000000000000000000000000000000000000000000000000000000000000000000000000000000000000000000000000000000000000000000000000000000000000000000000000000000000>;
P_00000114dbb8e760 .param/l "INIT_8" 0 3 1515, C4<0000000000000000000000000000000000000000000000000000000000000000000000000000000000000000000000000000000000000000000000000000000000000000000000000000000000000000000000000000000000000000000000000000000000000000000000000000000000000000000000000000000000000000>;
P_00000114dbb8e798 .param/l "INIT_9" 0 3 1516, C4<0000000000000000000000000000000000000000000000000000000000000000000000000000000000000000000000000000000000000000000000000000000000000000000000000000000000000000000000000000000000000000000000000000000000000000000000000000000000000000000000000000000000000000>;
P_00000114dbb8e7d0 .param/l "INIT_A" 0 3 1517, C4<0000000000000000000000000000000000000000000000000000000000000000000000000000000000000000000000000000000000000000000000000000000000000000000000000000000000000000000000000000000000000000000000000000000000000000000000000000000000000000000000000000000000000000>;
P_00000114dbb8e808 .param/l "INIT_B" 0 3 1518, C4<0000000000000000000000000000000000000000000000000000000000000000000000000000000000000000000000000000000000000000000000000000000000000000000000000000000000000000000000000000000000000000000000000000000000000000000000000000000000000000000000000000000000000000>;
P_00000114dbb8e840 .param/l "INIT_C" 0 3 1519, C4<0000000000000000000000000000000000000000000000000000000000000000000000000000000000000000000000000000000000000000000000000000000000000000000000000000000000000000000000000000000000000000000000000000000000000000000000000000000000000000000000000000000000000000>;
P_00000114dbb8e878 .param/l "INIT_D" 0 3 1520, C4<0000000000000000000000000000000000000000000000000000000000000000000000000000000000000000000000000000000000000000000000000000000000000000000000000000000000000000000000000000000000000000000000000000000000000000000000000000000000000000000000000000000000000000>;
P_00000114dbb8e8b0 .param/l "INIT_E" 0 3 1521, C4<0000000000000000000000000000000000000000000000000000000000000000000000000000000000000000000000000000000000000000000000000000000000000000000000000000000000000000000000000000000000000000000000000000000000000000000000000000000000000000000000000000000000000000>;
P_00000114dbb8e8e8 .param/l "INIT_F" 0 3 1522, C4<0000000000000000000000000000000000000000000000000000000000000000000000000000000000000000000000000000000000000000000000000000000000000000000000000000000000000000000000000000000000000000000000000000000000000000000000000000000000000000000000000000000000000000>;
P_00000114dbb8e920 .param/str "INIT_FILE" 0 3 1524, "\000";
P_00000114dbb8e958 .param/l "READ_MODE" 0 3 1505, +C4<00000000000000000000000000000000>;
P_00000114dbb8e990 .param/l "WRITE_MODE" 0 3 1504, +C4<00000000000000000000000000000000>;
v00000114dbbd9a10_0 .net "MASK", 15 0, L_00000114dbc6d2e0;  1 drivers
v00000114dbbd8e30_0 .net "RADDR", 10 0, L_00000114dbc048d0;  1 drivers
v00000114dbbd8ed0_0 .net "RCLK", 0 0, L_00000114dbb6e880;  1 drivers
v00000114dbbd8110_0 .net "RCLKE", 0 0, L_00000114dbc06ef0;  1 drivers
v00000114dbbd8250_0 .net "RDATA", 15 0, v00000114dbbd82f0_0;  1 drivers
v00000114dbbd82f0_0 .var "RDATA_I", 15 0;
v00000114dbbd84d0_0 .net "RE", 0 0, L_00000114dbc04ab0;  1 drivers
L_00000114dbc0e7a8 .functor BUFT 1, C4<0000000000000000>, C4<0>, C4<0>, C4<0>;
v00000114dbbd8570_0 .net "RMASK_I", 15 0, L_00000114dbc0e7a8;  1 drivers
v00000114dbbd87f0_0 .net "WADDR", 10 0, L_00000114dbc6bbc0;  1 drivers
v00000114dbbd8930_0 .net "WCLK", 0 0, L_00000114dbb6e6c0;  1 drivers
v00000114dbbd8a70_0 .net "WCLKE", 0 0, L_00000114dbc05c30;  1 drivers
v00000114dbbd8f70_0 .net "WDATA", 15 0, L_00000114dbc6d100;  1 drivers
v00000114dbbd8610_0 .net "WDATA_I", 15 0, L_00000114dbb6f840;  1 drivers
v00000114dbbd8b10_0 .net "WE", 0 0, L_00000114dbc05cd0;  1 drivers
v00000114dbbd9010_0 .net "WMASK_I", 15 0, L_00000114dbb6ec00;  1 drivers
v00000114dbbd9150_0 .var/i "i", 31 0;
v00000114dbbd91f0 .array "memory", 255 0, 15 0;
E_00000114dbb61f10 .event posedge, v00000114dbbd8ed0_0;
E_00000114dbb61f90 .event posedge, v00000114dbbd8930_0;
S_00000114dbb82aa0 .scope generate, "genblk1" "genblk1" 3 1534, 3 1534 0, S_00000114dbb82dc0;
 .timescale -12 -12;
L_00000114dbb6ec00 .functor BUFZ 16, L_00000114dbc6d2e0, C4<0000000000000000>, C4<0000000000000000>, C4<0000000000000000>;
S_00000114dbb82780 .scope generate, "genblk2" "genblk2" 3 1555, 3 1555 0, S_00000114dbb82dc0;
 .timescale -12 -12;
S_00000114dbb83bd0 .scope generate, "genblk3" "genblk3" 3 1576, 3 1576 0, S_00000114dbb82dc0;
 .timescale -12 -12;
L_00000114dbb6f840 .functor BUFZ 16, L_00000114dbc6d100, C4<0000000000000000>, C4<0000000000000000>, C4<0000000000000000>;
S_00000114dbb83a40 .scope generate, "genblk4" "genblk4" 3 1595, 3 1595 0, S_00000114dbb82dc0;
 .timescale -12 -12;
S_00000114dbb822d0 .scope function.vec4.s1, "pd" "pd" 3 3200, 3 3200 0, S_00000114dba22470;
 .timescale -12 -12;
; Variable pd is vec4 return value of scope S_00000114dbb822d0
v00000114dbbd9470_0 .var "x", 0 0;
TD_ICESTORM_RAM.pd ;
    %load/vec4 v00000114dbbd9470_0;
    %cmpi/e 0, 1, 1;
    %flag_mov 8, 6;
    %jmp/0 T_0.0, 8;
    %pushi/vec4 0, 0, 1;
    %jmp/1 T_0.1, 8;
T_0.0 ; End of true expr.
    %load/vec4 v00000114dbbd9470_0;
    %jmp/0 T_0.1, 8;
 ; End of false expr.
    %blend;
T_0.1;
    %ret/vec4 0, 0, 1;  Assign to pd (store_vec4_to_lval)
    %end;
S_00000114dbb82460 .scope function.vec4.s1, "pu" "pu" 3 3207, 3 3207 0, S_00000114dba22470;
 .timescale -12 -12;
; Variable pu is vec4 return value of scope S_00000114dbb82460
v00000114dbbdb840_0 .var "x", 0 0;
TD_ICESTORM_RAM.pu ;
    %load/vec4 v00000114dbbdb840_0;
    %cmpi/e 0, 1, 1;
    %flag_mov 8, 6;
    %jmp/0 T_1.2, 8;
    %pushi/vec4 1, 0, 1;
    %jmp/1 T_1.3, 8;
T_1.2 ; End of true expr.
    %load/vec4 v00000114dbbdb840_0;
    %jmp/0 T_1.3, 8;
 ; End of false expr.
    %blend;
T_1.3;
    %ret/vec4 0, 0, 1;  Assign to pu (store_vec4_to_lval)
    %end;
S_00000114dba22600 .scope module, "SB_CARRY" "SB_CARRY" 3 228;
 .timescale -12 -12;
    .port_info 0 /OUTPUT 1 "CO";
    .port_info 1 /INPUT 1 "I0";
    .port_info 2 /INPUT 1 "I1";
    .port_info 3 /INPUT 1 "CI";
o00000114dbb939e8 .functor BUFZ 1, c4<z>; HiZ drive
o00000114dbb93a18 .functor BUFZ 1, c4<z>; HiZ drive
L_00000114dbb6f290 .functor AND 1, o00000114dbb939e8, o00000114dbb93a18, C4<1>, C4<1>;
L_00000114dbb6edc0 .functor OR 1, o00000114dbb939e8, o00000114dbb93a18, C4<0>, C4<0>;
o00000114dbb93988 .functor BUFZ 1, c4<z>; HiZ drive
L_00000114dbb6f450 .functor AND 1, L_00000114dbb6edc0, o00000114dbb93988, C4<1>, C4<1>;
L_00000114dbb6e570 .functor OR 1, L_00000114dbb6f290, L_00000114dbb6f450, C4<0>, C4<0>;
v00000114dbbdf410_0 .net "CI", 0 0, o00000114dbb93988;  0 drivers
v00000114dbbdff50_0 .net "CO", 0 0, L_00000114dbb6e570;  1 drivers
v00000114dbbe0090_0 .net "I0", 0 0, o00000114dbb939e8;  0 drivers
v00000114dbbdf0f0_0 .net "I1", 0 0, o00000114dbb93a18;  0 drivers
v00000114dbbdf050_0 .net *"_ivl_1", 0 0, L_00000114dbb6f290;  1 drivers
v00000114dbbe01d0_0 .net *"_ivl_3", 0 0, L_00000114dbb6edc0;  1 drivers
v00000114dbbdedd0_0 .net *"_ivl_5", 0 0, L_00000114dbb6f450;  1 drivers
S_00000114db846a90 .scope module, "SB_DFF" "SB_DFF" 3 265;
 .timescale -12 -12;
    .port_info 0 /OUTPUT 1 "Q";
    .port_info 1 /INPUT 1 "C";
    .port_info 2 /INPUT 1 "D";
o00000114dbb93b98 .functor BUFZ 1, c4<z>; HiZ drive
v00000114dbbdf230_0 .net "C", 0 0, o00000114dbb93b98;  0 drivers
o00000114dbb93bc8 .functor BUFZ 1, c4<z>; HiZ drive
v00000114dbbdf2d0_0 .net "D", 0 0, o00000114dbb93bc8;  0 drivers
v00000114dbbdf370_0 .var "Q", 0 0;
E_00000114dbb625d0 .event posedge, v00000114dbbdf230_0;
S_00000114db863530 .scope module, "SB_DFFE" "SB_DFFE" 3 303;
 .timescale -12 -12;
    .port_info 0 /OUTPUT 1 "Q";
    .port_info 1 /INPUT 1 "C";
    .port_info 2 /INPUT 1 "E";
    .port_info 3 /INPUT 1 "D";
o00000114dbb93cb8 .functor BUFZ 1, c4<z>; HiZ drive
v00000114dbbdf4b0_0 .net "C", 0 0, o00000114dbb93cb8;  0 drivers
o00000114dbb93ce8 .functor BUFZ 1, c4<z>; HiZ drive
v00000114dbbdf550_0 .net "D", 0 0, o00000114dbb93ce8;  0 drivers
o00000114dbb93d18 .functor BUFZ 1, c4<z>; HiZ drive
v00000114dbbdf5f0_0 .net "E", 0 0, o00000114dbb93d18;  0 drivers
v00000114dbbdf730_0 .var "Q", 0 0;
E_00000114dbb62a90 .event posedge, v00000114dbbdf4b0_0;
S_00000114db84b830 .scope module, "SB_DFFER" "SB_DFFER" 3 653;
 .timescale -12 -12;
    .port_info 0 /OUTPUT 1 "Q";
    .port_info 1 /INPUT 1 "C";
    .port_info 2 /INPUT 1 "E";
    .port_info 3 /INPUT 1 "R";
    .port_info 4 /INPUT 1 "D";
o00000114dbb93e38 .functor BUFZ 1, c4<z>; HiZ drive
v00000114dbbdf7d0_0 .net "C", 0 0, o00000114dbb93e38;  0 drivers
o00000114dbb93e68 .functor BUFZ 1, c4<z>; HiZ drive
v00000114dbbe4a80_0 .net "D", 0 0, o00000114dbb93e68;  0 drivers
o00000114dbb93e98 .functor BUFZ 1, c4<z>; HiZ drive
v00000114dbbe3ae0_0 .net "E", 0 0, o00000114dbb93e98;  0 drivers
v00000114dbbe3cc0_0 .var "Q", 0 0;
o00000114dbb93ef8 .functor BUFZ 1, c4<z>; HiZ drive
v00000114dbbe4b20_0 .net "R", 0 0, o00000114dbb93ef8;  0 drivers
E_00000114dbb62d10 .event posedge, v00000114dbbe4b20_0, v00000114dbbdf7d0_0;
S_00000114db84b9c0 .scope module, "SB_DFFES" "SB_DFFES" 3 794;
 .timescale -12 -12;
    .port_info 0 /OUTPUT 1 "Q";
    .port_info 1 /INPUT 1 "C";
    .port_info 2 /INPUT 1 "E";
    .port_info 3 /INPUT 1 "S";
    .port_info 4 /INPUT 1 "D";
o00000114dbb94018 .functor BUFZ 1, c4<z>; HiZ drive
v00000114dbbe48a0_0 .net "C", 0 0, o00000114dbb94018;  0 drivers
o00000114dbb94048 .functor BUFZ 1, c4<z>; HiZ drive
v00000114dbbe3900_0 .net "D", 0 0, o00000114dbb94048;  0 drivers
o00000114dbb94078 .functor BUFZ 1, c4<z>; HiZ drive
v00000114dbbe39a0_0 .net "E", 0 0, o00000114dbb94078;  0 drivers
v00000114dbbe4580_0 .var "Q", 0 0;
o00000114dbb940d8 .functor BUFZ 1, c4<z>; HiZ drive
v00000114dbbe4620_0 .net "S", 0 0, o00000114dbb940d8;  0 drivers
E_00000114dbb62a10 .event posedge, v00000114dbbe4620_0, v00000114dbbe48a0_0;
S_00000114db84bb50 .scope module, "SB_DFFESR" "SB_DFFESR" 3 592;
 .timescale -12 -12;
    .port_info 0 /OUTPUT 1 "Q";
    .port_info 1 /INPUT 1 "C";
    .port_info 2 /INPUT 1 "E";
    .port_info 3 /INPUT 1 "R";
    .port_info 4 /INPUT 1 "D";
o00000114dbb941f8 .functor BUFZ 1, c4<z>; HiZ drive
v00000114dbbe4bc0_0 .net "C", 0 0, o00000114dbb941f8;  0 drivers
o00000114dbb94228 .functor BUFZ 1, c4<z>; HiZ drive
v00000114dbbe3680_0 .net "D", 0 0, o00000114dbb94228;  0 drivers
o00000114dbb94258 .functor BUFZ 1, c4<z>; HiZ drive
v00000114dbbe4c60_0 .net "E", 0 0, o00000114dbb94258;  0 drivers
v00000114dbbe46c0_0 .var "Q", 0 0;
o00000114dbb942b8 .functor BUFZ 1, c4<z>; HiZ drive
v00000114dbbe4760_0 .net "R", 0 0, o00000114dbb942b8;  0 drivers
E_00000114dbb62010 .event posedge, v00000114dbbe4bc0_0;
S_00000114db855690 .scope module, "SB_DFFESS" "SB_DFFESS" 3 733;
 .timescale -12 -12;
    .port_info 0 /OUTPUT 1 "Q";
    .port_info 1 /INPUT 1 "C";
    .port_info 2 /INPUT 1 "E";
    .port_info 3 /INPUT 1 "S";
    .port_info 4 /INPUT 1 "D";
o00000114dbb943d8 .functor BUFZ 1, c4<z>; HiZ drive
v00000114dbbe49e0_0 .net "C", 0 0, o00000114dbb943d8;  0 drivers
o00000114dbb94408 .functor BUFZ 1, c4<z>; HiZ drive
v00000114dbbe37c0_0 .net "D", 0 0, o00000114dbb94408;  0 drivers
o00000114dbb94438 .functor BUFZ 1, c4<z>; HiZ drive
v00000114dbbe4940_0 .net "E", 0 0, o00000114dbb94438;  0 drivers
v00000114dbbe43a0_0 .var "Q", 0 0;
o00000114dbb94498 .functor BUFZ 1, c4<z>; HiZ drive
v00000114dbbe4800_0 .net "S", 0 0, o00000114dbb94498;  0 drivers
E_00000114dbb62b10 .event posedge, v00000114dbbe49e0_0;
S_00000114db855820 .scope module, "SB_DFFN" "SB_DFFN" 3 876;
 .timescale -12 -12;
    .port_info 0 /OUTPUT 1 "Q";
    .port_info 1 /INPUT 1 "C";
    .port_info 2 /INPUT 1 "D";
o00000114dbb945b8 .functor BUFZ 1, c4<z>; HiZ drive
v00000114dbbe3d60_0 .net "C", 0 0, o00000114dbb945b8;  0 drivers
o00000114dbb945e8 .functor BUFZ 1, c4<z>; HiZ drive
v00000114dbbe35e0_0 .net "D", 0 0, o00000114dbb945e8;  0 drivers
v00000114dbbe3720_0 .var "Q", 0 0;
E_00000114dbb62050 .event negedge, v00000114dbbe3d60_0;
S_00000114db8559b0 .scope module, "SB_DFFNE" "SB_DFFNE" 3 914;
 .timescale -12 -12;
    .port_info 0 /OUTPUT 1 "Q";
    .port_info 1 /INPUT 1 "C";
    .port_info 2 /INPUT 1 "E";
    .port_info 3 /INPUT 1 "D";
o00000114dbb946d8 .functor BUFZ 1, c4<z>; HiZ drive
v00000114dbbe4440_0 .net "C", 0 0, o00000114dbb946d8;  0 drivers
o00000114dbb94708 .functor BUFZ 1, c4<z>; HiZ drive
v00000114dbbe3860_0 .net "D", 0 0, o00000114dbb94708;  0 drivers
o00000114dbb94738 .functor BUFZ 1, c4<z>; HiZ drive
v00000114dbbe3f40_0 .net "E", 0 0, o00000114dbb94738;  0 drivers
v00000114dbbe3a40_0 .var "Q", 0 0;
E_00000114dbb62090 .event negedge, v00000114dbbe4440_0;
S_00000114db852cd0 .scope module, "SB_DFFNER" "SB_DFFNER" 3 1264;
 .timescale -12 -12;
    .port_info 0 /OUTPUT 1 "Q";
    .port_info 1 /INPUT 1 "C";
    .port_info 2 /INPUT 1 "E";
    .port_info 3 /INPUT 1 "R";
    .port_info 4 /INPUT 1 "D";
o00000114dbb94858 .functor BUFZ 1, c4<z>; HiZ drive
v00000114dbbe3b80_0 .net "C", 0 0, o00000114dbb94858;  0 drivers
o00000114dbb94888 .functor BUFZ 1, c4<z>; HiZ drive
v00000114dbbe3c20_0 .net "D", 0 0, o00000114dbb94888;  0 drivers
o00000114dbb948b8 .functor BUFZ 1, c4<z>; HiZ drive
v00000114dbbe44e0_0 .net "E", 0 0, o00000114dbb948b8;  0 drivers
v00000114dbbe3e00_0 .var "Q", 0 0;
o00000114dbb94918 .functor BUFZ 1, c4<z>; HiZ drive
v00000114dbbe3ea0_0 .net "R", 0 0, o00000114dbb94918;  0 drivers
E_00000114dbb626d0/0 .event negedge, v00000114dbbe3b80_0;
E_00000114dbb626d0/1 .event posedge, v00000114dbbe3ea0_0;
E_00000114dbb626d0 .event/or E_00000114dbb626d0/0, E_00000114dbb626d0/1;
S_00000114db852e60 .scope module, "SB_DFFNES" "SB_DFFNES" 3 1405;
 .timescale -12 -12;
    .port_info 0 /OUTPUT 1 "Q";
    .port_info 1 /INPUT 1 "C";
    .port_info 2 /INPUT 1 "E";
    .port_info 3 /INPUT 1 "S";
    .port_info 4 /INPUT 1 "D";
o00000114dbb94a38 .functor BUFZ 1, c4<z>; HiZ drive
v00000114dbbe3fe0_0 .net "C", 0 0, o00000114dbb94a38;  0 drivers
o00000114dbb94a68 .functor BUFZ 1, c4<z>; HiZ drive
v00000114dbbe4080_0 .net "D", 0 0, o00000114dbb94a68;  0 drivers
o00000114dbb94a98 .functor BUFZ 1, c4<z>; HiZ drive
v00000114dbbe4120_0 .net "E", 0 0, o00000114dbb94a98;  0 drivers
v00000114dbbe41c0_0 .var "Q", 0 0;
o00000114dbb94af8 .functor BUFZ 1, c4<z>; HiZ drive
v00000114dbbe4260_0 .net "S", 0 0, o00000114dbb94af8;  0 drivers
E_00000114dbb62c90/0 .event negedge, v00000114dbbe3fe0_0;
E_00000114dbb62c90/1 .event posedge, v00000114dbbe4260_0;
E_00000114dbb62c90 .event/or E_00000114dbb62c90/0, E_00000114dbb62c90/1;
S_00000114dbb7c610 .scope module, "SB_DFFNESR" "SB_DFFNESR" 3 1203;
 .timescale -12 -12;
    .port_info 0 /OUTPUT 1 "Q";
    .port_info 1 /INPUT 1 "C";
    .port_info 2 /INPUT 1 "E";
    .port_info 3 /INPUT 1 "R";
    .port_info 4 /INPUT 1 "D";
o00000114dbb94c18 .functor BUFZ 1, c4<z>; HiZ drive
v00000114dbbe4300_0 .net "C", 0 0, o00000114dbb94c18;  0 drivers
o00000114dbb94c48 .functor BUFZ 1, c4<z>; HiZ drive
v00000114dbbe30e0_0 .net "D", 0 0, o00000114dbb94c48;  0 drivers
o00000114dbb94c78 .functor BUFZ 1, c4<z>; HiZ drive
v00000114dbbe1c40_0 .net "E", 0 0, o00000114dbb94c78;  0 drivers
v00000114dbbe3360_0 .var "Q", 0 0;
o00000114dbb94cd8 .functor BUFZ 1, c4<z>; HiZ drive
v00000114dbbe34a0_0 .net "R", 0 0, o00000114dbb94cd8;  0 drivers
E_00000114dbb62b50 .event negedge, v00000114dbbe4300_0;
S_00000114dbb7c7a0 .scope module, "SB_DFFNESS" "SB_DFFNESS" 3 1344;
 .timescale -12 -12;
    .port_info 0 /OUTPUT 1 "Q";
    .port_info 1 /INPUT 1 "C";
    .port_info 2 /INPUT 1 "E";
    .port_info 3 /INPUT 1 "S";
    .port_info 4 /INPUT 1 "D";
o00000114dbb94df8 .functor BUFZ 1, c4<z>; HiZ drive
v00000114dbbe1240_0 .net "C", 0 0, o00000114dbb94df8;  0 drivers
o00000114dbb94e28 .functor BUFZ 1, c4<z>; HiZ drive
v00000114dbbe2820_0 .net "D", 0 0, o00000114dbb94e28;  0 drivers
o00000114dbb94e58 .functor BUFZ 1, c4<z>; HiZ drive
v00000114dbbe2780_0 .net "E", 0 0, o00000114dbb94e58;  0 drivers
v00000114dbbe3400_0 .var "Q", 0 0;
o00000114dbb94eb8 .functor BUFZ 1, c4<z>; HiZ drive
v00000114dbbe19c0_0 .net "S", 0 0, o00000114dbb94eb8;  0 drivers
E_00000114dbb62150 .event negedge, v00000114dbbe1240_0;
S_00000114dbb7c160 .scope module, "SB_DFFNR" "SB_DFFNR" 3 1011;
 .timescale -12 -12;
    .port_info 0 /OUTPUT 1 "Q";
    .port_info 1 /INPUT 1 "C";
    .port_info 2 /INPUT 1 "R";
    .port_info 3 /INPUT 1 "D";
o00000114dbb94fd8 .functor BUFZ 1, c4<z>; HiZ drive
v00000114dbbe1a60_0 .net "C", 0 0, o00000114dbb94fd8;  0 drivers
o00000114dbb95008 .functor BUFZ 1, c4<z>; HiZ drive
v00000114dbbe1b00_0 .net "D", 0 0, o00000114dbb95008;  0 drivers
v00000114dbbe1ce0_0 .var "Q", 0 0;
o00000114dbb95068 .functor BUFZ 1, c4<z>; HiZ drive
v00000114dbbe1060_0 .net "R", 0 0, o00000114dbb95068;  0 drivers
E_00000114dbb620d0/0 .event negedge, v00000114dbbe1a60_0;
E_00000114dbb620d0/1 .event posedge, v00000114dbbe1060_0;
E_00000114dbb620d0 .event/or E_00000114dbb620d0/0, E_00000114dbb620d0/1;
S_00000114dbb7cde0 .scope module, "SB_DFFNS" "SB_DFFNS" 3 1132;
 .timescale -12 -12;
    .port_info 0 /OUTPUT 1 "Q";
    .port_info 1 /INPUT 1 "C";
    .port_info 2 /INPUT 1 "S";
    .port_info 3 /INPUT 1 "D";
o00000114dbb95158 .functor BUFZ 1, c4<z>; HiZ drive
v00000114dbbe2140_0 .net "C", 0 0, o00000114dbb95158;  0 drivers
o00000114dbb95188 .functor BUFZ 1, c4<z>; HiZ drive
v00000114dbbe28c0_0 .net "D", 0 0, o00000114dbb95188;  0 drivers
v00000114dbbe1d80_0 .var "Q", 0 0;
o00000114dbb951e8 .functor BUFZ 1, c4<z>; HiZ drive
v00000114dbbe1920_0 .net "S", 0 0, o00000114dbb951e8;  0 drivers
E_00000114dbb62d50/0 .event negedge, v00000114dbbe2140_0;
E_00000114dbb62d50/1 .event posedge, v00000114dbbe1920_0;
E_00000114dbb62d50 .event/or E_00000114dbb62d50/0, E_00000114dbb62d50/1;
S_00000114dbb7c2f0 .scope module, "SB_DFFNSR" "SB_DFFNSR" 3 961;
 .timescale -12 -12;
    .port_info 0 /OUTPUT 1 "Q";
    .port_info 1 /INPUT 1 "C";
    .port_info 2 /INPUT 1 "R";
    .port_info 3 /INPUT 1 "D";
o00000114dbb952d8 .functor BUFZ 1, c4<z>; HiZ drive
v00000114dbbe1100_0 .net "C", 0 0, o00000114dbb952d8;  0 drivers
o00000114dbb95308 .functor BUFZ 1, c4<z>; HiZ drive
v00000114dbbe11a0_0 .net "D", 0 0, o00000114dbb95308;  0 drivers
v00000114dbbe2500_0 .var "Q", 0 0;
o00000114dbb95368 .functor BUFZ 1, c4<z>; HiZ drive
v00000114dbbe3180_0 .net "R", 0 0, o00000114dbb95368;  0 drivers
E_00000114dbb62650 .event negedge, v00000114dbbe1100_0;
S_00000114dbb7cf70 .scope module, "SB_DFFNSS" "SB_DFFNSS" 3 1082;
 .timescale -12 -12;
    .port_info 0 /OUTPUT 1 "Q";
    .port_info 1 /INPUT 1 "C";
    .port_info 2 /INPUT 1 "S";
    .port_info 3 /INPUT 1 "D";
o00000114dbb95458 .functor BUFZ 1, c4<z>; HiZ drive
v00000114dbbe2640_0 .net "C", 0 0, o00000114dbb95458;  0 drivers
o00000114dbb95488 .functor BUFZ 1, c4<z>; HiZ drive
v00000114dbbe2960_0 .net "D", 0 0, o00000114dbb95488;  0 drivers
v00000114dbbe16a0_0 .var "Q", 0 0;
o00000114dbb954e8 .functor BUFZ 1, c4<z>; HiZ drive
v00000114dbbe2280_0 .net "S", 0 0, o00000114dbb954e8;  0 drivers
E_00000114dbb61dd0 .event negedge, v00000114dbbe2640_0;
S_00000114dbb7c480 .scope module, "SB_DFFR" "SB_DFFR" 3 400;
 .timescale -12 -12;
    .port_info 0 /OUTPUT 1 "Q";
    .port_info 1 /INPUT 1 "C";
    .port_info 2 /INPUT 1 "R";
    .port_info 3 /INPUT 1 "D";
o00000114dbb955d8 .functor BUFZ 1, c4<z>; HiZ drive
v00000114dbbe17e0_0 .net "C", 0 0, o00000114dbb955d8;  0 drivers
o00000114dbb95608 .functor BUFZ 1, c4<z>; HiZ drive
v00000114dbbe2a00_0 .net "D", 0 0, o00000114dbb95608;  0 drivers
v00000114dbbe2c80_0 .var "Q", 0 0;
o00000114dbb95668 .functor BUFZ 1, c4<z>; HiZ drive
v00000114dbbe3040_0 .net "R", 0 0, o00000114dbb95668;  0 drivers
E_00000114dbb62610 .event posedge, v00000114dbbe3040_0, v00000114dbbe17e0_0;
S_00000114dbb7c930 .scope module, "SB_DFFS" "SB_DFFS" 3 521;
 .timescale -12 -12;
    .port_info 0 /OUTPUT 1 "Q";
    .port_info 1 /INPUT 1 "C";
    .port_info 2 /INPUT 1 "S";
    .port_info 3 /INPUT 1 "D";
o00000114dbb95758 .functor BUFZ 1, c4<z>; HiZ drive
v00000114dbbe1e20_0 .net "C", 0 0, o00000114dbb95758;  0 drivers
o00000114dbb95788 .functor BUFZ 1, c4<z>; HiZ drive
v00000114dbbe12e0_0 .net "D", 0 0, o00000114dbb95788;  0 drivers
v00000114dbbe1ba0_0 .var "Q", 0 0;
o00000114dbb957e8 .functor BUFZ 1, c4<z>; HiZ drive
v00000114dbbe2aa0_0 .net "S", 0 0, o00000114dbb957e8;  0 drivers
E_00000114dbb622d0 .event posedge, v00000114dbbe2aa0_0, v00000114dbbe1e20_0;
S_00000114dbb7cac0 .scope module, "SB_DFFSR" "SB_DFFSR" 3 350;
 .timescale -12 -12;
    .port_info 0 /OUTPUT 1 "Q";
    .port_info 1 /INPUT 1 "C";
    .port_info 2 /INPUT 1 "R";
    .port_info 3 /INPUT 1 "D";
o00000114dbb958d8 .functor BUFZ 1, c4<z>; HiZ drive
v00000114dbbe2b40_0 .net "C", 0 0, o00000114dbb958d8;  0 drivers
o00000114dbb95908 .functor BUFZ 1, c4<z>; HiZ drive
v00000114dbbe2be0_0 .net "D", 0 0, o00000114dbb95908;  0 drivers
v00000114dbbe2d20_0 .var "Q", 0 0;
o00000114dbb95968 .functor BUFZ 1, c4<z>; HiZ drive
v00000114dbbe21e0_0 .net "R", 0 0, o00000114dbb95968;  0 drivers
E_00000114dbb62790 .event posedge, v00000114dbbe2b40_0;
S_00000114dbb7cc50 .scope module, "SB_DFFSS" "SB_DFFSS" 3 471;
 .timescale -12 -12;
    .port_info 0 /OUTPUT 1 "Q";
    .port_info 1 /INPUT 1 "C";
    .port_info 2 /INPUT 1 "S";
    .port_info 3 /INPUT 1 "D";
o00000114dbb95a58 .functor BUFZ 1, c4<z>; HiZ drive
v00000114dbbe1ec0_0 .net "C", 0 0, o00000114dbb95a58;  0 drivers
o00000114dbb95a88 .functor BUFZ 1, c4<z>; HiZ drive
v00000114dbbe26e0_0 .net "D", 0 0, o00000114dbb95a88;  0 drivers
v00000114dbbe2320_0 .var "Q", 0 0;
o00000114dbb95ae8 .functor BUFZ 1, c4<z>; HiZ drive
v00000114dbbe1740_0 .net "S", 0 0, o00000114dbb95ae8;  0 drivers
E_00000114dbb623d0 .event posedge, v00000114dbbe1ec0_0;
S_00000114dbb7e430 .scope module, "SB_FILTER_50NS" "SB_FILTER_50NS" 3 2856;
 .timescale -12 -12;
    .port_info 0 /INPUT 1 "FILTERIN";
    .port_info 1 /OUTPUT 1 "FILTEROUT";
o00000114dbb95bd8 .functor BUFZ 1, c4<z>; HiZ drive
v00000114dbbe0de0_0 .net "FILTERIN", 0 0, o00000114dbb95bd8;  0 drivers
o00000114dbb95c08 .functor BUFZ 1, c4<z>; HiZ drive
v00000114dbbe23c0_0 .net "FILTEROUT", 0 0, o00000114dbb95c08;  0 drivers
S_00000114dbb7e5c0 .scope module, "SB_GB" "SB_GB" 3 162;
 .timescale -12 -12;
    .port_info 0 /INPUT 1 "USER_SIGNAL_TO_GLOBAL_BUFFER";
    .port_info 1 /OUTPUT 1 "GLOBAL_BUFFER_OUTPUT";
o00000114dbb95cc8 .functor BUFZ 1, c4<z>; HiZ drive
L_00000114dbb6dee0 .functor BUFZ 1, o00000114dbb95cc8, C4<0>, C4<0>, C4<0>;
v00000114dbbe1380_0 .net "GLOBAL_BUFFER_OUTPUT", 0 0, L_00000114dbb6dee0;  1 drivers
v00000114dbbe2460_0 .net "USER_SIGNAL_TO_GLOBAL_BUFFER", 0 0, o00000114dbb95cc8;  0 drivers
S_00000114dbb7ea70 .scope module, "SB_GB_IO" "SB_GB_IO" 3 123;
 .timescale -12 -12;
    .port_info 0 /INOUT 1 "PACKAGE_PIN";
    .port_info 1 /OUTPUT 1 "GLOBAL_BUFFER_OUTPUT";
    .port_info 2 /INPUT 1 "LATCH_INPUT_VALUE";
    .port_info 3 /INPUT 1 "CLOCK_ENABLE";
    .port_info 4 /INPUT 1 "INPUT_CLK";
    .port_info 5 /INPUT 1 "OUTPUT_CLK";
    .port_info 6 /INPUT 1 "OUTPUT_ENABLE";
    .port_info 7 /INPUT 1 "D_OUT_0";
    .port_info 8 /INPUT 1 "D_OUT_1";
    .port_info 9 /OUTPUT 1 "D_IN_0";
    .port_info 10 /OUTPUT 1 "D_IN_1";
P_00000114db852ff0 .param/str "IO_STANDARD" 0 3 139, "SB_LVCMOS";
P_00000114db853028 .param/l "NEG_TRIGGER" 0 3 138, C4<0>;
P_00000114db853060 .param/l "PIN_TYPE" 0 3 136, C4<000000>;
P_00000114db853098 .param/l "PULLUP" 0 3 137, C4<0>;
o00000114dbb95f08 .functor BUFZ 1, c4<z>; HiZ drive
L_00000114dbb6ec70 .functor BUFZ 1, o00000114dbb95f08, C4<0>, C4<0>, C4<0>;
o00000114dbb95d58 .functor BUFZ 1, c4<z>; HiZ drive
v00000114dbbe84f0_0 .net "CLOCK_ENABLE", 0 0, o00000114dbb95d58;  0 drivers
v00000114dbbe75f0_0 .net "D_IN_0", 0 0, L_00000114dbb6df50;  1 drivers
v00000114dbbe8270_0 .net "D_IN_1", 0 0, L_00000114dbb6dd90;  1 drivers
o00000114dbb95de8 .functor BUFZ 1, c4<z>; HiZ drive
v00000114dbbe89f0_0 .net "D_OUT_0", 0 0, o00000114dbb95de8;  0 drivers
o00000114dbb95e18 .functor BUFZ 1, c4<z>; HiZ drive
v00000114dbbe88b0_0 .net "D_OUT_1", 0 0, o00000114dbb95e18;  0 drivers
v00000114dbbe7870_0 .net "GLOBAL_BUFFER_OUTPUT", 0 0, L_00000114dbb6ec70;  1 drivers
o00000114dbb95e48 .functor BUFZ 1, c4<z>; HiZ drive
v00000114dbbe8c70_0 .net "INPUT_CLK", 0 0, o00000114dbb95e48;  0 drivers
o00000114dbb95e78 .functor BUFZ 1, c4<z>; HiZ drive
v00000114dbbe8bd0_0 .net "LATCH_INPUT_VALUE", 0 0, o00000114dbb95e78;  0 drivers
o00000114dbb95ea8 .functor BUFZ 1, c4<z>; HiZ drive
v00000114dbbe8b30_0 .net "OUTPUT_CLK", 0 0, o00000114dbb95ea8;  0 drivers
o00000114dbb95ed8 .functor BUFZ 1, c4<z>; HiZ drive
v00000114dbbe7b90_0 .net "OUTPUT_ENABLE", 0 0, o00000114dbb95ed8;  0 drivers
v00000114dbbe8810_0 .net "PACKAGE_PIN", 0 0, o00000114dbb95f08;  0 drivers
S_00000114dbb825f0 .scope module, "IO" "SB_IO" 3 148, 3 17 0, S_00000114dbb7ea70;
 .timescale -12 -12;
    .port_info 0 /INOUT 1 "PACKAGE_PIN";
    .port_info 1 /INPUT 1 "LATCH_INPUT_VALUE";
    .port_info 2 /INPUT 1 "CLOCK_ENABLE";
    .port_info 3 /INPUT 1 "INPUT_CLK";
    .port_info 4 /INPUT 1 "OUTPUT_CLK";
    .port_info 5 /INPUT 1 "OUTPUT_ENABLE";
    .port_info 6 /INPUT 1 "D_OUT_0";
    .port_info 7 /INPUT 1 "D_OUT_1";
    .port_info 8 /OUTPUT 1 "D_IN_0";
    .port_info 9 /OUTPUT 1 "D_IN_1";
P_00000114db806ba0 .param/str "IO_STANDARD" 0 3 32, "SB_LVCMOS";
P_00000114db806bd8 .param/l "NEG_TRIGGER" 0 3 31, C4<0>;
P_00000114db806c10 .param/l "PIN_TYPE" 0 3 29, C4<000000>;
P_00000114db806c48 .param/l "PULLUP" 0 3 30, C4<0>;
L_00000114dbb6e420 .functor OR 1, o00000114dbb95d58, L_00000114dbc6c840, C4<0>, C4<0>;
L_00000114dbb6df50 .functor BUFZ 1, v00000114dbbe1420_0, C4<0>, C4<0>, C4<0>;
L_00000114dbb6dd90 .functor BUFZ 1, v00000114dbbe14c0_0, C4<0>, C4<0>, C4<0>;
v00000114dbbe25a0_0 .net "CLOCK_ENABLE", 0 0, o00000114dbb95d58;  alias, 0 drivers
v00000114dbbe0e80_0 .net "D_IN_0", 0 0, L_00000114dbb6df50;  alias, 1 drivers
v00000114dbbe1f60_0 .net "D_IN_1", 0 0, L_00000114dbb6dd90;  alias, 1 drivers
v00000114dbbe0f20_0 .net "D_OUT_0", 0 0, o00000114dbb95de8;  alias, 0 drivers
v00000114dbbe20a0_0 .net "D_OUT_1", 0 0, o00000114dbb95e18;  alias, 0 drivers
v00000114dbbe2dc0_0 .net "INPUT_CLK", 0 0, o00000114dbb95e48;  alias, 0 drivers
v00000114dbbe2000_0 .net "LATCH_INPUT_VALUE", 0 0, o00000114dbb95e78;  alias, 0 drivers
v00000114dbbe2e60_0 .net "OUTPUT_CLK", 0 0, o00000114dbb95ea8;  alias, 0 drivers
v00000114dbbe2f00_0 .net "OUTPUT_ENABLE", 0 0, o00000114dbb95ed8;  alias, 0 drivers
v00000114dbbe1880_0 .net "PACKAGE_PIN", 0 0, o00000114dbb95f08;  alias, 0 drivers
o00000114dbb95f38 .functor BUFZ 1, c4<z>; HiZ drive
; Elide local net with no drivers, v00000114dbbe0fc0_0 name=_ivl_0
v00000114dbbe2fa0_0 .net *"_ivl_2", 0 0, L_00000114dbc6c840;  1 drivers
v00000114dbbe3220_0 .net "clken_pulled", 0 0, L_00000114dbb6e420;  1 drivers
v00000114dbbe32c0_0 .var "clken_pulled_ri", 0 0;
v00000114dbbe3540_0 .var "clken_pulled_ro", 0 0;
v00000114dbbe1420_0 .var "din_0", 0 0;
v00000114dbbe14c0_0 .var "din_1", 0 0;
v00000114dbbe1560_0 .var "din_q_0", 0 0;
v00000114dbbe1600_0 .var "din_q_1", 0 0;
v00000114dbbe77d0_0 .var "dout", 0 0;
v00000114dbbe83b0_0 .var "dout_q_0", 0 0;
v00000114dbbe7eb0_0 .var "dout_q_1", 0 0;
v00000114dbbe7f50_0 .var "outclk_delayed_1", 0 0;
v00000114dbbe8450_0 .var "outclk_delayed_2", 0 0;
v00000114dbbe7ff0_0 .var "outena_q", 0 0;
E_00000114dbb62bd0 .event anyedge, v00000114dbbe8450_0, v00000114dbbe83b0_0, v00000114dbbe7eb0_0;
E_00000114dbb62c10 .event anyedge, v00000114dbbe7f50_0;
E_00000114dbb62410 .event anyedge, v00000114dbbe2e60_0;
E_00000114dbb62450 .event anyedge, v00000114dbbe1560_0, v00000114dbbe1600_0;
L_00000114dbc6c840 .cmp/eeq 1, o00000114dbb95d58, o00000114dbb95f38;
S_00000114dbb82c30 .scope generate, "genblk1" "genblk1" 3 45, 3 45 0, S_00000114dbb825f0;
 .timescale -12 -12;
E_00000114dbb62c50 .event posedge, v00000114dbbe2e60_0;
E_00000114dbb624d0 .event negedge, v00000114dbbe2e60_0;
E_00000114dbb62690 .event negedge, v00000114dbbe2dc0_0;
E_00000114dbb62710 .event posedge, v00000114dbbe2dc0_0;
S_00000114dbb7e750 .scope module, "SB_HFOSC" "SB_HFOSC" 3 2664;
 .timescale -12 -12;
    .port_info 0 /INPUT 1 "TRIM0";
    .port_info 1 /INPUT 1 "TRIM1";
    .port_info 2 /INPUT 1 "TRIM2";
    .port_info 3 /INPUT 1 "TRIM3";
    .port_info 4 /INPUT 1 "TRIM4";
    .port_info 5 /INPUT 1 "TRIM5";
    .port_info 6 /INPUT 1 "TRIM6";
    .port_info 7 /INPUT 1 "TRIM7";
    .port_info 8 /INPUT 1 "TRIM8";
    .port_info 9 /INPUT 1 "TRIM9";
    .port_info 10 /INPUT 1 "CLKHFPU";
    .port_info 11 /INPUT 1 "CLKHFEN";
    .port_info 12 /OUTPUT 1 "CLKHF";
P_00000114db997510 .param/str "CLKHF_DIV" 0 3 2680, "0b00";
P_00000114db997548 .param/str "TRIM_EN" 0 3 2679, "0b0";
o00000114dbb96628 .functor BUFZ 1, c4<z>; HiZ drive
v00000114dbbe8a90_0 .net "CLKHF", 0 0, o00000114dbb96628;  0 drivers
o00000114dbb96658 .functor BUFZ 1, c4<z>; HiZ drive
v00000114dbbe7910_0 .net "CLKHFEN", 0 0, o00000114dbb96658;  0 drivers
o00000114dbb96688 .functor BUFZ 1, c4<z>; HiZ drive
v00000114dbbe8310_0 .net "CLKHFPU", 0 0, o00000114dbb96688;  0 drivers
o00000114dbb966b8 .functor BUFZ 1, c4<z>; HiZ drive
v00000114dbbe8770_0 .net "TRIM0", 0 0, o00000114dbb966b8;  0 drivers
o00000114dbb966e8 .functor BUFZ 1, c4<z>; HiZ drive
v00000114dbbe8950_0 .net "TRIM1", 0 0, o00000114dbb966e8;  0 drivers
o00000114dbb96718 .functor BUFZ 1, c4<z>; HiZ drive
v00000114dbbe7af0_0 .net "TRIM2", 0 0, o00000114dbb96718;  0 drivers
o00000114dbb96748 .functor BUFZ 1, c4<z>; HiZ drive
v00000114dbbe8590_0 .net "TRIM3", 0 0, o00000114dbb96748;  0 drivers
o00000114dbb96778 .functor BUFZ 1, c4<z>; HiZ drive
v00000114dbbe7690_0 .net "TRIM4", 0 0, o00000114dbb96778;  0 drivers
o00000114dbb967a8 .functor BUFZ 1, c4<z>; HiZ drive
v00000114dbbe8630_0 .net "TRIM5", 0 0, o00000114dbb967a8;  0 drivers
o00000114dbb967d8 .functor BUFZ 1, c4<z>; HiZ drive
v00000114dbbe7a50_0 .net "TRIM6", 0 0, o00000114dbb967d8;  0 drivers
o00000114dbb96808 .functor BUFZ 1, c4<z>; HiZ drive
v00000114dbbe8090_0 .net "TRIM7", 0 0, o00000114dbb96808;  0 drivers
o00000114dbb96838 .functor BUFZ 1, c4<z>; HiZ drive
v00000114dbbe79b0_0 .net "TRIM8", 0 0, o00000114dbb96838;  0 drivers
o00000114dbb96868 .functor BUFZ 1, c4<z>; HiZ drive
v00000114dbbe7c30_0 .net "TRIM9", 0 0, o00000114dbb96868;  0 drivers
S_00000114dbb7dc60 .scope module, "SB_I2C" "SB_I2C" 3 2733;
 .timescale -12 -12;
    .port_info 0 /INPUT 1 "SBCLKI";
    .port_info 1 /INPUT 1 "SBRWI";
    .port_info 2 /INPUT 1 "SBSTBI";
    .port_info 3 /INPUT 1 "SBADRI7";
    .port_info 4 /INPUT 1 "SBADRI6";
    .port_info 5 /INPUT 1 "SBADRI5";
    .port_info 6 /INPUT 1 "SBADRI4";
    .port_info 7 /INPUT 1 "SBADRI3";
    .port_info 8 /INPUT 1 "SBADRI2";
    .port_info 9 /INPUT 1 "SBADRI1";
    .port_info 10 /INPUT 1 "SBADRI0";
    .port_info 11 /INPUT 1 "SBDATI7";
    .port_info 12 /INPUT 1 "SBDATI6";
    .port_info 13 /INPUT 1 "SBDATI5";
    .port_info 14 /INPUT 1 "SBDATI4";
    .port_info 15 /INPUT 1 "SBDATI3";
    .port_info 16 /INPUT 1 "SBDATI2";
    .port_info 17 /INPUT 1 "SBDATI1";
    .port_info 18 /INPUT 1 "SBDATI0";
    .port_info 19 /INPUT 1 "SCLI";
    .port_info 20 /INPUT 1 "SDAI";
    .port_info 21 /OUTPUT 1 "SBDATO7";
    .port_info 22 /OUTPUT 1 "SBDATO6";
    .port_info 23 /OUTPUT 1 "SBDATO5";
    .port_info 24 /OUTPUT 1 "SBDATO4";
    .port_info 25 /OUTPUT 1 "SBDATO3";
    .port_info 26 /OUTPUT 1 "SBDATO2";
    .port_info 27 /OUTPUT 1 "SBDATO1";
    .port_info 28 /OUTPUT 1 "SBDATO0";
    .port_info 29 /OUTPUT 1 "SBACKO";
    .port_info 30 /OUTPUT 1 "I2CIRQ";
    .port_info 31 /OUTPUT 1 "I2CWKUP";
    .port_info 32 /OUTPUT 1 "SCLO";
    .port_info 33 /OUTPUT 1 "SCLOE";
    .port_info 34 /OUTPUT 1 "SDAO";
    .port_info 35 /OUTPUT 1 "SDAOE";
P_00000114db998410 .param/str "BUS_ADDR74" 0 3 2772, "0b0001";
P_00000114db998448 .param/str "I2C_SLAVE_INIT_ADDR" 0 3 2771, "0b1111100001";
o00000114dbb96b08 .functor BUFZ 1, c4<z>; HiZ drive
v00000114dbbe7cd0_0 .net "I2CIRQ", 0 0, o00000114dbb96b08;  0 drivers
o00000114dbb96b38 .functor BUFZ 1, c4<z>; HiZ drive
v00000114dbbe7d70_0 .net "I2CWKUP", 0 0, o00000114dbb96b38;  0 drivers
o00000114dbb96b68 .functor BUFZ 1, c4<z>; HiZ drive
v00000114dbbe86d0_0 .net "SBACKO", 0 0, o00000114dbb96b68;  0 drivers
o00000114dbb96b98 .functor BUFZ 1, c4<z>; HiZ drive
v00000114dbbe7730_0 .net "SBADRI0", 0 0, o00000114dbb96b98;  0 drivers
o00000114dbb96bc8 .functor BUFZ 1, c4<z>; HiZ drive
v00000114dbbe7e10_0 .net "SBADRI1", 0 0, o00000114dbb96bc8;  0 drivers
o00000114dbb96bf8 .functor BUFZ 1, c4<z>; HiZ drive
v00000114dbbe8130_0 .net "SBADRI2", 0 0, o00000114dbb96bf8;  0 drivers
o00000114dbb96c28 .functor BUFZ 1, c4<z>; HiZ drive
v00000114dbbe81d0_0 .net "SBADRI3", 0 0, o00000114dbb96c28;  0 drivers
o00000114dbb96c58 .functor BUFZ 1, c4<z>; HiZ drive
v00000114dbbe6ab0_0 .net "SBADRI4", 0 0, o00000114dbb96c58;  0 drivers
o00000114dbb96c88 .functor BUFZ 1, c4<z>; HiZ drive
v00000114dbbe7230_0 .net "SBADRI5", 0 0, o00000114dbb96c88;  0 drivers
o00000114dbb96cb8 .functor BUFZ 1, c4<z>; HiZ drive
v00000114dbbe5250_0 .net "SBADRI6", 0 0, o00000114dbb96cb8;  0 drivers
o00000114dbb96ce8 .functor BUFZ 1, c4<z>; HiZ drive
v00000114dbbe5b10_0 .net "SBADRI7", 0 0, o00000114dbb96ce8;  0 drivers
o00000114dbb96d18 .functor BUFZ 1, c4<z>; HiZ drive
v00000114dbbe7550_0 .net "SBCLKI", 0 0, o00000114dbb96d18;  0 drivers
o00000114dbb96d48 .functor BUFZ 1, c4<z>; HiZ drive
v00000114dbbe59d0_0 .net "SBDATI0", 0 0, o00000114dbb96d48;  0 drivers
o00000114dbb96d78 .functor BUFZ 1, c4<z>; HiZ drive
v00000114dbbe4df0_0 .net "SBDATI1", 0 0, o00000114dbb96d78;  0 drivers
o00000114dbb96da8 .functor BUFZ 1, c4<z>; HiZ drive
v00000114dbbe68d0_0 .net "SBDATI2", 0 0, o00000114dbb96da8;  0 drivers
o00000114dbb96dd8 .functor BUFZ 1, c4<z>; HiZ drive
v00000114dbbe5070_0 .net "SBDATI3", 0 0, o00000114dbb96dd8;  0 drivers
o00000114dbb96e08 .functor BUFZ 1, c4<z>; HiZ drive
v00000114dbbe6790_0 .net "SBDATI4", 0 0, o00000114dbb96e08;  0 drivers
o00000114dbb96e38 .functor BUFZ 1, c4<z>; HiZ drive
v00000114dbbe4f30_0 .net "SBDATI5", 0 0, o00000114dbb96e38;  0 drivers
o00000114dbb96e68 .functor BUFZ 1, c4<z>; HiZ drive
v00000114dbbe7410_0 .net "SBDATI6", 0 0, o00000114dbb96e68;  0 drivers
o00000114dbb96e98 .functor BUFZ 1, c4<z>; HiZ drive
v00000114dbbe6650_0 .net "SBDATI7", 0 0, o00000114dbb96e98;  0 drivers
o00000114dbb96ec8 .functor BUFZ 1, c4<z>; HiZ drive
v00000114dbbe6830_0 .net "SBDATO0", 0 0, o00000114dbb96ec8;  0 drivers
o00000114dbb96ef8 .functor BUFZ 1, c4<z>; HiZ drive
v00000114dbbe6970_0 .net "SBDATO1", 0 0, o00000114dbb96ef8;  0 drivers
o00000114dbb96f28 .functor BUFZ 1, c4<z>; HiZ drive
v00000114dbbe74b0_0 .net "SBDATO2", 0 0, o00000114dbb96f28;  0 drivers
o00000114dbb96f58 .functor BUFZ 1, c4<z>; HiZ drive
v00000114dbbe5e30_0 .net "SBDATO3", 0 0, o00000114dbb96f58;  0 drivers
o00000114dbb96f88 .functor BUFZ 1, c4<z>; HiZ drive
v00000114dbbe5930_0 .net "SBDATO4", 0 0, o00000114dbb96f88;  0 drivers
o00000114dbb96fb8 .functor BUFZ 1, c4<z>; HiZ drive
v00000114dbbe4e90_0 .net "SBDATO5", 0 0, o00000114dbb96fb8;  0 drivers
o00000114dbb96fe8 .functor BUFZ 1, c4<z>; HiZ drive
v00000114dbbe51b0_0 .net "SBDATO6", 0 0, o00000114dbb96fe8;  0 drivers
o00000114dbb97018 .functor BUFZ 1, c4<z>; HiZ drive
v00000114dbbe6a10_0 .net "SBDATO7", 0 0, o00000114dbb97018;  0 drivers
o00000114dbb97048 .functor BUFZ 1, c4<z>; HiZ drive
v00000114dbbe6b50_0 .net "SBRWI", 0 0, o00000114dbb97048;  0 drivers
o00000114dbb97078 .functor BUFZ 1, c4<z>; HiZ drive
v00000114dbbe5110_0 .net "SBSTBI", 0 0, o00000114dbb97078;  0 drivers
o00000114dbb970a8 .functor BUFZ 1, c4<z>; HiZ drive
v00000114dbbe5a70_0 .net "SCLI", 0 0, o00000114dbb970a8;  0 drivers
o00000114dbb970d8 .functor BUFZ 1, c4<z>; HiZ drive
v00000114dbbe6bf0_0 .net "SCLO", 0 0, o00000114dbb970d8;  0 drivers
o00000114dbb97108 .functor BUFZ 1, c4<z>; HiZ drive
v00000114dbbe6510_0 .net "SCLOE", 0 0, o00000114dbb97108;  0 drivers
o00000114dbb97138 .functor BUFZ 1, c4<z>; HiZ drive
v00000114dbbe5f70_0 .net "SDAI", 0 0, o00000114dbb97138;  0 drivers
o00000114dbb97168 .functor BUFZ 1, c4<z>; HiZ drive
v00000114dbbe72d0_0 .net "SDAO", 0 0, o00000114dbb97168;  0 drivers
o00000114dbb97198 .functor BUFZ 1, c4<z>; HiZ drive
v00000114dbbe52f0_0 .net "SDAOE", 0 0, o00000114dbb97198;  0 drivers
S_00000114dbb7e8e0 .scope module, "SB_IO_I3C" "SB_IO_I3C" 3 2862;
 .timescale -12 -12;
    .port_info 0 /INOUT 1 "PACKAGE_PIN";
    .port_info 1 /INPUT 1 "LATCH_INPUT_VALUE";
    .port_info 2 /INPUT 1 "CLOCK_ENABLE";
    .port_info 3 /INPUT 1 "INPUT_CLK";
    .port_info 4 /INPUT 1 "OUTPUT_CLK";
    .port_info 5 /INPUT 1 "OUTPUT_ENABLE";
    .port_info 6 /INPUT 1 "D_OUT_0";
    .port_info 7 /INPUT 1 "D_OUT_1";
    .port_info 8 /OUTPUT 1 "D_IN_0";
    .port_info 9 /OUTPUT 1 "D_IN_1";
    .port_info 10 /INPUT 1 "PU_ENB";
    .port_info 11 /INPUT 1 "WEAK_PU_ENB";
P_00000114db8541b0 .param/str "IO_STANDARD" 0 3 2880, "SB_LVCMOS";
P_00000114db8541e8 .param/l "NEG_TRIGGER" 0 3 2879, C4<0>;
P_00000114db854220 .param/l "PIN_TYPE" 0 3 2876, C4<000000>;
P_00000114db854258 .param/l "PULLUP" 0 3 2877, C4<0>;
P_00000114db854290 .param/l "WEAK_PULLUP" 0 3 2878, C4<0>;
L_00000114dbb6ee30 .functor BUFZ 1, v00000114dbbe6d30_0, C4<0>, C4<0>, C4<0>;
L_00000114dbb6e030 .functor BUFZ 1, v00000114dbbe6010_0, C4<0>, C4<0>, C4<0>;
o00000114dbb97888 .functor BUFZ 1, c4<z>; HiZ drive
v00000114dbbe6290_0 .net "CLOCK_ENABLE", 0 0, o00000114dbb97888;  0 drivers
v00000114dbbe66f0_0 .net "D_IN_0", 0 0, L_00000114dbb6ee30;  1 drivers
v00000114dbbe56b0_0 .net "D_IN_1", 0 0, L_00000114dbb6e030;  1 drivers
o00000114dbb97918 .functor BUFZ 1, c4<z>; HiZ drive
v00000114dbbe4fd0_0 .net "D_OUT_0", 0 0, o00000114dbb97918;  0 drivers
o00000114dbb97948 .functor BUFZ 1, c4<z>; HiZ drive
v00000114dbbe5ed0_0 .net "D_OUT_1", 0 0, o00000114dbb97948;  0 drivers
o00000114dbb97978 .functor BUFZ 1, c4<z>; HiZ drive
v00000114dbbe5390_0 .net "INPUT_CLK", 0 0, o00000114dbb97978;  0 drivers
o00000114dbb979a8 .functor BUFZ 1, c4<z>; HiZ drive
v00000114dbbe65b0_0 .net "LATCH_INPUT_VALUE", 0 0, o00000114dbb979a8;  0 drivers
o00000114dbb979d8 .functor BUFZ 1, c4<z>; HiZ drive
v00000114dbbe5430_0 .net "OUTPUT_CLK", 0 0, o00000114dbb979d8;  0 drivers
o00000114dbb97a08 .functor BUFZ 1, c4<z>; HiZ drive
v00000114dbbe63d0_0 .net "OUTPUT_ENABLE", 0 0, o00000114dbb97a08;  0 drivers
o00000114dbb97a38 .functor BUFZ 1, c4<z>; HiZ drive
v00000114dbbe54d0_0 .net "PACKAGE_PIN", 0 0, o00000114dbb97a38;  0 drivers
o00000114dbb97a68 .functor BUFZ 1, c4<z>; HiZ drive
v00000114dbbe5bb0_0 .net "PU_ENB", 0 0, o00000114dbb97a68;  0 drivers
o00000114dbb97a98 .functor BUFZ 1, c4<z>; HiZ drive
v00000114dbbe6c90_0 .net "WEAK_PU_ENB", 0 0, o00000114dbb97a98;  0 drivers
v00000114dbbe6d30_0 .var "din_0", 0 0;
v00000114dbbe6010_0 .var "din_1", 0 0;
v00000114dbbe7370_0 .var "din_q_0", 0 0;
v00000114dbbe5570_0 .var "din_q_1", 0 0;
v00000114dbbe70f0_0 .var "dout", 0 0;
v00000114dbbe5c50_0 .var "dout_q_0", 0 0;
v00000114dbbe6dd0_0 .var "dout_q_1", 0 0;
v00000114dbbe5610_0 .var "outclk_delayed_1", 0 0;
v00000114dbbe5750_0 .var "outclk_delayed_2", 0 0;
v00000114dbbe57f0_0 .var "outena_q", 0 0;
E_00000114dbb62750 .event anyedge, v00000114dbbe5750_0, v00000114dbbe5c50_0, v00000114dbbe6dd0_0;
E_00000114dbb63010 .event anyedge, v00000114dbbe5610_0;
E_00000114dbb63c10 .event anyedge, v00000114dbbe5430_0;
E_00000114dbb62f50 .event anyedge, v00000114dbbe7370_0, v00000114dbbe5570_0;
S_00000114dbb82f50 .scope generate, "genblk1" "genblk1" 3 2888, 3 2888 0, S_00000114dbb7e8e0;
 .timescale -12 -12;
E_00000114dbb63250 .event posedge, v00000114dbbe5430_0;
E_00000114dbb63350 .event negedge, v00000114dbbe5430_0;
E_00000114dbb62e90 .event negedge, v00000114dbbe5390_0;
E_00000114dbb63050 .event posedge, v00000114dbbe5390_0;
S_00000114dbb7d490 .scope module, "SB_IO_OD" "SB_IO_OD" 3 2931;
 .timescale -12 -12;
    .port_info 0 /INOUT 1 "PACKAGEPIN";
    .port_info 1 /INPUT 1 "LATCHINPUTVALUE";
    .port_info 2 /INPUT 1 "CLOCKENABLE";
    .port_info 3 /INPUT 1 "INPUTCLK";
    .port_info 4 /INPUT 1 "OUTPUTCLK";
    .port_info 5 /INPUT 1 "OUTPUTENABLE";
    .port_info 6 /INPUT 1 "DOUT1";
    .port_info 7 /INPUT 1 "DOUT0";
    .port_info 8 /OUTPUT 1 "DIN1";
    .port_info 9 /OUTPUT 1 "DIN0";
P_00000114db998490 .param/l "NEG_TRIGGER" 0 3 2944, C4<0>;
P_00000114db9984c8 .param/l "PIN_TYPE" 0 3 2943, C4<000000>;
L_00000114dbb6e8f0 .functor BUFZ 1, v00000114dbbe61f0_0, C4<0>, C4<0>, C4<0>;
L_00000114dbb6f370 .functor BUFZ 1, v00000114dbbe6330_0, C4<0>, C4<0>, C4<0>;
o00000114dbb97ee8 .functor BUFZ 1, c4<z>; HiZ drive
v00000114dbbe6e70_0 .net "CLOCKENABLE", 0 0, o00000114dbb97ee8;  0 drivers
v00000114dbbe5890_0 .net "DIN0", 0 0, L_00000114dbb6e8f0;  1 drivers
v00000114dbbe6f10_0 .net "DIN1", 0 0, L_00000114dbb6f370;  1 drivers
o00000114dbb97f78 .functor BUFZ 1, c4<z>; HiZ drive
v00000114dbbe6fb0_0 .net "DOUT0", 0 0, o00000114dbb97f78;  0 drivers
o00000114dbb97fa8 .functor BUFZ 1, c4<z>; HiZ drive
v00000114dbbe7050_0 .net "DOUT1", 0 0, o00000114dbb97fa8;  0 drivers
o00000114dbb97fd8 .functor BUFZ 1, c4<z>; HiZ drive
v00000114dbbe5cf0_0 .net "INPUTCLK", 0 0, o00000114dbb97fd8;  0 drivers
o00000114dbb98008 .functor BUFZ 1, c4<z>; HiZ drive
v00000114dbbe7190_0 .net "LATCHINPUTVALUE", 0 0, o00000114dbb98008;  0 drivers
o00000114dbb98038 .functor BUFZ 1, c4<z>; HiZ drive
v00000114dbbe5d90_0 .net "OUTPUTCLK", 0 0, o00000114dbb98038;  0 drivers
o00000114dbb98068 .functor BUFZ 1, c4<z>; HiZ drive
v00000114dbbe60b0_0 .net "OUTPUTENABLE", 0 0, o00000114dbb98068;  0 drivers
o00000114dbb98098 .functor BUFZ 1, c4<z>; HiZ drive
v00000114dbbe6150_0 .net "PACKAGEPIN", 0 0, o00000114dbb98098;  0 drivers
v00000114dbbe61f0_0 .var "din_0", 0 0;
v00000114dbbe6330_0 .var "din_1", 0 0;
v00000114dbbe6470_0 .var "din_q_0", 0 0;
v00000114dbbe8f40_0 .var "din_q_1", 0 0;
v00000114dbbea200_0 .var "dout", 0 0;
v00000114dbbe9f80_0 .var "dout_q_0", 0 0;
v00000114dbbe9440_0 .var "dout_q_1", 0 0;
v00000114dbbea700_0 .var "outclk_delayed_1", 0 0;
v00000114dbbe9b20_0 .var "outclk_delayed_2", 0 0;
v00000114dbbea160_0 .var "outena_q", 0 0;
E_00000114dbb63d10 .event anyedge, v00000114dbbe9b20_0, v00000114dbbe9f80_0, v00000114dbbe9440_0;
E_00000114dbb62e50 .event anyedge, v00000114dbbea700_0;
E_00000114dbb63810 .event anyedge, v00000114dbbe5d90_0;
E_00000114dbb62d90 .event anyedge, v00000114dbbe6470_0, v00000114dbbe8f40_0;
S_00000114dbb830e0 .scope generate, "genblk1" "genblk1" 3 2952, 3 2952 0, S_00000114dbb7d490;
 .timescale -12 -12;
E_00000114dbb63390 .event posedge, v00000114dbbe5d90_0;
E_00000114dbb62f90 .event negedge, v00000114dbbe5d90_0;
E_00000114dbb63310 .event negedge, v00000114dbbe5cf0_0;
E_00000114dbb62e10 .event posedge, v00000114dbbe5cf0_0;
S_00000114dbb7d300 .scope module, "SB_LEDDA_IP" "SB_LEDDA_IP" 3 2830;
 .timescale -12 -12;
    .port_info 0 /INPUT 1 "LEDDCS";
    .port_info 1 /INPUT 1 "LEDDCLK";
    .port_info 2 /INPUT 1 "LEDDDAT7";
    .port_info 3 /INPUT 1 "LEDDDAT6";
    .port_info 4 /INPUT 1 "LEDDDAT5";
    .port_info 5 /INPUT 1 "LEDDDAT4";
    .port_info 6 /INPUT 1 "LEDDDAT3";
    .port_info 7 /INPUT 1 "LEDDDAT2";
    .port_info 8 /INPUT 1 "LEDDDAT1";
    .port_info 9 /INPUT 1 "LEDDDAT0";
    .port_info 10 /INPUT 1 "LEDDADDR3";
    .port_info 11 /INPUT 1 "LEDDADDR2";
    .port_info 12 /INPUT 1 "LEDDADDR1";
    .port_info 13 /INPUT 1 "LEDDADDR0";
    .port_info 14 /INPUT 1 "LEDDDEN";
    .port_info 15 /INPUT 1 "LEDDEXE";
    .port_info 16 /INPUT 1 "LEDDRST";
    .port_info 17 /OUTPUT 1 "PWMOUT0";
    .port_info 18 /OUTPUT 1 "PWMOUT1";
    .port_info 19 /OUTPUT 1 "PWMOUT2";
    .port_info 20 /OUTPUT 1 "LEDDON";
o00000114dbb98488 .functor BUFZ 1, c4<z>; HiZ drive
v00000114dbbe9c60_0 .net "LEDDADDR0", 0 0, o00000114dbb98488;  0 drivers
o00000114dbb984b8 .functor BUFZ 1, c4<z>; HiZ drive
v00000114dbbeb1a0_0 .net "LEDDADDR1", 0 0, o00000114dbb984b8;  0 drivers
o00000114dbb984e8 .functor BUFZ 1, c4<z>; HiZ drive
v00000114dbbe96c0_0 .net "LEDDADDR2", 0 0, o00000114dbb984e8;  0 drivers
o00000114dbb98518 .functor BUFZ 1, c4<z>; HiZ drive
v00000114dbbe9a80_0 .net "LEDDADDR3", 0 0, o00000114dbb98518;  0 drivers
o00000114dbb98548 .functor BUFZ 1, c4<z>; HiZ drive
v00000114dbbeb240_0 .net "LEDDCLK", 0 0, o00000114dbb98548;  0 drivers
o00000114dbb98578 .functor BUFZ 1, c4<z>; HiZ drive
v00000114dbbeaf20_0 .net "LEDDCS", 0 0, o00000114dbb98578;  0 drivers
o00000114dbb985a8 .functor BUFZ 1, c4<z>; HiZ drive
v00000114dbbeb560_0 .net "LEDDDAT0", 0 0, o00000114dbb985a8;  0 drivers
o00000114dbb985d8 .functor BUFZ 1, c4<z>; HiZ drive
v00000114dbbea980_0 .net "LEDDDAT1", 0 0, o00000114dbb985d8;  0 drivers
o00000114dbb98608 .functor BUFZ 1, c4<z>; HiZ drive
v00000114dbbeaca0_0 .net "LEDDDAT2", 0 0, o00000114dbb98608;  0 drivers
o00000114dbb98638 .functor BUFZ 1, c4<z>; HiZ drive
v00000114dbbeae80_0 .net "LEDDDAT3", 0 0, o00000114dbb98638;  0 drivers
o00000114dbb98668 .functor BUFZ 1, c4<z>; HiZ drive
v00000114dbbe9120_0 .net "LEDDDAT4", 0 0, o00000114dbb98668;  0 drivers
o00000114dbb98698 .functor BUFZ 1, c4<z>; HiZ drive
v00000114dbbe9580_0 .net "LEDDDAT5", 0 0, o00000114dbb98698;  0 drivers
o00000114dbb986c8 .functor BUFZ 1, c4<z>; HiZ drive
v00000114dbbe9300_0 .net "LEDDDAT6", 0 0, o00000114dbb986c8;  0 drivers
o00000114dbb986f8 .functor BUFZ 1, c4<z>; HiZ drive
v00000114dbbeab60_0 .net "LEDDDAT7", 0 0, o00000114dbb986f8;  0 drivers
o00000114dbb98728 .functor BUFZ 1, c4<z>; HiZ drive
v00000114dbbeafc0_0 .net "LEDDDEN", 0 0, o00000114dbb98728;  0 drivers
o00000114dbb98758 .functor BUFZ 1, c4<z>; HiZ drive
v00000114dbbe9800_0 .net "LEDDEXE", 0 0, o00000114dbb98758;  0 drivers
o00000114dbb98788 .functor BUFZ 1, c4<z>; HiZ drive
v00000114dbbe9ee0_0 .net "LEDDON", 0 0, o00000114dbb98788;  0 drivers
o00000114dbb987b8 .functor BUFZ 1, c4<z>; HiZ drive
v00000114dbbeb420_0 .net "LEDDRST", 0 0, o00000114dbb987b8;  0 drivers
o00000114dbb987e8 .functor BUFZ 1, c4<z>; HiZ drive
v00000114dbbea340_0 .net "PWMOUT0", 0 0, o00000114dbb987e8;  0 drivers
o00000114dbb98818 .functor BUFZ 1, c4<z>; HiZ drive
v00000114dbbeaa20_0 .net "PWMOUT1", 0 0, o00000114dbb98818;  0 drivers
o00000114dbb98848 .functor BUFZ 1, c4<z>; HiZ drive
v00000114dbbeb4c0_0 .net "PWMOUT2", 0 0, o00000114dbb98848;  0 drivers
S_00000114dbb7ed90 .scope module, "SB_LED_DRV_CUR" "SB_LED_DRV_CUR" 3 2709;
 .timescale -12 -12;
    .port_info 0 /INPUT 1 "EN";
    .port_info 1 /OUTPUT 1 "LEDPU";
o00000114dbb98c68 .functor BUFZ 1, c4<z>; HiZ drive
v00000114dbbea7a0_0 .net "EN", 0 0, o00000114dbb98c68;  0 drivers
o00000114dbb98c98 .functor BUFZ 1, c4<z>; HiZ drive
v00000114dbbead40_0 .net "LEDPU", 0 0, o00000114dbb98c98;  0 drivers
S_00000114dbb7d620 .scope module, "SB_LFOSC" "SB_LFOSC" 3 2684;
 .timescale -12 -12;
    .port_info 0 /INPUT 1 "CLKLFPU";
    .port_info 1 /INPUT 1 "CLKLFEN";
    .port_info 2 /OUTPUT 1 "CLKLF";
o00000114dbb98d28 .functor BUFZ 1, c4<z>; HiZ drive
v00000114dbbea0c0_0 .net "CLKLF", 0 0, o00000114dbb98d28;  0 drivers
o00000114dbb98d58 .functor BUFZ 1, c4<z>; HiZ drive
v00000114dbbea660_0 .net "CLKLFEN", 0 0, o00000114dbb98d58;  0 drivers
o00000114dbb98d88 .functor BUFZ 1, c4<z>; HiZ drive
v00000114dbbea840_0 .net "CLKLFPU", 0 0, o00000114dbb98d88;  0 drivers
S_00000114dbb7ef20 .scope module, "SB_LUT4" "SB_LUT4" 3 177;
 .timescale -12 -12;
    .port_info 0 /OUTPUT 1 "O";
    .port_info 1 /INPUT 1 "I0";
    .port_info 2 /INPUT 1 "I1";
    .port_info 3 /INPUT 1 "I2";
    .port_info 4 /INPUT 1 "I3";
P_00000114dbb62950 .param/l "LUT_INIT" 0 3 184, C4<0000000000000000>;
o00000114dbb98e48 .functor BUFZ 1, c4<z>; HiZ drive
v00000114dbbe99e0_0 .net "I0", 0 0, o00000114dbb98e48;  0 drivers
o00000114dbb98e78 .functor BUFZ 1, c4<z>; HiZ drive
v00000114dbbeaac0_0 .net "I1", 0 0, o00000114dbb98e78;  0 drivers
o00000114dbb98ea8 .functor BUFZ 1, c4<z>; HiZ drive
v00000114dbbea2a0_0 .net "I2", 0 0, o00000114dbb98ea8;  0 drivers
o00000114dbb98ed8 .functor BUFZ 1, c4<z>; HiZ drive
v00000114dbbe94e0_0 .net "I3", 0 0, o00000114dbb98ed8;  0 drivers
v00000114dbbe8fe0_0 .net "O", 0 0, L_00000114dbc6df60;  1 drivers
L_00000114dbc0e880 .functor BUFT 1, C4<00000000>, C4<0>, C4<0>, C4<0>;
v00000114dbbea3e0_0 .net/2u *"_ivl_0", 7 0, L_00000114dbc0e880;  1 drivers
v00000114dbbeb060_0 .net *"_ivl_13", 1 0, L_00000114dbc6c2a0;  1 drivers
v00000114dbbeac00_0 .net *"_ivl_15", 1 0, L_00000114dbc6c3e0;  1 drivers
v00000114dbbe9bc0_0 .net *"_ivl_19", 0 0, L_00000114dbc6ce80;  1 drivers
L_00000114dbc0e8c8 .functor BUFT 1, C4<00000000>, C4<0>, C4<0>, C4<0>;
v00000114dbbea480_0 .net/2u *"_ivl_2", 7 0, L_00000114dbc0e8c8;  1 drivers
v00000114dbbeb100_0 .net *"_ivl_21", 0 0, L_00000114dbc6cf20;  1 drivers
v00000114dbbe9da0_0 .net *"_ivl_7", 3 0, L_00000114dbc6bb20;  1 drivers
v00000114dbbe9080_0 .net *"_ivl_9", 3 0, L_00000114dbc6cac0;  1 drivers
v00000114dbbeade0_0 .net "s1", 1 0, L_00000114dbc6cde0;  1 drivers
v00000114dbbe9620_0 .net "s2", 3 0, L_00000114dbc6cb60;  1 drivers
v00000114dbbea8e0_0 .net "s3", 7 0, L_00000114dbc6da60;  1 drivers
L_00000114dbc6da60 .functor MUXZ 8, L_00000114dbc0e8c8, L_00000114dbc0e880, o00000114dbb98ed8, C4<>;
L_00000114dbc6bb20 .part L_00000114dbc6da60, 4, 4;
L_00000114dbc6cac0 .part L_00000114dbc6da60, 0, 4;
L_00000114dbc6cb60 .functor MUXZ 4, L_00000114dbc6cac0, L_00000114dbc6bb20, o00000114dbb98ea8, C4<>;
L_00000114dbc6c2a0 .part L_00000114dbc6cb60, 2, 2;
L_00000114dbc6c3e0 .part L_00000114dbc6cb60, 0, 2;
L_00000114dbc6cde0 .functor MUXZ 2, L_00000114dbc6c3e0, L_00000114dbc6c2a0, o00000114dbb98e78, C4<>;
L_00000114dbc6ce80 .part L_00000114dbc6cde0, 1, 1;
L_00000114dbc6cf20 .part L_00000114dbc6cde0, 0, 1;
L_00000114dbc6df60 .functor MUXZ 1, L_00000114dbc6cf20, L_00000114dbc6ce80, o00000114dbb98e48, C4<>;
S_00000114dbb7d170 .scope module, "SB_MAC16" "SB_MAC16" 3 2996;
 .timescale -12 -12;
    .port_info 0 /INPUT 1 "CLK";
    .port_info 1 /INPUT 1 "CE";
    .port_info 2 /INPUT 16 "C";
    .port_info 3 /INPUT 16 "A";
    .port_info 4 /INPUT 16 "B";
    .port_info 5 /INPUT 16 "D";
    .port_info 6 /INPUT 1 "AHOLD";
    .port_info 7 /INPUT 1 "BHOLD";
    .port_info 8 /INPUT 1 "CHOLD";
    .port_info 9 /INPUT 1 "DHOLD";
    .port_info 10 /INPUT 1 "IRSTTOP";
    .port_info 11 /INPUT 1 "IRSTBOT";
    .port_info 12 /INPUT 1 "ORSTTOP";
    .port_info 13 /INPUT 1 "ORSTBOT";
    .port_info 14 /INPUT 1 "OLOADTOP";
    .port_info 15 /INPUT 1 "OLOADBOT";
    .port_info 16 /INPUT 1 "ADDSUBTOP";
    .port_info 17 /INPUT 1 "ADDSUBBOT";
    .port_info 18 /INPUT 1 "OHOLDTOP";
    .port_info 19 /INPUT 1 "OHOLDBOT";
    .port_info 20 /INPUT 1 "CI";
    .port_info 21 /INPUT 1 "ACCUMCI";
    .port_info 22 /INPUT 1 "SIGNEXTIN";
    .port_info 23 /OUTPUT 32 "O";
    .port_info 24 /OUTPUT 1 "CO";
    .port_info 25 /OUTPUT 1 "ACCUMCO";
    .port_info 26 /OUTPUT 1 "SIGNEXTOUT";
P_00000114db85b060 .param/l "A_REG" 0 3 3011, C4<0>;
P_00000114db85b098 .param/l "A_SIGNED" 0 3 3027, C4<0>;
P_00000114db85b0d0 .param/l "BOTADDSUB_CARRYSELECT" 0 3 3025, C4<00>;
P_00000114db85b108 .param/l "BOTADDSUB_LOWERINPUT" 0 3 3023, C4<00>;
P_00000114db85b140 .param/l "BOTADDSUB_UPPERINPUT" 0 3 3024, C4<0>;
P_00000114db85b178 .param/l "BOTOUTPUT_SELECT" 0 3 3022, C4<00>;
P_00000114db85b1b0 .param/l "BOT_8x8_MULT_REG" 0 3 3015, C4<0>;
P_00000114db85b1e8 .param/l "B_REG" 0 3 3012, C4<0>;
P_00000114db85b220 .param/l "B_SIGNED" 0 3 3028, C4<0>;
P_00000114db85b258 .param/l "C_REG" 0 3 3010, C4<0>;
P_00000114db85b290 .param/l "D_REG" 0 3 3013, C4<0>;
P_00000114db85b2c8 .param/l "MODE_8x8" 0 3 3026, C4<0>;
P_00000114db85b300 .param/l "NEG_TRIGGER" 0 3 3009, C4<0>;
P_00000114db85b338 .param/l "PIPELINE_16x16_MULT_REG1" 0 3 3016, C4<0>;
P_00000114db85b370 .param/l "PIPELINE_16x16_MULT_REG2" 0 3 3017, C4<0>;
P_00000114db85b3a8 .param/l "TOPADDSUB_CARRYSELECT" 0 3 3021, C4<00>;
P_00000114db85b3e0 .param/l "TOPADDSUB_LOWERINPUT" 0 3 3019, C4<00>;
P_00000114db85b418 .param/l "TOPADDSUB_UPPERINPUT" 0 3 3020, C4<0>;
P_00000114db85b450 .param/l "TOPOUTPUT_SELECT" 0 3 3018, C4<00>;
P_00000114db85b488 .param/l "TOP_8x8_MULT_REG" 0 3 3014, C4<0>;
o00000114dbb99538 .functor BUFZ 1, c4<z>; HiZ drive
L_00000114dbc0e910 .functor BUFT 1, C4<0>, C4<0>, C4<0>, C4<0>;
L_00000114dbb6e3b0 .functor XOR 1, o00000114dbb99538, L_00000114dbc0e910, C4<0>, C4<0>;
o00000114dbb99478 .functor BUFZ 16, c4<zzzzzzzzzzzzzzzz>; HiZ drive
L_00000114dbb6f3e0 .functor BUFZ 16, o00000114dbb99478, C4<0000000000000000>, C4<0000000000000000>, C4<0000000000000000>;
o00000114dbb99238 .functor BUFZ 16, c4<zzzzzzzzzzzzzzzz>; HiZ drive
L_00000114dbb6f680 .functor BUFZ 16, o00000114dbb99238, C4<0000000000000000>, C4<0000000000000000>, C4<0000000000000000>;
o00000114dbb993b8 .functor BUFZ 16, c4<zzzzzzzzzzzzzzzz>; HiZ drive
L_00000114dbb6dfc0 .functor BUFZ 16, o00000114dbb993b8, C4<0000000000000000>, C4<0000000000000000>, C4<0000000000000000>;
o00000114dbb99598 .functor BUFZ 16, c4<zzzzzzzzzzzzzzzz>; HiZ drive
L_00000114dbb6e960 .functor BUFZ 16, o00000114dbb99598, C4<0000000000000000>, C4<0000000000000000>, C4<0000000000000000>;
L_00000114dbb6ea40 .functor BUFZ 16, L_00000114dbc6bee0, C4<0000000000000000>, C4<0000000000000000>, C4<0000000000000000>;
L_00000114dbb6f4c0 .functor BUFZ 16, L_00000114dbc6c160, C4<0000000000000000>, C4<0000000000000000>, C4<0000000000000000>;
L_00000114dbb6f7d0 .functor BUFZ 16, L_00000114dbc6e320, C4<0000000000000000>, C4<0000000000000000>, C4<0000000000000000>;
L_00000114dbb6e490 .functor BUFZ 16, L_00000114dbc6e280, C4<0000000000000000>, C4<0000000000000000>, C4<0000000000000000>;
L_00000114dbb6e180 .functor BUFZ 32, L_00000114dbc68240, C4<00000000000000000000000000000000>, C4<00000000000000000000000000000000>, C4<00000000000000000000000000000000>;
L_00000114dbb6e260 .functor BUFZ 16, v00000114dbbf1a80_0, C4<0000000000000000>, C4<0000000000000000>, C4<0000000000000000>;
L_00000114dbb6e2d0 .functor BUFZ 16, L_00000114dbb6f680, C4<0000000000000000>, C4<0000000000000000>, C4<0000000000000000>;
L_00000114dbb6ece0 .functor XOR 17, L_00000114dbc67200, L_00000114dbc681a0, C4<00000000000000000>, C4<00000000000000000>;
o00000114dbb992f8 .functor BUFZ 1, c4<z>; HiZ drive
L_00000114dbb6eab0 .functor XOR 1, L_00000114dbc68060, o00000114dbb992f8, C4<0>, C4<0>;
L_00000114dbb6f5a0 .functor XOR 16, L_00000114dbc67c00, L_00000114dbc689c0, C4<0000000000000000>, C4<0000000000000000>;
L_00000114dbb6ed50 .functor BUFZ 16, L_00000114dbc68420, C4<0000000000000000>, C4<0000000000000000>, C4<0000000000000000>;
L_00000114dbb6f6f0 .functor BUFZ 16, v00000114dbbf0ae0_0, C4<0000000000000000>, C4<0000000000000000>, C4<0000000000000000>;
L_00000114dbb6f990 .functor BUFZ 16, L_00000114dbb6dfc0, C4<0000000000000000>, C4<0000000000000000>, C4<0000000000000000>;
L_00000114dbb6fa00 .functor XOR 17, L_00000114dbc67f20, L_00000114dbc68600, C4<00000000000000000>, C4<00000000000000000>;
L_00000114dbb6fa70 .functor XOR 16, L_00000114dbc68ba0, L_00000114dbc67520, C4<0000000000000000>, C4<0000000000000000>;
L_00000114dbb6fb50 .functor BUFZ 16, L_00000114dbc675c0, C4<0000000000000000>, C4<0000000000000000>, C4<0000000000000000>;
v00000114dbbeb2e0_0 .net "A", 15 0, o00000114dbb99238;  0 drivers
o00000114dbb99268 .functor BUFZ 1, c4<z>; HiZ drive
v00000114dbbeb380_0 .net "ACCUMCI", 0 0, o00000114dbb99268;  0 drivers
v00000114dbbe8e00_0 .net "ACCUMCO", 0 0, L_00000114dbc68060;  1 drivers
o00000114dbb992c8 .functor BUFZ 1, c4<z>; HiZ drive
v00000114dbbe8ea0_0 .net "ADDSUBBOT", 0 0, o00000114dbb992c8;  0 drivers
v00000114dbbe91c0_0 .net "ADDSUBTOP", 0 0, o00000114dbb992f8;  0 drivers
o00000114dbb99328 .functor BUFZ 1, c4<z>; HiZ drive
v00000114dbbe9260_0 .net "AHOLD", 0 0, o00000114dbb99328;  0 drivers
v00000114dbbe9e40_0 .net "Ah", 15 0, L_00000114dbc6d880;  1 drivers
v00000114dbbe93a0_0 .net "Al", 15 0, L_00000114dbc6c020;  1 drivers
v00000114dbbe9760_0 .net "B", 15 0, o00000114dbb993b8;  0 drivers
o00000114dbb993e8 .functor BUFZ 1, c4<z>; HiZ drive
v00000114dbbe98a0_0 .net "BHOLD", 0 0, o00000114dbb993e8;  0 drivers
v00000114dbbe9940_0 .net "Bh", 15 0, L_00000114dbc6d060;  1 drivers
v00000114dbbe9d00_0 .net "Bl", 15 0, L_00000114dbc6b8a0;  1 drivers
v00000114dbbea020_0 .net "C", 15 0, o00000114dbb99478;  0 drivers
o00000114dbb994a8 .functor BUFZ 1, c4<z>; HiZ drive
v00000114dbbea520_0 .net "CE", 0 0, o00000114dbb994a8;  0 drivers
o00000114dbb994d8 .functor BUFZ 1, c4<z>; HiZ drive
v00000114dbbea5c0_0 .net "CHOLD", 0 0, o00000114dbb994d8;  0 drivers
o00000114dbb99508 .functor BUFZ 1, c4<z>; HiZ drive
v00000114dbbecbe0_0 .net "CI", 0 0, o00000114dbb99508;  0 drivers
v00000114dbbec820_0 .net "CLK", 0 0, o00000114dbb99538;  0 drivers
v00000114dbbeb9c0_0 .net "CO", 0 0, L_00000114dbb6eab0;  1 drivers
v00000114dbbebe20_0 .net "D", 15 0, o00000114dbb99598;  0 drivers
o00000114dbb995c8 .functor BUFZ 1, c4<z>; HiZ drive
v00000114dbbecb40_0 .net "DHOLD", 0 0, o00000114dbb995c8;  0 drivers
L_00000114dbc0ee68 .functor BUFT 1, C4<0>, C4<0>, C4<0>, C4<0>;
v00000114dbbecc80_0 .net "HCI", 0 0, L_00000114dbc0ee68;  1 drivers
o00000114dbb99628 .functor BUFZ 1, c4<z>; HiZ drive
v00000114dbbec6e0_0 .net "IRSTBOT", 0 0, o00000114dbb99628;  0 drivers
o00000114dbb99658 .functor BUFZ 1, c4<z>; HiZ drive
v00000114dbbebec0_0 .net "IRSTTOP", 0 0, o00000114dbb99658;  0 drivers
L_00000114dbc0ef88 .functor BUFT 1, C4<0>, C4<0>, C4<0>, C4<0>;
v00000114dbbeb880_0 .net "LCI", 0 0, L_00000114dbc0ef88;  1 drivers
v00000114dbbec640_0 .net "LCO", 0 0, L_00000114dbc67660;  1 drivers
v00000114dbbeb7e0_0 .net "O", 31 0, L_00000114dbc669e0;  1 drivers
o00000114dbb99718 .functor BUFZ 1, c4<z>; HiZ drive
v00000114dbbeb600_0 .net "OHOLDBOT", 0 0, o00000114dbb99718;  0 drivers
o00000114dbb99748 .functor BUFZ 1, c4<z>; HiZ drive
v00000114dbbec5a0_0 .net "OHOLDTOP", 0 0, o00000114dbb99748;  0 drivers
o00000114dbb99778 .functor BUFZ 1, c4<z>; HiZ drive
v00000114dbbec960_0 .net "OLOADBOT", 0 0, o00000114dbb99778;  0 drivers
o00000114dbb997a8 .functor BUFZ 1, c4<z>; HiZ drive
v00000114dbbec000_0 .net "OLOADTOP", 0 0, o00000114dbb997a8;  0 drivers
o00000114dbb997d8 .functor BUFZ 1, c4<z>; HiZ drive
v00000114dbbeb6a0_0 .net "ORSTBOT", 0 0, o00000114dbb997d8;  0 drivers
o00000114dbb99808 .functor BUFZ 1, c4<z>; HiZ drive
v00000114dbbebd80_0 .net "ORSTTOP", 0 0, o00000114dbb99808;  0 drivers
v00000114dbbec280_0 .net "Oh", 15 0, L_00000114dbb6ed50;  1 drivers
v00000114dbbeca00_0 .net "Ol", 15 0, L_00000114dbb6fb50;  1 drivers
o00000114dbb99898 .functor BUFZ 1, c4<z>; HiZ drive
v00000114dbbeb920_0 .net "SIGNEXTIN", 0 0, o00000114dbb99898;  0 drivers
v00000114dbbec8c0_0 .net "SIGNEXTOUT", 0 0, L_00000114dbc67480;  1 drivers
v00000114dbbebf60_0 .net "XW", 15 0, L_00000114dbc67c00;  1 drivers
v00000114dbbec0a0_0 .net "YZ", 15 0, L_00000114dbc68ba0;  1 drivers
v00000114dbbec140_0 .net/2u *"_ivl_0", 0 0, L_00000114dbc0e910;  1 drivers
v00000114dbbeba60_0 .net *"_ivl_100", 31 0, L_00000114dbc68880;  1 drivers
L_00000114dbc0ed00 .functor BUFT 1, C4<0000000000000000>, C4<0>, C4<0>, C4<0>;
v00000114dbbebb00_0 .net *"_ivl_103", 15 0, L_00000114dbc0ed00;  1 drivers
v00000114dbbec320_0 .net *"_ivl_104", 31 0, L_00000114dbc67340;  1 drivers
v00000114dbbec500_0 .net *"_ivl_106", 15 0, L_00000114dbc66d00;  1 drivers
L_00000114dbc0ed48 .functor BUFT 1, C4<0000000000000000>, C4<0>, C4<0>, C4<0>;
v00000114dbbebc40_0 .net *"_ivl_108", 15 0, L_00000114dbc0ed48;  1 drivers
L_00000114dbc0e958 .functor BUFT 1, C4<00000000>, C4<0>, C4<0>, C4<0>;
v00000114dbbeb740_0 .net/2u *"_ivl_12", 7 0, L_00000114dbc0e958;  1 drivers
v00000114dbbecaa0_0 .net *"_ivl_121", 16 0, L_00000114dbc68ce0;  1 drivers
L_00000114dbc0ed90 .functor BUFT 1, C4<0>, C4<0>, C4<0>, C4<0>;
v00000114dbbebba0_0 .net *"_ivl_124", 0 0, L_00000114dbc0ed90;  1 drivers
v00000114dbbec1e0_0 .net *"_ivl_125", 16 0, L_00000114dbc67200;  1 drivers
L_00000114dbc0edd8 .functor BUFT 1, C4<0>, C4<0>, C4<0>, C4<0>;
v00000114dbbebce0_0 .net *"_ivl_128", 0 0, L_00000114dbc0edd8;  1 drivers
v00000114dbbec3c0_0 .net *"_ivl_130", 15 0, L_00000114dbc67ca0;  1 drivers
v00000114dbbec460_0 .net *"_ivl_131", 16 0, L_00000114dbc681a0;  1 drivers
L_00000114dbc0ee20 .functor BUFT 1, C4<0>, C4<0>, C4<0>, C4<0>;
v00000114dbbec780_0 .net *"_ivl_134", 0 0, L_00000114dbc0ee20;  1 drivers
v00000114dbbef140_0 .net *"_ivl_135", 16 0, L_00000114dbb6ece0;  1 drivers
v00000114dbbef320_0 .net *"_ivl_137", 16 0, L_00000114dbc66bc0;  1 drivers
L_00000114dbc0f180 .functor BUFT 1, C4<00000000000000000>, C4<0>, C4<0>, C4<0>;
v00000114dbbedc00_0 .net *"_ivl_139", 16 0, L_00000114dbc0f180;  1 drivers
v00000114dbbeec40_0 .net *"_ivl_143", 16 0, L_00000114dbc673e0;  1 drivers
v00000114dbbee420_0 .net *"_ivl_148", 15 0, L_00000114dbc689c0;  1 drivers
v00000114dbbed660_0 .net *"_ivl_149", 15 0, L_00000114dbb6f5a0;  1 drivers
v00000114dbbef1e0_0 .net *"_ivl_15", 7 0, L_00000114dbc6cfc0;  1 drivers
v00000114dbbee920_0 .net *"_ivl_168", 16 0, L_00000114dbc67700;  1 drivers
L_00000114dbc0eeb0 .functor BUFT 1, C4<0>, C4<0>, C4<0>, C4<0>;
v00000114dbbed020_0 .net *"_ivl_171", 0 0, L_00000114dbc0eeb0;  1 drivers
v00000114dbbeeb00_0 .net *"_ivl_172", 16 0, L_00000114dbc67f20;  1 drivers
L_00000114dbc0eef8 .functor BUFT 1, C4<0>, C4<0>, C4<0>, C4<0>;
v00000114dbbee7e0_0 .net *"_ivl_175", 0 0, L_00000114dbc0eef8;  1 drivers
v00000114dbbee380_0 .net *"_ivl_177", 15 0, L_00000114dbc670c0;  1 drivers
v00000114dbbef280_0 .net *"_ivl_178", 16 0, L_00000114dbc68600;  1 drivers
L_00000114dbc0e9a0 .functor BUFT 1, C4<00000000>, C4<0>, C4<0>, C4<0>;
v00000114dbbee880_0 .net/2u *"_ivl_18", 7 0, L_00000114dbc0e9a0;  1 drivers
L_00000114dbc0ef40 .functor BUFT 1, C4<0>, C4<0>, C4<0>, C4<0>;
v00000114dbbed700_0 .net *"_ivl_181", 0 0, L_00000114dbc0ef40;  1 drivers
v00000114dbbee1a0_0 .net *"_ivl_182", 16 0, L_00000114dbb6fa00;  1 drivers
v00000114dbbed0c0_0 .net *"_ivl_184", 16 0, L_00000114dbc682e0;  1 drivers
L_00000114dbc0f1c8 .functor BUFT 1, C4<00000000000000000>, C4<0>, C4<0>, C4<0>;
v00000114dbbee6a0_0 .net *"_ivl_186", 16 0, L_00000114dbc0f1c8;  1 drivers
v00000114dbbee4c0_0 .net *"_ivl_190", 16 0, L_00000114dbc68f60;  1 drivers
v00000114dbbee9c0_0 .net *"_ivl_193", 15 0, L_00000114dbc67520;  1 drivers
v00000114dbbef5a0_0 .net *"_ivl_194", 15 0, L_00000114dbb6fa70;  1 drivers
v00000114dbbef6e0_0 .net *"_ivl_21", 7 0, L_00000114dbc6b940;  1 drivers
L_00000114dbc0e9e8 .functor BUFT 1, C4<00000000>, C4<0>, C4<0>, C4<0>;
v00000114dbbef640_0 .net/2u *"_ivl_24", 7 0, L_00000114dbc0e9e8;  1 drivers
v00000114dbbedb60_0 .net *"_ivl_27", 7 0, L_00000114dbc6bd00;  1 drivers
L_00000114dbc0ea30 .functor BUFT 1, C4<00000000>, C4<0>, C4<0>, C4<0>;
v00000114dbbed480_0 .net/2u *"_ivl_30", 7 0, L_00000114dbc0ea30;  1 drivers
v00000114dbbeeec0_0 .net *"_ivl_33", 7 0, L_00000114dbc6e000;  1 drivers
L_00000114dbc0ea78 .functor BUFT 1, C4<00000000>, C4<0>, C4<0>, C4<0>;
v00000114dbbef460_0 .net/2u *"_ivl_38", 7 0, L_00000114dbc0ea78;  1 drivers
v00000114dbbef3c0_0 .net *"_ivl_41", 7 0, L_00000114dbc6bf80;  1 drivers
v00000114dbbee100_0 .net *"_ivl_42", 15 0, L_00000114dbc6c0c0;  1 drivers
L_00000114dbc0eac0 .functor BUFT 1, C4<00000000>, C4<0>, C4<0>, C4<0>;
v00000114dbbeef60_0 .net/2u *"_ivl_46", 7 0, L_00000114dbc0eac0;  1 drivers
v00000114dbbef0a0_0 .net *"_ivl_49", 7 0, L_00000114dbc6e1e0;  1 drivers
v00000114dbbed5c0_0 .net *"_ivl_50", 15 0, L_00000114dbc6e3c0;  1 drivers
L_00000114dbc0eb08 .functor BUFT 1, C4<00000000>, C4<0>, C4<0>, C4<0>;
v00000114dbbed520_0 .net/2u *"_ivl_64", 7 0, L_00000114dbc0eb08;  1 drivers
L_00000114dbc0eb50 .functor BUFT 1, C4<00000000>, C4<0>, C4<0>, C4<0>;
v00000114dbbeeba0_0 .net/2u *"_ivl_68", 7 0, L_00000114dbc0eb50;  1 drivers
v00000114dbbeda20_0 .net *"_ivl_72", 31 0, L_00000114dbc6e460;  1 drivers
L_00000114dbc0eb98 .functor BUFT 1, C4<0000000000000000>, C4<0>, C4<0>, C4<0>;
v00000114dbbeece0_0 .net *"_ivl_75", 15 0, L_00000114dbc0eb98;  1 drivers
v00000114dbbed840_0 .net *"_ivl_76", 31 0, L_00000114dbc6e500;  1 drivers
L_00000114dbc0ebe0 .functor BUFT 1, C4<00000000>, C4<0>, C4<0>, C4<0>;
v00000114dbbeed80_0 .net *"_ivl_79", 7 0, L_00000114dbc0ebe0;  1 drivers
v00000114dbbedde0_0 .net *"_ivl_80", 31 0, L_00000114dbc6e140;  1 drivers
v00000114dbbef500_0 .net *"_ivl_82", 23 0, L_00000114dbc6e780;  1 drivers
L_00000114dbc0ec28 .functor BUFT 1, C4<00000000>, C4<0>, C4<0>, C4<0>;
v00000114dbbede80_0 .net *"_ivl_84", 7 0, L_00000114dbc0ec28;  1 drivers
v00000114dbbef780_0 .net *"_ivl_86", 31 0, L_00000114dbc6e6e0;  1 drivers
v00000114dbbee740_0 .net *"_ivl_88", 31 0, L_00000114dbc6e0a0;  1 drivers
L_00000114dbc0ec70 .functor BUFT 1, C4<00000000>, C4<0>, C4<0>, C4<0>;
v00000114dbbedf20_0 .net *"_ivl_91", 7 0, L_00000114dbc0ec70;  1 drivers
v00000114dbbed160_0 .net *"_ivl_92", 31 0, L_00000114dbc668a0;  1 drivers
v00000114dbbed340_0 .net *"_ivl_94", 23 0, L_00000114dbc672a0;  1 drivers
L_00000114dbc0ecb8 .functor BUFT 1, C4<00000000>, C4<0>, C4<0>, C4<0>;
v00000114dbbed200_0 .net *"_ivl_96", 7 0, L_00000114dbc0ecb8;  1 drivers
v00000114dbbedca0_0 .net *"_ivl_98", 31 0, L_00000114dbc68b00;  1 drivers
v00000114dbbee060_0 .net "clock", 0 0, L_00000114dbb6e3b0;  1 drivers
v00000114dbbed2a0_0 .net "iA", 15 0, L_00000114dbb6f680;  1 drivers
v00000114dbbee240_0 .net "iB", 15 0, L_00000114dbb6dfc0;  1 drivers
v00000114dbbeee20_0 .net "iC", 15 0, L_00000114dbb6f3e0;  1 drivers
v00000114dbbed3e0_0 .net "iD", 15 0, L_00000114dbb6e960;  1 drivers
v00000114dbbef000_0 .net "iF", 15 0, L_00000114dbb6ea40;  1 drivers
v00000114dbbed7a0_0 .net "iG", 15 0, L_00000114dbb6e490;  1 drivers
v00000114dbbed8e0_0 .net "iH", 31 0, L_00000114dbb6e180;  1 drivers
v00000114dbbed980_0 .net "iJ", 15 0, L_00000114dbb6f4c0;  1 drivers
v00000114dbbedac0_0 .net "iJ_e", 23 0, L_00000114dbc6e640;  1 drivers
v00000114dbbedd40_0 .net "iK", 15 0, L_00000114dbb6f7d0;  1 drivers
v00000114dbbedfc0_0 .net "iK_e", 23 0, L_00000114dbc6e5a0;  1 drivers
v00000114dbbee560_0 .net "iL", 31 0, L_00000114dbc68240;  1 drivers
v00000114dbbee2e0_0 .net "iP", 15 0, L_00000114dbc68420;  1 drivers
v00000114dbbee600_0 .net "iQ", 15 0, v00000114dbbf1a80_0;  1 drivers
v00000114dbbeea60_0 .net "iR", 15 0, L_00000114dbc675c0;  1 drivers
v00000114dbbf0f40_0 .net "iS", 15 0, v00000114dbbf0ae0_0;  1 drivers
v00000114dbbf1440_0 .net "iW", 15 0, L_00000114dbb6e260;  1 drivers
v00000114dbbf1580_0 .net "iX", 15 0, L_00000114dbb6e2d0;  1 drivers
v00000114dbbf0360_0 .net "iY", 15 0, L_00000114dbb6f6f0;  1 drivers
v00000114dbbf0fe0_0 .net "iZ", 15 0, L_00000114dbb6f990;  1 drivers
v00000114dbbf1d00_0 .net "p_Ah_Bh", 15 0, L_00000114dbc6bee0;  1 drivers
v00000114dbbf1940_0 .net "p_Ah_Bl", 15 0, L_00000114dbc6e320;  1 drivers
v00000114dbbf1b20_0 .net "p_Al_Bh", 15 0, L_00000114dbc6c160;  1 drivers
v00000114dbbf0400_0 .net "p_Al_Bl", 15 0, L_00000114dbc6e280;  1 drivers
v00000114dbbf14e0_0 .var "rA", 15 0;
v00000114dbbefa00_0 .var "rB", 15 0;
v00000114dbbf1c60_0 .var "rC", 15 0;
v00000114dbbf16c0_0 .var "rD", 15 0;
v00000114dbbf0a40_0 .var "rF", 15 0;
v00000114dbbf0b80_0 .var "rG", 15 0;
v00000114dbbf0220_0 .var "rH", 31 0;
v00000114dbbf11c0_0 .var "rJ", 15 0;
v00000114dbbf1760_0 .var "rK", 15 0;
v00000114dbbf1a80_0 .var "rQ", 15 0;
v00000114dbbf0ae0_0 .var "rS", 15 0;
E_00000114dbb63b10 .event posedge, v00000114dbbeb6a0_0, v00000114dbbee060_0;
E_00000114dbb62ed0 .event posedge, v00000114dbbebd80_0, v00000114dbbee060_0;
E_00000114dbb63590 .event posedge, v00000114dbbec6e0_0, v00000114dbbee060_0;
E_00000114dbb63c50 .event posedge, v00000114dbbebec0_0, v00000114dbbee060_0;
L_00000114dbc6cfc0 .part L_00000114dbb6f680, 8, 8;
L_00000114dbc6d880 .concat [ 8 8 0 0], L_00000114dbc6cfc0, L_00000114dbc0e958;
L_00000114dbc6b940 .part L_00000114dbb6f680, 0, 8;
L_00000114dbc6c020 .concat [ 8 8 0 0], L_00000114dbc6b940, L_00000114dbc0e9a0;
L_00000114dbc6bd00 .part L_00000114dbb6dfc0, 8, 8;
L_00000114dbc6d060 .concat [ 8 8 0 0], L_00000114dbc6bd00, L_00000114dbc0e9e8;
L_00000114dbc6e000 .part L_00000114dbb6dfc0, 0, 8;
L_00000114dbc6b8a0 .concat [ 8 8 0 0], L_00000114dbc6e000, L_00000114dbc0ea30;
L_00000114dbc6bee0 .arith/mult 16, L_00000114dbc6d880, L_00000114dbc6d060;
L_00000114dbc6bf80 .part L_00000114dbc6c020, 0, 8;
L_00000114dbc6c0c0 .concat [ 8 8 0 0], L_00000114dbc6bf80, L_00000114dbc0ea78;
L_00000114dbc6c160 .arith/mult 16, L_00000114dbc6c0c0, L_00000114dbc6d060;
L_00000114dbc6e1e0 .part L_00000114dbc6b8a0, 0, 8;
L_00000114dbc6e3c0 .concat [ 8 8 0 0], L_00000114dbc6e1e0, L_00000114dbc0eac0;
L_00000114dbc6e320 .arith/mult 16, L_00000114dbc6d880, L_00000114dbc6e3c0;
L_00000114dbc6e280 .arith/mult 16, L_00000114dbc6c020, L_00000114dbc6b8a0;
L_00000114dbc6e5a0 .concat [ 16 8 0 0], L_00000114dbb6f7d0, L_00000114dbc0eb08;
L_00000114dbc6e640 .concat [ 16 8 0 0], L_00000114dbb6f4c0, L_00000114dbc0eb50;
L_00000114dbc6e460 .concat [ 16 16 0 0], L_00000114dbb6e490, L_00000114dbc0eb98;
L_00000114dbc6e500 .concat [ 24 8 0 0], L_00000114dbc6e5a0, L_00000114dbc0ebe0;
L_00000114dbc6e780 .part L_00000114dbc6e500, 0, 24;
L_00000114dbc6e140 .concat [ 8 24 0 0], L_00000114dbc0ec28, L_00000114dbc6e780;
L_00000114dbc6e6e0 .arith/sum 32, L_00000114dbc6e460, L_00000114dbc6e140;
L_00000114dbc6e0a0 .concat [ 24 8 0 0], L_00000114dbc6e640, L_00000114dbc0ec70;
L_00000114dbc672a0 .part L_00000114dbc6e0a0, 0, 24;
L_00000114dbc668a0 .concat [ 8 24 0 0], L_00000114dbc0ecb8, L_00000114dbc672a0;
L_00000114dbc68b00 .arith/sum 32, L_00000114dbc6e6e0, L_00000114dbc668a0;
L_00000114dbc68880 .concat [ 16 16 0 0], L_00000114dbb6ea40, L_00000114dbc0ed00;
L_00000114dbc66d00 .part L_00000114dbc68880, 0, 16;
L_00000114dbc67340 .concat [ 16 16 0 0], L_00000114dbc0ed48, L_00000114dbc66d00;
L_00000114dbc68240 .arith/sum 32, L_00000114dbc68b00, L_00000114dbc67340;
L_00000114dbc68060 .part L_00000114dbc673e0, 16, 1;
L_00000114dbc67c00 .part L_00000114dbc673e0, 0, 16;
L_00000114dbc68ce0 .concat [ 16 1 0 0], L_00000114dbb6e2d0, L_00000114dbc0ed90;
L_00000114dbc67200 .concat [ 16 1 0 0], L_00000114dbb6e260, L_00000114dbc0edd8;
L_00000114dbc67ca0 .repeat 16, 16, o00000114dbb992f8;
L_00000114dbc681a0 .concat [ 16 1 0 0], L_00000114dbc67ca0, L_00000114dbc0ee20;
L_00000114dbc66bc0 .arith/sum 17, L_00000114dbc68ce0, L_00000114dbb6ece0;
L_00000114dbc673e0 .arith/sum 17, L_00000114dbc66bc0, L_00000114dbc0f180;
L_00000114dbc689c0 .repeat 16, 16, o00000114dbb992f8;
L_00000114dbc68420 .functor MUXZ 16, L_00000114dbb6f5a0, L_00000114dbb6f3e0, o00000114dbb997a8, C4<>;
L_00000114dbc67480 .part L_00000114dbb6e2d0, 15, 1;
L_00000114dbc67660 .part L_00000114dbc68f60, 16, 1;
L_00000114dbc68ba0 .part L_00000114dbc68f60, 0, 16;
L_00000114dbc67700 .concat [ 16 1 0 0], L_00000114dbb6f990, L_00000114dbc0eeb0;
L_00000114dbc67f20 .concat [ 16 1 0 0], L_00000114dbb6f6f0, L_00000114dbc0eef8;
L_00000114dbc670c0 .repeat 16, 16, o00000114dbb992c8;
L_00000114dbc68600 .concat [ 16 1 0 0], L_00000114dbc670c0, L_00000114dbc0ef40;
L_00000114dbc682e0 .arith/sum 17, L_00000114dbc67700, L_00000114dbb6fa00;
L_00000114dbc68f60 .arith/sum 17, L_00000114dbc682e0, L_00000114dbc0f1c8;
L_00000114dbc67520 .repeat 16, 16, o00000114dbb992c8;
L_00000114dbc675c0 .functor MUXZ 16, L_00000114dbb6fa70, L_00000114dbb6e960, o00000114dbb99778, C4<>;
L_00000114dbc669e0 .concat [ 16 16 0 0], L_00000114dbb6fb50, L_00000114dbb6ed50;
S_00000114dbb7ec00 .scope module, "SB_PLL40_2F_CORE" "SB_PLL40_2F_CORE" 3 2521;
 .timescale -12 -12;
    .port_info 0 /INPUT 1 "REFERENCECLK";
    .port_info 1 /OUTPUT 1 "PLLOUTCOREA";
    .port_info 2 /OUTPUT 1 "PLLOUTGLOBALA";
    .port_info 3 /OUTPUT 1 "PLLOUTCOREB";
    .port_info 4 /OUTPUT 1 "PLLOUTGLOBALB";
    .port_info 5 /INPUT 1 "EXTFEEDBACK";
    .port_info 6 /INPUT 8 "DYNAMICDELAY";
    .port_info 7 /OUTPUT 1 "LOCK";
    .port_info 8 /INPUT 1 "BYPASS";
    .port_info 9 /INPUT 1 "RESETB";
    .port_info 10 /INPUT 1 "LATCHINPUTVALUE";
    .port_info 11 /OUTPUT 1 "SDO";
    .port_info 12 /INPUT 1 "SDI";
    .port_info 13 /INPUT 1 "SCLK";
P_00000114db85c040 .param/str "DELAY_ADJUSTMENT_MODE_FEEDBACK" 0 3 2538, "FIXED";
P_00000114db85c078 .param/str "DELAY_ADJUSTMENT_MODE_RELATIVE" 0 3 2539, "FIXED";
P_00000114db85c0b0 .param/l "DIVF" 0 3 2546, C4<0000000>;
P_00000114db85c0e8 .param/l "DIVQ" 0 3 2547, C4<000>;
P_00000114db85c120 .param/l "DIVR" 0 3 2545, C4<0000>;
P_00000114db85c158 .param/l "ENABLE_ICEGATE_PORTA" 0 3 2549, C4<0>;
P_00000114db85c190 .param/l "ENABLE_ICEGATE_PORTB" 0 3 2550, C4<0>;
P_00000114db85c1c8 .param/l "EXTERNAL_DIVIDE_FACTOR" 0 3 2552, +C4<00000000000000000000000000000001>;
P_00000114db85c200 .param/l "FDA_FEEDBACK" 0 3 2541, C4<0000>;
P_00000114db85c238 .param/l "FDA_RELATIVE" 0 3 2542, C4<0000>;
P_00000114db85c270 .param/str "FEEDBACK_PATH" 0 3 2537, "SIMPLE";
P_00000114db85c2a8 .param/l "FILTER_RANGE" 0 3 2548, C4<000>;
P_00000114db85c2e0 .param/str "PLLOUT_SELECT_PORTA" 0 3 2543, "GENCLK";
P_00000114db85c318 .param/str "PLLOUT_SELECT_PORTB" 0 3 2544, "GENCLK";
P_00000114db85c350 .param/l "SHIFTREG_DIV_MODE" 0 3 2540, C4<0>;
P_00000114db85c388 .param/l "TEST_MODE" 0 3 2551, C4<0>;
o00000114dbb9b0c8 .functor BUFZ 1, c4<z>; HiZ drive
v00000114dbbefb40_0 .net "BYPASS", 0 0, o00000114dbb9b0c8;  0 drivers
o00000114dbb9b0f8 .functor BUFZ 8, c4<zzzzzzzz>; HiZ drive
v00000114dbbf04a0_0 .net "DYNAMICDELAY", 7 0, o00000114dbb9b0f8;  0 drivers
o00000114dbb9b128 .functor BUFZ 1, c4<z>; HiZ drive
v00000114dbbf1260_0 .net "EXTFEEDBACK", 0 0, o00000114dbb9b128;  0 drivers
o00000114dbb9b158 .functor BUFZ 1, c4<z>; HiZ drive
v00000114dbbf02c0_0 .net "LATCHINPUTVALUE", 0 0, o00000114dbb9b158;  0 drivers
o00000114dbb9b188 .functor BUFZ 1, c4<z>; HiZ drive
v00000114dbbefe60_0 .net "LOCK", 0 0, o00000114dbb9b188;  0 drivers
o00000114dbb9b1b8 .functor BUFZ 1, c4<z>; HiZ drive
v00000114dbbf19e0_0 .net "PLLOUTCOREA", 0 0, o00000114dbb9b1b8;  0 drivers
o00000114dbb9b1e8 .functor BUFZ 1, c4<z>; HiZ drive
v00000114dbbf0c20_0 .net "PLLOUTCOREB", 0 0, o00000114dbb9b1e8;  0 drivers
o00000114dbb9b218 .functor BUFZ 1, c4<z>; HiZ drive
v00000114dbbf1620_0 .net "PLLOUTGLOBALA", 0 0, o00000114dbb9b218;  0 drivers
o00000114dbb9b248 .functor BUFZ 1, c4<z>; HiZ drive
v00000114dbbef820_0 .net "PLLOUTGLOBALB", 0 0, o00000114dbb9b248;  0 drivers
o00000114dbb9b278 .functor BUFZ 1, c4<z>; HiZ drive
v00000114dbbf1300_0 .net "REFERENCECLK", 0 0, o00000114dbb9b278;  0 drivers
o00000114dbb9b2a8 .functor BUFZ 1, c4<z>; HiZ drive
v00000114dbbf0540_0 .net "RESETB", 0 0, o00000114dbb9b2a8;  0 drivers
o00000114dbb9b2d8 .functor BUFZ 1, c4<z>; HiZ drive
v00000114dbbf1da0_0 .net "SCLK", 0 0, o00000114dbb9b2d8;  0 drivers
o00000114dbb9b308 .functor BUFZ 1, c4<z>; HiZ drive
v00000114dbbf0cc0_0 .net "SDI", 0 0, o00000114dbb9b308;  0 drivers
o00000114dbb9b338 .functor BUFZ 1, c4<z>; HiZ drive
v00000114dbbf0d60_0 .net "SDO", 0 0, o00000114dbb9b338;  0 drivers
S_00000114dbb7d7b0 .scope module, "SB_PLL40_2F_PAD" "SB_PLL40_2F_PAD" 3 2556;
 .timescale -12 -12;
    .port_info 0 /INPUT 1 "PACKAGEPIN";
    .port_info 1 /OUTPUT 1 "PLLOUTCOREA";
    .port_info 2 /OUTPUT 1 "PLLOUTGLOBALA";
    .port_info 3 /OUTPUT 1 "PLLOUTCOREB";
    .port_info 4 /OUTPUT 1 "PLLOUTGLOBALB";
    .port_info 5 /INPUT 1 "EXTFEEDBACK";
    .port_info 6 /INPUT 8 "DYNAMICDELAY";
    .port_info 7 /OUTPUT 1 "LOCK";
    .port_info 8 /INPUT 1 "BYPASS";
    .port_info 9 /INPUT 1 "RESETB";
    .port_info 10 /INPUT 1 "LATCHINPUTVALUE";
    .port_info 11 /OUTPUT 1 "SDO";
    .port_info 12 /INPUT 1 "SDI";
    .port_info 13 /INPUT 1 "SCLK";
P_00000114db8517f0 .param/str "DELAY_ADJUSTMENT_MODE_FEEDBACK" 0 3 2573, "FIXED";
P_00000114db851828 .param/str "DELAY_ADJUSTMENT_MODE_RELATIVE" 0 3 2574, "FIXED";
P_00000114db851860 .param/l "DIVF" 0 3 2581, C4<0000000>;
P_00000114db851898 .param/l "DIVQ" 0 3 2582, C4<000>;
P_00000114db8518d0 .param/l "DIVR" 0 3 2580, C4<0000>;
P_00000114db851908 .param/l "ENABLE_ICEGATE_PORTA" 0 3 2584, C4<0>;
P_00000114db851940 .param/l "ENABLE_ICEGATE_PORTB" 0 3 2585, C4<0>;
P_00000114db851978 .param/l "EXTERNAL_DIVIDE_FACTOR" 0 3 2587, +C4<00000000000000000000000000000001>;
P_00000114db8519b0 .param/l "FDA_FEEDBACK" 0 3 2576, C4<0000>;
P_00000114db8519e8 .param/l "FDA_RELATIVE" 0 3 2577, C4<0000>;
P_00000114db851a20 .param/str "FEEDBACK_PATH" 0 3 2572, "SIMPLE";
P_00000114db851a58 .param/l "FILTER_RANGE" 0 3 2583, C4<000>;
P_00000114db851a90 .param/str "PLLOUT_SELECT_PORTA" 0 3 2578, "GENCLK";
P_00000114db851ac8 .param/str "PLLOUT_SELECT_PORTB" 0 3 2579, "GENCLK";
P_00000114db851b00 .param/l "SHIFTREG_DIV_MODE" 0 3 2575, C4<00>;
P_00000114db851b38 .param/l "TEST_MODE" 0 3 2586, C4<0>;
o00000114dbb9b608 .functor BUFZ 1, c4<z>; HiZ drive
v00000114dbbf05e0_0 .net "BYPASS", 0 0, o00000114dbb9b608;  0 drivers
o00000114dbb9b638 .functor BUFZ 8, c4<zzzzzzzz>; HiZ drive
v00000114dbbf0e00_0 .net "DYNAMICDELAY", 7 0, o00000114dbb9b638;  0 drivers
o00000114dbb9b668 .functor BUFZ 1, c4<z>; HiZ drive
v00000114dbbf1bc0_0 .net "EXTFEEDBACK", 0 0, o00000114dbb9b668;  0 drivers
o00000114dbb9b698 .functor BUFZ 1, c4<z>; HiZ drive
v00000114dbbefbe0_0 .net "LATCHINPUTVALUE", 0 0, o00000114dbb9b698;  0 drivers
o00000114dbb9b6c8 .functor BUFZ 1, c4<z>; HiZ drive
v00000114dbbefc80_0 .net "LOCK", 0 0, o00000114dbb9b6c8;  0 drivers
o00000114dbb9b6f8 .functor BUFZ 1, c4<z>; HiZ drive
v00000114dbbf0680_0 .net "PACKAGEPIN", 0 0, o00000114dbb9b6f8;  0 drivers
o00000114dbb9b728 .functor BUFZ 1, c4<z>; HiZ drive
v00000114dbbf0720_0 .net "PLLOUTCOREA", 0 0, o00000114dbb9b728;  0 drivers
o00000114dbb9b758 .functor BUFZ 1, c4<z>; HiZ drive
v00000114dbbf1120_0 .net "PLLOUTCOREB", 0 0, o00000114dbb9b758;  0 drivers
o00000114dbb9b788 .functor BUFZ 1, c4<z>; HiZ drive
v00000114dbbf00e0_0 .net "PLLOUTGLOBALA", 0 0, o00000114dbb9b788;  0 drivers
o00000114dbb9b7b8 .functor BUFZ 1, c4<z>; HiZ drive
v00000114dbbf07c0_0 .net "PLLOUTGLOBALB", 0 0, o00000114dbb9b7b8;  0 drivers
o00000114dbb9b7e8 .functor BUFZ 1, c4<z>; HiZ drive
v00000114dbbf1e40_0 .net "RESETB", 0 0, o00000114dbb9b7e8;  0 drivers
o00000114dbb9b818 .functor BUFZ 1, c4<z>; HiZ drive
v00000114dbbf1800_0 .net "SCLK", 0 0, o00000114dbb9b818;  0 drivers
o00000114dbb9b848 .functor BUFZ 1, c4<z>; HiZ drive
v00000114dbbf1ee0_0 .net "SDI", 0 0, o00000114dbb9b848;  0 drivers
o00000114dbb9b878 .functor BUFZ 1, c4<z>; HiZ drive
v00000114dbbf0900_0 .net "SDO", 0 0, o00000114dbb9b878;  0 drivers
S_00000114dbb7df80 .scope module, "SB_PLL40_2_PAD" "SB_PLL40_2_PAD" 3 2487;
 .timescale -12 -12;
    .port_info 0 /INPUT 1 "PACKAGEPIN";
    .port_info 1 /OUTPUT 1 "PLLOUTCOREA";
    .port_info 2 /OUTPUT 1 "PLLOUTGLOBALA";
    .port_info 3 /OUTPUT 1 "PLLOUTCOREB";
    .port_info 4 /OUTPUT 1 "PLLOUTGLOBALB";
    .port_info 5 /INPUT 1 "EXTFEEDBACK";
    .port_info 6 /INPUT 8 "DYNAMICDELAY";
    .port_info 7 /OUTPUT 1 "LOCK";
    .port_info 8 /INPUT 1 "BYPASS";
    .port_info 9 /INPUT 1 "RESETB";
    .port_info 10 /INPUT 1 "LATCHINPUTVALUE";
    .port_info 11 /OUTPUT 1 "SDO";
    .port_info 12 /INPUT 1 "SDI";
    .port_info 13 /INPUT 1 "SCLK";
P_00000114db84fb00 .param/str "DELAY_ADJUSTMENT_MODE_FEEDBACK" 0 3 2504, "FIXED";
P_00000114db84fb38 .param/str "DELAY_ADJUSTMENT_MODE_RELATIVE" 0 3 2505, "FIXED";
P_00000114db84fb70 .param/l "DIVF" 0 3 2511, C4<0000000>;
P_00000114db84fba8 .param/l "DIVQ" 0 3 2512, C4<000>;
P_00000114db84fbe0 .param/l "DIVR" 0 3 2510, C4<0000>;
P_00000114db84fc18 .param/l "ENABLE_ICEGATE_PORTA" 0 3 2514, C4<0>;
P_00000114db84fc50 .param/l "ENABLE_ICEGATE_PORTB" 0 3 2515, C4<0>;
P_00000114db84fc88 .param/l "EXTERNAL_DIVIDE_FACTOR" 0 3 2517, +C4<00000000000000000000000000000001>;
P_00000114db84fcc0 .param/l "FDA_FEEDBACK" 0 3 2507, C4<0000>;
P_00000114db84fcf8 .param/l "FDA_RELATIVE" 0 3 2508, C4<0000>;
P_00000114db84fd30 .param/str "FEEDBACK_PATH" 0 3 2503, "SIMPLE";
P_00000114db84fd68 .param/l "FILTER_RANGE" 0 3 2513, C4<000>;
P_00000114db84fda0 .param/str "PLLOUT_SELECT_PORTB" 0 3 2509, "GENCLK";
P_00000114db84fdd8 .param/l "SHIFTREG_DIV_MODE" 0 3 2506, C4<0>;
P_00000114db84fe10 .param/l "TEST_MODE" 0 3 2516, C4<0>;
o00000114dbb9bb48 .functor BUFZ 1, c4<z>; HiZ drive
v00000114dbbf13a0_0 .net "BYPASS", 0 0, o00000114dbb9bb48;  0 drivers
o00000114dbb9bb78 .functor BUFZ 8, c4<zzzzzzzz>; HiZ drive
v00000114dbbf09a0_0 .net "DYNAMICDELAY", 7 0, o00000114dbb9bb78;  0 drivers
o00000114dbb9bba8 .functor BUFZ 1, c4<z>; HiZ drive
v00000114dbbf0040_0 .net "EXTFEEDBACK", 0 0, o00000114dbb9bba8;  0 drivers
o00000114dbb9bbd8 .functor BUFZ 1, c4<z>; HiZ drive
v00000114dbbf18a0_0 .net "LATCHINPUTVALUE", 0 0, o00000114dbb9bbd8;  0 drivers
o00000114dbb9bc08 .functor BUFZ 1, c4<z>; HiZ drive
v00000114dbbf1f80_0 .net "LOCK", 0 0, o00000114dbb9bc08;  0 drivers
o00000114dbb9bc38 .functor BUFZ 1, c4<z>; HiZ drive
v00000114dbbefaa0_0 .net "PACKAGEPIN", 0 0, o00000114dbb9bc38;  0 drivers
o00000114dbb9bc68 .functor BUFZ 1, c4<z>; HiZ drive
v00000114dbbeff00_0 .net "PLLOUTCOREA", 0 0, o00000114dbb9bc68;  0 drivers
o00000114dbb9bc98 .functor BUFZ 1, c4<z>; HiZ drive
v00000114dbbf0860_0 .net "PLLOUTCOREB", 0 0, o00000114dbb9bc98;  0 drivers
o00000114dbb9bcc8 .functor BUFZ 1, c4<z>; HiZ drive
v00000114dbbef8c0_0 .net "PLLOUTGLOBALA", 0 0, o00000114dbb9bcc8;  0 drivers
o00000114dbb9bcf8 .functor BUFZ 1, c4<z>; HiZ drive
v00000114dbbef960_0 .net "PLLOUTGLOBALB", 0 0, o00000114dbb9bcf8;  0 drivers
o00000114dbb9bd28 .functor BUFZ 1, c4<z>; HiZ drive
v00000114dbbefd20_0 .net "RESETB", 0 0, o00000114dbb9bd28;  0 drivers
o00000114dbb9bd58 .functor BUFZ 1, c4<z>; HiZ drive
v00000114dbbf0ea0_0 .net "SCLK", 0 0, o00000114dbb9bd58;  0 drivers
o00000114dbb9bd88 .functor BUFZ 1, c4<z>; HiZ drive
v00000114dbbefdc0_0 .net "SDI", 0 0, o00000114dbb9bd88;  0 drivers
o00000114dbb9bdb8 .functor BUFZ 1, c4<z>; HiZ drive
v00000114dbbeffa0_0 .net "SDO", 0 0, o00000114dbb9bdb8;  0 drivers
S_00000114dbb7d940 .scope module, "SB_PLL40_CORE" "SB_PLL40_CORE" 3 2425;
 .timescale -12 -12;
    .port_info 0 /INPUT 1 "REFERENCECLK";
    .port_info 1 /OUTPUT 1 "PLLOUTCORE";
    .port_info 2 /OUTPUT 1 "PLLOUTGLOBAL";
    .port_info 3 /INPUT 1 "EXTFEEDBACK";
    .port_info 4 /INPUT 8 "DYNAMICDELAY";
    .port_info 5 /OUTPUT 1 "LOCK";
    .port_info 6 /INPUT 1 "BYPASS";
    .port_info 7 /INPUT 1 "RESETB";
    .port_info 8 /INPUT 1 "LATCHINPUTVALUE";
    .port_info 9 /OUTPUT 1 "SDO";
    .port_info 10 /INPUT 1 "SDI";
    .port_info 11 /INPUT 1 "SCLK";
P_00000114db84f580 .param/str "DELAY_ADJUSTMENT_MODE_FEEDBACK" 0 3 2440, "FIXED";
P_00000114db84f5b8 .param/str "DELAY_ADJUSTMENT_MODE_RELATIVE" 0 3 2441, "FIXED";
P_00000114db84f5f0 .param/l "DIVF" 0 3 2447, C4<0000000>;
P_00000114db84f628 .param/l "DIVQ" 0 3 2448, C4<000>;
P_00000114db84f660 .param/l "DIVR" 0 3 2446, C4<0000>;
P_00000114db84f698 .param/l "ENABLE_ICEGATE" 0 3 2450, C4<0>;
P_00000114db84f6d0 .param/l "EXTERNAL_DIVIDE_FACTOR" 0 3 2452, +C4<00000000000000000000000000000001>;
P_00000114db84f708 .param/l "FDA_FEEDBACK" 0 3 2443, C4<0000>;
P_00000114db84f740 .param/l "FDA_RELATIVE" 0 3 2444, C4<0000>;
P_00000114db84f778 .param/str "FEEDBACK_PATH" 0 3 2439, "SIMPLE";
P_00000114db84f7b0 .param/l "FILTER_RANGE" 0 3 2449, C4<000>;
P_00000114db84f7e8 .param/str "PLLOUT_SELECT" 0 3 2445, "GENCLK";
P_00000114db84f820 .param/l "SHIFTREG_DIV_MODE" 0 3 2442, C4<0>;
P_00000114db84f858 .param/l "TEST_MODE" 0 3 2451, C4<0>;
o00000114dbb9c088 .functor BUFZ 1, c4<z>; HiZ drive
v00000114dbbf1080_0 .net "BYPASS", 0 0, o00000114dbb9c088;  0 drivers
o00000114dbb9c0b8 .functor BUFZ 8, c4<zzzzzzzz>; HiZ drive
v00000114dbbf0180_0 .net "DYNAMICDELAY", 7 0, o00000114dbb9c0b8;  0 drivers
o00000114dbb9c0e8 .functor BUFZ 1, c4<z>; HiZ drive
v00000114dbbf2480_0 .net "EXTFEEDBACK", 0 0, o00000114dbb9c0e8;  0 drivers
o00000114dbb9c118 .functor BUFZ 1, c4<z>; HiZ drive
v00000114dbbf2c00_0 .net "LATCHINPUTVALUE", 0 0, o00000114dbb9c118;  0 drivers
o00000114dbb9c148 .functor BUFZ 1, c4<z>; HiZ drive
v00000114dbbf3e20_0 .net "LOCK", 0 0, o00000114dbb9c148;  0 drivers
o00000114dbb9c178 .functor BUFZ 1, c4<z>; HiZ drive
v00000114dbbf2020_0 .net "PLLOUTCORE", 0 0, o00000114dbb9c178;  0 drivers
o00000114dbb9c1a8 .functor BUFZ 1, c4<z>; HiZ drive
v00000114dbbf3b00_0 .net "PLLOUTGLOBAL", 0 0, o00000114dbb9c1a8;  0 drivers
o00000114dbb9c1d8 .functor BUFZ 1, c4<z>; HiZ drive
v00000114dbbf22a0_0 .net "REFERENCECLK", 0 0, o00000114dbb9c1d8;  0 drivers
o00000114dbb9c208 .functor BUFZ 1, c4<z>; HiZ drive
v00000114dbbf39c0_0 .net "RESETB", 0 0, o00000114dbb9c208;  0 drivers
o00000114dbb9c238 .functor BUFZ 1, c4<z>; HiZ drive
v00000114dbbf2160_0 .net "SCLK", 0 0, o00000114dbb9c238;  0 drivers
o00000114dbb9c268 .functor BUFZ 1, c4<z>; HiZ drive
v00000114dbbf4640_0 .net "SDI", 0 0, o00000114dbb9c268;  0 drivers
o00000114dbb9c298 .functor BUFZ 1, c4<z>; HiZ drive
v00000114dbbf3880_0 .net "SDO", 0 0, o00000114dbb9c298;  0 drivers
S_00000114dbb7dad0 .scope module, "SB_PLL40_PAD" "SB_PLL40_PAD" 3 2456;
 .timescale -12 -12;
    .port_info 0 /INPUT 1 "PACKAGEPIN";
    .port_info 1 /OUTPUT 1 "PLLOUTCORE";
    .port_info 2 /OUTPUT 1 "PLLOUTGLOBAL";
    .port_info 3 /INPUT 1 "EXTFEEDBACK";
    .port_info 4 /INPUT 8 "DYNAMICDELAY";
    .port_info 5 /OUTPUT 1 "LOCK";
    .port_info 6 /INPUT 1 "BYPASS";
    .port_info 7 /INPUT 1 "RESETB";
    .port_info 8 /INPUT 1 "LATCHINPUTVALUE";
    .port_info 9 /OUTPUT 1 "SDO";
    .port_info 10 /INPUT 1 "SDI";
    .port_info 11 /INPUT 1 "SCLK";
P_00000114db806780 .param/str "DELAY_ADJUSTMENT_MODE_FEEDBACK" 0 3 2471, "FIXED";
P_00000114db8067b8 .param/str "DELAY_ADJUSTMENT_MODE_RELATIVE" 0 3 2472, "FIXED";
P_00000114db8067f0 .param/l "DIVF" 0 3 2478, C4<0000000>;
P_00000114db806828 .param/l "DIVQ" 0 3 2479, C4<000>;
P_00000114db806860 .param/l "DIVR" 0 3 2477, C4<0000>;
P_00000114db806898 .param/l "ENABLE_ICEGATE" 0 3 2481, C4<0>;
P_00000114db8068d0 .param/l "EXTERNAL_DIVIDE_FACTOR" 0 3 2483, +C4<00000000000000000000000000000001>;
P_00000114db806908 .param/l "FDA_FEEDBACK" 0 3 2474, C4<0000>;
P_00000114db806940 .param/l "FDA_RELATIVE" 0 3 2475, C4<0000>;
P_00000114db806978 .param/str "FEEDBACK_PATH" 0 3 2470, "SIMPLE";
P_00000114db8069b0 .param/l "FILTER_RANGE" 0 3 2480, C4<000>;
P_00000114db8069e8 .param/str "PLLOUT_SELECT" 0 3 2476, "GENCLK";
P_00000114db806a20 .param/l "SHIFTREG_DIV_MODE" 0 3 2473, C4<0>;
P_00000114db806a58 .param/l "TEST_MODE" 0 3 2482, C4<0>;
o00000114dbb9c508 .functor BUFZ 1, c4<z>; HiZ drive
v00000114dbbf2200_0 .net "BYPASS", 0 0, o00000114dbb9c508;  0 drivers
o00000114dbb9c538 .functor BUFZ 8, c4<zzzzzzzz>; HiZ drive
v00000114dbbf3a60_0 .net "DYNAMICDELAY", 7 0, o00000114dbb9c538;  0 drivers
o00000114dbb9c568 .functor BUFZ 1, c4<z>; HiZ drive
v00000114dbbf2b60_0 .net "EXTFEEDBACK", 0 0, o00000114dbb9c568;  0 drivers
o00000114dbb9c598 .functor BUFZ 1, c4<z>; HiZ drive
v00000114dbbf37e0_0 .net "LATCHINPUTVALUE", 0 0, o00000114dbb9c598;  0 drivers
o00000114dbb9c5c8 .functor BUFZ 1, c4<z>; HiZ drive
v00000114dbbf2ca0_0 .net "LOCK", 0 0, o00000114dbb9c5c8;  0 drivers
o00000114dbb9c5f8 .functor BUFZ 1, c4<z>; HiZ drive
v00000114dbbf2520_0 .net "PACKAGEPIN", 0 0, o00000114dbb9c5f8;  0 drivers
o00000114dbb9c628 .functor BUFZ 1, c4<z>; HiZ drive
v00000114dbbf2340_0 .net "PLLOUTCORE", 0 0, o00000114dbb9c628;  0 drivers
o00000114dbb9c658 .functor BUFZ 1, c4<z>; HiZ drive
v00000114dbbf4320_0 .net "PLLOUTGLOBAL", 0 0, o00000114dbb9c658;  0 drivers
o00000114dbb9c688 .functor BUFZ 1, c4<z>; HiZ drive
v00000114dbbf45a0_0 .net "RESETB", 0 0, o00000114dbb9c688;  0 drivers
o00000114dbb9c6b8 .functor BUFZ 1, c4<z>; HiZ drive
v00000114dbbf3920_0 .net "SCLK", 0 0, o00000114dbb9c6b8;  0 drivers
o00000114dbb9c6e8 .functor BUFZ 1, c4<z>; HiZ drive
v00000114dbbf2660_0 .net "SDI", 0 0, o00000114dbb9c6e8;  0 drivers
o00000114dbb9c718 .functor BUFZ 1, c4<z>; HiZ drive
v00000114dbbf23e0_0 .net "SDO", 0 0, o00000114dbb9c718;  0 drivers
S_00000114dbb7ddf0 .scope module, "SB_RAM40_4KNR" "SB_RAM40_4KNR" 3 1726;
 .timescale -12 -12;
    .port_info 0 /OUTPUT 16 "RDATA";
    .port_info 1 /INPUT 1 "RCLKN";
    .port_info 2 /INPUT 1 "RCLKE";
    .port_info 3 /INPUT 1 "RE";
    .port_info 4 /INPUT 11 "RADDR";
    .port_info 5 /INPUT 1 "WCLK";
    .port_info 6 /INPUT 1 "WCLKE";
    .port_info 7 /INPUT 1 "WE";
    .port_info 8 /INPUT 11 "WADDR";
    .port_info 9 /INPUT 16 "MASK";
    .port_info 10 /INPUT 16 "WDATA";
P_00000114dbb7f130 .param/l "INIT_0" 0 3 1742, C4<0000000000000000000000000000000000000000000000000000000000000000000000000000000000000000000000000000000000000000000000000000000000000000000000000000000000000000000000000000000000000000000000000000000000000000000000000000000000000000000000000000000000000000>;
P_00000114dbb7f168 .param/l "INIT_1" 0 3 1743, C4<0000000000000000000000000000000000000000000000000000000000000000000000000000000000000000000000000000000000000000000000000000000000000000000000000000000000000000000000000000000000000000000000000000000000000000000000000000000000000000000000000000000000000000>;
P_00000114dbb7f1a0 .param/l "INIT_2" 0 3 1744, C4<0000000000000000000000000000000000000000000000000000000000000000000000000000000000000000000000000000000000000000000000000000000000000000000000000000000000000000000000000000000000000000000000000000000000000000000000000000000000000000000000000000000000000000>;
P_00000114dbb7f1d8 .param/l "INIT_3" 0 3 1745, C4<0000000000000000000000000000000000000000000000000000000000000000000000000000000000000000000000000000000000000000000000000000000000000000000000000000000000000000000000000000000000000000000000000000000000000000000000000000000000000000000000000000000000000000>;
P_00000114dbb7f210 .param/l "INIT_4" 0 3 1746, C4<0000000000000000000000000000000000000000000000000000000000000000000000000000000000000000000000000000000000000000000000000000000000000000000000000000000000000000000000000000000000000000000000000000000000000000000000000000000000000000000000000000000000000000>;
P_00000114dbb7f248 .param/l "INIT_5" 0 3 1747, C4<0000000000000000000000000000000000000000000000000000000000000000000000000000000000000000000000000000000000000000000000000000000000000000000000000000000000000000000000000000000000000000000000000000000000000000000000000000000000000000000000000000000000000000>;
P_00000114dbb7f280 .param/l "INIT_6" 0 3 1748, C4<0000000000000000000000000000000000000000000000000000000000000000000000000000000000000000000000000000000000000000000000000000000000000000000000000000000000000000000000000000000000000000000000000000000000000000000000000000000000000000000000000000000000000000>;
P_00000114dbb7f2b8 .param/l "INIT_7" 0 3 1749, C4<0000000000000000000000000000000000000000000000000000000000000000000000000000000000000000000000000000000000000000000000000000000000000000000000000000000000000000000000000000000000000000000000000000000000000000000000000000000000000000000000000000000000000000>;
P_00000114dbb7f2f0 .param/l "INIT_8" 0 3 1750, C4<0000000000000000000000000000000000000000000000000000000000000000000000000000000000000000000000000000000000000000000000000000000000000000000000000000000000000000000000000000000000000000000000000000000000000000000000000000000000000000000000000000000000000000>;
P_00000114dbb7f328 .param/l "INIT_9" 0 3 1751, C4<0000000000000000000000000000000000000000000000000000000000000000000000000000000000000000000000000000000000000000000000000000000000000000000000000000000000000000000000000000000000000000000000000000000000000000000000000000000000000000000000000000000000000000>;
P_00000114dbb7f360 .param/l "INIT_A" 0 3 1752, C4<0000000000000000000000000000000000000000000000000000000000000000000000000000000000000000000000000000000000000000000000000000000000000000000000000000000000000000000000000000000000000000000000000000000000000000000000000000000000000000000000000000000000000000>;
P_00000114dbb7f398 .param/l "INIT_B" 0 3 1753, C4<0000000000000000000000000000000000000000000000000000000000000000000000000000000000000000000000000000000000000000000000000000000000000000000000000000000000000000000000000000000000000000000000000000000000000000000000000000000000000000000000000000000000000000>;
P_00000114dbb7f3d0 .param/l "INIT_C" 0 3 1754, C4<0000000000000000000000000000000000000000000000000000000000000000000000000000000000000000000000000000000000000000000000000000000000000000000000000000000000000000000000000000000000000000000000000000000000000000000000000000000000000000000000000000000000000000>;
P_00000114dbb7f408 .param/l "INIT_D" 0 3 1755, C4<0000000000000000000000000000000000000000000000000000000000000000000000000000000000000000000000000000000000000000000000000000000000000000000000000000000000000000000000000000000000000000000000000000000000000000000000000000000000000000000000000000000000000000>;
P_00000114dbb7f440 .param/l "INIT_E" 0 3 1756, C4<0000000000000000000000000000000000000000000000000000000000000000000000000000000000000000000000000000000000000000000000000000000000000000000000000000000000000000000000000000000000000000000000000000000000000000000000000000000000000000000000000000000000000000>;
P_00000114dbb7f478 .param/l "INIT_F" 0 3 1757, C4<0000000000000000000000000000000000000000000000000000000000000000000000000000000000000000000000000000000000000000000000000000000000000000000000000000000000000000000000000000000000000000000000000000000000000000000000000000000000000000000000000000000000000000>;
P_00000114dbb7f4b0 .param/str "INIT_FILE" 0 3 1759, "\000";
P_00000114dbb7f4e8 .param/l "READ_MODE" 0 3 1740, +C4<00000000000000000000000000000000>;
P_00000114dbb7f520 .param/l "WRITE_MODE" 0 3 1739, +C4<00000000000000000000000000000000>;
o00000114dbb9ce98 .functor BUFZ 1, c4<z>; HiZ drive
L_00000114dbafb090 .functor NOT 1, o00000114dbb9ce98, C4<0>, C4<0>, C4<0>;
o00000114dbb9c988 .functor BUFZ 16, c4<zzzzzzzzzzzzzzzz>; HiZ drive
v00000114dbbf40a0_0 .net "MASK", 15 0, o00000114dbb9c988;  0 drivers
o00000114dbb9c9b8 .functor BUFZ 11, c4<zzzzzzzzzzz>; HiZ drive
v00000114dbbf34c0_0 .net "RADDR", 10 0, o00000114dbb9c9b8;  0 drivers
o00000114dbb9ca18 .functor BUFZ 1, c4<z>; HiZ drive
v00000114dbbf3240_0 .net "RCLKE", 0 0, o00000114dbb9ca18;  0 drivers
v00000114dbbf3380_0 .net "RCLKN", 0 0, o00000114dbb9ce98;  0 drivers
v00000114dbbf2fc0_0 .net "RDATA", 15 0, L_00000114dbb6f920;  1 drivers
o00000114dbb9caa8 .functor BUFZ 1, c4<z>; HiZ drive
v00000114dbbf4140_0 .net "RE", 0 0, o00000114dbb9caa8;  0 drivers
o00000114dbb9cb08 .functor BUFZ 11, c4<zzzzzzzzzzz>; HiZ drive
v00000114dbbf28e0_0 .net "WADDR", 10 0, o00000114dbb9cb08;  0 drivers
o00000114dbb9cb38 .functor BUFZ 1, c4<z>; HiZ drive
v00000114dbbf41e0_0 .net "WCLK", 0 0, o00000114dbb9cb38;  0 drivers
o00000114dbb9cb68 .functor BUFZ 1, c4<z>; HiZ drive
v00000114dbbf2980_0 .net "WCLKE", 0 0, o00000114dbb9cb68;  0 drivers
o00000114dbb9cb98 .functor BUFZ 16, c4<zzzzzzzzzzzzzzzz>; HiZ drive
v00000114dbbf4460_0 .net "WDATA", 15 0, o00000114dbb9cb98;  0 drivers
o00000114dbb9cbf8 .functor BUFZ 1, c4<z>; HiZ drive
v00000114dbbf2a20_0 .net "WE", 0 0, o00000114dbb9cbf8;  0 drivers
S_00000114dbb83270 .scope module, "RAM" "SB_RAM40_4K" 3 1781, 3 1487 0, S_00000114dbb7ddf0;
 .timescale -12 -12;
    .port_info 0 /OUTPUT 16 "RDATA";
    .port_info 1 /INPUT 1 "RCLK";
    .port_info 2 /INPUT 1 "RCLKE";
    .port_info 3 /INPUT 1 "RE";
    .port_info 4 /INPUT 11 "RADDR";
    .port_info 5 /INPUT 1 "WCLK";
    .port_info 6 /INPUT 1 "WCLKE";
    .port_info 7 /INPUT 1 "WE";
    .port_info 8 /INPUT 11 "WADDR";
    .port_info 9 /INPUT 16 "MASK";
    .port_info 10 /INPUT 16 "WDATA";
P_00000114dbbfd7f0 .param/l "INIT_0" 0 3 1507, C4<0000000000000000000000000000000000000000000000000000000000000000000000000000000000000000000000000000000000000000000000000000000000000000000000000000000000000000000000000000000000000000000000000000000000000000000000000000000000000000000000000000000000000000>;
P_00000114dbbfd828 .param/l "INIT_1" 0 3 1508, C4<0000000000000000000000000000000000000000000000000000000000000000000000000000000000000000000000000000000000000000000000000000000000000000000000000000000000000000000000000000000000000000000000000000000000000000000000000000000000000000000000000000000000000000>;
P_00000114dbbfd860 .param/l "INIT_2" 0 3 1509, C4<0000000000000000000000000000000000000000000000000000000000000000000000000000000000000000000000000000000000000000000000000000000000000000000000000000000000000000000000000000000000000000000000000000000000000000000000000000000000000000000000000000000000000000>;
P_00000114dbbfd898 .param/l "INIT_3" 0 3 1510, C4<0000000000000000000000000000000000000000000000000000000000000000000000000000000000000000000000000000000000000000000000000000000000000000000000000000000000000000000000000000000000000000000000000000000000000000000000000000000000000000000000000000000000000000>;
P_00000114dbbfd8d0 .param/l "INIT_4" 0 3 1511, C4<0000000000000000000000000000000000000000000000000000000000000000000000000000000000000000000000000000000000000000000000000000000000000000000000000000000000000000000000000000000000000000000000000000000000000000000000000000000000000000000000000000000000000000>;
P_00000114dbbfd908 .param/l "INIT_5" 0 3 1512, C4<0000000000000000000000000000000000000000000000000000000000000000000000000000000000000000000000000000000000000000000000000000000000000000000000000000000000000000000000000000000000000000000000000000000000000000000000000000000000000000000000000000000000000000>;
P_00000114dbbfd940 .param/l "INIT_6" 0 3 1513, C4<0000000000000000000000000000000000000000000000000000000000000000000000000000000000000000000000000000000000000000000000000000000000000000000000000000000000000000000000000000000000000000000000000000000000000000000000000000000000000000000000000000000000000000>;
P_00000114dbbfd978 .param/l "INIT_7" 0 3 1514, C4<0000000000000000000000000000000000000000000000000000000000000000000000000000000000000000000000000000000000000000000000000000000000000000000000000000000000000000000000000000000000000000000000000000000000000000000000000000000000000000000000000000000000000000>;
P_00000114dbbfd9b0 .param/l "INIT_8" 0 3 1515, C4<0000000000000000000000000000000000000000000000000000000000000000000000000000000000000000000000000000000000000000000000000000000000000000000000000000000000000000000000000000000000000000000000000000000000000000000000000000000000000000000000000000000000000000>;
P_00000114dbbfd9e8 .param/l "INIT_9" 0 3 1516, C4<0000000000000000000000000000000000000000000000000000000000000000000000000000000000000000000000000000000000000000000000000000000000000000000000000000000000000000000000000000000000000000000000000000000000000000000000000000000000000000000000000000000000000000>;
P_00000114dbbfda20 .param/l "INIT_A" 0 3 1517, C4<0000000000000000000000000000000000000000000000000000000000000000000000000000000000000000000000000000000000000000000000000000000000000000000000000000000000000000000000000000000000000000000000000000000000000000000000000000000000000000000000000000000000000000>;
P_00000114dbbfda58 .param/l "INIT_B" 0 3 1518, C4<0000000000000000000000000000000000000000000000000000000000000000000000000000000000000000000000000000000000000000000000000000000000000000000000000000000000000000000000000000000000000000000000000000000000000000000000000000000000000000000000000000000000000000>;
P_00000114dbbfda90 .param/l "INIT_C" 0 3 1519, C4<0000000000000000000000000000000000000000000000000000000000000000000000000000000000000000000000000000000000000000000000000000000000000000000000000000000000000000000000000000000000000000000000000000000000000000000000000000000000000000000000000000000000000000>;
P_00000114dbbfdac8 .param/l "INIT_D" 0 3 1520, C4<0000000000000000000000000000000000000000000000000000000000000000000000000000000000000000000000000000000000000000000000000000000000000000000000000000000000000000000000000000000000000000000000000000000000000000000000000000000000000000000000000000000000000000>;
P_00000114dbbfdb00 .param/l "INIT_E" 0 3 1521, C4<0000000000000000000000000000000000000000000000000000000000000000000000000000000000000000000000000000000000000000000000000000000000000000000000000000000000000000000000000000000000000000000000000000000000000000000000000000000000000000000000000000000000000000>;
P_00000114dbbfdb38 .param/l "INIT_F" 0 3 1522, C4<0000000000000000000000000000000000000000000000000000000000000000000000000000000000000000000000000000000000000000000000000000000000000000000000000000000000000000000000000000000000000000000000000000000000000000000000000000000000000000000000000000000000000000>;
P_00000114dbbfdb70 .param/str "INIT_FILE" 0 3 1524, "\000";
P_00000114dbbfdba8 .param/l "READ_MODE" 0 3 1505, +C4<00000000000000000000000000000000>;
P_00000114dbbfdbe0 .param/l "WRITE_MODE" 0 3 1504, +C4<00000000000000000000000000000000>;
v00000114dbbf2d40_0 .net "MASK", 15 0, o00000114dbb9c988;  alias, 0 drivers
v00000114dbbf3ba0_0 .net "RADDR", 10 0, o00000114dbb9c9b8;  alias, 0 drivers
v00000114dbbf20c0_0 .net "RCLK", 0 0, L_00000114dbafb090;  1 drivers
v00000114dbbf3c40_0 .net "RCLKE", 0 0, o00000114dbb9ca18;  alias, 0 drivers
v00000114dbbf25c0_0 .net "RDATA", 15 0, L_00000114dbb6f920;  alias, 1 drivers
v00000114dbbf2de0_0 .var "RDATA_I", 15 0;
v00000114dbbf3ce0_0 .net "RE", 0 0, o00000114dbb9caa8;  alias, 0 drivers
L_00000114dbc0efd0 .functor BUFT 1, C4<0000000000000000>, C4<0>, C4<0>, C4<0>;
v00000114dbbf3d80_0 .net "RMASK_I", 15 0, L_00000114dbc0efd0;  1 drivers
v00000114dbbf2e80_0 .net "WADDR", 10 0, o00000114dbb9cb08;  alias, 0 drivers
v00000114dbbf2700_0 .net "WCLK", 0 0, o00000114dbb9cb38;  alias, 0 drivers
v00000114dbbf3740_0 .net "WCLKE", 0 0, o00000114dbb9cb68;  alias, 0 drivers
v00000114dbbf27a0_0 .net "WDATA", 15 0, o00000114dbb9cb98;  alias, 0 drivers
v00000114dbbf3ec0_0 .net "WDATA_I", 15 0, L_00000114dbb6fc30;  1 drivers
v00000114dbbf3f60_0 .net "WE", 0 0, o00000114dbb9cbf8;  alias, 0 drivers
v00000114dbbf2840_0 .net "WMASK_I", 15 0, L_00000114dbb6fae0;  1 drivers
v00000114dbbf4500_0 .var/i "i", 31 0;
v00000114dbbf4000 .array "memory", 255 0, 15 0;
E_00000114dbb63ad0 .event posedge, v00000114dbbf20c0_0;
E_00000114dbb63750 .event posedge, v00000114dbbf2700_0;
S_00000114dbc002c0 .scope generate, "genblk1" "genblk1" 3 1534, 3 1534 0, S_00000114dbb83270;
 .timescale -12 -12;
L_00000114dbb6fae0 .functor BUFZ 16, o00000114dbb9c988, C4<0000000000000000>, C4<0000000000000000>, C4<0000000000000000>;
S_00000114dbc00450 .scope generate, "genblk2" "genblk2" 3 1555, 3 1555 0, S_00000114dbb83270;
 .timescale -12 -12;
S_00000114dbbffe10 .scope generate, "genblk3" "genblk3" 3 1576, 3 1576 0, S_00000114dbb83270;
 .timescale -12 -12;
L_00000114dbb6fc30 .functor BUFZ 16, o00000114dbb9cb98, C4<0000000000000000>, C4<0000000000000000>, C4<0000000000000000>;
S_00000114dbc013f0 .scope generate, "genblk4" "genblk4" 3 1595, 3 1595 0, S_00000114dbb83270;
 .timescale -12 -12;
L_00000114dbb6f920 .functor BUFZ 16, v00000114dbbf2de0_0, C4<0000000000000000>, C4<0000000000000000>, C4<0000000000000000>;
S_00000114dbb7e110 .scope module, "SB_RAM40_4KNRNW" "SB_RAM40_4KNRNW" 3 1998;
 .timescale -12 -12;
    .port_info 0 /OUTPUT 16 "RDATA";
    .port_info 1 /INPUT 1 "RCLKN";
    .port_info 2 /INPUT 1 "RCLKE";
    .port_info 3 /INPUT 1 "RE";
    .port_info 4 /INPUT 11 "RADDR";
    .port_info 5 /INPUT 1 "WCLKN";
    .port_info 6 /INPUT 1 "WCLKE";
    .port_info 7 /INPUT 1 "WE";
    .port_info 8 /INPUT 11 "WADDR";
    .port_info 9 /INPUT 16 "MASK";
    .port_info 10 /INPUT 16 "WDATA";
P_00000114dbb7f560 .param/l "INIT_0" 0 3 2014, C4<0000000000000000000000000000000000000000000000000000000000000000000000000000000000000000000000000000000000000000000000000000000000000000000000000000000000000000000000000000000000000000000000000000000000000000000000000000000000000000000000000000000000000000>;
P_00000114dbb7f598 .param/l "INIT_1" 0 3 2015, C4<0000000000000000000000000000000000000000000000000000000000000000000000000000000000000000000000000000000000000000000000000000000000000000000000000000000000000000000000000000000000000000000000000000000000000000000000000000000000000000000000000000000000000000>;
P_00000114dbb7f5d0 .param/l "INIT_2" 0 3 2016, C4<0000000000000000000000000000000000000000000000000000000000000000000000000000000000000000000000000000000000000000000000000000000000000000000000000000000000000000000000000000000000000000000000000000000000000000000000000000000000000000000000000000000000000000>;
P_00000114dbb7f608 .param/l "INIT_3" 0 3 2017, C4<0000000000000000000000000000000000000000000000000000000000000000000000000000000000000000000000000000000000000000000000000000000000000000000000000000000000000000000000000000000000000000000000000000000000000000000000000000000000000000000000000000000000000000>;
P_00000114dbb7f640 .param/l "INIT_4" 0 3 2018, C4<0000000000000000000000000000000000000000000000000000000000000000000000000000000000000000000000000000000000000000000000000000000000000000000000000000000000000000000000000000000000000000000000000000000000000000000000000000000000000000000000000000000000000000>;
P_00000114dbb7f678 .param/l "INIT_5" 0 3 2019, C4<0000000000000000000000000000000000000000000000000000000000000000000000000000000000000000000000000000000000000000000000000000000000000000000000000000000000000000000000000000000000000000000000000000000000000000000000000000000000000000000000000000000000000000>;
P_00000114dbb7f6b0 .param/l "INIT_6" 0 3 2020, C4<0000000000000000000000000000000000000000000000000000000000000000000000000000000000000000000000000000000000000000000000000000000000000000000000000000000000000000000000000000000000000000000000000000000000000000000000000000000000000000000000000000000000000000>;
P_00000114dbb7f6e8 .param/l "INIT_7" 0 3 2021, C4<0000000000000000000000000000000000000000000000000000000000000000000000000000000000000000000000000000000000000000000000000000000000000000000000000000000000000000000000000000000000000000000000000000000000000000000000000000000000000000000000000000000000000000>;
P_00000114dbb7f720 .param/l "INIT_8" 0 3 2022, C4<0000000000000000000000000000000000000000000000000000000000000000000000000000000000000000000000000000000000000000000000000000000000000000000000000000000000000000000000000000000000000000000000000000000000000000000000000000000000000000000000000000000000000000>;
P_00000114dbb7f758 .param/l "INIT_9" 0 3 2023, C4<0000000000000000000000000000000000000000000000000000000000000000000000000000000000000000000000000000000000000000000000000000000000000000000000000000000000000000000000000000000000000000000000000000000000000000000000000000000000000000000000000000000000000000>;
P_00000114dbb7f790 .param/l "INIT_A" 0 3 2024, C4<0000000000000000000000000000000000000000000000000000000000000000000000000000000000000000000000000000000000000000000000000000000000000000000000000000000000000000000000000000000000000000000000000000000000000000000000000000000000000000000000000000000000000000>;
P_00000114dbb7f7c8 .param/l "INIT_B" 0 3 2025, C4<0000000000000000000000000000000000000000000000000000000000000000000000000000000000000000000000000000000000000000000000000000000000000000000000000000000000000000000000000000000000000000000000000000000000000000000000000000000000000000000000000000000000000000>;
P_00000114dbb7f800 .param/l "INIT_C" 0 3 2026, C4<0000000000000000000000000000000000000000000000000000000000000000000000000000000000000000000000000000000000000000000000000000000000000000000000000000000000000000000000000000000000000000000000000000000000000000000000000000000000000000000000000000000000000000>;
P_00000114dbb7f838 .param/l "INIT_D" 0 3 2027, C4<0000000000000000000000000000000000000000000000000000000000000000000000000000000000000000000000000000000000000000000000000000000000000000000000000000000000000000000000000000000000000000000000000000000000000000000000000000000000000000000000000000000000000000>;
P_00000114dbb7f870 .param/l "INIT_E" 0 3 2028, C4<0000000000000000000000000000000000000000000000000000000000000000000000000000000000000000000000000000000000000000000000000000000000000000000000000000000000000000000000000000000000000000000000000000000000000000000000000000000000000000000000000000000000000000>;
P_00000114dbb7f8a8 .param/l "INIT_F" 0 3 2029, C4<0000000000000000000000000000000000000000000000000000000000000000000000000000000000000000000000000000000000000000000000000000000000000000000000000000000000000000000000000000000000000000000000000000000000000000000000000000000000000000000000000000000000000000>;
P_00000114dbb7f8e0 .param/str "INIT_FILE" 0 3 2031, "\000";
P_00000114dbb7f918 .param/l "READ_MODE" 0 3 2012, +C4<00000000000000000000000000000000>;
P_00000114dbb7f950 .param/l "WRITE_MODE" 0 3 2011, +C4<00000000000000000000000000000000>;
o00000114dbb9d5e8 .functor BUFZ 1, c4<z>; HiZ drive
L_00000114dbafbf00 .functor NOT 1, o00000114dbb9d5e8, C4<0>, C4<0>, C4<0>;
o00000114dbb9d618 .functor BUFZ 1, c4<z>; HiZ drive
L_00000114dbafb720 .functor NOT 1, o00000114dbb9d618, C4<0>, C4<0>, C4<0>;
o00000114dbb9d0d8 .functor BUFZ 16, c4<zzzzzzzzzzzzzzzz>; HiZ drive
v00000114dbbf4f00_0 .net "MASK", 15 0, o00000114dbb9d0d8;  0 drivers
o00000114dbb9d108 .functor BUFZ 11, c4<zzzzzzzzzzz>; HiZ drive
v00000114dbbf4be0_0 .net "RADDR", 10 0, o00000114dbb9d108;  0 drivers
o00000114dbb9d168 .functor BUFZ 1, c4<z>; HiZ drive
v00000114dbbf4e60_0 .net "RCLKE", 0 0, o00000114dbb9d168;  0 drivers
v00000114dbbf4aa0_0 .net "RCLKN", 0 0, o00000114dbb9d5e8;  0 drivers
v00000114dbbf48c0_0 .net "RDATA", 15 0, L_00000114dbafa920;  1 drivers
o00000114dbb9d1f8 .functor BUFZ 1, c4<z>; HiZ drive
v00000114dbbf4960_0 .net "RE", 0 0, o00000114dbb9d1f8;  0 drivers
o00000114dbb9d258 .functor BUFZ 11, c4<zzzzzzzzzzz>; HiZ drive
v00000114dbbf4c80_0 .net "WADDR", 10 0, o00000114dbb9d258;  0 drivers
o00000114dbb9d2b8 .functor BUFZ 1, c4<z>; HiZ drive
v00000114dbbf4a00_0 .net "WCLKE", 0 0, o00000114dbb9d2b8;  0 drivers
v00000114dbbf4d20_0 .net "WCLKN", 0 0, o00000114dbb9d618;  0 drivers
o00000114dbb9d2e8 .functor BUFZ 16, c4<zzzzzzzzzzzzzzzz>; HiZ drive
v00000114dbc096f0_0 .net "WDATA", 15 0, o00000114dbb9d2e8;  0 drivers
o00000114dbb9d348 .functor BUFZ 1, c4<z>; HiZ drive
v00000114dbc072b0_0 .net "WE", 0 0, o00000114dbb9d348;  0 drivers
S_00000114dbc010d0 .scope module, "RAM" "SB_RAM40_4K" 3 2053, 3 1487 0, S_00000114dbb7e110;
 .timescale -12 -12;
    .port_info 0 /OUTPUT 16 "RDATA";
    .port_info 1 /INPUT 1 "RCLK";
    .port_info 2 /INPUT 1 "RCLKE";
    .port_info 3 /INPUT 1 "RE";
    .port_info 4 /INPUT 11 "RADDR";
    .port_info 5 /INPUT 1 "WCLK";
    .port_info 6 /INPUT 1 "WCLKE";
    .port_info 7 /INPUT 1 "WE";
    .port_info 8 /INPUT 11 "WADDR";
    .port_info 9 /INPUT 16 "MASK";
    .port_info 10 /INPUT 16 "WDATA";
P_00000114dbc01c40 .param/l "INIT_0" 0 3 1507, C4<0000000000000000000000000000000000000000000000000000000000000000000000000000000000000000000000000000000000000000000000000000000000000000000000000000000000000000000000000000000000000000000000000000000000000000000000000000000000000000000000000000000000000000>;
P_00000114dbc01c78 .param/l "INIT_1" 0 3 1508, C4<0000000000000000000000000000000000000000000000000000000000000000000000000000000000000000000000000000000000000000000000000000000000000000000000000000000000000000000000000000000000000000000000000000000000000000000000000000000000000000000000000000000000000000>;
P_00000114dbc01cb0 .param/l "INIT_2" 0 3 1509, C4<0000000000000000000000000000000000000000000000000000000000000000000000000000000000000000000000000000000000000000000000000000000000000000000000000000000000000000000000000000000000000000000000000000000000000000000000000000000000000000000000000000000000000000>;
P_00000114dbc01ce8 .param/l "INIT_3" 0 3 1510, C4<0000000000000000000000000000000000000000000000000000000000000000000000000000000000000000000000000000000000000000000000000000000000000000000000000000000000000000000000000000000000000000000000000000000000000000000000000000000000000000000000000000000000000000>;
P_00000114dbc01d20 .param/l "INIT_4" 0 3 1511, C4<0000000000000000000000000000000000000000000000000000000000000000000000000000000000000000000000000000000000000000000000000000000000000000000000000000000000000000000000000000000000000000000000000000000000000000000000000000000000000000000000000000000000000000>;
P_00000114dbc01d58 .param/l "INIT_5" 0 3 1512, C4<0000000000000000000000000000000000000000000000000000000000000000000000000000000000000000000000000000000000000000000000000000000000000000000000000000000000000000000000000000000000000000000000000000000000000000000000000000000000000000000000000000000000000000>;
P_00000114dbc01d90 .param/l "INIT_6" 0 3 1513, C4<0000000000000000000000000000000000000000000000000000000000000000000000000000000000000000000000000000000000000000000000000000000000000000000000000000000000000000000000000000000000000000000000000000000000000000000000000000000000000000000000000000000000000000>;
P_00000114dbc01dc8 .param/l "INIT_7" 0 3 1514, C4<0000000000000000000000000000000000000000000000000000000000000000000000000000000000000000000000000000000000000000000000000000000000000000000000000000000000000000000000000000000000000000000000000000000000000000000000000000000000000000000000000000000000000000>;
P_00000114dbc01e00 .param/l "INIT_8" 0 3 1515, C4<0000000000000000000000000000000000000000000000000000000000000000000000000000000000000000000000000000000000000000000000000000000000000000000000000000000000000000000000000000000000000000000000000000000000000000000000000000000000000000000000000000000000000000>;
P_00000114dbc01e38 .param/l "INIT_9" 0 3 1516, C4<0000000000000000000000000000000000000000000000000000000000000000000000000000000000000000000000000000000000000000000000000000000000000000000000000000000000000000000000000000000000000000000000000000000000000000000000000000000000000000000000000000000000000000>;
P_00000114dbc01e70 .param/l "INIT_A" 0 3 1517, C4<0000000000000000000000000000000000000000000000000000000000000000000000000000000000000000000000000000000000000000000000000000000000000000000000000000000000000000000000000000000000000000000000000000000000000000000000000000000000000000000000000000000000000000>;
P_00000114dbc01ea8 .param/l "INIT_B" 0 3 1518, C4<0000000000000000000000000000000000000000000000000000000000000000000000000000000000000000000000000000000000000000000000000000000000000000000000000000000000000000000000000000000000000000000000000000000000000000000000000000000000000000000000000000000000000000>;
P_00000114dbc01ee0 .param/l "INIT_C" 0 3 1519, C4<0000000000000000000000000000000000000000000000000000000000000000000000000000000000000000000000000000000000000000000000000000000000000000000000000000000000000000000000000000000000000000000000000000000000000000000000000000000000000000000000000000000000000000>;
P_00000114dbc01f18 .param/l "INIT_D" 0 3 1520, C4<0000000000000000000000000000000000000000000000000000000000000000000000000000000000000000000000000000000000000000000000000000000000000000000000000000000000000000000000000000000000000000000000000000000000000000000000000000000000000000000000000000000000000000>;
P_00000114dbc01f50 .param/l "INIT_E" 0 3 1521, C4<0000000000000000000000000000000000000000000000000000000000000000000000000000000000000000000000000000000000000000000000000000000000000000000000000000000000000000000000000000000000000000000000000000000000000000000000000000000000000000000000000000000000000000>;
P_00000114dbc01f88 .param/l "INIT_F" 0 3 1522, C4<0000000000000000000000000000000000000000000000000000000000000000000000000000000000000000000000000000000000000000000000000000000000000000000000000000000000000000000000000000000000000000000000000000000000000000000000000000000000000000000000000000000000000000>;
P_00000114dbc01fc0 .param/str "INIT_FILE" 0 3 1524, "\000";
P_00000114dbc01ff8 .param/l "READ_MODE" 0 3 1505, +C4<00000000000000000000000000000000>;
P_00000114dbc02030 .param/l "WRITE_MODE" 0 3 1504, +C4<00000000000000000000000000000000>;
v00000114dbbf3060_0 .net "MASK", 15 0, o00000114dbb9d0d8;  alias, 0 drivers
v00000114dbbf4280_0 .net "RADDR", 10 0, o00000114dbb9d108;  alias, 0 drivers
v00000114dbbf3600_0 .net "RCLK", 0 0, L_00000114dbafbf00;  1 drivers
v00000114dbbf2ac0_0 .net "RCLKE", 0 0, o00000114dbb9d168;  alias, 0 drivers
v00000114dbbf2f20_0 .net "RDATA", 15 0, L_00000114dbafa920;  alias, 1 drivers
v00000114dbbf46e0_0 .var "RDATA_I", 15 0;
v00000114dbbf43c0_0 .net "RE", 0 0, o00000114dbb9d1f8;  alias, 0 drivers
L_00000114dbc0f018 .functor BUFT 1, C4<0000000000000000>, C4<0>, C4<0>, C4<0>;
v00000114dbbf4780_0 .net "RMASK_I", 15 0, L_00000114dbc0f018;  1 drivers
v00000114dbbf3100_0 .net "WADDR", 10 0, o00000114dbb9d258;  alias, 0 drivers
v00000114dbbf31a0_0 .net "WCLK", 0 0, L_00000114dbafb720;  1 drivers
v00000114dbbf32e0_0 .net "WCLKE", 0 0, o00000114dbb9d2b8;  alias, 0 drivers
v00000114dbbf3420_0 .net "WDATA", 15 0, o00000114dbb9d2e8;  alias, 0 drivers
v00000114dbbf3560_0 .net "WDATA_I", 15 0, L_00000114dbafa760;  1 drivers
v00000114dbbf36a0_0 .net "WE", 0 0, o00000114dbb9d348;  alias, 0 drivers
v00000114dbbf4820_0 .net "WMASK_I", 15 0, L_00000114dbafc0c0;  1 drivers
v00000114dbbf4b40_0 .var/i "i", 31 0;
v00000114dbbf4dc0 .array "memory", 255 0, 15 0;
E_00000114dbb63790 .event posedge, v00000114dbbf3600_0;
E_00000114dbb63710 .event posedge, v00000114dbbf31a0_0;
S_00000114dbc01580 .scope generate, "genblk1" "genblk1" 3 1534, 3 1534 0, S_00000114dbc010d0;
 .timescale -12 -12;
L_00000114dbafc0c0 .functor BUFZ 16, o00000114dbb9d0d8, C4<0000000000000000>, C4<0000000000000000>, C4<0000000000000000>;
S_00000114dbc01260 .scope generate, "genblk2" "genblk2" 3 1555, 3 1555 0, S_00000114dbc010d0;
 .timescale -12 -12;
S_00000114dbc01a30 .scope generate, "genblk3" "genblk3" 3 1576, 3 1576 0, S_00000114dbc010d0;
 .timescale -12 -12;
L_00000114dbafa760 .functor BUFZ 16, o00000114dbb9d2e8, C4<0000000000000000>, C4<0000000000000000>, C4<0000000000000000>;
S_00000114dbc01710 .scope generate, "genblk4" "genblk4" 3 1595, 3 1595 0, S_00000114dbc010d0;
 .timescale -12 -12;
L_00000114dbafa920 .functor BUFZ 16, v00000114dbbf46e0_0, C4<0000000000000000>, C4<0000000000000000>, C4<0000000000000000>;
S_00000114dbb7e2a0 .scope module, "SB_RAM40_4KNW" "SB_RAM40_4KNW" 3 1862;
 .timescale -12 -12;
    .port_info 0 /OUTPUT 16 "RDATA";
    .port_info 1 /INPUT 1 "RCLK";
    .port_info 2 /INPUT 1 "RCLKE";
    .port_info 3 /INPUT 1 "RE";
    .port_info 4 /INPUT 11 "RADDR";
    .port_info 5 /INPUT 1 "WCLKN";
    .port_info 6 /INPUT 1 "WCLKE";
    .port_info 7 /INPUT 1 "WE";
    .port_info 8 /INPUT 11 "WADDR";
    .port_info 9 /INPUT 16 "MASK";
    .port_info 10 /INPUT 16 "WDATA";
P_00000114dbb819a0 .param/l "INIT_0" 0 3 1878, C4<0000000000000000000000000000000000000000000000000000000000000000000000000000000000000000000000000000000000000000000000000000000000000000000000000000000000000000000000000000000000000000000000000000000000000000000000000000000000000000000000000000000000000000>;
P_00000114dbb819d8 .param/l "INIT_1" 0 3 1879, C4<0000000000000000000000000000000000000000000000000000000000000000000000000000000000000000000000000000000000000000000000000000000000000000000000000000000000000000000000000000000000000000000000000000000000000000000000000000000000000000000000000000000000000000>;
P_00000114dbb81a10 .param/l "INIT_2" 0 3 1880, C4<0000000000000000000000000000000000000000000000000000000000000000000000000000000000000000000000000000000000000000000000000000000000000000000000000000000000000000000000000000000000000000000000000000000000000000000000000000000000000000000000000000000000000000>;
P_00000114dbb81a48 .param/l "INIT_3" 0 3 1881, C4<0000000000000000000000000000000000000000000000000000000000000000000000000000000000000000000000000000000000000000000000000000000000000000000000000000000000000000000000000000000000000000000000000000000000000000000000000000000000000000000000000000000000000000>;
P_00000114dbb81a80 .param/l "INIT_4" 0 3 1882, C4<0000000000000000000000000000000000000000000000000000000000000000000000000000000000000000000000000000000000000000000000000000000000000000000000000000000000000000000000000000000000000000000000000000000000000000000000000000000000000000000000000000000000000000>;
P_00000114dbb81ab8 .param/l "INIT_5" 0 3 1883, C4<0000000000000000000000000000000000000000000000000000000000000000000000000000000000000000000000000000000000000000000000000000000000000000000000000000000000000000000000000000000000000000000000000000000000000000000000000000000000000000000000000000000000000000>;
P_00000114dbb81af0 .param/l "INIT_6" 0 3 1884, C4<0000000000000000000000000000000000000000000000000000000000000000000000000000000000000000000000000000000000000000000000000000000000000000000000000000000000000000000000000000000000000000000000000000000000000000000000000000000000000000000000000000000000000000>;
P_00000114dbb81b28 .param/l "INIT_7" 0 3 1885, C4<0000000000000000000000000000000000000000000000000000000000000000000000000000000000000000000000000000000000000000000000000000000000000000000000000000000000000000000000000000000000000000000000000000000000000000000000000000000000000000000000000000000000000000>;
P_00000114dbb81b60 .param/l "INIT_8" 0 3 1886, C4<0000000000000000000000000000000000000000000000000000000000000000000000000000000000000000000000000000000000000000000000000000000000000000000000000000000000000000000000000000000000000000000000000000000000000000000000000000000000000000000000000000000000000000>;
P_00000114dbb81b98 .param/l "INIT_9" 0 3 1887, C4<0000000000000000000000000000000000000000000000000000000000000000000000000000000000000000000000000000000000000000000000000000000000000000000000000000000000000000000000000000000000000000000000000000000000000000000000000000000000000000000000000000000000000000>;
P_00000114dbb81bd0 .param/l "INIT_A" 0 3 1888, C4<0000000000000000000000000000000000000000000000000000000000000000000000000000000000000000000000000000000000000000000000000000000000000000000000000000000000000000000000000000000000000000000000000000000000000000000000000000000000000000000000000000000000000000>;
P_00000114dbb81c08 .param/l "INIT_B" 0 3 1889, C4<0000000000000000000000000000000000000000000000000000000000000000000000000000000000000000000000000000000000000000000000000000000000000000000000000000000000000000000000000000000000000000000000000000000000000000000000000000000000000000000000000000000000000000>;
P_00000114dbb81c40 .param/l "INIT_C" 0 3 1890, C4<0000000000000000000000000000000000000000000000000000000000000000000000000000000000000000000000000000000000000000000000000000000000000000000000000000000000000000000000000000000000000000000000000000000000000000000000000000000000000000000000000000000000000000>;
P_00000114dbb81c78 .param/l "INIT_D" 0 3 1891, C4<0000000000000000000000000000000000000000000000000000000000000000000000000000000000000000000000000000000000000000000000000000000000000000000000000000000000000000000000000000000000000000000000000000000000000000000000000000000000000000000000000000000000000000>;
P_00000114dbb81cb0 .param/l "INIT_E" 0 3 1892, C4<0000000000000000000000000000000000000000000000000000000000000000000000000000000000000000000000000000000000000000000000000000000000000000000000000000000000000000000000000000000000000000000000000000000000000000000000000000000000000000000000000000000000000000>;
P_00000114dbb81ce8 .param/l "INIT_F" 0 3 1893, C4<0000000000000000000000000000000000000000000000000000000000000000000000000000000000000000000000000000000000000000000000000000000000000000000000000000000000000000000000000000000000000000000000000000000000000000000000000000000000000000000000000000000000000000>;
P_00000114dbb81d20 .param/str "INIT_FILE" 0 3 1895, "\000";
P_00000114dbb81d58 .param/l "READ_MODE" 0 3 1876, +C4<00000000000000000000000000000000>;
P_00000114dbb81d90 .param/l "WRITE_MODE" 0 3 1875, +C4<00000000000000000000000000000000>;
o00000114dbb9dd68 .functor BUFZ 1, c4<z>; HiZ drive
L_00000114dba21c20 .functor NOT 1, o00000114dbb9dd68, C4<0>, C4<0>, C4<0>;
o00000114dbb9d858 .functor BUFZ 16, c4<zzzzzzzzzzzzzzzz>; HiZ drive
v00000114dbc084d0_0 .net "MASK", 15 0, o00000114dbb9d858;  0 drivers
o00000114dbb9d888 .functor BUFZ 11, c4<zzzzzzzzzzz>; HiZ drive
v00000114dbc08570_0 .net "RADDR", 10 0, o00000114dbb9d888;  0 drivers
o00000114dbb9d8b8 .functor BUFZ 1, c4<z>; HiZ drive
v00000114dbc08bb0_0 .net "RCLK", 0 0, o00000114dbb9d8b8;  0 drivers
o00000114dbb9d8e8 .functor BUFZ 1, c4<z>; HiZ drive
v00000114dbc08f70_0 .net "RCLKE", 0 0, o00000114dbb9d8e8;  0 drivers
v00000114dbc08d90_0 .net "RDATA", 15 0, L_00000114dba21ad0;  1 drivers
o00000114dbb9d978 .functor BUFZ 1, c4<z>; HiZ drive
v00000114dbc07170_0 .net "RE", 0 0, o00000114dbb9d978;  0 drivers
o00000114dbb9d9d8 .functor BUFZ 11, c4<zzzzzzzzzzz>; HiZ drive
v00000114dbc09650_0 .net "WADDR", 10 0, o00000114dbb9d9d8;  0 drivers
o00000114dbb9da38 .functor BUFZ 1, c4<z>; HiZ drive
v00000114dbc075d0_0 .net "WCLKE", 0 0, o00000114dbb9da38;  0 drivers
v00000114dbc08610_0 .net "WCLKN", 0 0, o00000114dbb9dd68;  0 drivers
o00000114dbb9da68 .functor BUFZ 16, c4<zzzzzzzzzzzzzzzz>; HiZ drive
v00000114dbc08930_0 .net "WDATA", 15 0, o00000114dbb9da68;  0 drivers
o00000114dbb9dac8 .functor BUFZ 1, c4<z>; HiZ drive
v00000114dbc07990_0 .net "WE", 0 0, o00000114dbb9dac8;  0 drivers
S_00000114dbc00770 .scope module, "RAM" "SB_RAM40_4K" 3 1917, 3 1487 0, S_00000114dbb7e2a0;
 .timescale -12 -12;
    .port_info 0 /OUTPUT 16 "RDATA";
    .port_info 1 /INPUT 1 "RCLK";
    .port_info 2 /INPUT 1 "RCLKE";
    .port_info 3 /INPUT 1 "RE";
    .port_info 4 /INPUT 11 "RADDR";
    .port_info 5 /INPUT 1 "WCLK";
    .port_info 6 /INPUT 1 "WCLKE";
    .port_info 7 /INPUT 1 "WE";
    .port_info 8 /INPUT 11 "WADDR";
    .port_info 9 /INPUT 16 "MASK";
    .port_info 10 /INPUT 16 "WDATA";
P_00000114dbc0a080 .param/l "INIT_0" 0 3 1507, C4<0000000000000000000000000000000000000000000000000000000000000000000000000000000000000000000000000000000000000000000000000000000000000000000000000000000000000000000000000000000000000000000000000000000000000000000000000000000000000000000000000000000000000000>;
P_00000114dbc0a0b8 .param/l "INIT_1" 0 3 1508, C4<0000000000000000000000000000000000000000000000000000000000000000000000000000000000000000000000000000000000000000000000000000000000000000000000000000000000000000000000000000000000000000000000000000000000000000000000000000000000000000000000000000000000000000>;
P_00000114dbc0a0f0 .param/l "INIT_2" 0 3 1509, C4<0000000000000000000000000000000000000000000000000000000000000000000000000000000000000000000000000000000000000000000000000000000000000000000000000000000000000000000000000000000000000000000000000000000000000000000000000000000000000000000000000000000000000000>;
P_00000114dbc0a128 .param/l "INIT_3" 0 3 1510, C4<0000000000000000000000000000000000000000000000000000000000000000000000000000000000000000000000000000000000000000000000000000000000000000000000000000000000000000000000000000000000000000000000000000000000000000000000000000000000000000000000000000000000000000>;
P_00000114dbc0a160 .param/l "INIT_4" 0 3 1511, C4<0000000000000000000000000000000000000000000000000000000000000000000000000000000000000000000000000000000000000000000000000000000000000000000000000000000000000000000000000000000000000000000000000000000000000000000000000000000000000000000000000000000000000000>;
P_00000114dbc0a198 .param/l "INIT_5" 0 3 1512, C4<0000000000000000000000000000000000000000000000000000000000000000000000000000000000000000000000000000000000000000000000000000000000000000000000000000000000000000000000000000000000000000000000000000000000000000000000000000000000000000000000000000000000000000>;
P_00000114dbc0a1d0 .param/l "INIT_6" 0 3 1513, C4<0000000000000000000000000000000000000000000000000000000000000000000000000000000000000000000000000000000000000000000000000000000000000000000000000000000000000000000000000000000000000000000000000000000000000000000000000000000000000000000000000000000000000000>;
P_00000114dbc0a208 .param/l "INIT_7" 0 3 1514, C4<0000000000000000000000000000000000000000000000000000000000000000000000000000000000000000000000000000000000000000000000000000000000000000000000000000000000000000000000000000000000000000000000000000000000000000000000000000000000000000000000000000000000000000>;
P_00000114dbc0a240 .param/l "INIT_8" 0 3 1515, C4<0000000000000000000000000000000000000000000000000000000000000000000000000000000000000000000000000000000000000000000000000000000000000000000000000000000000000000000000000000000000000000000000000000000000000000000000000000000000000000000000000000000000000000>;
P_00000114dbc0a278 .param/l "INIT_9" 0 3 1516, C4<0000000000000000000000000000000000000000000000000000000000000000000000000000000000000000000000000000000000000000000000000000000000000000000000000000000000000000000000000000000000000000000000000000000000000000000000000000000000000000000000000000000000000000>;
P_00000114dbc0a2b0 .param/l "INIT_A" 0 3 1517, C4<0000000000000000000000000000000000000000000000000000000000000000000000000000000000000000000000000000000000000000000000000000000000000000000000000000000000000000000000000000000000000000000000000000000000000000000000000000000000000000000000000000000000000000>;
P_00000114dbc0a2e8 .param/l "INIT_B" 0 3 1518, C4<0000000000000000000000000000000000000000000000000000000000000000000000000000000000000000000000000000000000000000000000000000000000000000000000000000000000000000000000000000000000000000000000000000000000000000000000000000000000000000000000000000000000000000>;
P_00000114dbc0a320 .param/l "INIT_C" 0 3 1519, C4<0000000000000000000000000000000000000000000000000000000000000000000000000000000000000000000000000000000000000000000000000000000000000000000000000000000000000000000000000000000000000000000000000000000000000000000000000000000000000000000000000000000000000000>;
P_00000114dbc0a358 .param/l "INIT_D" 0 3 1520, C4<0000000000000000000000000000000000000000000000000000000000000000000000000000000000000000000000000000000000000000000000000000000000000000000000000000000000000000000000000000000000000000000000000000000000000000000000000000000000000000000000000000000000000000>;
P_00000114dbc0a390 .param/l "INIT_E" 0 3 1521, C4<0000000000000000000000000000000000000000000000000000000000000000000000000000000000000000000000000000000000000000000000000000000000000000000000000000000000000000000000000000000000000000000000000000000000000000000000000000000000000000000000000000000000000000>;
P_00000114dbc0a3c8 .param/l "INIT_F" 0 3 1522, C4<0000000000000000000000000000000000000000000000000000000000000000000000000000000000000000000000000000000000000000000000000000000000000000000000000000000000000000000000000000000000000000000000000000000000000000000000000000000000000000000000000000000000000000>;
P_00000114dbc0a400 .param/str "INIT_FILE" 0 3 1524, "\000";
P_00000114dbc0a438 .param/l "READ_MODE" 0 3 1505, +C4<00000000000000000000000000000000>;
P_00000114dbc0a470 .param/l "WRITE_MODE" 0 3 1504, +C4<00000000000000000000000000000000>;
v00000114dbc093d0_0 .net "MASK", 15 0, o00000114dbb9d858;  alias, 0 drivers
v00000114dbc09830_0 .net "RADDR", 10 0, o00000114dbb9d888;  alias, 0 drivers
v00000114dbc09790_0 .net "RCLK", 0 0, o00000114dbb9d8b8;  alias, 0 drivers
v00000114dbc095b0_0 .net "RCLKE", 0 0, o00000114dbb9d8e8;  alias, 0 drivers
v00000114dbc08070_0 .net "RDATA", 15 0, L_00000114dba21ad0;  alias, 1 drivers
v00000114dbc07a30_0 .var "RDATA_I", 15 0;
v00000114dbc07530_0 .net "RE", 0 0, o00000114dbb9d978;  alias, 0 drivers
L_00000114dbc0f060 .functor BUFT 1, C4<0000000000000000>, C4<0>, C4<0>, C4<0>;
v00000114dbc07490_0 .net "RMASK_I", 15 0, L_00000114dbc0f060;  1 drivers
v00000114dbc091f0_0 .net "WADDR", 10 0, o00000114dbb9d9d8;  alias, 0 drivers
v00000114dbc08cf0_0 .net "WCLK", 0 0, L_00000114dba21c20;  1 drivers
v00000114dbc09010_0 .net "WCLKE", 0 0, o00000114dbb9da38;  alias, 0 drivers
v00000114dbc09330_0 .net "WDATA", 15 0, o00000114dbb9da68;  alias, 0 drivers
v00000114dbc08430_0 .net "WDATA_I", 15 0, L_00000114dba213d0;  1 drivers
v00000114dbc07210_0 .net "WE", 0 0, o00000114dbb9dac8;  alias, 0 drivers
v00000114dbc08ed0_0 .net "WMASK_I", 15 0, L_00000114dba220f0;  1 drivers
v00000114dbc070d0_0 .var/i "i", 31 0;
v00000114dbc08c50 .array "memory", 255 0, 15 0;
E_00000114dbb63a90 .event posedge, v00000114dbc09790_0;
E_00000114dbb630d0 .event posedge, v00000114dbc08cf0_0;
S_00000114dbbffc80 .scope generate, "genblk1" "genblk1" 3 1534, 3 1534 0, S_00000114dbc00770;
 .timescale -12 -12;
L_00000114dba220f0 .functor BUFZ 16, o00000114dbb9d858, C4<0000000000000000>, C4<0000000000000000>, C4<0000000000000000>;
S_00000114dbc005e0 .scope generate, "genblk2" "genblk2" 3 1555, 3 1555 0, S_00000114dbc00770;
 .timescale -12 -12;
S_00000114dbc00900 .scope generate, "genblk3" "genblk3" 3 1576, 3 1576 0, S_00000114dbc00770;
 .timescale -12 -12;
L_00000114dba213d0 .functor BUFZ 16, o00000114dbb9da68, C4<0000000000000000>, C4<0000000000000000>, C4<0000000000000000>;
S_00000114dbc018a0 .scope generate, "genblk4" "genblk4" 3 1595, 3 1595 0, S_00000114dbc00770;
 .timescale -12 -12;
L_00000114dba21ad0 .functor BUFZ 16, v00000114dbc07a30_0, C4<0000000000000000>, C4<0000000000000000>, C4<0000000000000000>;
S_00000114dbb81e20 .scope module, "SB_RGBA_DRV" "SB_RGBA_DRV" 3 2692;
 .timescale -12 -12;
    .port_info 0 /INPUT 1 "CURREN";
    .port_info 1 /INPUT 1 "RGBLEDEN";
    .port_info 2 /INPUT 1 "RGB0PWM";
    .port_info 3 /INPUT 1 "RGB1PWM";
    .port_info 4 /INPUT 1 "RGB2PWM";
    .port_info 5 /OUTPUT 1 "RGB0";
    .port_info 6 /OUTPUT 1 "RGB1";
    .port_info 7 /OUTPUT 1 "RGB2";
P_00000114db84f8a0 .param/str "CURRENT_MODE" 0 3 2702, "0b0";
P_00000114db84f8d8 .param/str "RGB0_CURRENT" 0 3 2703, "0b000000";
P_00000114db84f910 .param/str "RGB1_CURRENT" 0 3 2704, "0b000000";
P_00000114db84f948 .param/str "RGB2_CURRENT" 0 3 2705, "0b000000";
o00000114dbb9dfa8 .functor BUFZ 1, c4<z>; HiZ drive
v00000114dbc086b0_0 .net "CURREN", 0 0, o00000114dbb9dfa8;  0 drivers
o00000114dbb9dfd8 .functor BUFZ 1, c4<z>; HiZ drive
v00000114dbc07350_0 .net "RGB0", 0 0, o00000114dbb9dfd8;  0 drivers
o00000114dbb9e008 .functor BUFZ 1, c4<z>; HiZ drive
v00000114dbc07670_0 .net "RGB0PWM", 0 0, o00000114dbb9e008;  0 drivers
o00000114dbb9e038 .functor BUFZ 1, c4<z>; HiZ drive
v00000114dbc073f0_0 .net "RGB1", 0 0, o00000114dbb9e038;  0 drivers
o00000114dbb9e068 .functor BUFZ 1, c4<z>; HiZ drive
v00000114dbc07710_0 .net "RGB1PWM", 0 0, o00000114dbb9e068;  0 drivers
o00000114dbb9e098 .functor BUFZ 1, c4<z>; HiZ drive
v00000114dbc09290_0 .net "RGB2", 0 0, o00000114dbb9e098;  0 drivers
o00000114dbb9e0c8 .functor BUFZ 1, c4<z>; HiZ drive
v00000114dbc077b0_0 .net "RGB2PWM", 0 0, o00000114dbb9e0c8;  0 drivers
o00000114dbb9e0f8 .functor BUFZ 1, c4<z>; HiZ drive
v00000114dbc07850_0 .net "RGBLEDEN", 0 0, o00000114dbb9e0f8;  0 drivers
S_00000114dbb838b0 .scope module, "SB_RGB_DRV" "SB_RGB_DRV" 3 2716;
 .timescale -12 -12;
    .port_info 0 /INPUT 1 "RGBLEDEN";
    .port_info 1 /INPUT 1 "RGB0PWM";
    .port_info 2 /INPUT 1 "RGB1PWM";
    .port_info 3 /INPUT 1 "RGB2PWM";
    .port_info 4 /INPUT 1 "RGBPU";
    .port_info 5 /OUTPUT 1 "RGB0";
    .port_info 6 /OUTPUT 1 "RGB1";
    .port_info 7 /OUTPUT 1 "RGB2";
P_00000114dbb83de0 .param/str "CURRENT_MODE" 0 3 2726, "0b0";
P_00000114dbb83e18 .param/str "RGB0_CURRENT" 0 3 2727, "0b000000";
P_00000114dbb83e50 .param/str "RGB1_CURRENT" 0 3 2728, "0b000000";
P_00000114dbb83e88 .param/str "RGB2_CURRENT" 0 3 2729, "0b000000";
o00000114dbb9e2a8 .functor BUFZ 1, c4<z>; HiZ drive
v00000114dbc09510_0 .net "RGB0", 0 0, o00000114dbb9e2a8;  0 drivers
o00000114dbb9e2d8 .functor BUFZ 1, c4<z>; HiZ drive
v00000114dbc090b0_0 .net "RGB0PWM", 0 0, o00000114dbb9e2d8;  0 drivers
o00000114dbb9e308 .functor BUFZ 1, c4<z>; HiZ drive
v00000114dbc082f0_0 .net "RGB1", 0 0, o00000114dbb9e308;  0 drivers
o00000114dbb9e338 .functor BUFZ 1, c4<z>; HiZ drive
v00000114dbc08750_0 .net "RGB1PWM", 0 0, o00000114dbb9e338;  0 drivers
o00000114dbb9e368 .functor BUFZ 1, c4<z>; HiZ drive
v00000114dbc08110_0 .net "RGB2", 0 0, o00000114dbb9e368;  0 drivers
o00000114dbb9e398 .functor BUFZ 1, c4<z>; HiZ drive
v00000114dbc078f0_0 .net "RGB2PWM", 0 0, o00000114dbb9e398;  0 drivers
o00000114dbb9e3c8 .functor BUFZ 1, c4<z>; HiZ drive
v00000114dbc07ad0_0 .net "RGBLEDEN", 0 0, o00000114dbb9e3c8;  0 drivers
o00000114dbb9e3f8 .functor BUFZ 1, c4<z>; HiZ drive
v00000114dbc09150_0 .net "RGBPU", 0 0, o00000114dbb9e3f8;  0 drivers
S_00000114dbb82140 .scope module, "SB_SPI" "SB_SPI" 3 2776;
 .timescale -12 -12;
    .port_info 0 /INPUT 1 "SBCLKI";
    .port_info 1 /INPUT 1 "SBRWI";
    .port_info 2 /INPUT 1 "SBSTBI";
    .port_info 3 /INPUT 1 "SBADRI7";
    .port_info 4 /INPUT 1 "SBADRI6";
    .port_info 5 /INPUT 1 "SBADRI5";
    .port_info 6 /INPUT 1 "SBADRI4";
    .port_info 7 /INPUT 1 "SBADRI3";
    .port_info 8 /INPUT 1 "SBADRI2";
    .port_info 9 /INPUT 1 "SBADRI1";
    .port_info 10 /INPUT 1 "SBADRI0";
    .port_info 11 /INPUT 1 "SBDATI7";
    .port_info 12 /INPUT 1 "SBDATI6";
    .port_info 13 /INPUT 1 "SBDATI5";
    .port_info 14 /INPUT 1 "SBDATI4";
    .port_info 15 /INPUT 1 "SBDATI3";
    .port_info 16 /INPUT 1 "SBDATI2";
    .port_info 17 /INPUT 1 "SBDATI1";
    .port_info 18 /INPUT 1 "SBDATI0";
    .port_info 19 /INPUT 1 "MI";
    .port_info 20 /INPUT 1 "SI";
    .port_info 21 /INPUT 1 "SCKI";
    .port_info 22 /INPUT 1 "SCSNI";
    .port_info 23 /OUTPUT 1 "SBDATO7";
    .port_info 24 /OUTPUT 1 "SBDATO6";
    .port_info 25 /OUTPUT 1 "SBDATO5";
    .port_info 26 /OUTPUT 1 "SBDATO4";
    .port_info 27 /OUTPUT 1 "SBDATO3";
    .port_info 28 /OUTPUT 1 "SBDATO2";
    .port_info 29 /OUTPUT 1 "SBDATO1";
    .port_info 30 /OUTPUT 1 "SBDATO0";
    .port_info 31 /OUTPUT 1 "SBACKO";
    .port_info 32 /OUTPUT 1 "SPIIRQ";
    .port_info 33 /OUTPUT 1 "SPIWKUP";
    .port_info 34 /OUTPUT 1 "SO";
    .port_info 35 /OUTPUT 1 "SOE";
    .port_info 36 /OUTPUT 1 "MO";
    .port_info 37 /OUTPUT 1 "MOE";
    .port_info 38 /OUTPUT 1 "SCKO";
    .port_info 39 /OUTPUT 1 "SCKOE";
    .port_info 40 /OUTPUT 1 "MCSNO3";
    .port_info 41 /OUTPUT 1 "MCSNO2";
    .port_info 42 /OUTPUT 1 "MCSNO1";
    .port_info 43 /OUTPUT 1 "MCSNO0";
    .port_info 44 /OUTPUT 1 "MCSNOE3";
    .port_info 45 /OUTPUT 1 "MCSNOE2";
    .port_info 46 /OUTPUT 1 "MCSNOE1";
    .port_info 47 /OUTPUT 1 "MCSNOE0";
P_00000114dbb61fd0 .param/str "BUS_ADDR74" 0 3 2826, "0b0000";
o00000114dbb9e5a8 .functor BUFZ 1, c4<z>; HiZ drive
v00000114dbc07fd0_0 .net "MCSNO0", 0 0, o00000114dbb9e5a8;  0 drivers
o00000114dbb9e5d8 .functor BUFZ 1, c4<z>; HiZ drive
v00000114dbc07b70_0 .net "MCSNO1", 0 0, o00000114dbb9e5d8;  0 drivers
o00000114dbb9e608 .functor BUFZ 1, c4<z>; HiZ drive
v00000114dbc07e90_0 .net "MCSNO2", 0 0, o00000114dbb9e608;  0 drivers
o00000114dbb9e638 .functor BUFZ 1, c4<z>; HiZ drive
v00000114dbc07c10_0 .net "MCSNO3", 0 0, o00000114dbb9e638;  0 drivers
o00000114dbb9e668 .functor BUFZ 1, c4<z>; HiZ drive
v00000114dbc08e30_0 .net "MCSNOE0", 0 0, o00000114dbb9e668;  0 drivers
o00000114dbb9e698 .functor BUFZ 1, c4<z>; HiZ drive
v00000114dbc087f0_0 .net "MCSNOE1", 0 0, o00000114dbb9e698;  0 drivers
o00000114dbb9e6c8 .functor BUFZ 1, c4<z>; HiZ drive
v00000114dbc09470_0 .net "MCSNOE2", 0 0, o00000114dbb9e6c8;  0 drivers
o00000114dbb9e6f8 .functor BUFZ 1, c4<z>; HiZ drive
v00000114dbc089d0_0 .net "MCSNOE3", 0 0, o00000114dbb9e6f8;  0 drivers
o00000114dbb9e728 .functor BUFZ 1, c4<z>; HiZ drive
v00000114dbc07cb0_0 .net "MI", 0 0, o00000114dbb9e728;  0 drivers
o00000114dbb9e758 .functor BUFZ 1, c4<z>; HiZ drive
v00000114dbc07df0_0 .net "MO", 0 0, o00000114dbb9e758;  0 drivers
o00000114dbb9e788 .functor BUFZ 1, c4<z>; HiZ drive
v00000114dbc08890_0 .net "MOE", 0 0, o00000114dbb9e788;  0 drivers
o00000114dbb9e7b8 .functor BUFZ 1, c4<z>; HiZ drive
v00000114dbc07d50_0 .net "SBACKO", 0 0, o00000114dbb9e7b8;  0 drivers
o00000114dbb9e7e8 .functor BUFZ 1, c4<z>; HiZ drive
v00000114dbc07f30_0 .net "SBADRI0", 0 0, o00000114dbb9e7e8;  0 drivers
o00000114dbb9e818 .functor BUFZ 1, c4<z>; HiZ drive
v00000114dbc081b0_0 .net "SBADRI1", 0 0, o00000114dbb9e818;  0 drivers
o00000114dbb9e848 .functor BUFZ 1, c4<z>; HiZ drive
v00000114dbc08250_0 .net "SBADRI2", 0 0, o00000114dbb9e848;  0 drivers
o00000114dbb9e878 .functor BUFZ 1, c4<z>; HiZ drive
v00000114dbc08a70_0 .net "SBADRI3", 0 0, o00000114dbb9e878;  0 drivers
o00000114dbb9e8a8 .functor BUFZ 1, c4<z>; HiZ drive
v00000114dbc08390_0 .net "SBADRI4", 0 0, o00000114dbb9e8a8;  0 drivers
o00000114dbb9e8d8 .functor BUFZ 1, c4<z>; HiZ drive
v00000114dbc08b10_0 .net "SBADRI5", 0 0, o00000114dbb9e8d8;  0 drivers
o00000114dbb9e908 .functor BUFZ 1, c4<z>; HiZ drive
v00000114dbc09d30_0 .net "SBADRI6", 0 0, o00000114dbb9e908;  0 drivers
o00000114dbb9e938 .functor BUFZ 1, c4<z>; HiZ drive
v00000114dbc098d0_0 .net "SBADRI7", 0 0, o00000114dbb9e938;  0 drivers
o00000114dbb9e968 .functor BUFZ 1, c4<z>; HiZ drive
v00000114dbc09ab0_0 .net "SBCLKI", 0 0, o00000114dbb9e968;  0 drivers
o00000114dbb9e998 .functor BUFZ 1, c4<z>; HiZ drive
v00000114dbc09bf0_0 .net "SBDATI0", 0 0, o00000114dbb9e998;  0 drivers
o00000114dbb9e9c8 .functor BUFZ 1, c4<z>; HiZ drive
v00000114dbc09dd0_0 .net "SBDATI1", 0 0, o00000114dbb9e9c8;  0 drivers
o00000114dbb9e9f8 .functor BUFZ 1, c4<z>; HiZ drive
v00000114dbc09e70_0 .net "SBDATI2", 0 0, o00000114dbb9e9f8;  0 drivers
o00000114dbb9ea28 .functor BUFZ 1, c4<z>; HiZ drive
v00000114dbc09f10_0 .net "SBDATI3", 0 0, o00000114dbb9ea28;  0 drivers
o00000114dbb9ea58 .functor BUFZ 1, c4<z>; HiZ drive
v00000114dbc09970_0 .net "SBDATI4", 0 0, o00000114dbb9ea58;  0 drivers
o00000114dbb9ea88 .functor BUFZ 1, c4<z>; HiZ drive
v00000114dbc09fb0_0 .net "SBDATI5", 0 0, o00000114dbb9ea88;  0 drivers
o00000114dbb9eab8 .functor BUFZ 1, c4<z>; HiZ drive
v00000114dbc09a10_0 .net "SBDATI6", 0 0, o00000114dbb9eab8;  0 drivers
o00000114dbb9eae8 .functor BUFZ 1, c4<z>; HiZ drive
v00000114dbc09b50_0 .net "SBDATI7", 0 0, o00000114dbb9eae8;  0 drivers
o00000114dbb9eb18 .functor BUFZ 1, c4<z>; HiZ drive
v00000114dbc09c90_0 .net "SBDATO0", 0 0, o00000114dbb9eb18;  0 drivers
o00000114dbb9eb48 .functor BUFZ 1, c4<z>; HiZ drive
v00000114dbc04790_0 .net "SBDATO1", 0 0, o00000114dbb9eb48;  0 drivers
o00000114dbb9eb78 .functor BUFZ 1, c4<z>; HiZ drive
v00000114dbc034d0_0 .net "SBDATO2", 0 0, o00000114dbb9eb78;  0 drivers
o00000114dbb9eba8 .functor BUFZ 1, c4<z>; HiZ drive
v00000114dbc02f30_0 .net "SBDATO3", 0 0, o00000114dbb9eba8;  0 drivers
o00000114dbb9ebd8 .functor BUFZ 1, c4<z>; HiZ drive
v00000114dbc02c10_0 .net "SBDATO4", 0 0, o00000114dbb9ebd8;  0 drivers
o00000114dbb9ec08 .functor BUFZ 1, c4<z>; HiZ drive
v00000114dbc039d0_0 .net "SBDATO5", 0 0, o00000114dbb9ec08;  0 drivers
o00000114dbb9ec38 .functor BUFZ 1, c4<z>; HiZ drive
v00000114dbc02990_0 .net "SBDATO6", 0 0, o00000114dbb9ec38;  0 drivers
o00000114dbb9ec68 .functor BUFZ 1, c4<z>; HiZ drive
v00000114dbc03f70_0 .net "SBDATO7", 0 0, o00000114dbb9ec68;  0 drivers
o00000114dbb9ec98 .functor BUFZ 1, c4<z>; HiZ drive
v00000114dbc041f0_0 .net "SBRWI", 0 0, o00000114dbb9ec98;  0 drivers
o00000114dbb9ecc8 .functor BUFZ 1, c4<z>; HiZ drive
v00000114dbc04150_0 .net "SBSTBI", 0 0, o00000114dbb9ecc8;  0 drivers
o00000114dbb9ecf8 .functor BUFZ 1, c4<z>; HiZ drive
v00000114dbc04290_0 .net "SCKI", 0 0, o00000114dbb9ecf8;  0 drivers
o00000114dbb9ed28 .functor BUFZ 1, c4<z>; HiZ drive
v00000114dbc04830_0 .net "SCKO", 0 0, o00000114dbb9ed28;  0 drivers
o00000114dbb9ed58 .functor BUFZ 1, c4<z>; HiZ drive
v00000114dbc03c50_0 .net "SCKOE", 0 0, o00000114dbb9ed58;  0 drivers
o00000114dbb9ed88 .functor BUFZ 1, c4<z>; HiZ drive
v00000114dbc04010_0 .net "SCSNI", 0 0, o00000114dbb9ed88;  0 drivers
o00000114dbb9edb8 .functor BUFZ 1, c4<z>; HiZ drive
v00000114dbc043d0_0 .net "SI", 0 0, o00000114dbb9edb8;  0 drivers
o00000114dbb9ede8 .functor BUFZ 1, c4<z>; HiZ drive
v00000114dbc02210_0 .net "SO", 0 0, o00000114dbb9ede8;  0 drivers
o00000114dbb9ee18 .functor BUFZ 1, c4<z>; HiZ drive
v00000114dbc02670_0 .net "SOE", 0 0, o00000114dbb9ee18;  0 drivers
o00000114dbb9ee48 .functor BUFZ 1, c4<z>; HiZ drive
v00000114dbc03750_0 .net "SPIIRQ", 0 0, o00000114dbb9ee48;  0 drivers
o00000114dbb9ee78 .functor BUFZ 1, c4<z>; HiZ drive
v00000114dbc03070_0 .net "SPIWKUP", 0 0, o00000114dbb9ee78;  0 drivers
S_00000114dbb83400 .scope module, "SB_SPRAM256KA" "SB_SPRAM256KA" 3 2600;
 .timescale -12 -12;
    .port_info 0 /INPUT 14 "ADDRESS";
    .port_info 1 /INPUT 16 "DATAIN";
    .port_info 2 /INPUT 4 "MASKWREN";
    .port_info 3 /INPUT 1 "WREN";
    .port_info 4 /INPUT 1 "CHIPSELECT";
    .port_info 5 /INPUT 1 "CLOCK";
    .port_info 6 /INPUT 1 "STANDBY";
    .port_info 7 /INPUT 1 "SLEEP";
    .port_info 8 /INPUT 1 "POWEROFF";
    .port_info 9 /OUTPUT 16 "DATAOUT";
o00000114dbb9f8f8 .functor BUFZ 1, c4<z>; HiZ drive
L_00000114db8ed870 .functor OR 1, o00000114dbb9f8f8, L_00000114dbc684c0, C4<0>, C4<0>;
o00000114dbb9f7a8 .functor BUFZ 14, c4<zzzzzzzzzzzzzz>; HiZ drive
v00000114dbc04510_0 .net "ADDRESS", 13 0, o00000114dbb9f7a8;  0 drivers
o00000114dbb9f7d8 .functor BUFZ 1, c4<z>; HiZ drive
v00000114dbc03ed0_0 .net "CHIPSELECT", 0 0, o00000114dbb9f7d8;  0 drivers
o00000114dbb9f808 .functor BUFZ 1, c4<z>; HiZ drive
v00000114dbc02a30_0 .net "CLOCK", 0 0, o00000114dbb9f808;  0 drivers
o00000114dbb9f838 .functor BUFZ 16, c4<zzzzzzzzzzzzzzzz>; HiZ drive
v00000114dbc023f0_0 .net "DATAIN", 15 0, o00000114dbb9f838;  0 drivers
v00000114dbc040b0_0 .var "DATAOUT", 15 0;
o00000114dbb9f898 .functor BUFZ 4, c4<zzzz>; HiZ drive
v00000114dbc04330_0 .net "MASKWREN", 3 0, o00000114dbb9f898;  0 drivers
o00000114dbb9f8c8 .functor BUFZ 1, c4<z>; HiZ drive
v00000114dbc020d0_0 .net "POWEROFF", 0 0, o00000114dbb9f8c8;  0 drivers
v00000114dbc03bb0_0 .net "SLEEP", 0 0, o00000114dbb9f8f8;  0 drivers
o00000114dbb9f928 .functor BUFZ 1, c4<z>; HiZ drive
v00000114dbc02350_0 .net "STANDBY", 0 0, o00000114dbb9f928;  0 drivers
o00000114dbb9f958 .functor BUFZ 1, c4<z>; HiZ drive
v00000114dbc027b0_0 .net "WREN", 0 0, o00000114dbb9f958;  0 drivers
v00000114dbc022b0_0 .net *"_ivl_1", 0 0, L_00000114dbc684c0;  1 drivers
v00000114dbc046f0_0 .var/i "i", 31 0;
v00000114dbc03430 .array "mem", 16383 0, 15 0;
v00000114dbc02ad0_0 .net "off", 0 0, L_00000114db8ed870;  1 drivers
E_00000114dbb63a10 .event posedge, v00000114dbc02ad0_0, v00000114dbc02a30_0;
E_00000114dbb63650 .event negedge, v00000114dbc020d0_0;
L_00000114dbc684c0 .reduce/nor o00000114dbb9f8c8;
S_00000114dbb83720 .scope module, "SB_WARMBOOT" "SB_WARMBOOT" 3 2593;
 .timescale -12 -12;
    .port_info 0 /INPUT 1 "BOOT";
    .port_info 1 /INPUT 1 "S1";
    .port_info 2 /INPUT 1 "S0";
o00000114dbb9fbf8 .functor BUFZ 1, c4<z>; HiZ drive
v00000114dbc03cf0_0 .net "BOOT", 0 0, o00000114dbb9fbf8;  0 drivers
o00000114dbb9fc28 .functor BUFZ 1, c4<z>; HiZ drive
v00000114dbc03e30_0 .net "S0", 0 0, o00000114dbb9fc28;  0 drivers
o00000114dbb9fc58 .functor BUFZ 1, c4<z>; HiZ drive
v00000114dbc02cb0_0 .net "S1", 0 0, o00000114dbb9fc58;  0 drivers
S_00000114dbb81fb0 .scope module, "ex8_tb" "ex8_tb" 4 2;
 .timescale -9 -12;
v00000114dbc03610_0 .var "flat_in", 31 0;
v00000114dbc037f0_0 .net "sum", 9 0, L_00000114db8cfd90;  1 drivers
S_00000114dbc00130 .scope module, "uut" "adder_tree" 4 5, 5 15 0, S_00000114dbb81fb0;
 .timescale -12 -12;
    .port_info 0 /INPUT 32 "flat_inputs";
    .port_info 1 /OUTPUT 10 "sum_out";
P_00000114dbb8eed0 .param/l "IN_WIDTH" 0 5 16, +C4<00000000000000000000000000001000>;
P_00000114dbb8ef08 .param/l "LOG2_N" 1 5 27, +C4<00000000000000000000000000000010>;
P_00000114dbb8ef40 .param/l "NUM_INPUTS" 0 5 17, +C4<00000000000000000000000000000100>;
P_00000114dbb8ef78 .param/l "OUT_WIDTH" 1 5 28, +C4<000000000000000000000000000001010>;
L_00000114db8cfd90 .functor BUFZ 10, L_00000114dbc68e20, C4<0000000000>, C4<0000000000>, C4<0000000000>;
v00000114dbc03110_0 .net/s *"_ivl_13", 8 0, L_00000114dbc67ac0;  1 drivers
v00000114dbc02e90_0 .net/s *"_ivl_16", 8 0, L_00000114dbc68d80;  1 drivers
v00000114dbc04470_0 .net/s *"_ivl_20", 9 0, L_00000114dbc678e0;  1 drivers
v00000114dbc03570_0 .net/s *"_ivl_22", 9 0, L_00000114dbc68560;  1 drivers
v00000114dbc02710_0 .net/s *"_ivl_5", 8 0, L_00000114dbc67840;  1 drivers
v00000114dbc02850_0 .net/s *"_ivl_8", 8 0, L_00000114dbc66c60;  1 drivers
v00000114dbc02170_0 .net/s "final_sum", 9 0, L_00000114dbc68e20;  1 drivers
v00000114dbc02490_0 .net "flat_inputs", 31 0, v00000114dbc03610_0;  1 drivers
v00000114dbc02530 .array "inputs", 3 0;
v00000114dbc02530_0 .net/s v00000114dbc02530 0, 7 0, L_00000114dbc66a80; 1 drivers
v00000114dbc02530_1 .net/s v00000114dbc02530 1, 7 0, L_00000114dbc68100; 1 drivers
v00000114dbc02530_2 .net/s v00000114dbc02530 2, 7 0, L_00000114dbc67160; 1 drivers
v00000114dbc02530_3 .net/s v00000114dbc02530 3, 7 0, L_00000114dbc677a0; 1 drivers
v00000114dbc045b0_0 .net/s "stage1_sum0", 8 0, L_00000114dbc68380;  1 drivers
v00000114dbc031b0_0 .net/s "stage1_sum1", 8 0, L_00000114dbc66da0;  1 drivers
v00000114dbc025d0_0 .net "sum_out", 9 0, L_00000114db8cfd90;  alias, 1 drivers
L_00000114dbc66a80 .part v00000114dbc03610_0, 0, 8;
L_00000114dbc68100 .part v00000114dbc03610_0, 8, 8;
L_00000114dbc67160 .part v00000114dbc03610_0, 16, 8;
L_00000114dbc677a0 .part v00000114dbc03610_0, 24, 8;
L_00000114dbc67840 .extend/s 9, L_00000114dbc66a80;
L_00000114dbc66c60 .extend/s 9, L_00000114dbc68100;
L_00000114dbc68380 .arith/sum 9, L_00000114dbc67840, L_00000114dbc66c60;
L_00000114dbc67ac0 .extend/s 9, L_00000114dbc67160;
L_00000114dbc68d80 .extend/s 9, L_00000114dbc677a0;
L_00000114dbc66da0 .arith/sum 9, L_00000114dbc67ac0, L_00000114dbc68d80;
L_00000114dbc678e0 .extend/s 10, L_00000114dbc68380;
L_00000114dbc68560 .extend/s 10, L_00000114dbc66da0;
L_00000114dbc68e20 .arith/sum 10, L_00000114dbc678e0, L_00000114dbc68560;
S_00000114dbc00a90 .scope generate, "unpack[0]" "unpack[0]" 5 35, 5 35 0, S_00000114dbc00130;
 .timescale -12 -12;
P_00000114dbb62f10 .param/l "i" 1 5 35, +C4<00>;
S_00000114dbc00f40 .scope generate, "unpack[1]" "unpack[1]" 5 35, 5 35 0, S_00000114dbc00130;
 .timescale -12 -12;
P_00000114dbb63190 .param/l "i" 1 5 35, +C4<01>;
S_00000114dbc00c20 .scope generate, "unpack[2]" "unpack[2]" 5 35, 5 35 0, S_00000114dbc00130;
 .timescale -12 -12;
P_00000114dbb63850 .param/l "i" 1 5 35, +C4<010>;
S_00000114dbc00db0 .scope generate, "unpack[3]" "unpack[3]" 5 35, 5 35 0, S_00000114dbc00130;
 .timescale -12 -12;
P_00000114dbb637d0 .param/l "i" 1 5 35, +C4<011>;
S_00000114dbb82910 .scope module, "ex8_top" "ex8_top" 6 1;
 .timescale -12 -12;
    .port_info 0 /OUTPUT 1 "LED_B";
    .port_info 1 /OUTPUT 1 "LED_G";
    .port_info 2 /OUTPUT 1 "LED_R";
    .port_info 3 /INPUT 1 "ICE_SW2";
o00000114dbba0378 .functor BUFZ 1, c4<z>; HiZ drive
v00000114dbc03390_0 .net "ICE_SW2", 0 0, o00000114dbba0378;  0 drivers
L_00000114dbc0f138 .functor BUFT 1, C4<1>, C4<0>, C4<0>, C4<0>;
v00000114dbc036b0_0 .net "LED_B", 0 0, L_00000114dbc0f138;  1 drivers
v00000114dbc03930_0 .net "LED_G", 0 0, L_00000114dbc66f80;  1 drivers
L_00000114dbc0f0f0 .functor BUFT 1, C4<1>, C4<0>, C4<0>, C4<0>;
v00000114dbc06270_0 .net "LED_R", 0 0, L_00000114dbc0f0f0;  1 drivers
L_00000114dbc0f0a8 .functor BUFT 1, C4<00001010000101000001111000101000>, C4<0>, C4<0>, C4<0>;
v00000114dbc06130_0 .net "flat_in", 31 0, L_00000114dbc0f0a8;  1 drivers
v00000114dbc05230_0 .net "sum", 9 0, L_00000114dbc79df0;  1 drivers
L_00000114dbc66f80 .part L_00000114dbc79df0, 0, 1;
S_00000114dbb83590 .scope module, "inst" "adder_tree" 6 6, 5 15 0, S_00000114dbb82910;
 .timescale -12 -12;
    .port_info 0 /INPUT 32 "flat_inputs";
    .port_info 1 /OUTPUT 10 "sum_out";
P_00000114db856b70 .param/l "IN_WIDTH" 0 5 16, +C4<00000000000000000000000000001000>;
P_00000114db856ba8 .param/l "LOG2_N" 1 5 27, +C4<00000000000000000000000000000010>;
P_00000114db856be0 .param/l "NUM_INPUTS" 0 5 17, +C4<00000000000000000000000000000100>;
P_00000114db856c18 .param/l "OUT_WIDTH" 1 5 28, +C4<000000000000000000000000000001010>;
L_00000114dbc79df0 .functor BUFZ 10, L_00000114dbc68ec0, C4<0000000000>, C4<0000000000>, C4<0000000000>;
v00000114dbc03250_0 .net/s *"_ivl_13", 8 0, L_00000114dbc687e0;  1 drivers
v00000114dbc028f0_0 .net/s *"_ivl_16", 8 0, L_00000114dbc67980;  1 drivers
v00000114dbc02d50_0 .net/s *"_ivl_20", 9 0, L_00000114dbc68a60;  1 drivers
v00000114dbc02b70_0 .net/s *"_ivl_22", 9 0, L_00000114dbc68c40;  1 drivers
v00000114dbc02df0_0 .net/s *"_ivl_5", 8 0, L_00000114dbc68920;  1 drivers
v00000114dbc04650_0 .net/s *"_ivl_8", 8 0, L_00000114dbc68740;  1 drivers
v00000114dbc03890_0 .net/s "final_sum", 9 0, L_00000114dbc68ec0;  1 drivers
v00000114dbc02fd0_0 .net "flat_inputs", 31 0, L_00000114dbc0f0a8;  alias, 1 drivers
v00000114dbc032f0 .array "inputs", 3 0;
v00000114dbc032f0_0 .net/s v00000114dbc032f0 0, 7 0, L_00000114dbc67fc0; 1 drivers
v00000114dbc032f0_1 .net/s v00000114dbc032f0 1, 7 0, L_00000114dbc66940; 1 drivers
v00000114dbc032f0_2 .net/s v00000114dbc032f0 2, 7 0, L_00000114dbc686a0; 1 drivers
v00000114dbc032f0_3 .net/s v00000114dbc032f0 3, 7 0, L_00000114dbc66b20; 1 drivers
v00000114dbc03b10_0 .net/s "stage1_sum0", 8 0, L_00000114dbc66e40;  1 drivers
v00000114dbc03a70_0 .net/s "stage1_sum1", 8 0, L_00000114dbc66ee0;  1 drivers
v00000114dbc03d90_0 .net "sum_out", 9 0, L_00000114dbc79df0;  alias, 1 drivers
L_00000114dbc67fc0 .part L_00000114dbc0f0a8, 0, 8;
L_00000114dbc66940 .part L_00000114dbc0f0a8, 8, 8;
L_00000114dbc686a0 .part L_00000114dbc0f0a8, 16, 8;
L_00000114dbc66b20 .part L_00000114dbc0f0a8, 24, 8;
L_00000114dbc68920 .extend/s 9, L_00000114dbc67fc0;
L_00000114dbc68740 .extend/s 9, L_00000114dbc66940;
L_00000114dbc66e40 .arith/sum 9, L_00000114dbc68920, L_00000114dbc68740;
L_00000114dbc687e0 .extend/s 9, L_00000114dbc686a0;
L_00000114dbc67980 .extend/s 9, L_00000114dbc66b20;
L_00000114dbc66ee0 .arith/sum 9, L_00000114dbc687e0, L_00000114dbc67980;
L_00000114dbc68a60 .extend/s 10, L_00000114dbc66e40;
L_00000114dbc68c40 .extend/s 10, L_00000114dbc66ee0;
L_00000114dbc68ec0 .arith/sum 10, L_00000114dbc68a60, L_00000114dbc68c40;
S_00000114dbc0daf0 .scope generate, "unpack[0]" "unpack[0]" 5 35, 5 35 0, S_00000114dbb83590;
 .timescale -12 -12;
P_00000114dbb63b50 .param/l "i" 1 5 35, +C4<00>;
S_00000114dbc0de10 .scope generate, "unpack[1]" "unpack[1]" 5 35, 5 35 0, S_00000114dbb83590;
 .timescale -12 -12;
P_00000114dbb638d0 .param/l "i" 1 5 35, +C4<01>;
S_00000114dbc0dfa0 .scope generate, "unpack[2]" "unpack[2]" 5 35, 5 35 0, S_00000114dbb83590;
 .timescale -12 -12;
P_00000114dbb62fd0 .param/l "i" 1 5 35, +C4<010>;
S_00000114dbc0d000 .scope generate, "unpack[3]" "unpack[3]" 5 35, 5 35 0, S_00000114dbb83590;
 .timescale -12 -12;
P_00000114dbb63b90 .param/l "i" 1 5 35, +C4<011>;
    .scope S_00000114db8eee20;
T_2 ;
    %pushi/vec4 0, 0, 1;
    %store/vec4 v00000114dbbd89d0_0, 0, 1;
    %pushi/vec4 0, 0, 1;
    %store/vec4 v00000114dbbd90b0_0, 0, 1;
    %end;
    .thread T_2, $init;
    .scope S_00000114db8eee20;
T_3 ;
    %wait E_00000114dbb62350;
    %load/vec4 v00000114dbb3bc70_0;
    %flag_set/vec4 8;
    %jmp/0xz  T_3.0, 8;
    %load/vec4 v00000114dbaec5c0_0;
    %flag_set/vec4 8;
    %jmp/0 T_3.2, 8;
    %pushi/vec4 0, 0, 1;
    %jmp/1 T_3.3, 8;
T_3.2 ; End of true expr.
    %load/vec4 v00000114dbbd8390_0;
    %jmp/0 T_3.3, 8;
 ; End of false expr.
    %blend;
T_3.3;
    %assign/vec4 v00000114dbbd89d0_0, 0;
T_3.0 ;
    %jmp T_3;
    .thread T_3;
    .scope S_00000114db8eee20;
T_4 ;
    %wait E_00000114dbb62990;
    %load/vec4 v00000114dbaec5c0_0;
    %flag_set/vec4 8;
    %jmp/0xz  T_4.0, 8;
    %pushi/vec4 0, 0, 1;
    %assign/vec4 v00000114dbbd90b0_0, 0;
    %jmp T_4.1;
T_4.0 ;
    %load/vec4 v00000114dbb3bc70_0;
    %flag_set/vec4 8;
    %jmp/0xz  T_4.2, 8;
    %load/vec4 v00000114dbbd8390_0;
    %assign/vec4 v00000114dbbd90b0_0, 0;
T_4.2 ;
T_4.1 ;
    %jmp T_4;
    .thread T_4;
    .scope S_00000114dbb82dc0;
T_5 ;
    %pushi/vec4 0, 0, 32;
    %store/vec4 v00000114dbbd9150_0, 0, 32;
T_5.0 ; Top of for-loop
    %load/vec4 v00000114dbbd9150_0;
    %cmpi/s 16, 0, 32;
	  %jmp/0xz T_5.1, 5;
    %pushi/vec4 0, 0, 256;
    %load/vec4 v00000114dbbd9150_0;
    %muli 16, 0, 32;
    %part/s 16;
    %pushi/vec4 0, 0, 32;
    %load/vec4 v00000114dbbd9150_0;
    %add;
    %ix/vec4/s 4;
    %store/vec4a v00000114dbbd91f0, 4, 0;
    %pushi/vec4 0, 0, 256;
    %load/vec4 v00000114dbbd9150_0;
    %muli 16, 0, 32;
    %part/s 16;
    %pushi/vec4 16, 0, 32;
    %load/vec4 v00000114dbbd9150_0;
    %add;
    %ix/vec4/s 4;
    %store/vec4a v00000114dbbd91f0, 4, 0;
    %pushi/vec4 0, 0, 256;
    %load/vec4 v00000114dbbd9150_0;
    %muli 16, 0, 32;
    %part/s 16;
    %pushi/vec4 32, 0, 32;
    %load/vec4 v00000114dbbd9150_0;
    %add;
    %ix/vec4/s 4;
    %store/vec4a v00000114dbbd91f0, 4, 0;
    %pushi/vec4 0, 0, 256;
    %load/vec4 v00000114dbbd9150_0;
    %muli 16, 0, 32;
    %part/s 16;
    %pushi/vec4 48, 0, 32;
    %load/vec4 v00000114dbbd9150_0;
    %add;
    %ix/vec4/s 4;
    %store/vec4a v00000114dbbd91f0, 4, 0;
    %pushi/vec4 0, 0, 256;
    %load/vec4 v00000114dbbd9150_0;
    %muli 16, 0, 32;
    %part/s 16;
    %pushi/vec4 64, 0, 32;
    %load/vec4 v00000114dbbd9150_0;
    %add;
    %ix/vec4/s 4;
    %store/vec4a v00000114dbbd91f0, 4, 0;
    %pushi/vec4 0, 0, 256;
    %load/vec4 v00000114dbbd9150_0;
    %muli 16, 0, 32;
    %part/s 16;
    %pushi/vec4 80, 0, 32;
    %load/vec4 v00000114dbbd9150_0;
    %add;
    %ix/vec4/s 4;
    %store/vec4a v00000114dbbd91f0, 4, 0;
    %pushi/vec4 0, 0, 256;
    %load/vec4 v00000114dbbd9150_0;
    %muli 16, 0, 32;
    %part/s 16;
    %pushi/vec4 96, 0, 32;
    %load/vec4 v00000114dbbd9150_0;
    %add;
    %ix/vec4/s 4;
    %store/vec4a v00000114dbbd91f0, 4, 0;
    %pushi/vec4 0, 0, 256;
    %load/vec4 v00000114dbbd9150_0;
    %muli 16, 0, 32;
    %part/s 16;
    %pushi/vec4 112, 0, 32;
    %load/vec4 v00000114dbbd9150_0;
    %add;
    %ix/vec4/s 4;
    %store/vec4a v00000114dbbd91f0, 4, 0;
    %pushi/vec4 0, 0, 256;
    %load/vec4 v00000114dbbd9150_0;
    %muli 16, 0, 32;
    %part/s 16;
    %pushi/vec4 128, 0, 32;
    %load/vec4 v00000114dbbd9150_0;
    %add;
    %ix/vec4/s 4;
    %store/vec4a v00000114dbbd91f0, 4, 0;
    %pushi/vec4 0, 0, 256;
    %load/vec4 v00000114dbbd9150_0;
    %muli 16, 0, 32;
    %part/s 16;
    %pushi/vec4 144, 0, 32;
    %load/vec4 v00000114dbbd9150_0;
    %add;
    %ix/vec4/s 4;
    %store/vec4a v00000114dbbd91f0, 4, 0;
    %pushi/vec4 0, 0, 256;
    %load/vec4 v00000114dbbd9150_0;
    %muli 16, 0, 32;
    %part/s 16;
    %pushi/vec4 160, 0, 32;
    %load/vec4 v00000114dbbd9150_0;
    %add;
    %ix/vec4/s 4;
    %store/vec4a v00000114dbbd91f0, 4, 0;
    %pushi/vec4 0, 0, 256;
    %load/vec4 v00000114dbbd9150_0;
    %muli 16, 0, 32;
    %part/s 16;
    %pushi/vec4 176, 0, 32;
    %load/vec4 v00000114dbbd9150_0;
    %add;
    %ix/vec4/s 4;
    %store/vec4a v00000114dbbd91f0, 4, 0;
    %pushi/vec4 0, 0, 256;
    %load/vec4 v00000114dbbd9150_0;
    %muli 16, 0, 32;
    %part/s 16;
    %pushi/vec4 192, 0, 32;
    %load/vec4 v00000114dbbd9150_0;
    %add;
    %ix/vec4/s 4;
    %store/vec4a v00000114dbbd91f0, 4, 0;
    %pushi/vec4 0, 0, 256;
    %load/vec4 v00000114dbbd9150_0;
    %muli 16, 0, 32;
    %part/s 16;
    %pushi/vec4 208, 0, 32;
    %load/vec4 v00000114dbbd9150_0;
    %add;
    %ix/vec4/s 4;
    %store/vec4a v00000114dbbd91f0, 4, 0;
    %pushi/vec4 0, 0, 256;
    %load/vec4 v00000114dbbd9150_0;
    %muli 16, 0, 32;
    %part/s 16;
    %pushi/vec4 224, 0, 32;
    %load/vec4 v00000114dbbd9150_0;
    %add;
    %ix/vec4/s 4;
    %store/vec4a v00000114dbbd91f0, 4, 0;
    %pushi/vec4 0, 0, 256;
    %load/vec4 v00000114dbbd9150_0;
    %muli 16, 0, 32;
    %part/s 16;
    %pushi/vec4 240, 0, 32;
    %load/vec4 v00000114dbbd9150_0;
    %add;
    %ix/vec4/s 4;
    %store/vec4a v00000114dbbd91f0, 4, 0;
T_5.2 ; for-loop step statement
    %load/vec4 v00000114dbbd9150_0;
    %addi 1, 0, 32;
    %store/vec4 v00000114dbbd9150_0, 0, 32;
    %jmp T_5.0;
T_5.1 ; for-loop exit label
    %end;
    .thread T_5;
    .scope S_00000114dbb82dc0;
T_6 ;
    %wait E_00000114dbb61f90;
    %load/vec4 v00000114dbbd8b10_0;
    %flag_set/vec4 9;
    %flag_get/vec4 9;
    %jmp/0 T_6.2, 9;
    %load/vec4 v00000114dbbd8a70_0;
    %and;
T_6.2;
    %flag_set/vec4 8;
    %jmp/0xz  T_6.0, 8;
    %load/vec4 v00000114dbbd9010_0;
    %parti/s 1, 0, 2;
    %nor/r;
    %flag_set/vec4 8;
    %jmp/0xz  T_6.3, 8;
    %load/vec4 v00000114dbbd8610_0;
    %parti/s 1, 0, 2;
    %load/vec4 v00000114dbbd87f0_0;
    %parti/s 8, 0, 2;
    %pad/u 10;
    %ix/vec4 3;
    %ix/load 4, 0, 0; Constant delay
    %assign/vec4/a/d v00000114dbbd91f0, 0, 4;
T_6.3 ;
    %load/vec4 v00000114dbbd9010_0;
    %parti/s 1, 1, 2;
    %nor/r;
    %flag_set/vec4 8;
    %jmp/0xz  T_6.5, 8;
    %load/vec4 v00000114dbbd8610_0;
    %parti/s 1, 1, 2;
    %load/vec4 v00000114dbbd87f0_0;
    %parti/s 8, 0, 2;
    %pad/u 10;
    %ix/vec4 3;
    %ix/load 4, 1, 0; part off
    %ix/load 5, 0, 0; Constant delay
    %assign/vec4/a/d v00000114dbbd91f0, 4, 5;
T_6.5 ;
    %load/vec4 v00000114dbbd9010_0;
    %parti/s 1, 2, 3;
    %nor/r;
    %flag_set/vec4 8;
    %jmp/0xz  T_6.7, 8;
    %load/vec4 v00000114dbbd8610_0;
    %parti/s 1, 2, 3;
    %load/vec4 v00000114dbbd87f0_0;
    %parti/s 8, 0, 2;
    %pad/u 10;
    %ix/vec4 3;
    %ix/load 4, 2, 0; part off
    %ix/load 5, 0, 0; Constant delay
    %assign/vec4/a/d v00000114dbbd91f0, 4, 5;
T_6.7 ;
    %load/vec4 v00000114dbbd9010_0;
    %parti/s 1, 3, 3;
    %nor/r;
    %flag_set/vec4 8;
    %jmp/0xz  T_6.9, 8;
    %load/vec4 v00000114dbbd8610_0;
    %parti/s 1, 3, 3;
    %load/vec4 v00000114dbbd87f0_0;
    %parti/s 8, 0, 2;
    %pad/u 10;
    %ix/vec4 3;
    %ix/load 4, 3, 0; part off
    %ix/load 5, 0, 0; Constant delay
    %assign/vec4/a/d v00000114dbbd91f0, 4, 5;
T_6.9 ;
    %load/vec4 v00000114dbbd9010_0;
    %parti/s 1, 4, 4;
    %nor/r;
    %flag_set/vec4 8;
    %jmp/0xz  T_6.11, 8;
    %load/vec4 v00000114dbbd8610_0;
    %parti/s 1, 4, 4;
    %load/vec4 v00000114dbbd87f0_0;
    %parti/s 8, 0, 2;
    %pad/u 10;
    %ix/vec4 3;
    %ix/load 4, 4, 0; part off
    %ix/load 5, 0, 0; Constant delay
    %assign/vec4/a/d v00000114dbbd91f0, 4, 5;
T_6.11 ;
    %load/vec4 v00000114dbbd9010_0;
    %parti/s 1, 5, 4;
    %nor/r;
    %flag_set/vec4 8;
    %jmp/0xz  T_6.13, 8;
    %load/vec4 v00000114dbbd8610_0;
    %parti/s 1, 5, 4;
    %load/vec4 v00000114dbbd87f0_0;
    %parti/s 8, 0, 2;
    %pad/u 10;
    %ix/vec4 3;
    %ix/load 4, 5, 0; part off
    %ix/load 5, 0, 0; Constant delay
    %assign/vec4/a/d v00000114dbbd91f0, 4, 5;
T_6.13 ;
    %load/vec4 v00000114dbbd9010_0;
    %parti/s 1, 6, 4;
    %nor/r;
    %flag_set/vec4 8;
    %jmp/0xz  T_6.15, 8;
    %load/vec4 v00000114dbbd8610_0;
    %parti/s 1, 6, 4;
    %load/vec4 v00000114dbbd87f0_0;
    %parti/s 8, 0, 2;
    %pad/u 10;
    %ix/vec4 3;
    %ix/load 4, 6, 0; part off
    %ix/load 5, 0, 0; Constant delay
    %assign/vec4/a/d v00000114dbbd91f0, 4, 5;
T_6.15 ;
    %load/vec4 v00000114dbbd9010_0;
    %parti/s 1, 7, 4;
    %nor/r;
    %flag_set/vec4 8;
    %jmp/0xz  T_6.17, 8;
    %load/vec4 v00000114dbbd8610_0;
    %parti/s 1, 7, 4;
    %load/vec4 v00000114dbbd87f0_0;
    %parti/s 8, 0, 2;
    %pad/u 10;
    %ix/vec4 3;
    %ix/load 4, 7, 0; part off
    %ix/load 5, 0, 0; Constant delay
    %assign/vec4/a/d v00000114dbbd91f0, 4, 5;
T_6.17 ;
    %load/vec4 v00000114dbbd9010_0;
    %parti/s 1, 8, 5;
    %nor/r;
    %flag_set/vec4 8;
    %jmp/0xz  T_6.19, 8;
    %load/vec4 v00000114dbbd8610_0;
    %parti/s 1, 8, 5;
    %load/vec4 v00000114dbbd87f0_0;
    %parti/s 8, 0, 2;
    %pad/u 10;
    %ix/vec4 3;
    %ix/load 4, 8, 0; part off
    %ix/load 5, 0, 0; Constant delay
    %assign/vec4/a/d v00000114dbbd91f0, 4, 5;
T_6.19 ;
    %load/vec4 v00000114dbbd9010_0;
    %parti/s 1, 9, 5;
    %nor/r;
    %flag_set/vec4 8;
    %jmp/0xz  T_6.21, 8;
    %load/vec4 v00000114dbbd8610_0;
    %parti/s 1, 9, 5;
    %load/vec4 v00000114dbbd87f0_0;
    %parti/s 8, 0, 2;
    %pad/u 10;
    %ix/vec4 3;
    %ix/load 4, 9, 0; part off
    %ix/load 5, 0, 0; Constant delay
    %assign/vec4/a/d v00000114dbbd91f0, 4, 5;
T_6.21 ;
    %load/vec4 v00000114dbbd9010_0;
    %parti/s 1, 10, 5;
    %nor/r;
    %flag_set/vec4 8;
    %jmp/0xz  T_6.23, 8;
    %load/vec4 v00000114dbbd8610_0;
    %parti/s 1, 10, 5;
    %load/vec4 v00000114dbbd87f0_0;
    %parti/s 8, 0, 2;
    %pad/u 10;
    %ix/vec4 3;
    %ix/load 4, 10, 0; part off
    %ix/load 5, 0, 0; Constant delay
    %assign/vec4/a/d v00000114dbbd91f0, 4, 5;
T_6.23 ;
    %load/vec4 v00000114dbbd9010_0;
    %parti/s 1, 11, 5;
    %nor/r;
    %flag_set/vec4 8;
    %jmp/0xz  T_6.25, 8;
    %load/vec4 v00000114dbbd8610_0;
    %parti/s 1, 11, 5;
    %load/vec4 v00000114dbbd87f0_0;
    %parti/s 8, 0, 2;
    %pad/u 10;
    %ix/vec4 3;
    %ix/load 4, 11, 0; part off
    %ix/load 5, 0, 0; Constant delay
    %assign/vec4/a/d v00000114dbbd91f0, 4, 5;
T_6.25 ;
    %load/vec4 v00000114dbbd9010_0;
    %parti/s 1, 12, 5;
    %nor/r;
    %flag_set/vec4 8;
    %jmp/0xz  T_6.27, 8;
    %load/vec4 v00000114dbbd8610_0;
    %parti/s 1, 12, 5;
    %load/vec4 v00000114dbbd87f0_0;
    %parti/s 8, 0, 2;
    %pad/u 10;
    %ix/vec4 3;
    %ix/load 4, 12, 0; part off
    %ix/load 5, 0, 0; Constant delay
    %assign/vec4/a/d v00000114dbbd91f0, 4, 5;
T_6.27 ;
    %load/vec4 v00000114dbbd9010_0;
    %parti/s 1, 13, 5;
    %nor/r;
    %flag_set/vec4 8;
    %jmp/0xz  T_6.29, 8;
    %load/vec4 v00000114dbbd8610_0;
    %parti/s 1, 13, 5;
    %load/vec4 v00000114dbbd87f0_0;
    %parti/s 8, 0, 2;
    %pad/u 10;
    %ix/vec4 3;
    %ix/load 4, 13, 0; part off
    %ix/load 5, 0, 0; Constant delay
    %assign/vec4/a/d v00000114dbbd91f0, 4, 5;
T_6.29 ;
    %load/vec4 v00000114dbbd9010_0;
    %parti/s 1, 14, 5;
    %nor/r;
    %flag_set/vec4 8;
    %jmp/0xz  T_6.31, 8;
    %load/vec4 v00000114dbbd8610_0;
    %parti/s 1, 14, 5;
    %load/vec4 v00000114dbbd87f0_0;
    %parti/s 8, 0, 2;
    %pad/u 10;
    %ix/vec4 3;
    %ix/load 4, 14, 0; part off
    %ix/load 5, 0, 0; Constant delay
    %assign/vec4/a/d v00000114dbbd91f0, 4, 5;
T_6.31 ;
    %load/vec4 v00000114dbbd9010_0;
    %parti/s 1, 15, 5;
    %nor/r;
    %flag_set/vec4 8;
    %jmp/0xz  T_6.33, 8;
    %load/vec4 v00000114dbbd8610_0;
    %parti/s 1, 15, 5;
    %load/vec4 v00000114dbbd87f0_0;
    %parti/s 8, 0, 2;
    %pad/u 10;
    %ix/vec4 3;
    %ix/load 4, 15, 0; part off
    %ix/load 5, 0, 0; Constant delay
    %assign/vec4/a/d v00000114dbbd91f0, 4, 5;
T_6.33 ;
T_6.0 ;
    %jmp T_6;
    .thread T_6;
    .scope S_00000114dbb82dc0;
T_7 ;
    %wait E_00000114dbb61f10;
    %load/vec4 v00000114dbbd84d0_0;
    %flag_set/vec4 9;
    %flag_get/vec4 9;
    %jmp/0 T_7.2, 9;
    %load/vec4 v00000114dbbd8110_0;
    %and;
T_7.2;
    %flag_set/vec4 8;
    %jmp/0xz  T_7.0, 8;
    %load/vec4 v00000114dbbd8e30_0;
    %parti/s 8, 0, 2;
    %pad/u 10;
    %ix/vec4 4;
    %load/vec4a v00000114dbbd91f0, 4;
    %load/vec4 v00000114dbbd8570_0;
    %inv;
    %and;
    %assign/vec4 v00000114dbbd82f0_0, 0;
T_7.0 ;
    %jmp T_7;
    .thread T_7;
    .scope S_00000114db846a90;
T_8 ;
    %pushi/vec4 0, 0, 1;
    %store/vec4 v00000114dbbdf370_0, 0, 1;
    %end;
    .thread T_8;
    .scope S_00000114db846a90;
T_9 ;
    %wait E_00000114dbb625d0;
    %load/vec4 v00000114dbbdf2d0_0;
    %assign/vec4 v00000114dbbdf370_0, 0;
    %jmp T_9;
    .thread T_9;
    .scope S_00000114db863530;
T_10 ;
    %pushi/vec4 0, 0, 1;
    %store/vec4 v00000114dbbdf730_0, 0, 1;
    %end;
    .thread T_10;
    .scope S_00000114db863530;
T_11 ;
    %wait E_00000114dbb62a90;
    %load/vec4 v00000114dbbdf5f0_0;
    %flag_set/vec4 8;
    %jmp/0xz  T_11.0, 8;
    %load/vec4 v00000114dbbdf550_0;
    %assign/vec4 v00000114dbbdf730_0, 0;
T_11.0 ;
    %jmp T_11;
    .thread T_11;
    .scope S_00000114db84b830;
T_12 ;
    %pushi/vec4 0, 0, 1;
    %store/vec4 v00000114dbbe3cc0_0, 0, 1;
    %end;
    .thread T_12;
    .scope S_00000114db84b830;
T_13 ;
    %wait E_00000114dbb62d10;
    %load/vec4 v00000114dbbe4b20_0;
    %flag_set/vec4 8;
    %jmp/0xz  T_13.0, 8;
    %pushi/vec4 0, 0, 1;
    %assign/vec4 v00000114dbbe3cc0_0, 0;
    %jmp T_13.1;
T_13.0 ;
    %load/vec4 v00000114dbbe3ae0_0;
    %flag_set/vec4 8;
    %jmp/0xz  T_13.2, 8;
    %load/vec4 v00000114dbbe4a80_0;
    %assign/vec4 v00000114dbbe3cc0_0, 0;
T_13.2 ;
T_13.1 ;
    %jmp T_13;
    .thread T_13;
    .scope S_00000114db84b9c0;
T_14 ;
    %pushi/vec4 0, 0, 1;
    %store/vec4 v00000114dbbe4580_0, 0, 1;
    %end;
    .thread T_14;
    .scope S_00000114db84b9c0;
T_15 ;
    %wait E_00000114dbb62a10;
    %load/vec4 v00000114dbbe4620_0;
    %flag_set/vec4 8;
    %jmp/0xz  T_15.0, 8;
    %pushi/vec4 1, 0, 1;
    %assign/vec4 v00000114dbbe4580_0, 0;
    %jmp T_15.1;
T_15.0 ;
    %load/vec4 v00000114dbbe39a0_0;
    %flag_set/vec4 8;
    %jmp/0xz  T_15.2, 8;
    %load/vec4 v00000114dbbe3900_0;
    %assign/vec4 v00000114dbbe4580_0, 0;
T_15.2 ;
T_15.1 ;
    %jmp T_15;
    .thread T_15;
    .scope S_00000114db84bb50;
T_16 ;
    %pushi/vec4 0, 0, 1;
    %store/vec4 v00000114dbbe46c0_0, 0, 1;
    %end;
    .thread T_16;
    .scope S_00000114db84bb50;
T_17 ;
    %wait E_00000114dbb62010;
    %load/vec4 v00000114dbbe4c60_0;
    %flag_set/vec4 8;
    %jmp/0xz  T_17.0, 8;
    %load/vec4 v00000114dbbe4760_0;
    %flag_set/vec4 8;
    %jmp/0xz  T_17.2, 8;
    %pushi/vec4 0, 0, 1;
    %assign/vec4 v00000114dbbe46c0_0, 0;
    %jmp T_17.3;
T_17.2 ;
    %load/vec4 v00000114dbbe3680_0;
    %assign/vec4 v00000114dbbe46c0_0, 0;
T_17.3 ;
T_17.0 ;
    %jmp T_17;
    .thread T_17;
    .scope S_00000114db855690;
T_18 ;
    %pushi/vec4 0, 0, 1;
    %store/vec4 v00000114dbbe43a0_0, 0, 1;
    %end;
    .thread T_18;
    .scope S_00000114db855690;
T_19 ;
    %wait E_00000114dbb62b10;
    %load/vec4 v00000114dbbe4940_0;
    %flag_set/vec4 8;
    %jmp/0xz  T_19.0, 8;
    %load/vec4 v00000114dbbe4800_0;
    %flag_set/vec4 8;
    %jmp/0xz  T_19.2, 8;
    %pushi/vec4 1, 0, 1;
    %assign/vec4 v00000114dbbe43a0_0, 0;
    %jmp T_19.3;
T_19.2 ;
    %load/vec4 v00000114dbbe37c0_0;
    %assign/vec4 v00000114dbbe43a0_0, 0;
T_19.3 ;
T_19.0 ;
    %jmp T_19;
    .thread T_19;
    .scope S_00000114db855820;
T_20 ;
    %pushi/vec4 0, 0, 1;
    %store/vec4 v00000114dbbe3720_0, 0, 1;
    %end;
    .thread T_20;
    .scope S_00000114db855820;
T_21 ;
    %wait E_00000114dbb62050;
    %load/vec4 v00000114dbbe35e0_0;
    %assign/vec4 v00000114dbbe3720_0, 0;
    %jmp T_21;
    .thread T_21;
    .scope S_00000114db8559b0;
T_22 ;
    %pushi/vec4 0, 0, 1;
    %store/vec4 v00000114dbbe3a40_0, 0, 1;
    %end;
    .thread T_22;
    .scope S_00000114db8559b0;
T_23 ;
    %wait E_00000114dbb62090;
    %load/vec4 v00000114dbbe3f40_0;
    %flag_set/vec4 8;
    %jmp/0xz  T_23.0, 8;
    %load/vec4 v00000114dbbe3860_0;
    %assign/vec4 v00000114dbbe3a40_0, 0;
T_23.0 ;
    %jmp T_23;
    .thread T_23;
    .scope S_00000114db852cd0;
T_24 ;
    %pushi/vec4 0, 0, 1;
    %store/vec4 v00000114dbbe3e00_0, 0, 1;
    %end;
    .thread T_24;
    .scope S_00000114db852cd0;
T_25 ;
    %wait E_00000114dbb626d0;
    %load/vec4 v00000114dbbe3ea0_0;
    %flag_set/vec4 8;
    %jmp/0xz  T_25.0, 8;
    %pushi/vec4 0, 0, 1;
    %assign/vec4 v00000114dbbe3e00_0, 0;
    %jmp T_25.1;
T_25.0 ;
    %load/vec4 v00000114dbbe44e0_0;
    %flag_set/vec4 8;
    %jmp/0xz  T_25.2, 8;
    %load/vec4 v00000114dbbe3c20_0;
    %assign/vec4 v00000114dbbe3e00_0, 0;
T_25.2 ;
T_25.1 ;
    %jmp T_25;
    .thread T_25;
    .scope S_00000114db852e60;
T_26 ;
    %pushi/vec4 0, 0, 1;
    %store/vec4 v00000114dbbe41c0_0, 0, 1;
    %end;
    .thread T_26;
    .scope S_00000114db852e60;
T_27 ;
    %wait E_00000114dbb62c90;
    %load/vec4 v00000114dbbe4260_0;
    %flag_set/vec4 8;
    %jmp/0xz  T_27.0, 8;
    %pushi/vec4 1, 0, 1;
    %assign/vec4 v00000114dbbe41c0_0, 0;
    %jmp T_27.1;
T_27.0 ;
    %load/vec4 v00000114dbbe4120_0;
    %flag_set/vec4 8;
    %jmp/0xz  T_27.2, 8;
    %load/vec4 v00000114dbbe4080_0;
    %assign/vec4 v00000114dbbe41c0_0, 0;
T_27.2 ;
T_27.1 ;
    %jmp T_27;
    .thread T_27;
    .scope S_00000114dbb7c610;
T_28 ;
    %pushi/vec4 0, 0, 1;
    %store/vec4 v00000114dbbe3360_0, 0, 1;
    %end;
    .thread T_28;
    .scope S_00000114dbb7c610;
T_29 ;
    %wait E_00000114dbb62b50;
    %load/vec4 v00000114dbbe1c40_0;
    %flag_set/vec4 8;
    %jmp/0xz  T_29.0, 8;
    %load/vec4 v00000114dbbe34a0_0;
    %flag_set/vec4 8;
    %jmp/0xz  T_29.2, 8;
    %pushi/vec4 0, 0, 1;
    %assign/vec4 v00000114dbbe3360_0, 0;
    %jmp T_29.3;
T_29.2 ;
    %load/vec4 v00000114dbbe30e0_0;
    %assign/vec4 v00000114dbbe3360_0, 0;
T_29.3 ;
T_29.0 ;
    %jmp T_29;
    .thread T_29;
    .scope S_00000114dbb7c7a0;
T_30 ;
    %pushi/vec4 0, 0, 1;
    %store/vec4 v00000114dbbe3400_0, 0, 1;
    %end;
    .thread T_30;
    .scope S_00000114dbb7c7a0;
T_31 ;
    %wait E_00000114dbb62150;
    %load/vec4 v00000114dbbe2780_0;
    %flag_set/vec4 8;
    %jmp/0xz  T_31.0, 8;
    %load/vec4 v00000114dbbe19c0_0;
    %flag_set/vec4 8;
    %jmp/0xz  T_31.2, 8;
    %pushi/vec4 1, 0, 1;
    %assign/vec4 v00000114dbbe3400_0, 0;
    %jmp T_31.3;
T_31.2 ;
    %load/vec4 v00000114dbbe2820_0;
    %assign/vec4 v00000114dbbe3400_0, 0;
T_31.3 ;
T_31.0 ;
    %jmp T_31;
    .thread T_31;
    .scope S_00000114dbb7c160;
T_32 ;
    %pushi/vec4 0, 0, 1;
    %store/vec4 v00000114dbbe1ce0_0, 0, 1;
    %end;
    .thread T_32;
    .scope S_00000114dbb7c160;
T_33 ;
    %wait E_00000114dbb620d0;
    %load/vec4 v00000114dbbe1060_0;
    %flag_set/vec4 8;
    %jmp/0xz  T_33.0, 8;
    %pushi/vec4 0, 0, 1;
    %assign/vec4 v00000114dbbe1ce0_0, 0;
    %jmp T_33.1;
T_33.0 ;
    %load/vec4 v00000114dbbe1b00_0;
    %assign/vec4 v00000114dbbe1ce0_0, 0;
T_33.1 ;
    %jmp T_33;
    .thread T_33;
    .scope S_00000114dbb7cde0;
T_34 ;
    %pushi/vec4 0, 0, 1;
    %store/vec4 v00000114dbbe1d80_0, 0, 1;
    %end;
    .thread T_34;
    .scope S_00000114dbb7cde0;
T_35 ;
    %wait E_00000114dbb62d50;
    %load/vec4 v00000114dbbe1920_0;
    %flag_set/vec4 8;
    %jmp/0xz  T_35.0, 8;
    %pushi/vec4 1, 0, 1;
    %assign/vec4 v00000114dbbe1d80_0, 0;
    %jmp T_35.1;
T_35.0 ;
    %load/vec4 v00000114dbbe28c0_0;
    %assign/vec4 v00000114dbbe1d80_0, 0;
T_35.1 ;
    %jmp T_35;
    .thread T_35;
    .scope S_00000114dbb7c2f0;
T_36 ;
    %pushi/vec4 0, 0, 1;
    %store/vec4 v00000114dbbe2500_0, 0, 1;
    %end;
    .thread T_36;
    .scope S_00000114dbb7c2f0;
T_37 ;
    %wait E_00000114dbb62650;
    %load/vec4 v00000114dbbe3180_0;
    %flag_set/vec4 8;
    %jmp/0xz  T_37.0, 8;
    %pushi/vec4 0, 0, 1;
    %assign/vec4 v00000114dbbe2500_0, 0;
    %jmp T_37.1;
T_37.0 ;
    %load/vec4 v00000114dbbe11a0_0;
    %assign/vec4 v00000114dbbe2500_0, 0;
T_37.1 ;
    %jmp T_37;
    .thread T_37;
    .scope S_00000114dbb7cf70;
T_38 ;
    %pushi/vec4 0, 0, 1;
    %store/vec4 v00000114dbbe16a0_0, 0, 1;
    %end;
    .thread T_38;
    .scope S_00000114dbb7cf70;
T_39 ;
    %wait E_00000114dbb61dd0;
    %load/vec4 v00000114dbbe2280_0;
    %flag_set/vec4 8;
    %jmp/0xz  T_39.0, 8;
    %pushi/vec4 1, 0, 1;
    %assign/vec4 v00000114dbbe16a0_0, 0;
    %jmp T_39.1;
T_39.0 ;
    %load/vec4 v00000114dbbe2960_0;
    %assign/vec4 v00000114dbbe16a0_0, 0;
T_39.1 ;
    %jmp T_39;
    .thread T_39;
    .scope S_00000114dbb7c480;
T_40 ;
    %pushi/vec4 0, 0, 1;
    %store/vec4 v00000114dbbe2c80_0, 0, 1;
    %end;
    .thread T_40;
    .scope S_00000114dbb7c480;
T_41 ;
    %wait E_00000114dbb62610;
    %load/vec4 v00000114dbbe3040_0;
    %flag_set/vec4 8;
    %jmp/0xz  T_41.0, 8;
    %pushi/vec4 0, 0, 1;
    %assign/vec4 v00000114dbbe2c80_0, 0;
    %jmp T_41.1;
T_41.0 ;
    %load/vec4 v00000114dbbe2a00_0;
    %assign/vec4 v00000114dbbe2c80_0, 0;
T_41.1 ;
    %jmp T_41;
    .thread T_41;
    .scope S_00000114dbb7c930;
T_42 ;
    %pushi/vec4 0, 0, 1;
    %store/vec4 v00000114dbbe1ba0_0, 0, 1;
    %end;
    .thread T_42;
    .scope S_00000114dbb7c930;
T_43 ;
    %wait E_00000114dbb622d0;
    %load/vec4 v00000114dbbe2aa0_0;
    %flag_set/vec4 8;
    %jmp/0xz  T_43.0, 8;
    %pushi/vec4 1, 0, 1;
    %assign/vec4 v00000114dbbe1ba0_0, 0;
    %jmp T_43.1;
T_43.0 ;
    %load/vec4 v00000114dbbe12e0_0;
    %assign/vec4 v00000114dbbe1ba0_0, 0;
T_43.1 ;
    %jmp T_43;
    .thread T_43;
    .scope S_00000114dbb7cac0;
T_44 ;
    %pushi/vec4 0, 0, 1;
    %store/vec4 v00000114dbbe2d20_0, 0, 1;
    %end;
    .thread T_44;
    .scope S_00000114dbb7cac0;
T_45 ;
    %wait E_00000114dbb62790;
    %load/vec4 v00000114dbbe21e0_0;
    %flag_set/vec4 8;
    %jmp/0xz  T_45.0, 8;
    %pushi/vec4 0, 0, 1;
    %assign/vec4 v00000114dbbe2d20_0, 0;
    %jmp T_45.1;
T_45.0 ;
    %load/vec4 v00000114dbbe2be0_0;
    %assign/vec4 v00000114dbbe2d20_0, 0;
T_45.1 ;
    %jmp T_45;
    .thread T_45;
    .scope S_00000114dbb7cc50;
T_46 ;
    %pushi/vec4 0, 0, 1;
    %store/vec4 v00000114dbbe2320_0, 0, 1;
    %end;
    .thread T_46;
    .scope S_00000114dbb7cc50;
T_47 ;
    %wait E_00000114dbb623d0;
    %load/vec4 v00000114dbbe1740_0;
    %flag_set/vec4 8;
    %jmp/0xz  T_47.0, 8;
    %pushi/vec4 1, 0, 1;
    %assign/vec4 v00000114dbbe2320_0, 0;
    %jmp T_47.1;
T_47.0 ;
    %load/vec4 v00000114dbbe26e0_0;
    %assign/vec4 v00000114dbbe2320_0, 0;
T_47.1 ;
    %jmp T_47;
    .thread T_47;
    .scope S_00000114dbb82c30;
T_48 ;
    %wait E_00000114dbb62710;
    %load/vec4 v00000114dbbe3220_0;
    %assign/vec4 v00000114dbbe32c0_0, 0;
    %jmp T_48;
    .thread T_48;
    .scope S_00000114dbb82c30;
T_49 ;
    %wait E_00000114dbb62710;
    %load/vec4 v00000114dbbe3220_0;
    %flag_set/vec4 8;
    %jmp/0xz  T_49.0, 8;
    %load/vec4 v00000114dbbe1880_0;
    %assign/vec4 v00000114dbbe1560_0, 0;
T_49.0 ;
    %jmp T_49;
    .thread T_49;
    .scope S_00000114dbb82c30;
T_50 ;
    %wait E_00000114dbb62690;
    %load/vec4 v00000114dbbe32c0_0;
    %flag_set/vec4 8;
    %jmp/0xz  T_50.0, 8;
    %load/vec4 v00000114dbbe1880_0;
    %assign/vec4 v00000114dbbe1600_0, 0;
T_50.0 ;
    %jmp T_50;
    .thread T_50;
    .scope S_00000114dbb82c30;
T_51 ;
    %wait E_00000114dbb62c50;
    %load/vec4 v00000114dbbe3220_0;
    %assign/vec4 v00000114dbbe3540_0, 0;
    %jmp T_51;
    .thread T_51;
    .scope S_00000114dbb82c30;
T_52 ;
    %wait E_00000114dbb62c50;
    %load/vec4 v00000114dbbe3220_0;
    %flag_set/vec4 8;
    %jmp/0xz  T_52.0, 8;
    %load/vec4 v00000114dbbe0f20_0;
    %assign/vec4 v00000114dbbe83b0_0, 0;
T_52.0 ;
    %jmp T_52;
    .thread T_52;
    .scope S_00000114dbb82c30;
T_53 ;
    %wait E_00000114dbb624d0;
    %load/vec4 v00000114dbbe3540_0;
    %flag_set/vec4 8;
    %jmp/0xz  T_53.0, 8;
    %load/vec4 v00000114dbbe20a0_0;
    %assign/vec4 v00000114dbbe7eb0_0, 0;
T_53.0 ;
    %jmp T_53;
    .thread T_53;
    .scope S_00000114dbb82c30;
T_54 ;
    %wait E_00000114dbb62c50;
    %load/vec4 v00000114dbbe3220_0;
    %flag_set/vec4 8;
    %jmp/0xz  T_54.0, 8;
    %load/vec4 v00000114dbbe2f00_0;
    %assign/vec4 v00000114dbbe7ff0_0, 0;
T_54.0 ;
    %jmp T_54;
    .thread T_54;
    .scope S_00000114dbb825f0;
T_55 ;
    %wait E_00000114dbb62450;
    %load/vec4 v00000114dbbe1560_0;
    %store/vec4 v00000114dbbe1420_0, 0, 1;
    %load/vec4 v00000114dbbe1600_0;
    %store/vec4 v00000114dbbe14c0_0, 0, 1;
    %jmp T_55;
    .thread T_55, $push;
    .scope S_00000114dbb825f0;
T_56 ;
    %wait E_00000114dbb62410;
    %load/vec4 v00000114dbbe2e60_0;
    %assign/vec4 v00000114dbbe7f50_0, 0;
    %jmp T_56;
    .thread T_56, $push;
    .scope S_00000114dbb825f0;
T_57 ;
    %wait E_00000114dbb62c10;
    %load/vec4 v00000114dbbe7f50_0;
    %assign/vec4 v00000114dbbe8450_0, 0;
    %jmp T_57;
    .thread T_57, $push;
    .scope S_00000114dbb825f0;
T_58 ;
    %wait E_00000114dbb62bd0;
    %load/vec4 v00000114dbbe8450_0;
    %pushi/vec4 0, 0, 1;
    %xor;
    %flag_set/vec4 8;
    %jmp/1 T_58.2, 8;
    %pushi/vec4 0, 0, 1;
    %flag_set/vec4 9;
    %flag_or 8, 9;
T_58.2;
    %jmp/0 T_58.0, 8;
    %load/vec4 v00000114dbbe83b0_0;
    %jmp/1 T_58.1, 8;
T_58.0 ; End of true expr.
    %load/vec4 v00000114dbbe7eb0_0;
    %jmp/0 T_58.1, 8;
 ; End of false expr.
    %blend;
T_58.1;
    %store/vec4 v00000114dbbe77d0_0, 0, 1;
    %jmp T_58;
    .thread T_58, $push;
    .scope S_00000114dbb82f50;
T_59 ;
    %wait E_00000114dbb63050;
    %load/vec4 v00000114dbbe6290_0;
    %flag_set/vec4 8;
    %jmp/0xz  T_59.0, 8;
    %load/vec4 v00000114dbbe54d0_0;
    %assign/vec4 v00000114dbbe7370_0, 0;
T_59.0 ;
    %jmp T_59;
    .thread T_59;
    .scope S_00000114dbb82f50;
T_60 ;
    %wait E_00000114dbb62e90;
    %load/vec4 v00000114dbbe6290_0;
    %flag_set/vec4 8;
    %jmp/0xz  T_60.0, 8;
    %load/vec4 v00000114dbbe54d0_0;
    %assign/vec4 v00000114dbbe5570_0, 0;
T_60.0 ;
    %jmp T_60;
    .thread T_60;
    .scope S_00000114dbb82f50;
T_61 ;
    %wait E_00000114dbb63250;
    %load/vec4 v00000114dbbe6290_0;
    %flag_set/vec4 8;
    %jmp/0xz  T_61.0, 8;
    %load/vec4 v00000114dbbe4fd0_0;
    %assign/vec4 v00000114dbbe5c50_0, 0;
T_61.0 ;
    %jmp T_61;
    .thread T_61;
    .scope S_00000114dbb82f50;
T_62 ;
    %wait E_00000114dbb63350;
    %load/vec4 v00000114dbbe6290_0;
    %flag_set/vec4 8;
    %jmp/0xz  T_62.0, 8;
    %load/vec4 v00000114dbbe5ed0_0;
    %assign/vec4 v00000114dbbe6dd0_0, 0;
T_62.0 ;
    %jmp T_62;
    .thread T_62;
    .scope S_00000114dbb82f50;
T_63 ;
    %wait E_00000114dbb63250;
    %load/vec4 v00000114dbbe6290_0;
    %flag_set/vec4 8;
    %jmp/0xz  T_63.0, 8;
    %load/vec4 v00000114dbbe63d0_0;
    %assign/vec4 v00000114dbbe57f0_0, 0;
T_63.0 ;
    %jmp T_63;
    .thread T_63;
    .scope S_00000114dbb7e8e0;
T_64 ;
    %wait E_00000114dbb62f50;
    %load/vec4 v00000114dbbe7370_0;
    %store/vec4 v00000114dbbe6d30_0, 0, 1;
    %load/vec4 v00000114dbbe5570_0;
    %store/vec4 v00000114dbbe6010_0, 0, 1;
    %jmp T_64;
    .thread T_64, $push;
    .scope S_00000114dbb7e8e0;
T_65 ;
    %wait E_00000114dbb63c10;
    %load/vec4 v00000114dbbe5430_0;
    %assign/vec4 v00000114dbbe5610_0, 0;
    %jmp T_65;
    .thread T_65, $push;
    .scope S_00000114dbb7e8e0;
T_66 ;
    %wait E_00000114dbb63010;
    %load/vec4 v00000114dbbe5610_0;
    %assign/vec4 v00000114dbbe5750_0, 0;
    %jmp T_66;
    .thread T_66, $push;
    .scope S_00000114dbb7e8e0;
T_67 ;
    %wait E_00000114dbb62750;
    %load/vec4 v00000114dbbe5750_0;
    %pushi/vec4 0, 0, 1;
    %xor;
    %flag_set/vec4 8;
    %jmp/1 T_67.2, 8;
    %pushi/vec4 0, 0, 1;
    %flag_set/vec4 9;
    %flag_or 8, 9;
T_67.2;
    %jmp/0 T_67.0, 8;
    %load/vec4 v00000114dbbe5c50_0;
    %jmp/1 T_67.1, 8;
T_67.0 ; End of true expr.
    %load/vec4 v00000114dbbe6dd0_0;
    %jmp/0 T_67.1, 8;
 ; End of false expr.
    %blend;
T_67.1;
    %store/vec4 v00000114dbbe70f0_0, 0, 1;
    %jmp T_67;
    .thread T_67, $push;
    .scope S_00000114dbb830e0;
T_68 ;
    %wait E_00000114dbb62e10;
    %load/vec4 v00000114dbbe6e70_0;
    %flag_set/vec4 8;
    %jmp/0xz  T_68.0, 8;
    %load/vec4 v00000114dbbe6150_0;
    %assign/vec4 v00000114dbbe6470_0, 0;
T_68.0 ;
    %jmp T_68;
    .thread T_68;
    .scope S_00000114dbb830e0;
T_69 ;
    %wait E_00000114dbb63310;
    %load/vec4 v00000114dbbe6e70_0;
    %flag_set/vec4 8;
    %jmp/0xz  T_69.0, 8;
    %load/vec4 v00000114dbbe6150_0;
    %assign/vec4 v00000114dbbe8f40_0, 0;
T_69.0 ;
    %jmp T_69;
    .thread T_69;
    .scope S_00000114dbb830e0;
T_70 ;
    %wait E_00000114dbb63390;
    %load/vec4 v00000114dbbe6e70_0;
    %flag_set/vec4 8;
    %jmp/0xz  T_70.0, 8;
    %load/vec4 v00000114dbbe6fb0_0;
    %assign/vec4 v00000114dbbe9f80_0, 0;
T_70.0 ;
    %jmp T_70;
    .thread T_70;
    .scope S_00000114dbb830e0;
T_71 ;
    %wait E_00000114dbb62f90;
    %load/vec4 v00000114dbbe6e70_0;
    %flag_set/vec4 8;
    %jmp/0xz  T_71.0, 8;
    %load/vec4 v00000114dbbe7050_0;
    %assign/vec4 v00000114dbbe9440_0, 0;
T_71.0 ;
    %jmp T_71;
    .thread T_71;
    .scope S_00000114dbb830e0;
T_72 ;
    %wait E_00000114dbb63390;
    %load/vec4 v00000114dbbe6e70_0;
    %flag_set/vec4 8;
    %jmp/0xz  T_72.0, 8;
    %load/vec4 v00000114dbbe60b0_0;
    %assign/vec4 v00000114dbbea160_0, 0;
T_72.0 ;
    %jmp T_72;
    .thread T_72;
    .scope S_00000114dbb7d490;
T_73 ;
    %wait E_00000114dbb62d90;
    %load/vec4 v00000114dbbe6470_0;
    %store/vec4 v00000114dbbe61f0_0, 0, 1;
    %load/vec4 v00000114dbbe8f40_0;
    %store/vec4 v00000114dbbe6330_0, 0, 1;
    %jmp T_73;
    .thread T_73, $push;
    .scope S_00000114dbb7d490;
T_74 ;
    %wait E_00000114dbb63810;
    %load/vec4 v00000114dbbe5d90_0;
    %assign/vec4 v00000114dbbea700_0, 0;
    %jmp T_74;
    .thread T_74, $push;
    .scope S_00000114dbb7d490;
T_75 ;
    %wait E_00000114dbb62e50;
    %load/vec4 v00000114dbbea700_0;
    %assign/vec4 v00000114dbbe9b20_0, 0;
    %jmp T_75;
    .thread T_75, $push;
    .scope S_00000114dbb7d490;
T_76 ;
    %wait E_00000114dbb63d10;
    %load/vec4 v00000114dbbe9b20_0;
    %pushi/vec4 0, 0, 1;
    %xor;
    %flag_set/vec4 8;
    %jmp/1 T_76.2, 8;
    %pushi/vec4 0, 0, 1;
    %flag_set/vec4 9;
    %flag_or 8, 9;
T_76.2;
    %jmp/0 T_76.0, 8;
    %load/vec4 v00000114dbbe9f80_0;
    %jmp/1 T_76.1, 8;
T_76.0 ; End of true expr.
    %load/vec4 v00000114dbbe9440_0;
    %jmp/0 T_76.1, 8;
 ; End of false expr.
    %blend;
T_76.1;
    %store/vec4 v00000114dbbea200_0, 0, 1;
    %jmp T_76;
    .thread T_76, $push;
    .scope S_00000114dbb7d170;
T_77 ;
    %wait E_00000114dbb63c50;
    %load/vec4 v00000114dbbebec0_0;
    %flag_set/vec4 8;
    %jmp/0xz  T_77.0, 8;
    %pushi/vec4 0, 0, 16;
    %assign/vec4 v00000114dbbf1c60_0, 0;
    %pushi/vec4 0, 0, 16;
    %assign/vec4 v00000114dbbf14e0_0, 0;
    %jmp T_77.1;
T_77.0 ;
    %load/vec4 v00000114dbbea520_0;
    %flag_set/vec4 8;
    %jmp/0xz  T_77.2, 8;
    %load/vec4 v00000114dbbea5c0_0;
    %nor/r;
    %flag_set/vec4 8;
    %jmp/0xz  T_77.4, 8;
    %load/vec4 v00000114dbbea020_0;
    %assign/vec4 v00000114dbbf1c60_0, 0;
T_77.4 ;
    %load/vec4 v00000114dbbe9260_0;
    %nor/r;
    %flag_set/vec4 8;
    %jmp/0xz  T_77.6, 8;
    %load/vec4 v00000114dbbeb2e0_0;
    %assign/vec4 v00000114dbbf14e0_0, 0;
T_77.6 ;
T_77.2 ;
T_77.1 ;
    %jmp T_77;
    .thread T_77;
    .scope S_00000114dbb7d170;
T_78 ;
    %wait E_00000114dbb63590;
    %load/vec4 v00000114dbbec6e0_0;
    %flag_set/vec4 8;
    %jmp/0xz  T_78.0, 8;
    %pushi/vec4 0, 0, 16;
    %assign/vec4 v00000114dbbefa00_0, 0;
    %pushi/vec4 0, 0, 16;
    %assign/vec4 v00000114dbbf16c0_0, 0;
    %jmp T_78.1;
T_78.0 ;
    %load/vec4 v00000114dbbea520_0;
    %flag_set/vec4 8;
    %jmp/0xz  T_78.2, 8;
    %load/vec4 v00000114dbbe98a0_0;
    %nor/r;
    %flag_set/vec4 8;
    %jmp/0xz  T_78.4, 8;
    %load/vec4 v00000114dbbe9760_0;
    %assign/vec4 v00000114dbbefa00_0, 0;
T_78.4 ;
    %load/vec4 v00000114dbbecb40_0;
    %nor/r;
    %flag_set/vec4 8;
    %jmp/0xz  T_78.6, 8;
    %load/vec4 v00000114dbbebe20_0;
    %assign/vec4 v00000114dbbf16c0_0, 0;
T_78.6 ;
T_78.2 ;
T_78.1 ;
    %jmp T_78;
    .thread T_78;
    .scope S_00000114dbb7d170;
T_79 ;
    %wait E_00000114dbb63c50;
    %load/vec4 v00000114dbbebec0_0;
    %flag_set/vec4 8;
    %jmp/0xz  T_79.0, 8;
    %pushi/vec4 0, 0, 16;
    %assign/vec4 v00000114dbbf0a40_0, 0;
    %pushi/vec4 0, 0, 16;
    %assign/vec4 v00000114dbbf11c0_0, 0;
    %jmp T_79.1;
T_79.0 ;
    %load/vec4 v00000114dbbea520_0;
    %flag_set/vec4 8;
    %jmp/0xz  T_79.2, 8;
    %load/vec4 v00000114dbbf1d00_0;
    %assign/vec4 v00000114dbbf0a40_0, 0;
    %load/vec4 v00000114dbbf1b20_0;
    %assign/vec4 v00000114dbbf11c0_0, 0;
T_79.2 ;
T_79.1 ;
    %jmp T_79;
    .thread T_79;
    .scope S_00000114dbb7d170;
T_80 ;
    %wait E_00000114dbb63590;
    %load/vec4 v00000114dbbec6e0_0;
    %flag_set/vec4 8;
    %jmp/0xz  T_80.0, 8;
    %pushi/vec4 0, 0, 16;
    %assign/vec4 v00000114dbbf1760_0, 0;
    %pushi/vec4 0, 0, 16;
    %assign/vec4 v00000114dbbf0b80_0, 0;
    %jmp T_80.1;
T_80.0 ;
    %load/vec4 v00000114dbbea520_0;
    %flag_set/vec4 8;
    %jmp/0xz  T_80.2, 8;
    %load/vec4 v00000114dbbf1940_0;
    %assign/vec4 v00000114dbbf1760_0, 0;
    %load/vec4 v00000114dbbf0400_0;
    %assign/vec4 v00000114dbbf0b80_0, 0;
T_80.2 ;
T_80.1 ;
    %jmp T_80;
    .thread T_80;
    .scope S_00000114dbb7d170;
T_81 ;
    %wait E_00000114dbb63590;
    %load/vec4 v00000114dbbec6e0_0;
    %flag_set/vec4 8;
    %jmp/0xz  T_81.0, 8;
    %pushi/vec4 0, 0, 32;
    %assign/vec4 v00000114dbbf0220_0, 0;
    %jmp T_81.1;
T_81.0 ;
    %load/vec4 v00000114dbbea520_0;
    %flag_set/vec4 8;
    %jmp/0xz  T_81.2, 8;
    %load/vec4 v00000114dbbee560_0;
    %assign/vec4 v00000114dbbf0220_0, 0;
T_81.2 ;
T_81.1 ;
    %jmp T_81;
    .thread T_81;
    .scope S_00000114dbb7d170;
T_82 ;
    %wait E_00000114dbb62ed0;
    %load/vec4 v00000114dbbebd80_0;
    %flag_set/vec4 8;
    %jmp/0xz  T_82.0, 8;
    %pushi/vec4 0, 0, 16;
    %assign/vec4 v00000114dbbf1a80_0, 0;
    %jmp T_82.1;
T_82.0 ;
    %load/vec4 v00000114dbbea520_0;
    %flag_set/vec4 8;
    %jmp/0xz  T_82.2, 8;
    %load/vec4 v00000114dbbec5a0_0;
    %nor/r;
    %flag_set/vec4 8;
    %jmp/0xz  T_82.4, 8;
    %load/vec4 v00000114dbbee2e0_0;
    %assign/vec4 v00000114dbbf1a80_0, 0;
T_82.4 ;
T_82.2 ;
T_82.1 ;
    %jmp T_82;
    .thread T_82;
    .scope S_00000114dbb7d170;
T_83 ;
    %wait E_00000114dbb63b10;
    %load/vec4 v00000114dbbeb6a0_0;
    %flag_set/vec4 8;
    %jmp/0xz  T_83.0, 8;
    %pushi/vec4 0, 0, 16;
    %assign/vec4 v00000114dbbf0ae0_0, 0;
    %jmp T_83.1;
T_83.0 ;
    %load/vec4 v00000114dbbea520_0;
    %flag_set/vec4 8;
    %jmp/0xz  T_83.2, 8;
    %load/vec4 v00000114dbbeb600_0;
    %nor/r;
    %flag_set/vec4 8;
    %jmp/0xz  T_83.4, 8;
    %load/vec4 v00000114dbbeea60_0;
    %assign/vec4 v00000114dbbf0ae0_0, 0;
T_83.4 ;
T_83.2 ;
T_83.1 ;
    %jmp T_83;
    .thread T_83;
    .scope S_00000114dbb83270;
T_84 ;
    %pushi/vec4 0, 0, 32;
    %store/vec4 v00000114dbbf4500_0, 0, 32;
T_84.0 ; Top of for-loop
    %load/vec4 v00000114dbbf4500_0;
    %cmpi/s 16, 0, 32;
	  %jmp/0xz T_84.1, 5;
    %pushi/vec4 0, 0, 256;
    %load/vec4 v00000114dbbf4500_0;
    %muli 16, 0, 32;
    %part/s 16;
    %pushi/vec4 0, 0, 32;
    %load/vec4 v00000114dbbf4500_0;
    %add;
    %ix/vec4/s 4;
    %store/vec4a v00000114dbbf4000, 4, 0;
    %pushi/vec4 0, 0, 256;
    %load/vec4 v00000114dbbf4500_0;
    %muli 16, 0, 32;
    %part/s 16;
    %pushi/vec4 16, 0, 32;
    %load/vec4 v00000114dbbf4500_0;
    %add;
    %ix/vec4/s 4;
    %store/vec4a v00000114dbbf4000, 4, 0;
    %pushi/vec4 0, 0, 256;
    %load/vec4 v00000114dbbf4500_0;
    %muli 16, 0, 32;
    %part/s 16;
    %pushi/vec4 32, 0, 32;
    %load/vec4 v00000114dbbf4500_0;
    %add;
    %ix/vec4/s 4;
    %store/vec4a v00000114dbbf4000, 4, 0;
    %pushi/vec4 0, 0, 256;
    %load/vec4 v00000114dbbf4500_0;
    %muli 16, 0, 32;
    %part/s 16;
    %pushi/vec4 48, 0, 32;
    %load/vec4 v00000114dbbf4500_0;
    %add;
    %ix/vec4/s 4;
    %store/vec4a v00000114dbbf4000, 4, 0;
    %pushi/vec4 0, 0, 256;
    %load/vec4 v00000114dbbf4500_0;
    %muli 16, 0, 32;
    %part/s 16;
    %pushi/vec4 64, 0, 32;
    %load/vec4 v00000114dbbf4500_0;
    %add;
    %ix/vec4/s 4;
    %store/vec4a v00000114dbbf4000, 4, 0;
    %pushi/vec4 0, 0, 256;
    %load/vec4 v00000114dbbf4500_0;
    %muli 16, 0, 32;
    %part/s 16;
    %pushi/vec4 80, 0, 32;
    %load/vec4 v00000114dbbf4500_0;
    %add;
    %ix/vec4/s 4;
    %store/vec4a v00000114dbbf4000, 4, 0;
    %pushi/vec4 0, 0, 256;
    %load/vec4 v00000114dbbf4500_0;
    %muli 16, 0, 32;
    %part/s 16;
    %pushi/vec4 96, 0, 32;
    %load/vec4 v00000114dbbf4500_0;
    %add;
    %ix/vec4/s 4;
    %store/vec4a v00000114dbbf4000, 4, 0;
    %pushi/vec4 0, 0, 256;
    %load/vec4 v00000114dbbf4500_0;
    %muli 16, 0, 32;
    %part/s 16;
    %pushi/vec4 112, 0, 32;
    %load/vec4 v00000114dbbf4500_0;
    %add;
    %ix/vec4/s 4;
    %store/vec4a v00000114dbbf4000, 4, 0;
    %pushi/vec4 0, 0, 256;
    %load/vec4 v00000114dbbf4500_0;
    %muli 16, 0, 32;
    %part/s 16;
    %pushi/vec4 128, 0, 32;
    %load/vec4 v00000114dbbf4500_0;
    %add;
    %ix/vec4/s 4;
    %store/vec4a v00000114dbbf4000, 4, 0;
    %pushi/vec4 0, 0, 256;
    %load/vec4 v00000114dbbf4500_0;
    %muli 16, 0, 32;
    %part/s 16;
    %pushi/vec4 144, 0, 32;
    %load/vec4 v00000114dbbf4500_0;
    %add;
    %ix/vec4/s 4;
    %store/vec4a v00000114dbbf4000, 4, 0;
    %pushi/vec4 0, 0, 256;
    %load/vec4 v00000114dbbf4500_0;
    %muli 16, 0, 32;
    %part/s 16;
    %pushi/vec4 160, 0, 32;
    %load/vec4 v00000114dbbf4500_0;
    %add;
    %ix/vec4/s 4;
    %store/vec4a v00000114dbbf4000, 4, 0;
    %pushi/vec4 0, 0, 256;
    %load/vec4 v00000114dbbf4500_0;
    %muli 16, 0, 32;
    %part/s 16;
    %pushi/vec4 176, 0, 32;
    %load/vec4 v00000114dbbf4500_0;
    %add;
    %ix/vec4/s 4;
    %store/vec4a v00000114dbbf4000, 4, 0;
    %pushi/vec4 0, 0, 256;
    %load/vec4 v00000114dbbf4500_0;
    %muli 16, 0, 32;
    %part/s 16;
    %pushi/vec4 192, 0, 32;
    %load/vec4 v00000114dbbf4500_0;
    %add;
    %ix/vec4/s 4;
    %store/vec4a v00000114dbbf4000, 4, 0;
    %pushi/vec4 0, 0, 256;
    %load/vec4 v00000114dbbf4500_0;
    %muli 16, 0, 32;
    %part/s 16;
    %pushi/vec4 208, 0, 32;
    %load/vec4 v00000114dbbf4500_0;
    %add;
    %ix/vec4/s 4;
    %store/vec4a v00000114dbbf4000, 4, 0;
    %pushi/vec4 0, 0, 256;
    %load/vec4 v00000114dbbf4500_0;
    %muli 16, 0, 32;
    %part/s 16;
    %pushi/vec4 224, 0, 32;
    %load/vec4 v00000114dbbf4500_0;
    %add;
    %ix/vec4/s 4;
    %store/vec4a v00000114dbbf4000, 4, 0;
    %pushi/vec4 0, 0, 256;
    %load/vec4 v00000114dbbf4500_0;
    %muli 16, 0, 32;
    %part/s 16;
    %pushi/vec4 240, 0, 32;
    %load/vec4 v00000114dbbf4500_0;
    %add;
    %ix/vec4/s 4;
    %store/vec4a v00000114dbbf4000, 4, 0;
T_84.2 ; for-loop step statement
    %load/vec4 v00000114dbbf4500_0;
    %addi 1, 0, 32;
    %store/vec4 v00000114dbbf4500_0, 0, 32;
    %jmp T_84.0;
T_84.1 ; for-loop exit label
    %end;
    .thread T_84;
    .scope S_00000114dbb83270;
T_85 ;
    %wait E_00000114dbb63750;
    %load/vec4 v00000114dbbf3f60_0;
    %flag_set/vec4 9;
    %flag_get/vec4 9;
    %jmp/0 T_85.2, 9;
    %load/vec4 v00000114dbbf3740_0;
    %and;
T_85.2;
    %flag_set/vec4 8;
    %jmp/0xz  T_85.0, 8;
    %load/vec4 v00000114dbbf2840_0;
    %parti/s 1, 0, 2;
    %nor/r;
    %flag_set/vec4 8;
    %jmp/0xz  T_85.3, 8;
    %load/vec4 v00000114dbbf3ec0_0;
    %parti/s 1, 0, 2;
    %load/vec4 v00000114dbbf2e80_0;
    %parti/s 8, 0, 2;
    %pad/u 10;
    %ix/vec4 3;
    %ix/load 4, 0, 0; Constant delay
    %assign/vec4/a/d v00000114dbbf4000, 0, 4;
T_85.3 ;
    %load/vec4 v00000114dbbf2840_0;
    %parti/s 1, 1, 2;
    %nor/r;
    %flag_set/vec4 8;
    %jmp/0xz  T_85.5, 8;
    %load/vec4 v00000114dbbf3ec0_0;
    %parti/s 1, 1, 2;
    %load/vec4 v00000114dbbf2e80_0;
    %parti/s 8, 0, 2;
    %pad/u 10;
    %ix/vec4 3;
    %ix/load 4, 1, 0; part off
    %ix/load 5, 0, 0; Constant delay
    %assign/vec4/a/d v00000114dbbf4000, 4, 5;
T_85.5 ;
    %load/vec4 v00000114dbbf2840_0;
    %parti/s 1, 2, 3;
    %nor/r;
    %flag_set/vec4 8;
    %jmp/0xz  T_85.7, 8;
    %load/vec4 v00000114dbbf3ec0_0;
    %parti/s 1, 2, 3;
    %load/vec4 v00000114dbbf2e80_0;
    %parti/s 8, 0, 2;
    %pad/u 10;
    %ix/vec4 3;
    %ix/load 4, 2, 0; part off
    %ix/load 5, 0, 0; Constant delay
    %assign/vec4/a/d v00000114dbbf4000, 4, 5;
T_85.7 ;
    %load/vec4 v00000114dbbf2840_0;
    %parti/s 1, 3, 3;
    %nor/r;
    %flag_set/vec4 8;
    %jmp/0xz  T_85.9, 8;
    %load/vec4 v00000114dbbf3ec0_0;
    %parti/s 1, 3, 3;
    %load/vec4 v00000114dbbf2e80_0;
    %parti/s 8, 0, 2;
    %pad/u 10;
    %ix/vec4 3;
    %ix/load 4, 3, 0; part off
    %ix/load 5, 0, 0; Constant delay
    %assign/vec4/a/d v00000114dbbf4000, 4, 5;
T_85.9 ;
    %load/vec4 v00000114dbbf2840_0;
    %parti/s 1, 4, 4;
    %nor/r;
    %flag_set/vec4 8;
    %jmp/0xz  T_85.11, 8;
    %load/vec4 v00000114dbbf3ec0_0;
    %parti/s 1, 4, 4;
    %load/vec4 v00000114dbbf2e80_0;
    %parti/s 8, 0, 2;
    %pad/u 10;
    %ix/vec4 3;
    %ix/load 4, 4, 0; part off
    %ix/load 5, 0, 0; Constant delay
    %assign/vec4/a/d v00000114dbbf4000, 4, 5;
T_85.11 ;
    %load/vec4 v00000114dbbf2840_0;
    %parti/s 1, 5, 4;
    %nor/r;
    %flag_set/vec4 8;
    %jmp/0xz  T_85.13, 8;
    %load/vec4 v00000114dbbf3ec0_0;
    %parti/s 1, 5, 4;
    %load/vec4 v00000114dbbf2e80_0;
    %parti/s 8, 0, 2;
    %pad/u 10;
    %ix/vec4 3;
    %ix/load 4, 5, 0; part off
    %ix/load 5, 0, 0; Constant delay
    %assign/vec4/a/d v00000114dbbf4000, 4, 5;
T_85.13 ;
    %load/vec4 v00000114dbbf2840_0;
    %parti/s 1, 6, 4;
    %nor/r;
    %flag_set/vec4 8;
    %jmp/0xz  T_85.15, 8;
    %load/vec4 v00000114dbbf3ec0_0;
    %parti/s 1, 6, 4;
    %load/vec4 v00000114dbbf2e80_0;
    %parti/s 8, 0, 2;
    %pad/u 10;
    %ix/vec4 3;
    %ix/load 4, 6, 0; part off
    %ix/load 5, 0, 0; Constant delay
    %assign/vec4/a/d v00000114dbbf4000, 4, 5;
T_85.15 ;
    %load/vec4 v00000114dbbf2840_0;
    %parti/s 1, 7, 4;
    %nor/r;
    %flag_set/vec4 8;
    %jmp/0xz  T_85.17, 8;
    %load/vec4 v00000114dbbf3ec0_0;
    %parti/s 1, 7, 4;
    %load/vec4 v00000114dbbf2e80_0;
    %parti/s 8, 0, 2;
    %pad/u 10;
    %ix/vec4 3;
    %ix/load 4, 7, 0; part off
    %ix/load 5, 0, 0; Constant delay
    %assign/vec4/a/d v00000114dbbf4000, 4, 5;
T_85.17 ;
    %load/vec4 v00000114dbbf2840_0;
    %parti/s 1, 8, 5;
    %nor/r;
    %flag_set/vec4 8;
    %jmp/0xz  T_85.19, 8;
    %load/vec4 v00000114dbbf3ec0_0;
    %parti/s 1, 8, 5;
    %load/vec4 v00000114dbbf2e80_0;
    %parti/s 8, 0, 2;
    %pad/u 10;
    %ix/vec4 3;
    %ix/load 4, 8, 0; part off
    %ix/load 5, 0, 0; Constant delay
    %assign/vec4/a/d v00000114dbbf4000, 4, 5;
T_85.19 ;
    %load/vec4 v00000114dbbf2840_0;
    %parti/s 1, 9, 5;
    %nor/r;
    %flag_set/vec4 8;
    %jmp/0xz  T_85.21, 8;
    %load/vec4 v00000114dbbf3ec0_0;
    %parti/s 1, 9, 5;
    %load/vec4 v00000114dbbf2e80_0;
    %parti/s 8, 0, 2;
    %pad/u 10;
    %ix/vec4 3;
    %ix/load 4, 9, 0; part off
    %ix/load 5, 0, 0; Constant delay
    %assign/vec4/a/d v00000114dbbf4000, 4, 5;
T_85.21 ;
    %load/vec4 v00000114dbbf2840_0;
    %parti/s 1, 10, 5;
    %nor/r;
    %flag_set/vec4 8;
    %jmp/0xz  T_85.23, 8;
    %load/vec4 v00000114dbbf3ec0_0;
    %parti/s 1, 10, 5;
    %load/vec4 v00000114dbbf2e80_0;
    %parti/s 8, 0, 2;
    %pad/u 10;
    %ix/vec4 3;
    %ix/load 4, 10, 0; part off
    %ix/load 5, 0, 0; Constant delay
    %assign/vec4/a/d v00000114dbbf4000, 4, 5;
T_85.23 ;
    %load/vec4 v00000114dbbf2840_0;
    %parti/s 1, 11, 5;
    %nor/r;
    %flag_set/vec4 8;
    %jmp/0xz  T_85.25, 8;
    %load/vec4 v00000114dbbf3ec0_0;
    %parti/s 1, 11, 5;
    %load/vec4 v00000114dbbf2e80_0;
    %parti/s 8, 0, 2;
    %pad/u 10;
    %ix/vec4 3;
    %ix/load 4, 11, 0; part off
    %ix/load 5, 0, 0; Constant delay
    %assign/vec4/a/d v00000114dbbf4000, 4, 5;
T_85.25 ;
    %load/vec4 v00000114dbbf2840_0;
    %parti/s 1, 12, 5;
    %nor/r;
    %flag_set/vec4 8;
    %jmp/0xz  T_85.27, 8;
    %load/vec4 v00000114dbbf3ec0_0;
    %parti/s 1, 12, 5;
    %load/vec4 v00000114dbbf2e80_0;
    %parti/s 8, 0, 2;
    %pad/u 10;
    %ix/vec4 3;
    %ix/load 4, 12, 0; part off
    %ix/load 5, 0, 0; Constant delay
    %assign/vec4/a/d v00000114dbbf4000, 4, 5;
T_85.27 ;
    %load/vec4 v00000114dbbf2840_0;
    %parti/s 1, 13, 5;
    %nor/r;
    %flag_set/vec4 8;
    %jmp/0xz  T_85.29, 8;
    %load/vec4 v00000114dbbf3ec0_0;
    %parti/s 1, 13, 5;
    %load/vec4 v00000114dbbf2e80_0;
    %parti/s 8, 0, 2;
    %pad/u 10;
    %ix/vec4 3;
    %ix/load 4, 13, 0; part off
    %ix/load 5, 0, 0; Constant delay
    %assign/vec4/a/d v00000114dbbf4000, 4, 5;
T_85.29 ;
    %load/vec4 v00000114dbbf2840_0;
    %parti/s 1, 14, 5;
    %nor/r;
    %flag_set/vec4 8;
    %jmp/0xz  T_85.31, 8;
    %load/vec4 v00000114dbbf3ec0_0;
    %parti/s 1, 14, 5;
    %load/vec4 v00000114dbbf2e80_0;
    %parti/s 8, 0, 2;
    %pad/u 10;
    %ix/vec4 3;
    %ix/load 4, 14, 0; part off
    %ix/load 5, 0, 0; Constant delay
    %assign/vec4/a/d v00000114dbbf4000, 4, 5;
T_85.31 ;
    %load/vec4 v00000114dbbf2840_0;
    %parti/s 1, 15, 5;
    %nor/r;
    %flag_set/vec4 8;
    %jmp/0xz  T_85.33, 8;
    %load/vec4 v00000114dbbf3ec0_0;
    %parti/s 1, 15, 5;
    %load/vec4 v00000114dbbf2e80_0;
    %parti/s 8, 0, 2;
    %pad/u 10;
    %ix/vec4 3;
    %ix/load 4, 15, 0; part off
    %ix/load 5, 0, 0; Constant delay
    %assign/vec4/a/d v00000114dbbf4000, 4, 5;
T_85.33 ;
T_85.0 ;
    %jmp T_85;
    .thread T_85;
    .scope S_00000114dbb83270;
T_86 ;
    %wait E_00000114dbb63ad0;
    %load/vec4 v00000114dbbf3ce0_0;
    %flag_set/vec4 9;
    %flag_get/vec4 9;
    %jmp/0 T_86.2, 9;
    %load/vec4 v00000114dbbf3c40_0;
    %and;
T_86.2;
    %flag_set/vec4 8;
    %jmp/0xz  T_86.0, 8;
    %load/vec4 v00000114dbbf3ba0_0;
    %parti/s 8, 0, 2;
    %pad/u 10;
    %ix/vec4 4;
    %load/vec4a v00000114dbbf4000, 4;
    %load/vec4 v00000114dbbf3d80_0;
    %inv;
    %and;
    %assign/vec4 v00000114dbbf2de0_0, 0;
T_86.0 ;
    %jmp T_86;
    .thread T_86;
    .scope S_00000114dbc010d0;
T_87 ;
    %pushi/vec4 0, 0, 32;
    %store/vec4 v00000114dbbf4b40_0, 0, 32;
T_87.0 ; Top of for-loop
    %load/vec4 v00000114dbbf4b40_0;
    %cmpi/s 16, 0, 32;
	  %jmp/0xz T_87.1, 5;
    %pushi/vec4 0, 0, 256;
    %load/vec4 v00000114dbbf4b40_0;
    %muli 16, 0, 32;
    %part/s 16;
    %pushi/vec4 0, 0, 32;
    %load/vec4 v00000114dbbf4b40_0;
    %add;
    %ix/vec4/s 4;
    %store/vec4a v00000114dbbf4dc0, 4, 0;
    %pushi/vec4 0, 0, 256;
    %load/vec4 v00000114dbbf4b40_0;
    %muli 16, 0, 32;
    %part/s 16;
    %pushi/vec4 16, 0, 32;
    %load/vec4 v00000114dbbf4b40_0;
    %add;
    %ix/vec4/s 4;
    %store/vec4a v00000114dbbf4dc0, 4, 0;
    %pushi/vec4 0, 0, 256;
    %load/vec4 v00000114dbbf4b40_0;
    %muli 16, 0, 32;
    %part/s 16;
    %pushi/vec4 32, 0, 32;
    %load/vec4 v00000114dbbf4b40_0;
    %add;
    %ix/vec4/s 4;
    %store/vec4a v00000114dbbf4dc0, 4, 0;
    %pushi/vec4 0, 0, 256;
    %load/vec4 v00000114dbbf4b40_0;
    %muli 16, 0, 32;
    %part/s 16;
    %pushi/vec4 48, 0, 32;
    %load/vec4 v00000114dbbf4b40_0;
    %add;
    %ix/vec4/s 4;
    %store/vec4a v00000114dbbf4dc0, 4, 0;
    %pushi/vec4 0, 0, 256;
    %load/vec4 v00000114dbbf4b40_0;
    %muli 16, 0, 32;
    %part/s 16;
    %pushi/vec4 64, 0, 32;
    %load/vec4 v00000114dbbf4b40_0;
    %add;
    %ix/vec4/s 4;
    %store/vec4a v00000114dbbf4dc0, 4, 0;
    %pushi/vec4 0, 0, 256;
    %load/vec4 v00000114dbbf4b40_0;
    %muli 16, 0, 32;
    %part/s 16;
    %pushi/vec4 80, 0, 32;
    %load/vec4 v00000114dbbf4b40_0;
    %add;
    %ix/vec4/s 4;
    %store/vec4a v00000114dbbf4dc0, 4, 0;
    %pushi/vec4 0, 0, 256;
    %load/vec4 v00000114dbbf4b40_0;
    %muli 16, 0, 32;
    %part/s 16;
    %pushi/vec4 96, 0, 32;
    %load/vec4 v00000114dbbf4b40_0;
    %add;
    %ix/vec4/s 4;
    %store/vec4a v00000114dbbf4dc0, 4, 0;
    %pushi/vec4 0, 0, 256;
    %load/vec4 v00000114dbbf4b40_0;
    %muli 16, 0, 32;
    %part/s 16;
    %pushi/vec4 112, 0, 32;
    %load/vec4 v00000114dbbf4b40_0;
    %add;
    %ix/vec4/s 4;
    %store/vec4a v00000114dbbf4dc0, 4, 0;
    %pushi/vec4 0, 0, 256;
    %load/vec4 v00000114dbbf4b40_0;
    %muli 16, 0, 32;
    %part/s 16;
    %pushi/vec4 128, 0, 32;
    %load/vec4 v00000114dbbf4b40_0;
    %add;
    %ix/vec4/s 4;
    %store/vec4a v00000114dbbf4dc0, 4, 0;
    %pushi/vec4 0, 0, 256;
    %load/vec4 v00000114dbbf4b40_0;
    %muli 16, 0, 32;
    %part/s 16;
    %pushi/vec4 144, 0, 32;
    %load/vec4 v00000114dbbf4b40_0;
    %add;
    %ix/vec4/s 4;
    %store/vec4a v00000114dbbf4dc0, 4, 0;
    %pushi/vec4 0, 0, 256;
    %load/vec4 v00000114dbbf4b40_0;
    %muli 16, 0, 32;
    %part/s 16;
    %pushi/vec4 160, 0, 32;
    %load/vec4 v00000114dbbf4b40_0;
    %add;
    %ix/vec4/s 4;
    %store/vec4a v00000114dbbf4dc0, 4, 0;
    %pushi/vec4 0, 0, 256;
    %load/vec4 v00000114dbbf4b40_0;
    %muli 16, 0, 32;
    %part/s 16;
    %pushi/vec4 176, 0, 32;
    %load/vec4 v00000114dbbf4b40_0;
    %add;
    %ix/vec4/s 4;
    %store/vec4a v00000114dbbf4dc0, 4, 0;
    %pushi/vec4 0, 0, 256;
    %load/vec4 v00000114dbbf4b40_0;
    %muli 16, 0, 32;
    %part/s 16;
    %pushi/vec4 192, 0, 32;
    %load/vec4 v00000114dbbf4b40_0;
    %add;
    %ix/vec4/s 4;
    %store/vec4a v00000114dbbf4dc0, 4, 0;
    %pushi/vec4 0, 0, 256;
    %load/vec4 v00000114dbbf4b40_0;
    %muli 16, 0, 32;
    %part/s 16;
    %pushi/vec4 208, 0, 32;
    %load/vec4 v00000114dbbf4b40_0;
    %add;
    %ix/vec4/s 4;
    %store/vec4a v00000114dbbf4dc0, 4, 0;
    %pushi/vec4 0, 0, 256;
    %load/vec4 v00000114dbbf4b40_0;
    %muli 16, 0, 32;
    %part/s 16;
    %pushi/vec4 224, 0, 32;
    %load/vec4 v00000114dbbf4b40_0;
    %add;
    %ix/vec4/s 4;
    %store/vec4a v00000114dbbf4dc0, 4, 0;
    %pushi/vec4 0, 0, 256;
    %load/vec4 v00000114dbbf4b40_0;
    %muli 16, 0, 32;
    %part/s 16;
    %pushi/vec4 240, 0, 32;
    %load/vec4 v00000114dbbf4b40_0;
    %add;
    %ix/vec4/s 4;
    %store/vec4a v00000114dbbf4dc0, 4, 0;
T_87.2 ; for-loop step statement
    %load/vec4 v00000114dbbf4b40_0;
    %addi 1, 0, 32;
    %store/vec4 v00000114dbbf4b40_0, 0, 32;
    %jmp T_87.0;
T_87.1 ; for-loop exit label
    %end;
    .thread T_87;
    .scope S_00000114dbc010d0;
T_88 ;
    %wait E_00000114dbb63710;
    %load/vec4 v00000114dbbf36a0_0;
    %flag_set/vec4 9;
    %flag_get/vec4 9;
    %jmp/0 T_88.2, 9;
    %load/vec4 v00000114dbbf32e0_0;
    %and;
T_88.2;
    %flag_set/vec4 8;
    %jmp/0xz  T_88.0, 8;
    %load/vec4 v00000114dbbf4820_0;
    %parti/s 1, 0, 2;
    %nor/r;
    %flag_set/vec4 8;
    %jmp/0xz  T_88.3, 8;
    %load/vec4 v00000114dbbf3560_0;
    %parti/s 1, 0, 2;
    %load/vec4 v00000114dbbf3100_0;
    %parti/s 8, 0, 2;
    %pad/u 10;
    %ix/vec4 3;
    %ix/load 4, 0, 0; Constant delay
    %assign/vec4/a/d v00000114dbbf4dc0, 0, 4;
T_88.3 ;
    %load/vec4 v00000114dbbf4820_0;
    %parti/s 1, 1, 2;
    %nor/r;
    %flag_set/vec4 8;
    %jmp/0xz  T_88.5, 8;
    %load/vec4 v00000114dbbf3560_0;
    %parti/s 1, 1, 2;
    %load/vec4 v00000114dbbf3100_0;
    %parti/s 8, 0, 2;
    %pad/u 10;
    %ix/vec4 3;
    %ix/load 4, 1, 0; part off
    %ix/load 5, 0, 0; Constant delay
    %assign/vec4/a/d v00000114dbbf4dc0, 4, 5;
T_88.5 ;
    %load/vec4 v00000114dbbf4820_0;
    %parti/s 1, 2, 3;
    %nor/r;
    %flag_set/vec4 8;
    %jmp/0xz  T_88.7, 8;
    %load/vec4 v00000114dbbf3560_0;
    %parti/s 1, 2, 3;
    %load/vec4 v00000114dbbf3100_0;
    %parti/s 8, 0, 2;
    %pad/u 10;
    %ix/vec4 3;
    %ix/load 4, 2, 0; part off
    %ix/load 5, 0, 0; Constant delay
    %assign/vec4/a/d v00000114dbbf4dc0, 4, 5;
T_88.7 ;
    %load/vec4 v00000114dbbf4820_0;
    %parti/s 1, 3, 3;
    %nor/r;
    %flag_set/vec4 8;
    %jmp/0xz  T_88.9, 8;
    %load/vec4 v00000114dbbf3560_0;
    %parti/s 1, 3, 3;
    %load/vec4 v00000114dbbf3100_0;
    %parti/s 8, 0, 2;
    %pad/u 10;
    %ix/vec4 3;
    %ix/load 4, 3, 0; part off
    %ix/load 5, 0, 0; Constant delay
    %assign/vec4/a/d v00000114dbbf4dc0, 4, 5;
T_88.9 ;
    %load/vec4 v00000114dbbf4820_0;
    %parti/s 1, 4, 4;
    %nor/r;
    %flag_set/vec4 8;
    %jmp/0xz  T_88.11, 8;
    %load/vec4 v00000114dbbf3560_0;
    %parti/s 1, 4, 4;
    %load/vec4 v00000114dbbf3100_0;
    %parti/s 8, 0, 2;
    %pad/u 10;
    %ix/vec4 3;
    %ix/load 4, 4, 0; part off
    %ix/load 5, 0, 0; Constant delay
    %assign/vec4/a/d v00000114dbbf4dc0, 4, 5;
T_88.11 ;
    %load/vec4 v00000114dbbf4820_0;
    %parti/s 1, 5, 4;
    %nor/r;
    %flag_set/vec4 8;
    %jmp/0xz  T_88.13, 8;
    %load/vec4 v00000114dbbf3560_0;
    %parti/s 1, 5, 4;
    %load/vec4 v00000114dbbf3100_0;
    %parti/s 8, 0, 2;
    %pad/u 10;
    %ix/vec4 3;
    %ix/load 4, 5, 0; part off
    %ix/load 5, 0, 0; Constant delay
    %assign/vec4/a/d v00000114dbbf4dc0, 4, 5;
T_88.13 ;
    %load/vec4 v00000114dbbf4820_0;
    %parti/s 1, 6, 4;
    %nor/r;
    %flag_set/vec4 8;
    %jmp/0xz  T_88.15, 8;
    %load/vec4 v00000114dbbf3560_0;
    %parti/s 1, 6, 4;
    %load/vec4 v00000114dbbf3100_0;
    %parti/s 8, 0, 2;
    %pad/u 10;
    %ix/vec4 3;
    %ix/load 4, 6, 0; part off
    %ix/load 5, 0, 0; Constant delay
    %assign/vec4/a/d v00000114dbbf4dc0, 4, 5;
T_88.15 ;
    %load/vec4 v00000114dbbf4820_0;
    %parti/s 1, 7, 4;
    %nor/r;
    %flag_set/vec4 8;
    %jmp/0xz  T_88.17, 8;
    %load/vec4 v00000114dbbf3560_0;
    %parti/s 1, 7, 4;
    %load/vec4 v00000114dbbf3100_0;
    %parti/s 8, 0, 2;
    %pad/u 10;
    %ix/vec4 3;
    %ix/load 4, 7, 0; part off
    %ix/load 5, 0, 0; Constant delay
    %assign/vec4/a/d v00000114dbbf4dc0, 4, 5;
T_88.17 ;
    %load/vec4 v00000114dbbf4820_0;
    %parti/s 1, 8, 5;
    %nor/r;
    %flag_set/vec4 8;
    %jmp/0xz  T_88.19, 8;
    %load/vec4 v00000114dbbf3560_0;
    %parti/s 1, 8, 5;
    %load/vec4 v00000114dbbf3100_0;
    %parti/s 8, 0, 2;
    %pad/u 10;
    %ix/vec4 3;
    %ix/load 4, 8, 0; part off
    %ix/load 5, 0, 0; Constant delay
    %assign/vec4/a/d v00000114dbbf4dc0, 4, 5;
T_88.19 ;
    %load/vec4 v00000114dbbf4820_0;
    %parti/s 1, 9, 5;
    %nor/r;
    %flag_set/vec4 8;
    %jmp/0xz  T_88.21, 8;
    %load/vec4 v00000114dbbf3560_0;
    %parti/s 1, 9, 5;
    %load/vec4 v00000114dbbf3100_0;
    %parti/s 8, 0, 2;
    %pad/u 10;
    %ix/vec4 3;
    %ix/load 4, 9, 0; part off
    %ix/load 5, 0, 0; Constant delay
    %assign/vec4/a/d v00000114dbbf4dc0, 4, 5;
T_88.21 ;
    %load/vec4 v00000114dbbf4820_0;
    %parti/s 1, 10, 5;
    %nor/r;
    %flag_set/vec4 8;
    %jmp/0xz  T_88.23, 8;
    %load/vec4 v00000114dbbf3560_0;
    %parti/s 1, 10, 5;
    %load/vec4 v00000114dbbf3100_0;
    %parti/s 8, 0, 2;
    %pad/u 10;
    %ix/vec4 3;
    %ix/load 4, 10, 0; part off
    %ix/load 5, 0, 0; Constant delay
    %assign/vec4/a/d v00000114dbbf4dc0, 4, 5;
T_88.23 ;
    %load/vec4 v00000114dbbf4820_0;
    %parti/s 1, 11, 5;
    %nor/r;
    %flag_set/vec4 8;
    %jmp/0xz  T_88.25, 8;
    %load/vec4 v00000114dbbf3560_0;
    %parti/s 1, 11, 5;
    %load/vec4 v00000114dbbf3100_0;
    %parti/s 8, 0, 2;
    %pad/u 10;
    %ix/vec4 3;
    %ix/load 4, 11, 0; part off
    %ix/load 5, 0, 0; Constant delay
    %assign/vec4/a/d v00000114dbbf4dc0, 4, 5;
T_88.25 ;
    %load/vec4 v00000114dbbf4820_0;
    %parti/s 1, 12, 5;
    %nor/r;
    %flag_set/vec4 8;
    %jmp/0xz  T_88.27, 8;
    %load/vec4 v00000114dbbf3560_0;
    %parti/s 1, 12, 5;
    %load/vec4 v00000114dbbf3100_0;
    %parti/s 8, 0, 2;
    %pad/u 10;
    %ix/vec4 3;
    %ix/load 4, 12, 0; part off
    %ix/load 5, 0, 0; Constant delay
    %assign/vec4/a/d v00000114dbbf4dc0, 4, 5;
T_88.27 ;
    %load/vec4 v00000114dbbf4820_0;
    %parti/s 1, 13, 5;
    %nor/r;
    %flag_set/vec4 8;
    %jmp/0xz  T_88.29, 8;
    %load/vec4 v00000114dbbf3560_0;
    %parti/s 1, 13, 5;
    %load/vec4 v00000114dbbf3100_0;
    %parti/s 8, 0, 2;
    %pad/u 10;
    %ix/vec4 3;
    %ix/load 4, 13, 0; part off
    %ix/load 5, 0, 0; Constant delay
    %assign/vec4/a/d v00000114dbbf4dc0, 4, 5;
T_88.29 ;
    %load/vec4 v00000114dbbf4820_0;
    %parti/s 1, 14, 5;
    %nor/r;
    %flag_set/vec4 8;
    %jmp/0xz  T_88.31, 8;
    %load/vec4 v00000114dbbf3560_0;
    %parti/s 1, 14, 5;
    %load/vec4 v00000114dbbf3100_0;
    %parti/s 8, 0, 2;
    %pad/u 10;
    %ix/vec4 3;
    %ix/load 4, 14, 0; part off
    %ix/load 5, 0, 0; Constant delay
    %assign/vec4/a/d v00000114dbbf4dc0, 4, 5;
T_88.31 ;
    %load/vec4 v00000114dbbf4820_0;
    %parti/s 1, 15, 5;
    %nor/r;
    %flag_set/vec4 8;
    %jmp/0xz  T_88.33, 8;
    %load/vec4 v00000114dbbf3560_0;
    %parti/s 1, 15, 5;
    %load/vec4 v00000114dbbf3100_0;
    %parti/s 8, 0, 2;
    %pad/u 10;
    %ix/vec4 3;
    %ix/load 4, 15, 0; part off
    %ix/load 5, 0, 0; Constant delay
    %assign/vec4/a/d v00000114dbbf4dc0, 4, 5;
T_88.33 ;
T_88.0 ;
    %jmp T_88;
    .thread T_88;
    .scope S_00000114dbc010d0;
T_89 ;
    %wait E_00000114dbb63790;
    %load/vec4 v00000114dbbf43c0_0;
    %flag_set/vec4 9;
    %flag_get/vec4 9;
    %jmp/0 T_89.2, 9;
    %load/vec4 v00000114dbbf2ac0_0;
    %and;
T_89.2;
    %flag_set/vec4 8;
    %jmp/0xz  T_89.0, 8;
    %load/vec4 v00000114dbbf4280_0;
    %parti/s 8, 0, 2;
    %pad/u 10;
    %ix/vec4 4;
    %load/vec4a v00000114dbbf4dc0, 4;
    %load/vec4 v00000114dbbf4780_0;
    %inv;
    %and;
    %assign/vec4 v00000114dbbf46e0_0, 0;
T_89.0 ;
    %jmp T_89;
    .thread T_89;
    .scope S_00000114dbc00770;
T_90 ;
    %pushi/vec4 0, 0, 32;
    %store/vec4 v00000114dbc070d0_0, 0, 32;
T_90.0 ; Top of for-loop
    %load/vec4 v00000114dbc070d0_0;
    %cmpi/s 16, 0, 32;
	  %jmp/0xz T_90.1, 5;
    %pushi/vec4 0, 0, 256;
    %load/vec4 v00000114dbc070d0_0;
    %muli 16, 0, 32;
    %part/s 16;
    %pushi/vec4 0, 0, 32;
    %load/vec4 v00000114dbc070d0_0;
    %add;
    %ix/vec4/s 4;
    %store/vec4a v00000114dbc08c50, 4, 0;
    %pushi/vec4 0, 0, 256;
    %load/vec4 v00000114dbc070d0_0;
    %muli 16, 0, 32;
    %part/s 16;
    %pushi/vec4 16, 0, 32;
    %load/vec4 v00000114dbc070d0_0;
    %add;
    %ix/vec4/s 4;
    %store/vec4a v00000114dbc08c50, 4, 0;
    %pushi/vec4 0, 0, 256;
    %load/vec4 v00000114dbc070d0_0;
    %muli 16, 0, 32;
    %part/s 16;
    %pushi/vec4 32, 0, 32;
    %load/vec4 v00000114dbc070d0_0;
    %add;
    %ix/vec4/s 4;
    %store/vec4a v00000114dbc08c50, 4, 0;
    %pushi/vec4 0, 0, 256;
    %load/vec4 v00000114dbc070d0_0;
    %muli 16, 0, 32;
    %part/s 16;
    %pushi/vec4 48, 0, 32;
    %load/vec4 v00000114dbc070d0_0;
    %add;
    %ix/vec4/s 4;
    %store/vec4a v00000114dbc08c50, 4, 0;
    %pushi/vec4 0, 0, 256;
    %load/vec4 v00000114dbc070d0_0;
    %muli 16, 0, 32;
    %part/s 16;
    %pushi/vec4 64, 0, 32;
    %load/vec4 v00000114dbc070d0_0;
    %add;
    %ix/vec4/s 4;
    %store/vec4a v00000114dbc08c50, 4, 0;
    %pushi/vec4 0, 0, 256;
    %load/vec4 v00000114dbc070d0_0;
    %muli 16, 0, 32;
    %part/s 16;
    %pushi/vec4 80, 0, 32;
    %load/vec4 v00000114dbc070d0_0;
    %add;
    %ix/vec4/s 4;
    %store/vec4a v00000114dbc08c50, 4, 0;
    %pushi/vec4 0, 0, 256;
    %load/vec4 v00000114dbc070d0_0;
    %muli 16, 0, 32;
    %part/s 16;
    %pushi/vec4 96, 0, 32;
    %load/vec4 v00000114dbc070d0_0;
    %add;
    %ix/vec4/s 4;
    %store/vec4a v00000114dbc08c50, 4, 0;
    %pushi/vec4 0, 0, 256;
    %load/vec4 v00000114dbc070d0_0;
    %muli 16, 0, 32;
    %part/s 16;
    %pushi/vec4 112, 0, 32;
    %load/vec4 v00000114dbc070d0_0;
    %add;
    %ix/vec4/s 4;
    %store/vec4a v00000114dbc08c50, 4, 0;
    %pushi/vec4 0, 0, 256;
    %load/vec4 v00000114dbc070d0_0;
    %muli 16, 0, 32;
    %part/s 16;
    %pushi/vec4 128, 0, 32;
    %load/vec4 v00000114dbc070d0_0;
    %add;
    %ix/vec4/s 4;
    %store/vec4a v00000114dbc08c50, 4, 0;
    %pushi/vec4 0, 0, 256;
    %load/vec4 v00000114dbc070d0_0;
    %muli 16, 0, 32;
    %part/s 16;
    %pushi/vec4 144, 0, 32;
    %load/vec4 v00000114dbc070d0_0;
    %add;
    %ix/vec4/s 4;
    %store/vec4a v00000114dbc08c50, 4, 0;
    %pushi/vec4 0, 0, 256;
    %load/vec4 v00000114dbc070d0_0;
    %muli 16, 0, 32;
    %part/s 16;
    %pushi/vec4 160, 0, 32;
    %load/vec4 v00000114dbc070d0_0;
    %add;
    %ix/vec4/s 4;
    %store/vec4a v00000114dbc08c50, 4, 0;
    %pushi/vec4 0, 0, 256;
    %load/vec4 v00000114dbc070d0_0;
    %muli 16, 0, 32;
    %part/s 16;
    %pushi/vec4 176, 0, 32;
    %load/vec4 v00000114dbc070d0_0;
    %add;
    %ix/vec4/s 4;
    %store/vec4a v00000114dbc08c50, 4, 0;
    %pushi/vec4 0, 0, 256;
    %load/vec4 v00000114dbc070d0_0;
    %muli 16, 0, 32;
    %part/s 16;
    %pushi/vec4 192, 0, 32;
    %load/vec4 v00000114dbc070d0_0;
    %add;
    %ix/vec4/s 4;
    %store/vec4a v00000114dbc08c50, 4, 0;
    %pushi/vec4 0, 0, 256;
    %load/vec4 v00000114dbc070d0_0;
    %muli 16, 0, 32;
    %part/s 16;
    %pushi/vec4 208, 0, 32;
    %load/vec4 v00000114dbc070d0_0;
    %add;
    %ix/vec4/s 4;
    %store/vec4a v00000114dbc08c50, 4, 0;
    %pushi/vec4 0, 0, 256;
    %load/vec4 v00000114dbc070d0_0;
    %muli 16, 0, 32;
    %part/s 16;
    %pushi/vec4 224, 0, 32;
    %load/vec4 v00000114dbc070d0_0;
    %add;
    %ix/vec4/s 4;
    %store/vec4a v00000114dbc08c50, 4, 0;
    %pushi/vec4 0, 0, 256;
    %load/vec4 v00000114dbc070d0_0;
    %muli 16, 0, 32;
    %part/s 16;
    %pushi/vec4 240, 0, 32;
    %load/vec4 v00000114dbc070d0_0;
    %add;
    %ix/vec4/s 4;
    %store/vec4a v00000114dbc08c50, 4, 0;
T_90.2 ; for-loop step statement
    %load/vec4 v00000114dbc070d0_0;
    %addi 1, 0, 32;
    %store/vec4 v00000114dbc070d0_0, 0, 32;
    %jmp T_90.0;
T_90.1 ; for-loop exit label
    %end;
    .thread T_90;
    .scope S_00000114dbc00770;
T_91 ;
    %wait E_00000114dbb630d0;
    %load/vec4 v00000114dbc07210_0;
    %flag_set/vec4 9;
    %flag_get/vec4 9;
    %jmp/0 T_91.2, 9;
    %load/vec4 v00000114dbc09010_0;
    %and;
T_91.2;
    %flag_set/vec4 8;
    %jmp/0xz  T_91.0, 8;
    %load/vec4 v00000114dbc08ed0_0;
    %parti/s 1, 0, 2;
    %nor/r;
    %flag_set/vec4 8;
    %jmp/0xz  T_91.3, 8;
    %load/vec4 v00000114dbc08430_0;
    %parti/s 1, 0, 2;
    %load/vec4 v00000114dbc091f0_0;
    %parti/s 8, 0, 2;
    %pad/u 10;
    %ix/vec4 3;
    %ix/load 4, 0, 0; Constant delay
    %assign/vec4/a/d v00000114dbc08c50, 0, 4;
T_91.3 ;
    %load/vec4 v00000114dbc08ed0_0;
    %parti/s 1, 1, 2;
    %nor/r;
    %flag_set/vec4 8;
    %jmp/0xz  T_91.5, 8;
    %load/vec4 v00000114dbc08430_0;
    %parti/s 1, 1, 2;
    %load/vec4 v00000114dbc091f0_0;
    %parti/s 8, 0, 2;
    %pad/u 10;
    %ix/vec4 3;
    %ix/load 4, 1, 0; part off
    %ix/load 5, 0, 0; Constant delay
    %assign/vec4/a/d v00000114dbc08c50, 4, 5;
T_91.5 ;
    %load/vec4 v00000114dbc08ed0_0;
    %parti/s 1, 2, 3;
    %nor/r;
    %flag_set/vec4 8;
    %jmp/0xz  T_91.7, 8;
    %load/vec4 v00000114dbc08430_0;
    %parti/s 1, 2, 3;
    %load/vec4 v00000114dbc091f0_0;
    %parti/s 8, 0, 2;
    %pad/u 10;
    %ix/vec4 3;
    %ix/load 4, 2, 0; part off
    %ix/load 5, 0, 0; Constant delay
    %assign/vec4/a/d v00000114dbc08c50, 4, 5;
T_91.7 ;
    %load/vec4 v00000114dbc08ed0_0;
    %parti/s 1, 3, 3;
    %nor/r;
    %flag_set/vec4 8;
    %jmp/0xz  T_91.9, 8;
    %load/vec4 v00000114dbc08430_0;
    %parti/s 1, 3, 3;
    %load/vec4 v00000114dbc091f0_0;
    %parti/s 8, 0, 2;
    %pad/u 10;
    %ix/vec4 3;
    %ix/load 4, 3, 0; part off
    %ix/load 5, 0, 0; Constant delay
    %assign/vec4/a/d v00000114dbc08c50, 4, 5;
T_91.9 ;
    %load/vec4 v00000114dbc08ed0_0;
    %parti/s 1, 4, 4;
    %nor/r;
    %flag_set/vec4 8;
    %jmp/0xz  T_91.11, 8;
    %load/vec4 v00000114dbc08430_0;
    %parti/s 1, 4, 4;
    %load/vec4 v00000114dbc091f0_0;
    %parti/s 8, 0, 2;
    %pad/u 10;
    %ix/vec4 3;
    %ix/load 4, 4, 0; part off
    %ix/load 5, 0, 0; Constant delay
    %assign/vec4/a/d v00000114dbc08c50, 4, 5;
T_91.11 ;
    %load/vec4 v00000114dbc08ed0_0;
    %parti/s 1, 5, 4;
    %nor/r;
    %flag_set/vec4 8;
    %jmp/0xz  T_91.13, 8;
    %load/vec4 v00000114dbc08430_0;
    %parti/s 1, 5, 4;
    %load/vec4 v00000114dbc091f0_0;
    %parti/s 8, 0, 2;
    %pad/u 10;
    %ix/vec4 3;
    %ix/load 4, 5, 0; part off
    %ix/load 5, 0, 0; Constant delay
    %assign/vec4/a/d v00000114dbc08c50, 4, 5;
T_91.13 ;
    %load/vec4 v00000114dbc08ed0_0;
    %parti/s 1, 6, 4;
    %nor/r;
    %flag_set/vec4 8;
    %jmp/0xz  T_91.15, 8;
    %load/vec4 v00000114dbc08430_0;
    %parti/s 1, 6, 4;
    %load/vec4 v00000114dbc091f0_0;
    %parti/s 8, 0, 2;
    %pad/u 10;
    %ix/vec4 3;
    %ix/load 4, 6, 0; part off
    %ix/load 5, 0, 0; Constant delay
    %assign/vec4/a/d v00000114dbc08c50, 4, 5;
T_91.15 ;
    %load/vec4 v00000114dbc08ed0_0;
    %parti/s 1, 7, 4;
    %nor/r;
    %flag_set/vec4 8;
    %jmp/0xz  T_91.17, 8;
    %load/vec4 v00000114dbc08430_0;
    %parti/s 1, 7, 4;
    %load/vec4 v00000114dbc091f0_0;
    %parti/s 8, 0, 2;
    %pad/u 10;
    %ix/vec4 3;
    %ix/load 4, 7, 0; part off
    %ix/load 5, 0, 0; Constant delay
    %assign/vec4/a/d v00000114dbc08c50, 4, 5;
T_91.17 ;
    %load/vec4 v00000114dbc08ed0_0;
    %parti/s 1, 8, 5;
    %nor/r;
    %flag_set/vec4 8;
    %jmp/0xz  T_91.19, 8;
    %load/vec4 v00000114dbc08430_0;
    %parti/s 1, 8, 5;
    %load/vec4 v00000114dbc091f0_0;
    %parti/s 8, 0, 2;
    %pad/u 10;
    %ix/vec4 3;
    %ix/load 4, 8, 0; part off
    %ix/load 5, 0, 0; Constant delay
    %assign/vec4/a/d v00000114dbc08c50, 4, 5;
T_91.19 ;
    %load/vec4 v00000114dbc08ed0_0;
    %parti/s 1, 9, 5;
    %nor/r;
    %flag_set/vec4 8;
    %jmp/0xz  T_91.21, 8;
    %load/vec4 v00000114dbc08430_0;
    %parti/s 1, 9, 5;
    %load/vec4 v00000114dbc091f0_0;
    %parti/s 8, 0, 2;
    %pad/u 10;
    %ix/vec4 3;
    %ix/load 4, 9, 0; part off
    %ix/load 5, 0, 0; Constant delay
    %assign/vec4/a/d v00000114dbc08c50, 4, 5;
T_91.21 ;
    %load/vec4 v00000114dbc08ed0_0;
    %parti/s 1, 10, 5;
    %nor/r;
    %flag_set/vec4 8;
    %jmp/0xz  T_91.23, 8;
    %load/vec4 v00000114dbc08430_0;
    %parti/s 1, 10, 5;
    %load/vec4 v00000114dbc091f0_0;
    %parti/s 8, 0, 2;
    %pad/u 10;
    %ix/vec4 3;
    %ix/load 4, 10, 0; part off
    %ix/load 5, 0, 0; Constant delay
    %assign/vec4/a/d v00000114dbc08c50, 4, 5;
T_91.23 ;
    %load/vec4 v00000114dbc08ed0_0;
    %parti/s 1, 11, 5;
    %nor/r;
    %flag_set/vec4 8;
    %jmp/0xz  T_91.25, 8;
    %load/vec4 v00000114dbc08430_0;
    %parti/s 1, 11, 5;
    %load/vec4 v00000114dbc091f0_0;
    %parti/s 8, 0, 2;
    %pad/u 10;
    %ix/vec4 3;
    %ix/load 4, 11, 0; part off
    %ix/load 5, 0, 0; Constant delay
    %assign/vec4/a/d v00000114dbc08c50, 4, 5;
T_91.25 ;
    %load/vec4 v00000114dbc08ed0_0;
    %parti/s 1, 12, 5;
    %nor/r;
    %flag_set/vec4 8;
    %jmp/0xz  T_91.27, 8;
    %load/vec4 v00000114dbc08430_0;
    %parti/s 1, 12, 5;
    %load/vec4 v00000114dbc091f0_0;
    %parti/s 8, 0, 2;
    %pad/u 10;
    %ix/vec4 3;
    %ix/load 4, 12, 0; part off
    %ix/load 5, 0, 0; Constant delay
    %assign/vec4/a/d v00000114dbc08c50, 4, 5;
T_91.27 ;
    %load/vec4 v00000114dbc08ed0_0;
    %parti/s 1, 13, 5;
    %nor/r;
    %flag_set/vec4 8;
    %jmp/0xz  T_91.29, 8;
    %load/vec4 v00000114dbc08430_0;
    %parti/s 1, 13, 5;
    %load/vec4 v00000114dbc091f0_0;
    %parti/s 8, 0, 2;
    %pad/u 10;
    %ix/vec4 3;
    %ix/load 4, 13, 0; part off
    %ix/load 5, 0, 0; Constant delay
    %assign/vec4/a/d v00000114dbc08c50, 4, 5;
T_91.29 ;
    %load/vec4 v00000114dbc08ed0_0;
    %parti/s 1, 14, 5;
    %nor/r;
    %flag_set/vec4 8;
    %jmp/0xz  T_91.31, 8;
    %load/vec4 v00000114dbc08430_0;
    %parti/s 1, 14, 5;
    %load/vec4 v00000114dbc091f0_0;
    %parti/s 8, 0, 2;
    %pad/u 10;
    %ix/vec4 3;
    %ix/load 4, 14, 0; part off
    %ix/load 5, 0, 0; Constant delay
    %assign/vec4/a/d v00000114dbc08c50, 4, 5;
T_91.31 ;
    %load/vec4 v00000114dbc08ed0_0;
    %parti/s 1, 15, 5;
    %nor/r;
    %flag_set/vec4 8;
    %jmp/0xz  T_91.33, 8;
    %load/vec4 v00000114dbc08430_0;
    %parti/s 1, 15, 5;
    %load/vec4 v00000114dbc091f0_0;
    %parti/s 8, 0, 2;
    %pad/u 10;
    %ix/vec4 3;
    %ix/load 4, 15, 0; part off
    %ix/load 5, 0, 0; Constant delay
    %assign/vec4/a/d v00000114dbc08c50, 4, 5;
T_91.33 ;
T_91.0 ;
    %jmp T_91;
    .thread T_91;
    .scope S_00000114dbc00770;
T_92 ;
    %wait E_00000114dbb63a90;
    %load/vec4 v00000114dbc07530_0;
    %flag_set/vec4 9;
    %flag_get/vec4 9;
    %jmp/0 T_92.2, 9;
    %load/vec4 v00000114dbc095b0_0;
    %and;
T_92.2;
    %flag_set/vec4 8;
    %jmp/0xz  T_92.0, 8;
    %load/vec4 v00000114dbc09830_0;
    %parti/s 8, 0, 2;
    %pad/u 10;
    %ix/vec4 4;
    %load/vec4a v00000114dbc08c50, 4;
    %load/vec4 v00000114dbc07490_0;
    %inv;
    %and;
    %assign/vec4 v00000114dbc07a30_0, 0;
T_92.0 ;
    %jmp T_92;
    .thread T_92;
    .scope S_00000114dbb83400;
T_93 ;
    %wait E_00000114dbb63650;
    %pushi/vec4 0, 0, 32;
    %store/vec4 v00000114dbc046f0_0, 0, 32;
T_93.0 ; Top of for-loop
    %load/vec4 v00000114dbc046f0_0;
    %cmpi/s 16383, 0, 32;
    %flag_or 5, 4;
	  %jmp/0xz T_93.1, 5;
    %pushi/vec4 65535, 65535, 16;
    %ix/getv/s 4, v00000114dbc046f0_0;
    %store/vec4a v00000114dbc03430, 4, 0;
T_93.2 ; for-loop step statement
    %load/vec4 v00000114dbc046f0_0;
    %addi 1, 0, 32;
    %store/vec4 v00000114dbc046f0_0, 0, 32;
    %jmp T_93.0;
T_93.1 ; for-loop exit label
    %jmp T_93;
    .thread T_93;
    .scope S_00000114dbb83400;
T_94 ;
    %wait E_00000114dbb63a10;
    %load/vec4 v00000114dbc02ad0_0;
    %flag_set/vec4 8;
    %jmp/0xz  T_94.0, 8;
    %pushi/vec4 0, 0, 16;
    %assign/vec4 v00000114dbc040b0_0, 0;
    %jmp T_94.1;
T_94.0 ;
    %load/vec4 v00000114dbc02350_0;
    %flag_set/vec4 8;
    %jmp/0xz  T_94.2, 8;
    %pushi/vec4 65535, 65535, 16;
    %assign/vec4 v00000114dbc040b0_0, 0;
    %jmp T_94.3;
T_94.2 ;
    %load/vec4 v00000114dbc03ed0_0;
    %flag_set/vec4 8;
    %jmp/0xz  T_94.4, 8;
    %load/vec4 v00000114dbc027b0_0;
    %nor/r;
    %flag_set/vec4 8;
    %jmp/0xz  T_94.6, 8;
    %load/vec4 v00000114dbc04510_0;
    %pad/u 16;
    %ix/vec4 4;
    %load/vec4a v00000114dbc03430, 4;
    %assign/vec4 v00000114dbc040b0_0, 0;
    %jmp T_94.7;
T_94.6 ;
    %load/vec4 v00000114dbc04330_0;
    %parti/s 1, 0, 2;
    %flag_set/vec4 8;
    %jmp/0xz  T_94.8, 8;
    %load/vec4 v00000114dbc023f0_0;
    %parti/s 4, 0, 2;
    %load/vec4 v00000114dbc04510_0;
    %pad/u 16;
    %ix/vec4 3;
    %ix/load 4, 0, 0; Constant delay
    %assign/vec4/a/d v00000114dbc03430, 0, 4;
T_94.8 ;
    %load/vec4 v00000114dbc04330_0;
    %parti/s 1, 1, 2;
    %flag_set/vec4 8;
    %jmp/0xz  T_94.10, 8;
    %load/vec4 v00000114dbc023f0_0;
    %parti/s 4, 4, 4;
    %load/vec4 v00000114dbc04510_0;
    %pad/u 16;
    %ix/vec4 3;
    %ix/load 4, 4, 0; part off
    %ix/load 5, 0, 0; Constant delay
    %assign/vec4/a/d v00000114dbc03430, 4, 5;
T_94.10 ;
    %load/vec4 v00000114dbc04330_0;
    %parti/s 1, 2, 3;
    %flag_set/vec4 8;
    %jmp/0xz  T_94.12, 8;
    %load/vec4 v00000114dbc023f0_0;
    %parti/s 4, 8, 5;
    %load/vec4 v00000114dbc04510_0;
    %pad/u 16;
    %ix/vec4 3;
    %ix/load 4, 8, 0; part off
    %ix/load 5, 0, 0; Constant delay
    %assign/vec4/a/d v00000114dbc03430, 4, 5;
T_94.12 ;
    %load/vec4 v00000114dbc04330_0;
    %parti/s 1, 3, 3;
    %flag_set/vec4 8;
    %jmp/0xz  T_94.14, 8;
    %load/vec4 v00000114dbc023f0_0;
    %parti/s 4, 12, 5;
    %load/vec4 v00000114dbc04510_0;
    %pad/u 16;
    %ix/vec4 3;
    %ix/load 4, 12, 0; part off
    %ix/load 5, 0, 0; Constant delay
    %assign/vec4/a/d v00000114dbc03430, 4, 5;
T_94.14 ;
    %pushi/vec4 65535, 65535, 16;
    %assign/vec4 v00000114dbc040b0_0, 0;
T_94.7 ;
T_94.4 ;
T_94.3 ;
T_94.1 ;
    %jmp T_94;
    .thread T_94;
    .scope S_00000114dbb81fb0;
T_95 ;
    %vpi_call/w 4 7 "$dumpvars", 32'sb00000000000000000000000000000000, S_00000114dbb81fb0 {0 0 0};
    %pushi/vec4 16909060, 0, 32;
    %store/vec4 v00000114dbc03610_0, 0, 32;
    %delay 10000, 0;
    %vpi_call/w 4 9 "$finish" {0 0 0};
    %end;
    .thread T_95;
# The file index is used to find the file name in the following table.
:file_names 7;
    "N/A";
    "<interactive>";
    "-";
    "C:\Users\beade\.apio\packages\oss-cad-suite\share\yosys\ice40\cells_sim.v";
    "ex8_tb.v";
    "ex8_adder_tree.v";
    "ex8_top.v";
